rep,gamma,alignment,estimator,pair,signed_err,truth,miss_rate
6,0.0,aligned,available,0,0.006970425977572414,0.27222773259607297,0.47334583333333335
6,0.0,aligned,available,1,0.013974140411683067,-0.007710550254790389,0.47334583333333335
6,0.0,aligned,available,2,-0.0250555115400061,0.006299586460653917,0.47334583333333335
6,0.0,aligned,available,3,0.0036102755239019735,-0.4500748747059929,0.47334583333333335
6,0.0,aligned,available,4,0.01072525326182494,-0.3463885993334252,0.47334583333333335
6,0.0,aligned,available,5,-0.02213609702167546,0.2939868701582641,0.47334583333333335
6,0.0,aligned,available,6,0.005196964266491078,-0.6300305985278767,0.47334583333333335
6,0.0,aligned,available,7,0.011302074902844003,0.0024188707300210046,0.47334583333333335
6,0.0,aligned,available,8,0.0018316478072889497,0.8584319888562871,0.47334583333333335
6,0.0,aligned,available,9,0.012584874695520387,0.42424070154738247,0.47334583333333335
6,0.0,aligned,available,10,0.004885195716443136,0.31214035771643545,0.47334583333333335
6,0.0,aligned,available,11,0.004692398583049373,0.5457139513086288,0.47334583333333335
6,0.0,aligned,available,12,-0.009186222755804996,-0.416900711806766,0.47334583333333335
6,0.0,aligned,available,13,-0.00028997024985222275,-0.5842060973188353,0.47334583333333335
6,0.0,aligned,available,14,0.0034035846385528923,0.2791301857780668,0.47334583333333335
6,0.0,aligned,available,15,-0.0014377343891047722,0.48927437789391987,0.47334583333333335
6,0.0,aligned,available,16,-0.0056636462087504835,-0.1636745456919228,0.47334583333333335
6,0.0,aligned,available,17,-0.00012422547990265098,-0.606803817847201,0.47334583333333335
6,0.0,aligned,available,18,0.0006375610973613499,0.3199073423114909,0.47334583333333335
6,0.0,aligned,available,19,0.0018365384485861114,0.896813592907514,0.47334583333333335
6,0.0,aligned,available,20,-0.00024041536338015312,0.951510351497267,0.47334583333333335
6,0.0,aligned,available,21,0.0017141713209822829,-0.7550957346424834,0.47334583333333335
6,0.0,aligned,available,22,-0.0058089234873098805,-0.5619672910641973,0.47334583333333335
6,0.0,aligned,available,23,0.016565651882616383,0.6615228434252185,0.47334583333333335
6,0.0,aligned,available,24,-0.014186410135644367,-0.06392648465133106,0.47334583333333335
6,0.0,aligned,available,25,0.008903045655599292,0.006940534660250246,0.47334583333333335
6,0.0,aligned,available,26,0.008797898537596665,0.014561905047444838,0.47334583333333335
6,0.0,aligned,available,27,-0.002088634097675972,-0.009146487434490277,0.47334583333333335
6,0.0,aligned,available,28,0.005871573004230801,0.5287288279596684,0.47334583333333335
6,0.0,aligned,available,29,-0.0005477021376498747,0.3864679988326245,0.47334583333333335
6,0.0,aligned,available,30,0.046383959290779486,0.4296235152595814,0.47334583333333335
6,0.0,aligned,available,31,-0.007075566181591442,-0.5024858472044531,0.47334583333333335
6,0.0,aligned,available,32,-0.010531735695852341,0.04766320357063879,0.47334583333333335
6,0.0,aligned,available,33,0.055364955360445715,-0.00891048312671446,0.47334583333333335
6,0.0,aligned,available,34,-0.007271240766010529,-0.011756603246739527,0.47334583333333335
6,0.0,aligned,available,35,-0.01613907819850846,0.0014889175676441764,0.47334583333333335
6,0.0,aligned,available,36,-0.026236730355106708,-0.4041756771334711,0.47334583333333335
6,0.0,aligned,available,37,-0.0212775515042522,-0.2962878752733493,0.47334583333333335
6,0.0,aligned,available,38,-0.009424696898592572,-0.22010417992177975,0.47334583333333335
6,0.0,aligned,available,39,0.0048622602125439895,0.08824054387439534,0.47334583333333335
6,0.0,aligned,available,40,0.005804729923546137,0.28344481392515664,0.47334583333333335
6,0.0,aligned,available,41,0.0005545159321249347,-0.013584305075082855,0.47334583333333335
6,0.0,aligned,available,42,-0.002272873729512681,-0.524667761145177,0.47334583333333335
6,0.0,aligned,available,43,-0.004355769808405574,-0.7276514648931137,0.47334583333333335
6,0.0,aligned,available,44,0.0033960049567132167,-0.5350272871178577,0.47334583333333335
6,0.0,aligned,available,45,0.0038868620186258696,-0.31730013761270026,0.47334583333333335
6,0.0,aligned,available,46,-0.008916254434065962,0.5526011016605186,0.47334583333333335
6,0.0,aligned,available,47,0.002433904212979219,-0.0014751024892089542,0.47334583333333335
6,0.0,aligned,available,48,-0.01833595819943079,-0.2929775962490596,0.47334583333333335
6,0.0,aligned,available,49,0.012802461314295188,0.2130031815925675,0.47334583333333335
6,0.0,aligned,available,50,0.003010788094906236,0.16003066636083763,0.47334583333333335
6,0.0,aligned,available,51,0.010904398376913538,-0.5079429229823723,0.47334583333333335
6,0.0,aligned,available,52,-0.001597984851641976,-0.5966878695104488,0.47334583333333335
6,0.0,aligned,available,53,-0.007800374606921678,0.2358554209326171,0.47334583333333335
6,0.0,aligned,available,54,-0.006288016148388309,0.39896344019242097,0.47334583333333335
6,0.0,aligned,available,55,-0.00022376166024362654,0.5770893440074865,0.47334583333333335
6,0.0,aligned,available,56,0.004030831860465689,-0.0050556837524404355,0.47334583333333335
6,0.0,aligned,available,57,-0.005068170366968605,-0.5349818996283947,0.47334583333333335
6,0.0,aligned,available,58,-0.008680532207434866,-0.2632295598939496,0.47334583333333335
6,0.0,aligned,available,59,-0.00299455517478725,-0.18980814877614952,0.47334583333333335
6,0.0,aligned,available,60,-0.010705179413221938,-0.0014862041390178364,0.47334583333333335
6,0.0,aligned,available,61,0.00508909868276175,-0.5481038452090375,0.47334583333333335
6,0.0,aligned,available,62,0.001973548796051716,-0.6999341620370241,0.47334583333333335
6,0.0,aligned,available,63,0.002347460475175811,0.49717641635969195,0.47334583333333335
6,0.0,aligned,available,64,0.0037140617569239587,0.3680038235861447,0.47334583333333335
6,0.0,aligned,available,65,0.001753650975379828,0.9020544951314514,0.47334583333333335
6,0.0,aligned,mi_obs,0,0.021866989834840422,0.27222773259607297,0.47334583333333335
6,0.0,aligned,mi_obs,1,0.015398848231584033,-0.007710550254790389,0.47334583333333335
6,0.0,aligned,mi_obs,2,0.020182137707086725,0.006299586460653917,0.47334583333333335
6,0.0,aligned,mi_obs,3,-0.04418053814764472,-0.4500748747059929,0.47334583333333335
6,0.0,aligned,mi_obs,4,-0.07074199334202302,-0.3463885993334252,0.47334583333333335
6,0.0,aligned,mi_obs,5,0.06748484180205205,0.2939868701582641,0.47334583333333335
6,0.0,aligned,mi_obs,6,-0.11574212067519851,-0.6300305985278767,0.47334583333333335
6,0.0,aligned,mi_obs,7,-0.0467685695190834,0.0024188707300210046,0.47334583333333335
6,0.0,aligned,mi_obs,8,0.051839801457701506,0.8584319888562871,0.47334583333333335
6,0.0,aligned,mi_obs,9,0.02300732188434973,0.42424070154738247,0.47334583333333335
6,0.0,aligned,mi_obs,10,0.01952778937917332,0.31214035771643545,0.47334583333333335
6,0.0,aligned,mi_obs,11,0.020392514995028588,0.5457139513086288,0.47334583333333335
6,0.0,aligned,mi_obs,12,-0.0418607055185195,-0.416900711806766,0.47334583333333335
6,0.0,aligned,mi_obs,13,-0.04928909512159263,-0.5842060973188353,0.47334583333333335
6,0.0,aligned,mi_obs,14,0.02283132408764954,0.2791301857780668,0.47334583333333335
6,0.0,aligned,mi_obs,15,0.080347863834689,0.48927437789391987,0.47334583333333335
6,0.0,aligned,mi_obs,16,-0.025902040757522254,-0.1636745456919228,0.47334583333333335
6,0.0,aligned,mi_obs,17,-0.06689938426296793,-0.606803817847201,0.47334583333333335
6,0.0,aligned,mi_obs,18,0.014761713550066169,0.3199073423114909,0.47334583333333335
6,0.0,aligned,mi_obs,19,0.012335780285089304,0.896813592907514,0.47334583333333335
6,0.0,aligned,mi_obs,20,0.0018854128883560861,0.951510351497267,0.47334583333333335
6,0.0,aligned,mi_obs,21,-0.11017302728488876,-0.7550957346424834,0.47334583333333335
6,0.0,aligned,mi_obs,22,-0.042186406356093276,-0.5619672910641973,0.47334583333333335
6,0.0,aligned,mi_obs,23,0.06954478278585885,0.6615228434252185,0.47334583333333335
6,0.0,aligned,mi_obs,24,0.040727983276627744,-0.06392648465133106,0.47334583333333335
6,0.0,aligned,mi_obs,25,-0.05450886929152938,0.006940534660250246,0.47334583333333335
6,0.0,aligned,mi_obs,26,-0.0430289267496811,0.014561905047444838,0.47334583333333335
6,0.0,aligned,mi_obs,27,0.00368363165433024,-0.009146487434490277,0.47334583333333335
6,0.0,aligned,mi_obs,28,0.014700601781084233,0.5287288279596684,0.47334583333333335
6,0.0,aligned,mi_obs,29,0.0023992839766929785,0.3864679988326245,0.47334583333333335
6,0.0,aligned,mi_obs,30,0.12420548219626215,0.4296235152595814,0.47334583333333335
6,0.0,aligned,mi_obs,31,-0.08616414843580833,-0.5024858472044531,0.47334583333333335
6,0.0,aligned,mi_obs,32,-0.06298264722295259,0.04766320357063879,0.47334583333333335
6,0.0,aligned,mi_obs,33,0.031070954259144606,-0.00891048312671446,0.47334583333333335
6,0.0,aligned,mi_obs,34,0.026389876092504767,-0.011756603246739527,0.47334583333333335
6,0.0,aligned,mi_obs,35,-0.03872764721863404,0.0014889175676441764,0.47334583333333335
6,0.0,aligned,mi_obs,36,-0.07390784445600107,-0.4041756771334711,0.47334583333333335
6,0.0,aligned,mi_obs,37,-0.061326185655569354,-0.2962878752733493,0.47334583333333335
6,0.0,aligned,mi_obs,38,-0.014271253192560368,-0.22010417992177975,0.47334583333333335
6,0.0,aligned,mi_obs,39,-0.11613186139003248,0.08824054387439534,0.47334583333333335
6,0.0,aligned,mi_obs,40,0.08222158817957936,0.28344481392515664,0.47334583333333335
6,0.0,aligned,mi_obs,41,0.12379158067241619,-0.013584305075082855,0.47334583333333335
6,0.0,aligned,mi_obs,42,-0.05989204641043688,-0.524667761145177,0.47334583333333335
6,0.0,aligned,mi_obs,43,-0.06116931794388314,-0.7276514648931137,0.47334583333333335
6,0.0,aligned,mi_obs,44,-0.04221573231703757,-0.5350272871178577,0.47334583333333335
6,0.0,aligned,mi_obs,45,0.04117970297178203,-0.31730013761270026,0.47334583333333335
6,0.0,aligned,mi_obs,46,-0.028743161315871624,0.5526011016605186,0.47334583333333335
6,0.0,aligned,mi_obs,47,-0.019511633837227583,-0.0014751024892089542,0.47334583333333335
6,0.0,aligned,mi_obs,48,-0.0639229384966602,-0.2929775962490596,0.47334583333333335
6,0.0,aligned,mi_obs,49,0.0060399286552108855,0.2130031815925675,0.47334583333333335
6,0.0,aligned,mi_obs,50,0.01447970095886858,0.16003066636083763,0.47334583333333335
6,0.0,aligned,mi_obs,51,0.038794012643768916,-0.5079429229823723,0.47334583333333335
6,0.0,aligned,mi_obs,52,-0.06282094404960725,-0.5966878695104488,0.47334583333333335
6,0.0,aligned,mi_obs,53,0.03269363043639675,0.2358554209326171,0.47334583333333335
6,0.0,aligned,mi_obs,54,0.07785144031362956,0.39896344019242097,0.47334583333333335
6,0.0,aligned,mi_obs,55,0.0855788019070719,0.5770893440074865,0.47334583333333335
6,0.0,aligned,mi_obs,56,0.008412313484282268,-0.0050556837524404355,0.47334583333333335
6,0.0,aligned,mi_obs,57,-0.08132409485602166,-0.5349818996283947,0.47334583333333335
6,0.0,aligned,mi_obs,58,-0.04954764541310658,-0.2632295598939496,0.47334583333333335
6,0.0,aligned,mi_obs,59,-0.021385888387627366,-0.18980814877614952,0.47334583333333335
6,0.0,aligned,mi_obs,60,-0.003003728240791342,-0.0014862041390178364,0.47334583333333335
6,0.0,aligned,mi_obs,61,-0.07928379751368253,-0.5481038452090375,0.47334583333333335
6,0.0,aligned,mi_obs,62,-0.06496645203486773,-0.6999341620370241,0.47334583333333335
6,0.0,aligned,mi_obs,63,0.016681329868747208,0.49717641635969195,0.47334583333333335
6,0.0,aligned,mi_obs,64,0.01533376839729822,0.3680038235861447,0.47334583333333335
6,0.0,aligned,mi_obs,65,0.009820171403012945,0.9020544951314514,0.47334583333333335
6,0.0,aligned,mi_class,0,-0.026882001887545387,0.27222773259607297,0.47334583333333335
6,0.0,aligned,mi_class,1,0.017789188051047806,-0.007710550254790389,0.47334583333333335
6,0.0,aligned,mi_class,2,0.14039837508914682,0.006299586460653917,0.47334583333333335
6,0.0,aligned,mi_class,3,0.09590337495906953,-0.4500748747059929,0.47334583333333335
6,0.0,aligned,mi_class,4,0.08840627852499167,-0.3463885993334252,0.47334583333333335
6,0.0,aligned,mi_class,5,-0.10021395916693285,0.2939868701582641,0.47334583333333335
6,0.0,aligned,mi_class,6,-0.03241869073653836,-0.6300305985278767,0.47334583333333335
6,0.0,aligned,mi_class,7,0.0012809430734219236,0.0024188707300210046,0.47334583333333335
6,0.0,aligned,mi_class,8,-0.03746810852984128,0.8584319888562871,0.47334583333333335
6,0.0,aligned,mi_class,9,0.030955360233740736,0.42424070154738247,0.47334583333333335
6,0.0,aligned,mi_class,10,0.017474827507819923,0.31214035771643545,0.47334583333333335
6,0.0,aligned,mi_class,11,-0.08371774844286611,0.5457139513086288,0.47334583333333335
6,0.0,aligned,mi_class,12,0.11820921114953653,-0.416900711806766,0.47334583333333335
6,0.0,aligned,mi_class,13,0.20819728989818626,-0.5842060973188353,0.47334583333333335
6,0.0,aligned,mi_class,14,-0.11106222839559166,0.2791301857780668,0.47334583333333335
6,0.0,aligned,mi_class,15,-0.18959530174003042,0.48927437789391987,0.47334583333333335
6,0.0,aligned,mi_class,16,-0.025440853640871314,-0.1636745456919228,0.47334583333333335
6,0.0,aligned,mi_class,17,0.1950364914927964,-0.606803817847201,0.47334583333333335
6,0.0,aligned,mi_class,18,-0.022851984868497044,0.3199073423114909,0.47334583333333335
6,0.0,aligned,mi_class,19,-0.0975871948215894,0.896813592907514,0.47334583333333335
6,0.0,aligned,mi_class,20,-0.10586346429495785,0.951510351497267,0.47334583333333335
6,0.0,aligned,mi_class,21,0.221533602721657,-0.7550957346424834,0.47334583333333335
6,0.0,aligned,mi_class,22,0.25539624429317376,-0.5619672910641973,0.47334583333333335
6,0.0,aligned,mi_class,23,-0.30459816984388133,0.6615228434252185,0.47334583333333335
6,0.0,aligned,mi_class,24,0.02813531647308959,-0.06392648465133106,0.47334583333333335
6,0.0,aligned,mi_class,25,-0.0034154561152715947,0.006940534660250246,0.47334583333333335
6,0.0,aligned,mi_class,26,-0.0032888374016378265,0.014561905047444838,0.47334583333333335
6,0.0,aligned,mi_class,27,-0.0015121989775131895,-0.009146487434490277,0.47334583333333335
6,0.0,aligned,mi_class,28,-0.018388397388566013,0.5287288279596684,0.47334583333333335
6,0.0,aligned,mi_class,29,-0.03847373348461863,0.3864679988326245,0.47334583333333335
6,0.0,aligned,mi_class,30,-0.12999908406791705,0.4296235152595814,0.47334583333333335
6,0.0,aligned,mi_class,31,0.19432761841451984,-0.5024858472044531,0.47334583333333335
6,0.0,aligned,mi_class,32,-0.03863022330540837,0.04766320357063879,0.47334583333333335
6,0.0,aligned,mi_class,33,-0.0019603519822381753,-0.00891048312671446,0.47334583333333335
6,0.0,aligned,mi_class,34,0.011198147378273071,-0.011756603246739527,0.47334583333333335
6,0.0,aligned,mi_class,35,0.09198866030261482,0.0014889175676441764,0.47334583333333335
6,0.0,aligned,mi_class,36,0.06647807928538363,-0.4041756771334711,0.47334583333333335
6,0.0,aligned,mi_class,37,0.054135336746598595,-0.2962878752733493,0.47334583333333335
6,0.0,aligned,mi_class,38,0.002072982226171749,-0.22010417992177975,0.47334583333333335
6,0.0,aligned,mi_class,39,0.0016565529052621902,0.08824054387439534,0.47334583333333335
6,0.0,aligned,mi_class,40,-0.03639788243147973,0.28344481392515664,0.47334583333333335
6,0.0,aligned,mi_class,41,-0.005891805222736565,-0.013584305075082855,0.47334583333333335
6,0.0,aligned,mi_class,42,0.0880061090725811,-0.524667761145177,0.47334583333333335
6,0.0,aligned,mi_class,43,0.20258959027100687,-0.7276514648931137,0.47334583333333335
6,0.0,aligned,mi_class,44,0.14007667301897708,-0.5350272871178577,0.47334583333333335
6,0.0,aligned,mi_class,45,0.011350002115851576,-0.31730013761270026,0.47334583333333335
6,0.0,aligned,mi_class,46,-0.08676445377832137,0.5526011016605186,0.47334583333333335
6,0.0,aligned,mi_class,47,0.03329714629495124,-0.0014751024892089542,0.47334583333333335
6,0.0,aligned,mi_class,48,0.03674989283930791,-0.2929775962490596,0.47334583333333335
6,0.0,aligned,mi_class,49,-0.07695990429224844,0.2130031815925675,0.47334583333333335
6,0.0,aligned,mi_class,50,-0.06147906147779088,0.16003066636083763,0.47334583333333335
6,0.0,aligned,mi_class,51,0.112141865154963,-0.5079429229823723,0.47334583333333335
6,0.0,aligned,mi_class,52,0.05815324144610978,-0.5966878695104488,0.47334583333333335
6,0.0,aligned,mi_class,53,-0.04702510628833964,0.2358554209326171,0.47334583333333335
6,0.0,aligned,mi_class,54,-0.14118428917393921,0.39896344019242097,0.47334583333333335
6,0.0,aligned,mi_class,55,-0.18901142569608265,0.5770893440074865,0.47334583333333335
6,0.0,aligned,mi_class,56,0.003099308025146974,-0.0050556837524404355,0.47334583333333335
6,0.0,aligned,mi_class,57,-0.06912605450940057,-0.5349818996283947,0.47334583333333335
6,0.0,aligned,mi_class,58,-0.06137303561428997,-0.2632295598939496,0.47334583333333335
6,0.0,aligned,mi_class,59,-0.09865432113786313,-0.18980814877614952,0.47334583333333335
6,0.0,aligned,mi_class,60,-0.05624950495398401,-0.0014862041390178364,0.47334583333333335
6,0.0,aligned,mi_class,61,0.15328279436616676,-0.5481038452090375,0.47334583333333335
6,0.0,aligned,mi_class,62,0.1711707378355718,-0.6999341620370241,0.47334583333333335
6,0.0,aligned,mi_class,63,-0.013727648077261845,0.49717641635969195,0.47334583333333335
6,0.0,aligned,mi_class,64,0.024623219652967987,0.3680038235861447,0.47334583333333335
6,0.0,aligned,mi_class,65,-0.04523805143399828,0.9020544951314514,0.47334583333333335
6,0.0,aligned,mi_site,0,-0.0031655301322857654,0.27222773259607297,0.47334583333333335
6,0.0,aligned,mi_site,1,0.025598032277203805,-0.007710550254790389,0.47334583333333335
6,0.0,aligned,mi_site,2,-0.006845102193778522,0.006299586460653917,0.47334583333333335
6,0.0,aligned,mi_site,3,0.012530344812430094,-0.4500748747059929,0.47334583333333335
6,0.0,aligned,mi_site,4,0.0020829689448031985,-0.3463885993334252,0.47334583333333335
6,0.0,aligned,mi_site,5,0.011966853541970857,0.2939868701582641,0.47334583333333335
6,0.0,aligned,mi_site,6,-0.025323665428785835,-0.6300305985278767,0.47334583333333335
6,0.0,aligned,mi_site,7,-7.59838011617775e-05,0.0024188707300210046,0.47334583333333335
6,0.0,aligned,mi_site,8,-0.03047945793737661,0.8584319888562871,0.47334583333333335
6,0.0,aligned,mi_site,9,-0.018862077289872548,0.42424070154738247,0.47334583333333335
6,0.0,aligned,mi_site,10,-0.011973476395180926,0.31214035771643545,0.47334583333333335
6,0.0,aligned,mi_site,11,-0.02048100019700505,0.5457139513086288,0.47334583333333335
6,0.0,aligned,mi_site,12,0.053898253100706506,-0.416900711806766,0.47334583333333335
6,0.0,aligned,mi_site,13,-0.0001579912226663538,-0.5842060973188353,0.47334583333333335
6,0.0,aligned,mi_site,14,0.03595232400106518,0.2791301857780668,0.47334583333333335
6,0.0,aligned,mi_site,15,0.05536788690317923,0.48927437789391987,0.47334583333333335
6,0.0,aligned,mi_site,16,-0.018611556968766096,-0.1636745456919228,0.47334583333333335
6,0.0,aligned,mi_site,17,-0.025578465410431184,-0.606803817847201,0.47334583333333335
6,0.0,aligned,mi_site,18,0.002920106008700629,0.3199073423114909,0.47334583333333335
6,0.0,aligned,mi_site,19,-0.028820896104029492,0.896813592907514,0.47334583333333335
6,0.0,aligned,mi_site,20,-0.03135095145675049,0.951510351497267,0.47334583333333335
6,0.0,aligned,mi_site,21,0.0025620067520013556,-0.7550957346424834,0.47334583333333335
6,0.0,aligned,mi_site,22,0.005781072346299654,-0.5619672910641973,0.47334583333333335
6,0.0,aligned,mi_site,23,0.04116583091897508,0.6615228434252185,0.47334583333333335
6,0.0,aligned,mi_site,24,0.053825625088519166,-0.06392648465133106,0.47334583333333335
6,0.0,aligned,mi_site,25,-0.03936127653092769,0.006940534660250246,0.47334583333333335
6,0.0,aligned,mi_site,26,-0.05203859940783298,0.014561905047444838,0.47334583333333335
6,0.0,aligned,mi_site,27,0.02374547265374894,-0.009146487434490277,0.47334583333333335
6,0.0,aligned,mi_site,28,-0.000293786641689886,0.5287288279596684,0.47334583333333335
6,0.0,aligned,mi_site,29,-0.003608982609694944,0.3864679988326245,0.47334583333333335
6,0.0,aligned,mi_site,30,0.01954102333925717,0.4296235152595814,0.47334583333333335
6,0.0,aligned,mi_site,31,0.0014458365537456386,-0.5024858472044531,0.47334583333333335
6,0.0,aligned,mi_site,32,-0.04202839312688664,0.04766320357063879,0.47334583333333335
6,0.0,aligned,mi_site,33,0.014382989572300317,-0.00891048312671446,0.47334583333333335
6,0.0,aligned,mi_site,34,0.01781260459868693,-0.011756603246739527,0.47334583333333335
6,0.0,aligned,mi_site,35,-0.029959319469390795,0.0014889175676441764,0.47334583333333335
6,0.0,aligned,mi_site,36,0.007002639260488552,-0.4041756771334711,0.47334583333333335
6,0.0,aligned,mi_site,37,0.008681978453733974,-0.2962878752733493,0.47334583333333335
6,0.0,aligned,mi_site,38,-0.019427036274948045,-0.22010417992177975,0.47334583333333335
6,0.0,aligned,mi_site,39,-0.1024784158940294,0.08824054387439534,0.47334583333333335
6,0.0,aligned,mi_site,40,0.05866497526555797,0.28344481392515664,0.47334583333333335
6,0.0,aligned,mi_site,41,0.10479008917015836,-0.013584305075082855,0.47334583333333335
6,0.0,aligned,mi_site,42,-0.05003639702278828,-0.524667761145177,0.47334583333333335
6,0.0,aligned,mi_site,43,-0.032077681821206516,-0.7276514648931137,0.47334583333333335
6,0.0,aligned,mi_site,44,-0.032177444047340686,-0.5350272871178577,0.47334583333333335
6,0.0,aligned,mi_site,45,0.06459062516619068,-0.31730013761270026,0.47334583333333335
6,0.0,aligned,mi_site,46,-0.051884929674852476,0.5526011016605186,0.47334583333333335
6,0.0,aligned,mi_site,47,-0.050814959064037296,-0.0014751024892089542,0.47334583333333335
6,0.0,aligned,mi_site,48,-0.02924494387752491,-0.2929775962490596,0.47334583333333335
6,0.0,aligned,mi_site,49,0.034860326864852714,0.2130031815925675,0.47334583333333335
6,0.0,aligned,mi_site,50,0.032047197847521386,0.16003066636083763,0.47334583333333335
6,0.0,aligned,mi_site,51,0.0362003281651847,-0.5079429229823723,0.47334583333333335
6,0.0,aligned,mi_site,52,-0.036662404360567,-0.5966878695104488,0.47334583333333335
6,0.0,aligned,mi_site,53,0.015833740569313554,0.2358554209326171,0.47334583333333335
6,0.0,aligned,mi_site,54,0.052074387937794175,0.39896344019242097,0.47334583333333335
6,0.0,aligned,mi_site,55,0.0583887339130158,0.5770893440074865,0.47334583333333335
6,0.0,aligned,mi_site,56,-0.012661549615259119,-0.0050556837524404355,0.47334583333333335
6,0.0,aligned,mi_site,57,-0.07902713936203054,-0.5349818996283947,0.47334583333333335
6,0.0,aligned,mi_site,58,-0.03770868161049057,-0.2632295598939496,0.47334583333333335
6,0.0,aligned,mi_site,59,-0.021166779961679566,-0.18980814877614952,0.47334583333333335
6,0.0,aligned,mi_site,60,0.020997369334158262,-0.0014862041390178364,0.47334583333333335
6,0.0,aligned,mi_site,61,-0.039415208220353715,-0.5481038452090375,0.47334583333333335
6,0.0,aligned,mi_site,62,-0.027410645989251692,-0.6999341620370241,0.47334583333333335
6,0.0,aligned,mi_site,63,0.01877336264152002,0.49717641635969195,0.47334583333333335
6,0.0,aligned,mi_site,64,0.010710187748735833,0.3680038235861447,0.47334583333333335
6,0.0,aligned,mi_site,65,-0.012943372673732245,0.9020544951314514,0.47334583333333335
6,0.0,closed,available,0,0.006663745879463279,0.27222773259607297,0.47334583333333335
6,0.0,closed,available,1,0.018904483147819947,-0.007710550254790389,0.47334583333333335
6,0.0,closed,available,2,0.0027346687166516226,0.006299586460653917,0.47334583333333335
6,0.0,closed,available,3,-0.0032131694632447916,-0.4500748747059929,0.47334583333333335
6,0.0,closed,available,4,-0.0031820563748869435,-0.3463885993334252,0.47334583333333335
6,0.0,closed,available,5,0.004126963523029714,0.2939868701582641,0.47334583333333335
6,0.0,closed,available,6,-0.01007240660900599,-0.6300305985278767,0.47334583333333335
6,0.0,closed,available,7,-0.0012955199681775928,0.0024188707300210046,0.47334583333333335
6,0.0,closed,available,8,0.0001238801691646474,0.8584319888562871,0.47334583333333335
6,0.0,closed,available,9,0.0090210170214014,0.42424070154738247,0.47334583333333335
6,0.0,closed,available,10,0.005162976750527515,0.31214035771643545,0.47334583333333335
6,0.0,closed,available,11,0.006916207578462341,0.5457139513086288,0.47334583333333335
6,0.0,closed,available,12,-0.016475114538364533,-0.416900711806766,0.47334583333333335
6,0.0,closed,available,13,-0.004895487582143088,-0.5842060973188353,0.47334583333333335
6,0.0,closed,available,14,-0.013210314556240388,0.2791301857780668,0.47334583333333335
6,0.0,closed,available,15,0.000917353750514438,0.48927437789391987,0.47334583333333335
6,0.0,closed,available,16,-0.0015514643444070886,-0.1636745456919228,0.47334583333333335
6,0.0,closed,available,17,-0.004518807181144391,-0.606803817847201,0.47334583333333335
6,0.0,closed,available,18,-0.0032484246026810437,0.3199073423114909,0.47334583333333335
6,0.0,closed,available,19,0.0010125169354422425,0.896813592907514,0.47334583333333335
6,0.0,closed,available,20,0.00023969417454028363,0.951510351497267,0.47334583333333335
6,0.0,closed,available,21,-0.005814000004626174,-0.7550957346424834,0.47334583333333335
6,0.0,closed,available,22,-0.001905277379300796,-0.5619672910641973,0.47334583333333335
6,0.0,closed,available,23,0.0018900302029802862,0.6615228434252185,0.47334583333333335
6,0.0,closed,available,24,-0.0044632368169462144,-0.06392648465133106,0.47334583333333335
6,0.0,closed,available,25,-0.002665331059005299,0.006940534660250246,0.47334583333333335
6,0.0,closed,available,26,0.011335310340532317,0.014561905047444838,0.47334583333333335
6,0.0,closed,available,27,-0.006637641966638257,-0.009146487434490277,0.47334583333333335
6,0.0,closed,available,28,0.009291154409357016,0.5287288279596684,0.47334583333333335
6,0.0,closed,available,29,0.008366675402872448,0.3864679988326245,0.47334583333333335
6,0.0,closed,available,30,0.015159421958843233,0.4296235152595814,0.47334583333333335
6,0.0,closed,available,31,-0.009262792333205372,-0.5024858472044531,0.47334583333333335
6,0.0,closed,available,32,0.0004312627225044399,0.04766320357063879,0.47334583333333335
6,0.0,closed,available,33,-0.016268264387083647,-0.00891048312671446,0.47334583333333335
6,0.0,closed,available,34,-0.006269657099608613,-0.011756603246739527,0.47334583333333335
6,0.0,closed,available,35,0.005472510377121835,0.0014889175676441764,0.47334583333333335
6,0.0,closed,available,36,-0.015990786193335604,-0.4041756771334711,0.47334583333333335
6,0.0,closed,available,37,-0.014249648895396816,-0.2962878752733493,0.47334583333333335
6,0.0,closed,available,38,0.004139015617428715,-0.22010417992177975,0.47334583333333335
6,0.0,closed,available,39,-0.0039542138368564295,0.08824054387439534,0.47334583333333335
6,0.0,closed,available,40,-2.483241843315165e-05,0.28344481392515664,0.47334583333333335
6,0.0,closed,available,41,0.021293771880294552,-0.013584305075082855,0.47334583333333335
6,0.0,closed,available,42,-0.003335027783912592,-0.524667761145177,0.47334583333333335
6,0.0,closed,available,43,-0.007833064666617706,-0.7276514648931137,0.47334583333333335
6,0.0,closed,available,44,-0.006556142632637041,-0.5350272871178577,0.47334583333333335
6,0.0,closed,available,45,-0.007162092199822501,-0.31730013761270026,0.47334583333333335
6,0.0,closed,available,46,0.0029748362014313523,0.5526011016605186,0.47334583333333335
6,0.0,closed,available,47,0.007775436252241567,-0.0014751024892089542,0.47334583333333335
6,0.0,closed,available,48,-0.01330523110458215,-0.2929775962490596,0.47334583333333335
6,0.0,closed,available,49,-0.00435970872776148,0.2130031815925675,0.47334583333333335
6,0.0,closed,available,50,-0.008372465783536426,0.16003066636083763,0.47334583333333335
6,0.0,closed,available,51,-0.0014661777612692273,-0.5079429229823723,0.47334583333333335
6,0.0,closed,available,52,0.003698323022337635,-0.5966878695104488,0.47334583333333335
6,0.0,closed,available,53,0.00413674664797567,0.2358554209326171,0.47334583333333335
6,0.0,closed,available,54,-0.0009802130093211625,0.39896344019242097,0.47334583333333335
6,0.0,closed,available,55,0.0006222212343847122,0.5770893440074865,0.47334583333333335
6,0.0,closed,available,56,0.002639672474686896,-0.0050556837524404355,0.47334583333333335
6,0.0,closed,available,57,0.004000463207639693,-0.5349818996283947,0.47334583333333335
6,0.0,closed,available,58,-0.0009640597961140251,-0.2632295598939496,0.47334583333333335
6,0.0,closed,available,59,0.0004862012328367138,-0.18980814877614952,0.47334583333333335
6,0.0,closed,available,60,-0.0281975193767892,-0.0014862041390178364,0.47334583333333335
6,0.0,closed,available,61,-0.00905763220601441,-0.5481038452090375,0.47334583333333335
6,0.0,closed,available,62,-0.0077876254731605865,-0.6999341620370241,0.47334583333333335
6,0.0,closed,available,63,-0.003519307622958767,0.49717641635969195,0.47334583333333335
6,0.0,closed,available,64,-0.0014806186628719686,0.3680038235861447,0.47334583333333335
6,0.0,closed,available,65,0.0002504955668698461,0.9020544951314514,0.47334583333333335
6,0.0,closed,mi_obs,0,0.009390970087253203,0.27222773259607297,0.47334583333333335
6,0.0,closed,mi_obs,1,-0.012239499877087279,-0.007710550254790389,0.47334583333333335
6,0.0,closed,mi_obs,2,-0.026871283133634,0.006299586460653917,0.47334583333333335
6,0.0,closed,mi_obs,3,-0.05518157521746009,-0.4500748747059929,0.47334583333333335
6,0.0,closed,mi_obs,4,-0.05496455633655567,-0.3463885993334252,0.47334583333333335
6,0.0,closed,mi_obs,5,0.0674517874461707,0.2939868701582641,0.47334583333333335
6,0.0,closed,mi_obs,6,-0.11020807905651031,-0.6300305985278767,0.47334583333333335
6,0.0,closed,mi_obs,7,-0.02512790531727607,0.0024188707300210046,0.47334583333333335
6,0.0,closed,mi_obs,8,0.0515429316542958,0.8584319888562871,0.47334583333333335
6,0.0,closed,mi_obs,9,0.013522744067040737,0.42424070154738247,0.47334583333333335
6,0.0,closed,mi_obs,10,0.012308682420640371,0.31214035771643545,0.47334583333333335
6,0.0,closed,mi_obs,11,0.025512684364380034,0.5457139513086288,0.47334583333333335
6,0.0,closed,mi_obs,12,-0.05374776370617407,-0.416900711806766,0.47334583333333335
6,0.0,closed,mi_obs,13,-0.057128562060948074,-0.5842060973188353,0.47334583333333335
6,0.0,closed,mi_obs,14,0.05041308109143461,0.2791301857780668,0.47334583333333335
6,0.0,closed,mi_obs,15,0.0653868586753737,0.48927437789391987,0.47334583333333335
6,0.0,closed,mi_obs,16,0.012350711139375387,-0.1636745456919228,0.47334583333333335
6,0.0,closed,mi_obs,17,-0.07780985812732699,-0.606803817847201,0.47334583333333335
6,0.0,closed,mi_obs,18,0.011468195465806963,0.3199073423114909,0.47334583333333335
6,0.0,closed,mi_obs,19,0.010808567105420774,0.896813592907514,0.47334583333333335
6,0.0,closed,mi_obs,20,0.0022116522039566933,0.951510351497267,0.47334583333333335
6,0.0,closed,mi_obs,21,-0.09920176859029228,-0.7550957346424834,0.47334583333333335
6,0.0,closed,mi_obs,22,-0.020518038581889497,-0.5619672910641973,0.47334583333333335
6,0.0,closed,mi_obs,23,0.09327638002115768,0.6615228434252185,0.47334583333333335
6,0.0,closed,mi_obs,24,0.06566031083245867,-0.06392648465133106,0.47334583333333335
6,0.0,closed,mi_obs,25,-0.03322781618155063,0.006940534660250246,0.47334583333333335
6,0.0,closed,mi_obs,26,-0.06802803076091575,0.014561905047444838,0.47334583333333335
6,0.0,closed,mi_obs,27,0.002468702164330608,-0.009146487434490277,0.47334583333333335
6,0.0,closed,mi_obs,28,0.012612369280623592,0.5287288279596684,0.47334583333333335
6,0.0,closed,mi_obs,29,0.003170343286208299,0.3864679988326245,0.47334583333333335
6,0.0,closed,mi_obs,30,0.032680795542347096,0.4296235152595814,0.47334583333333335
6,0.0,closed,mi_obs,31,-0.0828025023832677,-0.5024858472044531,0.47334583333333335
6,0.0,closed,mi_obs,32,-0.023418012153808447,0.04766320357063879,0.47334583333333335
6,0.0,closed,mi_obs,33,-0.004027404816291153,-0.00891048312671446,0.47334583333333335
6,0.0,closed,mi_obs,34,0.018193318033767447,-0.011756603246739527,0.47334583333333335
6,0.0,closed,mi_obs,35,0.009315907319569916,0.0014889175676441764,0.47334583333333335
6,0.0,closed,mi_obs,36,-0.07695485370621974,-0.4041756771334711,0.47334583333333335
6,0.0,closed,mi_obs,37,-0.05712494225946824,-0.2962878752733493,0.47334583333333335
6,0.0,closed,mi_obs,38,-0.02404989390578377,-0.22010417992177975,0.47334583333333335
6,0.0,closed,mi_obs,39,-0.14375788973568335,0.08824054387439534,0.47334583333333335
6,0.0,closed,mi_obs,40,0.05680350298461656,0.28344481392515664,0.47334583333333335
6,0.0,closed,mi_obs,41,0.1716182263238343,-0.013584305075082855,0.47334583333333335
6,0.0,closed,mi_obs,42,-0.07413379748940596,-0.524667761145177,0.47334583333333335
6,0.0,closed,mi_obs,43,-0.07128238658181985,-0.7276514648931137,0.47334583333333335
6,0.0,closed,mi_obs,44,-0.06244251490973762,-0.5350272871178577,0.47334583333333335
6,0.0,closed,mi_obs,45,0.07062675577411334,-0.31730013761270026,0.47334583333333335
6,0.0,closed,mi_obs,46,-0.04725144885952648,0.5526011016605186,0.47334583333333335
6,0.0,closed,mi_obs,47,-0.06729671301423061,-0.0014751024892089542,0.47334583333333335
6,0.0,closed,mi_obs,48,-0.03772672865921867,-0.2929775962490596,0.47334583333333335
6,0.0,closed,mi_obs,49,0.04283600358659653,0.2130031815925675,0.47334583333333335
6,0.0,closed,mi_obs,50,0.038527425905869744,0.16003066636083763,0.47334583333333335
6,0.0,closed,mi_obs,51,0.021223953622762082,-0.5079429229823723,0.47334583333333335
6,0.0,closed,mi_obs,52,-0.03824017985302175,-0.5966878695104488,0.47334583333333335
6,0.0,closed,mi_obs,53,0.033121763434486945,0.2358554209326171,0.47334583333333335
6,0.0,closed,mi_obs,54,0.07356310095732693,0.39896344019242097,0.47334583333333335
6,0.0,closed,mi_obs,55,0.06907943487329649,0.5770893440074865,0.47334583333333335
6,0.0,closed,mi_obs,56,-0.006333395121197538,-0.0050556837524404355,0.47334583333333335
6,0.0,closed,mi_obs,57,-0.03949794787324812,-0.5349818996283947,0.47334583333333335
6,0.0,closed,mi_obs,58,-0.007960213020223927,-0.2632295598939496,0.47334583333333335
6,0.0,closed,mi_obs,59,0.015803560721923016,-0.18980814877614952,0.47334583333333335
6,0.0,closed,mi_obs,60,-0.012174759332512502,-0.0014862041390178364,0.47334583333333335
6,0.0,closed,mi_obs,61,-0.0966873211013175,-0.5481038452090375,0.47334583333333335
6,0.0,closed,mi_obs,62,-0.07203140497997562,-0.6999341620370241,0.47334583333333335
6,0.0,closed,mi_obs,63,0.019640979376211842,0.49717641635969195,0.47334583333333335
6,0.0,closed,mi_obs,64,0.020814707561423174,0.3680038235861447,0.47334583333333335
6,0.0,closed,mi_obs,65,0.009834050136618644,0.9020544951314514,0.47334583333333335
6,0.0,closed,mi_class,0,-0.04397485022999667,0.27222773259607297,0.47334583333333335
6,0.0,closed,mi_class,1,0.004191574950491857,-0.007710550254790389,0.47334583333333335
6,0.0,closed,mi_class,2,0.12450372231147573,0.006299586460653917,0.47334583333333335
6,0.0,closed,mi_class,3,0.09688170161836968,-0.4500748747059929,0.47334583333333335
6,0.0,closed,mi_class,4,0.07673065559439152,-0.3463885993334252,0.47334583333333335
6,0.0,closed,mi_class,5,-0.06372040185924574,0.2939868701582641,0.47334583333333335
6,0.0,closed,mi_class,6,-0.014307990882795552,-0.6300305985278767,0.47334583333333335
6,0.0,closed,mi_class,7,-0.004974554421713545,0.0024188707300210046,0.47334583333333335
6,0.0,closed,mi_class,8,-0.039945160353366704,0.8584319888562871,0.47334583333333335
6,0.0,closed,mi_class,9,0.00919358900158107,0.42424070154738247,0.47334583333333335
6,0.0,closed,mi_class,10,0.01380756493640739,0.31214035771643545,0.47334583333333335
6,0.0,closed,mi_class,11,-0.18879916901167632,0.5457139513086288,0.47334583333333335
6,0.0,closed,mi_class,12,0.142471234984752,-0.416900711806766,0.47334583333333335
6,0.0,closed,mi_class,13,0.17538309682774844,-0.5842060973188353,0.47334583333333335
6,0.0,closed,mi_class,14,-0.09019842105726039,0.2791301857780668,0.47334583333333335
6,0.0,closed,mi_class,15,-0.1696182176624399,0.48927437789391987,0.47334583333333335
6,0.0,closed,mi_class,16,0.021303554357365834,-0.1636745456919228,0.47334583333333335
6,0.0,closed,mi_class,17,0.20099476526442722,-0.606803817847201,0.47334583333333335
6,0.0,closed,mi_class,18,-0.10722465568990677,0.3199073423114909,0.47334583333333335
6,0.0,closed,mi_class,19,-0.09212711040452914,0.896813592907514,0.47334583333333335
6,0.0,closed,mi_class,20,-0.14544984132987349,0.951510351497267,0.47334583333333335
6,0.0,closed,mi_class,21,0.2731725383629868,-0.7550957346424834,0.47334583333333335
6,0.0,closed,mi_class,22,0.3135972519423836,-0.5619672910641973,0.47334583333333335
6,0.0,closed,mi_class,23,-0.3748739375078582,0.6615228434252185,0.47334583333333335
6,0.0,closed,mi_class,24,0.031175666948589517,-0.06392648465133106,0.47334583333333335
6,0.0,closed,mi_class,25,0.026413238219086175,0.006940534660250246,0.47334583333333335
6,0.0,closed,mi_class,26,-0.005380399261017275,0.014561905047444838,0.47334583333333335
6,0.0,closed,mi_class,27,-0.010184648924358356,-0.009146487434490277,0.47334583333333335
6,0.0,closed,mi_class,28,-0.12862934306681523,0.5287288279596684,0.47334583333333335
6,0.0,closed,mi_class,29,-0.1274453571728439,0.3864679988326245,0.47334583333333335
6,0.0,closed,mi_class,30,-0.20320662011575671,0.4296235152595814,0.47334583333333335
6,0.0,closed,mi_class,31,0.25243716555277096,-0.5024858472044531,0.47334583333333335
6,0.0,closed,mi_class,32,-0.014527287822953878,0.04766320357063879,0.47334583333333335
6,0.0,closed,mi_class,33,0.017093125445103115,-0.00891048312671446,0.47334583333333335
6,0.0,closed,mi_class,34,0.014720295682143477,-0.011756603246739527,0.47334583333333335
6,0.0,closed,mi_class,35,0.010189948311504434,0.0014889175676441764,0.47334583333333335
6,0.0,closed,mi_class,36,0.05396569232198528,-0.4041756771334711,0.47334583333333335
6,0.0,closed,mi_class,37,0.06258386990037385,-0.2962878752733493,0.47334583333333335
6,0.0,closed,mi_class,38,-0.01090882779617558,-0.22010417992177975,0.47334583333333335
6,0.0,closed,mi_class,39,-0.011445212060321744,0.08824054387439534,0.47334583333333335
6,0.0,closed,mi_class,40,-0.04311343846908677,0.28344481392515664,0.47334583333333335
6,0.0,closed,mi_class,41,0.021662578438215684,-0.013584305075082855,0.47334583333333335
6,0.0,closed,mi_class,42,0.08105411452619865,-0.524667761145177,0.47334583333333335
6,0.0,closed,mi_class,43,0.17948761141806047,-0.7276514648931137,0.47334583333333335
6,0.0,closed,mi_class,44,0.11528083200980893,-0.5350272871178577,0.47334583333333335
6,0.0,closed,mi_class,45,0.018410946249268312,-0.31730013761270026,0.47334583333333335
6,0.0,closed,mi_class,46,-0.09247145858716227,0.5526011016605186,0.47334583333333335
6,0.0,closed,mi_class,47,-0.018129798848010314,-0.0014751024892089542,0.47334583333333335
6,0.0,closed,mi_class,48,0.043220104222391476,-0.2929775962490596,0.47334583333333335
6,0.0,closed,mi_class,49,-0.04370455582928781,0.2130031815925675,0.47334583333333335
6,0.0,closed,mi_class,50,-0.027907197009250484,0.16003066636083763,0.47334583333333335
6,0.0,closed,mi_class,51,0.08437783414760136,-0.5079429229823723,0.47334583333333335
6,0.0,closed,mi_class,52,0.012991256580101251,-0.5966878695104488,0.47334583333333335
6,0.0,closed,mi_class,53,-0.0921085167645965,0.2358554209326171,0.47334583333333335
6,0.0,closed,mi_class,54,-0.10860668847625238,0.39896344019242097,0.47334583333333335
6,0.0,closed,mi_class,55,-0.14118382384173978,0.5770893440074865,0.47334583333333335
6,0.0,closed,mi_class,56,-0.0006625240142984143,-0.0050556837524404355,0.47334583333333335
6,0.0,closed,mi_class,57,0.04845527124381399,-0.5349818996283947,0.47334583333333335
6,0.0,closed,mi_class,58,0.021564206108628914,-0.2632295598939496,0.47334583333333335
6,0.0,closed,mi_class,59,-0.015647549038011216,-0.18980814877614952,0.47334583333333335
6,0.0,closed,mi_class,60,0.04505566222056421,-0.0014862041390178364,0.47334583333333335
6,0.0,closed,mi_class,61,0.13096554378202618,-0.5481038452090375,0.47334583333333335
6,0.0,closed,mi_class,62,0.16510651529733122,-0.6999341620370241,0.47334583333333335
6,0.0,closed,mi_class,63,-0.060992315522949314,0.49717641635969195,0.47334583333333335
6,0.0,closed,mi_class,64,-0.058833660742227956,0.3680038235861447,0.47334583333333335
6,0.0,closed,mi_class,65,-0.03353168843340093,0.9020544951314514,0.47334583333333335
6,0.0,closed,mi_site,0,0.007190344861575437,0.27222773259607297,0.47334583333333335
6,0.0,closed,mi_site,1,-0.004888338845843239,-0.007710550254790389,0.47334583333333335
6,0.0,closed,mi_site,2,0.007118212001159878,0.006299586460653917,0.47334583333333335
6,0.0,closed,mi_site,3,-0.047800491386798205,-0.4500748747059929,0.47334583333333335
6,0.0,closed,mi_site,4,-0.04848771745194891,-0.3463885993334252,0.47334583333333335
6,0.0,closed,mi_site,5,0.055746442539191476,0.2939868701582641,0.47334583333333335
6,0.0,closed,mi_site,6,-0.08872092645652652,-0.6300305985278767,0.47334583333333335
6,0.0,closed,mi_site,7,-0.030131461035079236,0.0024188707300210046,0.47334583333333335
6,0.0,closed,mi_site,8,0.043243949618747224,0.8584319888562871,0.47334583333333335
6,0.0,closed,mi_site,9,0.012361599846796245,0.42424070154738247,0.47334583333333335
6,0.0,closed,mi_site,10,0.011691399677880965,0.31214035771643545,0.47334583333333335
6,0.0,closed,mi_site,11,0.024699562528038732,0.5457139513086288,0.47334583333333335
6,0.0,closed,mi_site,12,-0.06769318854803708,-0.416900711806766,0.47334583333333335
6,0.0,closed,mi_site,13,-0.0561270936299294,-0.5842060973188353,0.47334583333333335
6,0.0,closed,mi_site,14,0.04933210627758433,0.2791301857780668,0.47334583333333335
6,0.0,closed,mi_site,15,0.07187759209387662,0.48927437789391987,0.47334583333333335
6,0.0,closed,mi_site,16,0.006912912310335417,-0.1636745456919228,0.47334583333333335
6,0.0,closed,mi_site,17,-0.07653314693145907,-0.606803817847201,0.47334583333333335
6,0.0,closed,mi_site,18,0.010500603709058476,0.3199073423114909,0.47334583333333335
6,0.0,closed,mi_site,19,0.009298259625676764,0.896813592907514,0.47334583333333335
6,0.0,closed,mi_site,20,0.0014232168371207665,0.951510351497267,0.47334583333333335
6,0.0,closed,mi_site,21,-0.06790708848690352,-0.7550957346424834,0.47334583333333335
6,0.0,closed,mi_site,22,-0.022254092747634235,-0.5619672910641973,0.47334583333333335
6,0.0,closed,mi_site,23,0.07743755301359367,0.6615228434252185,0.47334583333333335
6,0.0,closed,mi_site,24,0.07378101885998424,-0.06392648465133106,0.47334583333333335
6,0.0,closed,mi_site,25,-0.04631538275102942,0.006940534660250246,0.47334583333333335
6,0.0,closed,mi_site,26,-0.06991890739138473,0.014561905047444838,0.47334583333333335
6,0.0,closed,mi_site,27,0.009241400122921054,-0.009146487434490277,0.47334583333333335
6,0.0,closed,mi_site,28,0.014264524552626168,0.5287288279596684,0.47334583333333335
6,0.0,closed,mi_site,29,0.005377139411861687,0.3864679988326245,0.47334583333333335
6,0.0,closed,mi_site,30,0.04518438096914196,0.4296235152595814,0.47334583333333335
6,0.0,closed,mi_site,31,-0.08519531616641451,-0.5024858472044531,0.47334583333333335
6,0.0,closed,mi_site,32,-0.02801517035947777,0.04766320357063879,0.47334583333333335
6,0.0,closed,mi_site,33,-0.003297269879016766,-0.00891048312671446,0.47334583333333335
6,0.0,closed,mi_site,34,0.04549898677003126,-0.011756603246739527,0.47334583333333335
6,0.0,closed,mi_site,35,0.009984066946883361,0.0014889175676441764,0.47334583333333335
6,0.0,closed,mi_site,36,-0.0600819935099946,-0.4041756771334711,0.47334583333333335
6,0.0,closed,mi_site,37,-0.05614923247241038,-0.2962878752733493,0.47334583333333335
6,0.0,closed,mi_site,38,-0.02200689917237242,-0.22010417992177975,0.47334583333333335
6,0.0,closed,mi_site,39,-0.14251200349696247,0.08824054387439534,0.47334583333333335
6,0.0,closed,mi_site,40,0.057777794308172925,0.28344481392515664,0.47334583333333335
6,0.0,closed,mi_site,41,0.169355983131751,-0.013584305075082855,0.47334583333333335
6,0.0,closed,mi_site,42,-0.0496156050111044,-0.524667761145177,0.47334583333333335
6,0.0,closed,mi_site,43,-0.06657813019932324,-0.7276514648931137,0.47334583333333335
6,0.0,closed,mi_site,44,-0.06044077877233456,-0.5350272871178577,0.47334583333333335
6,0.0,closed,mi_site,45,0.07540931225049696,-0.31730013761270026,0.47334583333333335
6,0.0,closed,mi_site,46,-0.046284236762644926,0.5526011016605186,0.47334583333333335
6,0.0,closed,mi_site,47,-0.06655244621575547,-0.0014751024892089542,0.47334583333333335
6,0.0,closed,mi_site,48,-0.031137201684849847,-0.2929775962490596,0.47334583333333335
6,0.0,closed,mi_site,49,0.04203643249836528,0.2130031815925675,0.47334583333333335
6,0.0,closed,mi_site,50,0.03872524691787943,0.16003066636083763,0.47334583333333335
6,0.0,closed,mi_site,51,0.03243761286667002,-0.5079429229823723,0.47334583333333335
6,0.0,closed,mi_site,52,-0.0364232726819429,-0.5966878695104488,0.47334583333333335
6,0.0,closed,mi_site,53,0.03436089612353102,0.2358554209326171,0.47334583333333335
6,0.0,closed,mi_site,54,0.07435873878764088,0.39896344019242097,0.47334583333333335
6,0.0,closed,mi_site,55,0.07186253686284272,0.5770893440074865,0.47334583333333335
6,0.0,closed,mi_site,56,-0.014414976079674211,-0.0050556837524404355,0.47334583333333335
6,0.0,closed,mi_site,57,-0.03392547173418725,-0.5349818996283947,0.47334583333333335
6,0.0,closed,mi_site,58,-0.007105775862518537,-0.2632295598939496,0.47334583333333335
6,0.0,closed,mi_site,59,0.014097056023976956,-0.18980814877614952,0.47334583333333335
6,0.0,closed,mi_site,60,-0.027830941262000287,-0.0014862041390178364,0.47334583333333335
6,0.0,closed,mi_site,61,-0.0952499990203639,-0.5481038452090375,0.47334583333333335
6,0.0,closed,mi_site,62,-0.07259334334615919,-0.6999341620370241,0.47334583333333335
6,0.0,closed,mi_site,63,0.011615554399069083,0.49717641635969195,0.47334583333333335
6,0.0,closed,mi_site,64,0.016592404518212978,0.3680038235861447,0.47334583333333335
6,0.0,closed,mi_site,65,0.008593957994376789,0.9020544951314514,0.47334583333333335
6,1.0,aligned,available,0,0.0035002679923761826,0.2795000663807829,0.47334583333333335
6,1.0,aligned,available,1,0.013611011957354487,-0.0024214292838198787,0.47334583333333335
6,1.0,aligned,available,2,-0.025195078537466328,0.0029759147080559802,0.47334583333333335
6,1.0,aligned,available,3,0.0029921968942125954,-0.45884850757523343,0.47334583333333335
6,1.0,aligned,available,4,0.012099413479810306,-0.3494267132283832,0.47334583333333335
6,1.0,aligned,available,5,-0.028685591265942167,0.29894289808808017,0.47334583333333335
6,1.0,aligned,available,6,0.0060390749677803335,-0.634759764205398,0.47334583333333335
6,1.0,aligned,available,7,0.018042407610020305,-0.0004591300555499246,0.47334583333333335
6,1.0,aligned,available,8,0.0011343380548841653,0.862116498072012,0.47334583333333335
6,1.0,aligned,available,9,0.008860715472630232,0.43267840055638884,0.47334583333333335
6,1.0,aligned,available,10,0.0014648442785554217,0.31944787970948296,0.47334583333333335
6,1.0,aligned,available,11,0.005428932541768239,0.5470260941600638,0.47334583333333335
6,1.0,aligned,available,12,-0.009619452665833972,-0.4186095030589223,0.47334583333333335
6,1.0,aligned,available,13,-0.0010603385203733495,-0.5869308347001488,0.47334583333333335
6,1.0,aligned,available,14,0.004417614978865392,0.275178209209296,0.47334583333333335
6,1.0,aligned,available,15,-0.001086707732675607,0.49320017687731493,0.47334583333333335
6,1.0,aligned,available,16,-0.0031351716075390668,-0.17115126062093602,0.47334583333333335
6,1.0,aligned,available,17,-0.002266920729972366,-0.6086431535552108,0.47334583333333335
6,1.0,aligned,available,18,0.0015340147838597828,0.3260182403654331,0.47334583333333335
6,1.0,aligned,available,19,0.0019187348659016612,0.8985437478393936,0.47334583333333335
6,1.0,aligned,available,20,-9.841450602077195e-05,0.9522770358620014,0.47334583333333335
6,1.0,aligned,available,21,0.0016641013426005324,-0.7579865585416307,0.47334583333333335
6,1.0,aligned,available,22,-0.007016103310531485,-0.5655191355289473,0.47334583333333335
6,1.0,aligned,available,23,0.018453442692833333,0.6601183086664656,0.47334583333333335
6,1.0,aligned,available,24,-0.015964532715447177,-0.06334896093816768,0.47334583333333335
6,1.0,aligned,available,25,0.01194184397492275,0.0038530913137123446,0.47334583333333335
6,1.0,aligned,available,26,0.0052308974149128835,0.014503912023106379,0.47334583333333335
6,1.0,aligned,available,27,7.693667899438946e-05,-0.002499327946723812,0.47334583333333335
6,1.0,aligned,available,28,0.007848807921031598,0.5303920431885124,0.47334583333333335
6,1.0,aligned,available,29,0.0007087214539055475,0.38830098841265814,0.47334583333333335
6,1.0,aligned,available,30,0.04468735360114284,0.43367963843224594,0.47334583333333335
6,1.0,aligned,available,31,-0.007825027162492448,-0.504263736595079,0.47334583333333335
6,1.0,aligned,available,32,-0.013306416175417946,0.04900737803464451,0.47334583333333335
6,1.0,aligned,available,33,0.05559412137614613,-0.008279499569690749,0.47334583333333335
6,1.0,aligned,available,34,-0.003140825181225996,-0.012828102314615009,0.47334583333333335
6,1.0,aligned,available,35,-0.013001074540347574,-0.003061141650111919,0.47334583333333335
6,1.0,aligned,available,36,-0.029640557814529567,-0.40609702444390194,0.47334583333333335
6,1.0,aligned,available,37,-0.02287148827342267,-0.2978194385670194,0.47334583333333335
6,1.0,aligned,available,38,-0.012474392616948854,-0.21711110953390556,0.47334583333333335
6,1.0,aligned,available,39,0.006521172374854056,0.08142960150572445,0.47334583333333335
6,1.0,aligned,available,40,0.0027103233380724734,0.29002625240584945,0.47334583333333335
6,1.0,aligned,available,41,0.0020208683331674974,-0.013305735301170655,0.47334583333333335
6,1.0,aligned,available,42,-0.002067939117532447,-0.5326972151207702,0.47334583333333335
6,1.0,aligned,available,43,-0.0038546583356253716,-0.730000757789656,0.47334583333333335
6,1.0,aligned,available,44,0.0030809982590341844,-0.5375325738794416,0.47334583333333335
6,1.0,aligned,available,45,0.004189240766864832,-0.3226845683046481,0.47334583333333335
6,1.0,aligned,available,46,-0.007184002230001596,0.5565600663867014,0.47334583333333335
6,1.0,aligned,available,47,-0.001345387370652892,0.0010403241842820946,0.47334583333333335
6,1.0,aligned,available,48,-0.01669941982974804,-0.294132754906584,0.47334583333333335
6,1.0,aligned,available,49,0.014210144238821915,0.20831189145161302,0.47334583333333335
6,1.0,aligned,available,50,0.004508811454152578,0.15604916146651082,0.47334583333333335
6,1.0,aligned,available,51,0.012992662792372212,-0.5133805738870701,0.47334583333333335
6,1.0,aligned,available,52,-0.001251554995460813,-0.6013585319352907,0.47334583333333335
6,1.0,aligned,available,53,-0.011020746283040284,0.23925258527374835,0.47334583333333335
6,1.0,aligned,available,54,-0.00979738488027071,0.4043614377633959,0.47334583333333335
6,1.0,aligned,available,55,-0.0004798073614773468,0.580961721703079,0.47334583333333335
6,1.0,aligned,available,56,-0.00036704144474809065,0.00036870345605968346,0.47334583333333335
6,1.0,aligned,available,57,-0.003132066168105019,-0.5387902522564789,0.47334583333333335
6,1.0,aligned,available,58,-0.004910707959978,-0.2712627251833893,0.47334583333333335
6,1.0,aligned,available,59,-0.000550300658068853,-0.19768000796560795,0.47334583333333335
6,1.0,aligned,available,60,-0.006505293621404641,-0.002974763969103911,0.47334583333333335
6,1.0,aligned,available,61,0.006524872252638425,-0.5482757862831316,0.47334583333333335
6,1.0,aligned,available,62,0.001123143165347007,-0.7013583941373509,0.47334583333333335
6,1.0,aligned,available,63,0.0018070763555234626,0.5040030481062774,0.47334583333333335
6,1.0,aligned,available,64,0.006034307452913779,0.37368792416211577,0.47334583333333335
6,1.0,aligned,available,65,0.0015411524015935818,0.9034772529743739,0.47334583333333335
6,1.0,aligned,mi_obs,0,0.020718265450822726,0.2795000663807829,0.47334583333333335
6,1.0,aligned,mi_obs,1,0.015944295109426534,-0.0024214292838198787,0.47334583333333335
6,1.0,aligned,mi_obs,2,0.010611552785974273,0.0029759147080559802,0.47334583333333335
6,1.0,aligned,mi_obs,3,-0.04446407424248655,-0.45884850757523343,0.47334583333333335
6,1.0,aligned,mi_obs,4,-0.06887631557791218,-0.3494267132283832,0.47334583333333335
6,1.0,aligned,mi_obs,5,0.06631363479263325,0.29894289808808017,0.47334583333333335
6,1.0,aligned,mi_obs,6,-0.11176082374089391,-0.634759764205398,0.47334583333333335
6,1.0,aligned,mi_obs,7,-0.044055437006612165,-0.0004591300555499246,0.47334583333333335
6,1.0,aligned,mi_obs,8,0.05045373985563195,0.862116498072012,0.47334583333333335
6,1.0,aligned,mi_obs,9,0.02217326234446032,0.43267840055638884,0.47334583333333335
6,1.0,aligned,mi_obs,10,0.01878733746489314,0.31944787970948296,0.47334583333333335
6,1.0,aligned,mi_obs,11,0.020134171520263533,0.5470260941600638,0.47334583333333335
6,1.0,aligned,mi_obs,12,-0.04357502355574544,-0.4186095030589223,0.47334583333333335
6,1.0,aligned,mi_obs,13,-0.04742796650637382,-0.5869308347001488,0.47334583333333335
6,1.0,aligned,mi_obs,14,0.02502309543441439,0.275178209209296,0.47334583333333335
6,1.0,aligned,mi_obs,15,0.08042535764898667,0.49320017687731493,0.47334583333333335
6,1.0,aligned,mi_obs,16,-0.021099586965406897,-0.17115126062093602,0.47334583333333335
6,1.0,aligned,mi_obs,17,-0.06871559934378169,-0.6086431535552108,0.47334583333333335
6,1.0,aligned,mi_obs,18,0.01353631284113127,0.3260182403654331,0.47334583333333335
6,1.0,aligned,mi_obs,19,0.012111504446097876,0.8985437478393936,0.47334583333333335
6,1.0,aligned,mi_obs,20,0.0018468915181344414,0.9522770358620014,0.47334583333333335
6,1.0,aligned,mi_obs,21,-0.10934371980831392,-0.7579865585416307,0.47334583333333335
6,1.0,aligned,mi_obs,22,-0.03944587618560336,-0.5655191355289473,0.47334583333333335
6,1.0,aligned,mi_obs,23,0.06901765973298724,0.6601183086664656,0.47334583333333335
6,1.0,aligned,mi_obs,24,0.042946645887759566,-0.06334896093816768,0.47334583333333335
6,1.0,aligned,mi_obs,25,-0.05496800327842111,0.0038530913137123446,0.47334583333333335
6,1.0,aligned,mi_obs,26,-0.04780586149654474,0.014503912023106379,0.47334583333333335
6,1.0,aligned,mi_obs,27,0.0022087943782470223,-0.002499327946723812,0.47334583333333335
6,1.0,aligned,mi_obs,28,0.014854065265666572,0.5303920431885124,0.47334583333333335
6,1.0,aligned,mi_obs,29,0.0025388009902151953,0.38830098841265814,0.47334583333333335
6,1.0,aligned,mi_obs,30,0.12672079985781698,0.43367963843224594,0.47334583333333335
6,1.0,aligned,mi_obs,31,-0.08915087737124561,-0.504263736595079,0.47334583333333335
6,1.0,aligned,mi_obs,32,-0.07283613035325195,0.04900737803464451,0.47334583333333335
6,1.0,aligned,mi_obs,33,0.034766660171554775,-0.008279499569690749,0.47334583333333335
6,1.0,aligned,mi_obs,34,0.030875189894887998,-0.012828102314615009,0.47334583333333335
6,1.0,aligned,mi_obs,35,-0.04199461283355591,-0.003061141650111919,0.47334583333333335
6,1.0,aligned,mi_obs,36,-0.07592094960271278,-0.40609702444390194,0.47334583333333335
6,1.0,aligned,mi_obs,37,-0.06317611514161581,-0.2978194385670194,0.47334583333333335
6,1.0,aligned,mi_obs,38,-0.012894601712356013,-0.21711110953390556,0.47334583333333335
6,1.0,aligned,mi_obs,39,-0.11597045076061263,0.08142960150572445,0.47334583333333335
6,1.0,aligned,mi_obs,40,0.08072529663299383,0.29002625240584945,0.47334583333333335
6,1.0,aligned,mi_obs,41,0.12458187622476449,-0.013305735301170655,0.47334583333333335
6,1.0,aligned,mi_obs,42,-0.059289166657635506,-0.5326972151207702,0.47334583333333335
6,1.0,aligned,mi_obs,43,-0.05906243405472067,-0.730000757789656,0.47334583333333335
6,1.0,aligned,mi_obs,44,-0.04103049834786676,-0.5375325738794416,0.47334583333333335
6,1.0,aligned,mi_obs,45,0.044904052237744074,-0.3226845683046481,0.47334583333333335
6,1.0,aligned,mi_obs,46,-0.029375574734698984,0.5565600663867014,0.47334583333333335
6,1.0,aligned,mi_obs,47,-0.026686726688290772,0.0010403241842820946,0.47334583333333335
6,1.0,aligned,mi_obs,48,-0.06381720982084393,-0.294132754906584,0.47334583333333335
6,1.0,aligned,mi_obs,49,0.007790288454099126,0.20831189145161302,0.47334583333333335
6,1.0,aligned,mi_obs,50,0.016817198483136037,0.15604916146651082,0.47334583333333335
6,1.0,aligned,mi_obs,51,0.04282371717565003,-0.5133805738870701,0.47334583333333335
6,1.0,aligned,mi_obs,52,-0.0611700343483047,-0.6013585319352907,0.47334583333333335
6,1.0,aligned,mi_obs,53,0.03162212174000348,0.23925258527374835,0.47334583333333335
6,1.0,aligned,mi_obs,54,0.07810073423499725,0.4043614377633959,0.47334583333333335
6,1.0,aligned,mi_obs,55,0.08491378337282174,0.580961721703079,0.47334583333333335
6,1.0,aligned,mi_obs,56,0.0018188217695838478,0.00036870345605968346,0.47334583333333335
6,1.0,aligned,mi_obs,57,-0.0769797520133999,-0.5387902522564789,0.47334583333333335
6,1.0,aligned,mi_obs,58,-0.0454996632440548,-0.2712627251833893,0.47334583333333335
6,1.0,aligned,mi_obs,59,-0.016347968400276552,-0.19768000796560795,0.47334583333333335
6,1.0,aligned,mi_obs,60,-0.002500393684578276,-0.002974763969103911,0.47334583333333335
6,1.0,aligned,mi_obs,61,-0.08032424930355087,-0.5482757862831316,0.47334583333333335
6,1.0,aligned,mi_obs,62,-0.0658076137563911,-0.7013583941373509,0.47334583333333335
6,1.0,aligned,mi_obs,63,0.015313329970340739,0.5040030481062774,0.47334583333333335
6,1.0,aligned,mi_obs,64,0.014929935101788971,0.37368792416211577,0.47334583333333335
6,1.0,aligned,mi_obs,65,0.009697071879785857,0.9034772529743739,0.47334583333333335
6,1.0,aligned,mi_class,0,-0.03295037802700182,0.2795000663807829,0.47334583333333335
6,1.0,aligned,mi_class,1,0.015940107499317593,-0.0024214292838198787,0.47334583333333335
6,1.0,aligned,mi_class,2,0.15086964700292324,0.0029759147080559802,0.47334583333333335
6,1.0,aligned,mi_class,3,0.08047585691363529,-0.45884850757523343,0.47334583333333335
6,1.0,aligned,mi_class,4,0.09777543348787732,-0.3494267132283832,0.47334583333333335
6,1.0,aligned,mi_class,5,-0.10900918856743291,0.29894289808808017,0.47334583333333335
6,1.0,aligned,mi_class,6,0.007018994047017224,-0.634759764205398,0.47334583333333335
6,1.0,aligned,mi_class,7,0.002417063741455759,-0.0004591300555499246,0.47334583333333335
6,1.0,aligned,mi_class,8,-0.06916006886786952,0.862116498072012,0.47334583333333335
6,1.0,aligned,mi_class,9,-0.0013419012657636675,0.43267840055638884,0.47334583333333335
6,1.0,aligned,mi_class,10,0.008420311203302167,0.31944787970948296,0.47334583333333335
6,1.0,aligned,mi_class,11,-0.08766909915296806,0.5470260941600638,0.47334583333333335
6,1.0,aligned,mi_class,12,0.12213282054894653,-0.4186095030589223,0.47334583333333335
6,1.0,aligned,mi_class,13,0.20708108417861132,-0.5869308347001488,0.47334583333333335
6,1.0,aligned,mi_class,14,-0.10028672657260906,0.275178209209296,0.47334583333333335
6,1.0,aligned,mi_class,15,-0.19411844526570665,0.49320017687731493,0.47334583333333335
6,1.0,aligned,mi_class,16,-0.013854486259962828,-0.17115126062093602,0.47334583333333335
6,1.0,aligned,mi_class,17,0.19532357367684217,-0.6086431535552108,0.47334583333333335
6,1.0,aligned,mi_class,18,-0.02124306056644143,0.3260182403654331,0.47334583333333335
6,1.0,aligned,mi_class,19,-0.08461431687804688,0.8985437478393936,0.47334583333333335
6,1.0,aligned,mi_class,20,-0.09932814275873803,0.9522770358620014,0.47334583333333335
6,1.0,aligned,mi_class,21,0.19216898701561225,-0.7579865585416307,0.47334583333333335
6,1.0,aligned,mi_class,22,0.2536056266537033,-0.5655191355289473,0.47334583333333335
6,1.0,aligned,mi_class,23,-0.2902100872160727,0.6601183086664656,0.47334583333333335
6,1.0,aligned,mi_class,24,0.030898045505763312,-0.06334896093816768,0.47334583333333335
6,1.0,aligned,mi_class,25,0.01145660513663916,0.0038530913137123446,0.47334583333333335
6,1.0,aligned,mi_class,26,-0.005845255277206512,0.014503912023106379,0.47334583333333335
6,1.0,aligned,mi_class,27,-0.005368549418272598,-0.002499327946723812,0.47334583333333335
6,1.0,aligned,mi_class,28,-0.0074173755129745,0.5303920431885124,0.47334583333333335
6,1.0,aligned,mi_class,29,-0.04695615442787082,0.38830098841265814,0.47334583333333335
6,1.0,aligned,mi_class,30,-0.148258491294339,0.43367963843224594,0.47334583333333335
6,1.0,aligned,mi_class,31,0.19893411788678617,-0.504263736595079,0.47334583333333335
6,1.0,aligned,mi_class,32,-0.04234446913991709,0.04900737803464451,0.47334583333333335
6,1.0,aligned,mi_class,33,-0.010472420157879494,-0.008279499569690749,0.47334583333333335
6,1.0,aligned,mi_class,34,0.009491698014994845,-0.012828102314615009,0.47334583333333335
6,1.0,aligned,mi_class,35,0.08680629787908686,-0.003061141650111919,0.47334583333333335
6,1.0,aligned,mi_class,36,0.08391637342935443,-0.40609702444390194,0.47334583333333335
6,1.0,aligned,mi_class,37,0.062026864629236705,-0.2978194385670194,0.47334583333333335
6,1.0,aligned,mi_class,38,-0.003274292968467568,-0.21711110953390556,0.47334583333333335
6,1.0,aligned,mi_class,39,0.0026943412732148148,0.08142960150572445,0.47334583333333335
6,1.0,aligned,mi_class,40,-0.03555659653096199,0.29002625240584945,0.47334583333333335
6,1.0,aligned,mi_class,41,-0.0066553862384540665,-0.013305735301170655,0.47334583333333335
6,1.0,aligned,mi_class,42,0.08562451615648209,-0.5326972151207702,0.47334583333333335
6,1.0,aligned,mi_class,43,0.1937743987226569,-0.730000757789656,0.47334583333333335
6,1.0,aligned,mi_class,44,0.14525919754402,-0.5375325738794416,0.47334583333333335
6,1.0,aligned,mi_class,45,0.0353725043727135,-0.3226845683046481,0.47334583333333335
6,1.0,aligned,mi_class,46,-0.08025658138147634,0.5565600663867014,0.47334583333333335
6,1.0,aligned,mi_class,47,0.0165558962010967,0.0010403241842820946,0.47334583333333335
6,1.0,aligned,mi_class,48,0.04023111041408006,-0.294132754906584,0.47334583333333335
6,1.0,aligned,mi_class,49,-0.06061524191066009,0.20831189145161302,0.47334583333333335
6,1.0,aligned,mi_class,50,-0.05358538764447143,0.15604916146651082,0.47334583333333335
6,1.0,aligned,mi_class,51,0.1295329396252991,-0.5133805738870701,0.47334583333333335
6,1.0,aligned,mi_class,52,0.0848926142629064,-0.6013585319352907,0.47334583333333335
6,1.0,aligned,mi_class,53,-0.049077614579425055,0.23925258527374835,0.47334583333333335
6,1.0,aligned,mi_class,54,-0.13976715232897746,0.4043614377633959,0.47334583333333335
6,1.0,aligned,mi_class,55,-0.19852124039140762,0.580961721703079,0.47334583333333335
6,1.0,aligned,mi_class,56,-0.001056457652699262,0.00036870345605968346,0.47334583333333335
6,1.0,aligned,mi_class,57,-0.04540849895961363,-0.5387902522564789,0.47334583333333335
6,1.0,aligned,mi_class,58,-0.038013794664401857,-0.2712627251833893,0.47334583333333335
6,1.0,aligned,mi_class,59,-0.07222211833241846,-0.19768000796560795,0.47334583333333335
6,1.0,aligned,mi_class,60,-0.048908162810631164,-0.002974763969103911,0.47334583333333335
6,1.0,aligned,mi_class,61,0.14507317326474367,-0.5482757862831316,0.47334583333333335
6,1.0,aligned,mi_class,62,0.1764773637331014,-0.7013583941373509,0.47334583333333335
6,1.0,aligned,mi_class,63,-0.00878547910561911,0.5040030481062774,0.47334583333333335
6,1.0,aligned,mi_class,64,0.025624385912187353,0.37368792416211577,0.47334583333333335
6,1.0,aligned,mi_class,65,-0.038905857515109665,0.9034772529743739,0.47334583333333335
6,1.0,aligned,mi_site,0,-0.0030771097475507103,0.2795000663807829,0.47334583333333335
6,1.0,aligned,mi_site,1,0.025918322328963003,-0.0024214292838198787,0.47334583333333335
6,1.0,aligned,mi_site,2,-0.013266155496654001,0.0029759147080559802,0.47334583333333335
6,1.0,aligned,mi_site,3,0.012110950110981678,-0.45884850757523343,0.47334583333333335
6,1.0,aligned,mi_site,4,0.006074831616742771,-0.3494267132283832,0.47334583333333335
6,1.0,aligned,mi_site,5,0.011198639080569728,0.29894289808808017,0.47334583333333335
6,1.0,aligned,mi_site,6,-0.015239883341765181,-0.634759764205398,0.47334583333333335
6,1.0,aligned,mi_site,7,0.0014293305046219728,-0.0004591300555499246,0.47334583333333335
6,1.0,aligned,mi_site,8,-0.03196120483606557,0.862116498072012,0.47334583333333335
6,1.0,aligned,mi_site,9,-0.018503650034188912,0.43267840055638884,0.47334583333333335
6,1.0,aligned,mi_site,10,-0.011137848904510028,0.31944787970948296,0.47334583333333335
6,1.0,aligned,mi_site,11,-0.02169512146517938,0.5470260941600638,0.47334583333333335
6,1.0,aligned,mi_site,12,0.04630351437383834,-0.4186095030589223,0.47334583333333335
6,1.0,aligned,mi_site,13,0.0007534911053553861,-0.5869308347001488,0.47334583333333335
6,1.0,aligned,mi_site,14,0.0354097986317225,0.275178209209296,0.47334583333333335
6,1.0,aligned,mi_site,15,0.05492375195210858,0.49320017687731493,0.47334583333333335
6,1.0,aligned,mi_site,16,-0.01432517515026796,-0.17115126062093602,0.47334583333333335
6,1.0,aligned,mi_site,17,-0.02586148952291012,-0.6086431535552108,0.47334583333333335
6,1.0,aligned,mi_site,18,0.0012575562168364307,0.3260182403654331,0.47334583333333335
6,1.0,aligned,mi_site,19,-0.028059955725756147,0.8985437478393936,0.47334583333333335
6,1.0,aligned,mi_site,20,-0.03076179590739414,0.9522770358620014,0.47334583333333335
6,1.0,aligned,mi_site,21,0.0036023637434665634,-0.7579865585416307,0.47334583333333335
6,1.0,aligned,mi_site,22,0.006270518227970423,-0.5655191355289473,0.47334583333333335
6,1.0,aligned,mi_site,23,0.037055860207206304,0.6601183086664656,0.47334583333333335
6,1.0,aligned,mi_site,24,0.05547422545782906,-0.06334896093816768,0.47334583333333335
6,1.0,aligned,mi_site,25,-0.041126990279392796,0.0038530913137123446,0.47334583333333335
6,1.0,aligned,mi_site,26,-0.053379171011722605,0.014503912023106379,0.47334583333333335
6,1.0,aligned,mi_site,27,0.022929674041765227,-0.002499327946723812,0.47334583333333335
6,1.0,aligned,mi_site,28,-0.0015002611281093037,0.5303920431885124,0.47334583333333335
6,1.0,aligned,mi_site,29,-0.004964225860792759,0.38830098841265814,0.47334583333333335
6,1.0,aligned,mi_site,30,0.02237881150003973,0.43367963843224594,0.47334583333333335
6,1.0,aligned,mi_site,31,0.004401807375818023,-0.504263736595079,0.47334583333333335
6,1.0,aligned,mi_site,32,-0.054006775809794426,0.04900737803464451,0.47334583333333335
6,1.0,aligned,mi_site,33,0.020326955206023442,-0.008279499569690749,0.47334583333333335
6,1.0,aligned,mi_site,34,0.028736871977900775,-0.012828102314615009,0.47334583333333335
6,1.0,aligned,mi_site,35,-0.033215729017167114,-0.003061141650111919,0.47334583333333335
6,1.0,aligned,mi_site,36,0.0010279717940718247,-0.40609702444390194,0.47334583333333335
6,1.0,aligned,mi_site,37,0.001236849614150326,-0.2978194385670194,0.47334583333333335
6,1.0,aligned,mi_site,38,-0.017999960831267536,-0.21711110953390556,0.47334583333333335
6,1.0,aligned,mi_site,39,-0.10318450919716635,0.08142960150572445,0.47334583333333335
6,1.0,aligned,mi_site,40,0.05728260431223653,0.29002625240584945,0.47334583333333335
6,1.0,aligned,mi_site,41,0.1020577965338515,-0.013305735301170655,0.47334583333333335
6,1.0,aligned,mi_site,42,-0.04755034571389516,-0.5326972151207702,0.47334583333333335
6,1.0,aligned,mi_site,43,-0.03025927936037609,-0.730000757789656,0.47334583333333335
6,1.0,aligned,mi_site,44,-0.030456190752215284,-0.5375325738794416,0.47334583333333335
6,1.0,aligned,mi_site,45,0.06066181253953645,-0.3226845683046481,0.47334583333333335
6,1.0,aligned,mi_site,46,-0.04733740330300629,0.5565600663867014,0.47334583333333335
6,1.0,aligned,mi_site,47,-0.05229606172505092,0.0010403241842820946,0.47334583333333335
6,1.0,aligned,mi_site,48,-0.02929936960484697,-0.294132754906584,0.47334583333333335
6,1.0,aligned,mi_site,49,0.034263710779077694,0.20831189145161302,0.47334583333333335
6,1.0,aligned,mi_site,50,0.03151970901226722,0.15604916146651082,0.47334583333333335
6,1.0,aligned,mi_site,51,0.03448470324071251,-0.5133805738870701,0.47334583333333335
6,1.0,aligned,mi_site,52,-0.034737111971765655,-0.6013585319352907,0.47334583333333335
6,1.0,aligned,mi_site,53,0.01718192097079016,0.23925258527374835,0.47334583333333335
6,1.0,aligned,mi_site,54,0.05239831574218262,0.4043614377633959,0.47334583333333335
6,1.0,aligned,mi_site,55,0.05801862613063413,0.580961721703079,0.47334583333333335
6,1.0,aligned,mi_site,56,-0.01723560518464645,0.00036870345605968346,0.47334583333333335
6,1.0,aligned,mi_site,57,-0.07298415716608764,-0.5387902522564789,0.47334583333333335
6,1.0,aligned,mi_site,58,-0.03268987997099676,-0.2712627251833893,0.47334583333333335
6,1.0,aligned,mi_site,59,-0.01682539815755163,-0.19768000796560795,0.47334583333333335
6,1.0,aligned,mi_site,60,0.023082343234338287,-0.002974763969103911,0.47334583333333335
6,1.0,aligned,mi_site,61,-0.038859091321933104,-0.5482757862831316,0.47334583333333335
6,1.0,aligned,mi_site,62,-0.02742190758122187,-0.7013583941373509,0.47334583333333335
6,1.0,aligned,mi_site,63,0.017682096265243308,0.5040030481062774,0.47334583333333335
6,1.0,aligned,mi_site,64,0.009831840195634656,0.37368792416211577,0.47334583333333335
6,1.0,aligned,mi_site,65,-0.012502959472539543,0.9034772529743739,0.47334583333333335
6,1.0,closed,available,0,-0.0003976801669385299,0.2795000663807829,0.47334583333333335
6,1.0,closed,available,1,-0.0011200360392142738,-0.0024214292838198787,0.47334583333333335
6,1.0,closed,available,2,-0.015846872662120485,0.0029759147080559802,0.47334583333333335
6,1.0,closed,available,3,-0.0028083849967875385,-0.45884850757523343,0.47334583333333335
6,1.0,closed,available,4,-0.02145492140307903,-0.3494267132283832,0.47334583333333335
6,1.0,closed,available,5,0.0011791529971955095,0.29894289808808017,0.47334583333333335
6,1.0,closed,available,6,-0.016846807390335505,-0.634759764205398,0.47334583333333335
6,1.0,closed,available,7,0.011621863965054435,-0.0004591300555499246,0.47334583333333335
6,1.0,closed,available,8,0.001232983323899428,0.862116498072012,0.47334583333333335
6,1.0,closed,available,9,-0.0048491223063376054,0.43267840055638884,0.47334583333333335
6,1.0,closed,available,10,0.0005006720820052712,0.31944787970948296,0.47334583333333335
6,1.0,closed,available,11,0.0007500111903739892,0.5470260941600638,0.47334583333333335
6,1.0,closed,available,12,0.011273015932509733,-0.4186095030589223,0.47334583333333335
6,1.0,closed,available,13,0.005458147592927731,-0.5869308347001488,0.47334583333333335
6,1.0,closed,available,14,-0.003463558960703883,0.275178209209296,0.47334583333333335
6,1.0,closed,available,15,0.003334048051258698,0.49320017687731493,0.47334583333333335
6,1.0,closed,available,16,0.004585374340157294,-0.17115126062093602,0.47334583333333335
6,1.0,closed,available,17,-0.002890070082287699,-0.6086431535552108,0.47334583333333335
6,1.0,closed,available,18,-0.0025851412777257443,0.3260182403654331,0.47334583333333335
6,1.0,closed,available,19,0.0001678919630196951,0.8985437478393936,0.47334583333333335
6,1.0,closed,available,20,-0.00023470511916190429,0.9522770358620014,0.47334583333333335
6,1.0,closed,available,21,0.0057427243001135775,-0.7579865585416307,0.47334583333333335
6,1.0,closed,available,22,0.006084643032981951,-0.5655191355289473,0.47334583333333335
6,1.0,closed,available,23,-0.0032778279639122943,0.6601183086664656,0.47334583333333335
6,1.0,closed,available,24,0.00028963269706637484,-0.06334896093816768,0.47334583333333335
6,1.0,closed,available,25,0.002044514722074878,0.0038530913137123446,0.47334583333333335
6,1.0,closed,available,26,-0.005711563588508505,0.014503912023106379,0.47334583333333335
6,1.0,closed,available,27,-0.021472680542796236,-0.002499327946723812,0.47334583333333335
6,1.0,closed,available,28,0.0024623937288315023,0.5303920431885124,0.47334583333333335
6,1.0,closed,available,29,-0.004344426683401681,0.38830098841265814,0.47334583333333335
6,1.0,closed,available,30,-0.003965396744215255,0.43367963843224594,0.47334583333333335
6,1.0,closed,available,31,0.012648295449062819,-0.504263736595079,0.47334583333333335
6,1.0,closed,available,32,-0.0018180666191596404,0.04900737803464451,0.47334583333333335
6,1.0,closed,available,33,0.010296181531859166,-0.008279499569690749,0.47334583333333335
6,1.0,closed,available,34,0.02534166129214549,-0.012828102314615009,0.47334583333333335
6,1.0,closed,available,35,0.0019140133418670071,-0.003061141650111919,0.47334583333333335
6,1.0,closed,available,36,-0.001145874065940633,-0.40609702444390194,0.47334583333333335
6,1.0,closed,available,37,0.014157362803688844,-0.2978194385670194,0.47334583333333335
6,1.0,closed,available,38,0.016738667945775332,-0.21711110953390556,0.47334583333333335
6,1.0,closed,available,39,-0.004750399127398983,0.08142960150572445,0.47334583333333335
6,1.0,closed,available,40,0.00512005490246592,0.29002625240584945,0.47334583333333335
6,1.0,closed,available,41,7.594339765189598e-05,-0.013305735301170655,0.47334583333333335
6,1.0,closed,available,42,0.02418343281306512,-0.5326972151207702,0.47334583333333335
6,1.0,closed,available,43,0.005208816013286044,-0.730000757789656,0.47334583333333335
6,1.0,closed,available,44,0.007468000699266453,-0.5375325738794416,0.47334583333333335
6,1.0,closed,available,45,-0.0003414481048413798,-0.3226845683046481,0.47334583333333335
6,1.0,closed,available,46,0.0022755900250467365,0.5565600663867014,0.47334583333333335
6,1.0,closed,available,47,0.0005722292008224386,0.0010403241842820946,0.47334583333333335
6,1.0,closed,available,48,-0.019361328938749034,-0.294132754906584,0.47334583333333335
6,1.0,closed,available,49,-0.0033492581812010758,0.20831189145161302,0.47334583333333335
6,1.0,closed,available,50,-0.007336224935832275,0.15604916146651082,0.47334583333333335
6,1.0,closed,available,51,-0.0004979526982339388,-0.5133805738870701,0.47334583333333335
6,1.0,closed,available,52,-0.004656582107547824,-0.6013585319352907,0.47334583333333335
6,1.0,closed,available,53,-0.011267502421685116,0.23925258527374835,0.47334583333333335
6,1.0,closed,available,54,0.0030408275141724506,0.4043614377633959,0.47334583333333335
6,1.0,closed,available,55,0.008005650346260662,0.580961721703079,0.47334583333333335
6,1.0,closed,available,56,-0.002722471609885849,0.00036870345605968346,0.47334583333333335
6,1.0,closed,available,57,-0.011077442468782728,-0.5387902522564789,0.47334583333333335
6,1.0,closed,available,58,0.009085714713959081,-0.2712627251833893,0.47334583333333335
6,1.0,closed,available,59,-0.0005199575714669447,-0.19768000796560795,0.47334583333333335
6,1.0,closed,available,60,0.021947655775758697,-0.002974763969103911,0.47334583333333335
6,1.0,closed,available,61,-0.008607117370337591,-0.5482757862831316,0.47334583333333335
6,1.0,closed,available,62,-0.0049286209162549,-0.7013583941373509,0.47334583333333335
6,1.0,closed,available,63,-0.002632309522267562,0.5040030481062774,0.47334583333333335
6,1.0,closed,available,64,-0.010838097425649562,0.37368792416211577,0.47334583333333335
6,1.0,closed,available,65,-0.0004363960099755815,0.9034772529743739,0.47334583333333335
6,1.0,closed,mi_obs,0,0.012910803608514654,0.2795000663807829,0.47334583333333335
6,1.0,closed,mi_obs,1,0.0018514600172112971,-0.0024214292838198787,0.47334583333333335
6,1.0,closed,mi_obs,2,-0.003955130560507551,0.0029759147080559802,0.47334583333333335
6,1.0,closed,mi_obs,3,-0.03491920730705411,-0.45884850757523343,0.47334583333333335
6,1.0,closed,mi_obs,4,-0.09804886868512352,-0.3494267132283832,0.47334583333333335
6,1.0,closed,mi_obs,5,0.08497712671968988,0.29894289808808017,0.47334583333333335
6,1.0,closed,mi_obs,6,-0.12936099383701005,-0.634759764205398,0.47334583333333335
6,1.0,closed,mi_obs,7,-0.0451812341748148,-0.0004591300555499246,0.47334583333333335
6,1.0,closed,mi_obs,8,0.055078744210932284,0.862116498072012,0.47334583333333335
6,1.0,closed,mi_obs,9,0.020136097307674572,0.43267840055638884,0.47334583333333335
6,1.0,closed,mi_obs,10,0.011776603799292906,0.31944787970948296,0.47334583333333335
6,1.0,closed,mi_obs,11,0.020582455940203137,0.5470260941600638,0.47334583333333335
6,1.0,closed,mi_obs,12,-0.0700996078863742,-0.4186095030589223,0.47334583333333335
6,1.0,closed,mi_obs,13,-0.048122247780375105,-0.5869308347001488,0.47334583333333335
6,1.0,closed,mi_obs,14,0.006034819171855721,0.275178209209296,0.47334583333333335
6,1.0,closed,mi_obs,15,0.08722461011385702,0.49320017687731493,0.47334583333333335
6,1.0,closed,mi_obs,16,-0.026019276338187486,-0.17115126062093602,0.47334583333333335
6,1.0,closed,mi_obs,17,-0.07658756992268778,-0.6086431535552108,0.47334583333333335
6,1.0,closed,mi_obs,18,0.012028328490011453,0.3260182403654331,0.47334583333333335
6,1.0,closed,mi_obs,19,0.010485075751112127,0.8985437478393936,0.47334583333333335
6,1.0,closed,mi_obs,20,0.002693011084300978,0.9522770358620014,0.47334583333333335
6,1.0,closed,mi_obs,21,-0.12621619321026034,-0.7579865585416307,0.47334583333333335
6,1.0,closed,mi_obs,22,-0.029127728321948765,-0.5655191355289473,0.47334583333333335
6,1.0,closed,mi_obs,23,0.06986694395807103,0.6601183086664656,0.47334583333333335
6,1.0,closed,mi_obs,24,0.03750411063377837,-0.06334896093816768,0.47334583333333335
6,1.0,closed,mi_obs,25,-0.030620490814711746,0.0038530913137123446,0.47334583333333335
6,1.0,closed,mi_obs,26,-0.056310262072051954,0.014503912023106379,0.47334583333333335
6,1.0,closed,mi_obs,27,-0.0007766424618260836,-0.002499327946723812,0.47334583333333335
6,1.0,closed,mi_obs,28,0.005784084807185175,0.5303920431885124,0.47334583333333335
6,1.0,closed,mi_obs,29,0.0011630015677995265,0.38830098841265814,0.47334583333333335
6,1.0,closed,mi_obs,30,0.12421811694487411,0.43367963843224594,0.47334583333333335
6,1.0,closed,mi_obs,31,-0.1560465845249066,-0.504263736595079,0.47334583333333335
6,1.0,closed,mi_obs,32,-0.029257637265249884,0.04900737803464451,0.47334583333333335
6,1.0,closed,mi_obs,33,-0.011803174413519916,-0.008279499569690749,0.47334583333333335
6,1.0,closed,mi_obs,34,0.10174686882872208,-0.012828102314615009,0.47334583333333335
6,1.0,closed,mi_obs,35,-0.032908261506900495,-0.003061141650111919,0.47334583333333335
6,1.0,closed,mi_obs,36,-0.07519374747459495,-0.40609702444390194,0.47334583333333335
6,1.0,closed,mi_obs,37,-0.061029179250701726,-0.2978194385670194,0.47334583333333335
6,1.0,closed,mi_obs,38,-0.0038388309533022857,-0.21711110953390556,0.47334583333333335
6,1.0,closed,mi_obs,39,-0.13266151941933807,0.08142960150572445,0.47334583333333335
6,1.0,closed,mi_obs,40,0.06633474564939584,0.29002625240584945,0.47334583333333335
6,1.0,closed,mi_obs,41,0.1459299630126688,-0.013305735301170655,0.47334583333333335
6,1.0,closed,mi_obs,42,-0.045250569348887826,-0.5326972151207702,0.47334583333333335
6,1.0,closed,mi_obs,43,-0.058488176920947765,-0.730000757789656,0.47334583333333335
6,1.0,closed,mi_obs,44,-0.04434447847760048,-0.5375325738794416,0.47334583333333335
6,1.0,closed,mi_obs,45,0.018883396923433937,-0.3226845683046481,0.47334583333333335
6,1.0,closed,mi_obs,46,-0.006495440265956609,0.5565600663867014,0.47334583333333335
6,1.0,closed,mi_obs,47,-0.018392702759877144,0.0010403241842820946,0.47334583333333335
6,1.0,closed,mi_obs,48,-0.06809199661116228,-0.294132754906584,0.47334583333333335
6,1.0,closed,mi_obs,49,-0.010191994985921216,0.20831189145161302,0.47334583333333335
6,1.0,closed,mi_obs,50,-0.0017766925478864548,0.15604916146651082,0.47334583333333335
6,1.0,closed,mi_obs,51,0.014695874539924214,-0.5133805738870701,0.47334583333333335
6,1.0,closed,mi_obs,52,-0.052785663976988806,-0.6013585319352907,0.47334583333333335
6,1.0,closed,mi_obs,53,0.06498764304266244,0.23925258527374835,0.47334583333333335
6,1.0,closed,mi_obs,54,0.09210430247253476,0.4043614377633959,0.47334583333333335
6,1.0,closed,mi_obs,55,0.09010806558466822,0.580961721703079,0.47334583333333335
6,1.0,closed,mi_obs,56,0.020851213764592102,0.00036870345605968346,0.47334583333333335
6,1.0,closed,mi_obs,57,-0.07088290874610825,-0.5387902522564789,0.47334583333333335
6,1.0,closed,mi_obs,58,-0.04887791537939479,-0.2712627251833893,0.47334583333333335
6,1.0,closed,mi_obs,59,-0.02110207415184262,-0.19768000796560795,0.47334583333333335
6,1.0,closed,mi_obs,60,-0.020037741223730938,-0.002974763969103911,0.47334583333333335
6,1.0,closed,mi_obs,61,-0.09265827775212099,-0.5482757862831316,0.47334583333333335
6,1.0,closed,mi_obs,62,-0.07119547890758104,-0.7013583941373509,0.47334583333333335
6,1.0,closed,mi_obs,63,0.016839685042155605,0.5040030481062774,0.47334583333333335
6,1.0,closed,mi_obs,64,0.007499698005385469,0.37368792416211577,0.47334583333333335
6,1.0,closed,mi_obs,65,0.00971580321390475,0.9034772529743739,0.47334583333333335
6,1.0,closed,mi_class,0,-0.034582128139613894,0.2795000663807829,0.47334583333333335
6,1.0,closed,mi_class,1,-0.007924775933122536,-0.0024214292838198787,0.47334583333333335
6,1.0,closed,mi_class,2,0.15694650477171848,0.0029759147080559802,0.47334583333333335
6,1.0,closed,mi_class,3,0.10150336415873012,-0.45884850757523343,0.47334583333333335
6,1.0,closed,mi_class,4,0.08741686237336055,-0.3494267132283832,0.47334583333333335
6,1.0,closed,mi_class,5,-0.06348854226898115,0.29894289808808017,0.47334583333333335
6,1.0,closed,mi_class,6,0.07564196577249249,-0.634759764205398,0.47334583333333335
6,1.0,closed,mi_class,7,0.002767491304125116,-0.0004591300555499246,0.47334583333333335
6,1.0,closed,mi_class,8,-0.051706022399164664,0.862116498072012,0.47334583333333335
6,1.0,closed,mi_class,9,0.02075284273245004,0.43267840055638884,0.47334583333333335
6,1.0,closed,mi_class,10,0.018143065906840228,0.31944787970948296,0.47334583333333335
6,1.0,closed,mi_class,11,-0.37938476076702965,0.5470260941600638,0.47334583333333335
6,1.0,closed,mi_class,12,0.17081802505122617,-0.4186095030589223,0.47334583333333335
6,1.0,closed,mi_class,13,0.18090066362317225,-0.5869308347001488,0.47334583333333335
6,1.0,closed,mi_class,14,-0.05764866731991322,0.275178209209296,0.47334583333333335
6,1.0,closed,mi_class,15,-0.14737326754628566,0.49320017687731493,0.47334583333333335
6,1.0,closed,mi_class,16,0.011477573623808746,-0.17115126062093602,0.47334583333333335
6,1.0,closed,mi_class,17,0.1803172877965039,-0.6086431535552108,0.47334583333333335
6,1.0,closed,mi_class,18,-0.02160901725336556,0.3260182403654331,0.47334583333333335
6,1.0,closed,mi_class,19,-0.053004981896177084,0.8985437478393936,0.47334583333333335
6,1.0,closed,mi_class,20,-0.09604373720353132,0.9522770358620014,0.47334583333333335
6,1.0,closed,mi_class,21,0.2757962402066802,-0.7579865585416307,0.47334583333333335
6,1.0,closed,mi_class,22,0.45281862483791135,-0.5655191355289473,0.47334583333333335
6,1.0,closed,mi_class,23,-0.5344639639691053,0.6601183086664656,0.47334583333333335
6,1.0,closed,mi_class,24,0.05122636620174065,-0.06334896093816768,0.47334583333333335
6,1.0,closed,mi_class,25,0.0339107925531834,0.0038530913137123446,0.47334583333333335
6,1.0,closed,mi_class,26,-0.012005162117481025,0.014503912023106379,0.47334583333333335
6,1.0,closed,mi_class,27,-0.004632121991252287,-0.002499327946723812,0.47334583333333335
6,1.0,closed,mi_class,28,-0.3515894218213587,0.5303920431885124,0.47334583333333335
6,1.0,closed,mi_class,29,-0.2678092111097208,0.38830098841265814,0.47334583333333335
6,1.0,closed,mi_class,30,-0.19413559245391618,0.43367963843224594,0.47334583333333335
6,1.0,closed,mi_class,31,0.2510977982978796,-0.504263736595079,0.47334583333333335
6,1.0,closed,mi_class,32,-0.03313623734702077,0.04900737803464451,0.47334583333333335
6,1.0,closed,mi_class,33,-0.024399718542463332,-0.008279499569690749,0.47334583333333335
6,1.0,closed,mi_class,34,0.03175445247093997,-0.012828102314615009,0.47334583333333335
6,1.0,closed,mi_class,35,0.016475161276268448,-0.003061141650111919,0.47334583333333335
6,1.0,closed,mi_class,36,0.12094157939089278,-0.40609702444390194,0.47334583333333335
6,1.0,closed,mi_class,37,0.10128163027933645,-0.2978194385670194,0.47334583333333335
6,1.0,closed,mi_class,38,-0.02562346917897776,-0.21711110953390556,0.47334583333333335
6,1.0,closed,mi_class,39,-0.007882449494226451,0.08142960150572445,0.47334583333333335
6,1.0,closed,mi_class,40,-0.02241789800919569,0.29002625240584945,0.47334583333333335
6,1.0,closed,mi_class,41,0.0007861812646757053,-0.013305735301170655,0.47334583333333335
6,1.0,closed,mi_class,42,0.06735283957301008,-0.5326972151207702,0.47334583333333335
6,1.0,closed,mi_class,43,0.19506249866138559,-0.730000757789656,0.47334583333333335
6,1.0,closed,mi_class,44,0.12898999534724104,-0.5375325738794416,0.47334583333333335
6,1.0,closed,mi_class,45,0.01730878670998781,-0.3226845683046481,0.47334583333333335
6,1.0,closed,mi_class,46,-0.06164463662001063,0.5565600663867014,0.47334583333333335
6,1.0,closed,mi_class,47,-0.006613030708896673,0.0010403241842820946,0.47334583333333335
6,1.0,closed,mi_class,48,0.12779565810652055,-0.294132754906584,0.47334583333333335
6,1.0,closed,mi_class,49,-0.032477429727628515,0.20831189145161302,0.47334583333333335
6,1.0,closed,mi_class,50,-0.01684185200349997,0.15604916146651082,0.47334583333333335
6,1.0,closed,mi_class,51,0.03782983549218438,-0.5133805738870701,0.47334583333333335
6,1.0,closed,mi_class,52,-0.0018924794316282911,-0.6013585319352907,0.47334583333333335
6,1.0,closed,mi_class,53,-0.05902991870582691,0.23925258527374835,0.47334583333333335
6,1.0,closed,mi_class,54,-0.09595676476752357,0.4043614377633959,0.47334583333333335
6,1.0,closed,mi_class,55,-0.12351128423564078,0.580961721703079,0.47334583333333335
6,1.0,closed,mi_class,56,-0.0019188587711245488,0.00036870345605968346,0.47334583333333335
6,1.0,closed,mi_class,57,0.03617774606409041,-0.5387902522564789,0.47334583333333335
6,1.0,closed,mi_class,58,0.02767037370547068,-0.2712627251833893,0.47334583333333335
6,1.0,closed,mi_class,59,0.02783769108375997,-0.19768000796560795,0.47334583333333335
6,1.0,closed,mi_class,60,-0.01183813129678751,-0.002974763969103911,0.47334583333333335
6,1.0,closed,mi_class,61,0.13920001911795665,-0.5482757862831316,0.47334583333333335
6,1.0,closed,mi_class,62,0.15800673672811727,-0.7013583941373509,0.47334583333333335
6,1.0,closed,mi_class,63,0.005157364323928215,0.5040030481062774,0.47334583333333335
6,1.0,closed,mi_class,64,0.015537184720006536,0.37368792416211577,0.47334583333333335
6,1.0,closed,mi_class,65,-0.020092205939467478,0.9034772529743739,0.47334583333333335
6,1.0,closed,mi_site,0,0.011052830081914045,0.2795000663807829,0.47334583333333335
6,1.0,closed,mi_site,1,-0.005193977845244467,-0.0024214292838198787,0.47334583333333335
6,1.0,closed,mi_site,2,-0.018103042933913013,0.0029759147080559802,0.47334583333333335
6,1.0,closed,mi_site,3,-0.043745372282172235,-0.45884850757523343,0.47334583333333335
6,1.0,closed,mi_site,4,-0.0662020940004519,-0.3494267132283832,0.47334583333333335
6,1.0,closed,mi_site,5,0.06341283973746625,0.29894289808808017,0.47334583333333335
6,1.0,closed,mi_site,6,-0.09904589306173717,-0.634759764205398,0.47334583333333335
6,1.0,closed,mi_site,7,-0.027337112129195037,-0.0004591300555499246,0.47334583333333335
6,1.0,closed,mi_site,8,0.045134313522331215,0.862116498072012,0.47334583333333335
6,1.0,closed,mi_site,9,0.018570751824189657,0.43267840055638884,0.47334583333333335
6,1.0,closed,mi_site,10,0.01146004285636587,0.31944787970948296,0.47334583333333335
6,1.0,closed,mi_site,11,0.022755434716775436,0.5470260941600638,0.47334583333333335
6,1.0,closed,mi_site,12,-0.060491983641823066,-0.4186095030589223,0.47334583333333335
6,1.0,closed,mi_site,13,-0.05240963419929834,-0.5869308347001488,0.47334583333333335
6,1.0,closed,mi_site,14,0.018880996336274714,0.275178209209296,0.47334583333333335
6,1.0,closed,mi_site,15,0.08160174417061955,0.49320017687731493,0.47334583333333335
6,1.0,closed,mi_site,16,-0.020807407399150407,-0.17115126062093602,0.47334583333333335
6,1.0,closed,mi_site,17,-0.07196682288151879,-0.6086431535552108,0.47334583333333335
6,1.0,closed,mi_site,18,0.005065140815874891,0.3260182403654331,0.47334583333333335
6,1.0,closed,mi_site,19,0.008032224048004521,0.8985437478393936,0.47334583333333335
6,1.0,closed,mi_site,20,0.001433342663684778,0.9522770358620014,0.47334583333333335
6,1.0,closed,mi_site,21,-0.06672563615149119,-0.7579865585416307,0.47334583333333335
6,1.0,closed,mi_site,22,-0.01823479673821582,-0.5655191355289473,0.47334583333333335
6,1.0,closed,mi_site,23,0.06214433024671362,0.6601183086664656,0.47334583333333335
6,1.0,closed,mi_site,24,0.05464963489948227,-0.06334896093816768,0.47334583333333335
6,1.0,closed,mi_site,25,-0.03728761470550058,0.0038530913137123446,0.47334583333333335
6,1.0,closed,mi_site,26,-0.05582554910881879,0.014503912023106379,0.47334583333333335
6,1.0,closed,mi_site,27,-0.002541802900357112,-0.002499327946723812,0.47334583333333335
6,1.0,closed,mi_site,28,0.008652137668954896,0.5303920431885124,0.47334583333333335
6,1.0,closed,mi_site,29,0.00261940119500903,0.38830098841265814,0.47334583333333335
6,1.0,closed,mi_site,30,0.058922857257892924,0.43367963843224594,0.47334583333333335
6,1.0,closed,mi_site,31,-0.10704514795275577,-0.504263736595079,0.47334583333333335
6,1.0,closed,mi_site,32,-0.061913095889107844,0.04900737803464451,0.47334583333333335
6,1.0,closed,mi_site,33,0.02499227245319355,-0.008279499569690749,0.47334583333333335
6,1.0,closed,mi_site,34,0.08903303474635633,-0.012828102314615009,0.47334583333333335
6,1.0,closed,mi_site,35,-0.017672676939353954,-0.003061141650111919,0.47334583333333335
6,1.0,closed,mi_site,36,-0.05775232412515713,-0.40609702444390194,0.47334583333333335
6,1.0,closed,mi_site,37,-0.050218857326243815,-0.2978194385670194,0.47334583333333335
6,1.0,closed,mi_site,38,-0.0047326596188006775,-0.21711110953390556,0.47334583333333335
6,1.0,closed,mi_site,39,-0.1416136170993856,0.08142960150572445,0.47334583333333335
6,1.0,closed,mi_site,40,0.06669121389873983,0.29002625240584945,0.47334583333333335
6,1.0,closed,mi_site,41,0.1537046032783156,-0.013305735301170655,0.47334583333333335
6,1.0,closed,mi_site,42,-0.03580924991087975,-0.5326972151207702,0.47334583333333335
6,1.0,closed,mi_site,43,-0.06214138229071531,-0.730000757789656,0.47334583333333335
6,1.0,closed,mi_site,44,-0.05296225020999268,-0.5375325738794416,0.47334583333333335
6,1.0,closed,mi_site,45,0.04465487172586885,-0.3226845683046481,0.47334583333333335
6,1.0,closed,mi_site,46,-0.028847038391659918,0.5565600663867014,0.47334583333333335
6,1.0,closed,mi_site,47,-0.03490186087060253,0.0010403241842820946,0.47334583333333335
6,1.0,closed,mi_site,48,-0.03675007021895593,-0.294132754906584,0.47334583333333335
6,1.0,closed,mi_site,49,0.008256550203499718,0.20831189145161302,0.47334583333333335
6,1.0,closed,mi_site,50,0.011138887220881855,0.15604916146651082,0.47334583333333335
6,1.0,closed,mi_site,51,0.02084818545681677,-0.5133805738870701,0.47334583333333335
6,1.0,closed,mi_site,52,-0.04018177375652898,-0.6013585319352907,0.47334583333333335
6,1.0,closed,mi_site,53,0.055220871733591165,0.23925258527374835,0.47334583333333335
6,1.0,closed,mi_site,54,0.08388069653343055,0.4043614377633959,0.47334583333333335
6,1.0,closed,mi_site,55,0.08137770634817765,0.580961721703079,0.47334583333333335
6,1.0,closed,mi_site,56,0.003091529615376111,0.00036870345605968346,0.47334583333333335
6,1.0,closed,mi_site,57,-0.05563817412498895,-0.5387902522564789,0.47334583333333335
6,1.0,closed,mi_site,58,-0.03984342284299269,-0.2712627251833893,0.47334583333333335
6,1.0,closed,mi_site,59,-0.012233389057692223,-0.19768000796560795,0.47334583333333335
6,1.0,closed,mi_site,60,-0.024155000278351893,-0.002974763969103911,0.47334583333333335
6,1.0,closed,mi_site,61,-0.08614303181652827,-0.5482757862831316,0.47334583333333335
6,1.0,closed,mi_site,62,-0.06847202515989625,-0.7013583941373509,0.47334583333333335
6,1.0,closed,mi_site,63,0.009760208266780257,0.5040030481062774,0.47334583333333335
6,1.0,closed,mi_site,64,0.0033558514498367997,0.37368792416211577,0.47334583333333335
6,1.0,closed,mi_site,65,0.006424595259173715,0.9034772529743739,0.47334583333333335
6,2.0,aligned,available,0,-0.0009141392261868275,0.29767211491129897,0.47334583333333335
6,2.0,aligned,available,1,0.017401870339255728,0.011478305001919079,0.47334583333333335
6,2.0,aligned,available,2,-0.02370360381294668,-0.0071507285164774705,0.47334583333333335
6,2.0,aligned,available,3,0.0017001876140536054,-0.48074555518856477,0.47334583333333335
6,2.0,aligned,available,4,0.019827679806292686,-0.3569569988464282,0.47334583333333335
6,2.0,aligned,available,5,-0.04289465264997555,0.31309136803938814,0.47334583333333335
6,2.0,aligned,available,6,0.009726941545279422,-0.6475986877758871,0.47334583333333335
6,2.0,aligned,available,7,0.031085178614625834,-0.006199684070467065,0.47334583333333335
6,2.0,aligned,available,8,-9.866029597149772e-05,0.8714278655296912,0.47334583333333335
6,2.0,aligned,available,9,0.003635511364614319,0.4523874737276134,0.47334583333333335
6,2.0,aligned,available,10,-0.004198948162195459,0.3367958539144129,0.47334583333333335
6,2.0,aligned,available,11,0.009708234073380173,0.5499798742661369,0.47334583333333335
6,2.0,aligned,available,12,-0.012044338818076483,-0.4246644322767654,0.47334583333333335
6,2.0,aligned,available,13,-0.0028120291067819103,-0.5939928556598146,0.47334583333333335
6,2.0,aligned,available,14,0.008481366275766566,0.2651081549316536,0.47334583333333335
6,2.0,aligned,available,15,0.0002896166907589981,0.5039989637245788,0.47334583333333335
6,2.0,aligned,available,16,0.002035022966600797,-0.18863529448792998,0.47334583333333335
6,2.0,aligned,available,17,-0.0052191356316972914,-0.6141829468343598,0.47334583333333335
6,2.0,aligned,available,18,0.002703829696563187,0.34175877848943864,0.47334583333333335
6,2.0,aligned,available,19,0.0020298262519000687,0.903644323240216,0.47334583333333335
6,2.0,aligned,available,20,0.0001626523435025451,0.9543747554004199,0.47334583333333335
6,2.0,aligned,available,21,0.0022792515683862646,-0.7665756165636616,0.47334583333333335
6,2.0,aligned,available,22,-0.009421116618870351,-0.5749941210906527,0.47334583333333335
6,2.0,aligned,available,23,0.021539025715963223,0.657576433099513,0.47334583333333335
6,2.0,aligned,available,24,-0.017779753321700204,-0.061678365024049525,0.47334583333333335
6,2.0,aligned,available,25,0.01769825132953139,-0.002503950711144019,0.47334583333333335
6,2.0,aligned,available,26,-0.0008347500636553973,0.01467461449776263,0.47334583333333335
6,2.0,aligned,available,27,0.0025087459510201165,0.014682695074168504,0.47334583333333335
6,2.0,aligned,available,28,0.011664732291242763,0.5340415308887415,0.47334583333333335
6,2.0,aligned,available,29,0.004755327075403659,0.3923269515719259,0.47334583333333335
6,2.0,aligned,available,30,0.04017310568822491,0.44546141081139506,0.47334583333333335
6,2.0,aligned,available,31,-0.008780709905181872,-0.5087444403862383,0.47334583333333335
6,2.0,aligned,available,32,-0.016675673638192556,0.0497337026621073,0.47334583333333335
6,2.0,aligned,available,33,0.05208216286330091,-0.004735116391266295,0.47334583333333335
6,2.0,aligned,available,34,0.004491581835843602,-0.014016809715352387,0.47334583333333335
6,2.0,aligned,available,35,-0.002431817694025267,-0.01567507467937982,0.47334583333333335
6,2.0,aligned,available,36,-0.031094311098527838,-0.4125466401265391,0.47334583333333335
6,2.0,aligned,available,37,-0.024868472746610082,-0.30324605894300233,0.47334583333333335
6,2.0,aligned,available,38,-0.019963155534596683,-0.21099809147015236,0.47334583333333335
6,2.0,aligned,available,39,0.009274853164495209,0.06269197445068458,0.47334583333333335
6,2.0,aligned,available,40,-0.0031555649386171836,0.30489328845007097,0.47334583333333335
6,2.0,aligned,available,41,0.004503988182493283,-0.012324988457881113,0.47334583333333335
6,2.0,aligned,available,42,-0.0010302073307052462,-0.5526759990217542,0.47334583333333335
6,2.0,aligned,available,43,-0.0028511837490451386,-0.7351312536333042,0.47334583333333335
6,2.0,aligned,available,44,0.001813102977339942,-0.5433691197928633,0.47334583333333335
6,2.0,aligned,available,45,0.005815238249256005,-0.33760103259434343,0.47334583333333335
6,2.0,aligned,available,46,-0.004993859053939342,0.5667678670495245,0.47334583333333335
6,2.0,aligned,available,47,-0.0065591801986677745,0.008155005516817353,0.47334583333333335
6,2.0,aligned,available,48,-0.016161462401255988,-0.29685654600688904,0.47334583333333335
6,2.0,aligned,available,49,0.017907790446956534,0.1967453561982527,0.47334583333333335
6,2.0,aligned,available,50,0.009578613279276532,0.14576120422978248,0.47334583333333335
6,2.0,aligned,available,51,0.017162715056641464,-0.5287919895858838,0.47334583333333335
6,2.0,aligned,available,52,-0.0015189471989300873,-0.6128830614448935,0.47334583333333335
6,2.0,aligned,available,53,-0.010356110408501873,0.24971936628825506,0.47334583333333335
6,2.0,aligned,available,54,-0.013541429804063032,0.4199077519950169,0.47334583333333335
6,2.0,aligned,available,55,-0.0006462232316860606,0.5916110190769871,0.47334583333333335
6,2.0,aligned,available,56,-0.007016267317941497,0.012812874662011161,0.47334583333333335
6,2.0,aligned,available,57,-0.0032699440495354004,-0.549075589014673,0.47334583333333335
6,2.0,aligned,available,58,0.0007939338884973002,-0.2894968657857676,0.47334583333333335
6,2.0,aligned,available,59,0.00444832680744639,-0.21589843786545868,0.47334583333333335
6,2.0,aligned,available,60,-0.003938118734584888,-0.00596877537346439,0.47334583333333335
6,2.0,aligned,available,61,0.008476995245817243,-0.5503245672009671,0.47334583333333335
6,2.0,aligned,available,62,1.0148068959159318e-05,-0.7061531928608631,0.47334583333333335
6,2.0,aligned,available,63,0.001708822875999605,0.5198204494532682,0.47334583333333335
6,2.0,aligned,available,64,0.011045799910060883,0.3873968081148083,0.47334583333333335
6,2.0,aligned,available,65,0.0013375244225173333,0.90754657374503,0.47334583333333335
6,2.0,aligned,mi_obs,0,0.02010213212495493,0.29767211491129897,0.47334583333333335
6,2.0,aligned,mi_obs,1,0.016920810913759708,0.011478305001919079,0.47334583333333335
6,2.0,aligned,mi_obs,2,-0.07373242131721466,-0.0071507285164774705,0.47334583333333335
6,2.0,aligned,mi_obs,3,-0.06410323689429176,-0.48074555518856477,0.47334583333333335
6,2.0,aligned,mi_obs,4,-0.043351392858438975,-0.3569569988464282,0.47334583333333335
6,2.0,aligned,mi_obs,5,0.040093462600951646,0.31309136803938814,0.47334583333333335
6,2.0,aligned,mi_obs,6,-0.09549824172867094,-0.6475986877758871,0.47334583333333335
6,2.0,aligned,mi_obs,7,-0.017576117219814585,-0.006199684070467065,0.47334583333333335
6,2.0,aligned,mi_obs,8,0.04558472203739061,0.8714278655296912,0.47334583333333335
6,2.0,aligned,mi_obs,9,0.021478405626893904,0.4523874737276134,0.47334583333333335
6,2.0,aligned,mi_obs,10,0.019227784566143213,0.3367958539144129,0.47334583333333335
6,2.0,aligned,mi_obs,11,0.02445679142081758,0.5499798742661369,0.47334583333333335
6,2.0,aligned,mi_obs,12,-0.03138537595919688,-0.4246644322767654,0.47334583333333335
6,2.0,aligned,mi_obs,13,-0.04960000907851203,-0.5939928556598146,0.47334583333333335
6,2.0,aligned,mi_obs,14,0.0411098993213761,0.2651081549316536,0.47334583333333335
6,2.0,aligned,mi_obs,15,0.06655820351587016,0.5039989637245788,0.47334583333333335
6,2.0,aligned,mi_obs,16,-0.0014628814538583945,-0.18863529448792998,0.47334583333333335
6,2.0,aligned,mi_obs,17,-0.05257304917434147,-0.6141829468343598,0.47334583333333335
6,2.0,aligned,mi_obs,18,0.008986056414499177,0.34175877848943864,0.47334583333333335
6,2.0,aligned,mi_obs,19,0.010391928599881028,0.903644323240216,0.47334583333333335
6,2.0,aligned,mi_obs,20,0.0012132918893792421,0.9543747554004199,0.47334583333333335
6,2.0,aligned,mi_obs,21,-0.09514086233114016,-0.7665756165636616,0.47334583333333335
6,2.0,aligned,mi_obs,22,-0.04244984816148056,-0.5749941210906527,0.47334583333333335
6,2.0,aligned,mi_obs,23,0.08384031411962933,0.657576433099513,0.47334583333333335
6,2.0,aligned,mi_obs,24,0.0380097013512289,-0.061678365024049525,0.47334583333333335
6,2.0,aligned,mi_obs,25,-0.04628127276080007,-0.002503950711144019,0.47334583333333335
6,2.0,aligned,mi_obs,26,-0.04996131976658419,0.01467461449776263,0.47334583333333335
6,2.0,aligned,mi_obs,27,0.004175616391973825,0.014682695074168504,0.47334583333333335
6,2.0,aligned,mi_obs,28,0.020464402856961383,0.5340415308887415,0.47334583333333335
6,2.0,aligned,mi_obs,29,0.006028106803563915,0.3923269515719259,0.47334583333333335
6,2.0,aligned,mi_obs,30,0.08147999520554622,0.44546141081139506,0.47334583333333335
6,2.0,aligned,mi_obs,31,-0.06552098300909315,-0.5087444403862383,0.47334583333333335
6,2.0,aligned,mi_obs,32,-0.06419898485801091,0.0497337026621073,0.47334583333333335
6,2.0,aligned,mi_obs,33,0.05888130277507192,-0.004735116391266295,0.47334583333333335
6,2.0,aligned,mi_obs,34,-0.013515132947091515,-0.014016809715352387,0.47334583333333335
6,2.0,aligned,mi_obs,35,-0.003585268434507828,-0.01567507467937982,0.47334583333333335
6,2.0,aligned,mi_obs,36,-0.07323090570981161,-0.4125466401265391,0.47334583333333335
6,2.0,aligned,mi_obs,37,-0.05476794655282785,-0.30324605894300233,0.47334583333333335
6,2.0,aligned,mi_obs,38,-0.019910534077233977,-0.21099809147015236,0.47334583333333335
6,2.0,aligned,mi_obs,39,-0.11039157054144391,0.06269197445068458,0.47334583333333335
6,2.0,aligned,mi_obs,40,0.07176147645719028,0.30489328845007097,0.47334583333333335
6,2.0,aligned,mi_obs,41,0.1167333126031952,-0.012324988457881113,0.47334583333333335
6,2.0,aligned,mi_obs,42,-0.05959232417143623,-0.5526759990217542,0.47334583333333335
6,2.0,aligned,mi_obs,43,-0.06401628214363053,-0.7351312536333042,0.47334583333333335
6,2.0,aligned,mi_obs,44,-0.04850343424322756,-0.5433691197928633,0.47334583333333335
6,2.0,aligned,mi_obs,45,0.06388197762084002,-0.33760103259434343,0.47334583333333335
6,2.0,aligned,mi_obs,46,-0.049103953171086956,0.5667678670495245,0.47334583333333335
6,2.0,aligned,mi_obs,47,-0.05570192799763723,0.008155005516817353,0.47334583333333335
6,2.0,aligned,mi_obs,48,-0.06197094115785384,-0.29685654600688904,0.47334583333333335
6,2.0,aligned,mi_obs,49,0.029465704811610094,0.1967453561982527,0.47334583333333335
6,2.0,aligned,mi_obs,50,0.030378729100411284,0.14576120422978248,0.47334583333333335
6,2.0,aligned,mi_obs,51,0.04982471518677456,-0.5287919895858838,0.47334583333333335
6,2.0,aligned,mi_obs,52,-0.05207937583658351,-0.6128830614448935,0.47334583333333335
6,2.0,aligned,mi_obs,53,0.011816548851376424,0.24971936628825506,0.47334583333333335
6,2.0,aligned,mi_obs,54,0.06283701205770781,0.4199077519950169,0.47334583333333335
6,2.0,aligned,mi_obs,55,0.07187924843646765,0.5916110190769871,0.47334583333333335
6,2.0,aligned,mi_obs,56,-0.007654506169839264,0.012812874662011161,0.47334583333333335
6,2.0,aligned,mi_obs,57,-0.05359950020401805,-0.549075589014673,0.47334583333333335
6,2.0,aligned,mi_obs,58,-0.023987957037937435,-0.2894968657857676,0.47334583333333335
6,2.0,aligned,mi_obs,59,0.003186685292172614,-0.21589843786545868,0.47334583333333335
6,2.0,aligned,mi_obs,60,0.013052579862983936,-0.00596877537346439,0.47334583333333335
6,2.0,aligned,mi_obs,61,-0.06255505702660225,-0.5503245672009671,0.47334583333333335
6,2.0,aligned,mi_obs,62,-0.050574323153418255,-0.7061531928608631,0.47334583333333335
6,2.0,aligned,mi_obs,63,0.012922113427184079,0.5198204494532682,0.47334583333333335
6,2.0,aligned,mi_obs,64,0.013932893380648237,0.3873968081148083,0.47334583333333335
6,2.0,aligned,mi_obs,65,0.008492901661315333,0.90754657374503,0.47334583333333335
6,2.0,aligned,mi_class,0,-0.026322509608943723,0.29767211491129897,0.47334583333333335
6,2.0,aligned,mi_class,1,0.011817436964387007,0.011478305001919079,0.47334583333333335
6,2.0,aligned,mi_class,2,0.15820660220633562,-0.0071507285164774705,0.47334583333333335
6,2.0,aligned,mi_class,3,0.09299799003741538,-0.48074555518856477,0.47334583333333335
6,2.0,aligned,mi_class,4,0.09520581446149556,-0.3569569988464282,0.47334583333333335
6,2.0,aligned,mi_class,5,-0.10779001935629692,0.31309136803938814,0.47334583333333335
6,2.0,aligned,mi_class,6,0.00926128467196341,-0.6475986877758871,0.47334583333333335
6,2.0,aligned,mi_class,7,0.0087044150582873,-0.006199684070467065,0.47334583333333335
6,2.0,aligned,mi_class,8,-0.042730631483749226,0.8714278655296912,0.47334583333333335
6,2.0,aligned,mi_class,9,0.005040786570976841,0.4523874737276134,0.47334583333333335
6,2.0,aligned,mi_class,10,0.015771348490485726,0.3367958539144129,0.47334583333333335
6,2.0,aligned,mi_class,11,-0.09126933698406059,0.5499798742661369,0.47334583333333335
6,2.0,aligned,mi_class,12,0.13533764594737369,-0.4246644322767654,0.47334583333333335
6,2.0,aligned,mi_class,13,0.20912013975770405,-0.5939928556598146,0.47334583333333335
6,2.0,aligned,mi_class,14,-0.08283719642131446,0.2651081549316536,0.47334583333333335
6,2.0,aligned,mi_class,15,-0.1992469806814094,0.5039989637245788,0.47334583333333335
6,2.0,aligned,mi_class,16,-0.0016920477383211008,-0.18863529448792998,0.47334583333333335
6,2.0,aligned,mi_class,17,0.19609382443823353,-0.6141829468343598,0.47334583333333335
6,2.0,aligned,mi_class,18,-0.027993092159370847,0.34175877848943864,0.47334583333333335
6,2.0,aligned,mi_class,19,-0.0840910015752454,0.903644323240216,0.47334583333333335
6,2.0,aligned,mi_class,20,-0.09527583280303342,0.9543747554004199,0.47334583333333335
6,2.0,aligned,mi_class,21,0.18535381333470458,-0.7665756165636616,0.47334583333333335
6,2.0,aligned,mi_class,22,0.2568195965750002,-0.5749941210906527,0.47334583333333335
6,2.0,aligned,mi_class,23,-0.27898045459645104,0.657576433099513,0.47334583333333335
6,2.0,aligned,mi_class,24,0.02895489879628331,-0.061678365024049525,0.47334583333333335
6,2.0,aligned,mi_class,25,0.024889251362936824,-0.002503950711144019,0.47334583333333335
6,2.0,aligned,mi_class,26,-0.01050338098034808,0.01467461449776263,0.47334583333333335
6,2.0,aligned,mi_class,27,-0.01033582656792836,0.014682695074168504,0.47334583333333335
6,2.0,aligned,mi_class,28,-0.006761005730782865,0.5340415308887415,0.47334583333333335
6,2.0,aligned,mi_class,29,-0.0557695548689594,0.3923269515719259,0.47334583333333335
6,2.0,aligned,mi_class,30,-0.173898463876418,0.44546141081139506,0.47334583333333335
6,2.0,aligned,mi_class,31,0.22108172630918976,-0.5087444403862383,0.47334583333333335
6,2.0,aligned,mi_class,32,-0.04234833744111448,0.0497337026621073,0.47334583333333335
6,2.0,aligned,mi_class,33,-0.01864702692110574,-0.004735116391266295,0.47334583333333335
6,2.0,aligned,mi_class,34,0.013395344069278056,-0.014016809715352387,0.47334583333333335
6,2.0,aligned,mi_class,35,0.09985701930475885,-0.01567507467937982,0.47334583333333335
6,2.0,aligned,mi_class,36,0.09444598245174235,-0.4125466401265391,0.47334583333333335
6,2.0,aligned,mi_class,37,0.07396150320507769,-0.30324605894300233,0.47334583333333335
6,2.0,aligned,mi_class,38,-0.007508151379939515,-0.21099809147015236,0.47334583333333335
6,2.0,aligned,mi_class,39,0.008366907515355404,0.06269197445068458,0.47334583333333335
6,2.0,aligned,mi_class,40,-0.03605759705404016,0.30489328845007097,0.47334583333333335
6,2.0,aligned,mi_class,41,-0.008775745529692416,-0.012324988457881113,0.47334583333333335
6,2.0,aligned,mi_class,42,0.08651308762085047,-0.5526759990217542,0.47334583333333335
6,2.0,aligned,mi_class,43,0.19173677866599492,-0.7351312536333042,0.47334583333333335
6,2.0,aligned,mi_class,44,0.14951450757607992,-0.5433691197928633,0.47334583333333335
6,2.0,aligned,mi_class,45,0.07267546168738304,-0.33760103259434343,0.47334583333333335
6,2.0,aligned,mi_class,46,-0.08612588040777458,0.5667678670495245,0.47334583333333335
6,2.0,aligned,mi_class,47,-0.005943613748430086,0.008155005516817353,0.47334583333333335
6,2.0,aligned,mi_class,48,0.04648135081341093,-0.29685654600688904,0.47334583333333335
6,2.0,aligned,mi_class,49,-0.041131976598806796,0.1967453561982527,0.47334583333333335
6,2.0,aligned,mi_class,50,-0.04213334405903839,0.14576120422978248,0.47334583333333335
6,2.0,aligned,mi_class,51,0.1486365884011887,-0.5287919895858838,0.47334583333333335
6,2.0,aligned,mi_class,52,0.11019380406365131,-0.6128830614448935,0.47334583333333335
6,2.0,aligned,mi_class,53,-0.05446489802196758,0.24971936628825506,0.47334583333333335
6,2.0,aligned,mi_class,54,-0.1445384343057422,0.4199077519950169,0.47334583333333335
6,2.0,aligned,mi_class,55,-0.21032943851585462,0.5916110190769871,0.47334583333333335
6,2.0,aligned,mi_class,56,-0.00796578618103163,0.012812874662011161,0.47334583333333335
6,2.0,aligned,mi_class,57,-0.00856226262792037,-0.549075589014673,0.47334583333333335
6,2.0,aligned,mi_class,58,-0.00689472938705693,-0.2894968657857676,0.47334583333333335
6,2.0,aligned,mi_class,59,-0.04267840327432118,-0.21589843786545868,0.47334583333333335
6,2.0,aligned,mi_class,60,-0.03748520451885147,-0.00596877537346439,0.47334583333333335
6,2.0,aligned,mi_class,61,0.1439706125146899,-0.5503245672009671,0.47334583333333335
6,2.0,aligned,mi_class,62,0.1857142700528407,-0.7061531928608631,0.47334583333333335
6,2.0,aligned,mi_class,63,-0.01055038926567986,0.5198204494532682,0.47334583333333335
6,2.0,aligned,mi_class,64,0.01926227352134441,0.3873968081148083,0.47334583333333335
6,2.0,aligned,mi_class,65,-0.04839011278147287,0.90754657374503,0.47334583333333335
6,2.0,aligned,mi_site,0,-0.0011837885828827055,0.29767211491129897,0.47334583333333335
6,2.0,aligned,mi_site,1,0.02753974139682843,0.011478305001919079,0.47334583333333335
6,2.0,aligned,mi_site,2,-0.0496045735378062,-0.0071507285164774705,0.47334583333333335
6,2.0,aligned,mi_site,3,0.0022703810331649033,-0.48074555518856477,0.47334583333333335
6,2.0,aligned,mi_site,4,0.022550755327468697,-0.3569569988464282,0.47334583333333335
6,2.0,aligned,mi_site,5,-0.0028029650612618195,0.31309136803938814,0.47334583333333335
6,2.0,aligned,mi_site,6,0.006734506903367299,-0.6475986877758871,0.47334583333333335
6,2.0,aligned,mi_site,7,0.011028456699661626,-0.006199684070467065,0.47334583333333335
6,2.0,aligned,mi_site,8,-0.0354801612500637,0.8714278655296912,0.47334583333333335
6,2.0,aligned,mi_site,9,-0.017840084491808794,0.4523874737276134,0.47334583333333335
6,2.0,aligned,mi_site,10,-0.009730193600285708,0.3367958539144129,0.47334583333333335
6,2.0,aligned,mi_site,11,-0.021559968369834648,0.5499798742661369,0.47334583333333335
6,2.0,aligned,mi_site,12,0.04096725860115491,-0.4246644322767654,0.47334583333333335
6,2.0,aligned,mi_site,13,-8.915530857367404e-05,-0.5939928556598146,0.47334583333333335
6,2.0,aligned,mi_site,14,0.03978039257632432,0.2651081549316536,0.47334583333333335
6,2.0,aligned,mi_site,15,0.04562909418678718,0.5039989637245788,0.47334583333333335
6,2.0,aligned,mi_site,16,-0.001488881956859811,-0.18863529448792998,0.47334583333333335
6,2.0,aligned,mi_site,17,-0.018471753511218658,-0.6141829468343598,0.47334583333333335
6,2.0,aligned,mi_site,18,-0.0009368011953441724,0.34175877848943864,0.47334583333333335
6,2.0,aligned,mi_site,19,-0.026971950123410138,0.903644323240216,0.47334583333333335
6,2.0,aligned,mi_site,20,-0.029568383125296305,0.9543747554004199,0.47334583333333335
6,2.0,aligned,mi_site,21,0.007296683031562057,-0.7665756165636616,0.47334583333333335
6,2.0,aligned,mi_site,22,0.0012785134419835975,-0.5749941210906527,0.47334583333333335
6,2.0,aligned,mi_site,23,0.0358398164755761,0.657576433099513,0.47334583333333335
6,2.0,aligned,mi_site,24,0.052394519551498216,-0.061678365024049525,0.47334583333333335
6,2.0,aligned,mi_site,25,-0.03911984962425367,-0.002503950711144019,0.47334583333333335
6,2.0,aligned,mi_site,26,-0.050570288845398784,0.01467461449776263,0.47334583333333335
6,2.0,aligned,mi_site,27,0.02558193025361778,0.014682695074168504,0.47334583333333335
6,2.0,aligned,mi_site,28,-0.00109465412252574,0.5340415308887415,0.47334583333333335
6,2.0,aligned,mi_site,29,-0.005914016157200386,0.3923269515719259,0.47334583333333335
6,2.0,aligned,mi_site,30,0.004150337637951362,0.44546141081139506,0.47334583333333335
6,2.0,aligned,mi_site,31,0.01758590337285043,-0.5087444403862383,0.47334583333333335
6,2.0,aligned,mi_site,32,-0.05740780839298191,0.0497337026621073,0.47334583333333335
6,2.0,aligned,mi_site,33,0.03416683254459514,-0.004735116391266295,0.47334583333333335
6,2.0,aligned,mi_site,34,0.016772620123120474,-0.014016809715352387,0.47334583333333335
6,2.0,aligned,mi_site,35,-0.019090581796546123,-0.01567507467937982,0.47334583333333335
6,2.0,aligned,mi_site,36,-0.005948265606238123,-0.4125466401265391,0.47334583333333335
6,2.0,aligned,mi_site,37,-0.005362288802151227,-0.30324605894300233,0.47334583333333335
6,2.0,aligned,mi_site,38,-0.018571829189982986,-0.21099809147015236,0.47334583333333335
6,2.0,aligned,mi_site,39,-0.10274117253529069,0.06269197445068458,0.47334583333333335
6,2.0,aligned,mi_site,40,0.052945459795126826,0.30489328845007097,0.47334583333333335
6,2.0,aligned,mi_site,41,0.0951217920500283,-0.012324988457881113,0.47334583333333335
6,2.0,aligned,mi_site,42,-0.043513082310505435,-0.5526759990217542,0.47334583333333335
6,2.0,aligned,mi_site,43,-0.03078267371602017,-0.7351312536333042,0.47334583333333335
6,2.0,aligned,mi_site,44,-0.03105607369769392,-0.5433691197928633,0.47334583333333335
6,2.0,aligned,mi_site,45,0.0568428993415207,-0.33760103259434343,0.47334583333333335
6,2.0,aligned,mi_site,46,-0.04571941517278666,0.5667678670495245,0.47334583333333335
6,2.0,aligned,mi_site,47,-0.057959555537699804,0.008155005516817353,0.47334583333333335
6,2.0,aligned,mi_site,48,-0.030590008389892176,-0.29685654600688904,0.47334583333333335
6,2.0,aligned,mi_site,49,0.041115164879008126,0.1967453561982527,0.47334583333333335
6,2.0,aligned,mi_site,50,0.03490366697617464,0.14576120422978248,0.47334583333333335
6,2.0,aligned,mi_site,51,0.027491039744378387,-0.5287919895858838,0.47334583333333335
6,2.0,aligned,mi_site,52,-0.029635332902281708,-0.6128830614448935,0.47334583333333335
6,2.0,aligned,mi_site,53,0.01736261328300423,0.24971936628825506,0.47334583333333335
6,2.0,aligned,mi_site,54,0.04411902167679793,0.4199077519950169,0.47334583333333335
6,2.0,aligned,mi_site,55,0.04998017889638162,0.5916110190769871,0.47334583333333335
6,2.0,aligned,mi_site,56,-0.017488244511492536,0.012812874662011161,0.47334583333333335
6,2.0,aligned,mi_site,57,-0.059648234446902815,-0.549075589014673,0.47334583333333335
6,2.0,aligned,mi_site,58,-0.017106590939575173,-0.2894968657857676,0.47334583333333335
6,2.0,aligned,mi_site,59,-0.00442508932102087,-0.21589843786545868,0.47334583333333335
6,2.0,aligned,mi_site,60,0.024903348489913588,-0.00596877537346439,0.47334583333333335
6,2.0,aligned,mi_site,61,-0.03047393095867723,-0.5503245672009671,0.47334583333333335
6,2.0,aligned,mi_site,62,-0.021290047602962825,-0.7061531928608631,0.47334583333333335
6,2.0,aligned,mi_site,63,0.016529998955192027,0.5198204494532682,0.47334583333333335
6,2.0,aligned,mi_site,64,0.009587448117853115,0.3873968081148083,0.47334583333333335
6,2.0,aligned,mi_site,65,-0.011975360185044193,0.90754657374503,0.47334583333333335
6,2.0,closed,available,0,0.004349276853549133,0.29767211491129897,0.47334583333333335
6,2.0,closed,available,1,0.0022653557004648685,0.011478305001919079,0.47334583333333335
6,2.0,closed,available,2,-0.0031299603162219594,-0.0071507285164774705,0.47334583333333335
6,2.0,closed,available,3,0.0033820350567126956,-0.48074555518856477,0.47334583333333335
6,2.0,closed,available,4,0.008015313376116662,-0.3569569988464282,0.47334583333333335
6,2.0,closed,available,5,-0.006998755895290476,0.31309136803938814,0.47334583333333335
6,2.0,closed,available,6,0.006886796867382028,-0.6475986877758871,0.47334583333333335
6,2.0,closed,available,7,0.008112671629097684,-0.006199684070467065,0.47334583333333335
6,2.0,closed,available,8,-0.0035248363103742575,0.8714278655296912,0.47334583333333335
6,2.0,closed,available,9,-0.0016045904025062119,0.4523874737276134,0.47334583333333335
6,2.0,closed,available,10,-0.0027118149709795536,0.3367958539144129,0.47334583333333335
6,2.0,closed,available,11,-0.0036545700087350363,0.5499798742661369,0.47334583333333335
6,2.0,closed,available,12,0.0037077670690492393,-0.4246644322767654,0.47334583333333335
6,2.0,closed,available,13,0.001516780180651045,-0.5939928556598146,0.47334583333333335
6,2.0,closed,available,14,-0.004907477610442745,0.2651081549316536,0.47334583333333335
6,2.0,closed,available,15,-0.01125173112377792,0.5039989637245788,0.47334583333333335
6,2.0,closed,available,16,0.0026615422729291405,-0.18863529448792998,0.47334583333333335
6,2.0,closed,available,17,0.004853762130888728,-0.6141829468343598,0.47334583333333335
6,2.0,closed,available,18,-0.001988559106372745,0.34175877848943864,0.47334583333333335
6,2.0,closed,available,19,-0.0008877198868125769,0.903644323240216,0.47334583333333335
6,2.0,closed,available,20,-0.0006015354400986661,0.9543747554004199,0.47334583333333335
6,2.0,closed,available,21,0.004833768523528015,-0.7665756165636616,0.47334583333333335
6,2.0,closed,available,22,-0.0068918320267513655,-0.5749941210906527,0.47334583333333335
6,2.0,closed,available,23,-0.005406445215825451,0.657576433099513,0.47334583333333335
6,2.0,closed,available,24,-0.007996227262084613,-0.061678365024049525,0.47334583333333335
6,2.0,closed,available,25,0.015399186004219703,-0.002503950711144019,0.47334583333333335
6,2.0,closed,available,26,-0.0040502266318668875,0.01467461449776263,0.47334583333333335
6,2.0,closed,available,27,0.0026605107629996613,0.014682695074168504,0.47334583333333335
6,2.0,closed,available,28,-0.004418648240137268,0.5340415308887415,0.47334583333333335
6,2.0,closed,available,29,-0.006080395483082646,0.3923269515719259,0.47334583333333335
6,2.0,closed,available,30,0.0067066874961480005,0.44546141081139506,0.47334583333333335
6,2.0,closed,available,31,0.005097617544746469,-0.5087444403862383,0.47334583333333335
6,2.0,closed,available,32,0.0172045316414191,0.0497337026621073,0.47334583333333335
6,2.0,closed,available,33,0.00024345471696050197,-0.004735116391266295,0.47334583333333335
6,2.0,closed,available,34,0.007716948171823921,-0.014016809715352387,0.47334583333333335
6,2.0,closed,available,35,0.011647703193272749,-0.01567507467937982,0.47334583333333335
6,2.0,closed,available,36,0.013230780946437204,-0.4125466401265391,0.47334583333333335
6,2.0,closed,available,37,0.018570786602968292,-0.30324605894300233,0.47334583333333335
6,2.0,closed,available,38,-0.006799058731379232,-0.21099809147015236,0.47334583333333335
6,2.0,closed,available,39,0.009321692589951053,0.06269197445068458,0.47334583333333335
6,2.0,closed,available,40,-0.012598501331584355,0.30489328845007097,0.47334583333333335
6,2.0,closed,available,41,-0.007710146765616491,-0.012324988457881113,0.47334583333333335
6,2.0,closed,available,42,0.011136778017454163,-0.5526759990217542,0.47334583333333335
6,2.0,closed,available,43,0.003059350830820984,-0.7351312536333042,0.47334583333333335
6,2.0,closed,available,44,0.003188964961718388,-0.5433691197928633,0.47334583333333335
6,2.0,closed,available,45,0.0028931528787706773,-0.33760103259434343,0.47334583333333335
6,2.0,closed,available,46,0.0009746355454687272,0.5667678670495245,0.47334583333333335
6,2.0,closed,available,47,0.0005927218068729773,0.008155005516817353,0.47334583333333335
6,2.0,closed,available,48,-0.013270781269195897,-0.29685654600688904,0.47334583333333335
6,2.0,closed,available,49,0.012851494925405438,0.1967453561982527,0.47334583333333335
6,2.0,closed,available,50,-0.0010776579656458785,0.14576120422978248,0.47334583333333335
6,2.0,closed,available,51,-0.005724850746543497,-0.5287919895858838,0.47334583333333335
6,2.0,closed,available,52,0.00693950797942644,-0.6128830614448935,0.47334583333333335
6,2.0,closed,available,53,-0.009157684980122788,0.24971936628825506,0.47334583333333335
6,2.0,closed,available,54,-0.02284051797185377,0.4199077519950169,0.47334583333333335
6,2.0,closed,available,55,-0.010079499165754235,0.5916110190769871,0.47334583333333335
6,2.0,closed,available,56,-0.003919828030865668,0.012812874662011161,0.47334583333333335
6,2.0,closed,available,57,0.021687679581226305,-0.549075589014673,0.47334583333333335
6,2.0,closed,available,58,0.029105996030244663,-0.2894968657857676,0.47334583333333335
6,2.0,closed,available,59,0.009338279068796446,-0.21589843786545868,0.47334583333333335
6,2.0,closed,available,60,-0.0013332606225977687,-0.00596877537346439,0.47334583333333335
6,2.0,closed,available,61,0.008389391914656819,-0.5503245672009671,0.47334583333333335
6,2.0,closed,available,62,0.0004025933155750172,-0.7061531928608631,0.47334583333333335
6,2.0,closed,available,63,-0.0026396795311076637,0.5198204494532682,0.47334583333333335
6,2.0,closed,available,64,-0.006434982574047288,0.3873968081148083,0.47334583333333335
6,2.0,closed,available,65,-5.620692054886245e-05,0.90754657374503,0.47334583333333335
6,2.0,closed,mi_obs,0,0.012806219118656093,0.29767211491129897,0.47334583333333335
6,2.0,closed,mi_obs,1,0.010017805144342128,0.011478305001919079,0.47334583333333335
6,2.0,closed,mi_obs,2,-0.029122714859942837,-0.0071507285164774705,0.47334583333333335
6,2.0,closed,mi_obs,3,-0.05287902778423481,-0.48074555518856477,0.47334583333333335
6,2.0,closed,mi_obs,4,-0.038301991955132175,-0.3569569988464282,0.47334583333333335
6,2.0,closed,mi_obs,5,0.05404575516180199,0.31309136803938814,0.47334583333333335
6,2.0,closed,mi_obs,6,-0.08727745792651664,-0.6475986877758871,0.47334583333333335
6,2.0,closed,mi_obs,7,-0.02272197140277698,-0.006199684070467065,0.47334583333333335
6,2.0,closed,mi_obs,8,0.046289169256288676,0.8714278655296912,0.47334583333333335
6,2.0,closed,mi_obs,9,0.019142197051440657,0.4523874737276134,0.47334583333333335
6,2.0,closed,mi_obs,10,0.014094811175827171,0.3367958539144129,0.47334583333333335
6,2.0,closed,mi_obs,11,0.02816426532184657,0.5499798742661369,0.47334583333333335
6,2.0,closed,mi_obs,12,-0.015021185224993072,-0.4246644322767654,0.47334583333333335
6,2.0,closed,mi_obs,13,-0.05037373086121033,-0.5939928556598146,0.47334583333333335
6,2.0,closed,mi_obs,14,0.04812305971641334,0.2651081549316536,0.47334583333333335
6,2.0,closed,mi_obs,15,0.05270263299842792,0.5039989637245788,0.47334583333333335
6,2.0,closed,mi_obs,16,0.01707934947708456,-0.18863529448792998,0.47334583333333335
6,2.0,closed,mi_obs,17,-0.06272485272114414,-0.6141829468343598,0.47334583333333335
6,2.0,closed,mi_obs,18,0.006197599445934898,0.34175877848943864,0.47334583333333335
6,2.0,closed,mi_obs,19,0.008831475181016013,0.903644323240216,0.47334583333333335
6,2.0,closed,mi_obs,20,0.0012092429791307202,0.9543747554004199,0.47334583333333335
6,2.0,closed,mi_obs,21,-0.09388931304105685,-0.7665756165636616,0.47334583333333335
6,2.0,closed,mi_obs,22,-0.03036194078578669,-0.5749941210906527,0.47334583333333335
6,2.0,closed,mi_obs,23,0.08350852672300169,0.657576433099513,0.47334583333333335
6,2.0,closed,mi_obs,24,0.06418441085391596,-0.061678365024049525,0.47334583333333335
6,2.0,closed,mi_obs,25,-0.0306080591071872,-0.002503950711144019,0.47334583333333335
6,2.0,closed,mi_obs,26,-0.058148988479607616,0.01467461449776263,0.47334583333333335
6,2.0,closed,mi_obs,27,0.029315286992030846,0.014682695074168504,0.47334583333333335
6,2.0,closed,mi_obs,28,0.010617246045035555,0.5340415308887415,0.47334583333333335
6,2.0,closed,mi_obs,29,0.0028837142293222096,0.3923269515719259,0.47334583333333335
6,2.0,closed,mi_obs,30,0.007539927152920012,0.44546141081139506,0.47334583333333335
6,2.0,closed,mi_obs,31,-0.1073953623049011,-0.5087444403862383,0.47334583333333335
6,2.0,closed,mi_obs,32,-0.004300873819623345,0.0497337026621073,0.47334583333333335
6,2.0,closed,mi_obs,33,0.02860120951489609,-0.004735116391266295,0.47334583333333335
6,2.0,closed,mi_obs,34,0.003134957675170696,-0.014016809715352387,0.47334583333333335
6,2.0,closed,mi_obs,35,0.021994318078517462,-0.01567507467937982,0.47334583333333335
6,2.0,closed,mi_obs,36,-0.03570500561504136,-0.4125466401265391,0.47334583333333335
6,2.0,closed,mi_obs,37,-0.013513998714068776,-0.30324605894300233,0.47334583333333335
6,2.0,closed,mi_obs,38,-0.020964464960653434,-0.21099809147015236,0.47334583333333335
6,2.0,closed,mi_obs,39,-0.12451033755170388,0.06269197445068458,0.47334583333333335
6,2.0,closed,mi_obs,40,0.044864944997701384,0.30489328845007097,0.47334583333333335
6,2.0,closed,mi_obs,41,0.15174209358698657,-0.012324988457881113,0.47334583333333335
6,2.0,closed,mi_obs,42,-0.06968505306528083,-0.5526759990217542,0.47334583333333335
6,2.0,closed,mi_obs,43,-0.06677992302373159,-0.7351312536333042,0.47334583333333335
6,2.0,closed,mi_obs,44,-0.057303448119077394,-0.5433691197928633,0.47334583333333335
6,2.0,closed,mi_obs,45,0.07086106595061353,-0.33760103259434343,0.47334583333333335
6,2.0,closed,mi_obs,46,-0.03668720346759591,0.5667678670495245,0.47334583333333335
6,2.0,closed,mi_obs,47,-0.06139987881496887,0.008155005516817353,0.47334583333333335
6,2.0,closed,mi_obs,48,-0.031164250114859793,-0.29685654600688904,0.47334583333333335
6,2.0,closed,mi_obs,49,0.03017758385095981,0.1967453561982527,0.47334583333333335
6,2.0,closed,mi_obs,50,0.0325563667242014,0.14576120422978248,0.47334583333333335
6,2.0,closed,mi_obs,51,0.020577403465449007,-0.5287919895858838,0.47334583333333335
6,2.0,closed,mi_obs,52,-0.028584451681490153,-0.6128830614448935,0.47334583333333335
6,2.0,closed,mi_obs,53,0.0066945126967769275,0.24971936628825506,0.47334583333333335
6,2.0,closed,mi_obs,54,0.05542520022920017,0.4199077519950169,0.47334583333333335
6,2.0,closed,mi_obs,55,0.05472018239643339,0.5916110190769871,0.47334583333333335
6,2.0,closed,mi_obs,56,-0.014098687208020906,0.012812874662011161,0.47334583333333335
6,2.0,closed,mi_obs,57,-0.03491946048228001,-0.549075589014673,0.47334583333333335
6,2.0,closed,mi_obs,58,-0.0019108516991167557,-0.2894968657857676,0.47334583333333335
6,2.0,closed,mi_obs,59,0.018422488214348248,-0.21589843786545868,0.47334583333333335
6,2.0,closed,mi_obs,60,0.013473645170369348,-0.00596877537346439,0.47334583333333335
6,2.0,closed,mi_obs,61,-0.08231965195708724,-0.5503245672009671,0.47334583333333335
6,2.0,closed,mi_obs,62,-0.060667763363742466,-0.7061531928608631,0.47334583333333335
6,2.0,closed,mi_obs,63,0.015927956554336542,0.5198204494532682,0.47334583333333335
6,2.0,closed,mi_obs,64,0.008388927111805278,0.3873968081148083,0.47334583333333335
6,2.0,closed,mi_obs,65,0.008704327266523038,0.90754657374503,0.47334583333333335
6,2.0,closed,mi_class,0,-0.02825365466345764,0.29767211491129897,0.47334583333333335
6,2.0,closed,mi_class,1,0.008809188419278883,0.011478305001919079,0.47334583333333335
6,2.0,closed,mi_class,2,-0.03632356758553604,-0.0071507285164774705,0.47334583333333335
6,2.0,closed,mi_class,3,0.11407919087942248,-0.48074555518856477,0.47334583333333335
6,2.0,closed,mi_class,4,0.07075466296803029,-0.3569569988464282,0.47334583333333335
6,2.0,closed,mi_class,5,-0.19202391782571834,0.31309136803938814,0.47334583333333335
6,2.0,closed,mi_class,6,0.096774186096375,-0.6475986877758871,0.47334583333333335
6,2.0,closed,mi_class,7,0.005849584731320719,-0.006199684070467065,0.47334583333333335
6,2.0,closed,mi_class,8,-0.03248067481793149,0.8714278655296912,0.47334583333333335
6,2.0,closed,mi_class,9,-0.048995906249712284,0.4523874737276134,0.47334583333333335
6,2.0,closed,mi_class,10,0.005873331619693001,0.3367958539144129,0.47334583333333335
6,2.0,closed,mi_class,11,-0.10450901900976162,0.5499798742661369,0.47334583333333335
6,2.0,closed,mi_class,12,0.009835326258235189,-0.4246644322767654,0.47334583333333335
6,2.0,closed,mi_class,13,0.18705118425427275,-0.5939928556598146,0.47334583333333335
6,2.0,closed,mi_class,14,-0.07565887201729621,0.2651081549316536,0.47334583333333335
6,2.0,closed,mi_class,15,-0.33486791222325996,0.5039989637245788,0.47334583333333335
6,2.0,closed,mi_class,16,0.1392004868005946,-0.18863529448792998,0.47334583333333335
6,2.0,closed,mi_class,17,0.18773724532885216,-0.6141829468343598,0.47334583333333335
6,2.0,closed,mi_class,18,-0.06250464606339595,0.34175877848943864,0.47334583333333335
6,2.0,closed,mi_class,19,-0.17863558060453966,0.903644323240216,0.47334583333333335
6,2.0,closed,mi_class,20,-0.10328772100660921,0.9543747554004199,0.47334583333333335
6,2.0,closed,mi_class,21,0.10774001928005306,-0.7665756165636616,0.47334583333333335
6,2.0,closed,mi_class,22,0.2759882245328134,-0.5749941210906527,0.47334583333333335
6,2.0,closed,mi_class,23,-0.3117011966594881,0.657576433099513,0.47334583333333335
6,2.0,closed,mi_class,24,0.043538038941197475,-0.061678365024049525,0.47334583333333335
6,2.0,closed,mi_class,25,0.11104015751529552,-0.002503950711144019,0.47334583333333335
6,2.0,closed,mi_class,26,-0.006051095820867689,0.01467461449776263,0.47334583333333335
6,2.0,closed,mi_class,27,-0.0016373325379573454,0.014682695074168504,0.47334583333333335
6,2.0,closed,mi_class,28,-0.10399845024258403,0.5340415308887415,0.47334583333333335
6,2.0,closed,mi_class,29,-0.07848514692309083,0.3923269515719259,0.47334583333333335
6,2.0,closed,mi_class,30,-0.10848647745090817,0.44546141081139506,0.47334583333333335
6,2.0,closed,mi_class,31,0.09626180353780961,-0.5087444403862383,0.47334583333333335
6,2.0,closed,mi_class,32,-0.0384231152500053,0.0497337026621073,0.47334583333333335
6,2.0,closed,mi_class,33,-0.030440858645137833,-0.004735116391266295,0.47334583333333335
6,2.0,closed,mi_class,34,0.024256695938694964,-0.014016809715352387,0.47334583333333335
6,2.0,closed,mi_class,35,-0.024908081173154767,-0.01567507467937982,0.47334583333333335
6,2.0,closed,mi_class,36,0.043976732283343534,-0.4125466401265391,0.47334583333333335
6,2.0,closed,mi_class,37,-0.02769491590601203,-0.30324605894300233,0.47334583333333335
6,2.0,closed,mi_class,38,-0.005730107285885522,-0.21099809147015236,0.47334583333333335
6,2.0,closed,mi_class,39,-0.043651171616028786,0.06269197445068458,0.47334583333333335
6,2.0,closed,mi_class,40,-0.08325984981638349,0.30489328845007097,0.47334583333333335
6,2.0,closed,mi_class,41,0.0009557454438013663,-0.012324988457881113,0.47334583333333335
6,2.0,closed,mi_class,42,0.09467124065334998,-0.5526759990217542,0.47334583333333335
6,2.0,closed,mi_class,43,0.2747781921715081,-0.7351312536333042,0.47334583333333335
6,2.0,closed,mi_class,44,0.14321221236321385,-0.5433691197928633,0.47334583333333335
6,2.0,closed,mi_class,45,0.16199475345380193,-0.33760103259434343,0.47334583333333335
6,2.0,closed,mi_class,46,-0.13431649787178368,0.5667678670495245,0.47334583333333335
6,2.0,closed,mi_class,47,-0.0006639146757874709,0.008155005516817353,0.47334583333333335
6,2.0,closed,mi_class,48,0.02821576489501537,-0.29685654600688904,0.47334583333333335
6,2.0,closed,mi_class,49,-0.06919276734452079,0.1967453561982527,0.47334583333333335
6,2.0,closed,mi_class,50,-0.029672010935525156,0.14576120422978248,0.47334583333333335
6,2.0,closed,mi_class,51,0.33753262299495246,-0.5287919895858838,0.47334583333333335
6,2.0,closed,mi_class,52,0.29360894155561235,-0.6128830614448935,0.47334583333333335
6,2.0,closed,mi_class,53,-0.16097547630663442,0.24971936628825506,0.47334583333333335
6,2.0,closed,mi_class,54,-0.2896476475661076,0.4199077519950169,0.47334583333333335
6,2.0,closed,mi_class,55,-0.37272028883380304,0.5916110190769871,0.47334583333333335
6,2.0,closed,mi_class,56,0.0014149880233968754,0.012812874662011161,0.47334583333333335
6,2.0,closed,mi_class,57,0.15368839035027387,-0.549075589014673,0.47334583333333335
6,2.0,closed,mi_class,58,0.16782299504199633,-0.2894968657857676,0.47334583333333335
6,2.0,closed,mi_class,59,0.12690613668487205,-0.21589843786545868,0.47334583333333335
6,2.0,closed,mi_class,60,0.016689136144703232,-0.00596877537346439,0.47334583333333335
6,2.0,closed,mi_class,61,0.2029447691825615,-0.5503245672009671,0.47334583333333335
6,2.0,closed,mi_class,62,0.16911167965143337,-0.7061531928608631,0.47334583333333335
6,2.0,closed,mi_class,63,-0.08039489339888445,0.5198204494532682,0.47334583333333335
6,2.0,closed,mi_class,64,-0.02669827643690942,0.3873968081148083,0.47334583333333335
6,2.0,closed,mi_class,65,-0.14718708298902294,0.90754657374503,0.47334583333333335
6,2.0,closed,mi_site,0,0.014232718702757441,0.29767211491129897,0.47334583333333335
6,2.0,closed,mi_site,1,0.011237293980206038,0.011478305001919079,0.47334583333333335
6,2.0,closed,mi_site,2,-0.016126039144994653,-0.0071507285164774705,0.47334583333333335
6,2.0,closed,mi_site,3,-0.05768670384414831,-0.48074555518856477,0.47334583333333335
6,2.0,closed,mi_site,4,-0.0334619599515274,-0.3569569988464282,0.47334583333333335
6,2.0,closed,mi_site,5,0.04182599391027486,0.31309136803938814,0.47334583333333335
6,2.0,closed,mi_site,6,-0.06169673697400102,-0.6475986877758871,0.47334583333333335
6,2.0,closed,mi_site,7,-0.020095324026821418,-0.006199684070467065,0.47334583333333335
6,2.0,closed,mi_site,8,0.03850830831033747,0.8714278655296912,0.47334583333333335
6,2.0,closed,mi_site,9,0.01991876946801807,0.4523874737276134,0.47334583333333335
6,2.0,closed,mi_site,10,0.015974916512617843,0.3367958539144129,0.47334583333333335
6,2.0,closed,mi_site,11,0.02488420294835403,0.5499798742661369,0.47334583333333335
6,2.0,closed,mi_site,12,-0.01210357475134205,-0.4246644322767654,0.47334583333333335
6,2.0,closed,mi_site,13,-0.04531485058616491,-0.5939928556598146,0.47334583333333335
6,2.0,closed,mi_site,14,0.03697120908923429,0.2651081549316536,0.47334583333333335
6,2.0,closed,mi_site,15,0.06307661418577337,0.5039989637245788,0.47334583333333335
6,2.0,closed,mi_site,16,0.0012327942905556721,-0.18863529448792998,0.47334583333333335
6,2.0,closed,mi_site,17,-0.05749978061808525,-0.6141829468343598,0.47334583333333335
6,2.0,closed,mi_site,18,0.0016031048859218022,0.34175877848943864,0.47334583333333335
6,2.0,closed,mi_site,19,0.0075823222345886565,0.903644323240216,0.47334583333333335
6,2.0,closed,mi_site,20,0.0005787758126299947,0.9543747554004199,0.47334583333333335
6,2.0,closed,mi_site,21,-0.05697363740282724,-0.7665756165636616,0.47334583333333335
6,2.0,closed,mi_site,22,-0.029565818753784834,-0.5749941210906527,0.47334583333333335
6,2.0,closed,mi_site,23,0.06412508008542495,0.657576433099513,0.47334583333333335
6,2.0,closed,mi_site,24,0.06724948524864349,-0.061678365024049525,0.47334583333333335
6,2.0,closed,mi_site,25,-0.04743012043514737,-0.002503950711144019,0.47334583333333335
6,2.0,closed,mi_site,26,-0.04874445901793106,0.01467461449776263,0.47334583333333335
6,2.0,closed,mi_site,27,0.031848494488322096,0.014682695074168504,0.47334583333333335
6,2.0,closed,mi_site,28,0.008137618229000831,0.5340415308887415,0.47334583333333335
6,2.0,closed,mi_site,29,0.002138823021030911,0.3923269515719259,0.47334583333333335
6,2.0,closed,mi_site,30,0.017316739038195694,0.44546141081139506,0.47334583333333335
6,2.0,closed,mi_site,31,-0.0744754730800592,-0.5087444403862383,0.47334583333333335
6,2.0,closed,mi_site,32,-0.014351080321262755,0.0497337026621073,0.47334583333333335
6,2.0,closed,mi_site,33,0.03134936380830388,-0.004735116391266295,0.47334583333333335
6,2.0,closed,mi_site,34,0.008234717278374472,-0.014016809715352387,0.47334583333333335
6,2.0,closed,mi_site,35,0.0026580571209537107,-0.01567507467937982,0.47334583333333335
6,2.0,closed,mi_site,36,-0.02482682080848997,-0.4125466401265391,0.47334583333333335
6,2.0,closed,mi_site,37,-0.003993048190764625,-0.30324605894300233,0.47334583333333335
6,2.0,closed,mi_site,38,-0.012935167075338927,-0.21099809147015236,0.47334583333333335
6,2.0,closed,mi_site,39,-0.12617303329281138,0.06269197445068458,0.47334583333333335
6,2.0,closed,mi_site,40,0.05038639304613951,0.30489328845007097,0.47334583333333335
6,2.0,closed,mi_site,41,0.1364958297963034,-0.012324988457881113,0.47334583333333335
6,2.0,closed,mi_site,42,-0.06233135240898868,-0.5526759990217542,0.47334583333333335
6,2.0,closed,mi_site,43,-0.060327682548321104,-0.7351312536333042,0.47334583333333335
6,2.0,closed,mi_site,44,-0.0517313125947122,-0.5433691197928633,0.47334583333333335
6,2.0,closed,mi_site,45,0.06687150668168895,-0.33760103259434343,0.47334583333333335
6,2.0,closed,mi_site,46,-0.041498647116672505,0.5667678670495245,0.47334583333333335
6,2.0,closed,mi_site,47,-0.04976623430483185,0.008155005516817353,0.47334583333333335
6,2.0,closed,mi_site,48,-0.02135574627287412,-0.29685654600688904,0.47334583333333335
6,2.0,closed,mi_site,49,0.020866927380395056,0.1967453561982527,0.47334583333333335
6,2.0,closed,mi_site,50,0.023822482586619315,0.14576120422978248,0.47334583333333335
6,2.0,closed,mi_site,51,0.02057123762798474,-0.5287919895858838,0.47334583333333335
6,2.0,closed,mi_site,52,-0.02932924179632046,-0.6128830614448935,0.47334583333333335
6,2.0,closed,mi_site,53,0.010749958312743474,0.24971936628825506,0.47334583333333335
6,2.0,closed,mi_site,54,0.06313486453208061,0.4199077519950169,0.47334583333333335
6,2.0,closed,mi_site,55,0.06201901806393828,0.5916110190769871,0.47334583333333335
6,2.0,closed,mi_site,56,-0.01190607919856563,0.012812874662011161,0.47334583333333335
6,2.0,closed,mi_site,57,-0.027393056628364,-0.549075589014673,0.47334583333333335
6,2.0,closed,mi_site,58,-0.011114612361444565,-0.2894968657857676,0.47334583333333335
6,2.0,closed,mi_site,59,0.006466635150320504,-0.21589843786545868,0.47334583333333335
6,2.0,closed,mi_site,60,0.009528220770694724,-0.00596877537346439,0.47334583333333335
6,2.0,closed,mi_site,61,-0.07611963162976132,-0.5503245672009671,0.47334583333333335
6,2.0,closed,mi_site,62,-0.05750918564581531,-0.7061531928608631,0.47334583333333335
6,2.0,closed,mi_site,63,0.012574981577232247,0.5198204494532682,0.47334583333333335
6,2.0,closed,mi_site,64,0.003625110804579945,0.3873968081148083,0.47334583333333335
6,2.0,closed,mi_site,65,0.007549453352346247,0.90754657374503,0.47334583333333335
