rep,gamma,alignment,estimator,pair,signed_err,truth,miss_rate
5,0.0,aligned,available,0,0.00024216123418996371,-0.9361624877083503,0.47305416666666666
5,0.0,aligned,available,1,0.005666727259852129,-0.0003981652139323412,0.47305416666666666
5,0.0,aligned,available,2,-0.0051763752666813545,-0.8978043163124656,0.47305416666666666
5,0.0,aligned,available,3,0.00035211662866524093,-0.009711458008000445,0.47305416666666666
5,0.0,aligned,available,4,0.008874133283666069,0.21783827036396886,0.47305416666666666
5,0.0,aligned,available,5,-0.0032650623872775286,-0.7527768664459077,0.47305416666666666
5,0.0,aligned,available,6,0.0016916015322279154,0.8689666358359679,0.47305416666666666
5,0.0,aligned,available,7,0.0015907497327820597,0.7618093207171043,0.47305416666666666
5,0.0,aligned,available,8,-0.017596757397713436,-0.43433904709591714,0.47305416666666666
5,0.0,aligned,available,9,-0.0027192534483290176,0.7527124915360098,0.47305416666666666
5,0.0,aligned,available,10,0.0011141958658984485,0.7029821743809486,0.47305416666666666
5,0.0,aligned,available,11,-0.0007272390121333379,0.003209681828218305,0.47305416666666666
5,0.0,aligned,available,12,0.00044534360444969945,0.9501092696030642,0.47305416666666666
5,0.0,aligned,available,13,-0.000986498030944371,0.007923105134387444,0.47305416666666666
5,0.0,aligned,available,14,-0.006439312683772125,-0.25540623631657516,0.47305416666666666
5,0.0,aligned,available,15,-0.002268079478198737,0.7904444547557093,0.47305416666666666
5,0.0,aligned,available,16,-0.0007232560340367788,-0.9493051984071926,0.47305416666666666
5,0.0,aligned,available,17,0.0035434236399667363,-0.7899915060481033,0.47305416666666666
5,0.0,aligned,available,18,0.0030773878493950413,0.5120132239618205,0.47305416666666666
5,0.0,aligned,available,19,0.0033294543810963306,-0.7902444874112474,0.47305416666666666
5,0.0,aligned,available,20,0.0010686963495520896,-0.829625697156169,0.47305416666666666
5,0.0,aligned,available,21,0.022240982381708973,0.0036689056033325776,0.47305416666666666
5,0.0,aligned,available,22,-0.009354809723416735,-0.6611309421021361,0.47305416666666666
5,0.0,aligned,available,23,0.014329464175979537,-0.008882529436587683,0.47305416666666666
5,0.0,aligned,available,24,-0.0005768670689493827,-0.22260951954089603,0.47305416666666666
5,0.0,aligned,available,25,0.0021486380898079857,-0.003105236611344348,0.47305416666666666
5,0.0,aligned,available,26,-0.004870265855281291,-0.0024035107323820367,0.47305416666666666
5,0.0,aligned,available,27,0.001311005406683476,-0.0016904879145403237,0.47305416666666666
5,0.0,aligned,available,28,-0.0022712616609381294,-0.0011115885096027313,0.47305416666666666
5,0.0,aligned,available,29,0.00301337033169629,0.000502316392315063,0.47305416666666666
5,0.0,aligned,available,30,-0.017001074866565293,0.007453011364620112,0.47305416666666666
5,0.0,aligned,available,31,-0.03336594962308495,-0.18162595109392296,0.47305416666666666
5,0.0,aligned,available,32,0.002857208952361523,0.784275403998787,0.47305416666666666
5,0.0,aligned,available,33,-0.006251927830562498,-0.8924062126499248,0.47305416666666666
5,0.0,aligned,available,34,0.0021252498784973817,-0.8103383584182836,0.47305416666666666
5,0.0,aligned,available,35,0.028951629253345434,0.36587609109667296,0.47305416666666666
5,0.0,aligned,available,36,-0.0017266970414948624,-0.8004491559908478,0.47305416666666666
5,0.0,aligned,available,37,0.00045974878206478387,-0.755883658039789,0.47305416666666666
5,0.0,aligned,available,38,0.005307197586005577,-0.0036595046300889242,0.47305416666666666
5,0.0,aligned,available,39,-0.007459091311815991,0.3527961710836738,0.47305416666666666
5,0.0,aligned,available,40,0.010969183808751469,-0.0062148447197982164,0.47305416666666666
5,0.0,aligned,available,41,-0.0001497757034622394,-0.00828078720297853,0.47305416666666666
5,0.0,aligned,available,42,-0.03179588508081172,0.0024346868240016895,0.47305416666666666
5,0.0,aligned,available,43,-0.0028106421723551886,-0.006162820683109181,0.47305416666666666
5,0.0,aligned,available,44,0.01119236923341372,-0.007450866581059375,0.47305416666666666
5,0.0,aligned,available,45,-0.005704616318995603,-0.15377894716895363,0.47305416666666666
5,0.0,aligned,available,46,0.0021281592216446654,0.2662156229655746,0.47305416666666666
5,0.0,aligned,available,47,0.005381079325265464,-0.18939352201077092,0.47305416666666666
5,0.0,aligned,available,48,0.010594156480003947,-0.5042146552600011,0.47305416666666666
5,0.0,aligned,available,49,0.005928340491329426,-0.23774552598322996,0.47305416666666666
5,0.0,aligned,available,50,-0.0028515161743333794,0.30715451245348785,0.47305416666666666
5,0.0,aligned,available,51,-0.000996248240784925,-0.7350622407207242,0.47305416666666666
5,0.0,aligned,available,52,-0.0007668818190881277,-0.8356109308766653,0.47305416666666666
5,0.0,aligned,available,53,0.0033587592690473844,0.19460787279961672,0.47305416666666666
5,0.0,aligned,available,54,-0.0007801565505126673,-0.7775356304674348,0.47305416666666666
5,0.0,aligned,available,55,-0.0009754250479114823,-0.602062511956807,0.47305416666666666
5,0.0,aligned,available,56,0.003560415363799363,0.7254241282143312,0.47305416666666666
5,0.0,aligned,available,57,-0.0039042594746167003,-0.5368294145377569,0.47305416666666666
5,0.0,aligned,available,58,0.0039540429929127985,0.7591690355462684,0.47305416666666666
5,0.0,aligned,available,59,0.0010857563309614182,0.8742621449241075,0.47305416666666666
5,0.0,aligned,available,60,-0.012153954022665107,-0.03729195415320715,0.47305416666666666
5,0.0,aligned,available,61,0.0010306809346882773,0.9543429511161818,0.47305416666666666
5,0.0,aligned,available,62,0.004992720176289711,0.560771927037015,0.47305416666666666
5,0.0,aligned,available,63,-0.01655079579199048,-0.09395414569691059,0.47305416666666666
5,0.0,aligned,available,64,-0.0079236566271782,-0.6113584128402318,0.47305416666666666
5,0.0,aligned,available,65,-0.004479284240503478,0.5990766646810011,0.47305416666666666
5,0.0,aligned,mi_obs,0,-0.013163586682320205,-0.9361624877083503,0.47305416666666666
5,0.0,aligned,mi_obs,1,-0.017125813059584622,-0.0003981652139323412,0.47305416666666666
5,0.0,aligned,mi_obs,2,-0.025343154656342404,-0.8978043163124656,0.47305416666666666
5,0.0,aligned,mi_obs,3,0.1239725846399882,-0.009711458008000445,0.47305416666666666
5,0.0,aligned,mi_obs,4,0.012344178683801055,0.21783827036396886,0.47305416666666666
5,0.0,aligned,mi_obs,5,-0.04024941918541314,-0.7527768664459077,0.47305416666666666
5,0.0,aligned,mi_obs,6,0.03138929125678602,0.8689666358359679,0.47305416666666666
5,0.0,aligned,mi_obs,7,0.01722575651828895,0.7618093207171043,0.47305416666666666
5,0.0,aligned,mi_obs,8,-0.026117628418171335,-0.43433904709591714,0.47305416666666666
5,0.0,aligned,mi_obs,9,0.018752463941703268,0.7527124915360098,0.47305416666666666
5,0.0,aligned,mi_obs,10,0.014677741262821065,0.7029821743809486,0.47305416666666666
5,0.0,aligned,mi_obs,11,0.04173070087238451,0.003209681828218305,0.47305416666666666
5,0.0,aligned,mi_obs,12,0.02201317262000746,0.9501092696030642,0.47305416666666666
5,0.0,aligned,mi_obs,13,-0.1303578684553299,0.007923105134387444,0.47305416666666666
5,0.0,aligned,mi_obs,14,-0.0065133630611264315,-0.25540623631657516,0.47305416666666666
5,0.0,aligned,mi_obs,15,0.021390359015167504,0.7904444547557093,0.47305416666666666
5,0.0,aligned,mi_obs,16,-0.01509190524291626,-0.9493051984071926,0.47305416666666666
5,0.0,aligned,mi_obs,17,-0.012752823948864123,-0.7899915060481033,0.47305416666666666
5,0.0,aligned,mi_obs,18,0.044464959782341884,0.5120132239618205,0.47305416666666666
5,0.0,aligned,mi_obs,19,-0.011113514412566805,-0.7902444874112474,0.47305416666666666
5,0.0,aligned,mi_obs,20,-0.006208616037867598,-0.829625697156169,0.47305416666666666
5,0.0,aligned,mi_obs,21,0.034224780778360143,0.0036689056033325776,0.47305416666666666
5,0.0,aligned,mi_obs,22,-0.18693804181634766,-0.6611309421021361,0.47305416666666666
5,0.0,aligned,mi_obs,23,-0.002342239006655018,-0.008882529436587683,0.47305416666666666
5,0.0,aligned,mi_obs,24,0.00149528002469701,-0.22260951954089603,0.47305416666666666
5,0.0,aligned,mi_obs,25,-0.03209502165541192,-0.003105236611344348,0.47305416666666666
5,0.0,aligned,mi_obs,26,-0.026663273010041347,-0.0024035107323820367,0.47305416666666666
5,0.0,aligned,mi_obs,27,0.024142180087302765,-0.0016904879145403237,0.47305416666666666
5,0.0,aligned,mi_obs,28,-0.03734476558392586,-0.0011115885096027313,0.47305416666666666
5,0.0,aligned,mi_obs,29,-0.0350289085834508,0.000502316392315063,0.47305416666666666
5,0.0,aligned,mi_obs,30,-0.14814204167714184,0.007453011364620112,0.47305416666666666
5,0.0,aligned,mi_obs,31,-0.01746168867511072,-0.18162595109392296,0.47305416666666666
5,0.0,aligned,mi_obs,32,0.03597275479336737,0.784275403998787,0.47305416666666666
5,0.0,aligned,mi_obs,33,-0.04416536274897809,-0.8924062126499248,0.47305416666666666
5,0.0,aligned,mi_obs,34,-0.02094450422216587,-0.8103383584182836,0.47305416666666666
5,0.0,aligned,mi_obs,35,0.04695924290150161,0.36587609109667296,0.47305416666666666
5,0.0,aligned,mi_obs,36,-0.03174461168924647,-0.8004491559908478,0.47305416666666666
5,0.0,aligned,mi_obs,37,-0.006430893188759779,-0.755883658039789,0.47305416666666666
5,0.0,aligned,mi_obs,38,0.027217851401060027,-0.0036595046300889242,0.47305416666666666
5,0.0,aligned,mi_obs,39,-0.12354271220531865,0.3527961710836738,0.47305416666666666
5,0.0,aligned,mi_obs,40,0.12211145077687516,-0.0062148447197982164,0.47305416666666666
5,0.0,aligned,mi_obs,41,0.11126549408782566,-0.00828078720297853,0.47305416666666666
5,0.0,aligned,mi_obs,42,-0.05064176073949481,0.0024346868240016895,0.47305416666666666
5,0.0,aligned,mi_obs,43,0.11330332256823489,-0.006162820683109181,0.47305416666666666
5,0.0,aligned,mi_obs,44,0.09465440942809641,-0.007450866581059375,0.47305416666666666
5,0.0,aligned,mi_obs,45,0.043872452582752616,-0.15377894716895363,0.47305416666666666
5,0.0,aligned,mi_obs,46,-0.0014327123771905037,0.2662156229655746,0.47305416666666666
5,0.0,aligned,mi_obs,47,-0.03617328421856705,-0.18939352201077092,0.47305416666666666
5,0.0,aligned,mi_obs,48,-0.050741715762526396,-0.5042146552600011,0.47305416666666666
5,0.0,aligned,mi_obs,49,-0.03851048363823256,-0.23774552598322996,0.47305416666666666
5,0.0,aligned,mi_obs,50,0.00822291727466129,0.30715451245348785,0.47305416666666666
5,0.0,aligned,mi_obs,51,-0.038602711414503776,-0.7350622407207242,0.47305416666666666
5,0.0,aligned,mi_obs,52,-0.015387878341667993,-0.8356109308766653,0.47305416666666666
5,0.0,aligned,mi_obs,53,0.04282721434402417,0.19460787279961672,0.47305416666666666
5,0.0,aligned,mi_obs,54,-0.03233048407839212,-0.7775356304674348,0.47305416666666666
5,0.0,aligned,mi_obs,55,-0.01874865105307011,-0.602062511956807,0.47305416666666666
5,0.0,aligned,mi_obs,56,0.029853588581906343,0.7254241282143312,0.47305416666666666
5,0.0,aligned,mi_obs,57,-0.06253279785644361,-0.5368294145377569,0.47305416666666666
5,0.0,aligned,mi_obs,58,0.02371739708621401,0.7591690355462684,0.47305416666666666
5,0.0,aligned,mi_obs,59,0.014269738079420557,0.8742621449241075,0.47305416666666666
5,0.0,aligned,mi_obs,60,-0.016332913713647437,-0.03729195415320715,0.47305416666666666
5,0.0,aligned,mi_obs,61,0.01709598556147862,0.9543429511161818,0.47305416666666666
5,0.0,aligned,mi_obs,62,0.014981393763865314,0.560771927037015,0.47305416666666666
5,0.0,aligned,mi_obs,63,-0.03708751047202759,-0.09395414569691059,0.47305416666666666
5,0.0,aligned,mi_obs,64,-0.0718954847616805,-0.6113584128402318,0.47305416666666666
5,0.0,aligned,mi_obs,65,0.013248761977244228,0.5990766646810011,0.47305416666666666
5,0.0,aligned,mi_class,0,0.294248814098679,-0.9361624877083503,0.47305416666666666
5,0.0,aligned,mi_class,1,0.02572433751110085,-0.0003981652139323412,0.47305416666666666
5,0.0,aligned,mi_class,2,0.1773371983513734,-0.8978043163124656,0.47305416666666666
5,0.0,aligned,mi_class,3,0.025105465980026803,-0.009711458008000445,0.47305416666666666
5,0.0,aligned,mi_class,4,-0.0801104471112852,0.21783827036396886,0.47305416666666666
5,0.0,aligned,mi_class,5,0.12249251789489879,-0.7527768664459077,0.47305416666666666
5,0.0,aligned,mi_class,6,-0.33317554273932526,0.8689666358359679,0.47305416666666666
5,0.0,aligned,mi_class,7,-0.26815425435884016,0.7618093207171043,0.47305416666666666
5,0.0,aligned,mi_class,8,0.03853710046659797,-0.43433904709591714,0.47305416666666666
5,0.0,aligned,mi_class,9,-0.15087178948769142,0.7527124915360098,0.47305416666666666
5,0.0,aligned,mi_class,10,-0.09404399669894747,0.7029821743809486,0.47305416666666666
5,0.0,aligned,mi_class,11,-0.03818449141467286,0.003209681828218305,0.47305416666666666
5,0.0,aligned,mi_class,12,-0.04247506369580967,0.9501092696030642,0.47305416666666666
5,0.0,aligned,mi_class,13,0.0007349765895649212,0.007923105134387444,0.47305416666666666
5,0.0,aligned,mi_class,14,0.08709648714661031,-0.25540623631657516,0.47305416666666666
5,0.0,aligned,mi_class,15,-0.10558511329623854,0.7904444547557093,0.47305416666666666
5,0.0,aligned,mi_class,16,0.30966359552776057,-0.9493051984071926,0.47305416666666666
5,0.0,aligned,mi_class,17,0.29042939906838955,-0.7899915060481033,0.47305416666666666
5,0.0,aligned,mi_class,18,0.008847616579743312,0.5120132239618205,0.47305416666666666
5,0.0,aligned,mi_class,19,0.034004291449932,-0.7902444874112474,0.47305416666666666
5,0.0,aligned,mi_class,20,0.2709445497710463,-0.829625697156169,0.47305416666666666
5,0.0,aligned,mi_class,21,-0.018598034107429138,0.0036689056033325776,0.47305416666666666
5,0.0,aligned,mi_class,22,0.13400145710619693,-0.6611309421021361,0.47305416666666666
5,0.0,aligned,mi_class,23,-0.02339141221743199,-0.008882529436587683,0.47305416666666666
5,0.0,aligned,mi_class,24,0.0664754624372163,-0.22260951954089603,0.47305416666666666
5,0.0,aligned,mi_class,25,0.033958644058613825,-0.003105236611344348,0.47305416666666666
5,0.0,aligned,mi_class,26,0.002382234677224607,-0.0024035107323820367,0.47305416666666666
5,0.0,aligned,mi_class,27,0.01154076468095016,-0.0016904879145403237,0.47305416666666666
5,0.0,aligned,mi_class,28,0.026869055619348364,-0.0011115885096027313,0.47305416666666666
5,0.0,aligned,mi_class,29,0.08937952712790888,0.000502316392315063,0.47305416666666666
5,0.0,aligned,mi_class,30,-0.01587869367890059,0.007453011364620112,0.47305416666666666
5,0.0,aligned,mi_class,31,0.03436079777785389,-0.18162595109392296,0.47305416666666666
5,0.0,aligned,mi_class,32,-0.04040734704866944,0.784275403998787,0.47305416666666666
5,0.0,aligned,mi_class,33,0.16167889426822613,-0.8924062126499248,0.47305416666666666
5,0.0,aligned,mi_class,34,0.18178228026848542,-0.8103383584182836,0.47305416666666666
5,0.0,aligned,mi_class,35,0.07090866393323336,0.36587609109667296,0.47305416666666666
5,0.0,aligned,mi_class,36,-0.04563771094508584,-0.8004491559908478,0.47305416666666666
5,0.0,aligned,mi_class,37,0.1746511709126065,-0.755883658039789,0.47305416666666666
5,0.0,aligned,mi_class,38,0.003843345932798464,-0.0036595046300889242,0.47305416666666666
5,0.0,aligned,mi_class,39,0.005227616060004936,0.3527961710836738,0.47305416666666666
5,0.0,aligned,mi_class,40,-0.0717592304933145,-0.0062148447197982164,0.47305416666666666
5,0.0,aligned,mi_class,41,0.004992034001981634,-0.00828078720297853,0.47305416666666666
5,0.0,aligned,mi_class,42,-0.014952048971048317,0.0024346868240016895,0.47305416666666666
5,0.0,aligned,mi_class,43,0.006131985227740838,-0.006162820683109181,0.47305416666666666
5,0.0,aligned,mi_class,44,0.02344033754027621,-0.007450866581059375,0.47305416666666666
5,0.0,aligned,mi_class,45,0.029448834780799515,-0.15377894716895363,0.47305416666666666
5,0.0,aligned,mi_class,46,-0.04004388988991153,0.2662156229655746,0.47305416666666666
5,0.0,aligned,mi_class,47,0.006484425876389033,-0.18939352201077092,0.47305416666666666
5,0.0,aligned,mi_class,48,0.10395021036986096,-0.5042146552600011,0.47305416666666666
5,0.0,aligned,mi_class,49,0.061614176361468126,-0.23774552598322996,0.47305416666666666
5,0.0,aligned,mi_class,50,-0.12966180722992968,0.30715451245348785,0.47305416666666666
5,0.0,aligned,mi_class,51,0.09163936492807401,-0.7350622407207242,0.47305416666666666
5,0.0,aligned,mi_class,52,0.14938663565177346,-0.8356109308766653,0.47305416666666666
5,0.0,aligned,mi_class,53,0.07696476695373028,0.19460787279961672,0.47305416666666666
5,0.0,aligned,mi_class,54,0.05732471930431837,-0.7775356304674348,0.47305416666666666
5,0.0,aligned,mi_class,55,0.13897885228174972,-0.602062511956807,0.47305416666666666
5,0.0,aligned,mi_class,56,-0.08337831970395493,0.7254241282143312,0.47305416666666666
5,0.0,aligned,mi_class,57,0.0838460648661869,-0.5368294145377569,0.47305416666666666
5,0.0,aligned,mi_class,58,-0.15297128664679416,0.7591690355462684,0.47305416666666666
5,0.0,aligned,mi_class,59,-0.35093588497151107,0.8742621449241075,0.47305416666666666
5,0.0,aligned,mi_class,60,-0.023706962747604428,-0.03729195415320715,0.47305416666666666
5,0.0,aligned,mi_class,61,-0.21833319846048427,0.9543429511161818,0.47305416666666666
5,0.0,aligned,mi_class,62,-0.2185828976858452,0.560771927037015,0.47305416666666666
5,0.0,aligned,mi_class,63,-0.04256089588909802,-0.09395414569691059,0.47305416666666666
5,0.0,aligned,mi_class,64,0.08729447395002354,-0.6113584128402318,0.47305416666666666
5,0.0,aligned,mi_class,65,-0.13832331135753262,0.5990766646810011,0.47305416666666666
5,0.0,aligned,mi_site,0,0.061573194424759836,-0.9361624877083503,0.47305416666666666
5,0.0,aligned,mi_site,1,-0.015658947853791357,-0.0003981652139323412,0.47305416666666666
5,0.0,aligned,mi_site,2,0.18534563584085084,-0.8978043163124656,0.47305416666666666
5,0.0,aligned,mi_site,3,0.09924508733215809,-0.009711458008000445,0.47305416666666666
5,0.0,aligned,mi_site,4,-0.0004440834738258792,0.21783827036396886,0.47305416666666666
5,0.0,aligned,mi_site,5,0.042334839093650434,-0.7527768664459077,0.47305416666666666
5,0.0,aligned,mi_site,6,-0.05530859552786649,0.8689666358359679,0.47305416666666666
5,0.0,aligned,mi_site,7,-0.04939302641676824,0.7618093207171043,0.47305416666666666
5,0.0,aligned,mi_site,8,0.37209470208365186,-0.43433904709591714,0.47305416666666666
5,0.0,aligned,mi_site,9,-0.04465746103018753,0.7527124915360098,0.47305416666666666
5,0.0,aligned,mi_site,10,-0.05289912429340393,0.7029821743809486,0.47305416666666666
5,0.0,aligned,mi_site,11,0.022662932188984426,0.003209681828218305,0.47305416666666666
5,0.0,aligned,mi_site,12,-0.14867018767386375,0.9501092696030642,0.47305416666666666
5,0.0,aligned,mi_site,13,-0.10362669815639945,0.007923105134387444,0.47305416666666666
5,0.0,aligned,mi_site,14,-0.01980580508839319,-0.25540623631657516,0.47305416666666666
5,0.0,aligned,mi_site,15,-0.015071848904510632,0.7904444547557093,0.47305416666666666
5,0.0,aligned,mi_site,16,0.02649506432158455,-0.9493051984071926,0.47305416666666666
5,0.0,aligned,mi_site,17,0.021842291468890385,-0.7899915060481033,0.47305416666666666
5,0.0,aligned,mi_site,18,-0.4293328894483702,0.5120132239618205,0.47305416666666666
5,0.0,aligned,mi_site,19,0.024873213965524776,-0.7902444874112474,0.47305416666666666
5,0.0,aligned,mi_site,20,0.026483879358752516,-0.829625697156169,0.47305416666666666
5,0.0,aligned,mi_site,21,0.02085753964420222,0.0036689056033325776,0.47305416666666666
5,0.0,aligned,mi_site,22,-0.09635288091541372,-0.6611309421021361,0.47305416666666666
5,0.0,aligned,mi_site,23,0.0026675980795835127,-0.008882529436587683,0.47305416666666666
5,0.0,aligned,mi_site,24,0.003163324903811937,-0.22260951954089603,0.47305416666666666
5,0.0,aligned,mi_site,25,-0.01476323505130351,-0.003105236611344348,0.47305416666666666
5,0.0,aligned,mi_site,26,-0.025256964934292428,-0.0024035107323820367,0.47305416666666666
5,0.0,aligned,mi_site,27,-0.0041459179633351615,-0.0016904879145403237,0.47305416666666666
5,0.0,aligned,mi_site,28,-0.029225717813458015,-0.0011115885096027313,0.47305416666666666
5,0.0,aligned,mi_site,29,-0.017699523796711955,0.000502316392315063,0.47305416666666666
5,0.0,aligned,mi_site,30,-0.08709170873943377,0.007453011364620112,0.47305416666666666
5,0.0,aligned,mi_site,31,0.008635879350591513,-0.18162595109392296,0.47305416666666666
5,0.0,aligned,mi_site,32,-0.04658905619599063,0.784275403998787,0.47305416666666666
5,0.0,aligned,mi_site,33,0.07475090794300132,-0.8924062126499248,0.47305416666666666
5,0.0,aligned,mi_site,34,0.06942210281368155,-0.8103383584182836,0.47305416666666666
5,0.0,aligned,mi_site,35,-0.30058140031135866,0.36587609109667296,0.47305416666666666
5,0.0,aligned,mi_site,36,0.06566394482648841,-0.8004491559908478,0.47305416666666666
5,0.0,aligned,mi_site,37,0.10619659553985383,-0.755883658039789,0.47305416666666666
5,0.0,aligned,mi_site,38,0.016551044362264226,-0.0036595046300889242,0.47305416666666666
5,0.0,aligned,mi_site,39,-0.11036029758684845,0.3527961710836738,0.47305416666666666
5,0.0,aligned,mi_site,40,0.10083313155126909,-0.0062148447197982164,0.47305416666666666
5,0.0,aligned,mi_site,41,0.09302498482265593,-0.00828078720297853,0.47305416666666666
5,0.0,aligned,mi_site,42,0.009167791741713277,0.0024346868240016895,0.47305416666666666
5,0.0,aligned,mi_site,43,0.09938608721718847,-0.006162820683109181,0.47305416666666666
5,0.0,aligned,mi_site,44,0.08676579129308515,-0.007450866581059375,0.47305416666666666
5,0.0,aligned,mi_site,45,0.02548311688547475,-0.15377894716895363,0.47305416666666666
5,0.0,aligned,mi_site,46,0.016463821040998694,0.2662156229655746,0.47305416666666666
5,0.0,aligned,mi_site,47,-0.009672607294999719,-0.18939352201077092,0.47305416666666666
5,0.0,aligned,mi_site,48,0.3885312124599678,-0.5042146552600011,0.47305416666666666
5,0.0,aligned,mi_site,49,0.0002527372642079917,-0.23774552598322996,0.47305416666666666
5,0.0,aligned,mi_site,50,0.011136126919431943,0.30715451245348785,0.47305416666666666
5,0.0,aligned,mi_site,51,-0.03504642437430305,-0.7350622407207242,0.47305416666666666
5,0.0,aligned,mi_site,52,-0.01889649126889581,-0.8356109308766653,0.47305416666666666
5,0.0,aligned,mi_site,53,-0.1701626080046383,0.19460787279961672,0.47305416666666666
5,0.0,aligned,mi_site,54,-0.02283205783115938,-0.7775356304674348,0.47305416666666666
5,0.0,aligned,mi_site,55,-0.002697961448444919,-0.602062511956807,0.47305416666666666
5,0.0,aligned,mi_site,56,0.02751313859091331,0.7254241282143312,0.47305416666666666
5,0.0,aligned,mi_site,57,0.4414932043416597,-0.5368294145377569,0.47305416666666666
5,0.0,aligned,mi_site,58,0.012226010715883029,0.7591690355462684,0.47305416666666666
5,0.0,aligned,mi_site,59,-0.011296586379990314,0.8742621449241075,0.47305416666666666
5,0.0,aligned,mi_site,60,0.05104480919195966,-0.03729195415320715,0.47305416666666666
5,0.0,aligned,mi_site,61,0.005350862770744702,0.9543429511161818,0.47305416666666666
5,0.0,aligned,mi_site,62,0.002975659241350126,0.560771927037015,0.47305416666666666
5,0.0,aligned,mi_site,63,0.11741110221236621,-0.09395414569691059,0.47305416666666666
5,0.0,aligned,mi_site,64,0.503831008107534,-0.6113584128402318,0.47305416666666666
5,0.0,aligned,mi_site,65,-0.004573122038815103,0.5990766646810011,0.47305416666666666
5,0.0,closed,available,0,6.710353738448305e-06,-0.9361624877083503,0.47305416666666666
5,0.0,closed,available,1,0.0007442431553781501,-0.0003981652139323412,0.47305416666666666
5,0.0,closed,available,2,0.0030218177289105252,-0.8978043163124656,0.47305416666666666
5,0.0,closed,available,3,0.008953645982929116,-0.009711458008000445,0.47305416666666666
5,0.0,closed,available,4,0.0032573799263352354,0.21783827036396886,0.47305416666666666
5,0.0,closed,available,5,0.008299922548358651,-0.7527768664459077,0.47305416666666666
5,0.0,closed,available,6,-0.005700116736574334,0.8689666358359679,0.47305416666666666
5,0.0,closed,available,7,0.00045006442392891977,0.7618093207171043,0.47305416666666666
5,0.0,closed,available,8,-0.00567912825058231,-0.43433904709591714,0.47305416666666666
5,0.0,closed,available,9,-0.001165598749455543,0.7527124915360098,0.47305416666666666
5,0.0,closed,available,10,-0.003892243823323094,0.7029821743809486,0.47305416666666666
5,0.0,closed,available,11,0.0028804503216091786,0.003209681828218305,0.47305416666666666
5,0.0,closed,available,12,-0.000640627511454217,0.9501092696030642,0.47305416666666666
5,0.0,closed,available,13,0.007919380197265865,0.007923105134387444,0.47305416666666666
5,0.0,closed,available,14,0.0013472171971011249,-0.25540623631657516,0.47305416666666666
5,0.0,closed,available,15,-0.003613670492426002,0.7904444547557093,0.47305416666666666
5,0.0,closed,available,16,0.0019429064635551052,-0.9493051984071926,0.47305416666666666
5,0.0,closed,available,17,0.0011691177067084668,-0.7899915060481033,0.47305416666666666
5,0.0,closed,available,18,0.004559086967416692,0.5120132239618205,0.47305416666666666
5,0.0,closed,available,19,0.006321060069813922,-0.7902444874112474,0.47305416666666666
5,0.0,closed,available,20,0.0018232189491634854,-0.829625697156169,0.47305416666666666
5,0.0,closed,available,21,0.015869405991739235,0.0036689056033325776,0.47305416666666666
5,0.0,closed,available,22,0.00855068146623117,-0.6611309421021361,0.47305416666666666
5,0.0,closed,available,23,-0.009437616743237277,-0.008882529436587683,0.47305416666666666
5,0.0,closed,available,24,0.010196473908400783,-0.22260951954089603,0.47305416666666666
5,0.0,closed,available,25,-0.010059451793371612,-0.003105236611344348,0.47305416666666666
5,0.0,closed,available,26,-0.010690321506019493,-0.0024035107323820367,0.47305416666666666
5,0.0,closed,available,27,0.0054376066545050086,-0.0016904879145403237,0.47305416666666666
5,0.0,closed,available,28,0.009026528141732788,-0.0011115885096027313,0.47305416666666666
5,0.0,closed,available,29,0.008156743303011115,0.000502316392315063,0.47305416666666666
5,0.0,closed,available,30,0.0026130965482910875,0.007453011364620112,0.47305416666666666
5,0.0,closed,available,31,0.023564316689899584,-0.18162595109392296,0.47305416666666666
5,0.0,closed,available,32,-0.00846410917099305,0.784275403998787,0.47305416666666666
5,0.0,closed,available,33,0.004810859310182214,-0.8924062126499248,0.47305416666666666
5,0.0,closed,available,34,0.008240393894527132,-0.8103383584182836,0.47305416666666666
5,0.0,closed,available,35,0.013452377583518915,0.36587609109667296,0.47305416666666666
5,0.0,closed,available,36,0.008126665949178657,-0.8004491559908478,0.47305416666666666
5,0.0,closed,available,37,0.010083152556189856,-0.755883658039789,0.47305416666666666
5,0.0,closed,available,38,-0.0030395292201697475,-0.0036595046300889242,0.47305416666666666
5,0.0,closed,available,39,0.005452425297368224,0.3527961710836738,0.47305416666666666
5,0.0,closed,available,40,0.0011645873982586681,-0.0062148447197982164,0.47305416666666666
5,0.0,closed,available,41,-0.005170502091562442,-0.00828078720297853,0.47305416666666666
5,0.0,closed,available,42,-0.003306978095915618,0.0024346868240016895,0.47305416666666666
5,0.0,closed,available,43,-0.0008222033064151524,-0.006162820683109181,0.47305416666666666
5,0.0,closed,available,44,-0.000537559416149946,-0.007450866581059375,0.47305416666666666
5,0.0,closed,available,45,-0.0029883890074438313,-0.15377894716895363,0.47305416666666666
5,0.0,closed,available,46,0.0008199675672482254,0.2662156229655746,0.47305416666666666
5,0.0,closed,available,47,-5.96509574846138e-06,-0.18939352201077092,0.47305416666666666
5,0.0,closed,available,48,0.006202753374812242,-0.5042146552600011,0.47305416666666666
5,0.0,closed,available,49,0.0005661423534251142,-0.23774552598322996,0.47305416666666666
5,0.0,closed,available,50,0.005745060689007597,0.30715451245348785,0.47305416666666666
5,0.0,closed,available,51,0.006030399888703797,-0.7350622407207242,0.47305416666666666
5,0.0,closed,available,52,0.0011134456877865961,-0.8356109308766653,0.47305416666666666
5,0.0,closed,available,53,-0.004528810669290673,0.19460787279961672,0.47305416666666666
5,0.0,closed,available,54,0.011312517291334867,-0.7775356304674348,0.47305416666666666
5,0.0,closed,available,55,0.008255695258751916,-0.602062511956807,0.47305416666666666
5,0.0,closed,available,56,-0.0029460492724622256,0.7254241282143312,0.47305416666666666
5,0.0,closed,available,57,-0.006233993454854758,-0.5368294145377569,0.47305416666666666
5,0.0,closed,available,58,-0.010291310194414316,0.7591690355462684,0.47305416666666666
5,0.0,closed,available,59,-0.0011987658333081352,0.8742621449241075,0.47305416666666666
5,0.0,closed,available,60,-0.008285785145639483,-0.03729195415320715,0.47305416666666666
5,0.0,closed,available,61,-0.001990357785480512,0.9543429511161818,0.47305416666666666
5,0.0,closed,available,62,-0.008950712341232459,0.560771927037015,0.47305416666666666
5,0.0,closed,available,63,0.002444881336008689,-0.09395414569691059,0.47305416666666666
5,0.0,closed,available,64,-0.000448014369304528,-0.6113584128402318,0.47305416666666666
5,0.0,closed,available,65,-0.01269415901925608,0.5990766646810011,0.47305416666666666
5,0.0,closed,mi_obs,0,-0.011180519635256458,-0.9361624877083503,0.47305416666666666
5,0.0,closed,mi_obs,1,0.010475739840792532,-0.0003981652139323412,0.47305416666666666
5,0.0,closed,mi_obs,2,-0.046403919538652305,-0.8978043163124656,0.47305416666666666
5,0.0,closed,mi_obs,3,0.05177290598226601,-0.009711458008000445,0.47305416666666666
5,0.0,closed,mi_obs,4,-0.018664145979933544,0.21783827036396886,0.47305416666666666
5,0.0,closed,mi_obs,5,-0.038014036200894274,-0.7527768664459077,0.47305416666666666
5,0.0,closed,mi_obs,6,0.01447226854885908,0.8689666358359679,0.47305416666666666
5,0.0,closed,mi_obs,7,0.027617675289718147,0.7618093207171043,0.47305416666666666
5,0.0,closed,mi_obs,8,-0.041037225651762654,-0.43433904709591714,0.47305416666666666
5,0.0,closed,mi_obs,9,0.023479428916788003,0.7527124915360098,0.47305416666666666
5,0.0,closed,mi_obs,10,0.012190643306593252,0.7029821743809486,0.47305416666666666
5,0.0,closed,mi_obs,11,0.01372332686723671,0.003209681828218305,0.47305416666666666
5,0.0,closed,mi_obs,12,0.021112146070620175,0.9501092696030642,0.47305416666666666
5,0.0,closed,mi_obs,13,-0.047725756217695314,0.007923105134387444,0.47305416666666666
5,0.0,closed,mi_obs,14,0.01790165732133836,-0.25540623631657516,0.47305416666666666
5,0.0,closed,mi_obs,15,0.03599064207475611,0.7904444547557093,0.47305416666666666
5,0.0,closed,mi_obs,16,-0.014568360864021912,-0.9493051984071926,0.47305416666666666
5,0.0,closed,mi_obs,17,-0.014888389464296603,-0.7899915060481033,0.47305416666666666
5,0.0,closed,mi_obs,18,0.030487637081554442,0.5120132239618205,0.47305416666666666
5,0.0,closed,mi_obs,19,-0.012837896056470677,-0.7902444874112474,0.47305416666666666
5,0.0,closed,mi_obs,20,-0.007158634993322033,-0.829625697156169,0.47305416666666666
5,0.0,closed,mi_obs,21,0.030272889497031573,0.0036689056033325776,0.47305416666666666
5,0.0,closed,mi_obs,22,-0.17112683416646102,-0.6611309421021361,0.47305416666666666
5,0.0,closed,mi_obs,23,-0.008540893809589046,-0.008882529436587683,0.47305416666666666
5,0.0,closed,mi_obs,24,-0.017778367839802883,-0.22260951954089603,0.47305416666666666
5,0.0,closed,mi_obs,25,-0.024092745268908103,-0.003105236611344348,0.47305416666666666
5,0.0,closed,mi_obs,26,-0.004170494221981888,-0.0024035107323820367,0.47305416666666666
5,0.0,closed,mi_obs,27,0.017019636712688815,-0.0016904879145403237,0.47305416666666666
5,0.0,closed,mi_obs,28,-0.017477241395528947,-0.0011115885096027313,0.47305416666666666
5,0.0,closed,mi_obs,29,-0.003262106626521884,0.000502316392315063,0.47305416666666666
5,0.0,closed,mi_obs,30,-0.01521909452221451,0.007453011364620112,0.47305416666666666
5,0.0,closed,mi_obs,31,0.04988727928263248,-0.18162595109392296,0.47305416666666666
5,0.0,closed,mi_obs,32,0.05040182661104653,0.784275403998787,0.47305416666666666
5,0.0,closed,mi_obs,33,-0.03146271764625708,-0.8924062126499248,0.47305416666666666
5,0.0,closed,mi_obs,34,-0.024030812071976437,-0.8103383584182836,0.47305416666666666
5,0.0,closed,mi_obs,35,0.031539184030771994,0.36587609109667296,0.47305416666666666
5,0.0,closed,mi_obs,36,-0.022981839468134813,-0.8004491559908478,0.47305416666666666
5,0.0,closed,mi_obs,37,-0.006209391431402422,-0.755883658039789,0.47305416666666666
5,0.0,closed,mi_obs,38,0.05473922282436326,-0.0036595046300889242,0.47305416666666666
5,0.0,closed,mi_obs,39,-0.06396930804910733,0.3527961710836738,0.47305416666666666
5,0.0,closed,mi_obs,40,0.038799359932455306,-0.0062148447197982164,0.47305416666666666
5,0.0,closed,mi_obs,41,0.02815651354278241,-0.00828078720297853,0.47305416666666666
5,0.0,closed,mi_obs,42,-0.00027622594774604804,0.0024346868240016895,0.47305416666666666
5,0.0,closed,mi_obs,43,0.022669900800845726,-0.006162820683109181,0.47305416666666666
5,0.0,closed,mi_obs,44,0.03864951210131467,-0.007450866581059375,0.47305416666666666
5,0.0,closed,mi_obs,45,0.07542769253726865,-0.15377894716895363,0.47305416666666666
5,0.0,closed,mi_obs,46,-0.029992871627964796,0.2662156229655746,0.47305416666666666
5,0.0,closed,mi_obs,47,-0.043218900822160816,-0.18939352201077092,0.47305416666666666
5,0.0,closed,mi_obs,48,-0.046214191188554965,-0.5042146552600011,0.47305416666666666
5,0.0,closed,mi_obs,49,-0.05777388272601752,-0.23774552598322996,0.47305416666666666
5,0.0,closed,mi_obs,50,-0.0058009677311546826,0.30715451245348785,0.47305416666666666
5,0.0,closed,mi_obs,51,-0.04608901911570906,-0.7350622407207242,0.47305416666666666
5,0.0,closed,mi_obs,52,-0.03253576610034181,-0.8356109308766653,0.47305416666666666
5,0.0,closed,mi_obs,53,0.015753062737047713,0.19460787279961672,0.47305416666666666
5,0.0,closed,mi_obs,54,-0.04637381794971618,-0.7775356304674348,0.47305416666666666
5,0.0,closed,mi_obs,55,-0.029474314892279474,-0.602062511956807,0.47305416666666666
5,0.0,closed,mi_obs,56,0.028196941737929415,0.7254241282143312,0.47305416666666666
5,0.0,closed,mi_obs,57,-0.05048693644301949,-0.5368294145377569,0.47305416666666666
5,0.0,closed,mi_obs,58,0.02363909586504198,0.7591690355462684,0.47305416666666666
5,0.0,closed,mi_obs,59,0.01832572765717555,0.8742621449241075,0.47305416666666666
5,0.0,closed,mi_obs,60,0.010074275085054065,-0.03729195415320715,0.47305416666666666
5,0.0,closed,mi_obs,61,0.015770442407380014,0.9543429511161818,0.47305416666666666
5,0.0,closed,mi_obs,62,0.015330455819224764,0.560771927037015,0.47305416666666666
5,0.0,closed,mi_obs,63,-0.005394528263600484,-0.09395414569691059,0.47305416666666666
5,0.0,closed,mi_obs,64,-0.05400434951515609,-0.6113584128402318,0.47305416666666666
5,0.0,closed,mi_obs,65,0.015363574783705203,0.5990766646810011,0.47305416666666666
5,0.0,closed,mi_class,0,0.25809834637741047,-0.9361624877083503,0.47305416666666666
5,0.0,closed,mi_class,1,-0.034726962635042484,-0.0003981652139323412,0.47305416666666666
5,0.0,closed,mi_class,2,0.12136077963034464,-0.8978043163124656,0.47305416666666666
5,0.0,closed,mi_class,3,0.007866290795818005,-0.009711458008000445,0.47305416666666666
5,0.0,closed,mi_class,4,-0.07367158105965746,0.21783827036396886,0.47305416666666666
5,0.0,closed,mi_class,5,0.38866089123413716,-0.7527768664459077,0.47305416666666666
5,0.0,closed,mi_class,6,-0.14456484064483166,0.8689666358359679,0.47305416666666666
5,0.0,closed,mi_class,7,-0.2649804200327594,0.7618093207171043,0.47305416666666666
5,0.0,closed,mi_class,8,0.03563271856407263,-0.43433904709591714,0.47305416666666666
5,0.0,closed,mi_class,9,-0.10208267988152153,0.7527124915360098,0.47305416666666666
5,0.0,closed,mi_class,10,-0.033704741704013275,0.7029821743809486,0.47305416666666666
5,0.0,closed,mi_class,11,0.02811669433220764,0.003209681828218305,0.47305416666666666
5,0.0,closed,mi_class,12,-0.06029061383583634,0.9501092696030642,0.47305416666666666
5,0.0,closed,mi_class,13,-0.03240005132031247,0.007923105134387444,0.47305416666666666
5,0.0,closed,mi_class,14,0.09441903219393896,-0.25540623631657516,0.47305416666666666
5,0.0,closed,mi_class,15,-0.45378995114475357,0.7904444547557093,0.47305416666666666
5,0.0,closed,mi_class,16,0.20641724058623745,-0.9493051984071926,0.47305416666666666
5,0.0,closed,mi_class,17,0.3364101006808735,-0.7899915060481033,0.47305416666666666
5,0.0,closed,mi_class,18,-0.021213695496537344,0.5120132239618205,0.47305416666666666
5,0.0,closed,mi_class,19,0.049378308917295555,-0.7902444874112474,0.47305416666666666
5,0.0,closed,mi_class,20,0.15305479867298943,-0.829625697156169,0.47305416666666666
5,0.0,closed,mi_class,21,0.00028924644790804654,0.0036689056033325776,0.47305416666666666
5,0.0,closed,mi_class,22,0.17586271018910682,-0.6611309421021361,0.47305416666666666
5,0.0,closed,mi_class,23,-0.0225400905806786,-0.008882529436587683,0.47305416666666666
5,0.0,closed,mi_class,24,0.07128765463028344,-0.22260951954089603,0.47305416666666666
5,0.0,closed,mi_class,25,-0.002711611063838146,-0.003105236611344348,0.47305416666666666
5,0.0,closed,mi_class,26,-0.007038859866091936,-0.0024035107323820367,0.47305416666666666
5,0.0,closed,mi_class,27,0.013462727924452203,-0.0016904879145403237,0.47305416666666666
5,0.0,closed,mi_class,28,0.030246471351773142,-0.0011115885096027313,0.47305416666666666
5,0.0,closed,mi_class,29,-0.06546408900138874,0.000502316392315063,0.47305416666666666
5,0.0,closed,mi_class,30,-0.03653865839408545,0.007453011364620112,0.47305416666666666
5,0.0,closed,mi_class,31,0.04837001534091989,-0.18162595109392296,0.47305416666666666
5,0.0,closed,mi_class,32,-0.35275379482330976,0.784275403998787,0.47305416666666666
5,0.0,closed,mi_class,33,0.059789200146013965,-0.8924062126499248,0.47305416666666666
5,0.0,closed,mi_class,34,0.2126158627199155,-0.8103383584182836,0.47305416666666666
5,0.0,closed,mi_class,35,0.054409422888269,0.36587609109667296,0.47305416666666666
5,0.0,closed,mi_class,36,-0.045524216333928336,-0.8004491559908478,0.47305416666666666
5,0.0,closed,mi_class,37,0.04876347964833083,-0.755883658039789,0.47305416666666666
5,0.0,closed,mi_class,38,-0.0034034265988964886,-0.0036595046300889242,0.47305416666666666
5,0.0,closed,mi_class,39,0.04649305225899891,0.3527961710836738,0.47305416666666666
5,0.0,closed,mi_class,40,0.14045222768756507,-0.0062148447197982164,0.47305416666666666
5,0.0,closed,mi_class,41,-0.0002819064539628588,-0.00828078720297853,0.47305416666666666
5,0.0,closed,mi_class,42,0.01011613335836812,0.0024346868240016895,0.47305416666666666
5,0.0,closed,mi_class,43,0.040371738070145206,-0.006162820683109181,0.47305416666666666
5,0.0,closed,mi_class,44,0.005045922563078071,-0.007450866581059375,0.47305416666666666
5,0.0,closed,mi_class,45,0.02343870602143877,-0.15377894716895363,0.47305416666666666
5,0.0,closed,mi_class,46,-0.07028692151742821,0.2662156229655746,0.47305416666666666
5,0.0,closed,mi_class,47,-0.009897566401485924,-0.18939352201077092,0.47305416666666666
5,0.0,closed,mi_class,48,0.09041451909760356,-0.5042146552600011,0.47305416666666666
5,0.0,closed,mi_class,49,0.05987894443722502,-0.23774552598322996,0.47305416666666666
5,0.0,closed,mi_class,50,-0.08847891806480793,0.30715451245348785,0.47305416666666666
5,0.0,closed,mi_class,51,0.465238600599858,-0.7350622407207242,0.47305416666666666
5,0.0,closed,mi_class,52,0.16624776320147405,-0.8356109308766653,0.47305416666666666
5,0.0,closed,mi_class,53,-0.12007930531612937,0.19460787279961672,0.47305416666666666
5,0.0,closed,mi_class,54,0.33203849818733533,-0.7775356304674348,0.47305416666666666
5,0.0,closed,mi_class,55,0.28869566264996455,-0.602062511956807,0.47305416666666666
5,0.0,closed,mi_class,56,-0.2117665263052606,0.7254241282143312,0.47305416666666666
5,0.0,closed,mi_class,57,0.03149243396674262,-0.5368294145377569,0.47305416666666666
5,0.0,closed,mi_class,58,-0.06272701186881868,0.7591690355462684,0.47305416666666666
5,0.0,closed,mi_class,59,-0.14917096737584534,0.8742621449241075,0.47305416666666666
5,0.0,closed,mi_class,60,0.012013557597401775,-0.03729195415320715,0.47305416666666666
5,0.0,closed,mi_class,61,-0.26641586796004935,0.9543429511161818,0.47305416666666666
5,0.0,closed,mi_class,62,-0.182848228216188,0.560771927037015,0.47305416666666666
5,0.0,closed,mi_class,63,-0.012381266234930494,-0.09395414569691059,0.47305416666666666
5,0.0,closed,mi_class,64,-0.00898828662910256,-0.6113584128402318,0.47305416666666666
5,0.0,closed,mi_class,65,-0.04989563049540946,0.5990766646810011,0.47305416666666666
5,0.0,closed,mi_site,0,-0.007824771986896906,-0.9361624877083503,0.47305416666666666
5,0.0,closed,mi_site,1,0.007702834129370753,-0.0003981652139323412,0.47305416666666666
5,0.0,closed,mi_site,2,-0.04044533309275711,-0.8978043163124656,0.47305416666666666
5,0.0,closed,mi_site,3,0.09450184087306816,-0.009711458008000445,0.47305416666666666
5,0.0,closed,mi_site,4,-0.03605805542191895,0.21783827036396886,0.47305416666666666
5,0.0,closed,mi_site,5,-0.010746746933342655,-0.7527768664459077,0.47305416666666666
5,0.0,closed,mi_site,6,0.010871737062874809,0.8689666358359679,0.47305416666666666
5,0.0,closed,mi_site,7,0.017995283925650418,0.7618093207171043,0.47305416666666666
5,0.0,closed,mi_site,8,-0.029968282440228255,-0.43433904709591714,0.47305416666666666
5,0.0,closed,mi_site,9,0.019377852326144196,0.7527124915360098,0.47305416666666666
5,0.0,closed,mi_site,10,0.006452357134984377,0.7029821743809486,0.47305416666666666
5,0.0,closed,mi_site,11,0.01044434748359019,0.003209681828218305,0.47305416666666666
5,0.0,closed,mi_site,12,0.016247773641405616,0.9501092696030642,0.47305416666666666
5,0.0,closed,mi_site,13,-0.09106894948078638,0.007923105134387444,0.47305416666666666
5,0.0,closed,mi_site,14,0.03238679542057285,-0.25540623631657516,0.47305416666666666
5,0.0,closed,mi_site,15,0.00861980669132012,0.7904444547557093,0.47305416666666666
5,0.0,closed,mi_site,16,-0.011885458294130014,-0.9493051984071926,0.47305416666666666
5,0.0,closed,mi_site,17,-0.010306073020382889,-0.7899915060481033,0.47305416666666666
5,0.0,closed,mi_site,18,0.026588594281896527,0.5120132239618205,0.47305416666666666
5,0.0,closed,mi_site,19,-0.01170106532786519,-0.7902444874112474,0.47305416666666666
5,0.0,closed,mi_site,20,-0.00500310380079072,-0.829625697156169,0.47305416666666666
5,0.0,closed,mi_site,21,0.014604488754598667,0.0036689056033325776,0.47305416666666666
5,0.0,closed,mi_site,22,-0.13329506217287135,-0.6611309421021361,0.47305416666666666
5,0.0,closed,mi_site,23,-0.012523643120255078,-0.008882529436587683,0.47305416666666666
5,0.0,closed,mi_site,24,-0.0029096706475193745,-0.22260951954089603,0.47305416666666666
5,0.0,closed,mi_site,25,-0.013621097836862293,-0.003105236611344348,0.47305416666666666
5,0.0,closed,mi_site,26,-0.0054454120020825045,-0.0024035107323820367,0.47305416666666666
5,0.0,closed,mi_site,27,0.010377310480146559,-0.0016904879145403237,0.47305416666666666
5,0.0,closed,mi_site,28,-0.011347624899444212,-0.0011115885096027313,0.47305416666666666
5,0.0,closed,mi_site,29,0.0029960465324941595,0.000502316392315063,0.47305416666666666
5,0.0,closed,mi_site,30,-0.06288308029547414,0.007453011364620112,0.47305416666666666
5,0.0,closed,mi_site,31,0.05961841196964471,-0.18162595109392296,0.47305416666666666
5,0.0,closed,mi_site,32,0.026123109520822196,0.784275403998787,0.47305416666666666
5,0.0,closed,mi_site,33,-0.027990445826273747,-0.8924062126499248,0.47305416666666666
5,0.0,closed,mi_site,34,-0.020939430989376118,-0.8103383584182836,0.47305416666666666
5,0.0,closed,mi_site,35,0.031761806265813375,0.36587609109667296,0.47305416666666666
5,0.0,closed,mi_site,36,-0.02597358764131108,-0.8004491559908478,0.47305416666666666
5,0.0,closed,mi_site,37,-0.005744641390778016,-0.755883658039789,0.47305416666666666
5,0.0,closed,mi_site,38,0.022232136279184356,-0.0036595046300889242,0.47305416666666666
5,0.0,closed,mi_site,39,-0.08516255417682866,0.3527961710836738,0.47305416666666666
5,0.0,closed,mi_site,40,0.08157867782705093,-0.0062148447197982164,0.47305416666666666
5,0.0,closed,mi_site,41,0.07223441743944665,-0.00828078720297853,0.47305416666666666
5,0.0,closed,mi_site,42,-0.016814936230971494,0.0024346868240016895,0.47305416666666666
5,0.0,closed,mi_site,43,0.07601567025722855,-0.006162820683109181,0.47305416666666666
5,0.0,closed,mi_site,44,0.06917990993187506,-0.007450866581059375,0.47305416666666666
5,0.0,closed,mi_site,45,0.0667202878390407,-0.15377894716895363,0.47305416666666666
5,0.0,closed,mi_site,46,-0.04485201761457802,0.2662156229655746,0.47305416666666666
5,0.0,closed,mi_site,47,-0.0585110157666712,-0.18939352201077092,0.47305416666666666
5,0.0,closed,mi_site,48,-0.04037748199651281,-0.5042146552600011,0.47305416666666666
5,0.0,closed,mi_site,49,-0.07014620235132824,-0.23774552598322996,0.47305416666666666
5,0.0,closed,mi_site,50,-0.0199459112356265,0.30715451245348785,0.47305416666666666
5,0.0,closed,mi_site,51,-0.021984821881284478,-0.7350622407207242,0.47305416666666666
5,0.0,closed,mi_site,52,-0.012423281834413769,-0.8356109308766653,0.47305416666666666
5,0.0,closed,mi_site,53,0.005330561372395848,0.19460787279961672,0.47305416666666666
5,0.0,closed,mi_site,54,-0.016763126991150124,-0.7775356304674348,0.47305416666666666
5,0.0,closed,mi_site,55,-0.008260299717866904,-0.602062511956807,0.47305416666666666
5,0.0,closed,mi_site,56,0.025700340309955605,0.7254241282143312,0.47305416666666666
5,0.0,closed,mi_site,57,-0.04377743242462906,-0.5368294145377569,0.47305416666666666
5,0.0,closed,mi_site,58,0.022743001188044065,0.7591690355462684,0.47305416666666666
5,0.0,closed,mi_site,59,0.014002533467433742,0.8742621449241075,0.47305416666666666
5,0.0,closed,mi_site,60,0.0014873137188687949,-0.03729195415320715,0.47305416666666666
5,0.0,closed,mi_site,61,0.013907000008808623,0.9543429511161818,0.47305416666666666
5,0.0,closed,mi_site,62,0.011608104573851419,0.560771927037015,0.47305416666666666
5,0.0,closed,mi_site,63,-0.008491605037869956,-0.09395414569691059,0.47305416666666666
5,0.0,closed,mi_site,64,-0.04646079214342047,-0.6113584128402318,0.47305416666666666
5,0.0,closed,mi_site,65,0.012563795650512466,0.5990766646810011,0.47305416666666666
5,1.0,aligned,available,0,-0.00017725105653021433,-0.9375275473760377,0.47305416666666666
5,1.0,aligned,available,1,-6.118258144334173e-05,0.0029758713242699106,0.47305416666666666
5,1.0,aligned,available,2,-0.005400302127597234,-0.8998084678466114,0.47305416666666666
5,1.0,aligned,available,3,0.007081065400928846,-0.013733567992444908,0.47305416666666666
5,1.0,aligned,available,4,0.007239530044525405,0.22255678022536124,0.47305416666666666
5,1.0,aligned,available,5,-0.002313553167531124,-0.7561120747698489,0.47305416666666666
5,1.0,aligned,available,6,0.0017373130456569408,0.872040265780895,0.47305416666666666
5,1.0,aligned,available,7,0.001040089611768158,0.7641294734605668,0.47305416666666666
5,1.0,aligned,available,8,-0.02045931063773948,-0.4363027701058083,0.47305416666666666
5,1.0,aligned,available,9,-0.0020037640242167587,0.7558490703717298,0.47305416666666666
5,1.0,aligned,available,10,0.0036456747640781773,0.7050475349657114,0.47305416666666666
5,1.0,aligned,available,11,0.001980170851070913,-0.00033573504595947547,0.47305416666666666
5,1.0,aligned,available,12,0.0002909640899089183,0.9510829959699046,0.47305416666666666
5,1.0,aligned,available,13,-0.0014091632875943543,0.012426079461525028,0.47305416666666666
5,1.0,aligned,available,14,-0.005047547314333933,-0.2597385617123724,0.47305416666666666
5,1.0,aligned,available,15,-0.002874168892630924,0.7932182311466466,0.47305416666666666
5,1.0,aligned,available,16,-0.0005872197956210412,-0.950685576750249,0.47305416666666666
5,1.0,aligned,available,17,0.0039617050320286396,-0.7918773424399965,0.47305416666666666
5,1.0,aligned,available,18,0.007375023138468273,0.5122018796061825,0.47305416666666666
5,1.0,aligned,available,19,0.0027993438682732963,-0.7927163079066694,0.47305416666666666
5,1.0,aligned,available,20,0.00043590626261014176,-0.8303007575960821,0.47305416666666666
5,1.0,aligned,available,21,0.01955681675948177,0.0001466223768976681,0.47305416666666666
5,1.0,aligned,available,22,-0.010181131530662801,-0.6659470990595326,0.47305416666666666
5,1.0,aligned,available,23,0.008292730059322085,-0.008028319925369001,0.47305416666666666
5,1.0,aligned,available,24,-7.872092438032663e-05,-0.22711157914150418,0.47305416666666666
5,1.0,aligned,available,25,-0.0011150757114501543,0.0008918157518590449,0.47305416666666666
5,1.0,aligned,available,26,-0.005958952709729763,-0.0005003380022079476,0.47305416666666666
5,1.0,aligned,available,27,0.0035811741474081945,-0.004496251652576098,0.47305416666666666
5,1.0,aligned,available,28,-0.004207319077599418,0.0016047636623802508,0.47305416666666666
5,1.0,aligned,available,29,-0.00018940421827970313,0.002924828033169732,0.47305416666666666
5,1.0,aligned,available,30,-0.01822841079985224,0.011804683695596304,0.47305416666666666
5,1.0,aligned,available,31,-0.032635135665918275,-0.18545577427705184,0.47305416666666666
5,1.0,aligned,available,32,-0.0006527767149432373,0.7878773657520862,0.47305416666666666
5,1.0,aligned,available,33,-0.005000529233932238,-0.8948681859289666,0.47305416666666666
5,1.0,aligned,available,34,0.005012318956356454,-0.8131183800691358,0.47305416666666666
5,1.0,aligned,available,35,0.03484680252384331,0.36649714383158477,0.47305416666666666
5,1.0,aligned,available,36,-0.0003939698220476462,-0.8038524607386583,0.47305416666666666
5,1.0,aligned,available,37,1.7326563723552013e-05,-0.7576796486232419,0.47305416666666666
5,1.0,aligned,available,38,0.0074888686990109915,-0.005120158297401254,0.47305416666666666
5,1.0,aligned,available,39,-0.006658613617116893,0.356018888358608,0.47305416666666666
5,1.0,aligned,available,40,0.01179776455580839,-0.011411751367356494,0.47305416666666666
5,1.0,aligned,available,41,-0.0001323714804599939,-0.009963478552190737,0.47305416666666666
5,1.0,aligned,available,42,-0.03609380281731334,0.007369514319908262,0.47305416666666666
5,1.0,aligned,available,43,-0.002673734484924476,-0.009198566063284118,0.47305416666666666
5,1.0,aligned,available,44,0.014434657390497277,-0.011755458971328726,0.47305416666666666
5,1.0,aligned,available,45,-0.002361544026643292,-0.1558471933680647,0.47305416666666666
5,1.0,aligned,available,46,-4.153426982267394e-05,0.27047273558664303,0.47305416666666666
5,1.0,aligned,available,47,0.0018181938398057762,-0.18466569186107773,0.47305416666666666
5,1.0,aligned,available,48,0.010857985249815238,-0.509496450972228,0.47305416666666666
5,1.0,aligned,available,49,0.003283511726268562,-0.23165968499632125,0.47305416666666666
5,1.0,aligned,available,50,-0.004096342505999051,0.3109972774075202,0.47305416666666666
5,1.0,aligned,available,51,0.0002644528666319035,-0.7394773097453013,0.47305416666666666
5,1.0,aligned,available,52,-0.0005074810579090983,-0.8369873343668172,0.47305416666666666
5,1.0,aligned,available,53,-0.000252175506105512,0.19630629413043169,0.47305416666666666
5,1.0,aligned,available,54,-0.00016593403326048417,-0.7808152102921964,0.47305416666666666
5,1.0,aligned,available,55,0.00099932987749074,-0.6055171139498031,0.47305416666666666
5,1.0,aligned,available,56,0.002561984507596926,0.7288529179291117,0.47305416666666666
5,1.0,aligned,available,57,-0.005161831911072223,-0.5363907312135006,0.47305416666666666
5,1.0,aligned,available,58,0.0018014308803231405,0.7623738589897789,0.47305416666666666
5,1.0,aligned,available,59,0.0009443053957859382,0.8737732096741316,0.47305416666666666
5,1.0,aligned,available,60,-0.011361652648247594,-0.03738836089213289,0.47305416666666666
5,1.0,aligned,available,61,0.0006799146787235255,0.9552696625384443,0.47305416666666666
5,1.0,aligned,available,62,0.004498651571783419,0.5636842869402436,0.47305416666666666
5,1.0,aligned,available,63,-0.018777585061762858,-0.09399132820400043,0.47305416666666666
5,1.0,aligned,available,64,-0.008045338213028996,-0.6101870895450553,0.47305416666666666
5,1.0,aligned,available,65,-0.0034530626630997485,0.6014862414031676,0.47305416666666666
5,1.0,aligned,mi_obs,0,-0.013034882713579998,-0.9375275473760377,0.47305416666666666
5,1.0,aligned,mi_obs,1,-0.018087830115271108,0.0029758713242699106,0.47305416666666666
5,1.0,aligned,mi_obs,2,-0.025401188014390397,-0.8998084678466114,0.47305416666666666
5,1.0,aligned,mi_obs,3,0.1278327972715828,-0.013733567992444908,0.47305416666666666
5,1.0,aligned,mi_obs,4,0.009430070422769637,0.22255678022536124,0.47305416666666666
5,1.0,aligned,mi_obs,5,-0.03857031540340505,-0.7561120747698489,0.47305416666666666
5,1.0,aligned,mi_obs,6,0.030874818295624995,0.872040265780895,0.47305416666666666
5,1.0,aligned,mi_obs,7,0.017441559654739036,0.7641294734605668,0.47305416666666666
5,1.0,aligned,mi_obs,8,-0.028462755166162146,-0.4363027701058083,0.47305416666666666
5,1.0,aligned,mi_obs,9,0.01863049599929656,0.7558490703717298,0.47305416666666666
5,1.0,aligned,mi_obs,10,0.014993190851468441,0.7050475349657114,0.47305416666666666
5,1.0,aligned,mi_obs,11,0.043648586119846434,-0.00033573504595947547,0.47305416666666666
5,1.0,aligned,mi_obs,12,0.021364211041692616,0.9510829959699046,0.47305416666666666
5,1.0,aligned,mi_obs,13,-0.13497586332078249,0.012426079461525028,0.47305416666666666
5,1.0,aligned,mi_obs,14,-0.003584049182713711,-0.2597385617123724,0.47305416666666666
5,1.0,aligned,mi_obs,15,0.019463692351448736,0.7932182311466466,0.47305416666666666
5,1.0,aligned,mi_obs,16,-0.014778266117058791,-0.950685576750249,0.47305416666666666
5,1.0,aligned,mi_obs,17,-0.012801027403811172,-0.7918773424399965,0.47305416666666666
5,1.0,aligned,mi_obs,18,0.045974564990581945,0.5122018796061825,0.47305416666666666
5,1.0,aligned,mi_obs,19,-0.011354631218028932,-0.7927163079066694,0.47305416666666666
5,1.0,aligned,mi_obs,20,-0.006509359235399748,-0.8303007575960821,0.47305416666666666
5,1.0,aligned,mi_obs,21,0.03529775003282612,0.0001466223768976681,0.47305416666666666
5,1.0,aligned,mi_obs,22,-0.18180786054905662,-0.6659470990595326,0.47305416666666666
5,1.0,aligned,mi_obs,23,-0.002825908760751032,-0.008028319925369001,0.47305416666666666
5,1.0,aligned,mi_obs,24,0.004388576107798137,-0.22711157914150418,0.47305416666666666
5,1.0,aligned,mi_obs,25,-0.033596795005599,0.0008918157518590449,0.47305416666666666
5,1.0,aligned,mi_obs,26,-0.02696065704051995,-0.0005003380022079476,0.47305416666666666
5,1.0,aligned,mi_obs,27,0.02416719949600161,-0.004496251652576098,0.47305416666666666
5,1.0,aligned,mi_obs,28,-0.03820396387059876,0.0016047636623802508,0.47305416666666666
5,1.0,aligned,mi_obs,29,-0.03808526908181693,0.002924828033169732,0.47305416666666666
5,1.0,aligned,mi_obs,30,-0.15349191201601053,0.011804683695596304,0.47305416666666666
5,1.0,aligned,mi_obs,31,-0.014662866135053992,-0.18545577427705184,0.47305416666666666
5,1.0,aligned,mi_obs,32,0.03433884056343928,0.7878773657520862,0.47305416666666666
5,1.0,aligned,mi_obs,33,-0.04278515310734721,-0.8948681859289666,0.47305416666666666
5,1.0,aligned,mi_obs,34,-0.02108586231505527,-0.8131183800691358,0.47305416666666666
5,1.0,aligned,mi_obs,35,0.04804192618874048,0.36649714383158477,0.47305416666666666
5,1.0,aligned,mi_obs,36,-0.03144826770322795,-0.8038524607386583,0.47305416666666666
5,1.0,aligned,mi_obs,37,-0.005940808508441031,-0.7576796486232419,0.47305416666666666
5,1.0,aligned,mi_obs,38,0.030795703388347452,-0.005120158297401254,0.47305416666666666
5,1.0,aligned,mi_obs,39,-0.12643882902378992,0.356018888358608,0.47305416666666666
5,1.0,aligned,mi_obs,40,0.12622822546744983,-0.011411751367356494,0.47305416666666666
5,1.0,aligned,mi_obs,41,0.11312460101409319,-0.009963478552190737,0.47305416666666666
5,1.0,aligned,mi_obs,42,-0.04913124165770938,0.007369514319908262,0.47305416666666666
5,1.0,aligned,mi_obs,43,0.11508456612222859,-0.009198566063284118,0.47305416666666666
5,1.0,aligned,mi_obs,44,0.10047155133724048,-0.011755458971328726,0.47305416666666666
5,1.0,aligned,mi_obs,45,0.046931482812903366,-0.1558471933680647,0.47305416666666666
5,1.0,aligned,mi_obs,46,-0.004683750777580709,0.27047273558664303,0.47305416666666666
5,1.0,aligned,mi_obs,47,-0.037784968476291814,-0.18466569186107773,0.47305416666666666
5,1.0,aligned,mi_obs,48,-0.048823755159592586,-0.509496450972228,0.47305416666666666
5,1.0,aligned,mi_obs,49,-0.03991199242467794,-0.23165968499632125,0.47305416666666666
5,1.0,aligned,mi_obs,50,0.00521095175561076,0.3109972774075202,0.47305416666666666
5,1.0,aligned,mi_obs,51,-0.0366979298964325,-0.7394773097453013,0.47305416666666666
5,1.0,aligned,mi_obs,52,-0.01568467837253018,-0.8369873343668172,0.47305416666666666
5,1.0,aligned,mi_obs,53,0.04166880591468583,0.19630629413043169,0.47305416666666666
5,1.0,aligned,mi_obs,54,-0.0319792077038884,-0.7808152102921964,0.47305416666666666
5,1.0,aligned,mi_obs,55,-0.01698483370958892,-0.6055171139498031,0.47305416666666666
5,1.0,aligned,mi_obs,56,0.029835992541288436,0.7288529179291117,0.47305416666666666
5,1.0,aligned,mi_obs,57,-0.0644412807450967,-0.5363907312135006,0.47305416666666666
5,1.0,aligned,mi_obs,58,0.02406059646868619,0.7623738589897789,0.47305416666666666
5,1.0,aligned,mi_obs,59,0.014156107625797554,0.8737732096741316,0.47305416666666666
5,1.0,aligned,mi_obs,60,-0.01858683957729644,-0.03738836089213289,0.47305416666666666
5,1.0,aligned,mi_obs,61,0.016724412427903235,0.9552696625384443,0.47305416666666666
5,1.0,aligned,mi_obs,62,0.015953007381105166,0.5636842869402436,0.47305416666666666
5,1.0,aligned,mi_obs,63,-0.03996232838175644,-0.09399132820400043,0.47305416666666666
5,1.0,aligned,mi_obs,64,-0.07127882515139128,-0.6101870895450553,0.47305416666666666
5,1.0,aligned,mi_obs,65,0.014364520561710337,0.6014862414031676,0.47305416666666666
5,1.0,aligned,mi_class,0,0.41984038676660296,-0.9375275473760377,0.47305416666666666
5,1.0,aligned,mi_class,1,0.019862966930405446,0.0029758713242699106,0.47305416666666666
5,1.0,aligned,mi_class,2,0.30176576149240975,-0.8998084678466114,0.47305416666666666
5,1.0,aligned,mi_class,3,0.04552683469422927,-0.013733567992444908,0.47305416666666666
5,1.0,aligned,mi_class,4,-0.10728463958543749,0.22255678022536124,0.47305416666666666
5,1.0,aligned,mi_class,5,0.24454223398662323,-0.7561120747698489,0.47305416666666666
5,1.0,aligned,mi_class,6,-0.3237532009688442,0.872040265780895,0.47305416666666666
5,1.0,aligned,mi_class,7,-0.3824262576135165,0.7641294734605668,0.47305416666666666
5,1.0,aligned,mi_class,8,0.10548109791047111,-0.4363027701058083,0.47305416666666666
5,1.0,aligned,mi_class,9,-0.2544704635098025,0.7558490703717298,0.47305416666666666
5,1.0,aligned,mi_class,10,-0.05784831522756262,0.7050475349657114,0.47305416666666666
5,1.0,aligned,mi_class,11,-0.03105238935504602,-0.00033573504595947547,0.47305416666666666
5,1.0,aligned,mi_class,12,-0.0417018883339092,0.9510829959699046,0.47305416666666666
5,1.0,aligned,mi_class,13,-0.0003196207555578763,0.012426079461525028,0.47305416666666666
5,1.0,aligned,mi_class,14,0.08818838431209633,-0.2597385617123724,0.47305416666666666
5,1.0,aligned,mi_class,15,-0.11278097658691544,0.7932182311466466,0.47305416666666666
5,1.0,aligned,mi_class,16,0.140022398700954,-0.950685576750249,0.47305416666666666
5,1.0,aligned,mi_class,17,0.32525724094373476,-0.7918773424399965,0.47305416666666666
5,1.0,aligned,mi_class,18,0.008222914156024053,0.5122018796061825,0.47305416666666666
5,1.0,aligned,mi_class,19,0.03237077801511956,-0.7927163079066694,0.47305416666666666
5,1.0,aligned,mi_class,20,0.23444267889832537,-0.8303007575960821,0.47305416666666666
5,1.0,aligned,mi_class,21,-0.01124470896097542,0.0001466223768976681,0.47305416666666666
5,1.0,aligned,mi_class,22,0.11610782582471524,-0.6659470990595326,0.47305416666666666
5,1.0,aligned,mi_class,23,-0.027633251666447436,-0.008028319925369001,0.47305416666666666
5,1.0,aligned,mi_class,24,0.06979744909940841,-0.22711157914150418,0.47305416666666666
5,1.0,aligned,mi_class,25,0.018084518187700703,0.0008918157518590449,0.47305416666666666
5,1.0,aligned,mi_class,26,0.004682132974351673,-0.0005003380022079476,0.47305416666666666
5,1.0,aligned,mi_class,27,0.011292218011010099,-0.004496251652576098,0.47305416666666666
5,1.0,aligned,mi_class,28,0.01816371347628103,0.0016047636623802508,0.47305416666666666
5,1.0,aligned,mi_class,29,0.08474448343028283,0.002924828033169732,0.47305416666666666
5,1.0,aligned,mi_class,30,-0.015952439689297774,0.011804683695596304,0.47305416666666666
5,1.0,aligned,mi_class,31,0.03574627457780513,-0.18545577427705184,0.47305416666666666
5,1.0,aligned,mi_class,32,-0.04955590736364701,0.7878773657520862,0.47305416666666666
5,1.0,aligned,mi_class,33,0.03668110321683937,-0.8948681859289666,0.47305416666666666
5,1.0,aligned,mi_class,34,0.21807510936261776,-0.8131183800691358,0.47305416666666666
5,1.0,aligned,mi_class,35,0.07090819437579193,0.36649714383158477,0.47305416666666666
5,1.0,aligned,mi_class,36,-0.0456254339972445,-0.8038524607386583,0.47305416666666666
5,1.0,aligned,mi_class,37,0.14157884914463337,-0.7576796486232419,0.47305416666666666
5,1.0,aligned,mi_class,38,0.006077889921301151,-0.005120158297401254,0.47305416666666666
5,1.0,aligned,mi_class,39,0.007824115707681045,0.356018888358608,0.47305416666666666
5,1.0,aligned,mi_class,40,-0.0586775714996714,-0.011411751367356494,0.47305416666666666
5,1.0,aligned,mi_class,41,0.003452133519581584,-0.009963478552190737,0.47305416666666666
5,1.0,aligned,mi_class,42,-0.015256193116688889,0.007369514319908262,0.47305416666666666
5,1.0,aligned,mi_class,43,0.006177020725140736,-0.009198566063284118,0.47305416666666666
5,1.0,aligned,mi_class,44,0.0270769977393343,-0.011755458971328726,0.47305416666666666
5,1.0,aligned,mi_class,45,0.028987227000829396,-0.1558471933680647,0.47305416666666666
5,1.0,aligned,mi_class,46,-0.05539856111852484,0.27047273558664303,0.47305416666666666
5,1.0,aligned,mi_class,47,-0.01005671662774929,-0.18466569186107773,0.47305416666666666
5,1.0,aligned,mi_class,48,0.10354146613818105,-0.509496450972228,0.47305416666666666
5,1.0,aligned,mi_class,49,0.05784662972278948,-0.23165968499632125,0.47305416666666666
5,1.0,aligned,mi_class,50,-0.11779933433852721,0.3109972774075202,0.47305416666666666
5,1.0,aligned,mi_class,51,-0.03607985891616716,-0.7394773097453013,0.47305416666666666
5,1.0,aligned,mi_class,52,0.20016904403807778,-0.8369873343668172,0.47305416666666666
5,1.0,aligned,mi_class,53,0.07741855663163202,0.19630629413043169,0.47305416666666666
5,1.0,aligned,mi_class,54,0.06510432186250892,-0.7808152102921964,0.47305416666666666
5,1.0,aligned,mi_class,55,0.10734105376772113,-0.6055171139498031,0.47305416666666666
5,1.0,aligned,mi_class,56,-0.16480870584833118,0.7288529179291117,0.47305416666666666
5,1.0,aligned,mi_class,57,-0.007841651277990191,-0.5363907312135006,0.47305416666666666
5,1.0,aligned,mi_class,58,-0.03754632083300946,0.7623738589897789,0.47305416666666666
5,1.0,aligned,mi_class,59,-0.20695484048497081,0.8737732096741316,0.47305416666666666
5,1.0,aligned,mi_class,60,-0.01604578049460948,-0.03738836089213289,0.47305416666666666
5,1.0,aligned,mi_class,61,-0.25948689675351,0.9552696625384443,0.47305416666666666
5,1.0,aligned,mi_class,62,-0.21634238942744988,0.5636842869402436,0.47305416666666666
5,1.0,aligned,mi_class,63,-0.044426352539493355,-0.09399132820400043,0.47305416666666666
5,1.0,aligned,mi_class,64,0.0536599533182357,-0.6101870895450553,0.47305416666666666
5,1.0,aligned,mi_class,65,-0.111791492767366,0.6014862414031676,0.47305416666666666
5,1.0,aligned,mi_site,0,0.06003880279362028,-0.9375275473760377,0.47305416666666666
5,1.0,aligned,mi_site,1,-0.017805073303286314,0.0029758713242699106,0.47305416666666666
5,1.0,aligned,mi_site,2,0.18308125397161312,-0.8998084678466114,0.47305416666666666
5,1.0,aligned,mi_site,3,0.10275592182605525,-0.013733567992444908,0.47305416666666666
5,1.0,aligned,mi_site,4,-0.0019106215899643286,0.22255678022536124,0.47305416666666666
5,1.0,aligned,mi_site,5,0.04266693654608611,-0.7561120747698489,0.47305416666666666
5,1.0,aligned,mi_site,6,-0.053817075043192886,0.872040265780895,0.47305416666666666
5,1.0,aligned,mi_site,7,-0.0485177681638429,0.7641294734605668,0.47305416666666666
5,1.0,aligned,mi_site,8,0.3714476323634871,-0.4363027701058083,0.47305416666666666
5,1.0,aligned,mi_site,9,-0.04355716091953432,0.7558490703717298,0.47305416666666666
5,1.0,aligned,mi_site,10,-0.050380223124269596,0.7050475349657114,0.47305416666666666
5,1.0,aligned,mi_site,11,0.023336642841720392,-0.00033573504595947547,0.47305416666666666
5,1.0,aligned,mi_site,12,-0.14555522543603394,0.9510829959699046,0.47305416666666666
5,1.0,aligned,mi_site,13,-0.10523585459920827,0.012426079461525028,0.47305416666666666
5,1.0,aligned,mi_site,14,-0.017523466753779193,-0.2597385617123724,0.47305416666666666
5,1.0,aligned,mi_site,15,-0.015348546655285511,0.7932182311466466,0.47305416666666666
5,1.0,aligned,mi_site,16,0.02559038964132565,-0.950685576750249,0.47305416666666666
5,1.0,aligned,mi_site,17,0.021420863997648643,-0.7918773424399965,0.47305416666666666
5,1.0,aligned,mi_site,18,-0.4271587172662748,0.5122018796061825,0.47305416666666666
5,1.0,aligned,mi_site,19,0.02397726501780373,-0.7927163079066694,0.47305416666666666
5,1.0,aligned,mi_site,20,0.025377626851459723,-0.8303007575960821,0.47305416666666666
5,1.0,aligned,mi_site,21,0.018769378195128746,0.0001466223768976681,0.47305416666666666
5,1.0,aligned,mi_site,22,-0.09400050245082558,-0.6659470990595326,0.47305416666666666
5,1.0,aligned,mi_site,23,0.001059792014798635,-0.008028319925369001,0.47305416666666666
5,1.0,aligned,mi_site,24,0.0046328854998876345,-0.22711157914150418,0.47305416666666666
5,1.0,aligned,mi_site,25,-0.015152892384805841,0.0008918157518590449,0.47305416666666666
5,1.0,aligned,mi_site,26,-0.025222012754659923,-0.0005003380022079476,0.47305416666666666
5,1.0,aligned,mi_site,27,-0.0015341105396726971,-0.004496251652576098,0.47305416666666666
5,1.0,aligned,mi_site,28,-0.02914956431700965,0.0016047636623802508,0.47305416666666666
5,1.0,aligned,mi_site,29,-0.018116415205300457,0.002924828033169732,0.47305416666666666
5,1.0,aligned,mi_site,30,-0.08402469070466058,0.011804683695596304,0.47305416666666666
5,1.0,aligned,mi_site,31,0.009689094913729601,-0.18545577427705184,0.47305416666666666
5,1.0,aligned,mi_site,32,-0.04487388686480542,0.7878773657520862,0.47305416666666666
5,1.0,aligned,mi_site,33,0.07356533245623897,-0.8948681859289666,0.47305416666666666
5,1.0,aligned,mi_site,34,0.06903244100615702,-0.8131183800691358,0.47305416666666666
5,1.0,aligned,mi_site,35,-0.29945360284262773,0.36649714383158477,0.47305416666666666
5,1.0,aligned,mi_site,36,0.06465337439812846,-0.8038524607386583,0.47305416666666666
5,1.0,aligned,mi_site,37,0.10333969594453007,-0.7576796486232419,0.47305416666666666
5,1.0,aligned,mi_site,38,0.018300581719196123,-0.005120158297401254,0.47305416666666666
5,1.0,aligned,mi_site,39,-0.11107152124467329,0.356018888358608,0.47305416666666666
5,1.0,aligned,mi_site,40,0.10152905416492415,-0.011411751367356494,0.47305416666666666
5,1.0,aligned,mi_site,41,0.09393460862135451,-0.009963478552190737,0.47305416666666666
5,1.0,aligned,mi_site,42,0.004744023513461296,0.007369514319908262,0.47305416666666666
5,1.0,aligned,mi_site,43,0.10211576126712059,-0.009198566063284118,0.47305416666666666
5,1.0,aligned,mi_site,44,0.08928800297891461,-0.011755458971328726,0.47305416666666666
5,1.0,aligned,mi_site,45,0.0284575303826356,-0.1558471933680647,0.47305416666666666
5,1.0,aligned,mi_site,46,0.013933786847731722,0.27047273558664303,0.47305416666666666
5,1.0,aligned,mi_site,47,-0.01174454537850031,-0.18466569186107773,0.47305416666666666
5,1.0,aligned,mi_site,48,0.39122826545675515,-0.509496450972228,0.47305416666666666
5,1.0,aligned,mi_site,49,-0.0012218288154835222,-0.23165968499632125,0.47305416666666666
5,1.0,aligned,mi_site,50,0.008432891071682436,0.3109972774075202,0.47305416666666666
5,1.0,aligned,mi_site,51,-0.03427170326706075,-0.7394773097453013,0.47305416666666666
5,1.0,aligned,mi_site,52,-0.018898968877933076,-0.8369873343668172,0.47305416666666666
5,1.0,aligned,mi_site,53,-0.17080014097021834,0.19630629413043169,0.47305416666666666
5,1.0,aligned,mi_site,54,-0.022111619159874252,-0.7808152102921964,0.47305416666666666
5,1.0,aligned,mi_site,55,-0.002463652826433349,-0.6055171139498031,0.47305416666666666
5,1.0,aligned,mi_site,56,0.027164244610521804,0.7288529179291117,0.47305416666666666
5,1.0,aligned,mi_site,57,0.4388637701448807,-0.5363907312135006,0.47305416666666666
5,1.0,aligned,mi_site,58,0.012735353990717235,0.7623738589897789,0.47305416666666666
5,1.0,aligned,mi_site,59,-0.01118604209264773,0.8737732096741316,0.47305416666666666
5,1.0,aligned,mi_site,60,0.05046535135696318,-0.03738836089213289,0.47305416666666666
5,1.0,aligned,mi_site,61,0.005186450483274041,0.9552696625384443,0.47305416666666666
5,1.0,aligned,mi_site,62,0.004175431550773934,0.5636842869402436,0.47305416666666666
5,1.0,aligned,mi_site,63,0.11599082152217828,-0.09399132820400043,0.47305416666666666
5,1.0,aligned,mi_site,64,0.5007855624972191,-0.6101870895450553,0.47305416666666666
5,1.0,aligned,mi_site,65,-0.0011126046428958647,0.6014862414031676,0.47305416666666666
5,1.0,closed,available,0,-0.00014090091452922948,-0.9375275473760377,0.47305416666666666
5,1.0,closed,available,1,-0.007358182740337208,0.0029758713242699106,0.47305416666666666
5,1.0,closed,available,2,0.002062393962273812,-0.8998084678466114,0.47305416666666666
5,1.0,closed,available,3,-0.002016283903155428,-0.013733567992444908,0.47305416666666666
5,1.0,closed,available,4,0.02686065218856898,0.22255678022536124,0.47305416666666666
5,1.0,closed,available,5,-0.00662342353620804,-0.7561120747698489,0.47305416666666666
5,1.0,closed,available,6,0.0033703760496331947,0.872040265780895,0.47305416666666666
5,1.0,closed,available,7,0.00988705406578072,0.7641294734605668,0.47305416666666666
5,1.0,closed,available,8,-0.01215366632825926,-0.4363027701058083,0.47305416666666666
5,1.0,closed,available,9,0.001723617406005018,0.7558490703717298,0.47305416666666666
5,1.0,closed,available,10,0.000637995090053467,0.7050475349657114,0.47305416666666666
5,1.0,closed,available,11,0.0011993885080119155,-0.00033573504595947547,0.47305416666666666
5,1.0,closed,available,12,-0.0033682843591169576,0.9510829959699046,0.47305416666666666
5,1.0,closed,available,13,0.009266483365216625,0.012426079461525028,0.47305416666666666
5,1.0,closed,available,14,-0.008006596775977537,-0.2597385617123724,0.47305416666666666
5,1.0,closed,available,15,0.007811317253180072,0.7932182311466466,0.47305416666666666
5,1.0,closed,available,16,-0.0011304946861948606,-0.950685576750249,0.47305416666666666
5,1.0,closed,available,17,-0.004504106071371972,-0.7918773424399965,0.47305416666666666
5,1.0,closed,available,18,0.005827863120250076,0.5122018796061825,0.47305416666666666
5,1.0,closed,available,19,-0.003420987188607838,-0.7927163079066694,0.47305416666666666
5,1.0,closed,available,20,0.0009662776337049372,-0.8303007575960821,0.47305416666666666
5,1.0,closed,available,21,-0.007933696379808583,0.0001466223768976681,0.47305416666666666
5,1.0,closed,available,22,-0.004554112153726364,-0.6659470990595326,0.47305416666666666
5,1.0,closed,available,23,0.011020826860699221,-0.008028319925369001,0.47305416666666666
5,1.0,closed,available,24,-0.010933150612962572,-0.22711157914150418,0.47305416666666666
5,1.0,closed,available,25,0.00801974759094074,0.0008918157518590449,0.47305416666666666
5,1.0,closed,available,26,0.0006983730319826593,-0.0005003380022079476,0.47305416666666666
5,1.0,closed,available,27,-0.0016910883327154527,-0.004496251652576098,0.47305416666666666
5,1.0,closed,available,28,0.0012614379037551053,0.0016047636623802508,0.47305416666666666
5,1.0,closed,available,29,-0.0014313823162843305,0.002924828033169732,0.47305416666666666
5,1.0,closed,available,30,0.0207221130402988,0.011804683695596304,0.47305416666666666
5,1.0,closed,available,31,-0.0356509681448077,-0.18545577427705184,0.47305416666666666
5,1.0,closed,available,32,0.002700845862163681,0.7878773657520862,0.47305416666666666
5,1.0,closed,available,33,0.0030958938816048054,-0.8948681859289666,0.47305416666666666
5,1.0,closed,available,34,0.01305109429026885,-0.8131183800691358,0.47305416666666666
5,1.0,closed,available,35,-0.006195616030647111,0.36649714383158477,0.47305416666666666
5,1.0,closed,available,36,0.008186254870551357,-0.8038524607386583,0.47305416666666666
5,1.0,closed,available,37,0.0043866174762623444,-0.7576796486232419,0.47305416666666666
5,1.0,closed,available,38,-0.012960999195813843,-0.005120158297401254,0.47305416666666666
5,1.0,closed,available,39,0.0029106282783715742,0.356018888358608,0.47305416666666666
5,1.0,closed,available,40,-0.005329703456036141,-0.011411751367356494,0.47305416666666666
5,1.0,closed,available,41,0.0035965591689090083,-0.009963478552190737,0.47305416666666666
5,1.0,closed,available,42,0.02377812966701872,0.007369514319908262,0.47305416666666666
5,1.0,closed,available,43,-0.005692617917099652,-0.009198566063284118,0.47305416666666666
5,1.0,closed,available,44,-0.013839178962573404,-0.011755458971328726,0.47305416666666666
5,1.0,closed,available,45,-0.018505926150088392,-0.1558471933680647,0.47305416666666666
5,1.0,closed,available,46,0.009335315974227987,0.27047273558664303,0.47305416666666666
5,1.0,closed,available,47,0.015912558217160366,-0.18466569186107773,0.47305416666666666
5,1.0,closed,available,48,-0.0012244625254820285,-0.509496450972228,0.47305416666666666
5,1.0,closed,available,49,0.0163060504828072,-0.23165968499632125,0.47305416666666666
5,1.0,closed,available,50,0.00669855342011022,0.3109972774075202,0.47305416666666666
5,1.0,closed,available,51,-0.003996574283889998,-0.7394773097453013,0.47305416666666666
5,1.0,closed,available,52,-0.0015469649706515431,-0.8369873343668172,0.47305416666666666
5,1.0,closed,available,53,0.01092613903125711,0.19630629413043169,0.47305416666666666
5,1.0,closed,available,54,-0.0037599731653877866,-0.7808152102921964,0.47305416666666666
5,1.0,closed,available,55,-0.007094886349213847,-0.6055171139498031,0.47305416666666666
5,1.0,closed,available,56,0.003387761173182624,0.7288529179291117,0.47305416666666666
5,1.0,closed,available,57,0.008473031482321591,-0.5363907312135006,0.47305416666666666
5,1.0,closed,available,58,0.005480114894673593,0.7623738589897789,0.47305416666666666
5,1.0,closed,available,59,0.0010901384971677697,0.8737732096741316,0.47305416666666666
5,1.0,closed,available,60,-0.0002806482047459091,-0.03738836089213289,0.47305416666666666
5,1.0,closed,available,61,0.0014631757480763063,0.9552696625384443,0.47305416666666666
5,1.0,closed,available,62,0.0012584796363528383,0.5636842869402436,0.47305416666666666
5,1.0,closed,available,63,0.0076308333583016,-0.09399132820400043,0.47305416666666666
5,1.0,closed,available,64,-0.0028879753183506107,-0.6101870895450553,0.47305416666666666
5,1.0,closed,available,65,-0.0023592756821742,0.6014862414031676,0.47305416666666666
5,1.0,closed,mi_obs,0,-0.013309152131168012,-0.9375275473760377,0.47305416666666666
5,1.0,closed,mi_obs,1,-0.052579139512632045,0.0029758713242699106,0.47305416666666666
5,1.0,closed,mi_obs,2,-0.02582310176326741,-0.8998084678466114,0.47305416666666666
5,1.0,closed,mi_obs,3,0.05028579532967928,-0.013733567992444908,0.47305416666666666
5,1.0,closed,mi_obs,4,0.029050580133137882,0.22255678022536124,0.47305416666666666
5,1.0,closed,mi_obs,5,-0.04717354312781341,-0.7561120747698489,0.47305416666666666
5,1.0,closed,mi_obs,6,0.01665944586819612,0.872040265780895,0.47305416666666666
5,1.0,closed,mi_obs,7,0.017536363193711435,0.7641294734605668,0.47305416666666666
5,1.0,closed,mi_obs,8,-0.01622958691707821,-0.4363027701058083,0.47305416666666666
5,1.0,closed,mi_obs,9,0.024129022453020177,0.7558490703717298,0.47305416666666666
5,1.0,closed,mi_obs,10,0.017835177540469482,0.7050475349657114,0.47305416666666666
5,1.0,closed,mi_obs,11,0.043418658559794585,-0.00033573504595947547,0.47305416666666666
5,1.0,closed,mi_obs,12,0.02255314510664086,0.9510829959699046,0.47305416666666666
5,1.0,closed,mi_obs,13,-0.06098220748605955,0.012426079461525028,0.47305416666666666
5,1.0,closed,mi_obs,14,-0.040038172317598764,-0.2597385617123724,0.47305416666666666
5,1.0,closed,mi_obs,15,0.0411551102995793,0.7932182311466466,0.47305416666666666
5,1.0,closed,mi_obs,16,-0.015558805249135443,-0.950685576750249,0.47305416666666666
5,1.0,closed,mi_obs,17,-0.012324559112984468,-0.7918773424399965,0.47305416666666666
5,1.0,closed,mi_obs,18,0.024009047867465716,0.5122018796061825,0.47305416666666666
5,1.0,closed,mi_obs,19,-0.014989394859296734,-0.7927163079066694,0.47305416666666666
5,1.0,closed,mi_obs,20,-0.008997155090284759,-0.8303007575960821,0.47305416666666666
5,1.0,closed,mi_obs,21,0.050794769141533636,0.0001466223768976681,0.47305416666666666
5,1.0,closed,mi_obs,22,-0.17904689378940564,-0.6659470990595326,0.47305416666666666
5,1.0,closed,mi_obs,23,-0.019874330450136528,-0.008028319925369001,0.47305416666666666
5,1.0,closed,mi_obs,24,0.012143448776669535,-0.22711157914150418,0.47305416666666666
5,1.0,closed,mi_obs,25,-0.05251694826774521,0.0008918157518590449,0.47305416666666666
5,1.0,closed,mi_obs,26,-0.03349224083225407,-0.0005003380022079476,0.47305416666666666
5,1.0,closed,mi_obs,27,0.030986514814331647,-0.004496251652576098,0.47305416666666666
5,1.0,closed,mi_obs,28,-0.03453035214314648,0.0016047636623802508,0.47305416666666666
5,1.0,closed,mi_obs,29,-0.03183928819683794,0.002924828033169732,0.47305416666666666
5,1.0,closed,mi_obs,30,-0.025413519885906566,0.011804683695596304,0.47305416666666666
5,1.0,closed,mi_obs,31,-0.028958954997699377,-0.18545577427705184,0.47305416666666666
5,1.0,closed,mi_obs,32,0.062309611106995066,0.7878773657520862,0.47305416666666666
5,1.0,closed,mi_obs,33,-0.031154479802437796,-0.8948681859289666,0.47305416666666666
5,1.0,closed,mi_obs,34,-0.026265297946728272,-0.8131183800691358,0.47305416666666666
5,1.0,closed,mi_obs,35,0.03045200683928584,0.36649714383158477,0.47305416666666666
5,1.0,closed,mi_obs,36,-0.038040085098807075,-0.8038524607386583,0.47305416666666666
5,1.0,closed,mi_obs,37,-0.01527604232112345,-0.7576796486232419,0.47305416666666666
5,1.0,closed,mi_obs,38,0.018873261076457398,-0.005120158297401254,0.47305416666666666
5,1.0,closed,mi_obs,39,-0.08455476070000445,0.356018888358608,0.47305416666666666
5,1.0,closed,mi_obs,40,0.05632055229124047,-0.011411751367356494,0.47305416666666666
5,1.0,closed,mi_obs,41,0.061531192919739526,-0.009963478552190737,0.47305416666666666
5,1.0,closed,mi_obs,42,0.01982254537475952,0.007369514319908262,0.47305416666666666
5,1.0,closed,mi_obs,43,0.04686869868302435,-0.009198566063284118,0.47305416666666666
5,1.0,closed,mi_obs,44,0.029187652838716244,-0.011755458971328726,0.47305416666666666
5,1.0,closed,mi_obs,45,0.02257596566822498,-0.1558471933680647,0.47305416666666666
5,1.0,closed,mi_obs,46,0.026719401870317683,0.27047273558664303,0.47305416666666666
5,1.0,closed,mi_obs,47,-0.002298607818725179,-0.18466569186107773,0.47305416666666666
5,1.0,closed,mi_obs,48,-0.08139585137636152,-0.509496450972228,0.47305416666666666
5,1.0,closed,mi_obs,49,-0.0019868710350321728,-0.23165968499632125,0.47305416666666666
5,1.0,closed,mi_obs,50,0.03780151809803095,0.3109972774075202,0.47305416666666666
5,1.0,closed,mi_obs,51,-0.054044050654230125,-0.7394773097453013,0.47305416666666666
5,1.0,closed,mi_obs,52,-0.030470443369196354,-0.8369873343668172,0.47305416666666666
5,1.0,closed,mi_obs,53,0.029955182291071025,0.19630629413043169,0.47305416666666666
5,1.0,closed,mi_obs,54,-0.051088950200435246,-0.7808152102921964,0.47305416666666666
5,1.0,closed,mi_obs,55,-0.039472588940293374,-0.6055171139498031,0.47305416666666666
5,1.0,closed,mi_obs,56,0.031677900136504955,0.7288529179291117,0.47305416666666666
5,1.0,closed,mi_obs,57,-0.040756786704045256,-0.5363907312135006,0.47305416666666666
5,1.0,closed,mi_obs,58,0.02830888312253843,0.7623738589897789,0.47305416666666666
5,1.0,closed,mi_obs,59,0.01826334020304876,0.8737732096741316,0.47305416666666666
5,1.0,closed,mi_obs,60,0.016057729369869777,-0.03738836089213289,0.47305416666666666
5,1.0,closed,mi_obs,61,0.01695098583044785,0.9552696625384443,0.47305416666666666
5,1.0,closed,mi_obs,62,0.013543436195822545,0.5636842869402436,0.47305416666666666
5,1.0,closed,mi_obs,63,-0.016448940963649766,-0.09399132820400043,0.47305416666666666
5,1.0,closed,mi_obs,64,-0.05307597679107612,-0.6101870895450553,0.47305416666666666
5,1.0,closed,mi_obs,65,0.017019384277030536,0.6014862414031676,0.47305416666666666
5,1.0,closed,mi_class,0,0.2724694291791604,-0.9375275473760377,0.47305416666666666
5,1.0,closed,mi_class,1,-0.0377571638515665,0.0029758713242699106,0.47305416666666666
5,1.0,closed,mi_class,2,0.17526164517821485,-0.8998084678466114,0.47305416666666666
5,1.0,closed,mi_class,3,0.038924372659802406,-0.013733567992444908,0.47305416666666666
5,1.0,closed,mi_class,4,-0.07516029575518851,0.22255678022536124,0.47305416666666666
5,1.0,closed,mi_class,5,0.3042929198487307,-0.7561120747698489,0.47305416666666666
5,1.0,closed,mi_class,6,-0.17024633303313497,0.872040265780895,0.47305416666666666
5,1.0,closed,mi_class,7,-0.2647749457650781,0.7641294734605668,0.47305416666666666
5,1.0,closed,mi_class,8,0.051352750357574195,-0.4363027701058083,0.47305416666666666
5,1.0,closed,mi_class,9,-0.15209367470781743,0.7558490703717298,0.47305416666666666
5,1.0,closed,mi_class,10,-0.3906659168242957,0.7050475349657114,0.47305416666666666
5,1.0,closed,mi_class,11,0.06362800300210432,-0.00033573504595947547,0.47305416666666666
5,1.0,closed,mi_class,12,-0.03777549729505347,0.9510829959699046,0.47305416666666666
5,1.0,closed,mi_class,13,0.03328257758050278,0.012426079461525028,0.47305416666666666
5,1.0,closed,mi_class,14,0.08346523242455756,-0.2597385617123724,0.47305416666666666
5,1.0,closed,mi_class,15,-0.2996551311829246,0.7932182311466466,0.47305416666666666
5,1.0,closed,mi_class,16,0.09560650011522032,-0.950685576750249,0.47305416666666666
5,1.0,closed,mi_class,17,0.2765429080525712,-0.7918773424399965,0.47305416666666666
5,1.0,closed,mi_class,18,-0.004175732974506685,0.5122018796061825,0.47305416666666666
5,1.0,closed,mi_class,19,0.027811484283253862,-0.7927163079066694,0.47305416666666666
5,1.0,closed,mi_class,20,0.4629662746519021,-0.8303007575960821,0.47305416666666666
5,1.0,closed,mi_class,21,0.018093724636214694,0.0001466223768976681,0.47305416666666666
5,1.0,closed,mi_class,22,0.3986785993087045,-0.6659470990595326,0.47305416666666666
5,1.0,closed,mi_class,23,-0.0001688918757954353,-0.008028319925369001,0.47305416666666666
5,1.0,closed,mi_class,24,0.09717046586022735,-0.22711157914150418,0.47305416666666666
5,1.0,closed,mi_class,25,-0.0647261504832826,0.0008918157518590449,0.47305416666666666
5,1.0,closed,mi_class,26,0.017579395736157202,-0.0005003380022079476,0.47305416666666666
5,1.0,closed,mi_class,27,0.008566378368271354,-0.004496251652576098,0.47305416666666666
5,1.0,closed,mi_class,28,-0.06231080071328609,0.0016047636623802508,0.47305416666666666
5,1.0,closed,mi_class,29,-0.10161701975954106,0.002924828033169732,0.47305416666666666
5,1.0,closed,mi_class,30,0.004375653566422647,0.011804683695596304,0.47305416666666666
5,1.0,closed,mi_class,31,0.02749805846824807,-0.18545577427705184,0.47305416666666666
5,1.0,closed,mi_class,32,-0.18843449952888358,0.7878773657520862,0.47305416666666666
5,1.0,closed,mi_class,33,-0.0008053412092321466,-0.8948681859289666,0.47305416666666666
5,1.0,closed,mi_class,34,0.16225882094993482,-0.8131183800691358,0.47305416666666666
5,1.0,closed,mi_class,35,0.052977464170069155,0.36649714383158477,0.47305416666666666
5,1.0,closed,mi_class,36,-0.0463293435657437,-0.8038524607386583,0.47305416666666666
5,1.0,closed,mi_class,37,0.3563387689167031,-0.7576796486232419,0.47305416666666666
5,1.0,closed,mi_class,38,0.0020204188921717063,-0.005120158297401254,0.47305416666666666
5,1.0,closed,mi_class,39,-0.47833625203614694,0.356018888358608,0.47305416666666666
5,1.0,closed,mi_class,40,0.007863019705021908,-0.011411751367356494,0.47305416666666666
5,1.0,closed,mi_class,41,-0.003408225170862214,-0.009963478552190737,0.47305416666666666
5,1.0,closed,mi_class,42,-0.00021228571874882998,0.007369514319908262,0.47305416666666666
5,1.0,closed,mi_class,43,-0.0316008998888451,-0.009198566063284118,0.47305416666666666
5,1.0,closed,mi_class,44,-0.008616797756509899,-0.011755458971328726,0.47305416666666666
5,1.0,closed,mi_class,45,0.02130736295118582,-0.1558471933680647,0.47305416666666666
5,1.0,closed,mi_class,46,-0.04857105381753843,0.27047273558664303,0.47305416666666666
5,1.0,closed,mi_class,47,0.037653772648094164,-0.18466569186107773,0.47305416666666666
5,1.0,closed,mi_class,48,0.10788423573653932,-0.509496450972228,0.47305416666666666
5,1.0,closed,mi_class,49,0.08481119306154966,-0.23165968499632125,0.47305416666666666
5,1.0,closed,mi_class,50,-0.187365680348174,0.3109972774075202,0.47305416666666666
5,1.0,closed,mi_class,51,0.14232816676255367,-0.7394773097453013,0.47305416666666666
5,1.0,closed,mi_class,52,0.17036830134466519,-0.8369873343668172,0.47305416666666666
5,1.0,closed,mi_class,53,-0.01515704190163239,0.19630629413043169,0.47305416666666666
5,1.0,closed,mi_class,54,0.2358611909590541,-0.7808152102921964,0.47305416666666666
5,1.0,closed,mi_class,55,0.37308184565916735,-0.6055171139498031,0.47305416666666666
5,1.0,closed,mi_class,56,-0.12656490973830614,0.7288529179291117,0.47305416666666666
5,1.0,closed,mi_class,57,-0.007958791420185407,-0.5363907312135006,0.47305416666666666
5,1.0,closed,mi_class,58,-0.002463940707783663,0.7623738589897789,0.47305416666666666
5,1.0,closed,mi_class,59,-0.4356028120649098,0.8737732096741316,0.47305416666666666
5,1.0,closed,mi_class,60,0.009043591195327199,-0.03738836089213289,0.47305416666666666
5,1.0,closed,mi_class,61,-0.227263014346631,0.9552696625384443,0.47305416666666666
5,1.0,closed,mi_class,62,-0.33527873281033427,0.5636842869402436,0.47305416666666666
5,1.0,closed,mi_class,63,-0.018421919761269112,-0.09399132820400043,0.47305416666666666
5,1.0,closed,mi_class,64,0.28249719449169236,-0.6101870895450553,0.47305416666666666
5,1.0,closed,mi_class,65,-0.28163998929008416,0.6014862414031676,0.47305416666666666
5,1.0,closed,mi_site,0,-0.010206570102915036,-0.9375275473760377,0.47305416666666666
5,1.0,closed,mi_site,1,-0.032305764814564,0.0029758713242699106,0.47305416666666666
5,1.0,closed,mi_site,2,-0.02730561868584358,-0.8998084678466114,0.47305416666666666
5,1.0,closed,mi_site,3,0.09065449611348113,-0.013733567992444908,0.47305416666666666
5,1.0,closed,mi_site,4,-0.0016052803723892728,0.22255678022536124,0.47305416666666666
5,1.0,closed,mi_site,5,-0.02769801251184234,-0.7561120747698489,0.47305416666666666
5,1.0,closed,mi_site,6,0.014312547821617616,0.872040265780895,0.47305416666666666
5,1.0,closed,mi_site,7,0.016289354789427057,0.7641294734605668,0.47305416666666666
5,1.0,closed,mi_site,8,-0.01830324357567109,-0.4363027701058083,0.47305416666666666
5,1.0,closed,mi_site,9,0.01856510407987344,0.7558490703717298,0.47305416666666666
5,1.0,closed,mi_site,10,0.01393302483519887,0.7050475349657114,0.47305416666666666
5,1.0,closed,mi_site,11,0.03159963129387552,-0.00033573504595947547,0.47305416666666666
5,1.0,closed,mi_site,12,0.01767873853740498,0.9510829959699046,0.47305416666666666
5,1.0,closed,mi_site,13,-0.09371621260536417,0.012426079461525028,0.47305416666666666
5,1.0,closed,mi_site,14,-0.0018818740345388218,-0.2597385617123724,0.47305416666666666
5,1.0,closed,mi_site,15,0.02209255603611171,0.7932182311466466,0.47305416666666666
5,1.0,closed,mi_site,16,-0.013712336336660136,-0.950685576750249,0.47305416666666666
5,1.0,closed,mi_site,17,-0.010781303366678485,-0.7918773424399965,0.47305416666666666
5,1.0,closed,mi_site,18,0.018349699296776323,0.5122018796061825,0.47305416666666666
5,1.0,closed,mi_site,19,-0.013479841968539352,-0.7927163079066694,0.47305416666666666
5,1.0,closed,mi_site,20,-0.007721501282369814,-0.8303007575960821,0.47305416666666666
5,1.0,closed,mi_site,21,0.021416216691755644,0.0001466223768976681,0.47305416666666666
5,1.0,closed,mi_site,22,-0.14838133433684852,-0.6659470990595326,0.47305416666666666
5,1.0,closed,mi_site,23,-0.00926781917249026,-0.008028319925369001,0.47305416666666666
5,1.0,closed,mi_site,24,0.013689964208144806,-0.22711157914150418,0.47305416666666666
5,1.0,closed,mi_site,25,-0.036889279297427933,0.0008918157518590449,0.47305416666666666
5,1.0,closed,mi_site,26,-0.03573210268618386,-0.0005003380022079476,0.47305416666666666
5,1.0,closed,mi_site,27,0.0038620817069135857,-0.004496251652576098,0.47305416666666666
5,1.0,closed,mi_site,28,-0.03411209304686229,0.0016047636623802508,0.47305416666666666
5,1.0,closed,mi_site,29,-0.026160985680275473,0.002924828033169732,0.47305416666666666
5,1.0,closed,mi_site,30,-0.07320580907193455,0.011804683695596304,0.47305416666666666
5,1.0,closed,mi_site,31,0.0034502816995871377,-0.18545577427705184,0.47305416666666666
5,1.0,closed,mi_site,32,0.04021127874755803,0.7878773657520862,0.47305416666666666
5,1.0,closed,mi_site,33,-0.026721143391246427,-0.8948681859289666,0.47305416666666666
5,1.0,closed,mi_site,34,-0.021758661009971814,-0.8131183800691358,0.47305416666666666
5,1.0,closed,mi_site,35,0.03263738858377352,0.36649714383158477,0.47305416666666666
5,1.0,closed,mi_site,36,-0.03053217322723467,-0.8038524607386583,0.47305416666666666
5,1.0,closed,mi_site,37,-0.014743123513223266,-0.7576796486232419,0.47305416666666666
5,1.0,closed,mi_site,38,-0.00697687780513369,-0.005120158297401254,0.47305416666666666
5,1.0,closed,mi_site,39,-0.09960234245631444,0.356018888358608,0.47305416666666666
5,1.0,closed,mi_site,40,0.08567625789625045,-0.011411751367356494,0.47305416666666666
5,1.0,closed,mi_site,41,0.09863878932703664,-0.009963478552190737,0.47305416666666666
5,1.0,closed,mi_site,42,0.014758528902114982,0.007369514319908262,0.47305416666666666
5,1.0,closed,mi_site,43,0.09429029848885974,-0.009198566063284118,0.47305416666666666
5,1.0,closed,mi_site,44,0.050415504641239534,-0.011755458971328726,0.47305416666666666
5,1.0,closed,mi_site,45,0.031114511637117523,-0.1558471933680647,0.47305416666666666
5,1.0,closed,mi_site,46,-0.009364314292203024,0.27047273558664303,0.47305416666666666
5,1.0,closed,mi_site,47,-0.029595650434283832,-0.18466569186107773,0.47305416666666666
5,1.0,closed,mi_site,48,-0.05966374544009889,-0.509496450972228,0.47305416666666666
5,1.0,closed,mi_site,49,-0.034510233268483764,-0.23165968499632125,0.47305416666666666
5,1.0,closed,mi_site,50,0.003984251970026553,0.3109972774075202,0.47305416666666666
5,1.0,closed,mi_site,51,-0.03562794700300387,-0.7394773097453013,0.47305416666666666
5,1.0,closed,mi_site,52,-0.01405477912770059,-0.8369873343668172,0.47305416666666666
5,1.0,closed,mi_site,53,0.027933893945559896,0.19630629413043169,0.47305416666666666
5,1.0,closed,mi_site,54,-0.024445215347773108,-0.7808152102921964,0.47305416666666666
5,1.0,closed,mi_site,55,-0.027144683465588737,-0.6055171139498031,0.47305416666666666
5,1.0,closed,mi_site,56,0.02830983338163373,0.7288529179291117,0.47305416666666666
5,1.0,closed,mi_site,57,-0.03172864190452673,-0.5363907312135006,0.47305416666666666
5,1.0,closed,mi_site,58,0.024380911960548812,0.7623738589897789,0.47305416666666666
5,1.0,closed,mi_site,59,0.015885196267217516,0.8737732096741316,0.47305416666666666
5,1.0,closed,mi_site,60,0.015581202480215148,-0.03738836089213289,0.47305416666666666
5,1.0,closed,mi_site,61,0.01387939768277724,0.9552696625384443,0.47305416666666666
5,1.0,closed,mi_site,62,0.012979564008689382,0.5636842869402436,0.47305416666666666
5,1.0,closed,mi_site,63,-0.010656846284758673,-0.09399132820400043,0.47305416666666666
5,1.0,closed,mi_site,64,-0.040331851113519,-0.6101870895450553,0.47305416666666666
5,1.0,closed,mi_site,65,0.015786356201454188,0.6014862414031676,0.47305416666666666
5,2.0,aligned,available,0,-0.0010396372961877232,-0.9409339752832409,0.47305416666666666
5,2.0,aligned,available,1,-0.0073732686431414,0.009994954726242013,0.47305416666666666
5,2.0,aligned,available,2,-0.005550817849598877,-0.9050436803647378,0.47305416666666666
5,2.0,aligned,available,3,0.023815785434207933,-0.022589688304253768,0.47305416666666666
5,2.0,aligned,available,4,0.006710113211161883,0.23104800182143934,0.47305416666666666
5,2.0,aligned,available,5,-0.0024253015330437666,-0.7641845193895006,0.47305416666666666
5,2.0,aligned,available,6,0.0028328443330196684,0.8797631441461716,0.47305416666666666
5,2.0,aligned,available,7,0.0012693686497405876,0.770536070388473,0.47305416666666666
5,2.0,aligned,available,8,-0.024370056235609894,-0.4382575790952005,0.47305416666666666
5,2.0,aligned,available,9,-0.0011993317508346424,0.7644246003373792,0.47305416666666666
5,2.0,aligned,available,10,0.00917386661448516,0.7103643178452431,0.47305416666666666
5,2.0,aligned,available,11,0.003578705940704253,-0.007696130245757372,0.47305416666666666
5,2.0,aligned,available,12,-2.861398174058838e-05,0.9535187216538797,0.47305416666666666
5,2.0,aligned,available,13,-0.0011453947342619716,0.021899487896620842,0.47305416666666666
5,2.0,aligned,available,14,-0.004873083986770388,-0.26768106233292754,0.47305416666666666
5,2.0,aligned,available,15,-0.0022069914911175825,0.799298371470619,0.47305416666666666
5,2.0,aligned,available,16,-0.0005752761685278163,-0.9541169137392043,0.47305416666666666
5,2.0,aligned,available,17,0.00409117990604968,-0.796485404474622,0.47305416666666666
5,2.0,aligned,available,18,0.012723172982430198,0.5108142209106955,0.47305416666666666
5,2.0,aligned,available,19,0.002342084172284431,-0.799089585290004,0.47305416666666666
5,2.0,aligned,available,20,-0.0011745828236686684,-0.8322600215732182,0.47305416666666666
5,2.0,aligned,available,21,0.011229047356680403,-0.006686984561455975,0.47305416666666666
5,2.0,aligned,available,22,-0.012097710580369236,-0.6809669894960999,0.47305416666666666
5,2.0,aligned,available,23,-0.0010937560374059095,-0.004833791177631635,0.47305416666666666
5,2.0,aligned,available,24,-0.006882279156440074,-0.23957135676557767,0.47305416666666666
5,2.0,aligned,available,25,0.0015364070529688325,0.008841548061806016,0.47305416666666666
5,2.0,aligned,available,26,0.0027796237272430997,0.003422638917249882,0.47305416666666666
5,2.0,aligned,available,27,0.006472305782760573,-0.011179398421581293,0.47305416666666666
5,2.0,aligned,available,28,-0.0028451794677652477,0.00648462055011927,0.47305416666666666
5,2.0,aligned,available,29,-0.003392778845336181,0.007991669685517976,0.47305416666666666
5,2.0,aligned,available,30,-0.01462276715283334,0.020412366279897287,0.47305416666666666
5,2.0,aligned,available,31,-0.03197556420268935,-0.1918000662806714,0.47305416666666666
5,2.0,aligned,available,32,-0.005610409877410127,0.7959225392074251,0.47305416666666666
5,2.0,aligned,available,33,-0.002471493751080911,-0.9010882520713389,0.47305416666666666
5,2.0,aligned,available,34,0.010747336692038756,-0.820225858525513,0.47305416666666666
5,2.0,aligned,available,35,0.044334005449897684,0.3658680720816646,0.47305416666666666
5,2.0,aligned,available,36,0.002354968276047753,-0.8127682365608657,0.47305416666666666
5,2.0,aligned,available,37,1.3592531837636201e-05,-0.7623180090412446,0.47305416666666666
5,2.0,aligned,available,38,0.010308467720974204,-0.009592996479089412,0.47305416666666666
5,2.0,aligned,available,39,-0.002442466762363149,0.3651069231294079,0.47305416666666666
5,2.0,aligned,available,40,0.009339867511419747,-0.021820059729068704,0.47305416666666666
5,2.0,aligned,available,41,-0.004607636088855151,-0.014172954674487145,0.47305416666666666
5,2.0,aligned,available,42,-0.03792420321425042,0.01770632828944661,0.47305416666666666
5,2.0,aligned,available,43,-0.002229688737248164,-0.015055224659126358,0.47305416666666666
5,2.0,aligned,available,44,0.016230533511648455,-0.01936620188569492,0.47305416666666666
5,2.0,aligned,available,45,0.0020944800854058865,-0.15833325855991878,0.47305416666666666
5,2.0,aligned,available,46,-0.0025265986912622607,0.27797903645627864,0.47305416666666666
5,2.0,aligned,available,47,-0.00268003723970367,-0.17614894127879804,0.47305416666666666
5,2.0,aligned,available,48,0.011710411516834607,-0.5235429153016385,0.47305416666666666
5,2.0,aligned,available,49,3.3783963839545406e-05,-0.21923723495926997,0.47305416666666666
5,2.0,aligned,available,50,-0.005341221029546428,0.3184704288335329,0.47305416666666666
5,2.0,aligned,available,51,0.0009131749293617153,-0.7494338693524488,0.47305416666666666
5,2.0,aligned,available,52,-0.0005147496818187491,-0.840036773939347,0.47305416666666666
5,2.0,aligned,available,53,-0.0044779584145896445,0.198245657524097,0.47305416666666666
5,2.0,aligned,available,54,0.0004516744473819223,-0.7882796872861381,0.47305416666666666
5,2.0,aligned,available,55,0.0033818850006110956,-0.6129988822813583,0.47305416666666666
5,2.0,aligned,available,56,0.0013753716181417186,0.7374919192548839,0.47305416666666666
5,2.0,aligned,available,57,-0.004539420018018325,-0.5332329871848926,0.47305416666666666
5,2.0,aligned,available,58,-0.0006391363531613736,0.7707336536078796,0.47305416666666666
5,2.0,aligned,available,59,0.0008664068128877433,0.8727226377413025,0.47305416666666666
5,2.0,aligned,available,60,-0.008392778847725449,-0.0349237534829938,0.47305416666666666
5,2.0,aligned,available,61,0.00033876107651842347,0.9577001507910896,0.47305416666666666
5,2.0,aligned,available,62,0.003821060887747807,0.5706960082206424,0.47305416666666666
5,2.0,aligned,available,63,-0.02119524786607442,-0.09180996388728342,0.47305416666666666
5,2.0,aligned,available,64,-0.008737651857103845,-0.6059188103773119,0.47305416666666666
5,2.0,aligned,available,65,-0.0012505228464597673,0.607947985369539,0.47305416666666666
5,2.0,aligned,mi_obs,0,-0.01247053838354406,-0.9409339752832409,0.47305416666666666
5,2.0,aligned,mi_obs,1,-0.01917042914040925,0.009994954726242013,0.47305416666666666
5,2.0,aligned,mi_obs,2,-0.024962812344219265,-0.9050436803647378,0.47305416666666666
5,2.0,aligned,mi_obs,3,0.12890321231665153,-0.022589688304253768,0.47305416666666666
5,2.0,aligned,mi_obs,4,0.007263343008117401,0.23104800182143934,0.47305416666666666
5,2.0,aligned,mi_obs,5,-0.03578231633247564,-0.7641845193895006,0.47305416666666666
5,2.0,aligned,mi_obs,6,0.029420863821138288,0.8797631441461716,0.47305416666666666
5,2.0,aligned,mi_obs,7,0.017153134058085495,0.770536070388473,0.47305416666666666
5,2.0,aligned,mi_obs,8,-0.030433696783197184,-0.4382575790952005,0.47305416666666666
5,2.0,aligned,mi_obs,9,0.01798637479433396,0.7644246003373792,0.47305416666666666
5,2.0,aligned,mi_obs,10,0.015270451282647923,0.7103643178452431,0.47305416666666666
5,2.0,aligned,mi_obs,11,0.04502455234094552,-0.007696130245757372,0.47305416666666666
5,2.0,aligned,mi_obs,12,0.019866444336422373,0.9535187216538797,0.47305416666666666
5,2.0,aligned,mi_obs,13,-0.13538785612273496,0.021899487896620842,0.47305416666666666
5,2.0,aligned,mi_obs,14,-0.0017473765038800715,-0.26768106233292754,0.47305416666666666
5,2.0,aligned,mi_obs,15,0.01728778923829899,0.799298371470619,0.47305416666666666
5,2.0,aligned,mi_obs,16,-0.01396366439560115,-0.9541169137392043,0.47305416666666666
5,2.0,aligned,mi_obs,17,-0.01246551368785731,-0.796485404474622,0.47305416666666666
5,2.0,aligned,mi_obs,18,0.04655468219323422,0.5108142209106955,0.47305416666666666
5,2.0,aligned,mi_obs,19,-0.01124957710038832,-0.799089585290004,0.47305416666666666
5,2.0,aligned,mi_obs,20,-0.006909137063540571,-0.8322600215732182,0.47305416666666666
5,2.0,aligned,mi_obs,21,0.03610789401619818,-0.006686984561455975,0.47305416666666666
5,2.0,aligned,mi_obs,22,-0.17157065429218743,-0.6809669894960999,0.47305416666666666
5,2.0,aligned,mi_obs,23,-0.002521892489790241,-0.004833791177631635,0.47305416666666666
5,2.0,aligned,mi_obs,24,0.007394669999405468,-0.23957135676557767,0.47305416666666666
5,2.0,aligned,mi_obs,25,-0.03456834968698671,0.008841548061806016,0.47305416666666666
5,2.0,aligned,mi_obs,26,-0.027112049637113427,0.003422638917249882,0.47305416666666666
5,2.0,aligned,mi_obs,27,0.02222152824983302,-0.011179398421581293,0.47305416666666666
5,2.0,aligned,mi_obs,28,-0.03866590201162002,0.00648462055011927,0.47305416666666666
5,2.0,aligned,mi_obs,29,-0.04081529060375829,0.007991669685517976,0.47305416666666666
5,2.0,aligned,mi_obs,30,-0.15352662620048166,0.020412366279897287,0.47305416666666666
5,2.0,aligned,mi_obs,31,-0.011680004674189393,-0.1918000662806714,0.47305416666666666
5,2.0,aligned,mi_obs,32,0.0323215307295196,0.7959225392074251,0.47305416666666666
5,2.0,aligned,mi_obs,33,-0.04023448959319709,-0.9010882520713389,0.47305416666666666
5,2.0,aligned,mi_obs,34,-0.02109535418127184,-0.820225858525513,0.47305416666666666
5,2.0,aligned,mi_obs,35,0.047713525281509295,0.3658680720816646,0.47305416666666666
5,2.0,aligned,mi_obs,36,-0.030323178696825215,-0.8127682365608657,0.47305416666666666
5,2.0,aligned,mi_obs,37,-0.004961182093826233,-0.7623180090412446,0.47305416666666666
5,2.0,aligned,mi_obs,38,0.03567759558372756,-0.009592996479089412,0.47305416666666666
5,2.0,aligned,mi_obs,39,-0.12529092134968095,0.3651069231294079,0.47305416666666666
5,2.0,aligned,mi_obs,40,0.1266209836532088,-0.021820059729068704,0.47305416666666666
5,2.0,aligned,mi_obs,41,0.1101943316054467,-0.014172954674487145,0.47305416666666666
5,2.0,aligned,mi_obs,42,-0.04502720400379295,0.01770632828944661,0.47305416666666666
5,2.0,aligned,mi_obs,43,0.11198696334926994,-0.015055224659126358,0.47305416666666666
5,2.0,aligned,mi_obs,44,0.10511290587044564,-0.01936620188569492,0.47305416666666666
5,2.0,aligned,mi_obs,45,0.04989038528566697,-0.15833325855991878,0.47305416666666666
5,2.0,aligned,mi_obs,46,-0.006955030594427758,0.27797903645627864,0.47305416666666666
5,2.0,aligned,mi_obs,47,-0.037900756567750105,-0.17614894127879804,0.47305416666666666
5,2.0,aligned,mi_obs,48,-0.04899931881898323,-0.5235429153016385,0.47305416666666666
5,2.0,aligned,mi_obs,49,-0.03939757007382702,-0.21923723495926997,0.47305416666666666
5,2.0,aligned,mi_obs,50,0.002872071258408937,0.3184704288335329,0.47305416666666666
5,2.0,aligned,mi_obs,51,-0.03430865350135692,-0.7494338693524488,0.47305416666666666
5,2.0,aligned,mi_obs,52,-0.016604846384720484,-0.840036773939347,0.47305416666666666
5,2.0,aligned,mi_obs,53,0.03963862699599402,0.198245657524097,0.47305416666666666
5,2.0,aligned,mi_obs,54,-0.03200275034333022,-0.7882796872861381,0.47305416666666666
5,2.0,aligned,mi_obs,55,-0.014582042045991894,-0.6129988822813583,0.47305416666666666
5,2.0,aligned,mi_obs,56,0.029182398502373808,0.7374919192548839,0.47305416666666666
5,2.0,aligned,mi_obs,57,-0.06438304392276517,-0.5332329871848926,0.47305416666666666
5,2.0,aligned,mi_obs,58,0.023912335179258393,0.7707336536078796,0.47305416666666666
5,2.0,aligned,mi_obs,59,0.013733865046119176,0.8727226377413025,0.47305416666666666
5,2.0,aligned,mi_obs,60,-0.020485225179615887,-0.0349237534829938,0.47305416666666666
5,2.0,aligned,mi_obs,61,0.015872104595637482,0.9577001507910896,0.47305416666666666
5,2.0,aligned,mi_obs,62,0.016987773037753118,0.5706960082206424,0.47305416666666666
5,2.0,aligned,mi_obs,63,-0.041996648835599906,-0.09180996388728342,0.47305416666666666
5,2.0,aligned,mi_obs,64,-0.06867233945152484,-0.6059188103773119,0.47305416666666666
5,2.0,aligned,mi_obs,65,0.015703651352913517,0.607947985369539,0.47305416666666666
5,2.0,aligned,mi_class,0,0.4637116502098872,-0.9409339752832409,0.47305416666666666
5,2.0,aligned,mi_class,1,0.015372778020026531,0.009994954726242013,0.47305416666666666
5,2.0,aligned,mi_class,2,0.34922116488269683,-0.9050436803647378,0.47305416666666666
5,2.0,aligned,mi_class,3,0.04612286742275938,-0.022589688304253768,0.47305416666666666
5,2.0,aligned,mi_class,4,-0.12175350990768016,0.23104800182143934,0.47305416666666666
5,2.0,aligned,mi_class,5,0.2959628236803888,-0.7641845193895006,0.47305416666666666
5,2.0,aligned,mi_class,6,-0.3613652502777823,0.8797631441461716,0.47305416666666666
5,2.0,aligned,mi_class,7,-0.4255027514658511,0.770536070388473,0.47305416666666666
5,2.0,aligned,mi_class,8,0.13232993634170903,-0.4382575790952005,0.47305416666666666
5,2.0,aligned,mi_class,9,-0.2951217360801726,0.7644246003373792,0.47305416666666666
5,2.0,aligned,mi_class,10,-0.05502954277303351,0.7103643178452431,0.47305416666666666
5,2.0,aligned,mi_class,11,-0.029984693196352694,-0.007696130245757372,0.47305416666666666
5,2.0,aligned,mi_class,12,-0.041504571208665575,0.9535187216538797,0.47305416666666666
5,2.0,aligned,mi_class,13,-0.0016971217314862633,0.021899487896620842,0.47305416666666666
5,2.0,aligned,mi_class,14,0.09130236536489023,-0.26768106233292754,0.47305416666666666
5,2.0,aligned,mi_class,15,-0.11939142182871487,0.799298371470619,0.47305416666666666
5,2.0,aligned,mi_class,16,0.1218262828741774,-0.9541169137392043,0.47305416666666666
5,2.0,aligned,mi_class,17,0.3390460019808215,-0.796485404474622,0.47305416666666666
5,2.0,aligned,mi_class,18,0.001443348063534744,0.5108142209106955,0.47305416666666666
5,2.0,aligned,mi_class,19,0.03129103641305364,-0.799089585290004,0.47305416666666666
5,2.0,aligned,mi_class,20,0.20906453580986561,-0.8322600215732182,0.47305416666666666
5,2.0,aligned,mi_class,21,-0.00966017023269293,-0.006686984561455975,0.47305416666666666
5,2.0,aligned,mi_class,22,0.101710081279488,-0.6809669894960999,0.47305416666666666
5,2.0,aligned,mi_class,23,-0.026124128606602435,-0.004833791177631635,0.47305416666666666
5,2.0,aligned,mi_class,24,0.07466320533174478,-0.23957135676557767,0.47305416666666666
5,2.0,aligned,mi_class,25,0.006175822473196868,0.008841548061806016,0.47305416666666666
5,2.0,aligned,mi_class,26,0.009205971091635583,0.003422638917249882,0.47305416666666666
5,2.0,aligned,mi_class,27,0.008515000559341467,-0.011179398421581293,0.47305416666666666
5,2.0,aligned,mi_class,28,0.015472117314089272,0.00648462055011927,0.47305416666666666
5,2.0,aligned,mi_class,29,0.0889727250530584,0.007991669685517976,0.47305416666666666
5,2.0,aligned,mi_class,30,-0.01283635193530407,0.020412366279897287,0.47305416666666666
5,2.0,aligned,mi_class,31,0.039293879961154465,-0.1918000662806714,0.47305416666666666
5,2.0,aligned,mi_class,32,-0.0578992910857381,0.7959225392074251,0.47305416666666666
5,2.0,aligned,mi_class,33,0.031192030770921475,-0.9010882520713389,0.47305416666666666
5,2.0,aligned,mi_class,34,0.23494483594015936,-0.820225858525513,0.47305416666666666
5,2.0,aligned,mi_class,35,0.06333828216968662,0.3658680720816646,0.47305416666666666
5,2.0,aligned,mi_class,36,-0.04384104719368509,-0.8127682365608657,0.47305416666666666
5,2.0,aligned,mi_class,37,0.12198747663479947,-0.7623180090412446,0.47305416666666666
5,2.0,aligned,mi_class,38,0.008020055218267796,-0.009592996479089412,0.47305416666666666
5,2.0,aligned,mi_class,39,0.0019299185088758608,0.3651069231294079,0.47305416666666666
5,2.0,aligned,mi_class,40,-0.044039111500669616,-0.021820059729068704,0.47305416666666666
5,2.0,aligned,mi_class,41,-0.0014009415959315534,-0.014172954674487145,0.47305416666666666
5,2.0,aligned,mi_class,42,-0.016166896444253977,0.01770632828944661,0.47305416666666666
5,2.0,aligned,mi_class,43,0.0025821642242279085,-0.015055224659126358,0.47305416666666666
5,2.0,aligned,mi_class,44,0.02584595763867483,-0.01936620188569492,0.47305416666666666
5,2.0,aligned,mi_class,45,0.030225334860994407,-0.15833325855991878,0.47305416666666666
5,2.0,aligned,mi_class,46,-0.06728771696785993,0.27797903645627864,0.47305416666666666
5,2.0,aligned,mi_class,47,-0.015799569138146563,-0.17614894127879804,0.47305416666666666
5,2.0,aligned,mi_class,48,0.11254354722498433,-0.5235429153016385,0.47305416666666666
5,2.0,aligned,mi_class,49,0.05334125490076275,-0.21923723495926997,0.47305416666666666
5,2.0,aligned,mi_class,50,-0.11285181017080953,0.3184704288335329,0.47305416666666666
5,2.0,aligned,mi_class,51,-0.046373715225149215,-0.7494338693524488,0.47305416666666666
5,2.0,aligned,mi_class,52,0.22580247841630852,-0.840036773939347,0.47305416666666666
5,2.0,aligned,mi_class,53,0.07271084831175506,0.198245657524097,0.47305416666666666
5,2.0,aligned,mi_class,54,0.07104185352844539,-0.7882796872861381,0.47305416666666666
5,2.0,aligned,mi_class,55,0.08634452387977987,-0.6129988822813583,0.47305416666666666
5,2.0,aligned,mi_class,56,-0.20801953531161,0.7374919192548839,0.47305416666666666
5,2.0,aligned,mi_class,57,-0.009051564339248586,-0.5332329871848926,0.47305416666666666
5,2.0,aligned,mi_class,58,-0.0256331634616771,0.7707336536078796,0.47305416666666666
5,2.0,aligned,mi_class,59,-0.16680551579695746,0.8727226377413025,0.47305416666666666
5,2.0,aligned,mi_class,60,-0.00775678023860471,-0.0349237534829938,0.47305416666666666
5,2.0,aligned,mi_class,61,-0.2762416985240448,0.9577001507910896,0.47305416666666666
5,2.0,aligned,mi_class,62,-0.21288205974393404,0.5706960082206424,0.47305416666666666
5,2.0,aligned,mi_class,63,-0.044060051658577334,-0.09180996388728342,0.47305416666666666
5,2.0,aligned,mi_class,64,0.0395002822775955,-0.6059188103773119,0.47305416666666666
5,2.0,aligned,mi_class,65,-0.09529292345796969,0.607947985369539,0.47305416666666666
5,2.0,aligned,mi_site,0,0.056509704578684095,-0.9409339752832409,0.47305416666666666
5,2.0,aligned,mi_site,1,-0.02079310149500342,0.009994954726242013,0.47305416666666666
5,2.0,aligned,mi_site,2,0.17552357648722894,-0.9050436803647378,0.47305416666666666
5,2.0,aligned,mi_site,3,0.10929542499170015,-0.022589688304253768,0.47305416666666666
5,2.0,aligned,mi_site,4,-0.0019425584052073508,0.23104800182143934,0.47305416666666666
5,2.0,aligned,mi_site,5,0.044276171300457356,-0.7641845193895006,0.47305416666666666
5,2.0,aligned,mi_site,6,-0.05060434938488656,0.8797631441461716,0.47305416666666666
5,2.0,aligned,mi_site,7,-0.04722665053028774,0.770536070388473,0.47305416666666666
5,2.0,aligned,mi_site,8,0.36785562419978934,-0.4382575790952005,0.47305416666666666
5,2.0,aligned,mi_site,9,-0.04215227119494025,0.7644246003373792,0.47305416666666666
5,2.0,aligned,mi_site,10,-0.04521027503002517,0.7103643178452431,0.47305416666666666
5,2.0,aligned,mi_site,11,0.022068518161865745,-0.007696130245757372,0.47305416666666666
5,2.0,aligned,mi_site,12,-0.13847158433205764,0.9535187216538797,0.47305416666666666
5,2.0,aligned,mi_site,13,-0.10633752301082393,0.021899487896620842,0.47305416666666666
5,2.0,aligned,mi_site,14,-0.016091315543981966,-0.26768106233292754,0.47305416666666666
5,2.0,aligned,mi_site,15,-0.01601207868657728,0.799298371470619,0.47305416666666666
5,2.0,aligned,mi_site,16,0.02380583809345105,-0.9541169137392043,0.47305416666666666
5,2.0,aligned,mi_site,17,0.02088161935233601,-0.796485404474622,0.47305416666666666
5,2.0,aligned,mi_site,18,-0.4206307639342952,0.5108142209106955,0.47305416666666666
5,2.0,aligned,mi_site,19,0.022851310520456636,-0.799089585290004,0.47305416666666666
5,2.0,aligned,mi_site,20,0.023498512341768918,-0.8322600215732182,0.47305416666666666
5,2.0,aligned,mi_site,21,0.01390012713687848,-0.006686984561455975,0.47305416666666666
5,2.0,aligned,mi_site,22,-0.08641645010896759,-0.6809669894960999,0.47305416666666666
5,2.0,aligned,mi_site,23,0.0004011119188530327,-0.004833791177631635,0.47305416666666666
5,2.0,aligned,mi_site,24,0.0026798917623032936,-0.23957135676557767,0.47305416666666666
5,2.0,aligned,mi_site,25,-0.012939167782887024,0.008841548061806016,0.47305416666666666
5,2.0,aligned,mi_site,26,-0.022543298527406764,0.003422638917249882,0.47305416666666666
5,2.0,aligned,mi_site,27,0.003945535438643155,-0.011179398421581293,0.47305416666666666
5,2.0,aligned,mi_site,28,-0.026391355216631475,0.00648462055011927,0.47305416666666666
5,2.0,aligned,mi_site,29,-0.01691979303983088,0.007991669685517976,0.47305416666666666
5,2.0,aligned,mi_site,30,-0.07590256249751923,0.020412366279897287,0.47305416666666666
5,2.0,aligned,mi_site,31,0.0100696237239912,-0.1918000662806714,0.47305416666666666
5,2.0,aligned,mi_site,32,-0.04212163900003807,0.7959225392074251,0.47305416666666666
5,2.0,aligned,mi_site,33,0.07053299843156569,-0.9010882520713389,0.47305416666666666
5,2.0,aligned,mi_site,34,0.06773184438929558,-0.820225858525513,0.47305416666666666
5,2.0,aligned,mi_site,35,-0.29518405162810374,0.3658680720816646,0.47305416666666666
5,2.0,aligned,mi_site,36,0.0630876809387485,-0.8127682365608657,0.47305416666666666
5,2.0,aligned,mi_site,37,0.09839940915439915,-0.7623180090412446,0.47305416666666666
5,2.0,aligned,mi_site,38,0.0201644216454197,-0.009592996479089412,0.47305416666666666
5,2.0,aligned,mi_site,39,-0.10852989460196327,0.3651069231294079,0.47305416666666666
5,2.0,aligned,mi_site,40,0.10078691644306723,-0.021820059729068704,0.47305416666666666
5,2.0,aligned,mi_site,41,0.09324299622077364,-0.014172954674487145,0.47305416666666666
5,2.0,aligned,mi_site,42,-0.004260312972071318,0.01770632828944661,0.47305416666666666
5,2.0,aligned,mi_site,43,0.10258343443630975,-0.015055224659126358,0.47305416666666666
5,2.0,aligned,mi_site,44,0.09236557306292473,-0.01936620188569492,0.47305416666666666
5,2.0,aligned,mi_site,45,0.03145972217881332,-0.15833325855991878,0.47305416666666666
5,2.0,aligned,mi_site,46,0.011581305147080834,0.27797903645627864,0.47305416666666666
5,2.0,aligned,mi_site,47,-0.013526470135075547,-0.17614894127879804,0.47305416666666666
5,2.0,aligned,mi_site,48,0.39809768118301286,-0.5235429153016385,0.47305416666666666
5,2.0,aligned,mi_site,49,-0.002481417269984326,-0.21923723495926997,0.47305416666666666
5,2.0,aligned,mi_site,50,0.005660333626971159,0.3184704288335329,0.47305416666666666
5,2.0,aligned,mi_site,51,-0.032288142346571846,-0.7494338693524488,0.47305416666666666
5,2.0,aligned,mi_site,52,-0.01821219860604706,-0.840036773939347,0.47305416666666666
5,2.0,aligned,mi_site,53,-0.17023145823629202,0.198245657524097,0.47305416666666666
5,2.0,aligned,mi_site,54,-0.02097139424225003,-0.7882796872861381,0.47305416666666666
5,2.0,aligned,mi_site,55,-0.0007916565184314939,-0.6129988822813583,0.47305416666666666
5,2.0,aligned,mi_site,56,0.025952227046721177,0.7374919192548839,0.47305416666666666
5,2.0,aligned,mi_site,57,0.43115410962716927,-0.5332329871848926,0.47305416666666666
5,2.0,aligned,mi_site,58,0.012820176302976605,0.7707336536078796,0.47305416666666666
5,2.0,aligned,mi_site,59,-0.010876213316366568,0.8727226377413025,0.47305416666666666
5,2.0,aligned,mi_site,60,0.04721010865321996,-0.0349237534829938,0.47305416666666666
5,2.0,aligned,mi_site,61,0.004993042337579134,0.9577001507910896,0.47305416666666666
5,2.0,aligned,mi_site,62,0.005229293351398434,0.5706960082206424,0.47305416666666666
5,2.0,aligned,mi_site,63,0.11146203926448059,-0.09180996388728342,0.47305416666666666
5,2.0,aligned,mi_site,64,0.4922151043117059,-0.6059188103773119,0.47305416666666666
5,2.0,aligned,mi_site,65,0.0021470121281719212,0.607947985369539,0.47305416666666666
5,2.0,closed,available,0,-0.00010390996270004393,-0.9409339752832409,0.47305416666666666
5,2.0,closed,available,1,0.00729110002981709,0.009994954726242013,0.47305416666666666
5,2.0,closed,available,2,-0.0053469266571065655,-0.9050436803647378,0.47305416666666666
5,2.0,closed,available,3,-0.00012238600543358624,-0.022589688304253768,0.47305416666666666
5,2.0,closed,available,4,0.007798505291139651,0.23104800182143934,0.47305416666666666
5,2.0,closed,available,5,-0.0020389693951301524,-0.7641845193895006,0.47305416666666666
5,2.0,closed,available,6,0.0012045303483780856,0.8797631441461716,0.47305416666666666
5,2.0,closed,available,7,-0.004501397732256884,0.770536070388473,0.47305416666666666
5,2.0,closed,available,8,-0.00398713206315765,-0.4382575790952005,0.47305416666666666
5,2.0,closed,available,9,0.0026569727351607453,0.7644246003373792,0.47305416666666666
5,2.0,closed,available,10,0.0035128054763636785,0.7103643178452431,0.47305416666666666
5,2.0,closed,available,11,0.006745961582135196,-0.007696130245757372,0.47305416666666666
5,2.0,closed,available,12,0.0021337042967216613,0.9535187216538797,0.47305416666666666
5,2.0,closed,available,13,0.0009347443999641464,0.021899487896620842,0.47305416666666666
5,2.0,closed,available,14,0.0036458673159703303,-0.26768106233292754,0.47305416666666666
5,2.0,closed,available,15,0.0008516559523382705,0.799298371470619,0.47305416666666666
5,2.0,closed,available,16,1.3035080556833556e-05,-0.9541169137392043,0.47305416666666666
5,2.0,closed,available,17,0.0009955127607109704,-0.796485404474622,0.47305416666666666
5,2.0,closed,available,18,-0.00018587327023855682,0.5108142209106955,0.47305416666666666
5,2.0,closed,available,19,-0.002734447135796736,-0.799089585290004,0.47305416666666666
5,2.0,closed,available,20,-0.002819959057198562,-0.8322600215732182,0.47305416666666666
5,2.0,closed,available,21,0.009603161590225666,-0.006686984561455975,0.47305416666666666
5,2.0,closed,available,22,-0.011409208064115939,-0.6809669894960999,0.47305416666666666
5,2.0,closed,available,23,0.021487569060781194,-0.004833791177631635,0.47305416666666666
5,2.0,closed,available,24,-0.0009951854787633996,-0.23957135676557767,0.47305416666666666
5,2.0,closed,available,25,-0.0018060124511240115,0.008841548061806016,0.47305416666666666
5,2.0,closed,available,26,-0.020308380430575226,0.003422638917249882,0.47305416666666666
5,2.0,closed,available,27,0.006650140897527346,-0.011179398421581293,0.47305416666666666
5,2.0,closed,available,28,0.0007617234345729937,0.00648462055011927,0.47305416666666666
5,2.0,closed,available,29,-0.010435433496199943,0.007991669685517976,0.47305416666666666
5,2.0,closed,available,30,-0.01660832586786717,0.020412366279897287,0.47305416666666666
5,2.0,closed,available,31,0.017653062258307872,-0.1918000662806714,0.47305416666666666
5,2.0,closed,available,32,0.004256772847875734,0.7959225392074251,0.47305416666666666
5,2.0,closed,available,33,-0.0052684433966618816,-0.9010882520713389,0.47305416666666666
5,2.0,closed,available,34,-0.0030709028868729504,-0.820225858525513,0.47305416666666666
5,2.0,closed,available,35,0.011054427136834188,0.3658680720816646,0.47305416666666666
5,2.0,closed,available,36,-0.00029844316107929814,-0.8127682365608657,0.47305416666666666
5,2.0,closed,available,37,-0.01556637184401466,-0.7623180090412446,0.47305416666666666
5,2.0,closed,available,38,-0.021886825791476668,-0.009592996479089412,0.47305416666666666
5,2.0,closed,available,39,-0.005240806638345641,0.3651069231294079,0.47305416666666666
5,2.0,closed,available,40,0.004825453628081785,-0.021820059729068704,0.47305416666666666
5,2.0,closed,available,41,0.023806387413234105,-0.014172954674487145,0.47305416666666666
5,2.0,closed,available,42,0.01814569935059181,0.01770632828944661,0.47305416666666666
5,2.0,closed,available,43,0.014290161529938592,-0.015055224659126358,0.47305416666666666
5,2.0,closed,available,44,0.005766012865601808,-0.01936620188569492,0.47305416666666666
5,2.0,closed,available,45,-0.00883804144682182,-0.15833325855991878,0.47305416666666666
5,2.0,closed,available,46,-0.00016655894590866804,0.27797903645627864,0.47305416666666666
5,2.0,closed,available,47,0.0006984164501337153,-0.17614894127879804,0.47305416666666666
5,2.0,closed,available,48,-0.018432466901348477,-0.5235429153016385,0.47305416666666666
5,2.0,closed,available,49,0.004922457518611673,-0.21923723495926997,0.47305416666666666
5,2.0,closed,available,50,0.00531189456112624,0.3184704288335329,0.47305416666666666
5,2.0,closed,available,51,0.00027705857992166294,-0.7494338693524488,0.47305416666666666
5,2.0,closed,available,52,0.004688984060726598,-0.840036773939347,0.47305416666666666
5,2.0,closed,available,53,0.028006098543758323,0.198245657524097,0.47305416666666666
5,2.0,closed,available,54,0.0037989458662246456,-0.7882796872861381,0.47305416666666666
5,2.0,closed,available,55,-0.0015729591767813522,-0.6129988822813583,0.47305416666666666
5,2.0,closed,available,56,-4.785205481505628e-05,0.7374919192548839,0.47305416666666666
5,2.0,closed,available,57,-0.004669323318095442,-0.5332329871848926,0.47305416666666666
5,2.0,closed,available,58,-0.0014332399146226305,0.7707336536078796,0.47305416666666666
5,2.0,closed,available,59,0.002686087862254105,0.8727226377413025,0.47305416666666666
5,2.0,closed,available,60,-0.015323675623283385,-0.0349237534829938,0.47305416666666666
5,2.0,closed,available,61,0.0001781477494333661,0.9577001507910896,0.47305416666666666
5,2.0,closed,available,62,0.003149181627672748,0.5706960082206424,0.47305416666666666
5,2.0,closed,available,63,-0.011054046848813365,-0.09180996388728342,0.47305416666666666
5,2.0,closed,available,64,-0.0027519738028835006,-0.6059188103773119,0.47305416666666666
5,2.0,closed,available,65,0.0004949371532658731,0.607947985369539,0.47305416666666666
5,2.0,closed,mi_obs,0,-0.01111824746424439,-0.9409339752832409,0.47305416666666666
5,2.0,closed,mi_obs,1,-0.07451459539177317,0.009994954726242013,0.47305416666666666
5,2.0,closed,mi_obs,2,-0.02318290095730291,-0.9050436803647378,0.47305416666666666
5,2.0,closed,mi_obs,3,0.027559058447902636,-0.022589688304253768,0.47305416666666666
5,2.0,closed,mi_obs,4,0.0016876679582941423,0.23104800182143934,0.47305416666666666
5,2.0,closed,mi_obs,5,-0.04928595744005049,-0.7641845193895006,0.47305416666666666
5,2.0,closed,mi_obs,6,0.02682821973753502,0.8797631441461716,0.47305416666666666
5,2.0,closed,mi_obs,7,0.0240874914750826,0.770536070388473,0.47305416666666666
5,2.0,closed,mi_obs,8,-0.010552113418465403,-0.4382575790952005,0.47305416666666666
5,2.0,closed,mi_obs,9,0.019085450863216447,0.7644246003373792,0.47305416666666666
5,2.0,closed,mi_obs,10,0.02014352635822081,0.7103643178452431,0.47305416666666666
5,2.0,closed,mi_obs,11,0.04321377308582004,-0.007696130245757372,0.47305416666666666
5,2.0,closed,mi_obs,12,0.01958809014971441,0.9535187216538797,0.47305416666666666
5,2.0,closed,mi_obs,13,-0.06782046825280001,0.021899487896620842,0.47305416666666666
5,2.0,closed,mi_obs,14,-0.015851354071310275,-0.26768106233292754,0.47305416666666666
5,2.0,closed,mi_obs,15,0.03786589033868604,0.799298371470619,0.47305416666666666
5,2.0,closed,mi_obs,16,-0.013458925909287545,-0.9541169137392043,0.47305416666666666
5,2.0,closed,mi_obs,17,-0.018644826920867552,-0.796485404474622,0.47305416666666666
5,2.0,closed,mi_obs,18,0.01626753178026208,0.5108142209106955,0.47305416666666666
5,2.0,closed,mi_obs,19,-0.013744069728562014,-0.799089585290004,0.47305416666666666
5,2.0,closed,mi_obs,20,-0.01093507514010672,-0.8322600215732182,0.47305416666666666
5,2.0,closed,mi_obs,21,0.08463541153242887,-0.006686984561455975,0.47305416666666666
5,2.0,closed,mi_obs,22,-0.15950547639918455,-0.6809669894960999,0.47305416666666666
5,2.0,closed,mi_obs,23,0.012419060297524744,-0.004833791177631635,0.47305416666666666
5,2.0,closed,mi_obs,24,0.018781431816276423,-0.23957135676557767,0.47305416666666666
5,2.0,closed,mi_obs,25,-0.04566775530199412,0.008841548061806016,0.47305416666666666
5,2.0,closed,mi_obs,26,-0.05495538139545925,0.003422638917249882,0.47305416666666666
5,2.0,closed,mi_obs,27,0.01648446838784247,-0.011179398421581293,0.47305416666666666
5,2.0,closed,mi_obs,28,-0.053072763765431845,0.00648462055011927,0.47305416666666666
5,2.0,closed,mi_obs,29,-0.042096855510667754,0.007991669685517976,0.47305416666666666
5,2.0,closed,mi_obs,30,-0.07040636614409776,0.020412366279897287,0.47305416666666666
5,2.0,closed,mi_obs,31,-0.0016861945135613898,-0.1918000662806714,0.47305416666666666
5,2.0,closed,mi_obs,32,0.04937554611774275,0.7959225392074251,0.47305416666666666
5,2.0,closed,mi_obs,33,-0.04139094650540409,-0.9010882520713389,0.47305416666666666
5,2.0,closed,mi_obs,34,-0.02658587987972083,-0.820225858525513,0.47305416666666666
5,2.0,closed,mi_obs,35,0.01920102538989793,0.3658680720816646,0.47305416666666666
5,2.0,closed,mi_obs,36,-0.016313366410379282,-0.8127682365608657,0.47305416666666666
5,2.0,closed,mi_obs,37,-0.021530093049154875,-0.7623180090412446,0.47305416666666666
5,2.0,closed,mi_obs,38,0.027506775199480936,-0.009592996479089412,0.47305416666666666
5,2.0,closed,mi_obs,39,-0.07926341055484337,0.3651069231294079,0.47305416666666666
5,2.0,closed,mi_obs,40,0.05136006279141868,-0.021820059729068704,0.47305416666666666
5,2.0,closed,mi_obs,41,0.06578731309133572,-0.014172954674487145,0.47305416666666666
5,2.0,closed,mi_obs,42,-0.013641966061137706,0.01770632828944661,0.47305416666666666
5,2.0,closed,mi_obs,43,0.05170775264054289,-0.015055224659126358,0.47305416666666666
5,2.0,closed,mi_obs,44,0.05993436915104219,-0.01936620188569492,0.47305416666666666
5,2.0,closed,mi_obs,45,0.0381357844195276,-0.15833325855991878,0.47305416666666666
5,2.0,closed,mi_obs,46,-3.6384514585208194e-05,0.27797903645627864,0.47305416666666666
5,2.0,closed,mi_obs,47,-0.009863007244538646,-0.17614894127879804,0.47305416666666666
5,2.0,closed,mi_obs,48,-0.06415832863566706,-0.5235429153016385,0.47305416666666666
5,2.0,closed,mi_obs,49,-0.018664290270847178,-0.21923723495926997,0.47305416666666666
5,2.0,closed,mi_obs,50,0.024070836196504353,0.3184704288335329,0.47305416666666666
5,2.0,closed,mi_obs,51,-0.05110011308689244,-0.7494338693524488,0.47305416666666666
5,2.0,closed,mi_obs,52,-0.02567649544502193,-0.840036773939347,0.47305416666666666
5,2.0,closed,mi_obs,53,0.025232943079672887,0.198245657524097,0.47305416666666666
5,2.0,closed,mi_obs,54,-0.043205515469544875,-0.7882796872861381,0.47305416666666666
5,2.0,closed,mi_obs,55,-0.032540955393978055,-0.6129988822813583,0.47305416666666666
5,2.0,closed,mi_obs,56,0.03293161272759726,0.7374919192548839,0.47305416666666666
5,2.0,closed,mi_obs,57,-0.03735152089968652,-0.5332329871848926,0.47305416666666666
5,2.0,closed,mi_obs,58,0.02490487177480194,0.7707336536078796,0.47305416666666666
5,2.0,closed,mi_obs,59,0.016827314868940735,0.8727226377413025,0.47305416666666666
5,2.0,closed,mi_obs,60,0.014400931665518951,-0.0349237534829938,0.47305416666666666
5,2.0,closed,mi_obs,61,0.015078577536133175,0.9577001507910896,0.47305416666666666
5,2.0,closed,mi_obs,62,0.02303217266909774,0.5706960082206424,0.47305416666666666
5,2.0,closed,mi_obs,63,-0.0063659563949245435,-0.09180996388728342,0.47305416666666666
5,2.0,closed,mi_obs,64,-0.04197673711509298,-0.6059188103773119,0.47305416666666666
5,2.0,closed,mi_obs,65,0.019718822374774625,0.607947985369539,0.47305416666666666
5,2.0,closed,mi_class,0,0.20433218196587832,-0.9409339752832409,0.47305416666666666
5,2.0,closed,mi_class,1,-0.02097753721889691,0.009994954726242013,0.47305416666666666
5,2.0,closed,mi_class,2,0.08579613606304126,-0.9050436803647378,0.47305416666666666
5,2.0,closed,mi_class,3,0.1928404701038225,-0.022589688304253768,0.47305416666666666
5,2.0,closed,mi_class,4,-0.07091789962529371,0.23104800182143934,0.47305416666666666
5,2.0,closed,mi_class,5,-0.000602993945899577,-0.7641845193895006,0.47305416666666666
5,2.0,closed,mi_class,6,-0.09248214335434501,0.8797631441461716,0.47305416666666666
5,2.0,closed,mi_class,7,-0.21812805752410358,0.770536070388473,0.47305416666666666
5,2.0,closed,mi_class,8,-0.0017899282452497611,-0.4382575790952005,0.47305416666666666
5,2.0,closed,mi_class,9,-0.05569112977482138,0.7644246003373792,0.47305416666666666
5,2.0,closed,mi_class,10,-0.2615841154918709,0.7103643178452431,0.47305416666666666
5,2.0,closed,mi_class,11,0.08970399458739865,-0.007696130245757372,0.47305416666666666
5,2.0,closed,mi_class,12,-0.09157620021285928,0.9535187216538797,0.47305416666666666
5,2.0,closed,mi_class,13,-0.15420240612519054,0.021899487896620842,0.47305416666666666
5,2.0,closed,mi_class,14,0.10222602346349402,-0.26768106233292754,0.47305416666666666
5,2.0,closed,mi_class,15,-0.0785844829811646,0.799298371470619,0.47305416666666666
5,2.0,closed,mi_class,16,0.1974759012491344,-0.9541169137392043,0.47305416666666666
5,2.0,closed,mi_class,17,0.31734813320122623,-0.796485404474622,0.47305416666666666
5,2.0,closed,mi_class,18,-0.0353820949442038,0.5108142209106955,0.47305416666666666
5,2.0,closed,mi_class,19,0.0742961840794173,-0.799089585290004,0.47305416666666666
5,2.0,closed,mi_class,20,0.21978235384828226,-0.8322600215732182,0.47305416666666666
5,2.0,closed,mi_class,21,0.023935815866752835,-0.006686984561455975,0.47305416666666666
5,2.0,closed,mi_class,22,0.31449461630949355,-0.6809669894960999,0.47305416666666666
5,2.0,closed,mi_class,23,0.00600890806623716,-0.004833791177631635,0.47305416666666666
5,2.0,closed,mi_class,24,0.15706743786648397,-0.23957135676557767,0.47305416666666666
5,2.0,closed,mi_class,25,0.00048746828395477247,0.008841548061806016,0.47305416666666666
5,2.0,closed,mi_class,26,-0.024916345591436028,0.003422638917249882,0.47305416666666666
5,2.0,closed,mi_class,27,0.013451918016491109,-0.011179398421581293,0.47305416666666666
5,2.0,closed,mi_class,28,0.0021159084278051946,0.00648462055011927,0.47305416666666666
5,2.0,closed,mi_class,29,-0.1463253720339712,0.007991669685517976,0.47305416666666666
5,2.0,closed,mi_class,30,-0.10184838253535959,0.020412366279897287,0.47305416666666666
5,2.0,closed,mi_class,31,0.04594257186529055,-0.1918000662806714,0.47305416666666666
5,2.0,closed,mi_class,32,0.033722610565512956,0.7959225392074251,0.47305416666666666
5,2.0,closed,mi_class,33,0.048339617739304175,-0.9010882520713389,0.47305416666666666
5,2.0,closed,mi_class,34,0.1832233498446164,-0.820225858525513,0.47305416666666666
5,2.0,closed,mi_class,35,0.06374379514518907,0.3658680720816646,0.47305416666666666
5,2.0,closed,mi_class,36,-0.04374672610934405,-0.8127682365608657,0.47305416666666666
5,2.0,closed,mi_class,37,0.07330067688415476,-0.7623180090412446,0.47305416666666666
5,2.0,closed,mi_class,38,-0.015144686015934822,-0.009592996479089412,0.47305416666666666
5,2.0,closed,mi_class,39,-0.1772753764394729,0.3651069231294079,0.47305416666666666
5,2.0,closed,mi_class,40,0.14124027695597333,-0.021820059729068704,0.47305416666666666
5,2.0,closed,mi_class,41,0.026447592640106314,-0.014172954674487145,0.47305416666666666
5,2.0,closed,mi_class,42,-0.07495748947717489,0.01770632828944661,0.47305416666666666
5,2.0,closed,mi_class,43,0.09114219994467489,-0.015055224659126358,0.47305416666666666
5,2.0,closed,mi_class,44,-0.10431293884901559,-0.01936620188569492,0.47305416666666666
5,2.0,closed,mi_class,45,0.04120233891135573,-0.15833325855991878,0.47305416666666666
5,2.0,closed,mi_class,46,-0.07073505889450449,0.27797903645627864,0.47305416666666666
5,2.0,closed,mi_class,47,0.0006469925408040256,-0.17614894127879804,0.47305416666666666
5,2.0,closed,mi_class,48,0.07965203667703741,-0.5235429153016385,0.47305416666666666
5,2.0,closed,mi_class,49,0.054336161311337366,-0.21923723495926997,0.47305416666666666
5,2.0,closed,mi_class,50,-0.09339616242342474,0.3184704288335329,0.47305416666666666
5,2.0,closed,mi_class,51,-0.02046490721098737,-0.7494338693524488,0.47305416666666666
5,2.0,closed,mi_class,52,0.23823310867257608,-0.840036773939347,0.47305416666666666
5,2.0,closed,mi_class,53,0.0867251294213624,0.198245657524097,0.47305416666666666
5,2.0,closed,mi_class,54,0.00745010246947897,-0.7882796872861381,0.47305416666666666
5,2.0,closed,mi_class,55,0.021085150482544668,-0.6129988822813583,0.47305416666666666
5,2.0,closed,mi_class,56,-0.15891117484212824,0.7374919192548839,0.47305416666666666
5,2.0,closed,mi_class,57,0.01686667550076637,-0.5332329871848926,0.47305416666666666
5,2.0,closed,mi_class,58,-0.050162657359788754,0.7707336536078796,0.47305416666666666
5,2.0,closed,mi_class,59,-0.1366292188682453,0.8727226377413025,0.47305416666666666
5,2.0,closed,mi_class,60,-0.004133646509404752,-0.0349237534829938,0.47305416666666666
5,2.0,closed,mi_class,61,-0.22250393265484925,0.9577001507910896,0.47305416666666666
5,2.0,closed,mi_class,62,-0.1607350575351315,0.5706960082206424,0.47305416666666666
5,2.0,closed,mi_class,63,-0.02868075757065991,-0.09180996388728342,0.47305416666666666
5,2.0,closed,mi_class,64,0.023722940732169184,-0.6059188103773119,0.47305416666666666
5,2.0,closed,mi_class,65,-0.07457330407100382,0.607947985369539,0.47305416666666666
5,2.0,closed,mi_site,0,-0.007780346127822746,-0.9409339752832409,0.47305416666666666
5,2.0,closed,mi_site,1,-0.05570962072359601,0.009994954726242013,0.47305416666666666
5,2.0,closed,mi_site,2,-0.023401628817368847,-0.9050436803647378,0.47305416666666666
5,2.0,closed,mi_site,3,0.059512583129895325,-0.022589688304253768,0.47305416666666666
5,2.0,closed,mi_site,4,-0.02031779328962935,0.23104800182143934,0.47305416666666666
5,2.0,closed,mi_site,5,-0.026010221125533528,-0.7641845193895006,0.47305416666666666
5,2.0,closed,mi_site,6,0.02047963787752971,0.8797631441461716,0.47305416666666666
5,2.0,closed,mi_site,7,0.018204997976964954,0.770536070388473,0.47305416666666666
5,2.0,closed,mi_site,8,-0.016721682939924487,-0.4382575790952005,0.47305416666666666
5,2.0,closed,mi_site,9,0.01610151610379329,0.7644246003373792,0.47305416666666666
5,2.0,closed,mi_site,10,0.012762339927761768,0.7103643178452431,0.47305416666666666
5,2.0,closed,mi_site,11,0.036535878903525505,-0.007696130245757372,0.47305416666666666
5,2.0,closed,mi_site,12,0.014979290923895605,0.9535187216538797,0.47305416666666666
5,2.0,closed,mi_site,13,-0.0822761829767635,0.021899487896620842,0.47305416666666666
5,2.0,closed,mi_site,14,0.010178435768903649,-0.26768106233292754,0.47305416666666666
5,2.0,closed,mi_site,15,0.021684654240334944,0.799298371470619,0.47305416666666666
5,2.0,closed,mi_site,16,-0.011454136401000903,-0.9541169137392043,0.47305416666666666
5,2.0,closed,mi_site,17,-0.015411933030475944,-0.796485404474622,0.47305416666666666
5,2.0,closed,mi_site,18,0.021612925198683297,0.5108142209106955,0.47305416666666666
5,2.0,closed,mi_site,19,-0.012768962602249911,-0.799089585290004,0.47305416666666666
5,2.0,closed,mi_site,20,-0.008502134855644883,-0.8322600215732182,0.47305416666666666
5,2.0,closed,mi_site,21,0.05720138484364675,-0.006686984561455975,0.47305416666666666
5,2.0,closed,mi_site,22,-0.14044820250504453,-0.6809669894960999,0.47305416666666666
5,2.0,closed,mi_site,23,-0.0032458099617141264,-0.004833791177631635,0.47305416666666666
5,2.0,closed,mi_site,24,0.015031903931935958,-0.23957135676557767,0.47305416666666666
5,2.0,closed,mi_site,25,-0.03724624186091355,0.008841548061806016,0.47305416666666666
5,2.0,closed,mi_site,26,-0.04341440351639067,0.003422638917249882,0.47305416666666666
5,2.0,closed,mi_site,27,0.007645577857707169,-0.011179398421581293,0.47305416666666666
5,2.0,closed,mi_site,28,-0.03715896275820963,0.00648462055011927,0.47305416666666666
5,2.0,closed,mi_site,29,-0.03714917781200739,0.007991669685517976,0.47305416666666666
5,2.0,closed,mi_site,30,-0.0920258250690959,0.020412366279897287,0.47305416666666666
5,2.0,closed,mi_site,31,0.01696838762590097,-0.1918000662806714,0.47305416666666666
5,2.0,closed,mi_site,32,0.034478093517192554,0.7959225392074251,0.47305416666666666
5,2.0,closed,mi_site,33,-0.02770887996834881,-0.9010882520713389,0.47305416666666666
5,2.0,closed,mi_site,34,-0.02718167292463569,-0.820225858525513,0.47305416666666666
5,2.0,closed,mi_site,35,0.02444460813591176,0.3658680720816646,0.47305416666666666
5,2.0,closed,mi_site,36,-0.02314968740108314,-0.8127682365608657,0.47305416666666666
5,2.0,closed,mi_site,37,-0.012289400137215356,-0.7623180090412446,0.47305416666666666
5,2.0,closed,mi_site,38,0.0008780339501522419,-0.009592996479089412,0.47305416666666666
5,2.0,closed,mi_site,39,-0.08825007660608442,0.3651069231294079,0.47305416666666666
5,2.0,closed,mi_site,40,0.07460581247968803,-0.021820059729068704,0.47305416666666666
5,2.0,closed,mi_site,41,0.08910756178241984,-0.014172954674487145,0.47305416666666666
5,2.0,closed,mi_site,42,-0.007656342290178881,0.01770632828944661,0.47305416666666666
5,2.0,closed,mi_site,43,0.08329482608103012,-0.015055224659126358,0.47305416666666666
5,2.0,closed,mi_site,44,0.06450188525006309,-0.01936620188569492,0.47305416666666666
5,2.0,closed,mi_site,45,0.043532195943784366,-0.15833325855991878,0.47305416666666666
5,2.0,closed,mi_site,46,-0.02216107052996419,0.27797903645627864,0.47305416666666666
5,2.0,closed,mi_site,47,-0.033483283117286766,-0.17614894127879804,0.47305416666666666
5,2.0,closed,mi_site,48,-0.050120125236137514,-0.5235429153016385,0.47305416666666666
5,2.0,closed,mi_site,49,-0.04049025665096259,-0.21923723495926997,0.47305416666666666
5,2.0,closed,mi_site,50,0.0021406554040960812,0.3184704288335329,0.47305416666666666
5,2.0,closed,mi_site,51,-0.03244756527544845,-0.7494338693524488,0.47305416666666666
5,2.0,closed,mi_site,52,-0.01225639302139292,-0.840036773939347,0.47305416666666666
5,2.0,closed,mi_site,53,0.03182951420713798,0.198245657524097,0.47305416666666666
5,2.0,closed,mi_site,54,-0.022789397718692816,-0.7882796872861381,0.47305416666666666
5,2.0,closed,mi_site,55,-0.02034977982846331,-0.6129988822813583,0.47305416666666666
5,2.0,closed,mi_site,56,0.03046882707099463,0.7374919192548839,0.47305416666666666
5,2.0,closed,mi_site,57,-0.03837334992310493,-0.5332329871848926,0.47305416666666666
5,2.0,closed,mi_site,58,0.022631481064236403,0.7707336536078796,0.47305416666666666
5,2.0,closed,mi_site,59,0.01442655029552864,0.8727226377413025,0.47305416666666666
5,2.0,closed,mi_site,60,-0.0039004913098044866,-0.0349237534829938,0.47305416666666666
5,2.0,closed,mi_site,61,0.014001833621902549,0.9577001507910896,0.47305416666666666
5,2.0,closed,mi_site,62,0.020081002359832123,0.5706960082206424,0.47305416666666666
5,2.0,closed,mi_site,63,-0.014720621006110574,-0.09180996388728342,0.47305416666666666
5,2.0,closed,mi_site,64,-0.038194253824353264,-0.6059188103773119,0.47305416666666666
5,2.0,closed,mi_site,65,0.017341005180355196,0.607947985369539,0.47305416666666666
