rep,gamma,alignment,estimator,pair,signed_err,truth,miss_rate
1,0.0,aligned,available,0,-0.0019376544654967631,-0.007838720754512108,0.471
1,0.0,aligned,available,1,0.0031952229032434776,-0.8317899695032219,0.471
1,0.0,aligned,available,2,0.019788344743816966,-0.5717261243518212,0.471
1,0.0,aligned,available,3,-0.0023684187226613584,-0.7613099734026002,0.471
1,0.0,aligned,available,4,0.004842328984013489,0.8005876634549421,0.471
1,0.0,aligned,available,5,-0.0006767356917030121,-0.8743145278329468,0.471
1,0.0,aligned,available,6,0.0022395166961627355,0.7472768699210013,0.471
1,0.0,aligned,available,7,-0.0028198041889224146,-0.29198100068369115,0.471
1,0.0,aligned,available,8,0.008728344751414319,-0.37470671573853737,0.471
1,0.0,aligned,available,9,-0.001568610144254412,0.4905458282348482,0.471
1,0.0,aligned,available,10,0.0011208906736077662,0.8719738255959147,0.471
1,0.0,aligned,available,11,-0.021054091281974486,0.00254490608154003,0.471
1,0.0,aligned,available,12,-0.0006902921366092655,0.0026176089706542935,0.471
1,0.0,aligned,available,13,-0.004287211471311139,0.0055674940031011306,0.471
1,0.0,aligned,available,14,0.014540168510551968,-0.005302310332560077,0.471
1,0.0,aligned,available,15,-0.009759134488715595,0.004473873257232574,0.471
1,0.0,aligned,available,16,0.0005200020270910029,0.0017403523479162211,0.471
1,0.0,aligned,available,17,-0.012688929614692352,0.0015095287042380015,0.471
1,0.0,aligned,available,18,-0.019434792010432633,0.0025476918954121363,0.471
1,0.0,aligned,available,19,0.019532740279081702,-0.009107229866624926,0.471
1,0.0,aligned,available,20,0.007589370135653353,-0.014879611687949686,0.471
1,0.0,aligned,available,21,0.0012455028485416353,0.6614195956185527,0.471
1,0.0,aligned,available,22,-0.026847780196820936,0.4109963529066069,0.471
1,0.0,aligned,available,23,0.0037722620762455916,-0.46243782359174745,0.471
1,0.0,aligned,available,24,-0.0008478992698535137,0.9524826183800447,0.471
1,0.0,aligned,available,25,0.007690317620836384,-0.564456992995928,0.471
1,0.0,aligned,available,26,0.006097847674370105,0.2139437050195331,0.471
1,0.0,aligned,available,27,-0.0014649460565092642,0.4907373816645168,0.471
1,0.0,aligned,available,28,0.006612085301868298,-0.6386935881930775,0.471
1,0.0,aligned,available,29,0.011960423329769876,-0.6470725088380198,0.471
1,0.0,aligned,available,30,-0.057457353904650676,0.4104647473986626,0.471
1,0.0,aligned,available,31,0.051489541092566427,-0.4610930876291623,0.471
1,0.0,aligned,available,32,-0.03582887894928055,0.5974766216454562,0.471
1,0.0,aligned,available,33,0.027480377029574954,-0.5657901987864276,0.471
1,0.0,aligned,available,34,0.001180978402233246,-0.45378426793538656,0.471
1,0.0,aligned,available,35,-0.04522217890567415,-0.20725710483134796,0.471
1,0.0,aligned,available,36,0.016476115474159017,-0.10940842818685544,0.471
1,0.0,aligned,available,37,0.03926686845454447,-0.3616562262597575,0.471
1,0.0,aligned,available,38,-5.698271058784954e-05,-0.922678679613304,0.471
1,0.0,aligned,available,39,0.004104481446299935,0.43534103724142037,0.471
1,0.0,aligned,available,40,-0.0019415072858632865,-0.7253169407952109,0.471
1,0.0,aligned,available,41,0.0076493428288241655,0.06541487117128612,0.471
1,0.0,aligned,available,42,-0.005432219507539969,0.0019025669294795117,0.471
1,0.0,aligned,available,43,0.00830125514710433,-0.0013103026141653258,0.471
1,0.0,aligned,available,44,-0.002678501066695871,-0.7456706706125954,0.471
1,0.0,aligned,available,45,-0.008986923928497925,-0.48776581431109406,0.471
1,0.0,aligned,available,46,0.0012355635419227795,0.8146273944684864,0.471
1,0.0,aligned,available,47,-0.005380754422779403,0.05016825308031169,0.471
1,0.0,aligned,available,48,0.012023256351734608,-0.0023961459335136333,0.471
1,0.0,aligned,available,49,-0.006536259373839365,0.0036496875299447946,0.471
1,0.0,aligned,available,50,0.005028889523311819,0.6893782405549729,0.471
1,0.0,aligned,available,51,-0.0019081853306942564,-0.5952169581938189,0.471
1,0.0,aligned,available,52,0.009434510829785303,0.31250026328026026,0.471
1,0.0,aligned,available,53,-0.01751786966280877,0.5115482399973986,0.471
1,0.0,aligned,available,54,0.01155330740462679,-0.6694499670710761,0.471
1,0.0,aligned,available,55,-0.003148559661339534,-0.6820908192330699,0.471
1,0.0,aligned,available,56,-0.005727699680093318,0.08752427350293535,0.471
1,0.0,aligned,available,57,0.01979274546356117,-0.001205930452960614,0.471
1,0.0,aligned,available,58,-0.014859398264932771,0.0020223903668746654,0.471
1,0.0,aligned,available,59,0.007943010920642313,0.5413022394727477,0.471
1,0.0,aligned,available,60,-0.0012033503075080665,0.710266033036504,0.471
1,0.0,aligned,available,61,-0.0048088346462547005,-0.5842275856481817,0.471
1,0.0,aligned,available,62,-0.00691729269960184,-0.42362298786537056,0.471
1,0.0,aligned,available,63,0.0035256059697267306,-0.7608011385351923,0.471
1,0.0,aligned,available,64,-0.0021105462658980723,-0.41161094763801637,0.471
1,0.0,aligned,available,65,-0.0011601601951626295,0.5371826634957898,0.471
1,0.0,aligned,mi_obs,0,0.011773040699823791,-0.007838720754512108,0.471
1,0.0,aligned,mi_obs,1,-0.0005068773656918824,-0.8317899695032219,0.471
1,0.0,aligned,mi_obs,2,-0.010816693959454171,-0.5717261243518212,0.471
1,0.0,aligned,mi_obs,3,0.008018493238824087,-0.7613099734026002,0.471
1,0.0,aligned,mi_obs,4,-0.010966393149742015,0.8005876634549421,0.471
1,0.0,aligned,mi_obs,5,-0.015566786407255617,-0.8743145278329468,0.471
1,0.0,aligned,mi_obs,6,-0.009992791971378256,0.7472768699210013,0.471
1,0.0,aligned,mi_obs,7,-0.1423258205739335,-0.29198100068369115,0.471
1,0.0,aligned,mi_obs,8,-0.020953109223816768,-0.37470671573853737,0.471
1,0.0,aligned,mi_obs,9,0.009928381023125155,0.4905458282348482,0.471
1,0.0,aligned,mi_obs,10,0.00495182957821827,0.8719738255959147,0.471
1,0.0,aligned,mi_obs,11,-0.03521270222791193,0.00254490608154003,0.471
1,0.0,aligned,mi_obs,12,0.028103386032682434,0.0026176089706542935,0.471
1,0.0,aligned,mi_obs,13,-0.0037349204116800777,0.0055674940031011306,0.471
1,0.0,aligned,mi_obs,14,0.002011047061516601,-0.005302310332560077,0.471
1,0.0,aligned,mi_obs,15,-0.011068628124206694,0.004473873257232574,0.471
1,0.0,aligned,mi_obs,16,0.007852567357999524,0.0017403523479162211,0.471
1,0.0,aligned,mi_obs,17,-0.01014131297941297,0.0015095287042380015,0.471
1,0.0,aligned,mi_obs,18,0.003735750598616171,0.0025476918954121363,0.471
1,0.0,aligned,mi_obs,19,0.01386979252467722,-0.009107229866624926,0.471
1,0.0,aligned,mi_obs,20,0.010340951858567721,-0.014879611687949686,0.471
1,0.0,aligned,mi_obs,21,0.019316924334408125,0.6614195956185527,0.471
1,0.0,aligned,mi_obs,22,-0.011195982636814983,0.4109963529066069,0.471
1,0.0,aligned,mi_obs,23,0.014258961557279404,-0.46243782359174745,0.471
1,0.0,aligned,mi_obs,24,0.016678102919214566,0.9524826183800447,0.471
1,0.0,aligned,mi_obs,25,0.02021715790623224,-0.564456992995928,0.471
1,0.0,aligned,mi_obs,26,0.1066018524258289,0.2139437050195331,0.471
1,0.0,aligned,mi_obs,27,0.024031551182005673,0.4907373816645168,0.471
1,0.0,aligned,mi_obs,28,-0.005517444103018021,-0.6386935881930775,0.471
1,0.0,aligned,mi_obs,29,0.014403133081589914,-0.6470725088380198,0.471
1,0.0,aligned,mi_obs,30,-0.0003592520094443663,0.4104647473986626,0.471
1,0.0,aligned,mi_obs,31,-0.010421145438227919,-0.4610930876291623,0.471
1,0.0,aligned,mi_obs,32,0.020372024676729827,0.5974766216454562,0.471
1,0.0,aligned,mi_obs,33,-0.016869651318074275,-0.5657901987864276,0.471
1,0.0,aligned,mi_obs,34,0.09036685876502543,-0.45378426793538656,0.471
1,0.0,aligned,mi_obs,35,0.00519144797315263,-0.20725710483134796,0.471
1,0.0,aligned,mi_obs,36,-0.015259701743438575,-0.10940842818685544,0.471
1,0.0,aligned,mi_obs,37,0.004182837475361911,-0.3616562262597575,0.471
1,0.0,aligned,mi_obs,38,-0.011711968571917364,-0.922678679613304,0.471
1,0.0,aligned,mi_obs,39,0.002726001891808383,0.43534103724142037,0.471
1,0.0,aligned,mi_obs,40,-0.023630449160964684,-0.7253169407952109,0.471
1,0.0,aligned,mi_obs,41,0.09893063033275594,0.06541487117128612,0.471
1,0.0,aligned,mi_obs,42,-0.004986848252637141,0.0019025669294795117,0.471
1,0.0,aligned,mi_obs,43,0.026927005404607407,-0.0013103026141653258,0.471
1,0.0,aligned,mi_obs,44,0.0015322493775162815,-0.7456706706125954,0.471
1,0.0,aligned,mi_obs,45,-0.00584691274539656,-0.48776581431109406,0.471
1,0.0,aligned,mi_obs,46,0.026679559199722203,0.8146273944684864,0.471
1,0.0,aligned,mi_obs,47,-0.11165043816237295,0.05016825308031169,0.471
1,0.0,aligned,mi_obs,48,0.024250689353610137,-0.0023961459335136333,0.471
1,0.0,aligned,mi_obs,49,-0.03807716258812113,0.0036496875299447946,0.471
1,0.0,aligned,mi_obs,50,-0.013406485414103164,0.6893782405549729,0.471
1,0.0,aligned,mi_obs,51,0.018395841038453042,-0.5952169581938189,0.471
1,0.0,aligned,mi_obs,52,0.11477571258497232,0.31250026328026026,0.471
1,0.0,aligned,mi_obs,53,0.016045592662639385,0.5115482399973986,0.471
1,0.0,aligned,mi_obs,54,-0.008384310197239953,-0.6694499670710761,0.471
1,0.0,aligned,mi_obs,55,-0.00885664272030684,-0.6820908192330699,0.471
1,0.0,aligned,mi_obs,56,-0.07154128507558813,0.08752427350293535,0.471
1,0.0,aligned,mi_obs,57,0.003308119941710396,-0.001205930452960614,0.471
1,0.0,aligned,mi_obs,58,-0.06366943806596248,0.0020223903668746654,0.471
1,0.0,aligned,mi_obs,59,-0.026184472859249075,0.5413022394727477,0.471
1,0.0,aligned,mi_obs,60,0.08033297689352303,0.710266033036504,0.471
1,0.0,aligned,mi_obs,61,-0.08975046629578676,-0.5842275856481817,0.471
1,0.0,aligned,mi_obs,62,-0.14380478568914667,-0.42362298786537056,0.471
1,0.0,aligned,mi_obs,63,-0.04465728611152475,-0.7608011385351923,0.471
1,0.0,aligned,mi_obs,64,-0.01858332375567051,-0.41161094763801637,0.471
1,0.0,aligned,mi_obs,65,0.01388580088212088,0.5371826634957898,0.471
1,0.0,aligned,mi_class,0,-0.03444653499576568,-0.007838720754512108,0.471
1,0.0,aligned,mi_class,1,0.11332904257990528,-0.8317899695032219,0.471
1,0.0,aligned,mi_class,2,-0.008692433910587716,-0.5717261243518212,0.471
1,0.0,aligned,mi_class,3,0.1268732935089254,-0.7613099734026002,0.471
1,0.0,aligned,mi_class,4,-0.11441422795512568,0.8005876634549421,0.471
1,0.0,aligned,mi_class,5,0.10794613264895148,-0.8743145278329468,0.471
1,0.0,aligned,mi_class,6,-0.0986741703251025,0.7472768699210013,0.471
1,0.0,aligned,mi_class,7,-0.029860365466715166,-0.29198100068369115,0.471
1,0.0,aligned,mi_class,8,-0.04367510587808282,-0.37470671573853737,0.471
1,0.0,aligned,mi_class,9,-0.4360145887679605,0.4905458282348482,0.471
1,0.0,aligned,mi_class,10,0.006903739040431955,0.8719738255959147,0.471
1,0.0,aligned,mi_class,11,-0.0020509071539027233,0.00254490608154003,0.471
1,0.0,aligned,mi_class,12,0.030814086524480047,0.0026176089706542935,0.471
1,0.0,aligned,mi_class,13,0.07178188421184674,0.0055674940031011306,0.471
1,0.0,aligned,mi_class,14,-0.0349851417067685,-0.005302310332560077,0.471
1,0.0,aligned,mi_class,15,0.038898377618280564,0.004473873257232574,0.471
1,0.0,aligned,mi_class,16,-0.043866051557719735,0.0017403523479162211,0.471
1,0.0,aligned,mi_class,17,0.03019430178937525,0.0015095287042380015,0.471
1,0.0,aligned,mi_class,18,-0.005357159546160289,0.0025476918954121363,0.471
1,0.0,aligned,mi_class,19,0.007997954505925938,-0.009107229866624926,0.471
1,0.0,aligned,mi_class,20,-0.07959825249443334,-0.014879611687949686,0.471
1,0.0,aligned,mi_class,21,-0.14015746793965767,0.6614195956185527,0.471
1,0.0,aligned,mi_class,22,-0.09975549773153625,0.4109963529066069,0.471
1,0.0,aligned,mi_class,23,0.1516810591554671,-0.46243782359174745,0.471
1,0.0,aligned,mi_class,24,-0.3891784644915124,0.9524826183800447,0.471
1,0.0,aligned,mi_class,25,0.14281708717544866,-0.564456992995928,0.471
1,0.0,aligned,mi_class,26,-0.01516357854412495,0.2139437050195331,0.471
1,0.0,aligned,mi_class,27,-0.03707206811493513,0.4907373816645168,0.471
1,0.0,aligned,mi_class,28,0.5945275986550742,-0.6386935881930775,0.471
1,0.0,aligned,mi_class,29,0.07082685601738192,-0.6470725088380198,0.471
1,0.0,aligned,mi_class,30,-0.05103818947988137,0.4104647473986626,0.471
1,0.0,aligned,mi_class,31,0.07274858655913036,-0.4610930876291623,0.471
1,0.0,aligned,mi_class,32,-0.038135225733258116,0.5974766216454562,0.471
1,0.0,aligned,mi_class,33,0.08843067628095386,-0.5657901987864276,0.471
1,0.0,aligned,mi_class,34,0.09588945723723802,-0.45378426793538656,0.471
1,0.0,aligned,mi_class,35,0.061284496413986894,-0.20725710483134796,0.471
1,0.0,aligned,mi_class,36,0.08771999046511059,-0.10940842818685544,0.471
1,0.0,aligned,mi_class,37,-0.0195479973981858,-0.3616562262597575,0.471
1,0.0,aligned,mi_class,38,0.20788936374194777,-0.922678679613304,0.471
1,0.0,aligned,mi_class,39,0.0448735059106285,0.43534103724142037,0.471
1,0.0,aligned,mi_class,40,0.21908411419439333,-0.7253169407952109,0.471
1,0.0,aligned,mi_class,41,-0.008781413412966808,0.06541487117128612,0.471
1,0.0,aligned,mi_class,42,0.08082741231148036,0.0019025669294795117,0.471
1,0.0,aligned,mi_class,43,-0.01387185893002749,-0.0013103026141653258,0.471
1,0.0,aligned,mi_class,44,0.13754606297375438,-0.7456706706125954,0.471
1,0.0,aligned,mi_class,45,0.03860718255571133,-0.48776581431109406,0.471
1,0.0,aligned,mi_class,46,-0.16182225671475792,0.8146273944684864,0.471
1,0.0,aligned,mi_class,47,-0.04809767701578503,0.05016825308031169,0.471
1,0.0,aligned,mi_class,48,0.006542452176485785,-0.0023961459335136333,0.471
1,0.0,aligned,mi_class,49,0.023580157239284937,0.0036496875299447946,0.471
1,0.0,aligned,mi_class,50,-0.10955189956920419,0.6893782405549729,0.471
1,0.0,aligned,mi_class,51,0.06530965246466036,-0.5952169581938189,0.471
1,0.0,aligned,mi_class,52,-0.028301150947137033,0.31250026328026026,0.471
1,0.0,aligned,mi_class,53,-0.04823648211677378,0.5115482399973986,0.471
1,0.0,aligned,mi_class,54,0.6021214776668085,-0.6694499670710761,0.471
1,0.0,aligned,mi_class,55,0.06883879032099482,-0.6820908192330699,0.471
1,0.0,aligned,mi_class,56,-0.07703327672502941,0.08752427350293535,0.471
1,0.0,aligned,mi_class,57,-0.033909965914255547,-0.001205930452960614,0.471
1,0.0,aligned,mi_class,58,-0.36607484489217557,0.0020223903668746654,0.471
1,0.0,aligned,mi_class,59,-0.04203846240495923,0.5413022394727477,0.471
1,0.0,aligned,mi_class,60,-0.04679878899816936,0.710266033036504,0.471
1,0.0,aligned,mi_class,61,0.5321535811550775,-0.5842275856481817,0.471
1,0.0,aligned,mi_class,62,-0.0011612180202481004,-0.42362298786537056,0.471
1,0.0,aligned,mi_class,63,0.6393873681655209,-0.7608011385351923,0.471
1,0.0,aligned,mi_class,64,-0.05673641181771344,-0.41161094763801637,0.471
1,0.0,aligned,mi_class,65,-0.4771739157237758,0.5371826634957898,0.471
1,0.0,aligned,mi_site,0,0.006822015705952333,-0.007838720754512108,0.471
1,0.0,aligned,mi_site,1,0.1012780605876179,-0.8317899695032219,0.471
1,0.0,aligned,mi_site,2,0.11631815664216627,-0.5717261243518212,0.471
1,0.0,aligned,mi_site,3,0.0731497518525348,-0.7613099734026002,0.471
1,0.0,aligned,mi_site,4,-0.04050606855778638,0.8005876634549421,0.471
1,0.0,aligned,mi_site,5,0.06582012346297694,-0.8743145278329468,0.471
1,0.0,aligned,mi_site,6,-0.048398766763597556,0.7472768699210013,0.471
1,0.0,aligned,mi_site,7,-0.03650785216088254,-0.29198100068369115,0.471
1,0.0,aligned,mi_site,8,0.015906002235834438,-0.37470671573853737,0.471
1,0.0,aligned,mi_site,9,-0.03801794938009251,0.4905458282348482,0.471
1,0.0,aligned,mi_site,10,-0.07000137699687037,0.8719738255959147,0.471
1,0.0,aligned,mi_site,11,-0.024390579749880355,0.00254490608154003,0.471
1,0.0,aligned,mi_site,12,0.008642019837567868,0.0026176089706542935,0.471
1,0.0,aligned,mi_site,13,-0.008091811614781732,0.0055674940031011306,0.471
1,0.0,aligned,mi_site,14,0.0032381224499337183,-0.005302310332560077,0.471
1,0.0,aligned,mi_site,15,-0.00847348967111667,0.004473873257232574,0.471
1,0.0,aligned,mi_site,16,0.003164552566952411,0.0017403523479162211,0.471
1,0.0,aligned,mi_site,17,-0.0018405752895988676,0.0015095287042380015,0.471
1,0.0,aligned,mi_site,18,-0.0021153739231861836,0.0025476918954121363,0.471
1,0.0,aligned,mi_site,19,0.010379965151621293,-0.009107229866624926,0.471
1,0.0,aligned,mi_site,20,0.007723721767761179,-0.014879611687949686,0.471
1,0.0,aligned,mi_site,21,-0.04132256970769277,0.6614195956185527,0.471
1,0.0,aligned,mi_site,22,-0.026690916772267093,0.4109963529066069,0.471
1,0.0,aligned,mi_site,23,0.004017647864732465,-0.46243782359174745,0.471
1,0.0,aligned,mi_site,24,-0.01622826590386839,0.9524826183800447,0.471
1,0.0,aligned,mi_site,25,0.00046016496599310397,-0.564456992995928,0.471
1,0.0,aligned,mi_site,26,0.046969156453347066,0.2139437050195331,0.471
1,0.0,aligned,mi_site,27,-0.0036839287524587094,0.4907373816645168,0.471
1,0.0,aligned,mi_site,28,0.02205818608154142,-0.6386935881930775,0.471
1,0.0,aligned,mi_site,29,0.05224274781148042,-0.6470725088380198,0.471
1,0.0,aligned,mi_site,30,-0.051775277115091944,0.4104647473986626,0.471
1,0.0,aligned,mi_site,31,0.0648036401082816,-0.4610930876291623,0.471
1,0.0,aligned,mi_site,32,-0.0587478251732515,0.5974766216454562,0.471
1,0.0,aligned,mi_site,33,0.0408480065637572,-0.5657901987864276,0.471
1,0.0,aligned,mi_site,34,0.08891780383723746,-0.45378426793538656,0.471
1,0.0,aligned,mi_site,35,0.024669548707826533,-0.20725710483134796,0.471
1,0.0,aligned,mi_site,36,0.005338892585065758,-0.10940842818685544,0.471
1,0.0,aligned,mi_site,37,0.054825533185085484,-0.3616562262597575,0.471
1,0.0,aligned,mi_site,38,0.03391188383487809,-0.922678679613304,0.471
1,0.0,aligned,mi_site,39,0.005956965317951368,0.43534103724142037,0.471
1,0.0,aligned,mi_site,40,-0.009837562832830993,-0.7253169407952109,0.471
1,0.0,aligned,mi_site,41,0.058178665428253576,0.06541487117128612,0.471
1,0.0,aligned,mi_site,42,0.011981309714491954,0.0019025669294795117,0.471
1,0.0,aligned,mi_site,43,0.012161634974824804,-0.0013103026141653258,0.471
1,0.0,aligned,mi_site,44,0.022810976516333348,-0.7456706706125954,0.471
1,0.0,aligned,mi_site,45,-0.03059722700982609,-0.48776581431109406,0.471
1,0.0,aligned,mi_site,46,0.018233792290189843,0.8146273944684864,0.471
1,0.0,aligned,mi_site,47,-0.08015206225388476,0.05016825308031169,0.471
1,0.0,aligned,mi_site,48,-0.020356291325033252,-0.0023961459335136333,0.471
1,0.0,aligned,mi_site,49,0.0024480745312892567,0.0036496875299447946,0.471
1,0.0,aligned,mi_site,50,-0.022189707120603974,0.6893782405549729,0.471
1,0.0,aligned,mi_site,51,-0.019084931352322143,-0.5952169581938189,0.471
1,0.0,aligned,mi_site,52,0.04898748619362908,0.31250026328026026,0.471
1,0.0,aligned,mi_site,53,0.019414676671683062,0.5115482399973986,0.471
1,0.0,aligned,mi_site,54,0.005109977543361954,-0.6694499670710761,0.471
1,0.0,aligned,mi_site,55,0.00821425523516861,-0.6820908192330699,0.471
1,0.0,aligned,mi_site,56,-0.03838284362029661,0.08752427350293535,0.471
1,0.0,aligned,mi_site,57,-0.01824233624046576,-0.001205930452960614,0.471
1,0.0,aligned,mi_site,58,-0.024463850619831643,0.0020223903668746654,0.471
1,0.0,aligned,mi_site,59,-0.011026249705686442,0.5413022394727477,0.471
1,0.0,aligned,mi_site,60,0.06898011030157092,0.710266033036504,0.471
1,0.0,aligned,mi_site,61,-0.046723336090331524,-0.5842275856481817,0.471
1,0.0,aligned,mi_site,62,-0.06298923583195021,-0.42362298786537056,0.471
1,0.0,aligned,mi_site,63,-0.026769610985827308,-0.7608011385351923,0.471
1,0.0,aligned,mi_site,64,-0.009320424060180188,-0.41161094763801637,0.471
1,0.0,aligned,mi_site,65,-0.0038254737074266965,0.5371826634957898,0.471
1,0.0,closed,available,0,0.009271228297522645,-0.007838720754512108,0.471
1,0.0,closed,available,1,0.0016270842762873272,-0.8317899695032219,0.471
1,0.0,closed,available,2,-0.007791267115708322,-0.5717261243518212,0.471
1,0.0,closed,available,3,0.0013260919565730722,-0.7613099734026002,0.471
1,0.0,closed,available,4,0.001591215787426603,0.8005876634549421,0.471
1,0.0,closed,available,5,-0.0027575169384799203,-0.8743145278329468,0.471
1,0.0,closed,available,6,-0.0034495009266725107,0.7472768699210013,0.471
1,0.0,closed,available,7,-0.011173919286774636,-0.29198100068369115,0.471
1,0.0,closed,available,8,0.002605552364224606,-0.37470671573853737,0.471
1,0.0,closed,available,9,0.008250425927091909,0.4905458282348482,0.471
1,0.0,closed,available,10,0.0005577118448412133,0.8719738255959147,0.471
1,0.0,closed,available,11,-0.006538877262444218,0.00254490608154003,0.471
1,0.0,closed,available,12,-0.003957840066080504,0.0026176089706542935,0.471
1,0.0,closed,available,13,-0.006106650487529216,0.0055674940031011306,0.471
1,0.0,closed,available,14,-0.0037665046588787063,-0.005302310332560077,0.471
1,0.0,closed,available,15,-0.0034554340592391633,0.004473873257232574,0.471
1,0.0,closed,available,16,0.001774627895904348,0.0017403523479162211,0.471
1,0.0,closed,available,17,0.0031275528877083873,0.0015095287042380015,0.471
1,0.0,closed,available,18,0.013610874580378502,0.0025476918954121363,0.471
1,0.0,closed,available,19,0.0045644465403667685,-0.009107229866624926,0.471
1,0.0,closed,available,20,0.0057844820244707575,-0.014879611687949686,0.471
1,0.0,closed,available,21,-0.0003336618247866685,0.6614195956185527,0.471
1,0.0,closed,available,22,-0.02626080814355386,0.4109963529066069,0.471
1,0.0,closed,available,23,0.01835816360340803,-0.46243782359174745,0.471
1,0.0,closed,available,24,0.0018282904476194517,0.9524826183800447,0.471
1,0.0,closed,available,25,0.013364844285964073,-0.564456992995928,0.471
1,0.0,closed,available,26,0.007448968375420584,0.2139437050195331,0.471
1,0.0,closed,available,27,0.001834530942470769,0.4907373816645168,0.471
1,0.0,closed,available,28,-0.003607204256675489,-0.6386935881930775,0.471
1,0.0,closed,available,29,0.009586105239673959,-0.6470725088380198,0.471
1,0.0,closed,available,30,-0.011687407065253064,0.4104647473986626,0.471
1,0.0,closed,available,31,0.00507621516763701,-0.4610930876291623,0.471
1,0.0,closed,available,32,-0.011542390578436312,0.5974766216454562,0.471
1,0.0,closed,available,33,0.00045439988055673286,-0.5657901987864276,0.471
1,0.0,closed,available,34,0.00042307801495006236,-0.45378426793538656,0.471
1,0.0,closed,available,35,-0.01892101121692616,-0.20725710483134796,0.471
1,0.0,closed,available,36,-0.004261049420868648,-0.10940842818685544,0.471
1,0.0,closed,available,37,-0.008104856810457639,-0.3616562262597575,0.471
1,0.0,closed,available,38,-0.0006992677343063969,-0.922678679613304,0.471
1,0.0,closed,available,39,-0.007348385415503256,0.43534103724142037,0.471
1,0.0,closed,available,40,0.005179669022685296,-0.7253169407952109,0.471
1,0.0,closed,available,41,0.01703419484243608,0.06541487117128612,0.471
1,0.0,closed,available,42,0.022038589140153643,0.0019025669294795117,0.471
1,0.0,closed,available,43,-0.022318989942246143,-0.0013103026141653258,0.471
1,0.0,closed,available,44,0.00079922948143063,-0.7456706706125954,0.471
1,0.0,closed,available,45,0.0030247643161958604,-0.48776581431109406,0.471
1,0.0,closed,available,46,-0.003934219121262794,0.8146273944684864,0.471
1,0.0,closed,available,47,-0.006852865507205361,0.05016825308031169,0.471
1,0.0,closed,available,48,-0.009016593488171847,-0.0023961459335136333,0.471
1,0.0,closed,available,49,0.012454834623590306,0.0036496875299447946,0.471
1,0.0,closed,available,50,0.0007407761196375207,0.6893782405549729,0.471
1,0.0,closed,available,51,0.005309964106922749,-0.5952169581938189,0.471
1,0.0,closed,available,52,0.00557618756215883,0.31250026328026026,0.471
1,0.0,closed,available,53,0.013558740485561716,0.5115482399973986,0.471
1,0.0,closed,available,54,-0.013271822566478186,-0.6694499670710761,0.471
1,0.0,closed,available,55,0.003395007465436861,-0.6820908192330699,0.471
1,0.0,closed,available,56,-0.004416555549922263,0.08752427350293535,0.471
1,0.0,closed,available,57,0.0029427830504229436,-0.001205930452960614,0.471
1,0.0,closed,available,58,0.011647202033494524,0.0020223903668746654,0.471
1,0.0,closed,available,59,-0.0029925553282815764,0.5413022394727477,0.471
1,0.0,closed,available,60,0.0019274404685265534,0.710266033036504,0.471
1,0.0,closed,available,61,-0.0007560357490614678,-0.5842275856481817,0.471
1,0.0,closed,available,62,-0.010305548633617323,-0.42362298786537056,0.471
1,0.0,closed,available,63,-0.004940766425344578,-0.7608011385351923,0.471
1,0.0,closed,available,64,0.0020744740374689097,-0.41161094763801637,0.471
1,0.0,closed,available,65,0.00736446683452463,0.5371826634957898,0.471
1,0.0,closed,mi_obs,0,0.005752655762024214,-0.007838720754512108,0.471
1,0.0,closed,mi_obs,1,-0.0013394570163743902,-0.8317899695032219,0.471
1,0.0,closed,mi_obs,2,0.0004005969183098479,-0.5717261243518212,0.471
1,0.0,closed,mi_obs,3,0.0072975365574973194,-0.7613099734026002,0.471
1,0.0,closed,mi_obs,4,-0.010355447161919829,0.8005876634549421,0.471
1,0.0,closed,mi_obs,5,-0.014350410366871458,-0.8743145278329468,0.471
1,0.0,closed,mi_obs,6,-0.003987867997912176,0.7472768699210013,0.471
1,0.0,closed,mi_obs,7,-0.13827360922791654,-0.29198100068369115,0.471
1,0.0,closed,mi_obs,8,-0.017065203299287623,-0.37470671573853737,0.471
1,0.0,closed,mi_obs,9,0.019190933365167362,0.4905458282348482,0.471
1,0.0,closed,mi_obs,10,0.005954288170863631,0.8719738255959147,0.471
1,0.0,closed,mi_obs,11,-0.0006339132491349924,0.00254490608154003,0.471
1,0.0,closed,mi_obs,12,-0.007474981869206361,0.0026176089706542935,0.471
1,0.0,closed,mi_obs,13,-9.354106588773965e-05,0.0055674940031011306,0.471
1,0.0,closed,mi_obs,14,0.001568662174420101,-0.005302310332560077,0.471
1,0.0,closed,mi_obs,15,-0.0033203392043797053,0.004473873257232574,0.471
1,0.0,closed,mi_obs,16,0.0006317784391256195,0.0017403523479162211,0.471
1,0.0,closed,mi_obs,17,0.0018983674483437536,0.0015095287042380015,0.471
1,0.0,closed,mi_obs,18,0.007561551234483635,0.0025476918954121363,0.471
1,0.0,closed,mi_obs,19,0.003634706191536767,-0.009107229866624926,0.471
1,0.0,closed,mi_obs,20,0.006082671302948536,-0.014879611687949686,0.471
1,0.0,closed,mi_obs,21,0.006680160823845704,0.6614195956185527,0.471
1,0.0,closed,mi_obs,22,-0.010584954187789486,0.4109963529066069,0.471
1,0.0,closed,mi_obs,23,0.017176957601276854,-0.46243782359174745,0.471
1,0.0,closed,mi_obs,24,0.01985337399751197,0.9524826183800447,0.471
1,0.0,closed,mi_obs,25,0.021637657837024538,-0.564456992995928,0.471
1,0.0,closed,mi_obs,26,0.11067372024825148,0.2139437050195331,0.471
1,0.0,closed,mi_obs,27,0.024822045914797475,0.4907373816645168,0.471
1,0.0,closed,mi_obs,28,-0.01672069179922775,-0.6386935881930775,0.471
1,0.0,closed,mi_obs,29,0.011692048216116802,-0.6470725088380198,0.471
1,0.0,closed,mi_obs,30,-0.0006445623809104295,0.4104647473986626,0.471
1,0.0,closed,mi_obs,31,-0.003905929433569433,-0.4610930876291623,0.471
1,0.0,closed,mi_obs,32,0.0062431263206638166,0.5974766216454562,0.471
1,0.0,closed,mi_obs,33,-0.01424908325686991,-0.5657901987864276,0.471
1,0.0,closed,mi_obs,34,0.07389287407545764,-0.45378426793538656,0.471
1,0.0,closed,mi_obs,35,-0.01267869269933164,-0.20725710483134796,0.471
1,0.0,closed,mi_obs,36,-0.019465909829437675,-0.10940842818685544,0.471
1,0.0,closed,mi_obs,37,0.005602414051901539,-0.3616562262597575,0.471
1,0.0,closed,mi_obs,38,-0.011359038035111735,-0.922678679613304,0.471
1,0.0,closed,mi_obs,39,0.003471695150721932,0.43534103724142037,0.471
1,0.0,closed,mi_obs,40,-0.020919888415599996,-0.7253169407952109,0.471
1,0.0,closed,mi_obs,41,0.10009971674547653,0.06541487117128612,0.471
1,0.0,closed,mi_obs,42,-0.0009411818676926776,0.0019025669294795117,0.471
1,0.0,closed,mi_obs,43,0.008367397539746645,-0.0013103026141653258,0.471
1,0.0,closed,mi_obs,44,-0.0010893628858290594,-0.7456706706125954,0.471
1,0.0,closed,mi_obs,45,-0.006156404556397266,-0.48776581431109406,0.471
1,0.0,closed,mi_obs,46,0.02480466583228691,0.8146273944684864,0.471
1,0.0,closed,mi_obs,47,-0.11295705477287779,0.05016825308031169,0.471
1,0.0,closed,mi_obs,48,0.023353741264678637,-0.0023961459335136333,0.471
1,0.0,closed,mi_obs,49,-0.022791537852009342,0.0036496875299447946,0.471
1,0.0,closed,mi_obs,50,-0.011779162712614144,0.6893782405549729,0.471
1,0.0,closed,mi_obs,51,0.013238548634959768,-0.5952169581938189,0.471
1,0.0,closed,mi_obs,52,0.11161189436761948,0.31250026328026026,0.471
1,0.0,closed,mi_obs,53,0.02261547332005498,0.5115482399973986,0.471
1,0.0,closed,mi_obs,54,-0.013034112935985775,-0.6694499670710761,0.471
1,0.0,closed,mi_obs,55,-0.008455221032884763,-0.6820908192330699,0.471
1,0.0,closed,mi_obs,56,-0.07913771635541013,0.08752427350293535,0.471
1,0.0,closed,mi_obs,57,-0.005295474448381347,-0.001205930452960614,0.471
1,0.0,closed,mi_obs,58,-0.044280820293697135,0.0020223903668746654,0.471
1,0.0,closed,mi_obs,59,-0.01983598882261106,0.5413022394727477,0.471
1,0.0,closed,mi_obs,60,0.07758921006357511,0.710266033036504,0.471
1,0.0,closed,mi_obs,61,-0.07703302329389827,-0.5842275856481817,0.471
1,0.0,closed,mi_obs,62,-0.13709727902475866,-0.42362298786537056,0.471
1,0.0,closed,mi_obs,63,-0.04263524664430296,-0.7608011385351923,0.471
1,0.0,closed,mi_obs,64,-0.0047654297713918825,-0.41161094763801637,0.471
1,0.0,closed,mi_obs,65,0.02219749977812069,0.5371826634957898,0.471
1,0.0,closed,mi_class,0,0.16272591041919887,-0.007838720754512108,0.471
1,0.0,closed,mi_class,1,0.6794220054578834,-0.8317899695032219,0.471
1,0.0,closed,mi_class,2,0.46420522208983556,-0.5717261243518212,0.471
1,0.0,closed,mi_class,3,0.6341433792396753,-0.7613099734026002,0.471
1,0.0,closed,mi_class,4,-0.6534652275459966,0.8005876634549421,0.471
1,0.0,closed,mi_class,5,0.7396335035964142,-0.8743145278329468,0.471
1,0.0,closed,mi_class,6,-0.6081683646868509,0.7472768699210013,0.471
1,0.0,closed,mi_class,7,0.2431906297405412,-0.29198100068369115,0.471
1,0.0,closed,mi_class,8,0.34323862753130285,-0.37470671573853737,0.471
1,0.0,closed,mi_class,9,-0.4531360247397636,0.4905458282348482,0.471
1,0.0,closed,mi_class,10,-0.6702475885955139,0.8719738255959147,0.471
1,0.0,closed,mi_class,11,0.012962213506759622,0.00254490608154003,0.471
1,0.0,closed,mi_class,12,-0.00855518617600455,0.0026176089706542935,0.471
1,0.0,closed,mi_class,13,-0.026852348162381308,0.0055674940031011306,0.471
1,0.0,closed,mi_class,14,0.0014085949724788847,-0.005302310332560077,0.471
1,0.0,closed,mi_class,15,-0.015347397518629995,0.004473873257232574,0.471
1,0.0,closed,mi_class,16,-0.0020248147602661545,0.0017403523479162211,0.471
1,0.0,closed,mi_class,17,-0.029860601467057706,0.0015095287042380015,0.471
1,0.0,closed,mi_class,18,0.0019134780503771622,0.0025476918954121363,0.471
1,0.0,closed,mi_class,19,0.03562849147197007,-0.009107229866624926,0.471
1,0.0,closed,mi_class,20,0.02822946363399695,-0.014879611687949686,0.471
1,0.0,closed,mi_class,21,-0.17098473625854704,0.6614195956185527,0.471
1,0.0,closed,mi_class,22,-0.19120185729760014,0.4109963529066069,0.471
1,0.0,closed,mi_class,23,0.13820507507479357,-0.46243782359174745,0.471
1,0.0,closed,mi_class,24,-0.47666641249484754,0.9524826183800447,0.471
1,0.0,closed,mi_class,25,0.15897285358417856,-0.564456992995928,0.471
1,0.0,closed,mi_class,26,-0.10743110113953425,0.2139437050195331,0.471
1,0.0,closed,mi_class,27,-0.30938054544750226,0.4907373816645168,0.471
1,0.0,closed,mi_class,28,0.5197696663481404,-0.6386935881930775,0.471
1,0.0,closed,mi_class,29,0.06634789404392571,-0.6470725088380198,0.471
1,0.0,closed,mi_class,30,-0.07816369728606692,0.4104647473986626,0.471
1,0.0,closed,mi_class,31,0.10449438531234273,-0.4610930876291623,0.471
1,0.0,closed,mi_class,32,-8.709087976410679e-05,0.5974766216454562,0.471
1,0.0,closed,mi_class,33,0.14431512512935063,-0.5657901987864276,0.471
1,0.0,closed,mi_class,34,0.11037114329110792,-0.45378426793538656,0.471
1,0.0,closed,mi_class,35,0.43835159045359207,-0.20725710483134796,0.471
1,0.0,closed,mi_class,36,0.03820262957368607,-0.10940842818685544,0.471
1,0.0,closed,mi_class,37,0.012645337835463843,-0.3616562262597575,0.471
1,0.0,closed,mi_class,38,0.11481247369777825,-0.922678679613304,0.471
1,0.0,closed,mi_class,39,-0.06350730840396573,0.43534103724142037,0.471
1,0.0,closed,mi_class,40,0.19711996445485247,-0.7253169407952109,0.471
1,0.0,closed,mi_class,41,-0.005704794572990765,0.06541487117128612,0.471
1,0.0,closed,mi_class,42,0.017360297618729686,0.0019025669294795117,0.471
1,0.0,closed,mi_class,43,-0.010525113129526737,-0.0013103026141653258,0.471
1,0.0,closed,mi_class,44,0.174105597191343,-0.7456706706125954,0.471
1,0.0,closed,mi_class,45,0.07585093880272026,-0.48776581431109406,0.471
1,0.0,closed,mi_class,46,-0.24860270336116108,0.8146273944684864,0.471
1,0.0,closed,mi_class,47,-0.0061972973590969024,0.05016825308031169,0.471
1,0.0,closed,mi_class,48,-0.004580190136055449,-0.0023961459335136333,0.471
1,0.0,closed,mi_class,49,0.019956860394159368,0.0036496875299447946,0.471
1,0.0,closed,mi_class,50,-0.08586830340960094,0.6893782405549729,0.471
1,0.0,closed,mi_class,51,0.20962116319054486,-0.5952169581938189,0.471
1,0.0,closed,mi_class,52,-0.06703000397742476,0.31250026328026026,0.471
1,0.0,closed,mi_class,53,0.06395429434765787,0.5115482399973986,0.471
1,0.0,closed,mi_class,54,0.46764246821771827,-0.6694499670710761,0.471
1,0.0,closed,mi_class,55,0.18612010620578556,-0.6820908192330699,0.471
1,0.0,closed,mi_class,56,-0.031970511724502416,0.08752427350293535,0.471
1,0.0,closed,mi_class,57,0.049159699941151054,-0.001205930452960614,0.471
1,0.0,closed,mi_class,58,0.02051948922512858,0.0020223903668746654,0.471
1,0.0,closed,mi_class,59,-0.03860977365960838,0.5413022394727477,0.471
1,0.0,closed,mi_class,60,-0.47046904868044315,0.710266033036504,0.471
1,0.0,closed,mi_class,61,0.42391159196372963,-0.5842275856481817,0.471
1,0.0,closed,mi_class,62,0.09213712347899694,-0.42362298786537056,0.471
1,0.0,closed,mi_class,63,0.591162823722729,-0.7608011385351923,0.471
1,0.0,closed,mi_class,64,0.2448105430975907,-0.41161094763801637,0.471
1,0.0,closed,mi_class,65,-0.33854490595549497,0.5371826634957898,0.471
1,0.0,closed,mi_site,0,0.0036459186748325602,-0.007838720754512108,0.471
1,0.0,closed,mi_site,1,-0.00013591252946076882,-0.8317899695032219,0.471
1,0.0,closed,mi_site,2,0.01176943224671878,-0.5717261243518212,0.471
1,0.0,closed,mi_site,3,0.004760980624605393,-0.7613099734026002,0.471
1,0.0,closed,mi_site,4,-0.011565707564742178,0.8005876634549421,0.471
1,0.0,closed,mi_site,5,-0.015223156344208011,-0.8743145278329468,0.471
1,0.0,closed,mi_site,6,-0.005365846771613114,0.7472768699210013,0.471
1,0.0,closed,mi_site,7,-0.13709250428535902,-0.29198100068369115,0.471
1,0.0,closed,mi_site,8,-0.015398735153615672,-0.37470671573853737,0.471
1,0.0,closed,mi_site,9,0.018021160242739864,0.4905458282348482,0.471
1,0.0,closed,mi_site,10,0.005739941062157139,0.8719738255959147,0.471
1,0.0,closed,mi_site,11,0.00296253779788924,0.00254490608154003,0.471
1,0.0,closed,mi_site,12,-0.022186542298290948,0.0026176089706542935,0.471
1,0.0,closed,mi_site,13,0.012995067044131774,0.0055674940031011306,0.471
1,0.0,closed,mi_site,14,-0.007814331459074304,-0.005302310332560077,0.471
1,0.0,closed,mi_site,15,-0.007198726345016847,0.004473873257232574,0.471
1,0.0,closed,mi_site,16,-0.005147387940621876,0.0017403523479162211,0.471
1,0.0,closed,mi_site,17,0.0044919727978593406,0.0015095287042380015,0.471
1,0.0,closed,mi_site,18,0.003188286578751894,0.0025476918954121363,0.471
1,0.0,closed,mi_site,19,0.0030576772629447345,-0.009107229866624926,0.471
1,0.0,closed,mi_site,20,0.0019502392963521333,-0.014879611687949686,0.471
1,0.0,closed,mi_site,21,-0.00797925485695572,0.6614195956185527,0.471
1,0.0,closed,mi_site,22,-0.0076380713645955445,0.4109963529066069,0.471
1,0.0,closed,mi_site,23,0.016994152983037525,-0.46243782359174745,0.471
1,0.0,closed,mi_site,24,0.015353518514349407,0.9524826183800447,0.471
1,0.0,closed,mi_site,25,0.01610332303865536,-0.564456992995928,0.471
1,0.0,closed,mi_site,26,0.10445743835922891,0.2139437050195331,0.471
1,0.0,closed,mi_site,27,0.012498729086622473,0.4907373816645168,0.471
1,0.0,closed,mi_site,28,-0.013037476959372185,-0.6386935881930775,0.471
1,0.0,closed,mi_site,29,0.013487188218942237,-0.6470725088380198,0.471
1,0.0,closed,mi_site,30,-0.004007564374487516,0.4104647473986626,0.471
1,0.0,closed,mi_site,31,0.001501707136451369,-0.4610930876291623,0.471
1,0.0,closed,mi_site,32,-0.008361558959189774,0.5974766216454562,0.471
1,0.0,closed,mi_site,33,-0.010627219311062475,-0.5657901987864276,0.471
1,0.0,closed,mi_site,34,0.06648199940303429,-0.45378426793538656,0.471
1,0.0,closed,mi_site,35,-0.012131160106267885,-0.20725710483134796,0.471
1,0.0,closed,mi_site,36,-0.004873150885292443,-0.10940842818685544,0.471
1,0.0,closed,mi_site,37,0.013543050934003598,-0.3616562262597575,0.471
1,0.0,closed,mi_site,38,-0.0067930228718595664,-0.922678679613304,0.471
1,0.0,closed,mi_site,39,0.010625814030484959,0.43534103724142037,0.471
1,0.0,closed,mi_site,40,-0.015844461369797225,-0.7253169407952109,0.471
1,0.0,closed,mi_site,41,0.10543245588428148,0.06541487117128612,0.471
1,0.0,closed,mi_site,42,-0.010084638665036456,0.0019025669294795117,0.471
1,0.0,closed,mi_site,43,0.005751750035951555,-0.0013103026141653258,0.471
1,0.0,closed,mi_site,44,-0.001278839269527432,-0.7456706706125954,0.471
1,0.0,closed,mi_site,45,-0.008851445026683336,-0.48776581431109406,0.471
1,0.0,closed,mi_site,46,0.018038800018938428,0.8146273944684864,0.471
1,0.0,closed,mi_site,47,-0.11523414029555418,0.05016825308031169,0.471
1,0.0,closed,mi_site,48,0.01655917390983997,-0.0023961459335136333,0.471
1,0.0,closed,mi_site,49,-0.015908696498181468,0.0036496875299447946,0.471
1,0.0,closed,mi_site,50,-0.013820965160566523,0.6893782405549729,0.471
1,0.0,closed,mi_site,51,0.005186689707369574,-0.5952169581938189,0.471
1,0.0,closed,mi_site,52,0.10899152826712644,0.31250026328026026,0.471
1,0.0,closed,mi_site,53,0.016727861338966754,0.5115482399973986,0.471
1,0.0,closed,mi_site,54,-0.012698304094277635,-0.6694499670710761,0.471
1,0.0,closed,mi_site,55,-0.010121893950967631,-0.6820908192330699,0.471
1,0.0,closed,mi_site,56,-0.08396784880207815,0.08752427350293535,0.471
1,0.0,closed,mi_site,57,0.010001435033560348,-0.001205930452960614,0.471
1,0.0,closed,mi_site,58,-0.031880373633042434,0.0020223903668746654,0.471
1,0.0,closed,mi_site,59,-0.020507116374020917,0.5413022394727477,0.471
1,0.0,closed,mi_site,60,0.06502436116385901,0.710266033036504,0.471
1,0.0,closed,mi_site,61,-0.06786734394227267,-0.5842275856481817,0.471
1,0.0,closed,mi_site,62,-0.135877585785662,-0.42362298786537056,0.471
1,0.0,closed,mi_site,63,-0.033921078748230915,-0.7608011385351923,0.471
1,0.0,closed,mi_site,64,-0.0019428102334458353,-0.41161094763801637,0.471
1,0.0,closed,mi_site,65,0.018479239938039904,0.5371826634957898,0.471
1,1.0,aligned,available,0,-0.0010844511732535766,-0.009964360830270708,0.471
1,1.0,aligned,available,1,0.0031787612387137454,-0.8335555793750177,0.471
1,1.0,aligned,available,2,0.02292335782072419,-0.5758087932043958,0.471
1,1.0,aligned,available,3,-0.002519106058260223,-0.7608064470694771,0.471
1,1.0,aligned,available,4,0.0053152413288858336,0.799721472678436,0.471
1,1.0,aligned,available,5,-0.00144169464044841,-0.8752153371811822,0.471
1,1.0,aligned,available,6,0.0030704522588539396,0.7470447061508336,0.471
1,1.0,aligned,available,7,-0.003645611125587589,-0.291049177977678,0.471
1,1.0,aligned,available,8,0.009270405770575196,-0.3760686681755812,0.471
1,1.0,aligned,available,9,-0.001251145269899001,0.4899813661880374,0.471
1,1.0,aligned,available,10,0.0012040223920422033,0.8727632022931987,0.471
1,1.0,aligned,available,11,-0.022167664014081958,0.003974454103998873,0.471
1,1.0,aligned,available,12,0.0007344322754598035,0.006090977990276961,0.471
1,1.0,aligned,available,13,-0.0028611848695143313,0.008148663120909715,0.471
1,1.0,aligned,available,14,0.010327078297197291,-0.008937007592453068,0.471
1,1.0,aligned,available,15,-0.004848951410424362,0.005929475906962011,0.471
1,1.0,aligned,available,16,-0.0023220614107522203,-0.0032745321377982968,0.471
1,1.0,aligned,available,17,-0.014139451409456017,-0.0017002841621249053,0.471
1,1.0,aligned,available,18,-0.025037987577629657,-0.00016120040598135743,0.471
1,1.0,aligned,available,19,0.02149921341106789,-0.006445238805422338,0.471
1,1.0,aligned,available,20,0.00877683288115071,-0.015764884807350214,0.471
1,1.0,aligned,available,21,-0.0015480986952636222,0.6634086501177175,0.471
1,1.0,aligned,available,22,-0.02669156298446551,0.41156099277444746,0.471
1,1.0,aligned,available,23,0.005126942912519861,-0.4626823461663339,0.471
1,1.0,aligned,available,24,-0.0008318062459362618,0.9533829421868049,0.471
1,1.0,aligned,available,25,0.008042661069684431,-0.5622059598255476,0.471
1,1.0,aligned,available,26,0.006688976694690124,0.21679049717551596,0.471
1,1.0,aligned,available,27,-0.0016503117822930236,0.4931459143091278,0.471
1,1.0,aligned,available,28,0.005719092438797646,-0.6387407505533741,0.471
1,1.0,aligned,available,29,0.011898664402127834,-0.6502416708223819,0.471
1,1.0,aligned,available,30,-0.05764792006244529,0.4148731793590525,0.471
1,1.0,aligned,available,31,0.05259499761255454,-0.4656317076399759,0.471
1,1.0,aligned,available,32,-0.038408477526780005,0.6002723803379381,0.471
1,1.0,aligned,available,33,0.027330850625777003,-0.5686711204908745,0.471
1,1.0,aligned,available,34,-0.002148517594252053,-0.4507718582834396,0.471
1,1.0,aligned,available,35,-0.04979599438682908,-0.20367508528734884,0.471
1,1.0,aligned,available,36,0.023759599533366635,-0.10852066254808806,0.471
1,1.0,aligned,available,37,0.041707777695342674,-0.365014911528079,0.471
1,1.0,aligned,available,38,0.00019597865420117877,-0.9237177176424918,0.471
1,1.0,aligned,available,39,0.003816635212784192,0.43518206056226416,0.471
1,1.0,aligned,available,40,-0.0009179448136199531,-0.729638912140867,0.471
1,1.0,aligned,available,41,0.009883471394845363,0.060038228553334676,0.471
1,1.0,aligned,available,42,-0.005016337334415234,-0.000878098856272877,0.471
1,1.0,aligned,available,43,0.005520606273054789,0.0021684687671997237,0.471
1,1.0,aligned,available,44,-0.0019445203823604817,-0.7439292990123633,0.471
1,1.0,aligned,available,45,-0.008783872259037317,-0.4872074154978942,0.471
1,1.0,aligned,available,46,0.0006115886262835213,0.8183312503857452,0.471
1,1.0,aligned,available,47,-0.007066455088675996,0.054702043864364336,0.471
1,1.0,aligned,available,48,0.00958192411075081,0.0006698387680414242,0.471
1,1.0,aligned,available,49,-0.0043093170418911034,-0.00021930810851786584,0.471
1,1.0,aligned,available,50,0.00400731604291793,0.6880961470798562,0.471
1,1.0,aligned,available,51,-0.0016048521773461832,-0.5918530471114745,0.471
1,1.0,aligned,available,52,0.009722269979193898,0.3142339854707004,0.471
1,1.0,aligned,available,53,-0.017967930854314418,0.5139762477863543,0.471
1,1.0,aligned,available,54,0.008177511204003118,-0.6693142672528059,0.471
1,1.0,aligned,available,55,-0.0025156407559300265,-0.684750288358951,0.471
1,1.0,aligned,available,56,-0.0070941499137398695,0.09223386774133731,0.471
1,1.0,aligned,available,57,0.019522811968903594,0.0024274948243419225,0.471
1,1.0,aligned,available,58,-0.013484193841491824,-0.0025424606170300575,0.471
1,1.0,aligned,available,59,0.00656353805975074,0.5418396397512004,0.471
1,1.0,aligned,available,60,-0.0014407377698433255,0.7132590836190943,0.471
1,1.0,aligned,available,61,-0.005931023050290585,-0.5893851803072313,0.471
1,1.0,aligned,available,62,-0.008535975624290537,-0.4242144096896089,0.471
1,1.0,aligned,available,63,0.003553603271279515,-0.7646492218165033,0.471
1,1.0,aligned,available,64,-0.0018871600890171814,-0.4147214822941214,0.471
1,1.0,aligned,available,65,-0.0007667437905470864,0.5387041976596756,0.471
1,1.0,aligned,mi_obs,0,0.013485967785998965,-0.009964360830270708,0.471
1,1.0,aligned,mi_obs,1,0.00020587202887856204,-0.8335555793750177,0.471
1,1.0,aligned,mi_obs,2,-0.009916976554973367,-0.5758087932043958,0.471
1,1.0,aligned,mi_obs,3,0.008460126282412328,-0.7608064470694771,0.471
1,1.0,aligned,mi_obs,4,-0.011186456703728975,0.799721472678436,0.471
1,1.0,aligned,mi_obs,5,-0.015270267406183868,-0.8752153371811822,0.471
1,1.0,aligned,mi_obs,6,-0.009246008298551267,0.7470447061508336,0.471
1,1.0,aligned,mi_obs,7,-0.1412302141919145,-0.291049177977678,0.471
1,1.0,aligned,mi_obs,8,-0.018788641779545756,-0.3760686681755812,0.471
1,1.0,aligned,mi_obs,9,0.009612168503166985,0.4899813661880374,0.471
1,1.0,aligned,mi_obs,10,0.00497558256616526,0.8727632022931987,0.471
1,1.0,aligned,mi_obs,11,-0.03699096592372103,0.003974454103998873,0.471
1,1.0,aligned,mi_obs,12,0.0287553751907667,0.006090977990276961,0.471
1,1.0,aligned,mi_obs,13,-0.004291593193716298,0.008148663120909715,0.471
1,1.0,aligned,mi_obs,14,0.0010384310790957745,-0.008937007592453068,0.471
1,1.0,aligned,mi_obs,15,-0.012536371975757873,0.005929475906962011,0.471
1,1.0,aligned,mi_obs,16,0.006010503871102187,-0.0032745321377982968,0.471
1,1.0,aligned,mi_obs,17,-0.013351644849238037,-0.0017002841621249053,0.471
1,1.0,aligned,mi_obs,18,-0.0027122364635643543,-0.00016120040598135743,0.471
1,1.0,aligned,mi_obs,19,0.016123640666175228,-0.006445238805422338,0.471
1,1.0,aligned,mi_obs,20,0.01196685886905033,-0.015764884807350214,0.471
1,1.0,aligned,mi_obs,21,0.018651214186183096,0.6634086501177175,0.471
1,1.0,aligned,mi_obs,22,-0.011984723247945861,0.41156099277444746,0.471
1,1.0,aligned,mi_obs,23,0.015079719145560444,-0.4626823461663339,0.471
1,1.0,aligned,mi_obs,24,0.016086082727004847,0.9533829421868049,0.471
1,1.0,aligned,mi_obs,25,0.019570023658159297,-0.5622059598255476,0.471
1,1.0,aligned,mi_obs,26,0.10526151778202597,0.21679049717551596,0.471
1,1.0,aligned,mi_obs,27,0.023221082351185585,0.4931459143091278,0.471
1,1.0,aligned,mi_obs,28,-0.005706858871588394,-0.6387407505533741,0.471
1,1.0,aligned,mi_obs,29,0.014294434897194508,-0.6502416708223819,0.471
1,1.0,aligned,mi_obs,30,-0.0010638881140814793,0.4148731793590525,0.471
1,1.0,aligned,mi_obs,31,-0.009960351952905455,-0.4656317076399759,0.471
1,1.0,aligned,mi_obs,32,0.019724440628741235,0.6002723803379381,0.471
1,1.0,aligned,mi_obs,33,-0.01704657702711787,-0.5686711204908745,0.471
1,1.0,aligned,mi_obs,34,0.08891339910407026,-0.4507718582834396,0.471
1,1.0,aligned,mi_obs,35,0.003600990614713362,-0.20367508528734884,0.471
1,1.0,aligned,mi_obs,36,-0.01281316008476066,-0.10852066254808806,0.471
1,1.0,aligned,mi_obs,37,0.005446891807013576,-0.365014911528079,0.471
1,1.0,aligned,mi_obs,38,-0.011486800896182592,-0.9237177176424918,0.471
1,1.0,aligned,mi_obs,39,0.0021138267971762548,0.43518206056226416,0.471
1,1.0,aligned,mi_obs,40,-0.02334467658965711,-0.729638912140867,0.471
1,1.0,aligned,mi_obs,41,0.09819665997165886,0.060038228553334676,0.471
1,1.0,aligned,mi_obs,42,-0.0074485192798581625,-0.000878098856272877,0.471
1,1.0,aligned,mi_obs,43,0.0265020131855389,0.0021684687671997237,0.471
1,1.0,aligned,mi_obs,44,0.0017672636603368597,-0.7439292990123633,0.471
1,1.0,aligned,mi_obs,45,-0.005389247549610621,-0.4872074154978942,0.471
1,1.0,aligned,mi_obs,46,0.026444900242762248,0.8183312503857452,0.471
1,1.0,aligned,mi_obs,47,-0.11048046923160365,0.054702043864364336,0.471
1,1.0,aligned,mi_obs,48,0.02697232433932769,0.0006698387680414242,0.471
1,1.0,aligned,mi_obs,49,-0.03813680696343594,-0.00021930810851786584,0.471
1,1.0,aligned,mi_obs,50,-0.013581259955994796,0.6880961470798562,0.471
1,1.0,aligned,mi_obs,51,0.017052385381996604,-0.5918530471114745,0.471
1,1.0,aligned,mi_obs,52,0.11348559874899333,0.3142339854707004,0.471
1,1.0,aligned,mi_obs,53,0.014275149835481837,0.5139762477863543,0.471
1,1.0,aligned,mi_obs,54,-0.008212463461703567,-0.6693142672528059,0.471
1,1.0,aligned,mi_obs,55,-0.008968243026285405,-0.684750288358951,0.471
1,1.0,aligned,mi_obs,56,-0.07128363836308574,0.09223386774133731,0.471
1,1.0,aligned,mi_obs,57,0.00725282003011237,0.0024274948243419225,0.471
1,1.0,aligned,mi_obs,58,-0.06265756255093823,-0.0025424606170300575,0.471
1,1.0,aligned,mi_obs,59,-0.025267478240813768,0.5418396397512004,0.471
1,1.0,aligned,mi_obs,60,0.07900359514579969,0.7132590836190943,0.471
1,1.0,aligned,mi_obs,61,-0.08976657347752459,-0.5893851803072313,0.471
1,1.0,aligned,mi_obs,62,-0.1434438545318436,-0.4242144096896089,0.471
1,1.0,aligned,mi_obs,63,-0.04523199624601271,-0.7646492218165033,0.471
1,1.0,aligned,mi_obs,64,-0.017274265798560562,-0.4147214822941214,0.471
1,1.0,aligned,mi_obs,65,0.014114161400053837,0.5387041976596756,0.471
1,1.0,aligned,mi_class,0,-0.040233888242752036,-0.009964360830270708,0.471
1,1.0,aligned,mi_class,1,0.11579828078085153,-0.8335555793750177,0.471
1,1.0,aligned,mi_class,2,-0.00562576341729204,-0.5758087932043958,0.471
1,1.0,aligned,mi_class,3,0.12803015949605467,-0.7608064470694771,0.471
1,1.0,aligned,mi_class,4,-0.12119059223988182,0.799721472678436,0.471
1,1.0,aligned,mi_class,5,0.11766013022019417,-0.8752153371811822,0.471
1,1.0,aligned,mi_class,6,-0.10860854122433516,0.7470447061508336,0.471
1,1.0,aligned,mi_class,7,-0.03324672319665545,-0.291049177977678,0.471
1,1.0,aligned,mi_class,8,-0.03973382929282154,-0.3760686681755812,0.471
1,1.0,aligned,mi_class,9,-0.4437215754982351,0.4899813661880374,0.471
1,1.0,aligned,mi_class,10,0.005503913684225092,0.8727632022931987,0.471
1,1.0,aligned,mi_class,11,-0.00733081510328679,0.003974454103998873,0.471
1,1.0,aligned,mi_class,12,0.03213283337405474,0.006090977990276961,0.471
1,1.0,aligned,mi_class,13,0.07325170480399483,0.008148663120909715,0.471
1,1.0,aligned,mi_class,14,-0.03725725492952006,-0.008937007592453068,0.471
1,1.0,aligned,mi_class,15,0.03950548761762867,0.005929475906962011,0.471
1,1.0,aligned,mi_class,16,-0.040938994399814216,-0.0032745321377982968,0.471
1,1.0,aligned,mi_class,17,0.03233775076308949,-0.0017002841621249053,0.471
1,1.0,aligned,mi_class,18,-0.008053485188706765,-0.00016120040598135743,0.471
1,1.0,aligned,mi_class,19,0.0047378671494281,-0.006445238805422338,0.471
1,1.0,aligned,mi_class,20,-0.0889728358244195,-0.015764884807350214,0.471
1,1.0,aligned,mi_class,21,-0.14878604153396235,0.6634086501177175,0.471
1,1.0,aligned,mi_class,22,-0.09837971640629062,0.41156099277444746,0.471
1,1.0,aligned,mi_class,23,0.15401936030881813,-0.4626823461663339,0.471
1,1.0,aligned,mi_class,24,-0.3980263512167136,0.9533829421868049,0.471
1,1.0,aligned,mi_class,25,0.15382794265135663,-0.5622059598255476,0.471
1,1.0,aligned,mi_class,26,-0.014091180014251664,0.21679049717551596,0.471
1,1.0,aligned,mi_class,27,-0.04222426227766707,0.4931459143091278,0.471
1,1.0,aligned,mi_class,28,0.6079641966183127,-0.6387407505533741,0.471
1,1.0,aligned,mi_class,29,0.07270383478252462,-0.6502416708223819,0.471
1,1.0,aligned,mi_class,30,-0.0452141296512758,0.4148731793590525,0.471
1,1.0,aligned,mi_class,31,0.07885866227259014,-0.4656317076399759,0.471
1,1.0,aligned,mi_class,32,-0.043448584027592885,0.6002723803379381,0.471
1,1.0,aligned,mi_class,33,0.11640534486043291,-0.5686711204908745,0.471
1,1.0,aligned,mi_class,34,0.09593602066806012,-0.4507718582834396,0.471
1,1.0,aligned,mi_class,35,0.06410550584879637,-0.20367508528734884,0.471
1,1.0,aligned,mi_class,36,0.07236895554280678,-0.10852066254808806,0.471
1,1.0,aligned,mi_class,37,-0.015898046938961186,-0.365014911528079,0.471
1,1.0,aligned,mi_class,38,0.22274259785989003,-0.9237177176424918,0.471
1,1.0,aligned,mi_class,39,0.03874405494783956,0.43518206056226416,0.471
1,1.0,aligned,mi_class,40,0.21311684514594798,-0.729638912140867,0.471
1,1.0,aligned,mi_class,41,-0.0030257933821648056,0.060038228553334676,0.471
1,1.0,aligned,mi_class,42,0.08713901533894042,-0.000878098856272877,0.471
1,1.0,aligned,mi_class,43,-0.016346484373758678,0.0021684687671997237,0.471
1,1.0,aligned,mi_class,44,0.13566004587197966,-0.7439292990123633,0.471
1,1.0,aligned,mi_class,45,0.03481190483628249,-0.4872074154978942,0.471
1,1.0,aligned,mi_class,46,-0.16831050819048188,0.8183312503857452,0.471
1,1.0,aligned,mi_class,47,-0.05704001523772732,0.054702043864364336,0.471
1,1.0,aligned,mi_class,48,0.0051761056892464016,0.0006698387680414242,0.471
1,1.0,aligned,mi_class,49,0.028141523143097456,-0.00021930810851786584,0.471
1,1.0,aligned,mi_class,50,-0.11376858399252587,0.6880961470798562,0.471
1,1.0,aligned,mi_class,51,0.07113960786452722,-0.5918530471114745,0.471
1,1.0,aligned,mi_class,52,-0.02390808339048428,0.3142339854707004,0.471
1,1.0,aligned,mi_class,53,-0.05123160417510536,0.5139762477863543,0.471
1,1.0,aligned,mi_class,54,0.6116463193845884,-0.6693142672528059,0.471
1,1.0,aligned,mi_class,55,0.07816797057941127,-0.684750288358951,0.471
1,1.0,aligned,mi_class,56,-0.07967823673656727,0.09223386774133731,0.471
1,1.0,aligned,mi_class,57,-0.03508877178411216,0.0024274948243419225,0.471
1,1.0,aligned,mi_class,58,-0.3910025516408835,-0.0025424606170300575,0.471
1,1.0,aligned,mi_class,59,-0.05017103868169576,0.5418396397512004,0.471
1,1.0,aligned,mi_class,60,-0.04763754447581525,0.7132590836190943,0.471
1,1.0,aligned,mi_class,61,0.5458252556652867,-0.5893851803072313,0.471
1,1.0,aligned,mi_class,62,-0.0038586000506818374,-0.4242144096896089,0.471
1,1.0,aligned,mi_class,63,0.6625554190692816,-0.7646492218165033,0.471
1,1.0,aligned,mi_class,64,-0.056983627006362614,-0.4147214822941214,0.471
1,1.0,aligned,mi_class,65,-0.48758169375159177,0.5387041976596756,0.471
1,1.0,aligned,mi_site,0,0.00913336775887057,-0.009964360830270708,0.471
1,1.0,aligned,mi_site,1,0.100993688847552,-0.8335555793750177,0.471
1,1.0,aligned,mi_site,2,0.11862054260017851,-0.5758087932043958,0.471
1,1.0,aligned,mi_site,3,0.07291771394484714,-0.7608064470694771,0.471
1,1.0,aligned,mi_site,4,-0.03927351746684893,0.799721472678436,0.471
1,1.0,aligned,mi_site,5,0.0645752312498632,-0.8752153371811822,0.471
1,1.0,aligned,mi_site,6,-0.047632272940619114,0.7470447061508336,0.471
1,1.0,aligned,mi_site,7,-0.034799916149370336,-0.291049177977678,0.471
1,1.0,aligned,mi_site,8,0.016221733138022387,-0.3760686681755812,0.471
1,1.0,aligned,mi_site,9,-0.03662297539595599,0.4899813661880374,0.471
1,1.0,aligned,mi_site,10,-0.07109766606833212,0.8727632022931987,0.471
1,1.0,aligned,mi_site,11,-0.0273684176188856,0.003974454103998873,0.471
1,1.0,aligned,mi_site,12,0.008166865663816292,0.006090977990276961,0.471
1,1.0,aligned,mi_site,13,-0.007537279522541358,0.008148663120909715,0.471
1,1.0,aligned,mi_site,14,0.0032513122347422223,-0.008937007592453068,0.471
1,1.0,aligned,mi_site,15,-0.010516227868137766,0.005929475906962011,0.471
1,1.0,aligned,mi_site,16,0.0026961831738759024,-0.0032745321377982968,0.471
1,1.0,aligned,mi_site,17,-0.0034913434652714083,-0.0017002841621249053,0.471
1,1.0,aligned,mi_site,18,-0.007404716729867711,-0.00016120040598135743,0.471
1,1.0,aligned,mi_site,19,0.012969311165339559,-0.006445238805422338,0.471
1,1.0,aligned,mi_site,20,0.009517225550148355,-0.015764884807350214,0.471
1,1.0,aligned,mi_site,21,-0.04288362467312512,0.6634086501177175,0.471
1,1.0,aligned,mi_site,22,-0.02646186504241327,0.41156099277444746,0.471
1,1.0,aligned,mi_site,23,0.005641704518213164,-0.4626823461663339,0.471
1,1.0,aligned,mi_site,24,-0.01685771060892516,0.9533829421868049,0.471
1,1.0,aligned,mi_site,25,0.0014466246884892175,-0.5622059598255476,0.471
1,1.0,aligned,mi_site,26,0.045890721559291414,0.21679049717551596,0.471
1,1.0,aligned,mi_site,27,-0.004245921600339542,0.4931459143091278,0.471
1,1.0,aligned,mi_site,28,0.021675279029619965,-0.6387407505533741,0.471
1,1.0,aligned,mi_site,29,0.05150100944720837,-0.6502416708223819,0.471
1,1.0,aligned,mi_site,30,-0.05081348299097904,0.4148731793590525,0.471
1,1.0,aligned,mi_site,31,0.06649497911867885,-0.4656317076399759,0.471
1,1.0,aligned,mi_site,32,-0.0605906344168059,0.6002723803379381,0.471
1,1.0,aligned,mi_site,33,0.04263559931612826,-0.5686711204908745,0.471
1,1.0,aligned,mi_site,34,0.08851759387530067,-0.4507718582834396,0.471
1,1.0,aligned,mi_site,35,0.02342226710621534,-0.20367508528734884,0.471
1,1.0,aligned,mi_site,36,0.006954994263525152,-0.10852066254808806,0.471
1,1.0,aligned,mi_site,37,0.0569596040100418,-0.365014911528079,0.471
1,1.0,aligned,mi_site,38,0.035507218920739936,-0.9237177176424918,0.471
1,1.0,aligned,mi_site,39,0.007156800875120495,0.43518206056226416,0.471
1,1.0,aligned,mi_site,40,-0.007683854022848768,-0.729638912140867,0.471
1,1.0,aligned,mi_site,41,0.05575634929139963,0.060038228553334676,0.471
1,1.0,aligned,mi_site,42,0.010534716776791223,-0.000878098856272877,0.471
1,1.0,aligned,mi_site,43,0.011397575353240404,0.0021684687671997237,0.471
1,1.0,aligned,mi_site,44,0.024949472920000382,-0.7439292990123633,0.471
1,1.0,aligned,mi_site,45,-0.03000833248510032,-0.4872074154978942,0.471
1,1.0,aligned,mi_site,46,0.016930472515934047,0.8183312503857452,0.471
1,1.0,aligned,mi_site,47,-0.07714135856693505,0.054702043864364336,0.471
1,1.0,aligned,mi_site,48,-0.01744858015046958,0.0006698387680414242,0.471
1,1.0,aligned,mi_site,49,0.0018709544911010545,-0.00021930810851786584,0.471
1,1.0,aligned,mi_site,50,-0.024963341585822585,0.6880961470798562,0.471
1,1.0,aligned,mi_site,51,-0.01966978591474422,-0.5918530471114745,0.471
1,1.0,aligned,mi_site,52,0.046274150418918136,0.3142339854707004,0.471
1,1.0,aligned,mi_site,53,0.018060526731934035,0.5139762477863543,0.471
1,1.0,aligned,mi_site,54,0.005430665025879633,-0.6693142672528059,0.471
1,1.0,aligned,mi_site,55,0.00846435473639573,-0.684750288358951,0.471
1,1.0,aligned,mi_site,56,-0.034668277112787436,0.09223386774133731,0.471
1,1.0,aligned,mi_site,57,-0.014295839967434935,0.0024274948243419225,0.471
1,1.0,aligned,mi_site,58,-0.024740044423630585,-0.0025424606170300575,0.471
1,1.0,aligned,mi_site,59,-0.01420995508569134,0.5418396397512004,0.471
1,1.0,aligned,mi_site,60,0.06817425006114863,0.7132590836190943,0.471
1,1.0,aligned,mi_site,61,-0.04674313988613632,-0.5893851803072313,0.471
1,1.0,aligned,mi_site,62,-0.061456112895445725,-0.4242144096896089,0.471
1,1.0,aligned,mi_site,63,-0.027085253005436738,-0.7646492218165033,0.471
1,1.0,aligned,mi_site,64,-0.00911334023062177,-0.4147214822941214,0.471
1,1.0,aligned,mi_site,65,-0.003557726531644878,0.5387041976596756,0.471
1,1.0,closed,available,0,0.0022881681008553303,-0.009964360830270708,0.471
1,1.0,closed,available,1,-0.00629374474727451,-0.8335555793750177,0.471
1,1.0,closed,available,2,-0.0040052190608794724,-0.5758087932043958,0.471
1,1.0,closed,available,3,0.0014208615458471963,-0.7608064470694771,0.471
1,1.0,closed,available,4,-0.0033147447069039604,0.799721472678436,0.471
1,1.0,closed,available,5,-0.0005148920467331619,-0.8752153371811822,0.471
1,1.0,closed,available,6,-0.00394479099195566,0.7470447061508336,0.471
1,1.0,closed,available,7,-0.007515288638146489,-0.291049177977678,0.471
1,1.0,closed,available,8,-0.0169494591786295,-0.3760686681755812,0.471
1,1.0,closed,available,9,0.0019279698453062988,0.4899813661880374,0.471
1,1.0,closed,available,10,0.0013881646044867635,0.8727632022931987,0.471
1,1.0,closed,available,11,0.0014179194493681166,0.003974454103998873,0.471
1,1.0,closed,available,12,0.01216367467883767,0.006090977990276961,0.471
1,1.0,closed,available,13,0.001823277477496393,0.008148663120909715,0.471
1,1.0,closed,available,14,-0.008587679586759127,-0.008937007592453068,0.471
1,1.0,closed,available,15,0.011019985161977297,0.005929475906962011,0.471
1,1.0,closed,available,16,-0.00795178105910943,-0.0032745321377982968,0.471
1,1.0,closed,available,17,0.0014484666880137749,-0.0017002841621249053,0.471
1,1.0,closed,available,18,-0.010965905184932517,-0.00016120040598135743,0.471
1,1.0,closed,available,19,0.01608148042283134,-0.006445238805422338,0.471
1,1.0,closed,available,20,-0.0012159727864810461,-0.015764884807350214,0.471
1,1.0,closed,available,21,0.010685578225336223,0.6634086501177175,0.471
1,1.0,closed,available,22,0.01600015441373631,0.41156099277444746,0.471
1,1.0,closed,available,23,-0.013107896958550191,-0.4626823461663339,0.471
1,1.0,closed,available,24,0.001532381698857832,0.9533829421868049,0.471
1,1.0,closed,available,25,-0.008932635047566806,-0.5622059598255476,0.471
1,1.0,closed,available,26,0.005002092387387164,0.21679049717551596,0.471
1,1.0,closed,available,27,-0.001808346565346064,0.4931459143091278,0.471
1,1.0,closed,available,28,-0.002327799813099607,-0.6387407505533741,0.471
1,1.0,closed,available,29,-0.007752984181361389,-0.6502416708223819,0.471
1,1.0,closed,available,30,0.014499575367350415,0.4148731793590525,0.471
1,1.0,closed,available,31,-0.002834516968064804,-0.4656317076399759,0.471
1,1.0,closed,available,32,-0.007207093898155104,0.6002723803379381,0.471
1,1.0,closed,available,33,-0.0006291505717189727,-0.5686711204908745,0.471
1,1.0,closed,available,34,-0.0069877492883741454,-0.4507718582834396,0.471
1,1.0,closed,available,35,0.030017287278710614,-0.20367508528734884,0.471
1,1.0,closed,available,36,-0.0013740272908407958,-0.10852066254808806,0.471
1,1.0,closed,available,37,-0.008130396357632574,-0.365014911528079,0.471
1,1.0,closed,available,38,-0.00020442330624459437,-0.9237177176424918,0.471
1,1.0,closed,available,39,0.002019185307734872,0.43518206056226416,0.471
1,1.0,closed,available,40,-0.00029641501241739476,-0.729638912140867,0.471
1,1.0,closed,available,41,-0.0009830827233858128,0.060038228553334676,0.471
1,1.0,closed,available,42,0.021755951176933873,-0.000878098856272877,0.471
1,1.0,closed,available,43,0.012954653177967741,0.0021684687671997237,0.471
1,1.0,closed,available,44,0.002551920516491002,-0.7439292990123633,0.471
1,1.0,closed,available,45,-0.0030615805266923646,-0.4872074154978942,0.471
1,1.0,closed,available,46,-0.0008568453620688699,0.8183312503857452,0.471
1,1.0,closed,available,47,-0.0005091258897933007,0.054702043864364336,0.471
1,1.0,closed,available,48,-0.012994297046235337,0.0006698387680414242,0.471
1,1.0,closed,available,49,-0.00911305643292707,-0.00021930810851786584,0.471
1,1.0,closed,available,50,0.0003710263333407404,0.6880961470798562,0.471
1,1.0,closed,available,51,-0.0026803660018175357,-0.5918530471114745,0.471
1,1.0,closed,available,52,-0.002241732051964207,0.3142339854707004,0.471
1,1.0,closed,available,53,0.003107291856610739,0.5139762477863543,0.471
1,1.0,closed,available,54,-0.0019869945775387032,-0.6693142672528059,0.471
1,1.0,closed,available,55,-0.0035452673759015507,-0.684750288358951,0.471
1,1.0,closed,available,56,0.0003890888884804794,0.09223386774133731,0.471
1,1.0,closed,available,57,-0.017954855406579016,0.0024274948243419225,0.471
1,1.0,closed,available,58,-0.005735327208572002,-0.0025424606170300575,0.471
1,1.0,closed,available,59,0.00331094777907881,0.5418396397512004,0.471
1,1.0,closed,available,60,0.00011172470016140856,0.7132590836190943,0.471
1,1.0,closed,available,61,-0.001910624954850615,-0.5893851803072313,0.471
1,1.0,closed,available,62,0.00277228988085948,-0.4242144096896089,0.471
1,1.0,closed,available,63,0.0030655443332762156,-0.7646492218165033,0.471
1,1.0,closed,available,64,-0.014375758925843918,-0.4147214822941214,0.471
1,1.0,closed,available,65,0.003080100236581229,0.5387041976596756,0.471
1,1.0,closed,mi_obs,0,-9.143706206815941e-05,-0.009964360830270708,0.471
1,1.0,closed,mi_obs,1,-0.0042410175849927345,-0.8335555793750177,0.471
1,1.0,closed,mi_obs,2,-0.0029782857636596605,-0.5758087932043958,0.471
1,1.0,closed,mi_obs,3,0.00842224773491751,-0.7608064470694771,0.471
1,1.0,closed,mi_obs,4,-0.011177957869356936,0.799721472678436,0.471
1,1.0,closed,mi_obs,5,-0.014854130385902553,-0.8752153371811822,0.471
1,1.0,closed,mi_obs,6,0.004865998382856507,0.7470447061508336,0.471
1,1.0,closed,mi_obs,7,-0.13369161229744775,-0.291049177977678,0.471
1,1.0,closed,mi_obs,8,-0.015153366302759763,-0.3760686681755812,0.471
1,1.0,closed,mi_obs,9,0.011810101598648093,0.4899813661880374,0.471
1,1.0,closed,mi_obs,10,0.00627365067175456,0.8727632022931987,0.471
1,1.0,closed,mi_obs,11,0.010524229915777707,0.003974454103998873,0.471
1,1.0,closed,mi_obs,12,-0.023206318609469957,0.006090977990276961,0.471
1,1.0,closed,mi_obs,13,0.005909268154509572,0.008148663120909715,0.471
1,1.0,closed,mi_obs,14,0.00047154312828353966,-0.008937007592453068,0.471
1,1.0,closed,mi_obs,15,-0.005888244630861615,0.005929475906962011,0.471
1,1.0,closed,mi_obs,16,-0.015125523242760942,-0.0032745321377982968,0.471
1,1.0,closed,mi_obs,17,-0.022197643285047093,-0.0017002841621249053,0.471
1,1.0,closed,mi_obs,18,-0.03312660477603989,-0.00016120040598135743,0.471
1,1.0,closed,mi_obs,19,0.008209139757590259,-0.006445238805422338,0.471
1,1.0,closed,mi_obs,20,0.005178162007774295,-0.015764884807350214,0.471
1,1.0,closed,mi_obs,21,0.017653143560325546,0.6634086501177175,0.471
1,1.0,closed,mi_obs,22,-0.0026164981762572537,0.41156099277444746,0.471
1,1.0,closed,mi_obs,23,0.010991661575550316,-0.4626823461663339,0.471
1,1.0,closed,mi_obs,24,0.017973425821639966,0.9533829421868049,0.471
1,1.0,closed,mi_obs,25,-0.0002549708544498097,-0.5622059598255476,0.471
1,1.0,closed,mi_obs,26,0.11296294025870984,0.21679049717551596,0.471
1,1.0,closed,mi_obs,27,0.030306875598701932,0.4931459143091278,0.471
1,1.0,closed,mi_obs,28,-0.015137615891964384,-0.6387407505533741,0.471
1,1.0,closed,mi_obs,29,0.0024607211355904823,-0.6502416708223819,0.471
1,1.0,closed,mi_obs,30,-0.0034115622573991367,0.4148731793590525,0.471
1,1.0,closed,mi_obs,31,-0.0005563358513997474,-0.4656317076399759,0.471
1,1.0,closed,mi_obs,32,0.019670942446711526,0.6002723803379381,0.471
1,1.0,closed,mi_obs,33,-0.014894157922808904,-0.5686711204908745,0.471
1,1.0,closed,mi_obs,34,0.0803337474836725,-0.4507718582834396,0.471
1,1.0,closed,mi_obs,35,0.014965118698423263,-0.20367508528734884,0.471
1,1.0,closed,mi_obs,36,-0.024985832008291575,-0.10852066254808806,0.471
1,1.0,closed,mi_obs,37,0.010942857371415315,-0.365014911528079,0.471
1,1.0,closed,mi_obs,38,-0.009912068774442728,-0.9237177176424918,0.471
1,1.0,closed,mi_obs,39,0.005164861443376245,0.43518206056226416,0.471
1,1.0,closed,mi_obs,40,-0.021191040414233586,-0.729638912140867,0.471
1,1.0,closed,mi_obs,41,0.09025025416735169,0.060038228553334676,0.471
1,1.0,closed,mi_obs,42,0.0037142471811931936,-0.000878098856272877,0.471
1,1.0,closed,mi_obs,43,0.016437494424643383,0.0021684687671997237,0.471
1,1.0,closed,mi_obs,44,0.001304984468561532,-0.7439292990123633,0.471
1,1.0,closed,mi_obs,45,-0.008781724186117168,-0.4872074154978942,0.471
1,1.0,closed,mi_obs,46,0.026472712688508704,0.8183312503857452,0.471
1,1.0,closed,mi_obs,47,-0.1033785580289384,0.054702043864364336,0.471
1,1.0,closed,mi_obs,48,0.019437244731002522,0.0006698387680414242,0.471
1,1.0,closed,mi_obs,49,-0.029742334955314517,-0.00021930810851786584,0.471
1,1.0,closed,mi_obs,50,-0.014643755565160177,0.6880961470798562,0.471
1,1.0,closed,mi_obs,51,-0.004658071758411042,-0.5918530471114745,0.471
1,1.0,closed,mi_obs,52,0.1055829176105193,0.3142339854707004,0.471
1,1.0,closed,mi_obs,53,0.012726882653404936,0.5139762477863543,0.471
1,1.0,closed,mi_obs,54,-0.007202794695335579,-0.6693142672528059,0.471
1,1.0,closed,mi_obs,55,-0.007935332749110846,-0.684750288358951,0.471
1,1.0,closed,mi_obs,56,-0.08248869536870282,0.09223386774133731,0.471
1,1.0,closed,mi_obs,57,-0.011670362127294751,0.0024274948243419225,0.471
1,1.0,closed,mi_obs,58,-0.03352931351195609,-0.0025424606170300575,0.471
1,1.0,closed,mi_obs,59,-0.015420931057361753,0.5418396397512004,0.471
1,1.0,closed,mi_obs,60,0.08137929507078634,0.7132590836190943,0.471
1,1.0,closed,mi_obs,61,-0.08313672594529631,-0.5893851803072313,0.471
1,1.0,closed,mi_obs,62,-0.13603137574788338,-0.4242144096896089,0.471
1,1.0,closed,mi_obs,63,-0.042428053370838104,-0.7646492218165033,0.471
1,1.0,closed,mi_obs,64,-0.012459888625350635,-0.4147214822941214,0.471
1,1.0,closed,mi_obs,65,0.01794617951627797,0.5387041976596756,0.471
1,1.0,closed,mi_class,0,-0.023544584808549502,-0.009964360830270708,0.471
1,1.0,closed,mi_class,1,0.0942200753154886,-0.8335555793750177,0.471
1,1.0,closed,mi_class,2,0.024877806293916782,-0.5758087932043958,0.471
1,1.0,closed,mi_class,3,0.10881726169579342,-0.7608064470694771,0.471
1,1.0,closed,mi_class,4,-0.10679900869383274,0.799721472678436,0.471
1,1.0,closed,mi_class,5,0.16861903044010684,-0.8752153371811822,0.471
1,1.0,closed,mi_class,6,-0.11717293348041613,0.7470447061508336,0.471
1,1.0,closed,mi_class,7,-0.018322136767792263,-0.291049177977678,0.471
1,1.0,closed,mi_class,8,-0.06388642466425998,-0.3760686681755812,0.471
1,1.0,closed,mi_class,9,-0.11633267773607897,0.4899813661880374,0.471
1,1.0,closed,mi_class,10,0.009249945787445757,0.8727632022931987,0.471
1,1.0,closed,mi_class,11,0.02558446870780589,0.003974454103998873,0.471
1,1.0,closed,mi_class,12,-0.0029612542603494356,0.006090977990276961,0.471
1,1.0,closed,mi_class,13,-0.015601951269808526,0.008148663120909715,0.471
1,1.0,closed,mi_class,14,0.00956941858198507,-0.008937007592453068,0.471
1,1.0,closed,mi_class,15,-0.0013934001370927282,0.005929475906962011,0.471
1,1.0,closed,mi_class,16,-0.00021632357343286807,-0.0032745321377982968,0.471
1,1.0,closed,mi_class,17,0.0019671760180981885,-0.0017002841621249053,0.471
1,1.0,closed,mi_class,18,-0.0072616051468921096,-0.00016120040598135743,0.471
1,1.0,closed,mi_class,19,0.012660207825425769,-0.006445238805422338,0.471
1,1.0,closed,mi_class,20,-0.002905831170886518,-0.015764884807350214,0.471
1,1.0,closed,mi_class,21,-0.16698094008572356,0.6634086501177175,0.471
1,1.0,closed,mi_class,22,-0.09900433305321865,0.41156099277444746,0.471
1,1.0,closed,mi_class,23,0.11885447417393069,-0.4626823461663339,0.471
1,1.0,closed,mi_class,24,-0.4147231617842423,0.9533829421868049,0.471
1,1.0,closed,mi_class,25,0.17490391587158216,-0.5622059598255476,0.471
1,1.0,closed,mi_class,26,-0.021932674185261597,0.21679049717551596,0.471
1,1.0,closed,mi_class,27,-0.014080706362219864,0.4931459143091278,0.471
1,1.0,closed,mi_class,28,0.2724384227298851,-0.6387407505533741,0.471
1,1.0,closed,mi_class,29,0.05861595986727042,-0.6502416708223819,0.471
1,1.0,closed,mi_class,30,-0.025057526593712076,0.4148731793590525,0.471
1,1.0,closed,mi_class,31,0.08471466532868127,-0.4656317076399759,0.471
1,1.0,closed,mi_class,32,-0.11995660182194284,0.6002723803379381,0.471
1,1.0,closed,mi_class,33,0.08041740877089382,-0.5686711204908745,0.471
1,1.0,closed,mi_class,34,0.08230393480576814,-0.4507718582834396,0.471
1,1.0,closed,mi_class,35,0.05399587593629526,-0.20367508528734884,0.471
1,1.0,closed,mi_class,36,0.009168292056434879,-0.10852066254808806,0.471
1,1.0,closed,mi_class,37,0.018442000541351644,-0.365014911528079,0.471
1,1.0,closed,mi_class,38,0.13602373634206533,-0.9237177176424918,0.471
1,1.0,closed,mi_class,39,-0.02342028958905057,0.43518206056226416,0.471
1,1.0,closed,mi_class,40,0.22238263335963393,-0.729638912140867,0.471
1,1.0,closed,mi_class,41,-0.01457750869421065,0.060038228553334676,0.471
1,1.0,closed,mi_class,42,0.07567847833388835,-0.000878098856272877,0.471
1,1.0,closed,mi_class,43,-0.04690111965425631,0.0021684687671997237,0.471
1,1.0,closed,mi_class,44,0.12306017250612067,-0.7439292990123633,0.471
1,1.0,closed,mi_class,45,0.0577222205219845,-0.4872074154978942,0.471
1,1.0,closed,mi_class,46,-0.21154521149376504,0.8183312503857452,0.471
1,1.0,closed,mi_class,47,-0.11229615220473861,0.054702043864364336,0.471
1,1.0,closed,mi_class,48,-0.04707045707871037,0.0006698387680414242,0.471
1,1.0,closed,mi_class,49,0.04959268703851421,-0.00021930810851786584,0.471
1,1.0,closed,mi_class,50,-0.08555870440508606,0.6880961470798562,0.471
1,1.0,closed,mi_class,51,0.14819342708366673,-0.5918530471114745,0.471
1,1.0,closed,mi_class,52,-0.06707879943378892,0.3142339854707004,0.471
1,1.0,closed,mi_class,53,-0.06586274755418942,0.5139762477863543,0.471
1,1.0,closed,mi_class,54,0.28319455838956975,-0.6693142672528059,0.471
1,1.0,closed,mi_class,55,0.12206318414032924,-0.684750288358951,0.471
1,1.0,closed,mi_class,56,-0.04264366484938005,0.09223386774133731,0.471
1,1.0,closed,mi_class,57,-0.06617499752619187,0.0024274948243419225,0.471
1,1.0,closed,mi_class,58,0.05790681805016705,-0.0025424606170300575,0.471
1,1.0,closed,mi_class,59,-0.04635062081731045,0.5418396397512004,0.471
1,1.0,closed,mi_class,60,-0.08770381513603986,0.7132590836190943,0.471
1,1.0,closed,mi_class,61,0.22962703083130898,-0.5893851803072313,0.471
1,1.0,closed,mi_class,62,0.02710190083117575,-0.4242144096896089,0.471
1,1.0,closed,mi_class,63,0.12921237333197821,-0.7646492218165033,0.471
1,1.0,closed,mi_class,64,-0.06304784351819487,-0.4147214822941214,0.471
1,1.0,closed,mi_class,65,-0.1238845319029625,0.5387041976596756,0.471
1,1.0,closed,mi_site,0,-0.005908488092956923,-0.009964360830270708,0.471
1,1.0,closed,mi_site,1,-0.004516344989930032,-0.8335555793750177,0.471
1,1.0,closed,mi_site,2,0.010874496786278387,-0.5758087932043958,0.471
1,1.0,closed,mi_site,3,0.006928702072110604,-0.7608064470694771,0.471
1,1.0,closed,mi_site,4,-0.01072732615106653,0.799721472678436,0.471
1,1.0,closed,mi_site,5,-0.015821252577291278,-0.8752153371811822,0.471
1,1.0,closed,mi_site,6,-0.008654808285215587,0.7470447061508336,0.471
1,1.0,closed,mi_site,7,-0.12578519053605453,-0.291049177977678,0.471
1,1.0,closed,mi_site,8,-0.019419633649588264,-0.3760686681755812,0.471
1,1.0,closed,mi_site,9,0.013341675311402568,0.4899813661880374,0.471
1,1.0,closed,mi_site,10,0.006745230178727746,0.8727632022931987,0.471
1,1.0,closed,mi_site,11,0.010454895183510667,0.003974454103998873,0.471
1,1.0,closed,mi_site,12,-0.0028561118012833736,0.006090977990276961,0.471
1,1.0,closed,mi_site,13,0.01573871916536214,0.008148663120909715,0.471
1,1.0,closed,mi_site,14,-0.008206579613258632,-0.008937007592453068,0.471
1,1.0,closed,mi_site,15,-0.0017607553600923094,0.005929475906962011,0.471
1,1.0,closed,mi_site,16,-0.016729642883706458,-0.0032745321377982968,0.471
1,1.0,closed,mi_site,17,-0.013864700515606542,-0.0017002841621249053,0.471
1,1.0,closed,mi_site,18,-0.03683031160219101,-0.00016120040598135743,0.471
1,1.0,closed,mi_site,19,0.01017558208885743,-0.006445238805422338,0.471
1,1.0,closed,mi_site,20,-0.000733947273183596,-0.015764884807350214,0.471
1,1.0,closed,mi_site,21,0.0007742409041676668,0.6634086501177175,0.471
1,1.0,closed,mi_site,22,0.002311380742371749,0.41156099277444746,0.471
1,1.0,closed,mi_site,23,0.0036373975575836326,-0.4626823461663339,0.471
1,1.0,closed,mi_site,24,0.014106703719310665,0.9533829421868049,0.471
1,1.0,closed,mi_site,25,0.006704360804121845,-0.5622059598255476,0.471
1,1.0,closed,mi_site,26,0.10538368345821048,0.21679049717551596,0.471
1,1.0,closed,mi_site,27,0.01976568868347439,0.4931459143091278,0.471
1,1.0,closed,mi_site,28,-0.012005418799131196,-0.6387407505533741,0.471
1,1.0,closed,mi_site,29,0.005277420877825012,-0.6502416708223819,0.471
1,1.0,closed,mi_site,30,-0.0023468017340124714,0.4148731793590525,0.471
1,1.0,closed,mi_site,31,0.004117602984282431,-0.4656317076399759,0.471
1,1.0,closed,mi_site,32,0.0017642594206095374,0.6002723803379381,0.471
1,1.0,closed,mi_site,33,0.003948468608422906,-0.5686711204908745,0.471
1,1.0,closed,mi_site,34,0.0697736650929569,-0.4507718582834396,0.471
1,1.0,closed,mi_site,35,0.020456710549574347,-0.20367508528734884,0.471
1,1.0,closed,mi_site,36,-0.011419828424711814,-0.10852066254808806,0.471
1,1.0,closed,mi_site,37,0.016609323095542416,-0.365014911528079,0.471
1,1.0,closed,mi_site,38,-0.004689375902574899,-0.9237177176424918,0.471
1,1.0,closed,mi_site,39,0.0125688370561845,0.43518206056226416,0.471
1,1.0,closed,mi_site,40,-0.011446464933663525,-0.729638912140867,0.471
1,1.0,closed,mi_site,41,0.08528070642049529,0.060038228553334676,0.471
1,1.0,closed,mi_site,42,0.006831746301970906,-0.000878098856272877,0.471
1,1.0,closed,mi_site,43,0.012857006303096394,0.0021684687671997237,0.471
1,1.0,closed,mi_site,44,0.0025659263410983124,-0.7439292990123633,0.471
1,1.0,closed,mi_site,45,-0.017204912927619442,-0.4872074154978942,0.471
1,1.0,closed,mi_site,46,0.02080990751840739,0.8183312503857452,0.471
1,1.0,closed,mi_site,47,-0.09835533706133162,0.054702043864364336,0.471
1,1.0,closed,mi_site,48,0.00345982426183184,0.0006698387680414242,0.471
1,1.0,closed,mi_site,49,-0.021704472287749618,-0.00021930810851786584,0.471
1,1.0,closed,mi_site,50,-0.01731558950719736,0.6880961470798562,0.471
1,1.0,closed,mi_site,51,0.0022682435601276696,-0.5918530471114745,0.471
1,1.0,closed,mi_site,52,0.09754415423027757,0.3142339854707004,0.471
1,1.0,closed,mi_site,53,0.010583678706069022,0.5139762477863543,0.471
1,1.0,closed,mi_site,54,-0.006907803068302298,-0.6693142672528059,0.471
1,1.0,closed,mi_site,55,-0.009292778237814714,-0.684750288358951,0.471
1,1.0,closed,mi_site,56,-0.06955133989684709,0.09223386774133731,0.471
1,1.0,closed,mi_site,57,-0.004709188885047646,0.0024274948243419225,0.471
1,1.0,closed,mi_site,58,-0.035849429331510356,-0.0025424606170300575,0.471
1,1.0,closed,mi_site,59,-0.029111742731087964,0.5418396397512004,0.471
1,1.0,closed,mi_site,60,0.06545987207619308,0.7132590836190943,0.471
1,1.0,closed,mi_site,61,-0.07771519833716567,-0.5893851803072313,0.471
1,1.0,closed,mi_site,62,-0.1311656013161986,-0.4242144096896089,0.471
1,1.0,closed,mi_site,63,-0.03435515106965714,-0.7646492218165033,0.471
1,1.0,closed,mi_site,64,-0.017618253242550286,-0.4147214822941214,0.471
1,1.0,closed,mi_site,65,0.01586440014376589,0.5387041976596756,0.471
1,2.0,aligned,available,0,0.0022059891368214173,-0.020456112826082947,0.471
1,2.0,aligned,available,1,0.0028985439486197695,-0.8395202480125273,0.471
1,2.0,aligned,available,2,0.028229654241924695,-0.5888537708379814,0.471
1,2.0,aligned,available,3,-0.0035625778392849305,-0.7600296225096473,0.471
1,2.0,aligned,available,4,0.00662873848121881,0.7976962560344923,0.471
1,2.0,aligned,available,5,-0.0033996583525919277,-0.8786422888991128,0.471
1,2.0,aligned,available,6,0.0058821483665846275,0.7475866898323501,0.471
1,2.0,aligned,available,7,-0.006657062377690981,-0.2907329236798374,0.471
1,2.0,aligned,available,8,0.011250416788044337,-0.3813887682057586,0.471
1,2.0,aligned,available,9,-0.0030530646048843035,0.48972757747449824,0.471
1,2.0,aligned,available,10,0.0011610824813925724,0.8753759541181731,0.471
1,2.0,aligned,available,11,-0.02077917097549494,0.01221823975134664,0.471
1,2.0,aligned,available,12,0.008044024857097595,0.01700874133877731,0.471
1,2.0,aligned,available,13,-0.000624716943846769,0.01897068213669497,0.471
1,2.0,aligned,available,14,0.003714661510406534,-0.021765837565751463,0.471
1,2.0,aligned,available,15,0.005526611765290361,0.014395820412417963,0.471
1,2.0,aligned,available,16,-0.007186055501892736,-0.019629232805342865,0.471
1,2.0,aligned,available,17,-0.013262326095984676,-0.006766574859812053,0.471
1,2.0,aligned,available,18,-0.03528184980060677,-0.0035912697298902197,0.471
1,2.0,aligned,available,19,0.023219736691713493,-0.002552225028661127,0.471
1,2.0,aligned,available,20,0.01130915024351807,-0.02190540696419673,0.471
1,2.0,aligned,available,21,-0.00576690218657927,0.669789955351677,0.471
1,2.0,aligned,available,22,-0.025191533183233805,0.41506866447014107,0.471
1,2.0,aligned,available,23,0.006214807546267853,-0.4647378961849619,0.471
1,2.0,aligned,available,24,-0.0009180982147297678,0.9562931347268373,0.471
1,2.0,aligned,available,25,0.006328131993369013,-0.5580799181875385,0.471
1,2.0,aligned,available,26,0.007544255515769427,0.22793823097154103,0.471
1,2.0,aligned,available,27,-0.0039353328395114184,0.5018082790467805,0.471
1,2.0,aligned,available,28,0.0058129166026363865,-0.6407184252030947,0.471
1,2.0,aligned,available,29,0.011660192337938136,-0.6608198118425063,0.471
1,2.0,aligned,available,30,-0.056366901852593965,0.4284104321597544,0.471
1,2.0,aligned,available,31,0.0555947543184766,-0.4789064578837757,0.471
1,2.0,aligned,available,32,-0.039468663833758244,0.6095767610440351,0.471
1,2.0,aligned,available,33,0.024727377623724123,-0.5778244805748394,0.471
1,2.0,aligned,available,34,-0.007641589121059944,-0.43879816385749837,0.471
1,2.0,aligned,available,35,-0.05772653544176534,-0.19057706047874637,0.471
1,2.0,aligned,available,36,0.037759355784094464,-0.10905098457658485,0.471
1,2.0,aligned,available,37,0.0470341486905429,-0.37672443568254543,0.471
1,2.0,aligned,available,38,0.000581267551939324,-0.9266805016973256,0.471
1,2.0,aligned,available,39,0.003930854602275213,0.43710055101346995,0.471
1,2.0,aligned,available,40,0.0006024781489899489,-0.7417289249327108,0.471
1,2.0,aligned,available,41,0.01361350201922635,0.047500058112297044,0.471
1,2.0,aligned,available,42,-0.00371083068506516,-0.0066753890668541675,0.471
1,2.0,aligned,available,43,0.0031888503213852015,0.009406456803401724,0.471
1,2.0,aligned,available,44,-0.0006087459460401012,-0.7400486471082006,0.471
1,2.0,aligned,available,45,-0.007928758988550333,-0.48748666283336894,0.471
1,2.0,aligned,available,46,-0.0005102851456445512,0.828211811510817,0.471
1,2.0,aligned,available,47,-0.010786823041737052,0.06444648743216583,0.471
1,2.0,aligned,available,48,0.004995245141094564,0.0071239501500745,0.471
1,2.0,aligned,available,49,-0.0026067106043474,-0.0083834713344479,0.471
1,2.0,aligned,available,50,0.002137485926911764,0.6858418388853929,0.471
1,2.0,aligned,available,51,-0.002096703154834789,-0.5852512951843476,0.471
1,2.0,aligned,available,52,0.009914536009249353,0.32131766293511543,0.471
1,2.0,aligned,available,53,-0.019650352736551246,0.5219449325421314,0.471
1,2.0,aligned,available,54,0.005433251677904649,-0.6697787850646297,0.471
1,2.0,aligned,available,55,-0.0012416242508850317,-0.6936216458408426,0.471
1,2.0,aligned,available,56,-0.010622069955465899,0.10188154691580617,0.471
1,2.0,aligned,available,57,0.01622324795209662,0.010067836756771224,0.471
1,2.0,aligned,available,58,-0.012345299461164945,-0.012168620215295823,0.471
1,2.0,aligned,available,59,0.004353947923092183,0.5453767537036851,0.471
1,2.0,aligned,available,60,-0.0025222183708207835,0.7220448353869504,0.471
1,2.0,aligned,available,61,-0.006006679421629912,-0.604062290635671,0.471
1,2.0,aligned,available,62,-0.011278977927137834,-0.4272105879759173,0.471
1,2.0,aligned,available,63,0.004046612582986442,-0.7762031579006299,0.471
1,2.0,aligned,available,64,-0.0004485496391534727,-0.42471311913609766,0.471
1,2.0,aligned,available,65,-0.0012977024121220149,0.5438168880073428,0.471
1,2.0,aligned,mi_obs,0,0.015444103569198345,-0.020456112826082947,0.471
1,2.0,aligned,mi_obs,1,0.001554216676804665,-0.8395202480125273,0.471
1,2.0,aligned,mi_obs,2,-0.009115293367350952,-0.5888537708379814,0.471
1,2.0,aligned,mi_obs,3,0.009343691107056795,-0.7600296225096473,0.471
1,2.0,aligned,mi_obs,4,-0.012172058715794631,0.7976962560344923,0.471
1,2.0,aligned,mi_obs,5,-0.014857610448760328,-0.8786422888991128,0.471
1,2.0,aligned,mi_obs,6,-0.009271917968117882,0.7475866898323501,0.471
1,2.0,aligned,mi_obs,7,-0.1384212324125647,-0.2907329236798374,0.471
1,2.0,aligned,mi_obs,8,-0.01601470298461294,-0.3813887682057586,0.471
1,2.0,aligned,mi_obs,9,0.008356817154511864,0.48972757747449824,0.471
1,2.0,aligned,mi_obs,10,0.004675778804580366,0.8753759541181731,0.471
1,2.0,aligned,mi_obs,11,-0.038434577200082864,0.01221823975134664,0.471
1,2.0,aligned,mi_obs,12,0.028681070525830656,0.01700874133877731,0.471
1,2.0,aligned,mi_obs,13,-0.005019046331913466,0.01897068213669497,0.471
1,2.0,aligned,mi_obs,14,0.0007173664980033578,-0.021765837565751463,0.471
1,2.0,aligned,mi_obs,15,-0.012923454813440767,0.014395820412417963,0.471
1,2.0,aligned,mi_obs,16,0.003694268152039288,-0.019629232805342865,0.471
1,2.0,aligned,mi_obs,17,-0.01734881220235279,-0.006766574859812053,0.471
1,2.0,aligned,mi_obs,18,-0.008416035966641696,-0.0035912697298902197,0.471
1,2.0,aligned,mi_obs,19,0.018404093456156786,-0.002552225028661127,0.471
1,2.0,aligned,mi_obs,20,0.014056392472456115,-0.02190540696419673,0.471
1,2.0,aligned,mi_obs,21,0.017904338991281965,0.669789955351677,0.471
1,2.0,aligned,mi_obs,22,-0.013560343977228384,0.41506866447014107,0.471
1,2.0,aligned,mi_obs,23,0.01723157161266259,-0.4647378961849619,0.471
1,2.0,aligned,mi_obs,24,0.014637643489419205,0.9562931347268373,0.471
1,2.0,aligned,mi_obs,25,0.01927672967890992,-0.5580799181875385,0.471
1,2.0,aligned,mi_obs,26,0.10207009872591655,0.22793823097154103,0.471
1,2.0,aligned,mi_obs,27,0.020779490652619304,0.5018082790467805,0.471
1,2.0,aligned,mi_obs,28,-0.0054867441690293894,-0.6407184252030947,0.471
1,2.0,aligned,mi_obs,29,0.014748540398603405,-0.6608198118425063,0.471
1,2.0,aligned,mi_obs,30,-0.001563242310186841,0.4284104321597544,0.471
1,2.0,aligned,mi_obs,31,-0.009406758815337812,-0.4789064578837757,0.471
1,2.0,aligned,mi_obs,32,0.019475301340916573,0.6095767610440351,0.471
1,2.0,aligned,mi_obs,33,-0.017570460869692273,-0.5778244805748394,0.471
1,2.0,aligned,mi_obs,34,0.08732874574471544,-0.43879816385749837,0.471
1,2.0,aligned,mi_obs,35,0.0019047285888849907,-0.19057706047874637,0.471
1,2.0,aligned,mi_obs,36,-0.009216500009046238,-0.10905098457658485,0.471
1,2.0,aligned,mi_obs,37,0.006945719080635349,-0.37672443568254543,0.471
1,2.0,aligned,mi_obs,38,-0.011055408789232724,-0.9266805016973256,0.471
1,2.0,aligned,mi_obs,39,0.0015344452632983785,0.43710055101346995,0.471
1,2.0,aligned,mi_obs,40,-0.022433581982963968,-0.7417289249327108,0.471
1,2.0,aligned,mi_obs,41,0.09635838065519595,0.047500058112297044,0.471
1,2.0,aligned,mi_obs,42,-0.01004165740680427,-0.0066753890668541675,0.471
1,2.0,aligned,mi_obs,43,0.026682959044551483,0.009406456803401724,0.471
1,2.0,aligned,mi_obs,44,0.0029166402697524685,-0.7400486471082006,0.471
1,2.0,aligned,mi_obs,45,-0.004266774042942845,-0.48748666283336894,0.471
1,2.0,aligned,mi_obs,46,0.025030488626713643,0.828211811510817,0.471
1,2.0,aligned,mi_obs,47,-0.10738225831822512,0.06444648743216583,0.471
1,2.0,aligned,mi_obs,48,0.030082262910115495,0.0071239501500745,0.471
1,2.0,aligned,mi_obs,49,-0.039146974085638706,-0.0083834713344479,0.471
1,2.0,aligned,mi_obs,50,-0.014536557081252344,0.6858418388853929,0.471
1,2.0,aligned,mi_obs,51,0.014916676742055435,-0.5852512951843476,0.471
1,2.0,aligned,mi_obs,52,0.110168250280546,0.32131766293511543,0.471
1,2.0,aligned,mi_obs,53,0.010770464813996128,0.5219449325421314,0.471
1,2.0,aligned,mi_obs,54,-0.006326671133298212,-0.6697787850646297,0.471
1,2.0,aligned,mi_obs,55,-0.008900013065767931,-0.6936216458408426,0.471
1,2.0,aligned,mi_obs,56,-0.06954399581370199,0.10188154691580617,0.471
1,2.0,aligned,mi_obs,57,0.012522919930864003,0.010067836756771224,0.471
1,2.0,aligned,mi_obs,58,-0.062073944484459374,-0.012168620215295823,0.471
1,2.0,aligned,mi_obs,59,-0.025120349724529256,0.5453767537036851,0.471
1,2.0,aligned,mi_obs,60,0.07540538893426418,0.7220448353869504,0.471
1,2.0,aligned,mi_obs,61,-0.08780238476434887,-0.604062290635671,0.471
1,2.0,aligned,mi_obs,62,-0.14225607593841721,-0.4272105879759173,0.471
1,2.0,aligned,mi_obs,63,-0.04458734353015492,-0.7762031579006299,0.471
1,2.0,aligned,mi_obs,64,-0.016063089280621,-0.42471311913609766,0.471
1,2.0,aligned,mi_obs,65,0.013965120565931244,0.5438168880073428,0.471
1,2.0,aligned,mi_class,0,-0.03412085730791939,-0.020456112826082947,0.471
1,2.0,aligned,mi_class,1,0.11808799264226877,-0.8395202480125273,0.471
1,2.0,aligned,mi_class,2,-0.006690078632466068,-0.5888537708379814,0.471
1,2.0,aligned,mi_class,3,0.12822158444115916,-0.7600296225096473,0.471
1,2.0,aligned,mi_class,4,-0.12763723072190325,0.7976962560344923,0.471
1,2.0,aligned,mi_class,5,0.14019698645935452,-0.8786422888991128,0.471
1,2.0,aligned,mi_class,6,-0.12297614094831111,0.7475866898323501,0.471
1,2.0,aligned,mi_class,7,-0.03566492501402874,-0.2907329236798374,0.471
1,2.0,aligned,mi_class,8,-0.031665462013307166,-0.3813887682057586,0.471
1,2.0,aligned,mi_class,9,-0.4491093660872534,0.48972757747449824,0.471
1,2.0,aligned,mi_class,10,0.002780567670760292,0.8753759541181731,0.471
1,2.0,aligned,mi_class,11,-0.025678699519839344,0.01221823975134664,0.471
1,2.0,aligned,mi_class,12,0.02630518327360695,0.01700874133877731,0.471
1,2.0,aligned,mi_class,13,0.0542344200043803,0.01897068213669497,0.471
1,2.0,aligned,mi_class,14,-0.028397403259483193,-0.021765837565751463,0.471
1,2.0,aligned,mi_class,15,0.03059509905351157,0.014395820412417963,0.471
1,2.0,aligned,mi_class,16,-0.02693913949848529,-0.019629232805342865,0.471
1,2.0,aligned,mi_class,17,0.03126665010999182,-0.006766574859812053,0.471
1,2.0,aligned,mi_class,18,-0.017422358029822838,-0.0035912697298902197,0.471
1,2.0,aligned,mi_class,19,0.0009731462534004116,-0.002552225028661127,0.471
1,2.0,aligned,mi_class,20,-0.08148124755574757,-0.02190540696419673,0.471
1,2.0,aligned,mi_class,21,-0.14464662414499896,0.669789955351677,0.471
1,2.0,aligned,mi_class,22,-0.09346501162487031,0.41506866447014107,0.471
1,2.0,aligned,mi_class,23,0.15693574276387084,-0.4647378961849619,0.471
1,2.0,aligned,mi_class,24,-0.41620295438070776,0.9562931347268373,0.471
1,2.0,aligned,mi_class,25,0.16925557303552807,-0.5580799181875385,0.471
1,2.0,aligned,mi_class,26,-0.01730815826612525,0.22793823097154103,0.471
1,2.0,aligned,mi_class,27,-0.05091071003815978,0.5018082790467805,0.471
1,2.0,aligned,mi_class,28,0.6082759371051562,-0.6407184252030947,0.471
1,2.0,aligned,mi_class,29,0.07513841601965565,-0.6608198118425063,0.471
1,2.0,aligned,mi_class,30,-0.04252363498754025,0.4284104321597544,0.471
1,2.0,aligned,mi_class,31,0.08039782653614408,-0.4789064578837757,0.471
1,2.0,aligned,mi_class,32,-0.053886658266763754,0.6095767610440351,0.471
1,2.0,aligned,mi_class,33,0.10460242298275552,-0.5778244805748394,0.471
1,2.0,aligned,mi_class,34,0.09556353455159838,-0.43879816385749837,0.471
1,2.0,aligned,mi_class,35,0.051985199282974265,-0.19057706047874637,0.471
1,2.0,aligned,mi_class,36,0.09799355968381789,-0.10905098457658485,0.471
1,2.0,aligned,mi_class,37,-0.013812136068899583,-0.37672443568254543,0.471
1,2.0,aligned,mi_class,38,0.239491930696756,-0.9266805016973256,0.471
1,2.0,aligned,mi_class,39,0.012981138697532368,0.43710055101346995,0.471
1,2.0,aligned,mi_class,40,0.20755450046470536,-0.7417289249327108,0.471
1,2.0,aligned,mi_class,41,0.006504865545174904,0.047500058112297044,0.471
1,2.0,aligned,mi_class,42,0.09366681940486186,-0.0066753890668541675,0.471
1,2.0,aligned,mi_class,43,-0.019129169519181456,0.009406456803401724,0.471
1,2.0,aligned,mi_class,44,0.1334315861737797,-0.7400486471082006,0.471
1,2.0,aligned,mi_class,45,0.027692733088813315,-0.48748666283336894,0.471
1,2.0,aligned,mi_class,46,-0.17265827107537346,0.828211811510817,0.471
1,2.0,aligned,mi_class,47,-0.05577504733230605,0.06444648743216583,0.471
1,2.0,aligned,mi_class,48,0.0037492261677923282,0.0071239501500745,0.471
1,2.0,aligned,mi_class,49,0.03587041595142158,-0.0083834713344479,0.471
1,2.0,aligned,mi_class,50,-0.1148064192571232,0.6858418388853929,0.471
1,2.0,aligned,mi_class,51,0.07890825864884499,-0.5852512951843476,0.471
1,2.0,aligned,mi_class,52,-0.019044567667005408,0.32131766293511543,0.471
1,2.0,aligned,mi_class,53,-0.062247585651596604,0.5219449325421314,0.471
1,2.0,aligned,mi_class,54,0.6229080934821284,-0.6697787850646297,0.471
1,2.0,aligned,mi_class,55,0.09923562652250073,-0.6936216458408426,0.471
1,2.0,aligned,mi_class,56,-0.087047192577319,0.10188154691580617,0.471
1,2.0,aligned,mi_class,57,-0.04140117652571257,0.010067836756771224,0.471
1,2.0,aligned,mi_class,58,-0.3971188879642958,-0.012168620215295823,0.471
1,2.0,aligned,mi_class,59,-0.0614519765764554,0.5453767537036851,0.471
1,2.0,aligned,mi_class,60,-0.05493421216976979,0.7220448353869504,0.471
1,2.0,aligned,mi_class,61,0.5650163234739655,-0.604062290635671,0.471
1,2.0,aligned,mi_class,62,-0.005743224901545496,-0.4272105879759173,0.471
1,2.0,aligned,mi_class,63,0.6925552930675617,-0.7762031579006299,0.471
1,2.0,aligned,mi_class,64,-0.05621755674568624,-0.42471311913609766,0.471
1,2.0,aligned,mi_class,65,-0.4985410581573524,0.5438168880073428,0.471
1,2.0,aligned,mi_site,0,0.012560478341466166,-0.020456112826082947,0.471
1,2.0,aligned,mi_site,1,0.10178202136575665,-0.8395202480125273,0.471
1,2.0,aligned,mi_site,2,0.1238115535085621,-0.5888537708379814,0.471
1,2.0,aligned,mi_site,3,0.07188789903709025,-0.7600296225096473,0.471
1,2.0,aligned,mi_site,4,-0.038219065881372805,0.7976962560344923,0.471
1,2.0,aligned,mi_site,5,0.06341618465538323,-0.8786422888991128,0.471
1,2.0,aligned,mi_site,6,-0.04830674887723663,0.7475866898323501,0.471
1,2.0,aligned,mi_site,7,-0.03319306448093662,-0.2907329236798374,0.471
1,2.0,aligned,mi_site,8,0.015465354495003414,-0.3813887682057586,0.471
1,2.0,aligned,mi_site,9,-0.034265072875046654,0.48972757747449824,0.471
1,2.0,aligned,mi_site,10,-0.07514911628737608,0.8753759541181731,0.471
1,2.0,aligned,mi_site,11,-0.029664444904455446,0.01221823975134664,0.471
1,2.0,aligned,mi_site,12,0.008628759688796526,0.01700874133877731,0.471
1,2.0,aligned,mi_site,13,-0.007888487068638653,0.01897068213669497,0.471
1,2.0,aligned,mi_site,14,0.00303369546691562,-0.021765837565751463,0.471
1,2.0,aligned,mi_site,15,-0.011647361516025249,0.014395820412417963,0.471
1,2.0,aligned,mi_site,16,0.0012508963838195747,-0.019629232805342865,0.471
1,2.0,aligned,mi_site,17,-0.0063451234991971075,-0.006766574859812053,0.471
1,2.0,aligned,mi_site,18,-0.012958102224898516,-0.0035912697298902197,0.471
1,2.0,aligned,mi_site,19,0.016030556864985147,-0.002552225028661127,0.471
1,2.0,aligned,mi_site,20,0.012181541462373987,-0.02190540696419673,0.471
1,2.0,aligned,mi_site,21,-0.043598899066239705,0.669789955351677,0.471
1,2.0,aligned,mi_site,22,-0.024202556050061164,0.41506866447014107,0.471
1,2.0,aligned,mi_site,23,0.011111754246161842,-0.4647378961849619,0.471
1,2.0,aligned,mi_site,24,-0.01874230265592014,0.9562931347268373,0.471
1,2.0,aligned,mi_site,25,0.0042901477123363785,-0.5580799181875385,0.471
1,2.0,aligned,mi_site,26,0.04504269464535332,0.22793823097154103,0.471
1,2.0,aligned,mi_site,27,-0.00458119141331359,0.5018082790467805,0.471
1,2.0,aligned,mi_site,28,0.02035823802616299,-0.6407184252030947,0.471
1,2.0,aligned,mi_site,29,0.05231401930608992,-0.6608198118425063,0.471
1,2.0,aligned,mi_site,30,-0.05003874209794423,0.4284104321597544,0.471
1,2.0,aligned,mi_site,31,0.07254033095272328,-0.4789064578837757,0.471
1,2.0,aligned,mi_site,32,-0.062219940672185614,0.6095767610440351,0.471
1,2.0,aligned,mi_site,33,0.04656540069514625,-0.5778244805748394,0.471
1,2.0,aligned,mi_site,34,0.0884982801268025,-0.43879816385749837,0.471
1,2.0,aligned,mi_site,35,0.0225735692239738,-0.19057706047874637,0.471
1,2.0,aligned,mi_site,36,0.008803371349718966,-0.10905098457658485,0.471
1,2.0,aligned,mi_site,37,0.0629747053405268,-0.37672443568254543,0.471
1,2.0,aligned,mi_site,38,0.03931342685510475,-0.9266805016973256,0.471
1,2.0,aligned,mi_site,39,0.01066645188643811,0.43710055101346995,0.471
1,2.0,aligned,mi_site,40,-0.005208963500912822,-0.7417289249327108,0.471
1,2.0,aligned,mi_site,41,0.05220296142213397,0.047500058112297044,0.471
1,2.0,aligned,mi_site,42,0.010517949804952452,-0.0066753890668541675,0.471
1,2.0,aligned,mi_site,43,0.008093366810054625,0.009406456803401724,0.471
1,2.0,aligned,mi_site,44,0.03038608107795049,-0.7400486471082006,0.471
1,2.0,aligned,mi_site,45,-0.025877404837254536,-0.48748666283336894,0.471
1,2.0,aligned,mi_site,46,0.013408876610849774,0.828211811510817,0.471
1,2.0,aligned,mi_site,47,-0.07120149863750405,0.06444648743216583,0.471
1,2.0,aligned,mi_site,48,-0.013171034189161032,0.0071239501500745,0.471
1,2.0,aligned,mi_site,49,0.00019578596663705206,-0.0083834713344479,0.471
1,2.0,aligned,mi_site,50,-0.03355367868402093,0.6858418388853929,0.471
1,2.0,aligned,mi_site,51,-0.018731538851328167,-0.5852512951843476,0.471
1,2.0,aligned,mi_site,52,0.043343396846389604,0.32131766293511543,0.471
1,2.0,aligned,mi_site,53,0.01602174851894056,0.5219449325421314,0.471
1,2.0,aligned,mi_site,54,0.005912289784149705,-0.6697787850646297,0.471
1,2.0,aligned,mi_site,55,0.010184750154214828,-0.6936216458408426,0.471
1,2.0,aligned,mi_site,56,-0.028436283586662156,0.10188154691580617,0.471
1,2.0,aligned,mi_site,57,-0.008579852411469555,0.010067836756771224,0.471
1,2.0,aligned,mi_site,58,-0.02545909114727675,-0.012168620215295823,0.471
1,2.0,aligned,mi_site,59,-0.022935292976749788,0.5453767537036851,0.471
1,2.0,aligned,mi_site,60,0.06660640769512993,0.7220448353869504,0.471
1,2.0,aligned,mi_site,61,-0.04692739668958712,-0.604062290635671,0.471
1,2.0,aligned,mi_site,62,-0.06004664633012835,-0.4272105879759173,0.471
1,2.0,aligned,mi_site,63,-0.02684667193491852,-0.7762031579006299,0.471
1,2.0,aligned,mi_site,64,-0.009431505674091956,-0.42471311913609766,0.471
1,2.0,aligned,mi_site,65,-0.0030848607279945206,0.5438168880073428,0.471
1,2.0,closed,available,0,-0.012162578752837699,-0.020456112826082947,0.471
1,2.0,closed,available,1,0.0009917670575677606,-0.8395202480125273,0.471
1,2.0,closed,available,2,0.004734422322341891,-0.5888537708379814,0.471
1,2.0,closed,available,3,-0.002860453892503112,-0.7600296225096473,0.471
1,2.0,closed,available,4,-0.0036797973411829554,0.7976962560344923,0.471
1,2.0,closed,available,5,0.00016110448813833056,-0.8786422888991128,0.471
1,2.0,closed,available,6,-0.006256869827081291,0.7475866898323501,0.471
1,2.0,closed,available,7,-0.014242336681514922,-0.2907329236798374,0.471
1,2.0,closed,available,8,-0.0107770409814964,-0.3813887682057586,0.471
1,2.0,closed,available,9,-7.317845387277977e-05,0.48972757747449824,0.471
1,2.0,closed,available,10,0.0017549793254124646,0.8753759541181731,0.471
1,2.0,closed,available,11,0.01596353234179464,0.01221823975134664,0.471
1,2.0,closed,available,12,0.002836539491669208,0.01700874133877731,0.471
1,2.0,closed,available,13,-0.00015045650997849713,0.01897068213669497,0.471
1,2.0,closed,available,14,-0.011737458522122317,-0.021765837565751463,0.471
1,2.0,closed,available,15,-0.0006900460048902251,0.014395820412417963,0.471
1,2.0,closed,available,16,-0.011845717616956054,-0.019629232805342865,0.471
1,2.0,closed,available,17,-0.007383768289466896,-0.006766574859812053,0.471
1,2.0,closed,available,18,-0.003128873484465164,-0.0035912697298902197,0.471
1,2.0,closed,available,19,0.0037657091116928302,-0.002552225028661127,0.471
1,2.0,closed,available,20,-5.605966351045211e-05,-0.02190540696419673,0.471
1,2.0,closed,available,21,-0.002782203309245168,0.669789955351677,0.471
1,2.0,closed,available,22,-0.0008896915568231134,0.41506866447014107,0.471
1,2.0,closed,available,23,0.02105564736573734,-0.4647378961849619,0.471
1,2.0,closed,available,24,0.00017740184284631422,0.9562931347268373,0.471
1,2.0,closed,available,25,0.009602222748672284,-0.5580799181875385,0.471
1,2.0,closed,available,26,0.02380338330617765,0.22793823097154103,0.471
1,2.0,closed,available,27,0.012223411937649309,0.5018082790467805,0.471
1,2.0,closed,available,28,-0.008166906664078488,-0.6407184252030947,0.471
1,2.0,closed,available,29,-0.0024927350254951852,-0.6608198118425063,0.471
1,2.0,closed,available,30,-0.011158101866069026,0.4284104321597544,0.471
1,2.0,closed,available,31,0.0033818330653945794,-0.4789064578837757,0.471
1,2.0,closed,available,32,-0.005168256197193077,0.6095767610440351,0.471
1,2.0,closed,available,33,0.004961913559200615,-0.5778244805748394,0.471
1,2.0,closed,available,34,-0.031252538249374684,-0.43879816385749837,0.471
1,2.0,closed,available,35,0.009210917144721553,-0.19057706047874637,0.471
1,2.0,closed,available,36,0.00381629307208875,-0.10905098457658485,0.471
1,2.0,closed,available,37,0.004921163985047827,-0.37672443568254543,0.471
1,2.0,closed,available,38,-0.0009600541017967812,-0.9266805016973256,0.471
1,2.0,closed,available,39,-0.0009681110804421467,0.43710055101346995,0.471
1,2.0,closed,available,40,0.00027605330206648127,-0.7417289249327108,0.471
1,2.0,closed,available,41,-0.0009341445473811452,0.047500058112297044,0.471
1,2.0,closed,available,42,0.01363431019402828,-0.0066753890668541675,0.471
1,2.0,closed,available,43,-0.006300256382229534,0.009406456803401724,0.471
1,2.0,closed,available,44,0.0024489299788267305,-0.7400486471082006,0.471
1,2.0,closed,available,45,0.005637380436807171,-0.48748666283336894,0.471
1,2.0,closed,available,46,-0.002897988325814116,0.828211811510817,0.471
1,2.0,closed,available,47,-0.0029066203214738254,0.06444648743216583,0.471
1,2.0,closed,available,48,-0.013665305744316984,0.0071239501500745,0.471
1,2.0,closed,available,49,0.004658990917438158,-0.0083834713344479,0.471
1,2.0,closed,available,50,-0.0028837067450699916,0.6858418388853929,0.471
1,2.0,closed,available,51,0.004631814621254615,-0.5852512951843476,0.471
1,2.0,closed,available,52,0.005984456276008909,0.32131766293511543,0.471
1,2.0,closed,available,53,0.02860980235239219,0.5219449325421314,0.471
1,2.0,closed,available,54,-0.00412781404830731,-0.6697787850646297,0.471
1,2.0,closed,available,55,-0.0029458648230770157,-0.6936216458408426,0.471
1,2.0,closed,available,56,-0.004009426923581,0.10188154691580617,0.471
1,2.0,closed,available,57,-0.02139665327725862,0.010067836756771224,0.471
1,2.0,closed,available,58,0.004039763216468281,-0.012168620215295823,0.471
1,2.0,closed,available,59,-0.0037666269682421483,0.5453767537036851,0.471
1,2.0,closed,available,60,0.0010921049950547435,0.7220448353869504,0.471
1,2.0,closed,available,61,-0.0013145611033790194,-0.604062290635671,0.471
1,2.0,closed,available,62,-0.0005643332722596317,-0.4272105879759173,0.471
1,2.0,closed,available,63,-0.0006458655312479022,-0.7762031579006299,0.471
1,2.0,closed,available,64,-0.01169098967019977,-0.42471311913609766,0.471
1,2.0,closed,available,65,-0.0008407264180126939,0.5438168880073428,0.471
1,2.0,closed,mi_obs,0,-0.00911291326203226,-0.020456112826082947,0.471
1,2.0,closed,mi_obs,1,-0.0079127849050864,-0.8395202480125273,0.471
1,2.0,closed,mi_obs,2,0.0025441660855644033,-0.5888537708379814,0.471
1,2.0,closed,mi_obs,3,0.008961284425331062,-0.7600296225096473,0.471
1,2.0,closed,mi_obs,4,-0.014468749046302354,0.7976962560344923,0.471
1,2.0,closed,mi_obs,5,-0.013513033852816658,-0.8786422888991128,0.471
1,2.0,closed,mi_obs,6,0.0026446422847246076,0.7475866898323501,0.471
1,2.0,closed,mi_obs,7,-0.13994342430390178,-0.2907329236798374,0.471
1,2.0,closed,mi_obs,8,-0.006122044568009022,-0.3813887682057586,0.471
1,2.0,closed,mi_obs,9,0.012940592506512583,0.48972757747449824,0.471
1,2.0,closed,mi_obs,10,0.00533986259044561,0.8753759541181731,0.471
1,2.0,closed,mi_obs,11,0.04600138842158716,0.01221823975134664,0.471
1,2.0,closed,mi_obs,12,0.05554605920254582,0.01700874133877731,0.471
1,2.0,closed,mi_obs,13,-0.00809782921647616,0.01897068213669497,0.471
1,2.0,closed,mi_obs,14,-0.007710208317175452,-0.021765837565751463,0.471
1,2.0,closed,mi_obs,15,0.00690369299601133,0.014395820412417963,0.471
1,2.0,closed,mi_obs,16,-0.01907233376782047,-0.019629232805342865,0.471
1,2.0,closed,mi_obs,17,0.009061334739854428,-0.006766574859812053,0.471
1,2.0,closed,mi_obs,18,-0.026733103547911335,-0.0035912697298902197,0.471
1,2.0,closed,mi_obs,19,-0.008765057021655259,-0.002552225028661127,0.471
1,2.0,closed,mi_obs,20,-0.003234238946240038,-0.02190540696419673,0.471
1,2.0,closed,mi_obs,21,-0.0035498243606159052,0.669789955351677,0.471
1,2.0,closed,mi_obs,22,-0.009484380295811667,0.41506866447014107,0.471
1,2.0,closed,mi_obs,23,0.01770575768385957,-0.4647378961849619,0.471
1,2.0,closed,mi_obs,24,0.02032605012490918,0.9562931347268373,0.471
1,2.0,closed,mi_obs,25,-0.014542049361262466,-0.5580799181875385,0.471
1,2.0,closed,mi_obs,26,0.11256060704014414,0.22793823097154103,0.471
1,2.0,closed,mi_obs,27,0.017833645304935364,0.5018082790467805,0.471
1,2.0,closed,mi_obs,28,-0.007818966042845932,-0.6407184252030947,0.471
1,2.0,closed,mi_obs,29,0.005158598794918423,-0.6608198118425063,0.471
1,2.0,closed,mi_obs,30,-0.002802190630975143,0.4284104321597544,0.471
1,2.0,closed,mi_obs,31,-0.00013256646962028773,-0.4789064578837757,0.471
1,2.0,closed,mi_obs,32,0.005502715325023888,0.6095767610440351,0.471
1,2.0,closed,mi_obs,33,-0.023266411280121302,-0.5778244805748394,0.471
1,2.0,closed,mi_obs,34,0.07264994737013769,-0.43879816385749837,0.471
1,2.0,closed,mi_obs,35,0.027774434588247687,-0.19057706047874637,0.471
1,2.0,closed,mi_obs,36,0.01725220176441196,-0.10905098457658485,0.471
1,2.0,closed,mi_obs,37,0.01713682704726499,-0.37672443568254543,0.471
1,2.0,closed,mi_obs,38,-0.012481403201859309,-0.9266805016973256,0.471
1,2.0,closed,mi_obs,39,-0.0016164288891740708,0.43710055101346995,0.471
1,2.0,closed,mi_obs,40,-0.024608754097096286,-0.7417289249327108,0.471
1,2.0,closed,mi_obs,41,0.09862778757689677,0.047500058112297044,0.471
1,2.0,closed,mi_obs,42,-0.013746423085868317,-0.0066753890668541675,0.471
1,2.0,closed,mi_obs,43,0.02279799561900363,0.009406456803401724,0.471
1,2.0,closed,mi_obs,44,0.004712569927569965,-0.7400486471082006,0.471
1,2.0,closed,mi_obs,45,0.003253789272676222,-0.48748666283336894,0.471
1,2.0,closed,mi_obs,46,0.02176058692906213,0.828211811510817,0.471
1,2.0,closed,mi_obs,47,-0.11545212307626308,0.06444648743216583,0.471
1,2.0,closed,mi_obs,48,0.026836438419367156,0.0071239501500745,0.471
1,2.0,closed,mi_obs,49,-0.0307542240061535,-0.0083834713344479,0.471
1,2.0,closed,mi_obs,50,-0.013771607140587006,0.6858418388853929,0.471
1,2.0,closed,mi_obs,51,-0.006023621039950133,-0.5852512951843476,0.471
1,2.0,closed,mi_obs,52,0.10736632074918928,0.32131766293511543,0.471
1,2.0,closed,mi_obs,53,0.011330674991696488,0.5219449325421314,0.471
1,2.0,closed,mi_obs,54,-0.009648387908592126,-0.6697787850646297,0.471
1,2.0,closed,mi_obs,55,-0.007973352052145888,-0.6936216458408426,0.471
1,2.0,closed,mi_obs,56,-0.09300540891394869,0.10188154691580617,0.471
1,2.0,closed,mi_obs,57,0.014563639250697197,0.010067836756771224,0.471
1,2.0,closed,mi_obs,58,-0.04298329354840175,-0.012168620215295823,0.471
1,2.0,closed,mi_obs,59,-0.01381187543536977,0.5453767537036851,0.471
1,2.0,closed,mi_obs,60,0.059584940225983596,0.7220448353869504,0.471
1,2.0,closed,mi_obs,61,-0.07055398621128406,-0.604062290635671,0.471
1,2.0,closed,mi_obs,62,-0.13663797035730335,-0.4272105879759173,0.471
1,2.0,closed,mi_obs,63,-0.050834582499717285,-0.7762031579006299,0.471
1,2.0,closed,mi_obs,64,-0.009696738675466332,-0.42471311913609766,0.471
1,2.0,closed,mi_obs,65,0.01920879219611149,0.5438168880073428,0.471
1,2.0,closed,mi_class,0,0.01962276605209408,-0.020456112826082947,0.471
1,2.0,closed,mi_class,1,0.11762824704092167,-0.8395202480125273,0.471
1,2.0,closed,mi_class,2,0.031734803392582056,-0.5888537708379814,0.471
1,2.0,closed,mi_class,3,0.09123129541252128,-0.7600296225096473,0.471
1,2.0,closed,mi_class,4,-0.166604294792966,0.7976962560344923,0.471
1,2.0,closed,mi_class,5,0.10812751145833499,-0.8786422888991128,0.471
1,2.0,closed,mi_class,6,-0.10477968980546348,0.7475866898323501,0.471
1,2.0,closed,mi_class,7,0.012504411303651264,-0.2907329236798374,0.471
1,2.0,closed,mi_class,8,-0.042787938982464135,-0.3813887682057586,0.471
1,2.0,closed,mi_class,9,-0.26019750230694383,0.48972757747449824,0.471
1,2.0,closed,mi_class,10,0.0013915338632567442,0.8753759541181731,0.471
1,2.0,closed,mi_class,11,-0.037548154301683234,0.01221823975134664,0.471
1,2.0,closed,mi_class,12,-0.00233718212993792,0.01700874133877731,0.471
1,2.0,closed,mi_class,13,-0.08126882797649748,0.01897068213669497,0.471
1,2.0,closed,mi_class,14,0.03782434012189625,-0.021765837565751463,0.471
1,2.0,closed,mi_class,15,-0.04010945234598189,0.014395820412417963,0.471
1,2.0,closed,mi_class,16,0.024762196218249287,-0.019629232805342865,0.471
1,2.0,closed,mi_class,17,-0.029109251748457805,-0.006766574859812053,0.471
1,2.0,closed,mi_class,18,-2.9421300814640085e-05,-0.0035912697298902197,0.471
1,2.0,closed,mi_class,19,-0.01543771663720971,-0.002552225028661127,0.471
1,2.0,closed,mi_class,20,0.0549962905046949,-0.02190540696419673,0.471
1,2.0,closed,mi_class,21,-0.21797773785191998,0.669789955351677,0.471
1,2.0,closed,mi_class,22,-0.09224980130515947,0.41506866447014107,0.471
1,2.0,closed,mi_class,23,0.2454964691724099,-0.4647378961849619,0.471
1,2.0,closed,mi_class,24,-0.37435725867371605,0.9562931347268373,0.471
1,2.0,closed,mi_class,25,0.17788263493576528,-0.5580799181875385,0.471
1,2.0,closed,mi_class,26,-0.09230033883465916,0.22793823097154103,0.471
1,2.0,closed,mi_class,27,-0.05878699269387572,0.5018082790467805,0.471
1,2.0,closed,mi_class,28,0.5954399454535717,-0.6407184252030947,0.471
1,2.0,closed,mi_class,29,0.07692868442047018,-0.6608198118425063,0.471
1,2.0,closed,mi_class,30,-0.0188341925783323,0.4284104321597544,0.471
1,2.0,closed,mi_class,31,0.10663587313371042,-0.4789064578837757,0.471
1,2.0,closed,mi_class,32,-0.07471799835971116,0.6095767610440351,0.471
1,2.0,closed,mi_class,33,0.11248214053227645,-0.5778244805748394,0.471
1,2.0,closed,mi_class,34,0.06852603351028386,-0.43879816385749837,0.471
1,2.0,closed,mi_class,35,0.0703473808866838,-0.19057706047874637,0.471
1,2.0,closed,mi_class,36,-0.0910967950933777,-0.10905098457658485,0.471
1,2.0,closed,mi_class,37,0.01399956623096843,-0.37672443568254543,0.471
1,2.0,closed,mi_class,38,0.15084615033679172,-0.9266805016973256,0.471
1,2.0,closed,mi_class,39,0.061784019312332794,0.43710055101346995,0.471
1,2.0,closed,mi_class,40,0.03711507768596167,-0.7417289249327108,0.471
1,2.0,closed,mi_class,41,-0.011357218371526576,0.047500058112297044,0.471
1,2.0,closed,mi_class,42,0.07376916377185111,-0.0066753890668541675,0.471
1,2.0,closed,mi_class,43,-0.0462333275931268,0.009406456803401724,0.471
1,2.0,closed,mi_class,44,0.0992115816331185,-0.7400486471082006,0.471
1,2.0,closed,mi_class,45,0.09223357889466094,-0.48748666283336894,0.471
1,2.0,closed,mi_class,46,-0.14253237389551932,0.828211811510817,0.471
1,2.0,closed,mi_class,47,-0.04354768079612358,0.06444648743216583,0.471
1,2.0,closed,mi_class,48,0.008939209882671441,0.0071239501500745,0.471
1,2.0,closed,mi_class,49,0.007123168373969921,-0.0083834713344479,0.471
1,2.0,closed,mi_class,50,-0.134735846282535,0.6858418388853929,0.471
1,2.0,closed,mi_class,51,-0.04423900051394514,-0.5852512951843476,0.471
1,2.0,closed,mi_class,52,-0.041194901192202815,0.32131766293511543,0.471
1,2.0,closed,mi_class,53,-0.034152812923431586,0.5219449325421314,0.471
1,2.0,closed,mi_class,54,0.402602920812081,-0.6697787850646297,0.471
1,2.0,closed,mi_class,55,0.06507526281948084,-0.6936216458408426,0.471
1,2.0,closed,mi_class,56,-0.02146539977261608,0.10188154691580617,0.471
1,2.0,closed,mi_class,57,-0.07203799851488328,0.010067836756771224,0.471
1,2.0,closed,mi_class,58,0.00887143732591962,-0.012168620215295823,0.471
1,2.0,closed,mi_class,59,-0.05400485404093758,0.5453767537036851,0.471
1,2.0,closed,mi_class,60,-0.10284101027954773,0.7220448353869504,0.471
1,2.0,closed,mi_class,61,0.38908572213998144,-0.604062290635671,0.471
1,2.0,closed,mi_class,62,0.05534083283641017,-0.4272105879759173,0.471
1,2.0,closed,mi_class,63,0.3187847379010281,-0.7762031579006299,0.471
1,2.0,closed,mi_class,64,-0.07474338658896201,-0.42471311913609766,0.471
1,2.0,closed,mi_class,65,-0.27684096152017745,0.5438168880073428,0.471
1,2.0,closed,mi_site,0,-0.005742499651143734,-0.020456112826082947,0.471
1,2.0,closed,mi_site,1,-0.006677822457762828,-0.8395202480125273,0.471
1,2.0,closed,mi_site,2,0.00624979626551192,-0.5888537708379814,0.471
1,2.0,closed,mi_site,3,0.004420819515077334,-0.7600296225096473,0.471
1,2.0,closed,mi_site,4,-0.01165694735354017,0.7976962560344923,0.471
1,2.0,closed,mi_site,5,-0.015034962276484154,-0.8786422888991128,0.471
1,2.0,closed,mi_site,6,-0.0024265179045718233,0.7475866898323501,0.471
1,2.0,closed,mi_site,7,-0.1284267054162868,-0.2907329236798374,0.471
1,2.0,closed,mi_site,8,-0.009133451999598474,-0.3813887682057586,0.471
1,2.0,closed,mi_site,9,0.01106572644172965,0.48972757747449824,0.471
1,2.0,closed,mi_site,10,0.006338574023377785,0.8753759541181731,0.471
1,2.0,closed,mi_site,11,0.020808897411165293,0.01221823975134664,0.471
1,2.0,closed,mi_site,12,0.03410524484250538,0.01700874133877731,0.471
1,2.0,closed,mi_site,13,0.004995280891980657,0.01897068213669497,0.471
1,2.0,closed,mi_site,14,-0.01060407759581078,-0.021765837565751463,0.471
1,2.0,closed,mi_site,15,0.0011198980853523478,0.014395820412417963,0.471
1,2.0,closed,mi_site,16,-0.016149914900116843,-0.019629232805342865,0.471
1,2.0,closed,mi_site,17,0.003695548306329635,-0.006766574859812053,0.471
1,2.0,closed,mi_site,18,-0.028908366743067453,-0.0035912697298902197,0.471
1,2.0,closed,mi_site,19,0.0014771136480199645,-0.002552225028661127,0.471
1,2.0,closed,mi_site,20,-0.0026796378307901263,-0.02190540696419673,0.471
1,2.0,closed,mi_site,21,-0.005664365043494435,0.669789955351677,0.471
1,2.0,closed,mi_site,22,-0.003309691780551516,0.41506866447014107,0.471
1,2.0,closed,mi_site,23,0.00903980127615095,-0.4647378961849619,0.471
1,2.0,closed,mi_site,24,0.01443335206432661,0.9562931347268373,0.471
1,2.0,closed,mi_site,25,-0.010361203875203118,-0.5580799181875385,0.471
1,2.0,closed,mi_site,26,0.09897631233890503,0.22793823097154103,0.471
1,2.0,closed,mi_site,27,0.00955280236660061,0.5018082790467805,0.471
1,2.0,closed,mi_site,28,-0.009231776684310411,-0.6407184252030947,0.471
1,2.0,closed,mi_site,29,0.003383477585225947,-0.6608198118425063,0.471
1,2.0,closed,mi_site,30,0.005406333350360004,0.4284104321597544,0.471
1,2.0,closed,mi_site,31,-0.004831980307062056,-0.4789064578837757,0.471
1,2.0,closed,mi_site,32,-0.0031926843523398807,0.6095767610440351,0.471
1,2.0,closed,mi_site,33,-0.013093654162674495,-0.5778244805748394,0.471
1,2.0,closed,mi_site,34,0.06738346681732438,-0.43879816385749837,0.471
1,2.0,closed,mi_site,35,0.031639294213979624,-0.19057706047874637,0.471
1,2.0,closed,mi_site,36,0.006735160405803672,-0.10905098457658485,0.471
1,2.0,closed,mi_site,37,0.011789668012544552,-0.37672443568254543,0.471
1,2.0,closed,mi_site,38,-0.008167711348477824,-0.9266805016973256,0.471
1,2.0,closed,mi_site,39,0.01213344453069043,0.43710055101346995,0.471
1,2.0,closed,mi_site,40,-0.0203599201362612,-0.7417289249327108,0.471
1,2.0,closed,mi_site,41,0.09391237753145729,0.047500058112297044,0.471
1,2.0,closed,mi_site,42,-0.010490444456336255,-0.0066753890668541675,0.471
1,2.0,closed,mi_site,43,0.017107228081485133,0.009406456803401724,0.471
1,2.0,closed,mi_site,44,0.00476674038579239,-0.7400486471082006,0.471
1,2.0,closed,mi_site,45,-0.010232174496909274,-0.48748666283336894,0.471
1,2.0,closed,mi_site,46,0.019650148856695693,0.828211811510817,0.471
1,2.0,closed,mi_site,47,-0.10778397264934464,0.06444648743216583,0.471
1,2.0,closed,mi_site,48,0.0201774712729631,0.0071239501500745,0.471
1,2.0,closed,mi_site,49,-0.021992777869875645,-0.0083834713344479,0.471
1,2.0,closed,mi_site,50,-0.015846351799599034,0.6858418388853929,0.471
1,2.0,closed,mi_site,51,-0.007445941366666542,-0.5852512951843476,0.471
1,2.0,closed,mi_site,52,0.09927186106302938,0.32131766293511543,0.471
1,2.0,closed,mi_site,53,0.007761688311899606,0.5219449325421314,0.471
1,2.0,closed,mi_site,54,-0.0058182469958230065,-0.6697787850646297,0.471
1,2.0,closed,mi_site,55,-0.012430917260746077,-0.6936216458408426,0.471
1,2.0,closed,mi_site,56,-0.08477070991159681,0.10188154691580617,0.471
1,2.0,closed,mi_site,57,0.017250801122364788,0.010067836756771224,0.471
1,2.0,closed,mi_site,58,-0.034853785412748806,-0.012168620215295823,0.471
1,2.0,closed,mi_site,59,-0.017707147741576,0.5453767537036851,0.471
1,2.0,closed,mi_site,60,0.05606669507573847,0.7220448353869504,0.471
1,2.0,closed,mi_site,61,-0.05763456480569862,-0.604062290635671,0.471
1,2.0,closed,mi_site,62,-0.12622867827287138,-0.4272105879759173,0.471
1,2.0,closed,mi_site,63,-0.03956351027810523,-0.7762031579006299,0.471
1,2.0,closed,mi_site,64,-0.010963012435131259,-0.42471311913609766,0.471
1,2.0,closed,mi_site,65,0.014449223758516205,0.5438168880073428,0.471
