rep,gamma,alignment,estimator,pair,signed_err,truth,miss_rate
2,0.0,aligned,available,0,-0.01493037734615782,-0.2951027607429828,0.4696625
2,0.0,aligned,available,1,0.0066558489281711335,-0.001177713100640719,0.4696625
2,0.0,aligned,available,2,-0.016641058050551272,0.49036020331064667,0.4696625
2,0.0,aligned,available,3,-0.008805077320447663,-0.373233436771207,0.4696625
2,0.0,aligned,available,4,-0.0005891508218753595,-0.008107203623311375,0.4696625
2,0.0,aligned,available,5,0.00973630543789522,0.3093313907663805,0.4696625
2,0.0,aligned,available,6,0.008408597840984224,0.005235598566450456,0.4696625
2,0.0,aligned,available,7,-0.005837097720955841,0.003620327848921195,0.4696625
2,0.0,aligned,available,8,-0.01406371512406418,0.007670748180429607,0.4696625
2,0.0,aligned,available,9,-0.0020434312708522695,0.8246662389849354,0.4696625
2,0.0,aligned,available,10,-0.0124632788022708,-0.17717714617930916,0.4696625
2,0.0,aligned,available,11,-0.0016063523330794374,0.0394733729546587,0.4696625
2,0.0,aligned,available,12,0.011026542533098621,0.08643811819068592,0.4696625
2,0.0,aligned,available,13,0.012981031623983896,0.5198731911096935,0.4696625
2,0.0,aligned,available,14,-0.007962336692408034,0.23569837665204602,0.4696625
2,0.0,aligned,available,15,-0.0007171529700459311,-0.952300746460891,0.4696625
2,0.0,aligned,available,16,-0.0013863434155977697,-0.009464958494130475,0.4696625
2,0.0,aligned,available,17,0.0039438395670946536,0.10755542908694563,0.4696625
2,0.0,aligned,available,18,0.009030913750984415,0.5823788182602607,0.4696625
2,0.0,aligned,available,19,-0.0034546778780944476,-0.3616954755770354,0.4696625
2,0.0,aligned,available,20,-0.003612832712022951,0.6299046818843534,0.4696625
2,0.0,aligned,available,21,0.02196663680038824,-0.40991382065019444,0.4696625
2,0.0,aligned,available,22,0.006120808919105733,-0.005938126176525424,0.4696625
2,0.0,aligned,available,23,-0.004154067025609774,0.0011539437433372207,0.4696625
2,0.0,aligned,available,24,0.0024902176106589916,-0.0416694627018803,0.4696625
2,0.0,aligned,available,25,0.019022841513738665,0.001990873832461607,0.4696625
2,0.0,aligned,available,26,-0.0011893646584021367,0.4524790952090401,0.4696625
2,0.0,aligned,available,27,0.007440503583323252,0.0083645090878397,0.4696625
2,0.0,aligned,available,28,-0.0050988483332106245,0.010069715447626198,0.4696625
2,0.0,aligned,available,29,0.005130655290413677,-0.4693948893780047,0.4696625
2,0.0,aligned,available,30,-0.005722724413201319,-0.3936435214444308,0.4696625
2,0.0,aligned,available,31,0.015283284582798429,0.34303509056836823,0.4696625
2,0.0,aligned,available,32,-0.010015335768524841,-0.09365252063179731,0.4696625
2,0.0,aligned,available,33,-0.0015090917845819994,0.003339327545790108,0.4696625
2,0.0,aligned,available,34,-0.02167699046610154,-0.11133832447151994,0.4696625
2,0.0,aligned,available,35,-0.001269724407101963,0.13810030624455225,0.4696625
2,0.0,aligned,available,36,-0.0021658855754414508,0.4349600143200541,0.4696625
2,0.0,aligned,available,37,0.006480627479007239,0.4831366058053929,0.4696625
2,0.0,aligned,available,38,-0.004078934110960473,-0.002608181745381089,0.4696625
2,0.0,aligned,available,39,-0.0043943398818385715,-0.5439850263687079,0.4696625
2,0.0,aligned,available,40,0.0009159367045010226,-0.005130446289657332,0.4696625
2,0.0,aligned,available,41,0.0075573434716922905,0.3395190844514617,0.4696625
2,0.0,aligned,available,42,0.006186583796036649,0.6150391644721467,0.4696625
2,0.0,aligned,available,43,-0.007019042209237103,-0.4562756298539277,0.4696625
2,0.0,aligned,available,44,0.006473571153100821,0.484417909967592,0.4696625
2,0.0,aligned,available,45,0.0014298846620768024,-0.24891139133800066,0.4696625
2,0.0,aligned,available,46,0.012179325004800411,0.009304704669942654,0.4696625
2,0.0,aligned,available,47,0.010741432830280971,0.005809566022142813,0.4696625
2,0.0,aligned,available,48,-0.012710017926197505,0.0065802422644461855,0.4696625
2,0.0,aligned,available,49,0.006847662223570694,-0.007240989697907877,0.4696625
2,0.0,aligned,available,50,-0.005841876061067952,0.39503258289877874,0.4696625
2,0.0,aligned,available,51,-0.005509546073403674,0.006505263830076897,0.4696625
2,0.0,aligned,available,52,0.0015229246498348892,-0.11483162210144536,0.4696625
2,0.0,aligned,available,53,-0.0072743908398411605,-0.612168709520843,0.4696625
2,0.0,aligned,available,54,0.006831074393408576,0.37859179737118703,0.4696625
2,0.0,aligned,available,55,-0.0023050890174061145,-0.6620922031208105,0.4696625
2,0.0,aligned,available,56,0.019324163804460698,-0.006583812923893212,0.4696625
2,0.0,aligned,available,57,0.008676779606521566,-0.010563450235401391,0.4696625
2,0.0,aligned,available,58,-0.0026820326057095754,0.007450195916844271,0.4696625
2,0.0,aligned,available,59,-0.004489404443436437,-0.0001260511657726122,0.4696625
2,0.0,aligned,available,60,-0.015037201615936913,0.5533869332451353,0.4696625
2,0.0,aligned,available,61,-0.008329196701199304,0.0050887883298814975,0.4696625
2,0.0,aligned,available,62,0.0004382109296290071,0.13019704230003137,0.4696625
2,0.0,aligned,available,63,0.0037940745804892553,0.007167427612439445,0.4696625
2,0.0,aligned,available,64,-0.001693088569669099,0.6228864190111553,0.4696625
2,0.0,aligned,available,65,-0.005306659597104246,-0.22406729520957255,0.4696625
2,0.0,aligned,mi_obs,0,-0.014069236390585826,-0.2951027607429828,0.4696625
2,0.0,aligned,mi_obs,1,0.030549337537643547,-0.001177713100640719,0.4696625
2,0.0,aligned,mi_obs,2,0.009751967609299639,0.49036020331064667,0.4696625
2,0.0,aligned,mi_obs,3,-0.028715971075333968,-0.373233436771207,0.4696625
2,0.0,aligned,mi_obs,4,-0.004651665041027276,-0.008107203623311375,0.4696625
2,0.0,aligned,mi_obs,5,0.016697453375270788,0.3093313907663805,0.4696625
2,0.0,aligned,mi_obs,6,0.015294648720512935,0.005235598566450456,0.4696625
2,0.0,aligned,mi_obs,7,0.023335301573192982,0.003620327848921195,0.4696625
2,0.0,aligned,mi_obs,8,-0.004885975324967739,0.007670748180429607,0.4696625
2,0.0,aligned,mi_obs,9,0.038696956409707495,0.8246662389849354,0.4696625
2,0.0,aligned,mi_obs,10,-0.011115892163357677,-0.17717714617930916,0.4696625
2,0.0,aligned,mi_obs,11,-0.0094170239846432,0.0394733729546587,0.4696625
2,0.0,aligned,mi_obs,12,0.003423831477930517,0.08643811819068592,0.4696625
2,0.0,aligned,mi_obs,13,0.055574489859642195,0.5198731911096935,0.4696625
2,0.0,aligned,mi_obs,14,0.03926103624102817,0.23569837665204602,0.4696625
2,0.0,aligned,mi_obs,15,-0.022446791956513334,-0.952300746460891,0.4696625
2,0.0,aligned,mi_obs,16,0.0055533038999885315,-0.009464958494130475,0.4696625
2,0.0,aligned,mi_obs,17,-0.012300563523383268,0.10755542908694563,0.4696625
2,0.0,aligned,mi_obs,18,0.03562266872774422,0.5823788182602607,0.4696625
2,0.0,aligned,mi_obs,19,-0.010866938120897673,-0.3616954755770354,0.4696625
2,0.0,aligned,mi_obs,20,0.0012516462553877616,0.6299046818843534,0.4696625
2,0.0,aligned,mi_obs,21,-0.03454325062424829,-0.40991382065019444,0.4696625
2,0.0,aligned,mi_obs,22,-0.06203538567267064,-0.005938126176525424,0.4696625
2,0.0,aligned,mi_obs,23,-0.03806484447603657,0.0011539437433372207,0.4696625
2,0.0,aligned,mi_obs,24,0.01502184095821191,-0.0416694627018803,0.4696625
2,0.0,aligned,mi_obs,25,0.02914364848046293,0.001990873832461607,0.4696625
2,0.0,aligned,mi_obs,26,0.016479085652642445,0.4524790952090401,0.4696625
2,0.0,aligned,mi_obs,27,-0.041065077697614166,0.0083645090878397,0.4696625
2,0.0,aligned,mi_obs,28,0.017341775379230685,0.010069715447626198,0.4696625
2,0.0,aligned,mi_obs,29,-0.05611549521834697,-0.4693948893780047,0.4696625
2,0.0,aligned,mi_obs,30,0.07142861058715533,-0.3936435214444308,0.4696625
2,0.0,aligned,mi_obs,31,0.08689901591964061,0.34303509056836823,0.4696625
2,0.0,aligned,mi_obs,32,-0.011169822403968965,-0.09365252063179731,0.4696625
2,0.0,aligned,mi_obs,33,-0.025290047245751415,0.003339327545790108,0.4696625
2,0.0,aligned,mi_obs,34,-0.0016062946305032133,-0.11133832447151994,0.4696625
2,0.0,aligned,mi_obs,35,0.060218604136709236,0.13810030624455225,0.4696625
2,0.0,aligned,mi_obs,36,0.000781946855176574,0.4349600143200541,0.4696625
2,0.0,aligned,mi_obs,37,0.047457793862699826,0.4831366058053929,0.4696625
2,0.0,aligned,mi_obs,38,0.04023053873581092,-0.002608181745381089,0.4696625
2,0.0,aligned,mi_obs,39,-0.06375220718229702,-0.5439850263687079,0.4696625
2,0.0,aligned,mi_obs,40,0.005833779300331937,-0.005130446289657332,0.4696625
2,0.0,aligned,mi_obs,41,0.02023933976141512,0.3395190844514617,0.4696625
2,0.0,aligned,mi_obs,42,0.03791065043502184,0.6150391644721467,0.4696625
2,0.0,aligned,mi_obs,43,-0.05975912941933109,-0.4562756298539277,0.4696625
2,0.0,aligned,mi_obs,44,0.06903390518715585,0.484417909967592,0.4696625
2,0.0,aligned,mi_obs,45,-0.0431871596334239,-0.24891139133800066,0.4696625
2,0.0,aligned,mi_obs,46,0.014353233802271867,0.009304704669942654,0.4696625
2,0.0,aligned,mi_obs,47,-0.015586652172629653,0.005809566022142813,0.4696625
2,0.0,aligned,mi_obs,48,-0.009949267315602655,0.0065802422644461855,0.4696625
2,0.0,aligned,mi_obs,49,-0.0033832220307094298,-0.007240989697907877,0.4696625
2,0.0,aligned,mi_obs,50,0.07781859203971597,0.39503258289877874,0.4696625
2,0.0,aligned,mi_obs,51,-0.0051991269401635894,0.006505263830076897,0.4696625
2,0.0,aligned,mi_obs,52,-0.00984305783926602,-0.11483162210144536,0.4696625
2,0.0,aligned,mi_obs,53,-0.0419366746133234,-0.612168709520843,0.4696625
2,0.0,aligned,mi_obs,54,0.013155285545980222,0.37859179737118703,0.4696625
2,0.0,aligned,mi_obs,55,-0.00891630307491198,-0.6620922031208105,0.4696625
2,0.0,aligned,mi_obs,56,0.027247857830517426,-0.006583812923893212,0.4696625
2,0.0,aligned,mi_obs,57,0.010400502412500944,-0.010563450235401391,0.4696625
2,0.0,aligned,mi_obs,58,-0.0033277198902654237,0.007450195916844271,0.4696625
2,0.0,aligned,mi_obs,59,-0.0003445792940166418,-0.0001260511657726122,0.4696625
2,0.0,aligned,mi_obs,60,0.05474893982493545,0.5533869332451353,0.4696625
2,0.0,aligned,mi_obs,61,0.02186247157446547,0.0050887883298814975,0.4696625
2,0.0,aligned,mi_obs,62,0.004341990256529149,0.13019704230003137,0.4696625
2,0.0,aligned,mi_obs,63,-0.013627555475220989,0.007167427612439445,0.4696625
2,0.0,aligned,mi_obs,64,0.02675910274386628,0.6228864190111553,0.4696625
2,0.0,aligned,mi_obs,65,-0.011252956299600131,-0.22406729520957255,0.4696625
2,0.0,aligned,mi_class,0,0.1998455734245911,-0.2951027607429828,0.4696625
2,0.0,aligned,mi_class,1,0.10418751982509913,-0.001177713100640719,0.4696625
2,0.0,aligned,mi_class,2,-0.3061348721960401,0.49036020331064667,0.4696625
2,0.0,aligned,mi_class,3,0.26878203428797165,-0.373233436771207,0.4696625
2,0.0,aligned,mi_class,4,0.0033325952962599027,-0.008107203623311375,0.4696625
2,0.0,aligned,mi_class,5,-0.22201349372192133,0.3093313907663805,0.4696625
2,0.0,aligned,mi_class,6,0.9105862695673149,0.005235598566450456,0.4696625
2,0.0,aligned,mi_class,7,-0.002435656620749715,0.003620327848921195,0.4696625
2,0.0,aligned,mi_class,8,-0.05501699078555304,0.007670748180429607,0.4696625
2,0.0,aligned,mi_class,9,0.13795233726052403,0.8246662389849354,0.4696625
2,0.0,aligned,mi_class,10,0.10945566124718115,-0.17717714617930916,0.4696625
2,0.0,aligned,mi_class,11,0.018869423111821028,0.0394733729546587,0.4696625
2,0.0,aligned,mi_class,12,0.020637958084149685,0.08643811819068592,0.4696625
2,0.0,aligned,mi_class,13,0.01430911327873774,0.5198731911096935,0.4696625
2,0.0,aligned,mi_class,14,-0.07926807894475968,0.23569837665204602,0.4696625
2,0.0,aligned,mi_class,15,0.32721351620555217,-0.952300746460891,0.4696625
2,0.0,aligned,mi_class,16,0.008198807193401646,-0.009464958494130475,0.4696625
2,0.0,aligned,mi_class,17,-0.05257044530234394,0.10755542908694563,0.4696625
2,0.0,aligned,mi_class,18,-0.028108124854650862,0.5823788182602607,0.4696625
2,0.0,aligned,mi_class,19,0.3152077703516228,-0.3616954755770354,0.4696625
2,0.0,aligned,mi_class,20,-0.030778971026085178,0.6299046818843534,0.4696625
2,0.0,aligned,mi_class,21,0.14164921379862533,-0.40991382065019444,0.4696625
2,0.0,aligned,mi_class,22,-0.014112056179436873,-0.005938126176525424,0.4696625
2,0.0,aligned,mi_class,23,-0.0008073729238340876,0.0011539437433372207,0.4696625
2,0.0,aligned,mi_class,24,0.02683372225969967,-0.0416694627018803,0.4696625
2,0.0,aligned,mi_class,25,0.09515906952014022,0.001990873832461607,0.4696625
2,0.0,aligned,mi_class,26,-0.33180386698643344,0.4524790952090401,0.4696625
2,0.0,aligned,mi_class,27,-0.02562179398237614,0.0083645090878397,0.4696625
2,0.0,aligned,mi_class,28,0.080442641991435,0.010069715447626198,0.4696625
2,0.0,aligned,mi_class,29,0.15043710967071539,-0.4693948893780047,0.4696625
2,0.0,aligned,mi_class,30,0.2044210404829433,-0.3936435214444308,0.4696625
2,0.0,aligned,mi_class,31,-0.052555647346567425,0.34303509056836823,0.4696625
2,0.0,aligned,mi_class,32,0.011813940419414859,-0.09365252063179731,0.4696625
2,0.0,aligned,mi_class,33,-0.005955381961195558,0.003339327545790108,0.4696625
2,0.0,aligned,mi_class,34,0.018156493565602533,-0.11133832447151994,0.4696625
2,0.0,aligned,mi_class,35,0.03580779044486285,0.13810030624455225,0.4696625
2,0.0,aligned,mi_class,36,-0.3827076913521469,0.4349600143200541,0.4696625
2,0.0,aligned,mi_class,37,0.010167651084982798,0.4831366058053929,0.4696625
2,0.0,aligned,mi_class,38,0.006525535335644567,-0.002608181745381089,0.4696625
2,0.0,aligned,mi_class,39,0.08991461657362615,-0.5439850263687079,0.4696625
2,0.0,aligned,mi_class,40,0.005019675031612771,-0.005130446289657332,0.4696625
2,0.0,aligned,mi_class,41,-0.11091232161429718,0.3395190844514617,0.4696625
2,0.0,aligned,mi_class,42,-0.06423333771306738,0.6150391644721467,0.4696625
2,0.0,aligned,mi_class,43,0.408812883814958,-0.4562756298539277,0.4696625
2,0.0,aligned,mi_class,44,0.01654016953475873,0.484417909967592,0.4696625
2,0.0,aligned,mi_class,45,-0.010201660194584627,-0.24891139133800066,0.4696625
2,0.0,aligned,mi_class,46,-0.006843701862267831,0.009304704669942654,0.4696625
2,0.0,aligned,mi_class,47,0.029078872498177647,0.005809566022142813,0.4696625
2,0.0,aligned,mi_class,48,0.008952128882199605,0.0065802422644461855,0.4696625
2,0.0,aligned,mi_class,49,0.00527587495355385,-0.007240989697907877,0.4696625
2,0.0,aligned,mi_class,50,-0.08085896037340018,0.39503258289877874,0.4696625
2,0.0,aligned,mi_class,51,-0.00667000724430182,0.006505263830076897,0.4696625
2,0.0,aligned,mi_class,52,0.026326978547435917,-0.11483162210144536,0.4696625
2,0.0,aligned,mi_class,53,0.1362305452316554,-0.612168709520843,0.4696625
2,0.0,aligned,mi_class,54,-0.3407827095067723,0.37859179737118703,0.4696625
2,0.0,aligned,mi_class,55,0.15121651797009106,-0.6620922031208105,0.4696625
2,0.0,aligned,mi_class,56,0.03553026213534852,-0.006583812923893212,0.4696625
2,0.0,aligned,mi_class,57,-0.0378467106189915,-0.010563450235401391,0.4696625
2,0.0,aligned,mi_class,58,0.9724357532729166,0.007450195916844271,0.4696625
2,0.0,aligned,mi_class,59,-0.0017817955615913588,-0.0001260511657726122,0.4696625
2,0.0,aligned,mi_class,60,-0.25784295088973763,0.5533869332451353,0.4696625
2,0.0,aligned,mi_class,61,-0.006375294255613874,0.0050887883298814975,0.4696625
2,0.0,aligned,mi_class,62,-0.05030025176860649,0.13019704230003137,0.4696625
2,0.0,aligned,mi_class,63,-0.057588197515309636,0.007167427612439445,0.4696625
2,0.0,aligned,mi_class,64,0.015482892797327175,0.6228864190111553,0.4696625
2,0.0,aligned,mi_class,65,0.19225328607175973,-0.22406729520957255,0.4696625
2,0.0,aligned,mi_site,0,0.005284272565277526,-0.2951027607429828,0.4696625
2,0.0,aligned,mi_site,1,0.00544278142540501,-0.001177713100640719,0.4696625
2,0.0,aligned,mi_site,2,-0.135999730476963,0.49036020331064667,0.4696625
2,0.0,aligned,mi_site,3,-0.00015810121486897755,-0.373233436771207,0.4696625
2,0.0,aligned,mi_site,4,-0.0008640881975053565,-0.008107203623311375,0.4696625
2,0.0,aligned,mi_site,5,-0.010648806547918943,0.3093313907663805,0.4696625
2,0.0,aligned,mi_site,6,0.0017135763938639723,0.005235598566450456,0.4696625
2,0.0,aligned,mi_site,7,0.000895630904577286,0.003620327848921195,0.4696625
2,0.0,aligned,mi_site,8,-0.0018257507932040104,0.007670748180429607,0.4696625
2,0.0,aligned,mi_site,9,-0.8206449991666585,0.8246662389849354,0.4696625
2,0.0,aligned,mi_site,10,0.0075755170351283485,-0.17717714617930916,0.4696625
2,0.0,aligned,mi_site,11,-0.010827794675485305,0.0394733729546587,0.4696625
2,0.0,aligned,mi_site,12,-0.01545662594015132,0.08643811819068592,0.4696625
2,0.0,aligned,mi_site,13,0.010783203409906239,0.5198731911096935,0.4696625
2,0.0,aligned,mi_site,14,0.02361619424235184,0.23569837665204602,0.4696625
2,0.0,aligned,mi_site,15,0.017371436229274284,-0.952300746460891,0.4696625
2,0.0,aligned,mi_site,16,0.0021067094036186836,-0.009464958494130475,0.4696625
2,0.0,aligned,mi_site,17,-0.0029946479188845965,0.10755542908694563,0.4696625
2,0.0,aligned,mi_site,18,-0.5203357166635638,0.5823788182602607,0.4696625
2,0.0,aligned,mi_site,19,0.36387350168538474,-0.3616954755770354,0.4696625
2,0.0,aligned,mi_site,20,-0.01959811750574081,0.6299046818843534,0.4696625
2,0.0,aligned,mi_site,21,0.02155703793380087,-0.40991382065019444,0.4696625
2,0.0,aligned,mi_site,22,-0.03787319481257106,-0.005938126176525424,0.4696625
2,0.0,aligned,mi_site,23,-0.04286522468409926,0.0011539437433372207,0.4696625
2,0.0,aligned,mi_site,24,0.004806433515307303,-0.0416694627018803,0.4696625
2,0.0,aligned,mi_site,25,0.01660591602342749,0.001990873832461607,0.4696625
2,0.0,aligned,mi_site,26,0.001045444110449989,0.4524790952090401,0.4696625
2,0.0,aligned,mi_site,27,-0.0065513878801217625,0.0083645090878397,0.4696625
2,0.0,aligned,mi_site,28,-0.015864840921016064,0.010069715447626198,0.4696625
2,0.0,aligned,mi_site,29,-0.010783422686013067,-0.4693948893780047,0.4696625
2,0.0,aligned,mi_site,30,0.09707815212908488,-0.3936435214444308,0.4696625
2,0.0,aligned,mi_site,31,0.007769010661165532,0.34303509056836823,0.4696625
2,0.0,aligned,mi_site,32,-0.0095095026443736,-0.09365252063179731,0.4696625
2,0.0,aligned,mi_site,33,-0.023278935481550075,0.003339327545790108,0.4696625
2,0.0,aligned,mi_site,34,0.0007351814548505892,-0.11133832447151994,0.4696625
2,0.0,aligned,mi_site,35,-0.1215795130216697,0.13810030624455225,0.4696625
2,0.0,aligned,mi_site,36,-0.4306023066881386,0.4349600143200541,0.4696625
2,0.0,aligned,mi_site,37,-0.06200167825581071,0.4831366058053929,0.4696625
2,0.0,aligned,mi_site,38,0.016523615820518193,-0.002608181745381089,0.4696625
2,0.0,aligned,mi_site,39,-0.039245738595585555,-0.5439850263687079,0.4696625
2,0.0,aligned,mi_site,40,0.0075060778119275615,-0.005130446289657332,0.4696625
2,0.0,aligned,mi_site,41,0.01269040211378114,0.3395190844514617,0.4696625
2,0.0,aligned,mi_site,42,-0.5449875476647186,0.6150391644721467,0.4696625
2,0.0,aligned,mi_site,43,0.4531442841767623,-0.4562756298539277,0.4696625
2,0.0,aligned,mi_site,44,0.030950564911571166,0.484417909967592,0.4696625
2,0.0,aligned,mi_site,45,-0.03378145105016339,-0.24891139133800066,0.4696625
2,0.0,aligned,mi_site,46,0.007544973495656904,0.009304704669942654,0.4696625
2,0.0,aligned,mi_site,47,-0.00912580542228548,0.005809566022142813,0.4696625
2,0.0,aligned,mi_site,48,-0.0459276429178068,0.0065802422644461855,0.4696625
2,0.0,aligned,mi_site,49,0.049002048937605486,-0.007240989697907877,0.4696625
2,0.0,aligned,mi_site,50,0.041480770540514134,0.39503258289877874,0.4696625
2,0.0,aligned,mi_site,51,-0.0018642843711034291,0.006505263830076897,0.4696625
2,0.0,aligned,mi_site,52,-0.0266953913772683,-0.11483162210144536,0.4696625
2,0.0,aligned,mi_site,53,0.5450190501005535,-0.612168709520843,0.4696625
2,0.0,aligned,mi_site,54,-0.3826000038954691,0.37859179737118703,0.4696625
2,0.0,aligned,mi_site,55,0.00529136883236514,-0.6620922031208105,0.4696625
2,0.0,aligned,mi_site,56,0.019793255884009025,-0.006583812923893212,0.4696625
2,0.0,aligned,mi_site,57,0.016651738949788636,-0.010563450235401391,0.4696625
2,0.0,aligned,mi_site,58,-0.014356655145523341,0.007450195916844271,0.4696625
2,0.0,aligned,mi_site,59,-0.008104453103717522,-0.0001260511657726122,0.4696625
2,0.0,aligned,mi_site,60,-0.4938946224650295,0.5533869332451353,0.4696625
2,0.0,aligned,mi_site,61,0.0010284144318662494,0.0050887883298814975,0.4696625
2,0.0,aligned,mi_site,62,-0.005652219050528304,0.13019704230003137,0.4696625
2,0.0,aligned,mi_site,63,-1.0002078387943825,0.007167427612439445,0.4696625
2,0.0,aligned,mi_site,64,-0.5606145793581923,0.6228864190111553,0.4696625
2,0.0,aligned,mi_site,65,0.23178325145728798,-0.22406729520957255,0.4696625
2,0.0,closed,available,0,-0.002980676220092404,-0.2951027607429828,0.4696625
2,0.0,closed,available,1,-0.008207576196669564,-0.001177713100640719,0.4696625
2,0.0,closed,available,2,0.0029453655804169143,0.49036020331064667,0.4696625
2,0.0,closed,available,3,-0.001961739458842038,-0.373233436771207,0.4696625
2,0.0,closed,available,4,0.01451887753389949,-0.008107203623311375,0.4696625
2,0.0,closed,available,5,-0.012438660460228512,0.3093313907663805,0.4696625
2,0.0,closed,available,6,0.011799173674061053,0.005235598566450456,0.4696625
2,0.0,closed,available,7,-0.008463922872839362,0.003620327848921195,0.4696625
2,0.0,closed,available,8,0.008275045139170552,0.007670748180429607,0.4696625
2,0.0,closed,available,9,-0.0009567853187696373,0.8246662389849354,0.4696625
2,0.0,closed,available,10,-0.0003445710582013761,-0.17717714617930916,0.4696625
2,0.0,closed,available,11,0.00813822829401397,0.0394733729546587,0.4696625
2,0.0,closed,available,12,-0.007740105604694805,0.08643811819068592,0.4696625
2,0.0,closed,available,13,-2.362595673044421e-05,0.5198731911096935,0.4696625
2,0.0,closed,available,14,-0.0055055309769296845,0.23569837665204602,0.4696625
2,0.0,closed,available,15,0.00045813526389615333,-0.952300746460891,0.4696625
2,0.0,closed,available,16,0.001753452086328879,-0.009464958494130475,0.4696625
2,0.0,closed,available,17,0.0026998523650170747,0.10755542908694563,0.4696625
2,0.0,closed,available,18,-0.0007972620975937872,0.5823788182602607,0.4696625
2,0.0,closed,available,19,0.006930334759897072,-0.3616954755770354,0.4696625
2,0.0,closed,available,20,0.0018272771234304486,0.6299046818843534,0.4696625
2,0.0,closed,available,21,-0.0031233042868705208,-0.40991382065019444,0.4696625
2,0.0,closed,available,22,0.0179728697436521,-0.005938126176525424,0.4696625
2,0.0,closed,available,23,0.007817237831387432,0.0011539437433372207,0.4696625
2,0.0,closed,available,24,-0.008667485227885907,-0.0416694627018803,0.4696625
2,0.0,closed,available,25,0.012801715488373794,0.001990873832461607,0.4696625
2,0.0,closed,available,26,-0.00821060889628017,0.4524790952090401,0.4696625
2,0.0,closed,available,27,0.00033120664018681384,0.0083645090878397,0.4696625
2,0.0,closed,available,28,-0.0005438469036828739,0.010069715447626198,0.4696625
2,0.0,closed,available,29,0.003607274900932933,-0.4693948893780047,0.4696625
2,0.0,closed,available,30,0.014874181402999842,-0.3936435214444308,0.4696625
2,0.0,closed,available,31,-0.020954099470356036,0.34303509056836823,0.4696625
2,0.0,closed,available,32,-0.004667168008888542,-0.09365252063179731,0.4696625
2,0.0,closed,available,33,0.009982717685734336,0.003339327545790108,0.4696625
2,0.0,closed,available,34,0.023778538825812087,-0.11133832447151994,0.4696625
2,0.0,closed,available,35,0.012512593431623947,0.13810030624455225,0.4696625
2,0.0,closed,available,36,-0.007357293023023792,0.4349600143200541,0.4696625
2,0.0,closed,available,37,0.0015081553749288767,0.4831366058053929,0.4696625
2,0.0,closed,available,38,-0.0050980475208266835,-0.002608181745381089,0.4696625
2,0.0,closed,available,39,0.002962822332303494,-0.5439850263687079,0.4696625
2,0.0,closed,available,40,-0.002368609324649419,-0.005130446289657332,0.4696625
2,0.0,closed,available,41,-0.008434732401981615,0.3395190844514617,0.4696625
2,0.0,closed,available,42,-0.004099246404714374,0.6150391644721467,0.4696625
2,0.0,closed,available,43,-0.004518725380349753,-0.4562756298539277,0.4696625
2,0.0,closed,available,44,-0.002349637118247927,0.484417909967592,0.4696625
2,0.0,closed,available,45,0.010977811553011224,-0.24891139133800066,0.4696625
2,0.0,closed,available,46,-0.01120905875420705,0.009304704669942654,0.4696625
2,0.0,closed,available,47,-0.004507953289544718,0.005809566022142813,0.4696625
2,0.0,closed,available,48,0.0008698736402212824,0.0065802422644461855,0.4696625
2,0.0,closed,available,49,0.02703816633590231,-0.007240989697907877,0.4696625
2,0.0,closed,available,50,-0.005096518989102294,0.39503258289877874,0.4696625
2,0.0,closed,available,51,-0.0016271661320496882,0.006505263830076897,0.4696625
2,0.0,closed,available,52,0.004986700849968703,-0.11483162210144536,0.4696625
2,0.0,closed,available,53,0.004975990264990959,-0.612168709520843,0.4696625
2,0.0,closed,available,54,-0.009619840892474363,0.37859179737118703,0.4696625
2,0.0,closed,available,55,0.002270878668511389,-0.6620922031208105,0.4696625
2,0.0,closed,available,56,0.0023397535882217785,-0.006583812923893212,0.4696625
2,0.0,closed,available,57,-0.004914373727244773,-0.010563450235401391,0.4696625
2,0.0,closed,available,58,-0.006311089894957258,0.007450195916844271,0.4696625
2,0.0,closed,available,59,-0.007641705818961093,-0.0001260511657726122,0.4696625
2,0.0,closed,available,60,-0.015538396291796208,0.5533869332451353,0.4696625
2,0.0,closed,available,61,0.004976939809352295,0.0050887883298814975,0.4696625
2,0.0,closed,available,62,0.005343808122041355,0.13019704230003137,0.4696625
2,0.0,closed,available,63,0.014482356837189866,0.007167427612439445,0.4696625
2,0.0,closed,available,64,-0.005379385584171725,0.6228864190111553,0.4696625
2,0.0,closed,available,65,0.00603483610659894,-0.22406729520957255,0.4696625
2,0.0,closed,mi_obs,0,-0.010746297696427765,-0.2951027607429828,0.4696625
2,0.0,closed,mi_obs,1,0.006729551031380159,-0.001177713100640719,0.4696625
2,0.0,closed,mi_obs,2,0.0307530176851194,0.49036020331064667,0.4696625
2,0.0,closed,mi_obs,3,-0.034814330645815905,-0.373233436771207,0.4696625
2,0.0,closed,mi_obs,4,-0.00498866856983095,-0.008107203623311375,0.4696625
2,0.0,closed,mi_obs,5,0.01163325632354556,0.3093313907663805,0.4696625
2,0.0,closed,mi_obs,6,-0.0037828408164652175,0.005235598566450456,0.4696625
2,0.0,closed,mi_obs,7,0.019441386828962126,0.003620327848921195,0.4696625
2,0.0,closed,mi_obs,8,-0.002452030814723562,0.007670748180429607,0.4696625
2,0.0,closed,mi_obs,9,0.0396831118514388,0.8246662389849354,0.4696625
2,0.0,closed,mi_obs,10,-0.0049405123885141455,-0.17717714617930916,0.4696625
2,0.0,closed,mi_obs,11,-0.0168966565011052,0.0394733729546587,0.4696625
2,0.0,closed,mi_obs,12,0.031769808470046984,0.08643811819068592,0.4696625
2,0.0,closed,mi_obs,13,0.05584219439378235,0.5198731911096935,0.4696625
2,0.0,closed,mi_obs,14,0.044068047926468956,0.23569837665204602,0.4696625
2,0.0,closed,mi_obs,15,-0.020444812162584314,-0.952300746460891,0.4696625
2,0.0,closed,mi_obs,16,0.0035340661510587044,-0.009464958494130475,0.4696625
2,0.0,closed,mi_obs,17,-0.01243015864977308,0.10755542908694563,0.4696625
2,0.0,closed,mi_obs,18,0.01793904167623772,0.5823788182602607,0.4696625
2,0.0,closed,mi_obs,19,-0.0038446512301927305,-0.3616954755770354,0.4696625
2,0.0,closed,mi_obs,20,0.0025458966521785253,0.6299046818843534,0.4696625
2,0.0,closed,mi_obs,21,-0.025091406261363913,-0.40991382065019444,0.4696625
2,0.0,closed,mi_obs,22,-0.046173879165981466,-0.005938126176525424,0.4696625
2,0.0,closed,mi_obs,23,-0.04755981763419774,0.0011539437433372207,0.4696625
2,0.0,closed,mi_obs,24,0.012020522987655827,-0.0416694627018803,0.4696625
2,0.0,closed,mi_obs,25,0.007467628334093828,0.001990873832461607,0.4696625
2,0.0,closed,mi_obs,26,0.015495039227672924,0.4524790952090401,0.4696625
2,0.0,closed,mi_obs,27,-0.03589474582919647,0.0083645090878397,0.4696625
2,0.0,closed,mi_obs,28,0.01592124544064464,0.010069715447626198,0.4696625
2,0.0,closed,mi_obs,29,-0.05011094203469996,-0.4693948893780047,0.4696625
2,0.0,closed,mi_obs,30,0.08108770571217111,-0.3936435214444308,0.4696625
2,0.0,closed,mi_obs,31,0.10450229063620947,0.34303509056836823,0.4696625
2,0.0,closed,mi_obs,32,-0.02101959142666958,-0.09365252063179731,0.4696625
2,0.0,closed,mi_obs,33,0.006329556220898321,0.003339327545790108,0.4696625
2,0.0,closed,mi_obs,34,0.03142785752133895,-0.11133832447151994,0.4696625
2,0.0,closed,mi_obs,35,0.061272571192047015,0.13810030624455225,0.4696625
2,0.0,closed,mi_obs,36,0.018229628378682916,0.4349600143200541,0.4696625
2,0.0,closed,mi_obs,37,0.04651593084881139,0.4831366058053929,0.4696625
2,0.0,closed,mi_obs,38,0.04367549669660533,-0.002608181745381089,0.4696625
2,0.0,closed,mi_obs,39,-0.06964824005134074,-0.5439850263687079,0.4696625
2,0.0,closed,mi_obs,40,-0.00427568201039324,-0.005130446289657332,0.4696625
2,0.0,closed,mi_obs,41,0.006356653655234579,0.3395190844514617,0.4696625
2,0.0,closed,mi_obs,42,0.040285870491685305,0.6150391644721467,0.4696625
2,0.0,closed,mi_obs,43,-0.0632864381103036,-0.4562756298539277,0.4696625
2,0.0,closed,mi_obs,44,0.07119506412741167,0.484417909967592,0.4696625
2,0.0,closed,mi_obs,45,-0.04403912721963449,-0.24891139133800066,0.4696625
2,0.0,closed,mi_obs,46,-0.010461082175001787,0.009304704669942654,0.4696625
2,0.0,closed,mi_obs,47,-0.027633936099209822,0.005809566022142813,0.4696625
2,0.0,closed,mi_obs,48,-0.013857024547686517,0.0065802422644461855,0.4696625
2,0.0,closed,mi_obs,49,0.02223421171792322,-0.007240989697907877,0.4696625
2,0.0,closed,mi_obs,50,0.08090316567905215,0.39503258289877874,0.4696625
2,0.0,closed,mi_obs,51,-0.001324068324926114,0.006505263830076897,0.4696625
2,0.0,closed,mi_obs,52,-0.009996253110165665,-0.11483162210144536,0.4696625
2,0.0,closed,mi_obs,53,-0.03235936335799827,-0.612168709520843,0.4696625
2,0.0,closed,mi_obs,54,0.008633094114548157,0.37859179737118703,0.4696625
2,0.0,closed,mi_obs,55,-0.008843430932976348,-0.6620922031208105,0.4696625
2,0.0,closed,mi_obs,56,0.0019905542194244147,-0.006583812923893212,0.4696625
2,0.0,closed,mi_obs,57,0.00447994400384135,-0.010563450235401391,0.4696625
2,0.0,closed,mi_obs,58,-0.009445894151372723,0.007450195916844271,0.4696625
2,0.0,closed,mi_obs,59,-0.006017406344953245,-0.0001260511657726122,0.4696625
2,0.0,closed,mi_obs,60,0.05846303980620593,0.5533869332451353,0.4696625
2,0.0,closed,mi_obs,61,0.035541470203035816,0.0050887883298814975,0.4696625
2,0.0,closed,mi_obs,62,0.005643223705724093,0.13019704230003137,0.4696625
2,0.0,closed,mi_obs,63,-0.0002613164325136431,0.007167427612439445,0.4696625
2,0.0,closed,mi_obs,64,0.023084596889796694,0.6228864190111553,0.4696625
2,0.0,closed,mi_obs,65,-0.0008422996744643363,-0.22406729520957255,0.4696625
2,0.0,closed,mi_class,0,0.16145018662417043,-0.2951027607429828,0.4696625
2,0.0,closed,mi_class,1,0.10814866690697918,-0.001177713100640719,0.4696625
2,0.0,closed,mi_class,2,-0.2449186778073784,0.49036020331064667,0.4696625
2,0.0,closed,mi_class,3,0.21345832674094575,-0.373233436771207,0.4696625
2,0.0,closed,mi_class,4,0.0024756311635461556,-0.008107203623311375,0.4696625
2,0.0,closed,mi_class,5,-0.20063709138718053,0.3093313907663805,0.4696625
2,0.0,closed,mi_class,6,0.6001290005983558,0.005235598566450456,0.4696625
2,0.0,closed,mi_class,7,-0.005010666465133812,0.003620327848921195,0.4696625
2,0.0,closed,mi_class,8,-0.0673336353269138,0.007670748180429607,0.4696625
2,0.0,closed,mi_class,9,0.058133774801654825,0.8246662389849354,0.4696625
2,0.0,closed,mi_class,10,0.08862149222373222,-0.17717714617930916,0.4696625
2,0.0,closed,mi_class,11,0.02192869825328249,0.0394733729546587,0.4696625
2,0.0,closed,mi_class,12,0.004442886061870155,0.08643811819068592,0.4696625
2,0.0,closed,mi_class,13,-0.09959950001997242,0.5198731911096935,0.4696625
2,0.0,closed,mi_class,14,-0.077803785611713,0.23569837665204602,0.4696625
2,0.0,closed,mi_class,15,0.3289406697447639,-0.952300746460891,0.4696625
2,0.0,closed,mi_class,16,-0.016747059509090993,-0.009464958494130475,0.4696625
2,0.0,closed,mi_class,17,-0.06099252198163418,0.10755542908694563,0.4696625
2,0.0,closed,mi_class,18,0.01755035685703621,0.5823788182602607,0.4696625
2,0.0,closed,mi_class,19,0.30602913378929414,-0.3616954755770354,0.4696625
2,0.0,closed,mi_class,20,-0.0210156473050912,0.6299046818843534,0.4696625
2,0.0,closed,mi_class,21,0.0256109018402208,-0.40991382065019444,0.4696625
2,0.0,closed,mi_class,22,-0.10202311127628899,-0.005938126176525424,0.4696625
2,0.0,closed,mi_class,23,-0.005821004200499078,0.0011539437433372207,0.4696625
2,0.0,closed,mi_class,24,0.010238446424947041,-0.0416694627018803,0.4696625
2,0.0,closed,mi_class,25,0.10855038741338272,0.001990873832461607,0.4696625
2,0.0,closed,mi_class,26,-0.2914355587907472,0.4524790952090401,0.4696625
2,0.0,closed,mi_class,27,-0.03517957676856008,0.0083645090878397,0.4696625
2,0.0,closed,mi_class,28,0.12672655968801474,0.010069715447626198,0.4696625
2,0.0,closed,mi_class,29,0.041899477081873526,-0.4693948893780047,0.4696625
2,0.0,closed,mi_class,30,0.22684123576044618,-0.3936435214444308,0.4696625
2,0.0,closed,mi_class,31,-0.048628681323611644,0.34303509056836823,0.4696625
2,0.0,closed,mi_class,32,0.013993653952972543,-0.09365252063179731,0.4696625
2,0.0,closed,mi_class,33,0.01196555086423328,0.003339327545790108,0.4696625
2,0.0,closed,mi_class,34,0.05658448789289659,-0.11133832447151994,0.4696625
2,0.0,closed,mi_class,35,0.023014817267174442,0.13810030624455225,0.4696625
2,0.0,closed,mi_class,36,-0.36614912998790516,0.4349600143200541,0.4696625
2,0.0,closed,mi_class,37,-0.013359887709085083,0.4831366058053929,0.4696625
2,0.0,closed,mi_class,38,-0.0010091813143998799,-0.002608181745381089,0.4696625
2,0.0,closed,mi_class,39,0.11373725584401462,-0.5439850263687079,0.4696625
2,0.0,closed,mi_class,40,0.0022198544856453094,-0.005130446289657332,0.4696625
2,0.0,closed,mi_class,41,-0.14867280558647017,0.3395190844514617,0.4696625
2,0.0,closed,mi_class,42,-0.10253657863721188,0.6150391644721467,0.4696625
2,0.0,closed,mi_class,43,0.39795150642170724,-0.4562756298539277,0.4696625
2,0.0,closed,mi_class,44,0.008850066709895299,0.484417909967592,0.4696625
2,0.0,closed,mi_class,45,0.00026328602289615866,-0.24891139133800066,0.4696625
2,0.0,closed,mi_class,46,-0.00893493556845218,0.009304704669942654,0.4696625
2,0.0,closed,mi_class,47,0.07199617955140158,0.005809566022142813,0.4696625
2,0.0,closed,mi_class,48,-0.011708557405326976,0.0065802422644461855,0.4696625
2,0.0,closed,mi_class,49,0.00816348294673669,-0.007240989697907877,0.4696625
2,0.0,closed,mi_class,50,-0.09158565166285132,0.39503258289877874,0.4696625
2,0.0,closed,mi_class,51,-0.0033502201562306587,0.006505263830076897,0.4696625
2,0.0,closed,mi_class,52,0.039757428353478785,-0.11483162210144536,0.4696625
2,0.0,closed,mi_class,53,0.11453669495056779,-0.612168709520843,0.4696625
2,0.0,closed,mi_class,54,-0.335690344663237,0.37859179737118703,0.4696625
2,0.0,closed,mi_class,55,0.16561027553894614,-0.6620922031208105,0.4696625
2,0.0,closed,mi_class,56,0.004088540707787868,-0.006583812923893212,0.4696625
2,0.0,closed,mi_class,57,-0.043600422225459914,-0.010563450235401391,0.4696625
2,0.0,closed,mi_class,58,0.7369706393458766,0.007450195916844271,0.4696625
2,0.0,closed,mi_class,59,-0.013990179656540199,-0.0001260511657726122,0.4696625
2,0.0,closed,mi_class,60,-0.2572468305993519,0.5533869332451353,0.4696625
2,0.0,closed,mi_class,61,-0.004761361722278279,0.0050887883298814975,0.4696625
2,0.0,closed,mi_class,62,-0.06020685164804296,0.13019704230003137,0.4696625
2,0.0,closed,mi_class,63,-0.06857460283968883,0.007167427612439445,0.4696625
2,0.0,closed,mi_class,64,0.055355456662385394,0.6228864190111553,0.4696625
2,0.0,closed,mi_class,65,0.18730046423018473,-0.22406729520957255,0.4696625
2,0.0,closed,mi_site,0,-0.0067500356754932045,-0.2951027607429828,0.4696625
2,0.0,closed,mi_site,1,0.007507582398508339,-0.001177713100640719,0.4696625
2,0.0,closed,mi_site,2,0.025098798729977778,0.49036020331064667,0.4696625
2,0.0,closed,mi_site,3,-0.03852609986161515,-0.373233436771207,0.4696625
2,0.0,closed,mi_site,4,-0.004721299828118648,-0.008107203623311375,0.4696625
2,0.0,closed,mi_site,5,0.008480725418854418,0.3093313907663805,0.4696625
2,0.0,closed,mi_site,6,-0.005648019711398335,0.005235598566450456,0.4696625
2,0.0,closed,mi_site,7,0.021858692792757227,0.003620327848921195,0.4696625
2,0.0,closed,mi_site,8,-0.0027527208232235086,0.007670748180429607,0.4696625
2,0.0,closed,mi_site,9,0.03584690594846329,0.8246662389849354,0.4696625
2,0.0,closed,mi_site,10,-0.002279924717675519,-0.17717714617930916,0.4696625
2,0.0,closed,mi_site,11,-0.00374412191027558,0.0394733729546587,0.4696625
2,0.0,closed,mi_site,12,0.02177793621520939,0.08643811819068592,0.4696625
2,0.0,closed,mi_site,13,0.057727982775869546,0.5198731911096935,0.4696625
2,0.0,closed,mi_site,14,0.04016372698794185,0.23569837665204602,0.4696625
2,0.0,closed,mi_site,15,-0.017005232526265956,-0.952300746460891,0.4696625
2,0.0,closed,mi_site,16,-0.002574618487929614,-0.009464958494130475,0.4696625
2,0.0,closed,mi_site,17,-0.0029493643708664447,0.10755542908694563,0.4696625
2,0.0,closed,mi_site,18,0.0169078379049018,0.5823788182602607,0.4696625
2,0.0,closed,mi_site,19,-0.00038801852027403605,-0.3616954755770354,0.4696625
2,0.0,closed,mi_site,20,0.003509414863569371,0.6299046818843534,0.4696625
2,0.0,closed,mi_site,21,-0.017430729864212124,-0.40991382065019444,0.4696625
2,0.0,closed,mi_site,22,-0.03655119303670834,-0.005938126176525424,0.4696625
2,0.0,closed,mi_site,23,-0.04615952595947538,0.0011539437433372207,0.4696625
2,0.0,closed,mi_site,24,0.0031242938135598586,-0.0416694627018803,0.4696625
2,0.0,closed,mi_site,25,0.014765945084155439,0.001990873832461607,0.4696625
2,0.0,closed,mi_site,26,0.006619627734710254,0.4524790952090401,0.4696625
2,0.0,closed,mi_site,27,-0.025438927057185236,0.0083645090878397,0.4696625
2,0.0,closed,mi_site,28,0.0045496165855872794,0.010069715447626198,0.4696625
2,0.0,closed,mi_site,29,-0.03831094611313518,-0.4693948893780047,0.4696625
2,0.0,closed,mi_site,30,0.06970774755524023,-0.3936435214444308,0.4696625
2,0.0,closed,mi_site,31,0.06523366790143503,0.34303509056836823,0.4696625
2,0.0,closed,mi_site,32,-0.014067457370052758,-0.09365252063179731,0.4696625
2,0.0,closed,mi_site,33,-0.007351927548209134,0.003339327545790108,0.4696625
2,0.0,closed,mi_site,34,0.055807335442456966,-0.11133832447151994,0.4696625
2,0.0,closed,mi_site,35,0.04229674465234132,0.13810030624455225,0.4696625
2,0.0,closed,mi_site,36,0.014708431853756088,0.4349600143200541,0.4696625
2,0.0,closed,mi_site,37,0.03039689026729625,0.4831366058053929,0.4696625
2,0.0,closed,mi_site,38,0.04392159603735379,-0.002608181745381089,0.4696625
2,0.0,closed,mi_site,39,-0.06738369945986511,-0.5439850263687079,0.4696625
2,0.0,closed,mi_site,40,-0.004781383272767898,-0.005130446289657332,0.4696625
2,0.0,closed,mi_site,41,-0.0021236177154617675,0.3395190844514617,0.4696625
2,0.0,closed,mi_site,42,0.042084861793596495,0.6150391644721467,0.4696625
2,0.0,closed,mi_site,43,-0.06091894424388217,-0.4562756298539277,0.4696625
2,0.0,closed,mi_site,44,0.06588703983380612,0.484417909967592,0.4696625
2,0.0,closed,mi_site,45,-0.03799843428693611,-0.24891139133800066,0.4696625
2,0.0,closed,mi_site,46,-0.012183738033035704,0.009304704669942654,0.4696625
2,0.0,closed,mi_site,47,-0.01817673050771532,0.005809566022142813,0.4696625
2,0.0,closed,mi_site,48,-0.011743054632097658,0.0065802422644461855,0.4696625
2,0.0,closed,mi_site,49,0.01797853633258461,-0.007240989697907877,0.4696625
2,0.0,closed,mi_site,50,0.07044191608769323,0.39503258289877874,0.4696625
2,0.0,closed,mi_site,51,0.003330016618748278,0.006505263830076897,0.4696625
2,0.0,closed,mi_site,52,-0.012117775718998872,-0.11483162210144536,0.4696625
2,0.0,closed,mi_site,53,-0.026701413631630033,-0.612168709520843,0.4696625
2,0.0,closed,mi_site,54,0.005561909738717341,0.37859179737118703,0.4696625
2,0.0,closed,mi_site,55,-0.0056594966920551215,-0.6620922031208105,0.4696625
2,0.0,closed,mi_site,56,0.009310430998415454,-0.006583812923893212,0.4696625
2,0.0,closed,mi_site,57,0.0081435428646924,-0.010563450235401391,0.4696625
2,0.0,closed,mi_site,58,-0.013472255585831268,0.007450195916844271,0.4696625
2,0.0,closed,mi_site,59,-0.007259186469797821,-0.0001260511657726122,0.4696625
2,0.0,closed,mi_site,60,0.04418497227800566,0.5533869332451353,0.4696625
2,0.0,closed,mi_site,61,0.030393682283243875,0.0050887883298814975,0.4696625
2,0.0,closed,mi_site,62,0.015688465069093493,0.13019704230003137,0.4696625
2,0.0,closed,mi_site,63,-0.006249656270232404,0.007167427612439445,0.4696625
2,0.0,closed,mi_site,64,0.022878153938174828,0.6228864190111553,0.4696625
2,0.0,closed,mi_site,65,-4.785477323188125e-06,-0.22406729520957255,0.4696625
2,1.0,aligned,available,0,-0.013506751220624169,-0.2994764173171306,0.4696625
2,1.0,aligned,available,1,0.005877333460749869,0.0013801758539568258,0.4696625
2,1.0,aligned,available,2,-0.015007088056643081,0.4919937585104483,0.4696625
2,1.0,aligned,available,3,-0.010241206250692692,-0.3781936878697895,0.4696625
2,1.0,aligned,available,4,-0.0018361901261540322,-0.005059419572261878,0.4696625
2,1.0,aligned,available,5,0.009847022011219175,0.3141464916828588,0.4696625
2,1.0,aligned,available,6,0.009751008965842444,0.003944323992969413,0.4696625
2,1.0,aligned,available,7,-0.003249443664619244,0.003425659126506706,0.4696625
2,1.0,aligned,available,8,-0.007503577071624861,0.005973243341302836,0.4696625
2,1.0,aligned,available,9,-0.0008644874528631608,0.8251933238829503,0.4696625
2,1.0,aligned,available,10,-0.009043668921659587,-0.17994670385768508,0.4696625
2,1.0,aligned,available,11,0.0033032535278682065,0.03755155217908327,0.4696625
2,1.0,aligned,available,12,0.009179051534616914,0.0839283007996734,0.4696625
2,1.0,aligned,available,13,0.011881137794625185,0.5214950448802187,0.4696625
2,1.0,aligned,available,14,-0.0059934415464059365,0.2391169758742891,0.4696625
2,1.0,aligned,available,15,-0.0006728374435616136,-0.95263274797619,0.4696625
2,1.0,aligned,available,16,-0.0011539155774313668,-0.009178716292870264,0.4696625
2,1.0,aligned,available,17,0.002798246687310685,0.10667168613892232,0.4696625
2,1.0,aligned,available,18,0.008426394730933429,0.5805513543570747,0.4696625
2,1.0,aligned,available,19,-0.0016314905219896314,-0.36667597950292946,0.4696625
2,1.0,aligned,available,20,-0.004633388676523076,0.6285280732227575,0.4696625
2,1.0,aligned,available,21,0.024697476588029177,-0.4146864197317214,0.4696625
2,1.0,aligned,available,22,0.00558172623153745,-0.007283230050709717,0.4696625
2,1.0,aligned,available,23,0.0032345846673107765,-0.0051529104563827295,0.4696625
2,1.0,aligned,available,24,-0.0018225814891600842,-0.0398977648912298,0.4696625
2,1.0,aligned,available,25,0.021362670214272832,0.003674083070387158,0.4696625
2,1.0,aligned,available,26,-0.003327826438547843,0.4582203732030259,0.4696625
2,1.0,aligned,available,27,0.007619211133778668,0.006787836927060441,0.4696625
2,1.0,aligned,available,28,-0.013045842981479231,0.010922241372370798,0.4696625
2,1.0,aligned,available,29,0.006966415606270149,-0.47739046022951404,0.4696625
2,1.0,aligned,available,30,-0.007861961832267839,-0.39447512207866414,0.4696625
2,1.0,aligned,available,31,0.00572273706338533,0.3506529142119505,0.4696625
2,1.0,aligned,available,32,-0.010040996638327415,-0.0904361971692754,0.4696625
2,1.0,aligned,available,33,0.00015924942400926973,0.00215150910765878,0.4696625
2,1.0,aligned,available,34,-0.019030639014903622,-0.11735177476836761,0.4696625
2,1.0,aligned,available,35,0.001255573250434655,0.1366398083233158,0.4696625
2,1.0,aligned,available,36,-0.001708688867067043,0.43692287034053323,0.4696625
2,1.0,aligned,available,37,0.0040486205913782825,0.4852653654512368,0.4696625
2,1.0,aligned,available,38,-0.00471438231903505,-0.004429652294056362,0.4696625
2,1.0,aligned,available,39,-0.004071467382735339,-0.545717056225101,0.4696625
2,1.0,aligned,available,40,0.0005556333966865489,-0.004960686116625088,0.4696625
2,1.0,aligned,available,41,0.007413842446519492,0.3370659518423454,0.4696625
2,1.0,aligned,available,42,0.004649732419760522,0.6134092975739825,0.4696625
2,1.0,aligned,available,43,-0.004922468038127126,-0.4616530879577609,0.4696625
2,1.0,aligned,available,44,0.007296053004396175,0.48172517084956257,0.4696625
2,1.0,aligned,available,45,0.0011299521412133084,-0.2518011588352132,0.4696625
2,1.0,aligned,available,46,0.014610279498966703,0.009350602319922087,0.4696625
2,1.0,aligned,available,47,0.007566544206717805,0.0030799135047308605,0.4696625
2,1.0,aligned,available,48,-0.012239997632259074,0.00642498965631246,0.4696625
2,1.0,aligned,available,49,0.006149223281763161,-0.005404168772217966,0.4696625
2,1.0,aligned,available,50,-0.005204851045520931,0.40122116933492696,0.4696625
2,1.0,aligned,available,51,-0.0060524007087035285,0.006213525897273403,0.4696625
2,1.0,aligned,available,52,0.002324427383220945,-0.11396344527450665,0.4696625
2,1.0,aligned,available,53,-0.006023752338108035,-0.6099808635596563,0.4696625
2,1.0,aligned,available,54,0.0025598301246196886,0.38422687744871253,0.4696625
2,1.0,aligned,available,55,-0.0032088790527762256,-0.6601277392651943,0.4696625
2,1.0,aligned,available,56,0.019708960190101606,-0.005780173884567614,0.4696625
2,1.0,aligned,available,57,0.008676779606521566,-0.010563450235401391,0.4696625
2,1.0,aligned,available,58,-0.001779290695493884,0.0069951911577347155,0.4696625
2,1.0,aligned,available,59,-0.003568068489347962,-0.0007786450853089048,0.4696625
2,1.0,aligned,available,60,-0.014430099271857233,0.5509123833758811,0.4696625
2,1.0,aligned,available,61,-0.00838176995642826,0.004695597818071189,0.4696625
2,1.0,aligned,available,62,0.0006897126811874765,0.11967581697862374,0.4696625
2,1.0,aligned,available,63,0.006552645899941256,0.006429754899239056,0.4696625
2,1.0,aligned,available,64,-0.002406732798067579,0.6176093611697594,0.4696625
2,1.0,aligned,available,65,-0.001208578840023844,-0.22629239199090737,0.4696625
2,1.0,aligned,mi_obs,0,-0.011938374551445474,-0.2994764173171306,0.4696625
2,1.0,aligned,mi_obs,1,0.025444529192518717,0.0013801758539568258,0.4696625
2,1.0,aligned,mi_obs,2,0.01140430478042459,0.4919937585104483,0.4696625
2,1.0,aligned,mi_obs,3,-0.02848725457617718,-0.3781936878697895,0.4696625
2,1.0,aligned,mi_obs,4,-0.008148732618386566,-0.005059419572261878,0.4696625
2,1.0,aligned,mi_obs,5,0.01691349414919696,0.3141464916828588,0.4696625
2,1.0,aligned,mi_obs,6,0.01756420914092223,0.003944323992969413,0.4696625
2,1.0,aligned,mi_obs,7,0.0281848000921653,0.003425659126506706,0.4696625
2,1.0,aligned,mi_obs,8,-0.002867689780388622,0.005973243341302836,0.4696625
2,1.0,aligned,mi_obs,9,0.03882951871054663,0.8251933238829503,0.4696625
2,1.0,aligned,mi_obs,10,-0.00943726637963796,-0.17994670385768508,0.4696625
2,1.0,aligned,mi_obs,11,0.00010773066529477793,0.03755155217908327,0.4696625
2,1.0,aligned,mi_obs,12,-0.005833358632116564,0.0839283007996734,0.4696625
2,1.0,aligned,mi_obs,13,0.05432894203931582,0.5214950448802187,0.4696625
2,1.0,aligned,mi_obs,14,0.03990764698046684,0.2391169758742891,0.4696625
2,1.0,aligned,mi_obs,15,-0.020862298557937864,-0.95263274797619,0.4696625
2,1.0,aligned,mi_obs,16,0.0014468910976464843,-0.009178716292870264,0.4696625
2,1.0,aligned,mi_obs,17,-0.017256982358451037,0.10667168613892232,0.4696625
2,1.0,aligned,mi_obs,18,0.03910977711364949,0.5805513543570747,0.4696625
2,1.0,aligned,mi_obs,19,-0.010705399770803481,-0.36667597950292946,0.4696625
2,1.0,aligned,mi_obs,20,0.00028920163943346733,0.6285280732227575,0.4696625
2,1.0,aligned,mi_obs,21,-0.032154259574391386,-0.4146864197317214,0.4696625
2,1.0,aligned,mi_obs,22,-0.0592048043228305,-0.007283230050709717,0.4696625
2,1.0,aligned,mi_obs,23,-0.04080129611418481,-0.0051529104563827295,0.4696625
2,1.0,aligned,mi_obs,24,0.012751371118452974,-0.0398977648912298,0.4696625
2,1.0,aligned,mi_obs,25,0.02945774367458173,0.003674083070387158,0.4696625
2,1.0,aligned,mi_obs,26,0.014650304377353596,0.4582203732030259,0.4696625
2,1.0,aligned,mi_obs,27,-0.03713036541696969,0.006787836927060441,0.4696625
2,1.0,aligned,mi_obs,28,0.010751512713951474,0.010922241372370798,0.4696625
2,1.0,aligned,mi_obs,29,-0.05269365566433648,-0.47739046022951404,0.4696625
2,1.0,aligned,mi_obs,30,0.06936364019498403,-0.39447512207866414,0.4696625
2,1.0,aligned,mi_obs,31,0.08477059517039026,0.3506529142119505,0.4696625
2,1.0,aligned,mi_obs,32,-0.010089970468154796,-0.0904361971692754,0.4696625
2,1.0,aligned,mi_obs,33,-0.022364736207854508,0.00215150910765878,0.4696625
2,1.0,aligned,mi_obs,34,0.0021089778507431545,-0.11735177476836761,0.4696625
2,1.0,aligned,mi_obs,35,0.0573199080873211,0.1366398083233158,0.4696625
2,1.0,aligned,mi_obs,36,0.004163944775261885,0.43692287034053323,0.4696625
2,1.0,aligned,mi_obs,37,0.04340657343306531,0.4852653654512368,0.4696625
2,1.0,aligned,mi_obs,38,0.04176351425328032,-0.004429652294056362,0.4696625
2,1.0,aligned,mi_obs,39,-0.062359775712806376,-0.545717056225101,0.4696625
2,1.0,aligned,mi_obs,40,0.0051366742089476594,-0.004960686116625088,0.4696625
2,1.0,aligned,mi_obs,41,0.017373210493628333,0.3370659518423454,0.4696625
2,1.0,aligned,mi_obs,42,0.03735376907493593,0.6134092975739825,0.4696625
2,1.0,aligned,mi_obs,43,-0.059497882872084296,-0.4616530879577609,0.4696625
2,1.0,aligned,mi_obs,44,0.06961717148106061,0.48172517084956257,0.4696625
2,1.0,aligned,mi_obs,45,-0.044244826660375824,-0.2518011588352132,0.4696625
2,1.0,aligned,mi_obs,46,0.017616343898472393,0.009350602319922087,0.4696625
2,1.0,aligned,mi_obs,47,-0.018522203234828217,0.0030799135047308605,0.4696625
2,1.0,aligned,mi_obs,48,-0.0102022560219884,0.00642498965631246,0.4696625
2,1.0,aligned,mi_obs,49,-0.003173840269795553,-0.005404168772217966,0.4696625
2,1.0,aligned,mi_obs,50,0.07790867497128745,0.40122116933492696,0.4696625
2,1.0,aligned,mi_obs,51,-0.001977073447457252,0.006213525897273403,0.4696625
2,1.0,aligned,mi_obs,52,-0.0045510844253542765,-0.11396344527450665,0.4696625
2,1.0,aligned,mi_obs,53,-0.04230858996417608,-0.6099808635596563,0.4696625
2,1.0,aligned,mi_obs,54,0.013017040721668482,0.38422687744871253,0.4696625
2,1.0,aligned,mi_obs,55,-0.009640129903453865,-0.6601277392651943,0.4696625
2,1.0,aligned,mi_obs,56,0.031125026184868235,-0.005780173884567614,0.4696625
2,1.0,aligned,mi_obs,57,0.010987942282909207,-0.010563450235401391,0.4696625
2,1.0,aligned,mi_obs,58,-0.0029270141993587477,0.0069951911577347155,0.4696625
2,1.0,aligned,mi_obs,59,0.0009813035137672286,-0.0007786450853089048,0.4696625
2,1.0,aligned,mi_obs,60,0.05362391804363964,0.5509123833758811,0.4696625
2,1.0,aligned,mi_obs,61,0.026252048969373533,0.004695597818071189,0.4696625
2,1.0,aligned,mi_obs,62,0.003066007207007407,0.11967581697862374,0.4696625
2,1.0,aligned,mi_obs,63,-0.013437823659293205,0.006429754899239056,0.4696625
2,1.0,aligned,mi_obs,64,0.026165654257395587,0.6176093611697594,0.4696625
2,1.0,aligned,mi_obs,65,-0.008664856722655018,-0.22629239199090737,0.4696625
2,1.0,aligned,mi_class,0,0.20546001631975314,-0.2994764173171306,0.4696625
2,1.0,aligned,mi_class,1,0.02798438558004411,0.0013801758539568258,0.4696625
2,1.0,aligned,mi_class,2,-0.3089014177285979,0.4919937585104483,0.4696625
2,1.0,aligned,mi_class,3,0.2784594001983107,-0.3781936878697895,0.4696625
2,1.0,aligned,mi_class,4,-0.00012070739148367562,-0.005059419572261878,0.4696625
2,1.0,aligned,mi_class,5,-0.22605135170455487,0.3141464916828588,0.4696625
2,1.0,aligned,mi_class,6,0.9127584178080221,0.003944323992969413,0.4696625
2,1.0,aligned,mi_class,7,-0.006515349851472847,0.003425659126506706,0.4696625
2,1.0,aligned,mi_class,8,-0.055453929393990437,0.005973243341302836,0.4696625
2,1.0,aligned,mi_class,9,0.1359638493094455,0.8251933238829503,0.4696625
2,1.0,aligned,mi_class,10,0.11195262294768364,-0.17994670385768508,0.4696625
2,1.0,aligned,mi_class,11,-0.021452801247889095,0.03755155217908327,0.4696625
2,1.0,aligned,mi_class,12,0.01993032518641824,0.0839283007996734,0.4696625
2,1.0,aligned,mi_class,13,-0.0001565709642391555,0.5214950448802187,0.4696625
2,1.0,aligned,mi_class,14,-0.07877412014954935,0.2391169758742891,0.4696625
2,1.0,aligned,mi_class,15,0.3295554122579821,-0.95263274797619,0.4696625
2,1.0,aligned,mi_class,16,0.0079920750893018,-0.009178716292870264,0.4696625
2,1.0,aligned,mi_class,17,-0.04968001370815268,0.10667168613892232,0.4696625
2,1.0,aligned,mi_class,18,0.01069194186506739,0.5805513543570747,0.4696625
2,1.0,aligned,mi_class,19,0.3258368863666105,-0.36667597950292946,0.4696625
2,1.0,aligned,mi_class,20,-0.03247407679795311,0.6285280732227575,0.4696625
2,1.0,aligned,mi_class,21,0.34209635881320455,-0.4146864197317214,0.4696625
2,1.0,aligned,mi_class,22,0.002687027454828704,-0.007283230050709717,0.4696625
2,1.0,aligned,mi_class,23,0.005131243802912426,-0.0051529104563827295,0.4696625
2,1.0,aligned,mi_class,24,0.03563087544786032,-0.0398977648912298,0.4696625
2,1.0,aligned,mi_class,25,0.024804056489257764,0.003674083070387158,0.4696625
2,1.0,aligned,mi_class,26,-0.42034622190005544,0.4582203732030259,0.4696625
2,1.0,aligned,mi_class,27,-0.010464522425715555,0.006787836927060441,0.4696625
2,1.0,aligned,mi_class,28,0.005194604464732229,0.010922241372370798,0.4696625
2,1.0,aligned,mi_class,29,0.38844498244978815,-0.47739046022951404,0.4696625
2,1.0,aligned,mi_class,30,0.20399479674103088,-0.39447512207866414,0.4696625
2,1.0,aligned,mi_class,31,-0.054750468889910364,0.3506529142119505,0.4696625
2,1.0,aligned,mi_class,32,0.011816381332478712,-0.0904361971692754,0.4696625
2,1.0,aligned,mi_class,33,-0.00646597431572218,0.00215150910765878,0.4696625
2,1.0,aligned,mi_class,34,0.010165828129064677,-0.11735177476836761,0.4696625
2,1.0,aligned,mi_class,35,0.0477756895159733,0.1366398083233158,0.4696625
2,1.0,aligned,mi_class,36,-0.39210544789709023,0.43692287034053323,0.4696625
2,1.0,aligned,mi_class,37,0.006410474478715789,0.4852653654512368,0.4696625
2,1.0,aligned,mi_class,38,0.007843269727322503,-0.004429652294056362,0.4696625
2,1.0,aligned,mi_class,39,0.07556605012816997,-0.545717056225101,0.4696625
2,1.0,aligned,mi_class,40,0.0050415218383885905,-0.004960686116625088,0.4696625
2,1.0,aligned,mi_class,41,-0.10427692105857525,0.3370659518423454,0.4696625
2,1.0,aligned,mi_class,42,-0.018452652796953628,0.6134092975739825,0.4696625
2,1.0,aligned,mi_class,43,0.4215133844883606,-0.4616530879577609,0.4696625
2,1.0,aligned,mi_class,44,0.013310855773122632,0.48172517084956257,0.4696625
2,1.0,aligned,mi_class,45,-0.011271237273905166,-0.2518011588352132,0.4696625
2,1.0,aligned,mi_class,46,-0.005150774655006911,0.009350602319922087,0.4696625
2,1.0,aligned,mi_class,47,0.0321280521787758,0.0030799135047308605,0.4696625
2,1.0,aligned,mi_class,48,0.009576601947380988,0.00642498965631246,0.4696625
2,1.0,aligned,mi_class,49,0.0038166907800113127,-0.005404168772217966,0.4696625
2,1.0,aligned,mi_class,50,-0.0819357994016805,0.40122116933492696,0.4696625
2,1.0,aligned,mi_class,51,-0.006452593690837826,0.006213525897273403,0.4696625
2,1.0,aligned,mi_class,52,0.026029971147169317,-0.11396344527450665,0.4696625
2,1.0,aligned,mi_class,53,0.10171076828271919,-0.6099808635596563,0.4696625
2,1.0,aligned,mi_class,54,-0.35146618005798663,0.38422687744871253,0.4696625
2,1.0,aligned,mi_class,55,0.15076465234128955,-0.6601277392651943,0.4696625
2,1.0,aligned,mi_class,56,0.04044409585476929,-0.005780173884567614,0.4696625
2,1.0,aligned,mi_class,57,-0.04378403248898577,-0.010563450235401391,0.4696625
2,1.0,aligned,mi_class,58,0.9714907919691718,0.0069951911577347155,0.4696625
2,1.0,aligned,mi_class,59,-0.0008960364495285982,-0.0007786450853089048,0.4696625
2,1.0,aligned,mi_class,60,-0.2445030145304975,0.5509123833758811,0.4696625
2,1.0,aligned,mi_class,61,-0.006888862480529084,0.004695597818071189,0.4696625
2,1.0,aligned,mi_class,62,-0.04186062373527355,0.11967581697862374,0.4696625
2,1.0,aligned,mi_class,63,-0.05974081464558114,0.006429754899239056,0.4696625
2,1.0,aligned,mi_class,64,0.05875326054874663,0.6176093611697594,0.4696625
2,1.0,aligned,mi_class,65,0.19861704503307065,-0.22629239199090737,0.4696625
2,1.0,aligned,mi_site,0,0.0060382025821529295,-0.2994764173171306,0.4696625
2,1.0,aligned,mi_site,1,0.0015622909043606086,0.0013801758539568258,0.4696625
2,1.0,aligned,mi_site,2,-0.13516831628030712,0.4919937585104483,0.4696625
2,1.0,aligned,mi_site,3,-0.0015871037965598522,-0.3781936878697895,0.4696625
2,1.0,aligned,mi_site,4,0.0028212728044760185,-0.005059419572261878,0.4696625
2,1.0,aligned,mi_site,5,-0.010271394791372512,0.3141464916828588,0.4696625
2,1.0,aligned,mi_site,6,0.006195436141377689,0.003944323992969413,0.4696625
2,1.0,aligned,mi_site,7,0.005858988284152036,0.003425659126506706,0.4696625
2,1.0,aligned,mi_site,8,-0.0001653121947916298,0.005973243341302836,0.4696625
2,1.0,aligned,mi_site,9,-0.8208889005438125,0.8251933238829503,0.4696625
2,1.0,aligned,mi_site,10,0.008945009929495817,-0.17994670385768508,0.4696625
2,1.0,aligned,mi_site,11,-0.005607775480051515,0.03755155217908327,0.4696625
2,1.0,aligned,mi_site,12,-0.017742069165200006,0.0839283007996734,0.4696625
2,1.0,aligned,mi_site,13,0.010673636460369451,0.5214950448802187,0.4696625
2,1.0,aligned,mi_site,14,0.0203159692265521,0.2391169758742891,0.4696625
2,1.0,aligned,mi_site,15,0.01756578721218549,-0.95263274797619,0.4696625
2,1.0,aligned,mi_site,16,0.0003581795030871814,-0.009178716292870264,0.4696625
2,1.0,aligned,mi_site,17,-0.005758621286974935,0.10667168613892232,0.4696625
2,1.0,aligned,mi_site,18,-0.5185188203804698,0.5805513543570747,0.4696625
2,1.0,aligned,mi_site,19,0.36869839875291605,-0.36667597950292946,0.4696625
2,1.0,aligned,mi_site,20,-0.020064221894928624,0.6285280732227575,0.4696625
2,1.0,aligned,mi_site,21,0.031585378808104636,-0.4146864197317214,0.4696625
2,1.0,aligned,mi_site,22,-0.03629845077461917,-0.007283230050709717,0.4696625
2,1.0,aligned,mi_site,23,-0.04191429550279397,-0.0051529104563827295,0.4696625
2,1.0,aligned,mi_site,24,0.002527497016087385,-0.0398977648912298,0.4696625
2,1.0,aligned,mi_site,25,0.017806838850892886,0.003674083070387158,0.4696625
2,1.0,aligned,mi_site,26,-0.0011092218600946557,0.4582203732030259,0.4696625
2,1.0,aligned,mi_site,27,-0.00480007066217345,0.006787836927060441,0.4696625
2,1.0,aligned,mi_site,28,-0.01664842177580005,0.010922241372370798,0.4696625
2,1.0,aligned,mi_site,29,-0.008149155211483405,-0.47739046022951404,0.4696625
2,1.0,aligned,mi_site,30,0.09674295640471009,-0.39447512207866414,0.4696625
2,1.0,aligned,mi_site,31,0.004356055213689092,0.3506529142119505,0.4696625
2,1.0,aligned,mi_site,32,-0.01175089191804106,-0.0904361971692754,0.4696625
2,1.0,aligned,mi_site,33,-0.021385515425911966,0.00215150910765878,0.4696625
2,1.0,aligned,mi_site,34,0.005699763649795506,-0.11735177476836761,0.4696625
2,1.0,aligned,mi_site,35,-0.12028047856258184,0.1366398083233158,0.4696625
2,1.0,aligned,mi_site,36,-0.4325009689321339,0.43692287034053323,0.4696625
2,1.0,aligned,mi_site,37,-0.06706304130406154,0.4852653654512368,0.4696625
2,1.0,aligned,mi_site,38,0.013730228511251847,-0.004429652294056362,0.4696625
2,1.0,aligned,mi_site,39,-0.0386580242179404,-0.545717056225101,0.4696625
2,1.0,aligned,mi_site,40,0.0066966510056140315,-0.004960686116625088,0.4696625
2,1.0,aligned,mi_site,41,0.010433163347893792,0.3370659518423454,0.4696625
2,1.0,aligned,mi_site,42,-0.5436355139663361,0.6134092975739825,0.4696625
2,1.0,aligned,mi_site,43,0.45833645553681046,-0.4616530879577609,0.4696625
2,1.0,aligned,mi_site,44,0.03040225464505697,0.48172517084956257,0.4696625
2,1.0,aligned,mi_site,45,-0.029630939433840042,-0.2518011588352132,0.4696625
2,1.0,aligned,mi_site,46,0.01467143353525229,0.009350602319922087,0.4696625
2,1.0,aligned,mi_site,47,-0.011545018621112593,0.0030799135047308605,0.4696625
2,1.0,aligned,mi_site,48,-0.04475762225528377,0.00642498965631246,0.4696625
2,1.0,aligned,mi_site,49,0.04623178458661299,-0.005404168772217966,0.4696625
2,1.0,aligned,mi_site,50,0.039310029507113486,0.40122116933492696,0.4696625
2,1.0,aligned,mi_site,51,-0.0007950055012642034,0.006213525897273403,0.4696625
2,1.0,aligned,mi_site,52,-0.023766243922437133,-0.11396344527450665,0.4696625
2,1.0,aligned,mi_site,53,0.543037298507169,-0.6099808635596563,0.4696625
2,1.0,aligned,mi_site,54,-0.38806664154991843,0.38422687744871253,0.4696625
2,1.0,aligned,mi_site,55,0.005482386232364189,-0.6601277392651943,0.4696625
2,1.0,aligned,mi_site,56,0.021688883567399425,-0.005780173884567614,0.4696625
2,1.0,aligned,mi_site,57,0.01671975676587545,-0.010563450235401391,0.4696625
2,1.0,aligned,mi_site,58,-0.013872982946672299,0.0069951911577347155,0.4696625
2,1.0,aligned,mi_site,59,-0.0067787746717721045,-0.0007786450853089048,0.4696625
2,1.0,aligned,mi_site,60,-0.49162015706017503,0.5509123833758811,0.4696625
2,1.0,aligned,mi_site,61,0.001442308808926011,0.004695597818071189,0.4696625
2,1.0,aligned,mi_site,62,-0.006688663566578046,0.11967581697862374,0.4696625
2,1.0,aligned,mi_site,63,-0.9994598060706793,0.006429754899239056,0.4696625
2,1.0,aligned,mi_site,64,-0.5559473919545878,0.6176093611697594,0.4696625
2,1.0,aligned,mi_site,65,0.23385994510663646,-0.22629239199090737,0.4696625
2,1.0,closed,available,0,0.001263126399980774,-0.2994764173171306,0.4696625
2,1.0,closed,available,1,0.0055755714631688744,0.0013801758539568258,0.4696625
2,1.0,closed,available,2,-0.011066491772698195,0.4919937585104483,0.4696625
2,1.0,closed,available,3,0.007923730027486142,-0.3781936878697895,0.4696625
2,1.0,closed,available,4,-0.003042052513306032,-0.005059419572261878,0.4696625
2,1.0,closed,available,5,-0.025933077211081568,0.3141464916828588,0.4696625
2,1.0,closed,available,6,0.002327123678937079,0.003944323992969413,0.4696625
2,1.0,closed,available,7,0.0013650530966394553,0.003425659126506706,0.4696625
2,1.0,closed,available,8,-0.007081525727151056,0.005973243341302836,0.4696625
2,1.0,closed,available,9,-0.0006274890176357628,0.8251933238829503,0.4696625
2,1.0,closed,available,10,0.00887708526469111,-0.17994670385768508,0.4696625
2,1.0,closed,available,11,-0.006960052594184057,0.03755155217908327,0.4696625
2,1.0,closed,available,12,-0.01153584630655892,0.0839283007996734,0.4696625
2,1.0,closed,available,13,-0.005367658884904314,0.5214950448802187,0.4696625
2,1.0,closed,available,14,-0.0008315855604413835,0.2391169758742891,0.4696625
2,1.0,closed,available,15,0.000938296291112195,-0.95263274797619,0.4696625
2,1.0,closed,available,16,-0.007272310425208697,-0.009178716292870264,0.4696625
2,1.0,closed,available,17,0.003823369788338485,0.10667168613892232,0.4696625
2,1.0,closed,available,18,0.0057120485835761015,0.5805513543570747,0.4696625
2,1.0,closed,available,19,-0.003948101373003832,-0.36667597950292946,0.4696625
2,1.0,closed,available,20,-0.0032456084493108772,0.6285280732227575,0.4696625
2,1.0,closed,available,21,-0.0003768767743565493,-0.4146864197317214,0.4696625
2,1.0,closed,available,22,0.00225558737908591,-0.007283230050709717,0.4696625
2,1.0,closed,available,23,0.01174383560666447,-0.0051529104563827295,0.4696625
2,1.0,closed,available,24,-0.00601134101792223,-0.0398977648912298,0.4696625
2,1.0,closed,available,25,-0.004471928528749076,0.003674083070387158,0.4696625
2,1.0,closed,available,26,0.0200039687175414,0.4582203732030259,0.4696625
2,1.0,closed,available,27,-0.009412878451173159,0.006787836927060441,0.4696625
2,1.0,closed,available,28,0.006198413127537638,0.010922241372370798,0.4696625
2,1.0,closed,available,29,-0.005071173739082613,-0.47739046022951404,0.4696625
2,1.0,closed,available,30,0.0035439654528406916,-0.39447512207866414,0.4696625
2,1.0,closed,available,31,-0.004714173344390837,0.3506529142119505,0.4696625
2,1.0,closed,available,32,-0.0009121175085582411,-0.0904361971692754,0.4696625
2,1.0,closed,available,33,-0.008775866605823726,0.00215150910765878,0.4696625
2,1.0,closed,available,34,0.003457223131744347,-0.11735177476836761,0.4696625
2,1.0,closed,available,35,0.003100945167970881,0.1366398083233158,0.4696625
2,1.0,closed,available,36,-0.017367428345162028,0.43692287034053323,0.4696625
2,1.0,closed,available,37,0.007611324157128729,0.4852653654512368,0.4696625
2,1.0,closed,available,38,-4.067928744256894e-05,-0.004429652294056362,0.4696625
2,1.0,closed,available,39,0.00151471789569535,-0.545717056225101,0.4696625
2,1.0,closed,available,40,0.005820312020143662,-0.004960686116625088,0.4696625
2,1.0,closed,available,41,0.003949078644492399,0.3370659518423454,0.4696625
2,1.0,closed,available,42,0.01472330655244558,0.6134092975739825,0.4696625
2,1.0,closed,available,43,0.02175555649976435,-0.4616530879577609,0.4696625
2,1.0,closed,available,44,-0.003106086252364859,0.48172517084956257,0.4696625
2,1.0,closed,available,45,-0.007118209696355404,-0.2518011588352132,0.4696625
2,1.0,closed,available,46,0.0059873644559872135,0.009350602319922087,0.4696625
2,1.0,closed,available,47,0.011136542767302873,0.0030799135047308605,0.4696625
2,1.0,closed,available,48,0.0038073313712395813,0.00642498965631246,0.4696625
2,1.0,closed,available,49,-0.01338723575097162,-0.005404168772217966,0.4696625
2,1.0,closed,available,50,0.0066103226302792195,0.40122116933492696,0.4696625
2,1.0,closed,available,51,-0.00038495526607955095,0.006213525897273403,0.4696625
2,1.0,closed,available,52,-0.00825877555008625,-0.11396344527450665,0.4696625
2,1.0,closed,available,53,-0.008584073643901124,-0.6099808635596563,0.4696625
2,1.0,closed,available,54,-0.01700408564542355,0.38422687744871253,0.4696625
2,1.0,closed,available,55,-0.0026792280493491694,-0.6601277392651943,0.4696625
2,1.0,closed,available,56,-0.0027247945417738654,-0.005780173884567614,0.4696625
2,1.0,closed,available,57,0.00946348213622749,-0.010563450235401391,0.4696625
2,1.0,closed,available,58,0.013102110243834626,0.0069951911577347155,0.4696625
2,1.0,closed,available,59,0.002603139469822339,-0.0007786450853089048,0.4696625
2,1.0,closed,available,60,0.017983736415542295,0.5509123833758811,0.4696625
2,1.0,closed,available,61,0.019663794805905598,0.004695597818071189,0.4696625
2,1.0,closed,available,62,0.001491272921656281,0.11967581697862374,0.4696625
2,1.0,closed,available,63,-0.004811815211284204,0.006429754899239056,0.4696625
2,1.0,closed,available,64,0.0011512600119727434,0.6176093611697594,0.4696625
2,1.0,closed,available,65,5.083346673964706e-05,-0.22629239199090737,0.4696625
2,1.0,closed,mi_obs,0,-0.015644286929366202,-0.2994764173171306,0.4696625
2,1.0,closed,mi_obs,1,0.011844101106341251,0.0013801758539568258,0.4696625
2,1.0,closed,mi_obs,2,0.02647104251747806,0.4919937585104483,0.4696625
2,1.0,closed,mi_obs,3,-0.024207623834169578,-0.3781936878697895,0.4696625
2,1.0,closed,mi_obs,4,0.0020640236244219403,-0.005059419572261878,0.4696625
2,1.0,closed,mi_obs,5,0.01516478072878269,0.3141464916828588,0.4696625
2,1.0,closed,mi_obs,6,0.009111695762574337,0.003944323992969413,0.4696625
2,1.0,closed,mi_obs,7,0.031076553762784412,0.003425659126506706,0.4696625
2,1.0,closed,mi_obs,8,-0.010773957673041118,0.005973243341302836,0.4696625
2,1.0,closed,mi_obs,9,0.04373661894200187,0.8251933238829503,0.4696625
2,1.0,closed,mi_obs,10,-0.0008779566798066962,-0.17994670385768508,0.4696625
2,1.0,closed,mi_obs,11,-0.015060306219075583,0.03755155217908327,0.4696625
2,1.0,closed,mi_obs,12,0.02486827318684931,0.0839283007996734,0.4696625
2,1.0,closed,mi_obs,13,0.05481279193329691,0.5214950448802187,0.4696625
2,1.0,closed,mi_obs,14,0.04064408395375424,0.2391169758742891,0.4696625
2,1.0,closed,mi_obs,15,-0.02012848583978033,-0.95263274797619,0.4696625
2,1.0,closed,mi_obs,16,-0.005690326918592552,-0.009178716292870264,0.4696625
2,1.0,closed,mi_obs,17,-0.0038422708355931867,0.10667168613892232,0.4696625
2,1.0,closed,mi_obs,18,0.012140743649380559,0.5805513543570747,0.4696625
2,1.0,closed,mi_obs,19,-0.004864854942748464,-0.36667597950292946,0.4696625
2,1.0,closed,mi_obs,20,-0.0003113158634111546,0.6285280732227575,0.4696625
2,1.0,closed,mi_obs,21,-0.018787518750469245,-0.4146864197317214,0.4696625
2,1.0,closed,mi_obs,22,-0.05164512626793412,-0.007283230050709717,0.4696625
2,1.0,closed,mi_obs,23,-0.03398139888230281,-0.0051529104563827295,0.4696625
2,1.0,closed,mi_obs,24,0.014584117888912552,-0.0398977648912298,0.4696625
2,1.0,closed,mi_obs,25,0.003746689229232873,0.003674083070387158,0.4696625
2,1.0,closed,mi_obs,26,0.008680332152254777,0.4582203732030259,0.4696625
2,1.0,closed,mi_obs,27,-0.039256546920313246,0.006787836927060441,0.4696625
2,1.0,closed,mi_obs,28,0.018700649350655497,0.010922241372370798,0.4696625
2,1.0,closed,mi_obs,29,-0.0566484746085123,-0.47739046022951404,0.4696625
2,1.0,closed,mi_obs,30,0.06909402465747971,-0.39447512207866414,0.4696625
2,1.0,closed,mi_obs,31,0.0835951547096731,0.3506529142119505,0.4696625
2,1.0,closed,mi_obs,32,-0.024557763563296364,-0.0904361971692754,0.4696625
2,1.0,closed,mi_obs,33,0.021267913921192497,0.00215150910765878,0.4696625
2,1.0,closed,mi_obs,34,0.029159710727043625,-0.11735177476836761,0.4696625
2,1.0,closed,mi_obs,35,0.06450950840099368,0.1366398083233158,0.4696625
2,1.0,closed,mi_obs,36,0.009897977358139853,0.43692287034053323,0.4696625
2,1.0,closed,mi_obs,37,0.0418253668273616,0.4852653654512368,0.4696625
2,1.0,closed,mi_obs,38,0.038646249590039254,-0.004429652294056362,0.4696625
2,1.0,closed,mi_obs,39,-0.06780061894529021,-0.545717056225101,0.4696625
2,1.0,closed,mi_obs,40,-0.009524418051022741,-0.004960686116625088,0.4696625
2,1.0,closed,mi_obs,41,0.024708248968726476,0.3370659518423454,0.4696625
2,1.0,closed,mi_obs,42,0.036903053598121516,0.6134092975739825,0.4696625
2,1.0,closed,mi_obs,43,-0.037659901255931494,-0.4616530879577609,0.4696625
2,1.0,closed,mi_obs,44,0.06443197679153856,0.48172517084956257,0.4696625
2,1.0,closed,mi_obs,45,-0.045217304740792885,-0.2518011588352132,0.4696625
2,1.0,closed,mi_obs,46,0.013240588263111057,0.009350602319922087,0.4696625
2,1.0,closed,mi_obs,47,-0.007872018957720349,0.0030799135047308605,0.4696625
2,1.0,closed,mi_obs,48,-0.015051061888828682,0.00642498965631246,0.4696625
2,1.0,closed,mi_obs,49,0.014388589536162547,-0.005404168772217966,0.4696625
2,1.0,closed,mi_obs,50,0.07456153298432078,0.40122116933492696,0.4696625
2,1.0,closed,mi_obs,51,0.0062851743776857994,0.006213525897273403,0.4696625
2,1.0,closed,mi_obs,52,-0.017755461764828326,-0.11396344527450665,0.4696625
2,1.0,closed,mi_obs,53,-0.02617922735049305,-0.6099808635596563,0.4696625
2,1.0,closed,mi_obs,54,0.011420759471643838,0.38422687744871253,0.4696625
2,1.0,closed,mi_obs,55,-0.01022779135936469,-0.6601277392651943,0.4696625
2,1.0,closed,mi_obs,56,0.0027191506157430204,-0.005780173884567614,0.4696625
2,1.0,closed,mi_obs,57,0.00700304987846625,-0.010563450235401391,0.4696625
2,1.0,closed,mi_obs,58,0.030690835481136828,0.0069951911577347155,0.4696625
2,1.0,closed,mi_obs,59,-0.0007324684871280718,-0.0007786450853089048,0.4696625
2,1.0,closed,mi_obs,60,0.07264254115699831,0.5509123833758811,0.4696625
2,1.0,closed,mi_obs,61,0.042793474886984116,0.004695597818071189,0.4696625
2,1.0,closed,mi_obs,62,0.011250855667973084,0.11967581697862374,0.4696625
2,1.0,closed,mi_obs,63,0.0008303273267708505,0.006429754899239056,0.4696625
2,1.0,closed,mi_obs,64,0.01764111293371118,0.6176093611697594,0.4696625
2,1.0,closed,mi_obs,65,0.0015028618436725705,-0.22629239199090737,0.4696625
2,1.0,closed,mi_class,0,0.18898194097271387,-0.2994764173171306,0.4696625
2,1.0,closed,mi_class,1,0.08733736830908272,0.0013801758539568258,0.4696625
2,1.0,closed,mi_class,2,-0.475265480021557,0.4919937585104483,0.4696625
2,1.0,closed,mi_class,3,0.3106791290506453,-0.3781936878697895,0.4696625
2,1.0,closed,mi_class,4,0.0008327423779500853,-0.005059419572261878,0.4696625
2,1.0,closed,mi_class,5,-0.23282374344347812,0.3141464916828588,0.4696625
2,1.0,closed,mi_class,6,-0.5533289386524446,0.003944323992969413,0.4696625
2,1.0,closed,mi_class,7,-0.0008725770331681165,0.003425659126506706,0.4696625
2,1.0,closed,mi_class,8,-0.0702354399022287,0.005973243341302836,0.4696625
2,1.0,closed,mi_class,9,-1.712422654143876,0.8251933238829503,0.4696625
2,1.0,closed,mi_class,10,0.11507139538628075,-0.17994670385768508,0.4696625
2,1.0,closed,mi_class,11,0.02534448740694336,0.03755155217908327,0.4696625
2,1.0,closed,mi_class,12,-0.07553836187033593,0.0839283007996734,0.4696625
2,1.0,closed,mi_class,13,-0.28737476054573097,0.5214950448802187,0.4696625
2,1.0,closed,mi_class,14,-0.08192392082512434,0.2391169758742891,0.4696625
2,1.0,closed,mi_class,15,0.33833477518247923,-0.95263274797619,0.4696625
2,1.0,closed,mi_class,16,0.01309682423394646,-0.009178716292870264,0.4696625
2,1.0,closed,mi_class,17,-0.061359061649053914,0.10667168613892232,0.4696625
2,1.0,closed,mi_class,18,-0.019112250811630704,0.5805513543570747,0.4696625
2,1.0,closed,mi_class,19,0.34206700673790974,-0.36667597950292946,0.4696625
2,1.0,closed,mi_class,20,-0.08345223539382407,0.6285280732227575,0.4696625
2,1.0,closed,mi_class,21,0.38153261435861663,-0.4146864197317214,0.4696625
2,1.0,closed,mi_class,22,-0.0019730202057171306,-0.007283230050709717,0.4696625
2,1.0,closed,mi_class,23,0.0030021251753577158,-0.0051529104563827295,0.4696625
2,1.0,closed,mi_class,24,0.013279659323346404,-0.0398977648912298,0.4696625
2,1.0,closed,mi_class,25,-0.056833395721779166,0.003674083070387158,0.4696625
2,1.0,closed,mi_class,26,-0.2771804794338276,0.4582203732030259,0.4696625
2,1.0,closed,mi_class,27,-0.029224749075097128,0.006787836927060441,0.4696625
2,1.0,closed,mi_class,28,-0.08197869702459536,0.010922241372370798,0.4696625
2,1.0,closed,mi_class,29,0.02951280504773407,-0.47739046022951404,0.4696625
2,1.0,closed,mi_class,30,0.3583604002218506,-0.39447512207866414,0.4696625
2,1.0,closed,mi_class,31,-0.3276400708552571,0.3506529142119505,0.4696625
2,1.0,closed,mi_class,32,0.0825472553458329,-0.0904361971692754,0.4696625
2,1.0,closed,mi_class,33,0.8000578504773487,0.00215150910765878,0.4696625
2,1.0,closed,mi_class,34,0.11251834691442639,-0.11735177476836761,0.4696625
2,1.0,closed,mi_class,35,-0.12559832300078144,0.1366398083233158,0.4696625
2,1.0,closed,mi_class,36,-0.43318168198729967,0.43692287034053323,0.4696625
2,1.0,closed,mi_class,37,-0.4444175146294549,0.4852653654512368,0.4696625
2,1.0,closed,mi_class,38,0.001322037582246477,-0.004429652294056362,0.4696625
2,1.0,closed,mi_class,39,0.16497342844316787,-0.545717056225101,0.4696625
2,1.0,closed,mi_class,40,-0.011165047063226591,-0.004960686116625088,0.4696625
2,1.0,closed,mi_class,41,-0.43802802139208863,0.3370659518423454,0.4696625
2,1.0,closed,mi_class,42,-0.2607150202588769,0.6134092975739825,0.4696625
2,1.0,closed,mi_class,43,0.4436865260524514,-0.4616530879577609,0.4696625
2,1.0,closed,mi_class,44,-0.21754010547277713,0.48172517084956257,0.4696625
2,1.0,closed,mi_class,45,-0.010842000239913718,-0.2518011588352132,0.4696625
2,1.0,closed,mi_class,46,-0.008603784090931696,0.009350602319922087,0.4696625
2,1.0,closed,mi_class,47,0.05780971674672691,0.0030799135047308605,0.4696625
2,1.0,closed,mi_class,48,0.008120911345458212,0.00642498965631246,0.4696625
2,1.0,closed,mi_class,49,0.0048549383667886754,-0.005404168772217966,0.4696625
2,1.0,closed,mi_class,50,-0.07650449246463709,0.40122116933492696,0.4696625
2,1.0,closed,mi_class,51,-0.005906687357953286,0.006213525897273403,0.4696625
2,1.0,closed,mi_class,52,0.034663531501974876,-0.11396344527450665,0.4696625
2,1.0,closed,mi_class,53,0.10157221980946318,-0.6099808635596563,0.4696625
2,1.0,closed,mi_class,54,-0.3633058009197258,0.38422687744871253,0.4696625
2,1.0,closed,mi_class,55,0.14549896331464351,-0.6601277392651943,0.4696625
2,1.0,closed,mi_class,56,0.005316870821907993,-0.005780173884567614,0.4696625
2,1.0,closed,mi_class,57,0.04225766894590241,-0.010563450235401391,0.4696625
2,1.0,closed,mi_class,58,0.5809250943518626,0.0069951911577347155,0.4696625
2,1.0,closed,mi_class,59,0.005042384797843786,-0.0007786450853089048,0.4696625
2,1.0,closed,mi_class,60,-0.2554528617204134,0.5509123833758811,0.4696625
2,1.0,closed,mi_class,61,-0.003993004124767415,0.004695597818071189,0.4696625
2,1.0,closed,mi_class,62,-0.058618177712722604,0.11967581697862374,0.4696625
2,1.0,closed,mi_class,63,0.0445447574533493,0.006429754899239056,0.4696625
2,1.0,closed,mi_class,64,0.0456882375848785,0.6176093611697594,0.4696625
2,1.0,closed,mi_class,65,0.21120612104611763,-0.22629239199090737,0.4696625
2,1.0,closed,mi_site,0,-0.010764134890750898,-0.2994764173171306,0.4696625
2,1.0,closed,mi_site,1,0.011442517332521973,0.0013801758539568258,0.4696625
2,1.0,closed,mi_site,2,0.010087302469463155,0.4919937585104483,0.4696625
2,1.0,closed,mi_site,3,-0.029015463268704633,-0.3781936878697895,0.4696625
2,1.0,closed,mi_site,4,0.007080280848391037,-0.005059419572261878,0.4696625
2,1.0,closed,mi_site,5,0.011094360519705027,0.3141464916828588,0.4696625
2,1.0,closed,mi_site,6,0.019363766360809845,0.003944323992969413,0.4696625
2,1.0,closed,mi_site,7,0.028502411443637243,0.003425659126506706,0.4696625
2,1.0,closed,mi_site,8,-0.007636603360260695,0.005973243341302836,0.4696625
2,1.0,closed,mi_site,9,0.038404526922085735,0.8251933238829503,0.4696625
2,1.0,closed,mi_site,10,0.0013060403488187322,-0.17994670385768508,0.4696625
2,1.0,closed,mi_site,11,-0.0013585343664637636,0.03755155217908327,0.4696625
2,1.0,closed,mi_site,12,0.02180659141200625,0.0839283007996734,0.4696625
2,1.0,closed,mi_site,13,0.05437318494797927,0.5214950448802187,0.4696625
2,1.0,closed,mi_site,14,0.03762564633874471,0.2391169758742891,0.4696625
2,1.0,closed,mi_site,15,-0.01702179715690655,-0.95263274797619,0.4696625
2,1.0,closed,mi_site,16,-0.004905453627568598,-0.009178716292870264,0.4696625
2,1.0,closed,mi_site,17,-0.003292528972873965,0.10667168613892232,0.4696625
2,1.0,closed,mi_site,18,0.015636809239227945,0.5805513543570747,0.4696625
2,1.0,closed,mi_site,19,-0.006184295604653334,-0.36667597950292946,0.4696625
2,1.0,closed,mi_site,20,-9.633870500624919e-05,0.6285280732227575,0.4696625
2,1.0,closed,mi_site,21,-0.019435205907317454,-0.4146864197317214,0.4696625
2,1.0,closed,mi_site,22,-0.03841301316384949,-0.007283230050709717,0.4696625
2,1.0,closed,mi_site,23,-0.025928123156183237,-0.0051529104563827295,0.4696625
2,1.0,closed,mi_site,24,0.006163023133319824,-0.0398977648912298,0.4696625
2,1.0,closed,mi_site,25,0.004652555718879599,0.003674083070387158,0.4696625
2,1.0,closed,mi_site,26,0.008352814575178169,0.4582203732030259,0.4696625
2,1.0,closed,mi_site,27,-0.029519732602229842,0.006787836927060441,0.4696625
2,1.0,closed,mi_site,28,0.010532089123598177,0.010922241372370798,0.4696625
2,1.0,closed,mi_site,29,-0.040830257120166635,-0.47739046022951404,0.4696625
2,1.0,closed,mi_site,30,0.06227012869019016,-0.39447512207866414,0.4696625
2,1.0,closed,mi_site,31,0.0738083994406209,0.3506529142119505,0.4696625
2,1.0,closed,mi_site,32,-0.026045584844725148,-0.0904361971692754,0.4696625
2,1.0,closed,mi_site,33,0.01438044397507952,0.00215150910765878,0.4696625
2,1.0,closed,mi_site,34,0.035893453885632615,-0.11735177476836761,0.4696625
2,1.0,closed,mi_site,35,0.04593140377683627,0.1366398083233158,0.4696625
2,1.0,closed,mi_site,36,-0.0024956437226973938,0.43692287034053323,0.4696625
2,1.0,closed,mi_site,37,0.03301033134567111,0.4852653654512368,0.4696625
2,1.0,closed,mi_site,38,0.032940787074675286,-0.004429652294056362,0.4696625
2,1.0,closed,mi_site,39,-0.06258258127918004,-0.545717056225101,0.4696625
2,1.0,closed,mi_site,40,-0.008173361836290433,-0.004960686116625088,0.4696625
2,1.0,closed,mi_site,41,0.012303325095381068,0.3370659518423454,0.4696625
2,1.0,closed,mi_site,42,0.03489519773046157,0.6134092975739825,0.4696625
2,1.0,closed,mi_site,43,-0.03782194560766716,-0.4616530879577609,0.4696625
2,1.0,closed,mi_site,44,0.059421832617738035,0.48172517084956257,0.4696625
2,1.0,closed,mi_site,45,-0.03869370495038432,-0.2518011588352132,0.4696625
2,1.0,closed,mi_site,46,0.012533721278566069,0.009350602319922087,0.4696625
2,1.0,closed,mi_site,47,-0.007434268617586744,0.0030799135047308605,0.4696625
2,1.0,closed,mi_site,48,-0.0018705891336254186,0.00642498965631246,0.4696625
2,1.0,closed,mi_site,49,0.012847637383244284,-0.005404168772217966,0.4696625
2,1.0,closed,mi_site,50,0.06683366279434633,0.40122116933492696,0.4696625
2,1.0,closed,mi_site,51,0.008373494320090841,0.006213525897273403,0.4696625
2,1.0,closed,mi_site,52,-0.019148943299746382,-0.11396344527450665,0.4696625
2,1.0,closed,mi_site,53,-0.027018420522940345,-0.6099808635596563,0.4696625
2,1.0,closed,mi_site,54,0.00963277841496557,0.38422687744871253,0.4696625
2,1.0,closed,mi_site,55,-0.007867630981445828,-0.6601277392651943,0.4696625
2,1.0,closed,mi_site,56,-0.0023383687621108687,-0.005780173884567614,0.4696625
2,1.0,closed,mi_site,57,0.011101030727667993,-0.010563450235401391,0.4696625
2,1.0,closed,mi_site,58,0.029625391288246778,0.0069951911577347155,0.4696625
2,1.0,closed,mi_site,59,-0.0031707164410100623,-0.0007786450853089048,0.4696625
2,1.0,closed,mi_site,60,0.05752036218950296,0.5509123833758811,0.4696625
2,1.0,closed,mi_site,61,0.034868295722570344,0.004695597818071189,0.4696625
2,1.0,closed,mi_site,62,0.011131368297982155,0.11967581697862374,0.4696625
2,1.0,closed,mi_site,63,-0.0022807016502714795,0.006429754899239056,0.4696625
2,1.0,closed,mi_site,64,0.016573069663840534,0.6176093611697594,0.4696625
2,1.0,closed,mi_site,65,-0.0014378991908321481,-0.22629239199090737,0.4696625
2,2.0,aligned,available,0,-0.01174757226149653,-0.3106200399433694,0.4696625
2,2.0,aligned,available,1,0.001997774009987985,0.006576291008910242,0.4696625
2,2.0,aligned,available,2,-0.01474314239641189,0.5010328226364099,0.4696625
2,2.0,aligned,available,3,-0.011593482346555883,-0.39359529962721435,0.4696625
2,2.0,aligned,available,4,-0.0076178061198623505,0.0051497026959566525,0.4696625
2,2.0,aligned,available,5,0.010438050025029122,0.32585332049225985,0.4696625
2,2.0,aligned,available,6,0.010774179165265067,0.0026085051019804862,0.4696625
2,2.0,aligned,available,7,-5.405450356737833e-05,0.004554858657433058,0.4696625
2,2.0,aligned,available,8,-0.001078428079004272,0.004191986433050719,0.4696625
2,2.0,aligned,available,9,0.0018388844926767733,0.8267709685636394,0.4696625
2,2.0,aligned,available,10,-0.00386058236859399,-0.18470603820080317,0.4696625
2,2.0,aligned,available,11,0.010034238242104594,0.03493523989528531,0.4696625
2,2.0,aligned,available,12,0.008373183021343628,0.07377416765713228,0.4696625
2,2.0,aligned,available,13,0.01129014099837733,0.527030292406157,0.4696625
2,2.0,aligned,available,14,-0.0009172075310155126,0.24635591156021097,0.4696625
2,2.0,aligned,available,15,-0.0006363658407493311,-0.9535357791845529,0.4696625
2,2.0,aligned,available,16,-0.0009155119254649121,-0.008841232280403833,0.4696625
2,2.0,aligned,available,17,0.0019643644948460492,0.10468451016002571,0.4696625
2,2.0,aligned,available,18,0.007875501668840768,0.5752758218355619,0.4696625
2,2.0,aligned,available,19,0.00022459397310198304,-0.3800880217946748,0.4696625
2,2.0,aligned,available,20,-0.006836627181517563,0.623735607823728,0.4696625
2,2.0,aligned,available,21,0.03389772279643766,-0.42651798474428704,0.4696625
2,2.0,aligned,available,22,0.006026401538672187,-0.008690312327625335,0.4696625
2,2.0,aligned,available,23,0.015354957402777203,-0.019281459810914826,0.4696625
2,2.0,aligned,available,24,-0.007205486007247207,-0.03733766328832367,0.4696625
2,2.0,aligned,available,25,0.02306213257333074,0.005126162784923632,0.4696625
2,2.0,aligned,available,26,-0.007711266740494216,0.4759482127712135,0.4696625
2,2.0,aligned,available,27,0.007540615550286686,0.00509397313620842,0.4696625
2,2.0,aligned,available,28,-0.01874799373021241,0.011920600339387636,0.4696625
2,2.0,aligned,available,29,0.009546900407704006,-0.49678019930516376,0.4696625
2,2.0,aligned,available,30,-0.008679828999435424,-0.39911033376520855,0.4696625
2,2.0,aligned,available,31,-0.016518966210351482,0.36939429104407623,0.4696625
2,2.0,aligned,available,32,-0.011945589791562558,-0.0791190556525835,0.4696625
2,2.0,aligned,available,33,0.0017912910082009317,0.0009668536483590876,0.4696625
2,2.0,aligned,available,34,-0.008953394354423383,-0.1337103344576846,0.4696625
2,2.0,aligned,available,35,0.004706369167909202,0.1324932429439058,0.4696625
2,2.0,aligned,available,36,-0.004820510277997736,0.44656480855421304,0.4696625
2,2.0,aligned,available,37,-0.003561494651691144,0.4892723932517291,0.4696625
2,2.0,aligned,available,38,-0.002495966577778676,-0.008709081819831498,0.4696625
2,2.0,aligned,available,39,-0.00450416156228306,-0.5512419815594334,0.4696625
2,2.0,aligned,available,40,0.00019758536326739892,-0.004757001779889364,0.4696625
2,2.0,aligned,available,41,0.007810009858046696,0.3295600722289394,0.4696625
2,2.0,aligned,available,42,0.003785345683871677,0.6073237668576474,0.4696625
2,2.0,aligned,available,43,-0.0028404464542365893,-0.4789452622162617,0.4696625
2,2.0,aligned,available,44,0.009229074210849786,0.4740488788245661,0.4696625
2,2.0,aligned,available,45,7.43527756015272e-05,-0.25856300813596556,0.4696625
2,2.0,aligned,available,46,0.01649051679228511,0.009083884111836067,0.4696625
2,2.0,aligned,available,47,0.003501014816896691,-0.0038042382428182756,0.4696625
2,2.0,aligned,available,48,-0.011416104788118097,0.006067742575764822,0.4696625
2,2.0,aligned,available,49,0.0012217613925293198,0.0023013202018252223,0.4696625
2,2.0,aligned,available,50,-0.004054271878961235,0.41662236754819476,0.4696625
2,2.0,aligned,available,51,-0.00654830841186738,0.0058850388261759085,0.4696625
2,2.0,aligned,available,52,0.003073565072728976,-0.11184187126630615,0.4696625
2,2.0,aligned,available,53,-0.005025245628710651,-0.6038103906809161,0.4696625
2,2.0,aligned,available,54,-0.0007636142681595182,0.39845523618602563,0.4696625
2,2.0,aligned,available,55,-0.004504535856735381,-0.654194498313564,0.4696625
2,2.0,aligned,available,56,0.019950293484115696,-0.0049455581800225265,0.4696625
2,2.0,aligned,available,57,0.008676779606521566,-0.010563450235401391,0.4696625
2,2.0,aligned,available,58,-0.0008689452921521743,0.006349486462323472,0.4696625
2,2.0,aligned,available,59,-0.002622030826955132,-0.0013959294582571084,0.4696625
2,2.0,aligned,available,60,-0.013782403157881373,0.5444624893523777,0.4696625
2,2.0,aligned,available,61,-0.008672976407409445,0.0045996296215132714,0.4696625
2,2.0,aligned,available,62,0.0009873213863008379,0.09016679017653609,0.4696625
2,2.0,aligned,available,63,0.009023432835738384,0.005537009044612285,0.4696625
2,2.0,aligned,available,64,-0.0032963237037203497,0.602639435741341,0.4696625
2,2.0,aligned,available,65,0.003085346782507381,-0.23020140529090755,0.4696625
2,2.0,aligned,mi_obs,0,-0.012288325414271828,-0.3106200399433694,0.4696625
2,2.0,aligned,mi_obs,1,0.019523780371549757,0.006576291008910242,0.4696625
2,2.0,aligned,mi_obs,2,0.013404917875793121,0.5010328226364099,0.4696625
2,2.0,aligned,mi_obs,3,-0.028016630589376812,-0.39359529962721435,0.4696625
2,2.0,aligned,mi_obs,4,-0.01630241308582659,0.0051497026959566525,0.4696625
2,2.0,aligned,mi_obs,5,0.016830705593552264,0.32585332049225985,0.4696625
2,2.0,aligned,mi_obs,6,0.01967548149313442,0.0026085051019804862,0.4696625
2,2.0,aligned,mi_obs,7,0.034891713682406955,0.004554858657433058,0.4696625
2,2.0,aligned,mi_obs,8,0.00029265759819882293,0.004191986433050719,0.4696625
2,2.0,aligned,mi_obs,9,0.03936708353946827,0.8267709685636394,0.4696625
2,2.0,aligned,mi_obs,10,-0.008176992334406719,-0.18470603820080317,0.4696625
2,2.0,aligned,mi_obs,11,0.0029901401658185486,0.03493523989528531,0.4696625
2,2.0,aligned,mi_obs,12,-0.008337894993834888,0.07377416765713228,0.4696625
2,2.0,aligned,mi_obs,13,0.05443090968018416,0.527030292406157,0.4696625
2,2.0,aligned,mi_obs,14,0.039919126085535994,0.24635591156021097,0.4696625
2,2.0,aligned,mi_obs,15,-0.02051900584234634,-0.9535357791845529,0.4696625
2,2.0,aligned,mi_obs,16,0.0022459741164864416,-0.008841232280403833,0.4696625
2,2.0,aligned,mi_obs,17,-0.0203242789274639,0.10468451016002571,0.4696625
2,2.0,aligned,mi_obs,18,0.038480312677459216,0.5752758218355619,0.4696625
2,2.0,aligned,mi_obs,19,-0.010547823742419082,-0.3800880217946748,0.4696625
2,2.0,aligned,mi_obs,20,-0.00044254514379471477,0.623735607823728,0.4696625
2,2.0,aligned,mi_obs,21,-0.028746221662952598,-0.42651798474428704,0.4696625
2,2.0,aligned,mi_obs,22,-0.05733253704330281,-0.008690312327625335,0.4696625
2,2.0,aligned,mi_obs,23,-0.04426665774258694,-0.019281459810914826,0.4696625
2,2.0,aligned,mi_obs,24,0.010348003405887568,-0.03733766328832367,0.4696625
2,2.0,aligned,mi_obs,25,0.02961153387619653,0.005126162784923632,0.4696625
2,2.0,aligned,mi_obs,26,0.014859806308072154,0.4759482127712135,0.4696625
2,2.0,aligned,mi_obs,27,-0.033603191793865235,0.00509397313620842,0.4696625
2,2.0,aligned,mi_obs,28,0.004696886549659315,0.011920600339387636,0.4696625
2,2.0,aligned,mi_obs,29,-0.048832469441058624,-0.49678019930516376,0.4696625
2,2.0,aligned,mi_obs,30,0.06753078711940902,-0.39911033376520855,0.4696625
2,2.0,aligned,mi_obs,31,0.07770187864800915,0.36939429104407623,0.4696625
2,2.0,aligned,mi_obs,32,-0.00785564468049707,-0.0791190556525835,0.4696625
2,2.0,aligned,mi_obs,33,-0.01988318142306361,0.0009668536483590876,0.4696625
2,2.0,aligned,mi_obs,34,0.0066096898924386804,-0.1337103344576846,0.4696625
2,2.0,aligned,mi_obs,35,0.05617845853229436,0.1324932429439058,0.4696625
2,2.0,aligned,mi_obs,36,0.007200176233492173,0.44656480855421304,0.4696625
2,2.0,aligned,mi_obs,37,0.03900049373379677,0.4892723932517291,0.4696625
2,2.0,aligned,mi_obs,38,0.045536799823640506,-0.008709081819831498,0.4696625
2,2.0,aligned,mi_obs,39,-0.06170505620240152,-0.5512419815594334,0.4696625
2,2.0,aligned,mi_obs,40,0.004506202295249629,-0.004757001779889364,0.4696625
2,2.0,aligned,mi_obs,41,0.010458029408040026,0.3295600722289394,0.4696625
2,2.0,aligned,mi_obs,42,0.03553289703061069,0.6073237668576474,0.4696625
2,2.0,aligned,mi_obs,43,-0.05732888213731663,-0.4789452622162617,0.4696625
2,2.0,aligned,mi_obs,44,0.06994860136267028,0.4740488788245661,0.4696625
2,2.0,aligned,mi_obs,45,-0.04426835673618229,-0.25856300813596556,0.4696625
2,2.0,aligned,mi_obs,46,0.02005330584011579,0.009083884111836067,0.4696625
2,2.0,aligned,mi_obs,47,-0.0225623870393378,-0.0038042382428182756,0.4696625
2,2.0,aligned,mi_obs,48,-0.008006531421169307,0.006067742575764822,0.4696625
2,2.0,aligned,mi_obs,49,-0.00844751810441359,0.0023013202018252223,0.4696625
2,2.0,aligned,mi_obs,50,0.07778679795269855,0.41662236754819476,0.4696625
2,2.0,aligned,mi_obs,51,-0.0026865218909645906,0.0058850388261759085,0.4696625
2,2.0,aligned,mi_obs,52,0.00041656281114396676,-0.11184187126630615,0.4696625
2,2.0,aligned,mi_obs,53,-0.04107600480733731,-0.6038103906809161,0.4696625
2,2.0,aligned,mi_obs,54,0.012518885718628636,0.39845523618602563,0.4696625
2,2.0,aligned,mi_obs,55,-0.008672910667139044,-0.654194498313564,0.4696625
2,2.0,aligned,mi_obs,56,0.03176926480991444,-0.0049455581800225265,0.4696625
2,2.0,aligned,mi_obs,57,0.01255787001423483,-0.010563450235401391,0.4696625
2,2.0,aligned,mi_obs,58,-0.0015766016960744311,0.006349486462323472,0.4696625
2,2.0,aligned,mi_obs,59,0.0018970234513008585,-0.0013959294582571084,0.4696625
2,2.0,aligned,mi_obs,60,0.05303635270772056,0.5444624893523777,0.4696625
2,2.0,aligned,mi_obs,61,0.03172267304135904,0.0045996296215132714,0.4696625
2,2.0,aligned,mi_obs,62,-0.0011629704738572444,0.09016679017653609,0.4696625
2,2.0,aligned,mi_obs,63,-0.010801610934548287,0.005537009044612285,0.4696625
2,2.0,aligned,mi_obs,64,0.0257385186526512,0.602639435741341,0.4696625
2,2.0,aligned,mi_obs,65,-0.005755918475917721,-0.23020140529090755,0.4696625
2,2.0,aligned,mi_class,0,0.2060216878906158,-0.3106200399433694,0.4696625
2,2.0,aligned,mi_class,1,0.13855455692496915,0.006576291008910242,0.4696625
2,2.0,aligned,mi_class,2,-0.30305834527534214,0.5010328226364099,0.4696625
2,2.0,aligned,mi_class,3,0.28677735751045835,-0.39359529962721435,0.4696625
2,2.0,aligned,mi_class,4,-0.011121837209428144,0.0051497026959566525,0.4696625
2,2.0,aligned,mi_class,5,-0.22840098676380352,0.32585332049225985,0.4696625
2,2.0,aligned,mi_class,6,0.9113063560174806,0.0026085051019804862,0.4696625
2,2.0,aligned,mi_class,7,-0.011024689778997392,0.004554858657433058,0.4696625
2,2.0,aligned,mi_class,8,-0.054039087424127635,0.004191986433050719,0.4696625
2,2.0,aligned,mi_class,9,0.12804405369927752,0.8267709685636394,0.4696625
2,2.0,aligned,mi_class,10,0.11078732267388479,-0.18470603820080317,0.4696625
2,2.0,aligned,mi_class,11,0.03532185787117506,0.03493523989528531,0.4696625
2,2.0,aligned,mi_class,12,0.020660721051481812,0.07377416765713228,0.4696625
2,2.0,aligned,mi_class,13,-0.01686518992025854,0.527030292406157,0.4696625
2,2.0,aligned,mi_class,14,-0.07876372744744234,0.24635591156021097,0.4696625
2,2.0,aligned,mi_class,15,0.3337819330706474,-0.9535357791845529,0.4696625
2,2.0,aligned,mi_class,16,0.007738073308752381,-0.008841232280403833,0.4696625
2,2.0,aligned,mi_class,17,-0.04643193575786939,0.10468451016002571,0.4696625
2,2.0,aligned,mi_class,18,0.006088694263410632,0.5752758218355619,0.4696625
2,2.0,aligned,mi_class,19,0.3419743469753727,-0.3800880217946748,0.4696625
2,2.0,aligned,mi_class,20,-0.036735358276077656,0.623735607823728,0.4696625
2,2.0,aligned,mi_class,21,0.07268495519456408,-0.42651798474428704,0.4696625
2,2.0,aligned,mi_class,22,-0.014285436928418108,-0.008690312327625335,0.4696625
2,2.0,aligned,mi_class,23,0.01701024812128578,-0.019281459810914826,0.4696625
2,2.0,aligned,mi_class,24,0.01629499697100966,-0.03733766328832367,0.4696625
2,2.0,aligned,mi_class,25,0.13907522742463233,0.005126162784923632,0.4696625
2,2.0,aligned,mi_class,26,-0.27533354195009907,0.4759482127712135,0.4696625
2,2.0,aligned,mi_class,27,-0.02456439688855209,0.00509397313620842,0.4696625
2,2.0,aligned,mi_class,28,0.13589081325920235,0.011920600339387636,0.4696625
2,2.0,aligned,mi_class,29,0.04915003677698698,-0.49678019930516376,0.4696625
2,2.0,aligned,mi_class,30,0.20451133689435158,-0.39911033376520855,0.4696625
2,2.0,aligned,mi_class,31,-0.06224020175199507,0.36939429104407623,0.4696625
2,2.0,aligned,mi_class,32,0.009631460878542747,-0.0791190556525835,0.4696625
2,2.0,aligned,mi_class,33,-0.004718557321503536,0.0009668536483590876,0.4696625
2,2.0,aligned,mi_class,34,0.008708543959988546,-0.1337103344576846,0.4696625
2,2.0,aligned,mi_class,35,0.0483120469734272,0.1324932429439058,0.4696625
2,2.0,aligned,mi_class,36,-0.40183748220116505,0.44656480855421304,0.4696625
2,2.0,aligned,mi_class,37,0.0019536248589772653,0.4892723932517291,0.4696625
2,2.0,aligned,mi_class,38,0.012675824074611961,-0.008709081819831498,0.4696625
2,2.0,aligned,mi_class,39,0.06769023667200597,-0.5512419815594334,0.4696625
2,2.0,aligned,mi_class,40,0.005075452519031984,-0.004757001779889364,0.4696625
2,2.0,aligned,mi_class,41,-0.10017640546312234,0.3295600722289394,0.4696625
2,2.0,aligned,mi_class,42,-0.021130366083537022,0.6073237668576474,0.4696625
2,2.0,aligned,mi_class,43,0.4401790614786283,-0.4789452622162617,0.4696625
2,2.0,aligned,mi_class,44,0.010017493481931594,0.4740488788245661,0.4696625
2,2.0,aligned,mi_class,45,-0.012522780870368178,-0.25856300813596556,0.4696625
2,2.0,aligned,mi_class,46,-0.004684134911836114,0.009083884111836067,0.4696625
2,2.0,aligned,mi_class,47,0.034509348181099644,-0.0038042382428182756,0.4696625
2,2.0,aligned,mi_class,48,0.008958160851008335,0.006067742575764822,0.4696625
2,2.0,aligned,mi_class,49,-0.003729151078381518,0.0023013202018252223,0.4696625
2,2.0,aligned,mi_class,50,-0.08499249349354299,0.41662236754819476,0.4696625
2,2.0,aligned,mi_class,51,-0.006086975655100021,0.0058850388261759085,0.4696625
2,2.0,aligned,mi_class,52,0.025457108208876977,-0.11184187126630615,0.4696625
2,2.0,aligned,mi_class,53,0.10024792041119457,-0.6038103906809161,0.4696625
2,2.0,aligned,mi_class,54,-0.36617638353656345,0.39845523618602563,0.4696625
2,2.0,aligned,mi_class,55,0.14859079346381665,-0.654194498313564,0.4696625
2,2.0,aligned,mi_class,56,0.03336979487185645,-0.0049455581800225265,0.4696625
2,2.0,aligned,mi_class,57,-0.04525324438015278,-0.010563450235401391,0.4696625
2,2.0,aligned,mi_class,58,0.9768238486759241,0.006349486462323472,0.4696625
2,2.0,aligned,mi_class,59,-9.322147532350852e-05,-0.0013959294582571084,0.4696625
2,2.0,aligned,mi_class,60,-0.24501391239906778,0.5444624893523777,0.4696625
2,2.0,aligned,mi_class,61,-0.007584221246653495,0.0045996296215132714,0.4696625
2,2.0,aligned,mi_class,62,-0.026096530109863667,0.09016679017653609,0.4696625
2,2.0,aligned,mi_class,63,-0.059269448203934955,0.005537009044612285,0.4696625
2,2.0,aligned,mi_class,64,0.05510972195987618,0.602639435741341,0.4696625
2,2.0,aligned,mi_class,65,0.20351023186699835,-0.23020140529090755,0.4696625
2,2.0,aligned,mi_site,0,0.004912891069337233,-0.3106200399433694,0.4696625
2,2.0,aligned,mi_site,1,-0.004726070872341077,0.006576291008910242,0.4696625
2,2.0,aligned,mi_site,2,-0.13809523508414423,0.5010328226364099,0.4696625
2,2.0,aligned,mi_site,3,-0.004312683809694351,-0.39359529962721435,0.4696625
2,2.0,aligned,mi_site,4,0.007449507708099707,0.0051497026959566525,0.4696625
2,2.0,aligned,mi_site,5,-0.00959100713831168,0.32585332049225985,0.4696625
2,2.0,aligned,mi_site,6,0.010329153996002354,0.0026085051019804862,0.4696625
2,2.0,aligned,mi_site,7,0.010146807873751131,0.004554858657433058,0.4696625
2,2.0,aligned,mi_site,8,0.0013964159688655466,0.004191986433050719,0.4696625
2,2.0,aligned,mi_site,9,-0.8216256778710055,0.8267709685636394,0.4696625
2,2.0,aligned,mi_site,10,0.010460416454360771,-0.18470603820080317,0.4696625
2,2.0,aligned,mi_site,11,-0.002840306481819571,0.03493523989528531,0.4696625
2,2.0,aligned,mi_site,12,-0.013765435588028563,0.07377416765713228,0.4696625
2,2.0,aligned,mi_site,13,0.011428100259016194,0.527030292406157,0.4696625
2,2.0,aligned,mi_site,14,0.012648288682346576,0.24635591156021097,0.4696625
2,2.0,aligned,mi_site,15,0.017560872219863133,-0.9535357791845529,0.4696625
2,2.0,aligned,mi_site,16,0.0006666996081222468,-0.008841232280403833,0.4696625
2,2.0,aligned,mi_site,17,-0.007958450096548747,0.10468451016002571,0.4696625
2,2.0,aligned,mi_site,18,-0.5138426087134275,0.5752758218355619,0.4696625
2,2.0,aligned,mi_site,19,0.3816486201869513,-0.3800880217946748,0.4696625
2,2.0,aligned,mi_site,20,-0.020552700571597304,0.623735607823728,0.4696625
2,2.0,aligned,mi_site,21,0.05342285528648788,-0.42651798474428704,0.4696625
2,2.0,aligned,mi_site,22,-0.03129991027684962,-0.008690312327625335,0.4696625
2,2.0,aligned,mi_site,23,-0.039837787658775506,-0.019281459810914826,0.4696625
2,2.0,aligned,mi_site,24,-0.0002318841284683973,-0.03733766328832367,0.4696625
2,2.0,aligned,mi_site,25,0.018698713675417054,0.005126162784923632,0.4696625
2,2.0,aligned,mi_site,26,-0.0016593574144964651,0.4759482127712135,0.4696625
2,2.0,aligned,mi_site,27,-0.0030654271576982936,0.00509397313620842,0.4696625
2,2.0,aligned,mi_site,28,-0.01739625250229856,0.011920600339387636,0.4696625
2,2.0,aligned,mi_site,29,-0.0031042671359277074,-0.49678019930516376,0.4696625
2,2.0,aligned,mi_site,30,0.09762496539252868,-0.39911033376520855,0.4696625
2,2.0,aligned,mi_site,31,-0.013772277825113033,0.36939429104407623,0.4696625
2,2.0,aligned,mi_site,32,-0.015420429208725439,-0.0791190556525835,0.4696625
2,2.0,aligned,mi_site,33,-0.01961244189421715,0.0009668536483590876,0.4696625
2,2.0,aligned,mi_site,34,0.01820564595721548,-0.1337103344576846,0.4696625
2,2.0,aligned,mi_site,35,-0.1164148494166744,0.1324932429439058,0.4696625
2,2.0,aligned,mi_site,36,-0.44190253157994136,0.44656480855421304,0.4696625
2,2.0,aligned,mi_site,37,-0.07866445779312486,0.4892723932517291,0.4696625
2,2.0,aligned,mi_site,38,0.010195028420614283,-0.008709081819831498,0.4696625
2,2.0,aligned,mi_site,39,-0.0384054643539683,-0.5512419815594334,0.4696625
2,2.0,aligned,mi_site,40,0.0058268778647921566,-0.004757001779889364,0.4696625
2,2.0,aligned,mi_site,41,0.007070430087949109,0.3295600722289394,0.4696625
2,2.0,aligned,mi_site,42,-0.5384800562456612,0.6073237668576474,0.4696625
2,2.0,aligned,mi_site,43,0.47505732688456037,-0.4789452622162617,0.4696625
2,2.0,aligned,mi_site,44,0.027817245818103464,0.4740488788245661,0.4696625
2,2.0,aligned,mi_site,45,-0.02344312454017511,-0.25856300813596556,0.4696625
2,2.0,aligned,mi_site,46,0.020519107759788276,0.009083884111836067,0.4696625
2,2.0,aligned,mi_site,47,-0.016969250636809118,-0.0038042382428182756,0.4696625
2,2.0,aligned,mi_site,48,-0.04167202694420655,0.006067742575764822,0.4696625
2,2.0,aligned,mi_site,49,0.03596164766133188,0.0023013202018252223,0.4696625
2,2.0,aligned,mi_site,50,0.032267296396487566,0.41662236754819476,0.4696625
2,2.0,aligned,mi_site,51,-0.0012370945840522512,0.0058850388261759085,0.4696625
2,2.0,aligned,mi_site,52,-0.020707141447283944,-0.11184187126630615,0.4696625
2,2.0,aligned,mi_site,53,0.5375758376800025,-0.6038103906809161,0.4696625
2,2.0,aligned,mi_site,54,-0.40178588373045443,0.39845523618602563,0.4696625
2,2.0,aligned,mi_site,55,0.007101321840085162,-0.654194498313564,0.4696625
2,2.0,aligned,mi_site,56,0.022081442403960243,-0.0049455581800225265,0.4696625
2,2.0,aligned,mi_site,57,0.01678548002951132,-0.010563450235401391,0.4696625
2,2.0,aligned,mi_site,58,-0.013193205052765746,0.006349486462323472,0.4696625
2,2.0,aligned,mi_site,59,-0.005584690884411584,-0.0013959294582571084,0.4696625
2,2.0,aligned,mi_site,60,-0.4859277285463115,0.5444624893523777,0.4696625
2,2.0,aligned,mi_site,61,0.0015070112907903024,0.0045996296215132714,0.4696625
2,2.0,aligned,mi_site,62,-0.011576996492258962,0.09016679017653609,0.4696625
2,2.0,aligned,mi_site,63,-0.9985568941377513,0.005537009044612285,0.4696625
2,2.0,aligned,mi_site,64,-0.5425690254711302,0.602639435741341,0.4696625
2,2.0,aligned,mi_site,65,0.2373497599633485,-0.23020140529090755,0.4696625
2,2.0,closed,available,0,0.00787628266610002,-0.3106200399433694,0.4696625
2,2.0,closed,available,1,-0.00882500067983039,0.006576291008910242,0.4696625
2,2.0,closed,available,2,-0.0033521034906192626,0.5010328226364099,0.4696625
2,2.0,closed,available,3,-0.005216034343713261,-0.39359529962721435,0.4696625
2,2.0,closed,available,4,0.011213599419036935,0.0051497026959566525,0.4696625
2,2.0,closed,available,5,-0.0033157499855622774,0.32585332049225985,0.4696625
2,2.0,closed,available,6,-0.00027476145938292113,0.0026085051019804862,0.4696625
2,2.0,closed,available,7,-0.004473075196842688,0.004554858657433058,0.4696625
2,2.0,closed,available,8,0.002384724943738103,0.004191986433050719,0.4696625
2,2.0,closed,available,9,0.0047678765318264205,0.8267709685636394,0.4696625
2,2.0,closed,available,10,-6.530687635633581e-05,-0.18470603820080317,0.4696625
2,2.0,closed,available,11,0.005745606889741385,0.03493523989528531,0.4696625
2,2.0,closed,available,12,-0.00462076641733733,0.07377416765713228,0.4696625
2,2.0,closed,available,13,-0.00570379446713376,0.527030292406157,0.4696625
2,2.0,closed,available,14,0.005113673678658226,0.24635591156021097,0.4696625
2,2.0,closed,available,15,0.00010012327096109441,-0.9535357791845529,0.4696625
2,2.0,closed,available,16,0.014613264862110686,-0.008841232280403833,0.4696625
2,2.0,closed,available,17,-0.0021303584392088487,0.10468451016002571,0.4696625
2,2.0,closed,available,18,0.00498790230781021,0.5752758218355619,0.4696625
2,2.0,closed,available,19,0.0010524495340175077,-0.3800880217946748,0.4696625
2,2.0,closed,available,20,0.002854539049705229,0.623735607823728,0.4696625
2,2.0,closed,available,21,-0.00036570139140440494,-0.42651798474428704,0.4696625
2,2.0,closed,available,22,-0.010214113479318696,-0.008690312327625335,0.4696625
2,2.0,closed,available,23,0.0024117664947800772,-0.019281459810914826,0.4696625
2,2.0,closed,available,24,0.010297591747556258,-0.03733766328832367,0.4696625
2,2.0,closed,available,25,0.005589963764578377,0.005126162784923632,0.4696625
2,2.0,closed,available,26,-0.005648658494113112,0.4759482127712135,0.4696625
2,2.0,closed,available,27,0.019416147376128182,0.00509397313620842,0.4696625
2,2.0,closed,available,28,0.0008434030932061281,0.011920600339387636,0.4696625
2,2.0,closed,available,29,-0.00376106584965058,-0.49678019930516376,0.4696625
2,2.0,closed,available,30,0.007128861760415717,-0.39911033376520855,0.4696625
2,2.0,closed,available,31,-0.013689480275560273,0.36939429104407623,0.4696625
2,2.0,closed,available,32,0.007559646784576962,-0.0791190556525835,0.4696625
2,2.0,closed,available,33,-0.042896917860456595,0.0009668536483590876,0.4696625
2,2.0,closed,available,34,0.03898197439845706,-0.1337103344576846,0.4696625
2,2.0,closed,available,35,0.015532252158125731,0.1324932429439058,0.4696625
2,2.0,closed,available,36,-0.0070042348830842704,0.44656480855421304,0.4696625
2,2.0,closed,available,37,-0.0026398483698639175,0.4892723932517291,0.4696625
2,2.0,closed,available,38,-0.011915258016007214,-0.008709081819831498,0.4696625
2,2.0,closed,available,39,0.004949196014087942,-0.5512419815594334,0.4696625
2,2.0,closed,available,40,0.013284830949488433,-0.004757001779889364,0.4696625
2,2.0,closed,available,41,-0.012386028032967511,0.3295600722289394,0.4696625
2,2.0,closed,available,42,-0.0028512781174583335,0.6073237668576474,0.4696625
2,2.0,closed,available,43,-0.0008068779956589833,-0.4789452622162617,0.4696625
2,2.0,closed,available,44,-0.0018166967317698735,0.4740488788245661,0.4696625
2,2.0,closed,available,45,0.00911038215808721,-0.25856300813596556,0.4696625
2,2.0,closed,available,46,-0.001126582788387672,0.009083884111836067,0.4696625
2,2.0,closed,available,47,0.01047061331596271,-0.0038042382428182756,0.4696625
2,2.0,closed,available,48,-0.025335427781674046,0.006067742575764822,0.4696625
2,2.0,closed,available,49,-0.0004529753004282244,0.0023013202018252223,0.4696625
2,2.0,closed,available,50,-0.0008519897592879633,0.41662236754819476,0.4696625
2,2.0,closed,available,51,-0.012026309102474821,0.0058850388261759085,0.4696625
2,2.0,closed,available,52,0.007850934852070404,-0.11184187126630615,0.4696625
2,2.0,closed,available,53,0.0006898940343869064,-0.6038103906809161,0.4696625
2,2.0,closed,available,54,-0.0030871812061604165,0.39845523618602563,0.4696625
2,2.0,closed,available,55,0.00011164263815710562,-0.654194498313564,0.4696625
2,2.0,closed,available,56,0.005216215221574289,-0.0049455581800225265,0.4696625
2,2.0,closed,available,57,0.0029317926870922224,-0.010563450235401391,0.4696625
2,2.0,closed,available,58,-0.006798551184829603,0.006349486462323472,0.4696625
2,2.0,closed,available,59,0.0080693857674662,-0.0013959294582571084,0.4696625
2,2.0,closed,available,60,0.008305104664715235,0.5444624893523777,0.4696625
2,2.0,closed,available,61,0.0022586967065044566,0.0045996296215132714,0.4696625
2,2.0,closed,available,62,0.009408633234792685,0.09016679017653609,0.4696625
2,2.0,closed,available,63,-0.0025366060609168435,0.005537009044612285,0.4696625
2,2.0,closed,available,64,-0.004473514962189951,0.602639435741341,0.4696625
2,2.0,closed,available,65,0.00642832322837672,-0.23020140529090755,0.4696625
2,2.0,closed,mi_obs,0,-0.007658022367970807,-0.3106200399433694,0.4696625
2,2.0,closed,mi_obs,1,0.0019044655456713043,0.006576291008910242,0.4696625
2,2.0,closed,mi_obs,2,0.034977122710333486,0.5010328226364099,0.4696625
2,2.0,closed,mi_obs,3,-0.018954613810390597,-0.39359529962721435,0.4696625
2,2.0,closed,mi_obs,4,0.027512594104662495,0.0051497026959566525,0.4696625
2,2.0,closed,mi_obs,5,0.011740255013071021,0.32585332049225985,0.4696625
2,2.0,closed,mi_obs,6,-0.0038688681922863914,0.0026085051019804862,0.4696625
2,2.0,closed,mi_obs,7,0.04072412051151339,0.004554858657433058,0.4696625
2,2.0,closed,mi_obs,8,-7.847787744113058e-05,0.004191986433050719,0.4696625
2,2.0,closed,mi_obs,9,0.045456541165803666,0.8267709685636394,0.4696625
2,2.0,closed,mi_obs,10,-0.0022520411977990373,-0.18470603820080317,0.4696625
2,2.0,closed,mi_obs,11,-0.01810606235534215,0.03493523989528531,0.4696625
2,2.0,closed,mi_obs,12,-0.006651489055687937,0.07377416765713228,0.4696625
2,2.0,closed,mi_obs,13,0.048164303341861614,0.527030292406157,0.4696625
2,2.0,closed,mi_obs,14,0.030665025094088416,0.24635591156021097,0.4696625
2,2.0,closed,mi_obs,15,-0.020304638262974906,-0.9535357791845529,0.4696625
2,2.0,closed,mi_obs,16,0.016547659056720728,-0.008841232280403833,0.4696625
2,2.0,closed,mi_obs,17,-0.029894840519437485,0.10468451016002571,0.4696625
2,2.0,closed,mi_obs,18,0.02848880693149336,0.5752758218355619,0.4696625
2,2.0,closed,mi_obs,19,-0.012971868818887178,-0.3800880217946748,0.4696625
2,2.0,closed,mi_obs,20,0.002416669316852027,0.623735607823728,0.4696625
2,2.0,closed,mi_obs,21,-0.030728720135088372,-0.42651798474428704,0.4696625
2,2.0,closed,mi_obs,22,-0.06559033660713881,-0.008690312327625335,0.4696625
2,2.0,closed,mi_obs,23,-0.041245030820067446,-0.019281459810914826,0.4696625
2,2.0,closed,mi_obs,24,0.03161933605573615,-0.03733766328832367,0.4696625
2,2.0,closed,mi_obs,25,-0.004599227127336647,0.005126162784923632,0.4696625
2,2.0,closed,mi_obs,26,0.013000439847330403,0.4759482127712135,0.4696625
2,2.0,closed,mi_obs,27,-0.05926951129558994,0.00509397313620842,0.4696625
2,2.0,closed,mi_obs,28,0.013050133165773047,0.011920600339387636,0.4696625
2,2.0,closed,mi_obs,29,-0.054676749507865,-0.49678019930516376,0.4696625
2,2.0,closed,mi_obs,30,0.06557459161333423,-0.39911033376520855,0.4696625
2,2.0,closed,mi_obs,31,0.0853472377584677,0.36939429104407623,0.4696625
2,2.0,closed,mi_obs,32,-0.009675252769159245,-0.0791190556525835,0.4696625
2,2.0,closed,mi_obs,33,-0.017209383361232036,0.0009668536483590876,0.4696625
2,2.0,closed,mi_obs,34,0.01801515364583986,-0.1337103344576846,0.4696625
2,2.0,closed,mi_obs,35,0.06342643482808799,0.1324932429439058,0.4696625
2,2.0,closed,mi_obs,36,0.02599087071929318,0.44656480855421304,0.4696625
2,2.0,closed,mi_obs,37,0.028540338099861562,0.4892723932517291,0.4696625
2,2.0,closed,mi_obs,38,0.03886889344175044,-0.008709081819831498,0.4696625
2,2.0,closed,mi_obs,39,-0.05852546661909863,-0.5512419815594334,0.4696625
2,2.0,closed,mi_obs,40,0.019042305045177028,-0.004757001779889364,0.4696625
2,2.0,closed,mi_obs,41,-0.0005646383566880742,0.3295600722289394,0.4696625
2,2.0,closed,mi_obs,42,0.03234470410712986,0.6073237668576474,0.4696625
2,2.0,closed,mi_obs,43,-0.04523317194786819,-0.4789452622162617,0.4696625
2,2.0,closed,mi_obs,44,0.0685501533978164,0.4740488788245661,0.4696625
2,2.0,closed,mi_obs,45,-0.030187525995647668,-0.25856300813596556,0.4696625
2,2.0,closed,mi_obs,46,0.008014912819145058,0.009083884111836067,0.4696625
2,2.0,closed,mi_obs,47,-0.021242388825768545,-0.0038042382428182756,0.4696625
2,2.0,closed,mi_obs,48,-0.0008588197122604418,0.006067742575764822,0.4696625
2,2.0,closed,mi_obs,49,0.00757857321793933,0.0023013202018252223,0.4696625
2,2.0,closed,mi_obs,50,0.07642634620763383,0.41662236754819476,0.4696625
2,2.0,closed,mi_obs,51,-0.013595780959106301,0.0058850388261759085,0.4696625
2,2.0,closed,mi_obs,52,0.0075729649304673435,-0.11184187126630615,0.4696625
2,2.0,closed,mi_obs,53,-0.03499131402606681,-0.6038103906809161,0.4696625
2,2.0,closed,mi_obs,54,0.01796884506088753,0.39845523618602563,0.4696625
2,2.0,closed,mi_obs,55,-0.010041236344625726,-0.654194498313564,0.4696625
2,2.0,closed,mi_obs,56,0.003485587660570628,-0.0049455581800225265,0.4696625
2,2.0,closed,mi_obs,57,0.007281509211955703,-0.010563450235401391,0.4696625
2,2.0,closed,mi_obs,58,-0.011091025434493449,0.006349486462323472,0.4696625
2,2.0,closed,mi_obs,59,0.011407980090331385,-0.0013959294582571084,0.4696625
2,2.0,closed,mi_obs,60,0.04978826652267854,0.5444624893523777,0.4696625
2,2.0,closed,mi_obs,61,0.044600445002960364,0.0045996296215132714,0.4696625
2,2.0,closed,mi_obs,62,-0.0030638242535335897,0.09016679017653609,0.4696625
2,2.0,closed,mi_obs,63,0.0029929361430489528,0.005537009044612285,0.4696625
2,2.0,closed,mi_obs,64,0.03297661133922003,0.602639435741341,0.4696625
2,2.0,closed,mi_obs,65,-0.0008911602455946022,-0.23020140529090755,0.4696625
2,2.0,closed,mi_class,0,0.09315332653031286,-0.3106200399433694,0.4696625
2,2.0,closed,mi_class,1,0.06849472617545185,0.006576291008910242,0.4696625
2,2.0,closed,mi_class,2,-0.10444763866206264,0.5010328226364099,0.4696625
2,2.0,closed,mi_class,3,0.17905159469663706,-0.39359529962721435,0.4696625
2,2.0,closed,mi_class,4,0.003918128671156021,0.0051497026959566525,0.4696625
2,2.0,closed,mi_class,5,-0.13889915663556576,0.32585332049225985,0.4696625
2,2.0,closed,mi_class,6,-0.09462932742593941,0.0026085051019804862,0.4696625
2,2.0,closed,mi_class,7,0.001852263530434741,0.004554858657433058,0.4696625
2,2.0,closed,mi_class,8,-0.054244124870546466,0.004191986433050719,0.4696625
2,2.0,closed,mi_class,9,-0.24820662735331767,0.8267709685636394,0.4696625
2,2.0,closed,mi_class,10,0.04052906183581512,-0.18470603820080317,0.4696625
2,2.0,closed,mi_class,11,-0.05808655296055895,0.03493523989528531,0.4696625
2,2.0,closed,mi_class,12,0.011570327429743038,0.07377416765713228,0.4696625
2,2.0,closed,mi_class,13,-0.17260513591956372,0.527030292406157,0.4696625
2,2.0,closed,mi_class,14,-0.08154474665662859,0.24635591156021097,0.4696625
2,2.0,closed,mi_class,15,0.33303071072876,-0.9535357791845529,0.4696625
2,2.0,closed,mi_class,16,-0.00843317159991104,-0.008841232280403833,0.4696625
2,2.0,closed,mi_class,17,-0.0308134203819012,0.10468451016002571,0.4696625
2,2.0,closed,mi_class,18,0.01768658758547459,0.5752758218355619,0.4696625
2,2.0,closed,mi_class,19,0.21944952135355042,-0.3800880217946748,0.4696625
2,2.0,closed,mi_class,20,-0.04745265930918019,0.623735607823728,0.4696625
2,2.0,closed,mi_class,21,0.0546750872023401,-0.42651798474428704,0.4696625
2,2.0,closed,mi_class,22,-0.021890947524253704,-0.008690312327625335,0.4696625
2,2.0,closed,mi_class,23,-0.002647260566724003,-0.019281459810914826,0.4696625
2,2.0,closed,mi_class,24,0.024003690711446382,-0.03733766328832367,0.4696625
2,2.0,closed,mi_class,25,-0.07359582150607011,0.005126162784923632,0.4696625
2,2.0,closed,mi_class,26,-0.219947681295585,0.4759482127712135,0.4696625
2,2.0,closed,mi_class,27,-0.05278206707170481,0.00509397313620842,0.4696625
2,2.0,closed,mi_class,28,-0.034502090858287794,0.011920600339387636,0.4696625
2,2.0,closed,mi_class,29,0.0005809847004779045,-0.49678019930516376,0.4696625
2,2.0,closed,mi_class,30,0.15147784058241687,-0.39911033376520855,0.4696625
2,2.0,closed,mi_class,31,-0.07301971793633216,0.36939429104407623,0.4696625
2,2.0,closed,mi_class,32,0.012511987327525495,-0.0791190556525835,0.4696625
2,2.0,closed,mi_class,33,0.029404835520623705,0.0009668536483590876,0.4696625
2,2.0,closed,mi_class,34,0.03179692721140845,-0.1337103344576846,0.4696625
2,2.0,closed,mi_class,35,0.04395428612602931,0.1324932429439058,0.4696625
2,2.0,closed,mi_class,36,-0.24157259710968026,0.44656480855421304,0.4696625
2,2.0,closed,mi_class,37,-0.041907842647699756,0.4892723932517291,0.4696625
2,2.0,closed,mi_class,38,-0.00673585777369811,-0.008709081819831498,0.4696625
2,2.0,closed,mi_class,39,0.10190898604016962,-0.5512419815594334,0.4696625
2,2.0,closed,mi_class,40,0.02209125600211952,-0.004757001779889364,0.4696625
2,2.0,closed,mi_class,41,-0.049761027696837656,0.3295600722289394,0.4696625
2,2.0,closed,mi_class,42,-0.15486794208576748,0.6073237668576474,0.4696625
2,2.0,closed,mi_class,43,0.32227845234998753,-0.4789452622162617,0.4696625
2,2.0,closed,mi_class,44,-0.12205394173052608,0.4740488788245661,0.4696625
2,2.0,closed,mi_class,45,0.010837671996093284,-0.25856300813596556,0.4696625
2,2.0,closed,mi_class,46,-0.007377860576777516,0.009083884111836067,0.4696625
2,2.0,closed,mi_class,47,-0.012387593120331683,-0.0038042382428182756,0.4696625
2,2.0,closed,mi_class,48,-0.005847577513537118,0.006067742575764822,0.4696625
2,2.0,closed,mi_class,49,-0.0012036914160557393,0.0023013202018252223,0.4696625
2,2.0,closed,mi_class,50,-0.09437763348664202,0.41662236754819476,0.4696625
2,2.0,closed,mi_class,51,-0.009353828286203656,0.0058850388261759085,0.4696625
2,2.0,closed,mi_class,52,-0.0021442796078662146,-0.11184187126630615,0.4696625
2,2.0,closed,mi_class,53,0.10151127070303234,-0.6038103906809161,0.4696625
2,2.0,closed,mi_class,54,-0.25569209171153634,0.39845523618602563,0.4696625
2,2.0,closed,mi_class,55,0.15109712000127773,-0.654194498313564,0.4696625
2,2.0,closed,mi_class,56,0.004395982345731973,-0.0049455581800225265,0.4696625
2,2.0,closed,mi_class,57,-0.005330725361195148,-0.010563450235401391,0.4696625
2,2.0,closed,mi_class,58,0.5630252723666777,0.006349486462323472,0.4696625
2,2.0,closed,mi_class,59,-0.00426610995996704,-0.0013959294582571084,0.4696625
2,2.0,closed,mi_class,60,-0.0873726772428065,0.5444624893523777,0.4696625
2,2.0,closed,mi_class,61,-0.0015169597570169392,0.0045996296215132714,0.4696625
2,2.0,closed,mi_class,62,-0.009746604792528285,0.09016679017653609,0.4696625
2,2.0,closed,mi_class,63,-0.06310055844967259,0.005537009044612285,0.4696625
2,2.0,closed,mi_class,64,0.049907470600687676,0.602639435741341,0.4696625
2,2.0,closed,mi_class,65,0.12351952232563587,-0.23020140529090755,0.4696625
2,2.0,closed,mi_site,0,-0.004452882340031161,-0.3106200399433694,0.4696625
2,2.0,closed,mi_site,1,0.009611347279301175,0.006576291008910242,0.4696625
2,2.0,closed,mi_site,2,0.019895301307867874,0.5010328226364099,0.4696625
2,2.0,closed,mi_site,3,-0.028680571541150446,-0.39359529962721435,0.4696625
2,2.0,closed,mi_site,4,0.025501258814844708,0.0051497026959566525,0.4696625
2,2.0,closed,mi_site,5,0.009026037698558642,0.32585332049225985,0.4696625
2,2.0,closed,mi_site,6,-0.003993035696019949,0.0026085051019804862,0.4696625
2,2.0,closed,mi_site,7,0.038525462408940434,0.004554858657433058,0.4696625
2,2.0,closed,mi_site,8,-0.0034204531279497653,0.004191986433050719,0.4696625
2,2.0,closed,mi_site,9,0.03882012689535219,0.8267709685636394,0.4696625
2,2.0,closed,mi_site,10,-0.0032705008058203644,-0.18470603820080317,0.4696625
2,2.0,closed,mi_site,11,-0.017979307482799713,0.03493523989528531,0.4696625
2,2.0,closed,mi_site,12,0.0013893926837396237,0.07377416765713228,0.4696625
2,2.0,closed,mi_site,13,0.047086792035628044,0.527030292406157,0.4696625
2,2.0,closed,mi_site,14,0.023807082003078295,0.24635591156021097,0.4696625
2,2.0,closed,mi_site,15,-0.016880476129018884,-0.9535357791845529,0.4696625
2,2.0,closed,mi_site,16,0.0018130469420513705,-0.008841232280403833,0.4696625
2,2.0,closed,mi_site,17,-0.020720000832263177,0.10468451016002571,0.4696625
2,2.0,closed,mi_site,18,0.020992615301576922,0.5752758218355619,0.4696625
2,2.0,closed,mi_site,19,-0.007736456224750332,-0.3800880217946748,0.4696625
2,2.0,closed,mi_site,20,0.0006260947732438238,0.623735607823728,0.4696625
2,2.0,closed,mi_site,21,-0.02424635067824049,-0.42651798474428704,0.4696625
2,2.0,closed,mi_site,22,-0.05267428193562028,-0.008690312327625335,0.4696625
2,2.0,closed,mi_site,23,-0.03129135472717941,-0.019281459810914826,0.4696625
2,2.0,closed,mi_site,24,0.024596759482424232,-0.03733766328832367,0.4696625
2,2.0,closed,mi_site,25,-0.006085648047595968,0.005126162784923632,0.4696625
2,2.0,closed,mi_site,26,0.013781953215773246,0.4759482127712135,0.4696625
2,2.0,closed,mi_site,27,-0.0403144677178878,0.00509397313620842,0.4696625
2,2.0,closed,mi_site,28,0.00023448194608269822,0.011920600339387636,0.4696625
2,2.0,closed,mi_site,29,-0.044210022130886595,-0.49678019930516376,0.4696625
2,2.0,closed,mi_site,30,0.05437953132278589,-0.39911033376520855,0.4696625
2,2.0,closed,mi_site,31,0.0729812767849467,0.36939429104407623,0.4696625
2,2.0,closed,mi_site,32,-0.0062338258348096365,-0.0791190556525835,0.4696625
2,2.0,closed,mi_site,33,-0.028070645686929664,0.0009668536483590876,0.4696625
2,2.0,closed,mi_site,34,0.03463939659571312,-0.1337103344576846,0.4696625
2,2.0,closed,mi_site,35,0.041239839786448795,0.1324932429439058,0.4696625
2,2.0,closed,mi_site,36,0.027170117904098623,0.44656480855421304,0.4696625
2,2.0,closed,mi_site,37,0.022366665705771616,0.4892723932517291,0.4696625
2,2.0,closed,mi_site,38,0.021727816130275777,-0.008709081819831498,0.4696625
2,2.0,closed,mi_site,39,-0.05717098366168227,-0.5512419815594334,0.4696625
2,2.0,closed,mi_site,40,0.016899452309963973,-0.004757001779889364,0.4696625
2,2.0,closed,mi_site,41,-0.006163287687058205,0.3295600722289394,0.4696625
2,2.0,closed,mi_site,42,0.02847995179859708,0.6073237668576474,0.4696625
2,2.0,closed,mi_site,43,-0.0443072608284279,-0.4789452622162617,0.4696625
2,2.0,closed,mi_site,44,0.057241874417722716,0.4740488788245661,0.4696625
2,2.0,closed,mi_site,45,-0.0173099486914014,-0.25856300813596556,0.4696625
2,2.0,closed,mi_site,46,-0.002587780921465577,0.009083884111836067,0.4696625
2,2.0,closed,mi_site,47,-0.02130088097741928,-0.0038042382428182756,0.4696625
2,2.0,closed,mi_site,48,-0.005712906392765338,0.006067742575764822,0.4696625
2,2.0,closed,mi_site,49,0.013563966306894656,0.0023013202018252223,0.4696625
2,2.0,closed,mi_site,50,0.05935561875867035,0.41662236754819476,0.4696625
2,2.0,closed,mi_site,51,-0.0024104310585616314,0.0058850388261759085,0.4696625
2,2.0,closed,mi_site,52,-0.0007558674978439262,-0.11184187126630615,0.4696625
2,2.0,closed,mi_site,53,-0.034500411454824964,-0.6038103906809161,0.4696625
2,2.0,closed,mi_site,54,0.01293612508694908,0.39845523618602563,0.4696625
2,2.0,closed,mi_site,55,-0.006831668826909443,-0.654194498313564,0.4696625
2,2.0,closed,mi_site,56,0.0024746350066036644,-0.0049455581800225265,0.4696625
2,2.0,closed,mi_site,57,0.001774514145973436,-0.010563450235401391,0.4696625
2,2.0,closed,mi_site,58,-0.008935159535493202,0.006349486462323472,0.4696625
2,2.0,closed,mi_site,59,-0.00033900677122172427,-0.0013959294582571084,0.4696625
2,2.0,closed,mi_site,60,0.04138551529710821,0.5444624893523777,0.4696625
2,2.0,closed,mi_site,61,0.03900725260604965,0.0045996296215132714,0.4696625
2,2.0,closed,mi_site,62,-0.0010652744802552433,0.09016679017653609,0.4696625
2,2.0,closed,mi_site,63,-0.002747265145131997,0.005537009044612285,0.4696625
2,2.0,closed,mi_site,64,0.022318247407921876,0.602639435741341,0.4696625
2,2.0,closed,mi_site,65,0.004282840246394193,-0.23020140529090755,0.4696625
