rep,gamma,alignment,estimator,pair,signed_err,truth,miss_rate
0,0.0,aligned,available,0,-0.0041345296568987555,0.47388756424424505,0.47255416666666666
0,0.0,aligned,available,1,-0.017912791063058264,0.3216218490485956,0.47255416666666666
0,0.0,aligned,available,2,0.014094439624529193,-0.2528051546932474,0.47255416666666666
0,0.0,aligned,available,3,0.019767733055080727,0.3040168215522606,0.47255416666666666
0,0.0,aligned,available,4,-0.010545733038233448,-0.011286669553135,0.47255416666666666
0,0.0,aligned,available,5,-0.005391695366428473,-0.7657296866172122,0.47255416666666666
0,0.0,aligned,available,6,0.009166496408717917,0.2547211829094428,0.47255416666666666
0,0.0,aligned,available,7,0.012349103984311086,0.015299437310630512,0.47255416666666666
0,0.0,aligned,available,8,0.00036677115419475603,0.46469041112316184,0.47255416666666666
0,0.0,aligned,available,9,-0.008186011680074611,-0.0008464439080358207,0.47255416666666666
0,0.0,aligned,available,10,-0.008906625255595602,0.3953462145820938,0.47255416666666666
0,0.0,aligned,available,11,-0.0022245462869757704,0.8372456607770079,0.47255416666666666
0,0.0,aligned,available,12,0.0023547093289489063,0.07582540209772747,0.47255416666666666
0,0.0,aligned,available,13,0.005658704231157441,-0.499721380550028,0.47255416666666666
0,0.0,aligned,available,14,0.008244315119171303,-0.0005633848167322635,0.47255416666666666
0,0.0,aligned,available,15,-0.0009829960052530895,-0.24395328738019792,0.47255416666666666
0,0.0,aligned,available,16,-0.0082025736438322,0.2378050027101847,0.47255416666666666
0,0.0,aligned,available,17,-0.0030651206722077063,0.008303143945476744,0.47255416666666666
0,0.0,aligned,available,18,-0.010978037355763942,-0.14787536970485718,0.47255416666666666
0,0.0,aligned,available,19,-0.0063019059149592715,-0.4227220544754499,0.47255416666666666
0,0.0,aligned,available,20,-0.00021489665433360727,0.9390516932976462,0.47255416666666666
0,0.0,aligned,available,21,0.002358524971553505,0.20500020179437367,0.47255416666666666
0,0.0,aligned,available,22,-0.001705201127923217,-0.3406178326139762,0.47255416666666666
0,0.0,aligned,available,23,0.0024244558264158167,-0.21653045972198925,0.47255416666666666
0,0.0,aligned,available,24,0.004302775900028477,-0.16595992415660146,0.47255416666666666
0,0.0,aligned,available,25,-0.013226025390140728,0.3096635171131712,0.47255416666666666
0,0.0,aligned,available,26,0.0007831040803783496,0.2875204783397313,0.47255416666666666
0,0.0,aligned,available,27,-0.009681608534833047,-0.10317682903740963,0.47255416666666666
0,0.0,aligned,available,28,0.00039429480364250313,-0.6660509633382137,0.47255416666666666
0,0.0,aligned,available,29,-0.0004817341802468844,0.9167376769144714,0.47255416666666666
0,0.0,aligned,available,30,-0.019243039433128828,-0.35575360026436076,0.47255416666666666
0,0.0,aligned,available,31,0.015946565530590484,-0.7045491807928517,0.47255416666666666
0,0.0,aligned,available,32,0.0005101318296722446,0.3327839984409817,0.47255416666666666
0,0.0,aligned,available,33,-0.0073805842473264605,0.7773230355445839,0.47255416666666666
0,0.0,aligned,available,34,0.004011914121129778,0.5446148552861705,0.47255416666666666
0,0.0,aligned,available,35,-0.008458003776315004,-0.5535914019924406,0.47255416666666666
0,0.0,aligned,available,36,0.02058059394319574,-0.0035959282580527363,0.47255416666666666
0,0.0,aligned,available,37,0.017215340211176905,0.06332814311813866,0.47255416666666666
0,0.0,aligned,available,38,0.0017352557261830666,-0.004818719057129476,0.47255416666666666
0,0.0,aligned,available,39,-0.008861247950376683,-0.3998446037930854,0.47255416666666666
0,0.0,aligned,available,40,0.005926477059720034,-0.09208525682819295,0.47255416666666666
0,0.0,aligned,available,41,-0.007054613563682517,0.003255165313348117,0.47255416666666666
0,0.0,aligned,available,42,0.010806841515134558,0.6592500098420019,0.47255416666666666
0,0.0,aligned,available,43,0.0050117909337806625,0.007940467376543428,0.47255416666666666
0,0.0,aligned,available,44,0.00871061842180132,-0.4225056575597506,0.47255416666666666
0,0.0,aligned,available,45,4.025284676071727e-05,0.007746128479335632,0.47255416666666666
0,0.0,aligned,available,46,-0.005457772117106852,-0.8191423812543607,0.47255416666666666
0,0.0,aligned,available,47,0.0019217765753485327,-0.7719625735115269,0.47255416666666666
0,0.0,aligned,available,48,0.004587309158792175,-0.0020068552187495884,0.47255416666666666
0,0.0,aligned,available,49,0.00136127915155574,0.001806872967303751,0.47255416666666666
0,0.0,aligned,available,50,0.003315374633720629,0.0010827175284925505,0.47255416666666666
0,0.0,aligned,available,51,0.00046826294706180105,-0.11092657482856094,0.47255416666666666
0,0.0,aligned,available,52,-0.00587846746284792,-0.01342210990489247,0.47255416666666666
0,0.0,aligned,available,53,0.00384966580906565,-0.6061953186588154,0.47255416666666666
0,0.0,aligned,available,54,-0.006893670124802765,-0.002696131176732718,0.47255416666666666
0,0.0,aligned,available,55,-0.0004706838037991101,-0.20195434625751651,0.47255416666666666
0,0.0,aligned,available,56,0.00838661573852617,0.5318069740065459,0.47255416666666666
0,0.0,aligned,available,57,0.0008898068769937761,-0.14624558704537027,0.47255416666666666
0,0.0,aligned,available,58,-0.004749940383193334,-0.005844258820730459,0.47255416666666666
0,0.0,aligned,available,59,-0.010890769852032411,0.19839683578516298,0.47255416666666666
0,0.0,aligned,available,60,-0.0020526656735222193,-0.0013515467111684316,0.47255416666666666
0,0.0,aligned,available,61,0.01675744402917127,-0.005773981735409464,0.47255416666666666
0,0.0,aligned,available,62,-0.002622089772360074,0.005877269855441107,0.47255416666666666
0,0.0,aligned,available,63,-0.01059275128012049,0.003313093743648175,0.47255416666666666
0,0.0,aligned,available,64,0.0024025041185608137,-0.12730869200978276,0.47255416666666666
0,0.0,aligned,available,65,-0.006055663339174733,-0.5943493366878366,0.47255416666666666
0,0.0,aligned,mi_obs,0,0.010822831502225405,0.47388756424424505,0.47255416666666666
0,0.0,aligned,mi_obs,1,0.002188850691155819,0.3216218490485956,0.47255416666666666
0,0.0,aligned,mi_obs,2,-0.006737264839218549,-0.2528051546932474,0.47255416666666666
0,0.0,aligned,mi_obs,3,-0.0002896055738980108,0.3040168215522606,0.47255416666666666
0,0.0,aligned,mi_obs,4,-0.03684269226649953,-0.011286669553135,0.47255416666666666
0,0.0,aligned,mi_obs,5,-0.06615860875975932,-0.7657296866172122,0.47255416666666666
0,0.0,aligned,mi_obs,6,0.08677740074584,0.2547211829094428,0.47255416666666666
0,0.0,aligned,mi_obs,7,0.005619604998460438,0.015299437310630512,0.47255416666666666
0,0.0,aligned,mi_obs,8,0.03004198890821813,0.46469041112316184,0.47255416666666666
0,0.0,aligned,mi_obs,9,0.0009493735405832257,-0.0008464439080358207,0.47255416666666666
0,0.0,aligned,mi_obs,10,0.0062986520321350326,0.3953462145820938,0.47255416666666666
0,0.0,aligned,mi_obs,11,0.010439994064253999,0.8372456607770079,0.47255416666666666
0,0.0,aligned,mi_obs,12,0.011481645815962047,0.07582540209772747,0.47255416666666666
0,0.0,aligned,mi_obs,13,-0.02989818492338503,-0.499721380550028,0.47255416666666666
0,0.0,aligned,mi_obs,14,-0.004189782635898084,-0.0005633848167322635,0.47255416666666666
0,0.0,aligned,mi_obs,15,-0.022486195362005662,-0.24395328738019792,0.47255416666666666
0,0.0,aligned,mi_obs,16,0.029581300691199713,0.2378050027101847,0.47255416666666666
0,0.0,aligned,mi_obs,17,-0.005143562939176097,0.008303143945476744,0.47255416666666666
0,0.0,aligned,mi_obs,18,-0.009757970923445242,-0.14787536970485718,0.47255416666666666
0,0.0,aligned,mi_obs,19,-0.018987743567455195,-0.4227220544754499,0.47255416666666666
0,0.0,aligned,mi_obs,20,0.002463120812714048,0.9390516932976462,0.47255416666666666
0,0.0,aligned,mi_obs,21,0.00578105752639782,0.20500020179437367,0.47255416666666666
0,0.0,aligned,mi_obs,22,-0.024573862109443845,-0.3406178326139762,0.47255416666666666
0,0.0,aligned,mi_obs,23,0.01740774773434331,-0.21653045972198925,0.47255416666666666
0,0.0,aligned,mi_obs,24,-0.011419889018333379,-0.16595992415660146,0.47255416666666666
0,0.0,aligned,mi_obs,25,-0.01615095518390286,0.3096635171131712,0.47255416666666666
0,0.0,aligned,mi_obs,26,-0.008186130743005449,0.2875204783397313,0.47255416666666666
0,0.0,aligned,mi_obs,27,-0.015014936770738549,-0.10317682903740963,0.47255416666666666
0,0.0,aligned,mi_obs,28,-0.03738692571773983,-0.6660509633382137,0.47255416666666666
0,0.0,aligned,mi_obs,29,0.019876002112498292,0.9167376769144714,0.47255416666666666
0,0.0,aligned,mi_obs,30,-0.017544559390723746,-0.35575360026436076,0.47255416666666666
0,0.0,aligned,mi_obs,31,0.00137539438779255,-0.7045491807928517,0.47255416666666666
0,0.0,aligned,mi_obs,32,0.03485898700507989,0.3327839984409817,0.47255416666666666
0,0.0,aligned,mi_obs,33,-0.01941707131073267,0.7773230355445839,0.47255416666666666
0,0.0,aligned,mi_obs,34,0.03119332123882812,0.5446148552861705,0.47255416666666666
0,0.0,aligned,mi_obs,35,0.058151044752482006,-0.5535914019924406,0.47255416666666666
0,0.0,aligned,mi_obs,36,0.0167386212312486,-0.0035959282580527363,0.47255416666666666
0,0.0,aligned,mi_obs,37,0.0015280080002560842,0.06332814311813866,0.47255416666666666
0,0.0,aligned,mi_obs,38,-0.02313690037166436,-0.004818719057129476,0.47255416666666666
0,0.0,aligned,mi_obs,39,-0.030433203104393014,-0.3998446037930854,0.47255416666666666
0,0.0,aligned,mi_obs,40,0.019032330080475945,-0.09208525682819295,0.47255416666666666
0,0.0,aligned,mi_obs,41,-0.008496115194082741,0.003255165313348117,0.47255416666666666
0,0.0,aligned,mi_obs,42,0.06069215745306955,0.6592500098420019,0.47255416666666666
0,0.0,aligned,mi_obs,43,-0.017716861582486684,0.007940467376543428,0.47255416666666666
0,0.0,aligned,mi_obs,44,-0.011847758824722887,-0.4225056575597506,0.47255416666666666
0,0.0,aligned,mi_obs,45,0.03073520465882526,0.007746128479335632,0.47255416666666666
0,0.0,aligned,mi_obs,46,0.02667628629966501,-0.8191423812543607,0.47255416666666666
0,0.0,aligned,mi_obs,47,0.004800321784408479,-0.7719625735115269,0.47255416666666666
0,0.0,aligned,mi_obs,48,-0.05719139890017166,-0.0020068552187495884,0.47255416666666666
0,0.0,aligned,mi_obs,49,-0.008147989575487864,0.001806872967303751,0.47255416666666666
0,0.0,aligned,mi_obs,50,0.0005644461042313533,0.0010827175284925505,0.47255416666666666
0,0.0,aligned,mi_obs,51,-0.060918161460627396,-0.11092657482856094,0.47255416666666666
0,0.0,aligned,mi_obs,52,-0.007803157212201714,-0.01342210990489247,0.47255416666666666
0,0.0,aligned,mi_obs,53,-0.0736100446385407,-0.6061953186588154,0.47255416666666666
0,0.0,aligned,mi_obs,54,-0.005896351386086168,-0.002696131176732718,0.47255416666666666
0,0.0,aligned,mi_obs,55,-0.017967031426268293,-0.20195434625751651,0.47255416666666666
0,0.0,aligned,mi_obs,56,-0.04064773427184504,0.5318069740065459,0.47255416666666666
0,0.0,aligned,mi_obs,57,0.01973983391869999,-0.14624558704537027,0.47255416666666666
0,0.0,aligned,mi_obs,58,0.014591102452226808,-0.005844258820730459,0.47255416666666666
0,0.0,aligned,mi_obs,59,0.019579319071181656,0.19839683578516298,0.47255416666666666
0,0.0,aligned,mi_obs,60,-0.014740970681679639,-0.0013515467111684316,0.47255416666666666
0,0.0,aligned,mi_obs,61,0.015200688317490791,-0.005773981735409464,0.47255416666666666
0,0.0,aligned,mi_obs,62,-0.006315785878068173,0.005877269855441107,0.47255416666666666
0,0.0,aligned,mi_obs,63,-0.004092542184809292,0.003313093743648175,0.47255416666666666
0,0.0,aligned,mi_obs,64,0.0025597255520535545,-0.12730869200978276,0.47255416666666666
0,0.0,aligned,mi_obs,65,-0.029676910023079373,-0.5943493366878366,0.47255416666666666
0,0.0,aligned,mi_class,0,-0.0918822570209053,0.47388756424424505,0.47255416666666666
0,0.0,aligned,mi_class,1,-0.0868044622388606,0.3216218490485956,0.47255416666666666
0,0.0,aligned,mi_class,2,0.04732606783638954,-0.2528051546932474,0.47255416666666666
0,0.0,aligned,mi_class,3,-0.08698377048144876,0.3040168215522606,0.47255416666666666
0,0.0,aligned,mi_class,4,-0.002885543011263727,-0.011286669553135,0.47255416666666666
0,0.0,aligned,mi_class,5,0.2231907571162961,-0.7657296866172122,0.47255416666666666
0,0.0,aligned,mi_class,6,-0.06638193776945095,0.2547211829094428,0.47255416666666666
0,0.0,aligned,mi_class,7,0.0041932410948805916,0.015299437310630512,0.47255416666666666
0,0.0,aligned,mi_class,8,-0.03853344281623011,0.46469041112316184,0.47255416666666666
0,0.0,aligned,mi_class,9,0.001597848123451639,-0.0008464439080358207,0.47255416666666666
0,0.0,aligned,mi_class,10,-0.05958201541232727,0.3953462145820938,0.47255416666666666
0,0.0,aligned,mi_class,11,-0.13698126344677597,0.8372456607770079,0.47255416666666666
0,0.0,aligned,mi_class,12,-0.009592394818097538,0.07582540209772747,0.47255416666666666
0,0.0,aligned,mi_class,13,0.4125547608785546,-0.499721380550028,0.47255416666666666
0,0.0,aligned,mi_class,14,0.008182338040671169,-0.0005633848167322635,0.47255416666666666
0,0.0,aligned,mi_class,15,0.07248298195490194,-0.24395328738019792,0.47255416666666666
0,0.0,aligned,mi_class,16,-0.03654678639277853,0.2378050027101847,0.47255416666666666
0,0.0,aligned,mi_class,17,-0.006969467929126389,0.008303143945476744,0.47255416666666666
0,0.0,aligned,mi_class,18,0.012609975280354957,-0.14787536970485718,0.47255416666666666
0,0.0,aligned,mi_class,19,0.03144903928163101,-0.4227220544754499,0.47255416666666666
0,0.0,aligned,mi_class,20,-0.08013197535878525,0.9390516932976462,0.47255416666666666
0,0.0,aligned,mi_class,21,-0.035624196313417344,0.20500020179437367,0.47255416666666666
0,0.0,aligned,mi_class,22,0.4054986046932722,-0.3406178326139762,0.47255416666666666
0,0.0,aligned,mi_class,23,0.108634865837472,-0.21653045972198925,0.47255416666666666
0,0.0,aligned,mi_class,24,0.08270870468921845,-0.16595992415660146,0.47255416666666666
0,0.0,aligned,mi_class,25,-0.11538418983620916,0.3096635171131712,0.47255416666666666
0,0.0,aligned,mi_class,26,-0.1419610383743651,0.2875204783397313,0.47255416666666666
0,0.0,aligned,mi_class,27,0.022064436993564973,-0.10317682903740963,0.47255416666666666
0,0.0,aligned,mi_class,28,0.10149563718231047,-0.6660509633382137,0.47255416666666666
0,0.0,aligned,mi_class,29,-0.14258992105980528,0.9167376769144714,0.47255416666666666
0,0.0,aligned,mi_class,30,0.14377715551113926,-0.35575360026436076,0.47255416666666666
0,0.0,aligned,mi_class,31,0.11227079243400695,-0.7045491807928517,0.47255416666666666
0,0.0,aligned,mi_class,32,-0.039630615762686505,0.3327839984409817,0.47255416666666666
0,0.0,aligned,mi_class,33,-0.17627513199154032,0.7773230355445839,0.47255416666666666
0,0.0,aligned,mi_class,34,-0.07008168521494657,0.5446148552861705,0.47255416666666666
0,0.0,aligned,mi_class,35,-0.0685236117958049,-0.5535914019924406,0.47255416666666666
0,0.0,aligned,mi_class,36,0.05369839801644116,-0.0035959282580527363,0.47255416666666666
0,0.0,aligned,mi_class,37,0.004969212746885193,0.06332814311813866,0.47255416666666666
0,0.0,aligned,mi_class,38,-0.001407624208241134,-0.004818719057129476,0.47255416666666666
0,0.0,aligned,mi_class,39,0.09453435052251163,-0.3998446037930854,0.47255416666666666
0,0.0,aligned,mi_class,40,0.24192744500448904,-0.09208525682819295,0.47255416666666666
0,0.0,aligned,mi_class,41,-0.001530502011611317,0.003255165313348117,0.47255416666666666
0,0.0,aligned,mi_class,42,-0.25485015840499425,0.6592500098420019,0.47255416666666666
0,0.0,aligned,mi_class,43,-0.09921338134838589,0.007940467376543428,0.47255416666666666
0,0.0,aligned,mi_class,44,0.37413090498408463,-0.4225056575597506,0.47255416666666666
0,0.0,aligned,mi_class,45,0.0023347540963048544,0.007746128479335632,0.47255416666666666
0,0.0,aligned,mi_class,46,0.10334432179273556,-0.8191423812543607,0.47255416666666666
0,0.0,aligned,mi_class,47,-0.009988720139657237,-0.7719625735115269,0.47255416666666666
0,0.0,aligned,mi_class,48,-0.01157246131068468,-0.0020068552187495884,0.47255416666666666
0,0.0,aligned,mi_class,49,-0.00517962168935304,0.001806872967303751,0.47255416666666666
0,0.0,aligned,mi_class,50,0.005511373990340153,0.0010827175284925505,0.47255416666666666
0,0.0,aligned,mi_class,51,0.011936124085815084,-0.11092657482856094,0.47255416666666666
0,0.0,aligned,mi_class,52,-0.014332947960103573,-0.01342210990489247,0.47255416666666666
0,0.0,aligned,mi_class,53,0.08299313236025574,-0.6061953186588154,0.47255416666666666
0,0.0,aligned,mi_class,54,-0.0013323633138403517,-0.002696131176732718,0.47255416666666666
0,0.0,aligned,mi_class,55,0.05322447441233705,-0.20195434625751651,0.47255416666666666
0,0.0,aligned,mi_class,56,-0.056816884191859596,0.5318069740065459,0.47255416666666666
0,0.0,aligned,mi_class,57,0.0017643130873056245,-0.14624558704537027,0.47255416666666666
0,0.0,aligned,mi_class,58,-0.00791585587762361,-0.005844258820730459,0.47255416666666666
0,0.0,aligned,mi_class,59,-0.017767166002634532,0.19839683578516298,0.47255416666666666
0,0.0,aligned,mi_class,60,0.019954979187222544,-0.0013515467111684316,0.47255416666666666
0,0.0,aligned,mi_class,61,0.00965851742060751,-0.005773981735409464,0.47255416666666666
0,0.0,aligned,mi_class,62,-0.003953424456664251,0.005877269855441107,0.47255416666666666
0,0.0,aligned,mi_class,63,-0.003430726862097821,0.003313093743648175,0.47255416666666666
0,0.0,aligned,mi_class,64,0.01652636710130076,-0.12730869200978276,0.47255416666666666
0,0.0,aligned,mi_class,65,0.04266936842294511,-0.5943493366878366,0.47255416666666666
0,0.0,aligned,mi_site,0,-0.023755730142686393,0.47388756424424505,0.47255416666666666
0,0.0,aligned,mi_site,1,-0.04180441327222095,0.3216218490485956,0.47255416666666666
0,0.0,aligned,mi_site,2,0.06653221582236088,-0.2528051546932474,0.47255416666666666
0,0.0,aligned,mi_site,3,-0.008518882344441814,0.3040168215522606,0.47255416666666666
0,0.0,aligned,mi_site,4,0.003950705532187994,-0.011286669553135,0.47255416666666666
0,0.0,aligned,mi_site,5,0.008436698841792989,-0.7657296866172122,0.47255416666666666
0,0.0,aligned,mi_site,6,0.01915123289296672,0.2547211829094428,0.47255416666666666
0,0.0,aligned,mi_site,7,-0.01363081663670114,0.015299437310630512,0.47255416666666666
0,0.0,aligned,mi_site,8,-0.009555428574954006,0.46469041112316184,0.47255416666666666
0,0.0,aligned,mi_site,9,-0.007123079227059499,-0.0008464439080358207,0.47255416666666666
0,0.0,aligned,mi_site,10,-0.02906547919177277,0.3953462145820938,0.47255416666666666
0,0.0,aligned,mi_site,11,-0.06891311975543946,0.8372456607770079,0.47255416666666666
0,0.0,aligned,mi_site,12,-0.007681107119571387,0.07582540209772747,0.47255416666666666
0,0.0,aligned,mi_site,13,0.021016489171486963,-0.499721380550028,0.47255416666666666
0,0.0,aligned,mi_site,14,0.02461400541446946,-0.0005633848167322635,0.47255416666666666
0,0.0,aligned,mi_site,15,-0.012511131086052923,-0.24395328738019792,0.47255416666666666
0,0.0,aligned,mi_site,16,0.006314036629262165,0.2378050027101847,0.47255416666666666
0,0.0,aligned,mi_site,17,-0.025898225943325553,0.008303143945476744,0.47255416666666666
0,0.0,aligned,mi_site,18,-0.002763604595793917,-0.14787536970485718,0.47255416666666666
0,0.0,aligned,mi_site,19,0.053908432987299415,-0.4227220544754499,0.47255416666666666
0,0.0,aligned,mi_site,20,-0.03454485397429741,0.9390516932976462,0.47255416666666666
0,0.0,aligned,mi_site,21,-0.009543812001111374,0.20500020179437367,0.47255416666666666
0,0.0,aligned,mi_site,22,0.007685606359905617,-0.3406178326139762,0.47255416666666666
0,0.0,aligned,mi_site,23,0.03833218168622021,-0.21653045972198925,0.47255416666666666
0,0.0,aligned,mi_site,24,-0.00821640510833313,-0.16595992415660146,0.47255416666666666
0,0.0,aligned,mi_site,25,-0.027044494640112104,0.3096635171131712,0.47255416666666666
0,0.0,aligned,mi_site,26,-0.015735060557579006,0.2875204783397313,0.47255416666666666
0,0.0,aligned,mi_site,27,-0.011052838007824264,-0.10317682903740963,0.47255416666666666
0,0.0,aligned,mi_site,28,0.07536374558511694,-0.6660509633382137,0.47255416666666666
0,0.0,aligned,mi_site,29,-0.05214457640978054,0.9167376769144714,0.47255416666666666
0,0.0,aligned,mi_site,30,0.03183424854554523,-0.35575360026436076,0.47255416666666666
0,0.0,aligned,mi_site,31,0.08788168821958253,-0.7045491807928517,0.47255416666666666
0,0.0,aligned,mi_site,32,-0.012050490296367344,0.3327839984409817,0.47255416666666666
0,0.0,aligned,mi_site,33,-0.06414818978993109,0.7773230355445839,0.47255416666666666
0,0.0,aligned,mi_site,34,-0.038530619168910096,0.5446148552861705,0.47255416666666666
0,0.0,aligned,mi_site,35,0.09302234990689001,-0.5535914019924406,0.47255416666666666
0,0.0,aligned,mi_site,36,0.00021026829156176605,-0.0035959282580527363,0.47255416666666666
0,0.0,aligned,mi_site,37,-0.00442007679322913,0.06332814311813866,0.47255416666666666
0,0.0,aligned,mi_site,38,-0.017016072162853238,-0.004818719057129476,0.47255416666666666
0,0.0,aligned,mi_site,39,-0.008346403100524369,-0.3998446037930854,0.47255416666666666
0,0.0,aligned,mi_site,40,-0.0034915571786797855,-0.09208525682819295,0.47255416666666666
0,0.0,aligned,mi_site,41,-0.0019972538879881084,0.003255165313348117,0.47255416666666666
0,0.0,aligned,mi_site,42,0.04719186223268135,0.6592500098420019,0.47255416666666666
0,0.0,aligned,mi_site,43,-0.016554527842520116,0.007940467376543428,0.47255416666666666
0,0.0,aligned,mi_site,44,0.004033023161168048,-0.4225056575597506,0.47255416666666666
0,0.0,aligned,mi_site,45,-0.002768491445063156,0.007746128479335632,0.47255416666666666
0,0.0,aligned,mi_site,46,0.038389645008419127,-0.8191423812543607,0.47255416666666666
0,0.0,aligned,mi_site,47,0.017494183169736166,-0.7719625735115269,0.47255416666666666
0,0.0,aligned,mi_site,48,-0.030118175315036758,-0.0020068552187495884,0.47255416666666666
0,0.0,aligned,mi_site,49,0.004014277541702978,0.001806872967303751,0.47255416666666666
0,0.0,aligned,mi_site,50,0.015301849081891352,0.0010827175284925505,0.47255416666666666
0,0.0,aligned,mi_site,51,-0.01845567212914362,-0.11092657482856094,0.47255416666666666
0,0.0,aligned,mi_site,52,0.007679954786570801,-0.01342210990489247,0.47255416666666666
0,0.0,aligned,mi_site,53,-0.06335425755226531,-0.6061953186588154,0.47255416666666666
0,0.0,aligned,mi_site,54,0.007446158523414861,-0.002696131176732718,0.47255416666666666
0,0.0,aligned,mi_site,55,-0.015623745401632166,-0.20195434625751651,0.47255416666666666
0,0.0,aligned,mi_site,56,-0.025842587951961926,0.5318069740065459,0.47255416666666666
0,0.0,aligned,mi_site,57,-0.0044024361576950055,-0.14624558704537027,0.47255416666666666
0,0.0,aligned,mi_site,58,0.004253785922472751,-0.005844258820730459,0.47255416666666666
0,0.0,aligned,mi_site,59,0.008172309148216816,0.19839683578516298,0.47255416666666666
0,0.0,aligned,mi_site,60,-0.006847547937902751,-0.0013515467111684316,0.47255416666666666
0,0.0,aligned,mi_site,61,0.0004960109731190964,-0.005773981735409464,0.47255416666666666
0,0.0,aligned,mi_site,62,-0.013588960342104297,0.005877269855441107,0.47255416666666666
0,0.0,aligned,mi_site,63,-0.0024634402620379928,0.003313093743648175,0.47255416666666666
0,0.0,aligned,mi_site,64,-0.00022580873803040857,-0.12730869200978276,0.47255416666666666
0,0.0,aligned,mi_site,65,0.06463962340287976,-0.5943493366878366,0.47255416666666666
0,0.0,closed,available,0,0.002113795495838955,0.47388756424424505,0.47255416666666666
0,0.0,closed,available,1,0.0012785486222987585,0.3216218490485956,0.47255416666666666
0,0.0,closed,available,2,0.017350982731973053,-0.2528051546932474,0.47255416666666666
0,0.0,closed,available,3,-0.005535880202612586,0.3040168215522606,0.47255416666666666
0,0.0,closed,available,4,-0.01281394363916531,-0.011286669553135,0.47255416666666666
0,0.0,closed,available,5,0.004110510964097647,-0.7657296866172122,0.47255416666666666
0,0.0,closed,available,6,0.0018674305478019182,0.2547211829094428,0.47255416666666666
0,0.0,closed,available,7,0.004903406761294615,0.015299437310630512,0.47255416666666666
0,0.0,closed,available,8,0.013994967251736101,0.46469041112316184,0.47255416666666666
0,0.0,closed,available,9,-0.001150165191738787,-0.0008464439080358207,0.47255416666666666
0,0.0,closed,available,10,-0.0005914233827601367,0.3953462145820938,0.47255416666666666
0,0.0,closed,available,11,0.0034602221802289,0.8372456607770079,0.47255416666666666
0,0.0,closed,available,12,-0.021149981478611926,0.07582540209772747,0.47255416666666666
0,0.0,closed,available,13,0.004170610142109288,-0.499721380550028,0.47255416666666666
0,0.0,closed,available,14,-0.0035635449576571126,-0.0005633848167322635,0.47255416666666666
0,0.0,closed,available,15,0.00048148639118805736,-0.24395328738019792,0.47255416666666666
0,0.0,closed,available,16,-0.0091649438056301,0.2378050027101847,0.47255416666666666
0,0.0,closed,available,17,-0.0003149084482792861,0.008303143945476744,0.47255416666666666
0,0.0,closed,available,18,0.0031797387235041608,-0.14787536970485718,0.47255416666666666
0,0.0,closed,available,19,-0.007455184279747673,-0.4227220544754499,0.47255416666666666
0,0.0,closed,available,20,0.0004854202973855193,0.9390516932976462,0.47255416666666666
0,0.0,closed,available,21,-0.027505152007529815,0.20500020179437367,0.47255416666666666
0,0.0,closed,available,22,-0.0010716596563984937,-0.3406178326139762,0.47255416666666666
0,0.0,closed,available,23,0.00458229318981529,-0.21653045972198925,0.47255416666666666
0,0.0,closed,available,24,-0.002536783069180204,-0.16595992415660146,0.47255416666666666
0,0.0,closed,available,25,0.0030265676308368628,0.3096635171131712,0.47255416666666666
0,0.0,closed,available,26,-0.022806868555909132,0.2875204783397313,0.47255416666666666
0,0.0,closed,available,27,-0.002222551239096135,-0.10317682903740963,0.47255416666666666
0,0.0,closed,available,28,0.0013738321474588977,-0.6660509633382137,0.47255416666666666
0,0.0,closed,available,29,0.0016024324214257701,0.9167376769144714,0.47255416666666666
0,0.0,closed,available,30,0.0115695450107835,-0.35575360026436076,0.47255416666666666
0,0.0,closed,available,31,-0.01032406456479018,-0.7045491807928517,0.47255416666666666
0,0.0,closed,available,32,-0.024499070656765654,0.3327839984409817,0.47255416666666666
0,0.0,closed,available,33,0.009246254565820178,0.7773230355445839,0.47255416666666666
0,0.0,closed,available,34,0.009458969725703481,0.5446148552861705,0.47255416666666666
0,0.0,closed,available,35,0.006751289267291849,-0.5535914019924406,0.47255416666666666
0,0.0,closed,available,36,0.01298689910251068,-0.0035959282580527363,0.47255416666666666
0,0.0,closed,available,37,-0.0041622651343300385,0.06332814311813866,0.47255416666666666
0,0.0,closed,available,38,0.0015640233241348443,-0.004818719057129476,0.47255416666666666
0,0.0,closed,available,39,0.005994353753162207,-0.3998446037930854,0.47255416666666666
0,0.0,closed,available,40,0.0045542176648873944,-0.09208525682819295,0.47255416666666666
0,0.0,closed,available,41,0.0003816446822379545,0.003255165313348117,0.47255416666666666
0,0.0,closed,available,42,-0.014443582205431071,0.6592500098420019,0.47255416666666666
0,0.0,closed,available,43,0.007264632244663982,0.007940467376543428,0.47255416666666666
0,0.0,closed,available,44,3.974005939499925e-05,-0.4225056575597506,0.47255416666666666
0,0.0,closed,available,45,0.011702694007863453,0.007746128479335632,0.47255416666666666
0,0.0,closed,available,46,-0.005955967048320132,-0.8191423812543607,0.47255416666666666
0,0.0,closed,available,47,-0.002855834351081832,-0.7719625735115269,0.47255416666666666
0,0.0,closed,available,48,0.012461969331533233,-0.0020068552187495884,0.47255416666666666
0,0.0,closed,available,49,-0.009449742347511393,0.001806872967303751,0.47255416666666666
0,0.0,closed,available,50,-0.0010074402293391695,0.0010827175284925505,0.47255416666666666
0,0.0,closed,available,51,-0.006057819531387218,-0.11092657482856094,0.47255416666666666
0,0.0,closed,available,52,-0.004350272796034086,-0.01342210990489247,0.47255416666666666
0,0.0,closed,available,53,-0.007287119335474435,-0.6061953186588154,0.47255416666666666
0,0.0,closed,available,54,0.0030952970782792124,-0.002696131176732718,0.47255416666666666
0,0.0,closed,available,55,0.0035918979690175157,-0.20195434625751651,0.47255416666666666
0,0.0,closed,available,56,0.010564200177453631,0.5318069740065459,0.47255416666666666
0,0.0,closed,available,57,-0.00958220178748398,-0.14624558704537027,0.47255416666666666
0,0.0,closed,available,58,0.0006884642907242743,-0.005844258820730459,0.47255416666666666
0,0.0,closed,available,59,-0.010725824073995166,0.19839683578516298,0.47255416666666666
0,0.0,closed,available,60,-0.010428291322139852,-0.0013515467111684316,0.47255416666666666
0,0.0,closed,available,61,-0.007479400143006757,-0.005773981735409464,0.47255416666666666
0,0.0,closed,available,62,-0.0007012317173035907,0.005877269855441107,0.47255416666666666
0,0.0,closed,available,63,-0.003947135602856765,0.003313093743648175,0.47255416666666666
0,0.0,closed,available,64,0.00205944768905722,-0.12730869200978276,0.47255416666666666
0,0.0,closed,available,65,-0.0017985440602427127,-0.5943493366878366,0.47255416666666666
0,0.0,closed,mi_obs,0,0.017187388560176153,0.47388756424424505,0.47255416666666666
0,0.0,closed,mi_obs,1,0.007289401346637858,0.3216218490485956,0.47255416666666666
0,0.0,closed,mi_obs,2,-0.01285730979819194,-0.2528051546932474,0.47255416666666666
0,0.0,closed,mi_obs,3,-0.014793038258399005,0.3040168215522606,0.47255416666666666
0,0.0,closed,mi_obs,4,-0.027974997407906023,-0.011286669553135,0.47255416666666666
0,0.0,closed,mi_obs,5,-0.06609044425465227,-0.7657296866172122,0.47255416666666666
0,0.0,closed,mi_obs,6,0.07587110480880277,0.2547211829094428,0.47255416666666666
0,0.0,closed,mi_obs,7,0.009574696128731986,0.015299437310630512,0.47255416666666666
0,0.0,closed,mi_obs,8,0.03961951322270124,0.46469041112316184,0.47255416666666666
0,0.0,closed,mi_obs,9,-0.003281882119999264,-0.0008464439080358207,0.47255416666666666
0,0.0,closed,mi_obs,10,0.010305850722980459,0.3953462145820938,0.47255416666666666
0,0.0,closed,mi_obs,11,0.01279613270008384,0.8372456607770079,0.47255416666666666
0,0.0,closed,mi_obs,12,0.002446342013739708,0.07582540209772747,0.47255416666666666
0,0.0,closed,mi_obs,13,-0.03813101494745108,-0.499721380550028,0.47255416666666666
0,0.0,closed,mi_obs,14,-0.0026894009388344375,-0.0005633848167322635,0.47255416666666666
0,0.0,closed,mi_obs,15,-0.023001623926867693,-0.24395328738019792,0.47255416666666666
0,0.0,closed,mi_obs,16,0.0260239652500667,0.2378050027101847,0.47255416666666666
0,0.0,closed,mi_obs,17,0.013259635867268298,0.008303143945476744,0.47255416666666666
0,0.0,closed,mi_obs,18,-0.003976289776596559,-0.14787536970485718,0.47255416666666666
0,0.0,closed,mi_obs,19,-0.015398016528387848,-0.4227220544754499,0.47255416666666666
0,0.0,closed,mi_obs,20,0.0028912613981216806,0.9390516932976462,0.47255416666666666
0,0.0,closed,mi_obs,21,-0.024044928700937662,0.20500020179437367,0.47255416666666666
0,0.0,closed,mi_obs,22,-0.0224367490440342,-0.3406178326139762,0.47255416666666666
0,0.0,closed,mi_obs,23,0.01797736517045631,-0.21653045972198925,0.47255416666666666
0,0.0,closed,mi_obs,24,-0.010555565640642833,-0.16595992415660146,0.47255416666666666
0,0.0,closed,mi_obs,25,-0.01667225588729726,0.3096635171131712,0.47255416666666666
0,0.0,closed,mi_obs,26,0.011059728095274834,0.2875204783397313,0.47255416666666666
0,0.0,closed,mi_obs,27,-0.003038217169239646,-0.10317682903740963,0.47255416666666666
0,0.0,closed,mi_obs,28,-0.039428630219420335,-0.6660509633382137,0.47255416666666666
0,0.0,closed,mi_obs,29,0.02017442028529637,0.9167376769144714,0.47255416666666666
0,0.0,closed,mi_obs,30,-0.018566291989182082,-0.35575360026436076,0.47255416666666666
0,0.0,closed,mi_obs,31,0.008164320463023622,-0.7045491807928517,0.47255416666666666
0,0.0,closed,mi_obs,32,0.03884983295094918,0.3327839984409817,0.47255416666666666
0,0.0,closed,mi_obs,33,-0.011256983796101627,0.7773230355445839,0.47255416666666666
0,0.0,closed,mi_obs,34,0.0074963442958214666,0.5446148552861705,0.47255416666666666
0,0.0,closed,mi_obs,35,0.030355958945579853,-0.5535914019924406,0.47255416666666666
0,0.0,closed,mi_obs,36,0.05232143268388357,-0.0035959282580527363,0.47255416666666666
0,0.0,closed,mi_obs,37,-0.012961049271149515,0.06332814311813866,0.47255416666666666
0,0.0,closed,mi_obs,38,-0.024368498255851252,-0.004818719057129476,0.47255416666666666
0,0.0,closed,mi_obs,39,-0.02066874985400452,-0.3998446037930854,0.47255416666666666
0,0.0,closed,mi_obs,40,0.01903935844629459,-0.09208525682819295,0.47255416666666666
0,0.0,closed,mi_obs,41,-0.006448842311598714,0.003255165313348117,0.47255416666666666
0,0.0,closed,mi_obs,42,0.05971521299839688,0.6592500098420019,0.47255416666666666
0,0.0,closed,mi_obs,43,-0.016914277855580213,0.007940467376543428,0.47255416666666666
0,0.0,closed,mi_obs,44,-0.020137867804054133,-0.4225056575597506,0.47255416666666666
0,0.0,closed,mi_obs,45,0.03558665570781608,0.007746128479335632,0.47255416666666666
0,0.0,closed,mi_obs,46,0.026537054482652422,-0.8191423812543607,0.47255416666666666
0,0.0,closed,mi_obs,47,0.0010062656334353104,-0.7719625735115269,0.47255416666666666
0,0.0,closed,mi_obs,48,-0.05747496258041972,-0.0020068552187495884,0.47255416666666666
0,0.0,closed,mi_obs,49,-0.014995432920148643,0.001806872967303751,0.47255416666666666
0,0.0,closed,mi_obs,50,0.0020160805813650338,0.0010827175284925505,0.47255416666666666
0,0.0,closed,mi_obs,51,-0.06264452337892634,-0.11092657482856094,0.47255416666666666
0,0.0,closed,mi_obs,52,-0.00966320844272255,-0.01342210990489247,0.47255416666666666
0,0.0,closed,mi_obs,53,-0.08393203498347501,-0.6061953186588154,0.47255416666666666
0,0.0,closed,mi_obs,54,-0.0006088698021816351,-0.002696131176732718,0.47255416666666666
0,0.0,closed,mi_obs,55,-0.016928748533783594,-0.20195434625751651,0.47255416666666666
0,0.0,closed,mi_obs,56,-0.029138306265558023,0.5318069740065459,0.47255416666666666
0,0.0,closed,mi_obs,57,0.01655069009059093,-0.14624558704537027,0.47255416666666666
0,0.0,closed,mi_obs,58,0.010329716483779392,-0.005844258820730459,0.47255416666666666
0,0.0,closed,mi_obs,59,0.01593665603221353,0.19839683578516298,0.47255416666666666
0,0.0,closed,mi_obs,60,-0.008577021979130822,-0.0013515467111684316,0.47255416666666666
0,0.0,closed,mi_obs,61,-0.004137676920759301,-0.005773981735409464,0.47255416666666666
0,0.0,closed,mi_obs,62,0.012404174406273009,0.005877269855441107,0.47255416666666666
0,0.0,closed,mi_obs,63,-0.019763038451112373,0.003313093743648175,0.47255416666666666
0,0.0,closed,mi_obs,64,0.007728637920377007,-0.12730869200978276,0.47255416666666666
0,0.0,closed,mi_obs,65,-0.026880035628915833,-0.5943493366878366,0.47255416666666666
0,0.0,closed,mi_class,0,-0.0146621799424555,0.47388756424424505,0.47255416666666666
0,0.0,closed,mi_class,1,-0.02369977869739265,0.3216218490485956,0.47255416666666666
0,0.0,closed,mi_class,2,0.029008947624180687,-0.2528051546932474,0.47255416666666666
0,0.0,closed,mi_class,3,-0.18053554680472778,0.3040168215522606,0.47255416666666666
0,0.0,closed,mi_class,4,0.002045459084834918,-0.011286669553135,0.47255416666666666
0,0.0,closed,mi_class,5,0.1747380999076037,-0.7657296866172122,0.47255416666666666
0,0.0,closed,mi_class,6,-0.11491334619411628,0.2547211829094428,0.47255416666666666
0,0.0,closed,mi_class,7,-0.007652742373511065,0.015299437310630512,0.47255416666666666
0,0.0,closed,mi_class,8,0.003146891965400078,0.46469041112316184,0.47255416666666666
0,0.0,closed,mi_class,9,-0.02212742852994938,-0.0008464439080358207,0.47255416666666666
0,0.0,closed,mi_class,10,0.003968040152245,0.3953462145820938,0.47255416666666666
0,0.0,closed,mi_class,11,-0.12071622390153192,0.8372456607770079,0.47255416666666666
0,0.0,closed,mi_class,12,0.0003185050627541458,0.07582540209772747,0.47255416666666666
0,0.0,closed,mi_class,13,0.06095662179813621,-0.499721380550028,0.47255416666666666
0,0.0,closed,mi_class,14,0.0003228732761645851,-0.0005633848167322635,0.47255416666666666
0,0.0,closed,mi_class,15,0.07595069629807816,-0.24395328738019792,0.47255416666666666
0,0.0,closed,mi_class,16,-0.11807558131216887,0.2378050027101847,0.47255416666666666
0,0.0,closed,mi_class,17,-0.00022560563259615973,0.008303143945476744,0.47255416666666666
0,0.0,closed,mi_class,18,0.027203808168856383,-0.14787536970485718,0.47255416666666666
0,0.0,closed,mi_class,19,0.015744353240370712,-0.4227220544754499,0.47255416666666666
0,0.0,closed,mi_class,20,-0.06703363794201189,0.9390516932976462,0.47255416666666666
0,0.0,closed,mi_class,21,-0.05834934972572753,0.20500020179437367,0.47255416666666666
0,0.0,closed,mi_class,22,-0.002493574544820909,-0.3406178326139762,0.47255416666666666
0,0.0,closed,mi_class,23,0.11100916597347396,-0.21653045972198925,0.47255416666666666
0,0.0,closed,mi_class,24,0.08606818937576984,-0.16595992415660146,0.47255416666666666
0,0.0,closed,mi_class,25,-0.19430554370301364,0.3096635171131712,0.47255416666666666
0,0.0,closed,mi_class,26,-0.15145636065067775,0.2875204783397313,0.47255416666666666
0,0.0,closed,mi_class,27,0.028565908435834883,-0.10317682903740963,0.47255416666666666
0,0.0,closed,mi_class,28,0.08324256792551943,-0.6660509633382137,0.47255416666666666
0,0.0,closed,mi_class,29,-0.1478643309638431,0.9167376769144714,0.47255416666666666
0,0.0,closed,mi_class,30,0.06345270772959927,-0.35575360026436076,0.47255416666666666
0,0.0,closed,mi_class,31,0.08436639790760037,-0.7045491807928517,0.47255416666666666
0,0.0,closed,mi_class,32,-0.0589196966055659,0.3327839984409817,0.47255416666666666
0,0.0,closed,mi_class,33,-0.3516846013034465,0.7773230355445839,0.47255416666666666
0,0.0,closed,mi_class,34,-0.06082661960540331,0.5446148552861705,0.47255416666666666
0,0.0,closed,mi_class,35,-0.06345874412269681,-0.5535914019924406,0.47255416666666666
0,0.0,closed,mi_class,36,0.08078275463776516,-0.0035959282580527363,0.47255416666666666
0,0.0,closed,mi_class,37,0.0012329535970981575,0.06332814311813866,0.47255416666666666
0,0.0,closed,mi_class,38,0.00925374447221173,-0.004818719057129476,0.47255416666666666
0,0.0,closed,mi_class,39,0.10260885336705966,-0.3998446037930854,0.47255416666666666
0,0.0,closed,mi_class,40,0.01157068609926755,-0.09208525682819295,0.47255416666666666
0,0.0,closed,mi_class,41,-0.010546175935907764,0.003255165313348117,0.47255416666666666
0,0.0,closed,mi_class,42,-0.18283303002009021,0.6592500098420019,0.47255416666666666
0,0.0,closed,mi_class,43,0.1216251305515935,0.007940467376543428,0.47255416666666666
0,0.0,closed,mi_class,44,-0.016398398809966797,-0.4225056575597506,0.47255416666666666
0,0.0,closed,mi_class,45,0.008955304641116327,0.007746128479335632,0.47255416666666666
0,0.0,closed,mi_class,46,0.1796374177283242,-0.8191423812543607,0.47255416666666666
0,0.0,closed,mi_class,47,-0.007718363851677346,-0.7719625735115269,0.47255416666666666
0,0.0,closed,mi_class,48,0.0025775397330279884,-0.0020068552187495884,0.47255416666666666
0,0.0,closed,mi_class,49,-0.005130052401065722,0.001806872967303751,0.47255416666666666
0,0.0,closed,mi_class,50,0.00025631026114001114,0.0010827175284925505,0.47255416666666666
0,0.0,closed,mi_class,51,0.018982342630806212,-0.11092657482856094,0.47255416666666666
0,0.0,closed,mi_class,52,0.005657212451989762,-0.01342210990489247,0.47255416666666666
0,0.0,closed,mi_class,53,0.07533320853405179,-0.6061953186588154,0.47255416666666666
0,0.0,closed,mi_class,54,0.0021346680243287002,-0.002696131176732718,0.47255416666666666
0,0.0,closed,mi_class,55,0.056374689881199314,-0.20195434625751651,0.47255416666666666
0,0.0,closed,mi_class,56,-0.1087234917434049,0.5318069740065459,0.47255416666666666
0,0.0,closed,mi_class,57,0.0510517249927504,-0.14624558704537027,0.47255416666666666
0,0.0,closed,mi_class,58,-0.0012010511826723814,-0.005844258820730459,0.47255416666666666
0,0.0,closed,mi_class,59,-0.0906791339054569,0.19839683578516298,0.47255416666666666
0,0.0,closed,mi_class,60,-0.005934403160802815,-0.0013515467111684316,0.47255416666666666
0,0.0,closed,mi_class,61,-0.0074632565323161275,-0.005773981735409464,0.47255416666666666
0,0.0,closed,mi_class,62,0.002773216260525694,0.005877269855441107,0.47255416666666666
0,0.0,closed,mi_class,63,-0.01913765281472291,0.003313093743648175,0.47255416666666666
0,0.0,closed,mi_class,64,0.025030793765740827,-0.12730869200978276,0.47255416666666666
0,0.0,closed,mi_class,65,0.02587894926362111,-0.5943493366878366,0.47255416666666666
0,0.0,closed,mi_site,0,0.015857621878303918,0.47388756424424505,0.47255416666666666
0,0.0,closed,mi_site,1,0.010221192153023917,0.3216218490485956,0.47255416666666666
0,0.0,closed,mi_site,2,-0.0020512156890386546,-0.2528051546932474,0.47255416666666666
0,0.0,closed,mi_site,3,-0.01912963084311442,0.3040168215522606,0.47255416666666666
0,0.0,closed,mi_site,4,-0.023902512071620988,-0.011286669553135,0.47255416666666666
0,0.0,closed,mi_site,5,-0.06013798331431375,-0.7657296866172122,0.47255416666666666
0,0.0,closed,mi_site,6,0.07507749969884286,0.2547211829094428,0.47255416666666666
0,0.0,closed,mi_site,7,0.0019305335104182909,0.015299437310630512,0.47255416666666666
0,0.0,closed,mi_site,8,0.030302818732954873,0.46469041112316184,0.47255416666666666
0,0.0,closed,mi_site,9,-0.0035986864383313237,-0.0008464439080358207,0.47255416666666666
0,0.0,closed,mi_site,10,0.009276043157153913,0.3953462145820938,0.47255416666666666
0,0.0,closed,mi_site,11,0.012962669800626325,0.8372456607770079,0.47255416666666666
0,0.0,closed,mi_site,12,-0.0036173177769254217,0.07582540209772747,0.47255416666666666
0,0.0,closed,mi_site,13,-0.03525435445628744,-0.499721380550028,0.47255416666666666
0,0.0,closed,mi_site,14,0.004944423560279838,-0.0005633848167322635,0.47255416666666666
0,0.0,closed,mi_site,15,-0.023658360896145175,-0.24395328738019792,0.47255416666666666
0,0.0,closed,mi_site,16,0.021435172072743508,0.2378050027101847,0.47255416666666666
0,0.0,closed,mi_site,17,0.007261078073396692,0.008303143945476744,0.47255416666666666
0,0.0,closed,mi_site,18,0.00016352963967966594,-0.14787536970485718,0.47255416666666666
0,0.0,closed,mi_site,19,-0.015709821305761817,-0.4227220544754499,0.47255416666666666
0,0.0,closed,mi_site,20,0.001924732252040151,0.9390516932976462,0.47255416666666666
0,0.0,closed,mi_site,21,-0.03524607350637157,0.20500020179437367,0.47255416666666666
0,0.0,closed,mi_site,22,-0.018563805720303916,-0.3406178326139762,0.47255416666666666
0,0.0,closed,mi_site,23,0.029716178566861318,-0.21653045972198925,0.47255416666666666
0,0.0,closed,mi_site,24,-0.007796299721978317,-0.16595992415660146,0.47255416666666666
0,0.0,closed,mi_site,25,-0.02394897754134262,0.3096635171131712,0.47255416666666666
0,0.0,closed,mi_site,26,-0.002521449737262982,0.2875204783397313,0.47255416666666666
0,0.0,closed,mi_site,27,-0.0028370021112607002,-0.10317682903740963,0.47255416666666666
0,0.0,closed,mi_site,28,-0.038573558454522594,-0.6660509633382137,0.47255416666666666
0,0.0,closed,mi_site,29,0.019210074221224782,0.9167376769144714,0.47255416666666666
0,0.0,closed,mi_site,30,-0.012999857848491003,-0.35575360026436076,0.47255416666666666
0,0.0,closed,mi_site,31,0.017307222706117065,-0.7045491807928517,0.47255416666666666
0,0.0,closed,mi_site,32,0.0356017908694824,0.3327839984409817,0.47255416666666666
0,0.0,closed,mi_site,33,-0.015387372923086118,0.7773230355445839,0.47255416666666666
0,0.0,closed,mi_site,34,-0.020090027430883728,0.5446148552861705,0.47255416666666666
0,0.0,closed,mi_site,35,0.017450085309996366,-0.5535914019924406,0.47255416666666666
0,0.0,closed,mi_site,36,0.04484187717057502,-0.0035959282580527363,0.47255416666666666
0,0.0,closed,mi_site,37,-0.01546968902464814,0.06332814311813866,0.47255416666666666
0,0.0,closed,mi_site,38,-0.027970637076536187,-0.004818719057129476,0.47255416666666666
0,0.0,closed,mi_site,39,-0.011635162056312764,-0.3998446037930854,0.47255416666666666
0,0.0,closed,mi_site,40,0.019253475854359006,-0.09208525682819295,0.47255416666666666
0,0.0,closed,mi_site,41,-0.003411368397261196,0.003255165313348117,0.47255416666666666
0,0.0,closed,mi_site,42,0.04114034128866817,0.6592500098420019,0.47255416666666666
0,0.0,closed,mi_site,43,-0.01334203595009702,0.007940467376543428,0.47255416666666666
0,0.0,closed,mi_site,44,-0.01949116412297769,-0.4225056575597506,0.47255416666666666
0,0.0,closed,mi_site,45,0.02414207748354539,0.007746128479335632,0.47255416666666666
0,0.0,closed,mi_site,46,0.028130708798797976,-0.8191423812543607,0.47255416666666666
0,0.0,closed,mi_site,47,0.010661637030042415,-0.7719625735115269,0.47255416666666666
0,0.0,closed,mi_site,48,-0.05235566433598921,-0.0020068552187495884,0.47255416666666666
0,0.0,closed,mi_site,49,-0.011594287684612074,0.001806872967303751,0.47255416666666666
0,0.0,closed,mi_site,50,0.008186815587921344,0.0010827175284925505,0.47255416666666666
0,0.0,closed,mi_site,51,-0.05802211704668672,-0.11092657482856094,0.47255416666666666
0,0.0,closed,mi_site,52,0.00416582690271439,-0.01342210990489247,0.47255416666666666
0,0.0,closed,mi_site,53,-0.05782230607703209,-0.6061953186588154,0.47255416666666666
0,0.0,closed,mi_site,54,0.0027223389994513523,-0.002696131176732718,0.47255416666666666
0,0.0,closed,mi_site,55,-0.01709125402169387,-0.20195434625751651,0.47255416666666666
0,0.0,closed,mi_site,56,-0.040522995676541995,0.5318069740065459,0.47255416666666666
0,0.0,closed,mi_site,57,0.015520869466084303,-0.14624558704537027,0.47255416666666666
0,0.0,closed,mi_site,58,0.009615511877135576,-0.005844258820730459,0.47255416666666666
0,0.0,closed,mi_site,59,0.011199730104794359,0.19839683578516298,0.47255416666666666
0,0.0,closed,mi_site,60,-0.005670448313275346,-0.0013515467111684316,0.47255416666666666
0,0.0,closed,mi_site,61,-0.0076178294709970526,-0.005773981735409464,0.47255416666666666
0,0.0,closed,mi_site,62,0.00828763192796999,0.005877269855441107,0.47255416666666666
0,0.0,closed,mi_site,63,-0.013909787358726344,0.003313093743648175,0.47255416666666666
0,0.0,closed,mi_site,64,0.005048515265078463,-0.12730869200978276,0.47255416666666666
0,0.0,closed,mi_site,65,-0.026314988247674864,-0.5943493366878366,0.47255416666666666
0,1.0,aligned,available,0,-0.0032736488973800215,0.47022866964536275,0.47255416666666666
0,1.0,aligned,available,1,-0.01820912066979158,0.3192532543051419,0.47255416666666666
0,1.0,aligned,available,2,0.01266590772609949,-0.25279620859936125,0.47255416666666666
0,1.0,aligned,available,3,0.018345540713755826,0.30916990273788936,0.47255416666666666
0,1.0,aligned,available,4,-0.014519464873650908,-0.011584852027043922,0.47255416666666666
0,1.0,aligned,available,5,-0.005092704438339868,-0.7669375730175791,0.47255416666666666
0,1.0,aligned,available,6,0.014035529621031384,0.2486535342165807,0.47255416666666666
0,1.0,aligned,available,7,0.01526426227718966,0.01630998429958415,0.47255416666666666
0,1.0,aligned,available,8,-0.00033068609998626597,0.4684083939481538,0.47255416666666666
0,1.0,aligned,available,9,-0.007879349345169262,-0.0015920726605924622,0.47255416666666666
0,1.0,aligned,available,10,-0.008509436934636683,0.3924827595229905,0.47255416666666666
0,1.0,aligned,available,11,-0.0017646599974012744,0.8357147003581066,0.47255416666666666
0,1.0,aligned,available,12,-0.002062816692288569,0.07846112141947544,0.47255416666666666
0,1.0,aligned,available,13,0.006313583800466482,-0.49995343432416495,0.47255416666666666
0,1.0,aligned,available,14,0.00782817696977428,-0.002892943538397514,0.47255416666666666
0,1.0,aligned,available,15,-0.0011547709996910238,-0.23951245229529516,0.47255416666666666
0,1.0,aligned,available,16,-0.0076601568297995914,0.23658340015394436,0.47255416666666666
0,1.0,aligned,available,17,-0.001904070861820024,0.008850458099931256,0.47255416666666666
0,1.0,aligned,available,18,-0.012746932738773281,-0.15134241370950302,0.47255416666666666
0,1.0,aligned,available,19,-0.006304030226742696,-0.42224526429634723,0.47255416666666666
0,1.0,aligned,available,20,-0.0001962635123535783,0.9390843298128686,0.47255416666666666
0,1.0,aligned,available,21,-0.0013392144353975843,0.21206686581490633,0.47255416666666666
0,1.0,aligned,available,22,-0.0012743958581592496,-0.3395860211212372,0.47255416666666666
0,1.0,aligned,available,23,0.0024312368071698065,-0.22466624624801618,0.47255416666666666
0,1.0,aligned,available,24,0.004220054144956298,-0.16330652760362324,0.47255416666666666
0,1.0,aligned,available,25,-0.013806616942543981,0.3147298659284564,0.47255416666666666
0,1.0,aligned,available,26,0.0023112483204295042,0.29416585424527525,0.47255416666666666
0,1.0,aligned,available,27,-0.010472490900580222,-0.10398527836751012,0.47255416666666666
0,1.0,aligned,available,28,0.0004359390427020049,-0.6645740706414511,0.47255416666666666
0,1.0,aligned,available,29,-0.00018952480073608502,0.9151483764018061,0.47255416666666666
0,1.0,aligned,available,30,-0.0158383063785979,-0.35735184908056095,0.47255416666666666
0,1.0,aligned,available,31,0.014786106943582733,-0.7086222579048249,0.47255416666666666
0,1.0,aligned,available,32,0.005427487800671482,0.3335261142498474,0.47255416666666666
0,1.0,aligned,available,33,-0.007967156224391148,0.7824100275873748,0.47255416666666666
0,1.0,aligned,available,34,0.0008441710561620797,0.5503875606772336,0.47255416666666666
0,1.0,aligned,available,35,-0.009638484379992818,-0.5501320098151626,0.47255416666666666
0,1.0,aligned,available,36,0.02494024889672402,-0.003963861368170571,0.47255416666666666
0,1.0,aligned,available,37,0.011073389771435502,0.06610636781105343,0.47255416666666666
0,1.0,aligned,available,38,0.0015190992252796483,-0.002808513566917689,0.47255416666666666
0,1.0,aligned,available,39,-0.008960229076031057,-0.4063655485694959,0.47255416666666666
0,1.0,aligned,available,40,0.007483163378139174,-0.09450342663557768,0.47255416666666666
0,1.0,aligned,available,41,-0.009400196708315803,0.0037661402744475084,0.47255416666666666
0,1.0,aligned,available,42,0.009300122414381384,0.6649763912651776,0.47255416666666666
0,1.0,aligned,available,43,0.005233353154898195,0.006809829430627067,0.47255416666666666
0,1.0,aligned,available,44,0.009041492248398897,-0.4225787157998219,0.47255416666666666
0,1.0,aligned,available,45,0.0017742116416454966,0.007301641743322472,0.47255416666666666
0,1.0,aligned,available,46,-0.0045780331836174915,-0.8234900927735043,0.47255416666666666
0,1.0,aligned,available,47,0.0027250518367268883,-0.7754005855262643,0.47255416666666666
0,1.0,aligned,available,48,-0.0008881612614015427,-0.0016084285156988127,0.47255416666666666
0,1.0,aligned,available,49,0.0022501280760983794,0.003207066192494784,0.47255416666666666
0,1.0,aligned,available,50,0.0016034648278077104,-0.0017843250914661708,0.47255416666666666
0,1.0,aligned,available,51,-0.002589416250276297,-0.10570660422381829,0.47255416666666666
0,1.0,aligned,available,52,-0.0048622127760752955,-0.014059498925402609,0.47255416666666666
0,1.0,aligned,available,53,0.0034748984387307225,-0.6107909709861198,0.47255416666666666
0,1.0,aligned,available,54,-0.0068593965426569405,-0.0017119144961586597,0.47255416666666666
0,1.0,aligned,available,55,-0.0009885786331262358,-0.1984423384833492,0.47255416666666666
0,1.0,aligned,available,56,0.006638699386251945,0.5391712599638051,0.47255416666666666
0,1.0,aligned,available,57,0.004174065167347807,-0.14696261949026468,0.47255416666666666
0,1.0,aligned,available,58,-0.004531595941907818,-0.0069573629777050375,0.47255416666666666
0,1.0,aligned,available,59,-0.009971003604177742,0.1981890586070845,0.47255416666666666
0,1.0,aligned,available,60,0.0002493874197626138,0.00118221843819481,0.47255416666666666
0,1.0,aligned,available,61,0.016579848883582844,-0.006425202080630385,0.47255416666666666
0,1.0,aligned,available,62,-0.0007067566054449175,0.006902013747932115,0.47255416666666666
0,1.0,aligned,available,63,-0.009680522857762226,0.0016398352875964537,0.47255416666666666
0,1.0,aligned,available,64,-0.00045965544278225856,-0.12992251933677249,0.47255416666666666
0,1.0,aligned,available,65,-0.006036144035452384,-0.5939368122404984,0.47255416666666666
0,1.0,aligned,mi_obs,0,0.010881740169451759,0.47022866964536275,0.47255416666666666
0,1.0,aligned,mi_obs,1,0.0017700895169300845,0.3192532543051419,0.47255416666666666
0,1.0,aligned,mi_obs,2,-0.00750740041933462,-0.25279620859936125,0.47255416666666666
0,1.0,aligned,mi_obs,3,-2.7536724704180227e-05,0.30916990273788936,0.47255416666666666
0,1.0,aligned,mi_obs,4,-0.03690821896739061,-0.011584852027043922,0.47255416666666666
0,1.0,aligned,mi_obs,5,-0.06565370267098947,-0.7669375730175791,0.47255416666666666
0,1.0,aligned,mi_obs,6,0.0870398078401649,0.2486535342165807,0.47255416666666666
0,1.0,aligned,mi_obs,7,0.0033317112413481856,0.01630998429958415,0.47255416666666666
0,1.0,aligned,mi_obs,8,0.03054235639059144,0.4684083939481538,0.47255416666666666
0,1.0,aligned,mi_obs,9,0.0006801725612819664,-0.0015920726605924622,0.47255416666666666
0,1.0,aligned,mi_obs,10,0.006483425905713214,0.3924827595229905,0.47255416666666666
0,1.0,aligned,mi_obs,11,0.010930320294019635,0.8357147003581066,0.47255416666666666
0,1.0,aligned,mi_obs,12,0.009743685044316455,0.07846112141947544,0.47255416666666666
0,1.0,aligned,mi_obs,13,-0.029366474014205446,-0.49995343432416495,0.47255416666666666
0,1.0,aligned,mi_obs,14,-0.0032062544700672863,-0.002892943538397514,0.47255416666666666
0,1.0,aligned,mi_obs,15,-0.022411243526806512,-0.23951245229529516,0.47255416666666666
0,1.0,aligned,mi_obs,16,0.02916212328487172,0.23658340015394436,0.47255416666666666
0,1.0,aligned,mi_obs,17,-0.00554141636298865,0.008850458099931256,0.47255416666666666
0,1.0,aligned,mi_obs,18,-0.009871077544626988,-0.15134241370950302,0.47255416666666666
0,1.0,aligned,mi_obs,19,-0.018643220166760788,-0.42224526429634723,0.47255416666666666
0,1.0,aligned,mi_obs,20,0.0023930189989653794,0.9390843298128686,0.47255416666666666
0,1.0,aligned,mi_obs,21,0.002633727736834679,0.21206686581490633,0.47255416666666666
0,1.0,aligned,mi_obs,22,-0.02459585959683286,-0.3395860211212372,0.47255416666666666
0,1.0,aligned,mi_obs,23,0.019581284816174827,-0.22466624624801618,0.47255416666666666
0,1.0,aligned,mi_obs,24,-0.011514720858884525,-0.16330652760362324,0.47255416666666666
0,1.0,aligned,mi_obs,25,-0.018118159017989577,0.3147298659284564,0.47255416666666666
0,1.0,aligned,mi_obs,26,-0.009274545725159677,0.29416585424527525,0.47255416666666666
0,1.0,aligned,mi_obs,27,-0.0151000446965983,-0.10398527836751012,0.47255416666666666
0,1.0,aligned,mi_obs,28,-0.03742149203539813,-0.6645740706414511,0.47255416666666666
0,1.0,aligned,mi_obs,29,0.02048532254063129,0.9151483764018061,0.47255416666666666
0,1.0,aligned,mi_obs,30,-0.015624755621582609,-0.35735184908056095,0.47255416666666666
0,1.0,aligned,mi_obs,31,0.002143841324918294,-0.7086222579048249,0.47255416666666666
0,1.0,aligned,mi_obs,32,0.0343368130099963,0.3335261142498474,0.47255416666666666
0,1.0,aligned,mi_obs,33,-0.020021083200884027,0.7824100275873748,0.47255416666666666
0,1.0,aligned,mi_obs,34,0.028091752308329276,0.5503875606772336,0.47255416666666666
0,1.0,aligned,mi_obs,35,0.05940332725064584,-0.5501320098151626,0.47255416666666666
0,1.0,aligned,mi_obs,36,0.018785487136144658,-0.003963861368170571,0.47255416666666666
0,1.0,aligned,mi_obs,37,-0.0004797606925425191,0.06610636781105343,0.47255416666666666
0,1.0,aligned,mi_obs,38,-0.02430710606332403,-0.002808513566917689,0.47255416666666666
0,1.0,aligned,mi_obs,39,-0.03045611880395377,-0.4063655485694959,0.47255416666666666
0,1.0,aligned,mi_obs,40,0.01977391064066955,-0.09450342663557768,0.47255416666666666
0,1.0,aligned,mi_obs,41,-0.00945112071212932,0.0037661402744475084,0.47255416666666666
0,1.0,aligned,mi_obs,42,0.0601224200866497,0.6649763912651776,0.47255416666666666
0,1.0,aligned,mi_obs,43,-0.018325886959526486,0.006809829430627067,0.47255416666666666
0,1.0,aligned,mi_obs,44,-0.011277783961947063,-0.4225787157998219,0.47255416666666666
0,1.0,aligned,mi_obs,45,0.03217672151210995,0.007301641743322472,0.47255416666666666
0,1.0,aligned,mi_obs,46,0.02728350733525342,-0.8234900927735043,0.47255416666666666
0,1.0,aligned,mi_obs,47,0.006868920357101516,-0.7754005855262643,0.47255416666666666
0,1.0,aligned,mi_obs,48,-0.05980415786789268,-0.0016084285156988127,0.47255416666666666
0,1.0,aligned,mi_obs,49,-0.008330289058644854,0.003207066192494784,0.47255416666666666
0,1.0,aligned,mi_obs,50,0.0007472868944362345,-0.0017843250914661708,0.47255416666666666
0,1.0,aligned,mi_obs,51,-0.06154060156371739,-0.10570660422381829,0.47255416666666666
0,1.0,aligned,mi_obs,52,-0.007442443094276711,-0.014059498925402609,0.47255416666666666
0,1.0,aligned,mi_obs,53,-0.07450076531130634,-0.6107909709861198,0.47255416666666666
0,1.0,aligned,mi_obs,54,-0.0053467045280554655,-0.0017119144961586597,0.47255416666666666
0,1.0,aligned,mi_obs,55,-0.018144887778279828,-0.1984423384833492,0.47255416666666666
0,1.0,aligned,mi_obs,56,-0.04342585028646717,0.5391712599638051,0.47255416666666666
0,1.0,aligned,mi_obs,57,0.022366784778813223,-0.14696261949026468,0.47255416666666666
0,1.0,aligned,mi_obs,58,0.015806793743199887,-0.0069573629777050375,0.47255416666666666
0,1.0,aligned,mi_obs,59,0.019043036314242895,0.1981890586070845,0.47255416666666666
0,1.0,aligned,mi_obs,60,-0.012805084931809287,0.00118221843819481,0.47255416666666666
0,1.0,aligned,mi_obs,61,0.015069596112611598,-0.006425202080630385,0.47255416666666666
0,1.0,aligned,mi_obs,62,-0.005471508248196086,0.006902013747932115,0.47255416666666666
0,1.0,aligned,mi_obs,63,-0.0037696725607619065,0.0016398352875964537,0.47255416666666666
0,1.0,aligned,mi_obs,64,0.00235055939806747,-0.12992251933677249,0.47255416666666666
0,1.0,aligned,mi_obs,65,-0.02950877217866099,-0.5939368122404984,0.47255416666666666
0,1.0,aligned,mi_class,0,-0.07911056936904592,0.47022866964536275,0.47255416666666666
0,1.0,aligned,mi_class,1,-0.07108978719844017,0.3192532543051419,0.47255416666666666
0,1.0,aligned,mi_class,2,0.034707996670593405,-0.25279620859936125,0.47255416666666666
0,1.0,aligned,mi_class,3,-0.09727133748138606,0.30916990273788936,0.47255416666666666
0,1.0,aligned,mi_class,4,-0.0034767344997751453,-0.011584852027043922,0.47255416666666666
0,1.0,aligned,mi_class,5,0.1715543082100236,-0.7669375730175791,0.47255416666666666
0,1.0,aligned,mi_class,6,-0.04789302287062741,0.2486535342165807,0.47255416666666666
0,1.0,aligned,mi_class,7,0.005449468624752773,0.01630998429958415,0.47255416666666666
0,1.0,aligned,mi_class,8,0.0023807350121917703,0.4684083939481538,0.47255416666666666
0,1.0,aligned,mi_class,9,0.006092571273098037,-0.0015920726605924622,0.47255416666666666
0,1.0,aligned,mi_class,10,-0.03077738016944981,0.3924827595229905,0.47255416666666666
0,1.0,aligned,mi_class,11,-0.13662374355905027,0.8357147003581066,0.47255416666666666
0,1.0,aligned,mi_class,12,-0.011942204031638731,0.07846112141947544,0.47255416666666666
0,1.0,aligned,mi_class,13,0.38557818470824257,-0.49995343432416495,0.47255416666666666
0,1.0,aligned,mi_class,14,0.0083569721347984,-0.002892943538397514,0.47255416666666666
0,1.0,aligned,mi_class,15,0.07078612211996313,-0.23951245229529516,0.47255416666666666
0,1.0,aligned,mi_class,16,-0.025366925583695632,0.23658340015394436,0.47255416666666666
0,1.0,aligned,mi_class,17,-0.006189668223877363,0.008850458099931256,0.47255416666666666
0,1.0,aligned,mi_class,18,0.011725217952170353,-0.15134241370950302,0.47255416666666666
0,1.0,aligned,mi_class,19,0.03159874512972738,-0.42224526429634723,0.47255416666666666
0,1.0,aligned,mi_class,20,-0.08022231149512316,0.9390843298128686,0.47255416666666666
0,1.0,aligned,mi_class,21,-0.026584840891489825,0.21206686581490633,0.47255416666666666
0,1.0,aligned,mi_class,22,0.3765662325746392,-0.3395860211212372,0.47255416666666666
0,1.0,aligned,mi_class,23,0.11348439960109148,-0.22466624624801618,0.47255416666666666
0,1.0,aligned,mi_class,24,0.08164719804340642,-0.16330652760362324,0.47255416666666666
0,1.0,aligned,mi_class,25,-0.1045291271777471,0.3147298659284564,0.47255416666666666
0,1.0,aligned,mi_class,26,-0.14611168461905272,0.29416585424527525,0.47255416666666666
0,1.0,aligned,mi_class,27,0.023106234539208292,-0.10398527836751012,0.47255416666666666
0,1.0,aligned,mi_class,28,0.10150166642905734,-0.6645740706414511,0.47255416666666666
0,1.0,aligned,mi_class,29,-0.14217328607635749,0.9151483764018061,0.47255416666666666
0,1.0,aligned,mi_class,30,0.13294946584240266,-0.35735184908056095,0.47255416666666666
0,1.0,aligned,mi_class,31,0.13223633192683193,-0.7086222579048249,0.47255416666666666
0,1.0,aligned,mi_class,32,-0.053061683482610256,0.3335261142498474,0.47255416666666666
0,1.0,aligned,mi_class,33,-0.20306847970465192,0.7824100275873748,0.47255416666666666
0,1.0,aligned,mi_class,34,-0.0859920853341603,0.5503875606772336,0.47255416666666666
0,1.0,aligned,mi_class,35,-0.046505964777170505,-0.5501320098151626,0.47255416666666666
0,1.0,aligned,mi_class,36,-0.08958263541885157,-0.003963861368170571,0.47255416666666666
0,1.0,aligned,mi_class,37,0.002292125638682363,0.06610636781105343,0.47255416666666666
0,1.0,aligned,mi_class,38,-0.003954594148062488,-0.002808513566917689,0.47255416666666666
0,1.0,aligned,mi_class,39,0.09510149510688842,-0.4063655485694959,0.47255416666666666
0,1.0,aligned,mi_class,40,0.2006182944224868,-0.09450342663557768,0.47255416666666666
0,1.0,aligned,mi_class,41,0.0018479363220621856,0.0037661402744475084,0.47255416666666666
0,1.0,aligned,mi_class,42,-0.2580538373857424,0.6649763912651776,0.47255416666666666
0,1.0,aligned,mi_class,43,-0.08442169094736886,0.006809829430627067,0.47255416666666666
0,1.0,aligned,mi_class,44,0.3476348754555069,-0.4225787157998219,0.47255416666666666
0,1.0,aligned,mi_class,45,0.004634018455070209,0.007301641743322472,0.47255416666666666
0,1.0,aligned,mi_class,46,0.07822125940331615,-0.8234900927735043,0.47255416666666666
0,1.0,aligned,mi_class,47,-0.00883005693689698,-0.7754005855262643,0.47255416666666666
0,1.0,aligned,mi_class,48,-0.01613212560251519,-0.0016084285156988127,0.47255416666666666
0,1.0,aligned,mi_class,49,-0.004344770716151605,0.003207066192494784,0.47255416666666666
0,1.0,aligned,mi_class,50,0.00536044843583733,-0.0017843250914661708,0.47255416666666666
0,1.0,aligned,mi_class,51,0.006682016542296373,-0.10570660422381829,0.47255416666666666
0,1.0,aligned,mi_class,52,-0.014455006285036265,-0.014059498925402609,0.47255416666666666
0,1.0,aligned,mi_class,53,0.08484191627866955,-0.6107909709861198,0.47255416666666666
0,1.0,aligned,mi_class,54,-0.001574526327627916,-0.0017119144961586597,0.47255416666666666
0,1.0,aligned,mi_class,55,0.0521202993784223,-0.1984423384833492,0.47255416666666666
0,1.0,aligned,mi_class,56,-0.03844696461632868,0.5391712599638051,0.47255416666666666
0,1.0,aligned,mi_class,57,0.005494718174400837,-0.14696261949026468,0.47255416666666666
0,1.0,aligned,mi_class,58,-0.015627585149529936,-0.0069573629777050375,0.47255416666666666
0,1.0,aligned,mi_class,59,-0.0062041784261818445,0.1981890586070845,0.47255416666666666
0,1.0,aligned,mi_class,60,0.021901087974883143,0.00118221843819481,0.47255416666666666
0,1.0,aligned,mi_class,61,0.00913387420239433,-0.006425202080630385,0.47255416666666666
0,1.0,aligned,mi_class,62,-0.0033676896147876055,0.006902013747932115,0.47255416666666666
0,1.0,aligned,mi_class,63,-0.0028671816962033813,0.0016398352875964537,0.47255416666666666
0,1.0,aligned,mi_class,64,0.015438896945757646,-0.12992251933677249,0.47255416666666666
0,1.0,aligned,mi_class,65,0.04292337757856757,-0.5939368122404984,0.47255416666666666
0,1.0,aligned,mi_site,0,-0.022991646172337732,0.47022866964536275,0.47255416666666666
0,1.0,aligned,mi_site,1,-0.04193554768582641,0.3192532543051419,0.47255416666666666
0,1.0,aligned,mi_site,2,0.06680060433689403,-0.25279620859936125,0.47255416666666666
0,1.0,aligned,mi_site,3,-0.009219290740937303,0.30916990273788936,0.47255416666666666
0,1.0,aligned,mi_site,4,0.001398750211720902,-0.011584852027043922,0.47255416666666666
0,1.0,aligned,mi_site,5,0.00974294854081792,-0.7669375730175791,0.47255416666666666
0,1.0,aligned,mi_site,6,0.02253787036041288,0.2486535342165807,0.47255416666666666
0,1.0,aligned,mi_site,7,-0.01336199084215019,0.01630998429958415,0.47255416666666666
0,1.0,aligned,mi_site,8,-0.011795729855252679,0.4684083939481538,0.47255416666666666
0,1.0,aligned,mi_site,9,-0.006852902075777167,-0.0015920726605924622,0.47255416666666666
0,1.0,aligned,mi_site,10,-0.02869750003100885,0.3924827595229905,0.47255416666666666
0,1.0,aligned,mi_site,11,-0.06872893322744111,0.8357147003581066,0.47255416666666666
0,1.0,aligned,mi_site,12,-0.008293896493719616,0.07846112141947544,0.47255416666666666
0,1.0,aligned,mi_site,13,0.022204735565958478,-0.49995343432416495,0.47255416666666666
0,1.0,aligned,mi_site,14,0.024716368109227498,-0.002892943538397514,0.47255416666666666
0,1.0,aligned,mi_site,15,-0.01195128510053578,-0.23951245229529516,0.47255416666666666
0,1.0,aligned,mi_site,16,0.006329179821796593,0.23658340015394436,0.47255416666666666
0,1.0,aligned,mi_site,17,-0.02510819414686806,0.008850458099931256,0.47255416666666666
0,1.0,aligned,mi_site,18,-0.0026504043906290797,-0.15134241370950302,0.47255416666666666
0,1.0,aligned,mi_site,19,0.054156801093722506,-0.42224526429634723,0.47255416666666666
0,1.0,aligned,mi_site,20,-0.03459129587922882,0.9390843298128686,0.47255416666666666
0,1.0,aligned,mi_site,21,-0.010927708137659142,0.21206686581490633,0.47255416666666666
0,1.0,aligned,mi_site,22,0.00877855470556016,-0.3395860211212372,0.47255416666666666
0,1.0,aligned,mi_site,23,0.03833875593685926,-0.22466624624801618,0.47255416666666666
0,1.0,aligned,mi_site,24,-0.00814075537546688,-0.16330652760362324,0.47255416666666666
0,1.0,aligned,mi_site,25,-0.026753848145970427,0.3147298659284564,0.47255416666666666
0,1.0,aligned,mi_site,26,-0.01603399216948892,0.29416585424527525,0.47255416666666666
0,1.0,aligned,mi_site,27,-0.010564486610682267,-0.10398527836751012,0.47255416666666666
0,1.0,aligned,mi_site,28,0.07518264009414388,-0.6645740706414511,0.47255416666666666
0,1.0,aligned,mi_site,29,-0.0521024078420137,0.9151483764018061,0.47255416666666666
0,1.0,aligned,mi_site,30,0.03169129467228887,-0.35735184908056095,0.47255416666666666
0,1.0,aligned,mi_site,31,0.08803510021942995,-0.7086222579048249,0.47255416666666666
0,1.0,aligned,mi_site,32,-0.010290195677675418,0.3335261142498474,0.47255416666666666
0,1.0,aligned,mi_site,33,-0.0627560241531433,0.7824100275873748,0.47255416666666666
0,1.0,aligned,mi_site,34,-0.045468416426573954,0.5503875606772336,0.47255416666666666
0,1.0,aligned,mi_site,35,0.09261788035108215,-0.5501320098151626,0.47255416666666666
0,1.0,aligned,mi_site,36,4.7349986429736854e-05,-0.003963861368170571,0.47255416666666666
0,1.0,aligned,mi_site,37,-0.005264177553387553,0.06610636781105343,0.47255416666666666
0,1.0,aligned,mi_site,38,-0.019554900714073974,-0.002808513566917689,0.47255416666666666
0,1.0,aligned,mi_site,39,-0.010672479095501564,-0.4063655485694959,0.47255416666666666
0,1.0,aligned,mi_site,40,-0.00020208652459310916,-0.09450342663557768,0.47255416666666666
0,1.0,aligned,mi_site,41,0.001500625351096651,0.0037661402744475084,0.47255416666666666
0,1.0,aligned,mi_site,42,0.048156213550615945,0.6649763912651776,0.47255416666666666
0,1.0,aligned,mi_site,43,-0.0174363893225771,0.006809829430627067,0.47255416666666666
0,1.0,aligned,mi_site,44,0.00486783065633406,-0.4225787157998219,0.47255416666666666
0,1.0,aligned,mi_site,45,0.0029793983932415204,0.007301641743322472,0.47255416666666666
0,1.0,aligned,mi_site,46,0.03943705701632938,-0.8234900927735043,0.47255416666666666
0,1.0,aligned,mi_site,47,0.021000703361242934,-0.7754005855262643,0.47255416666666666
0,1.0,aligned,mi_site,48,-0.03590864208618863,-0.0016084285156988127,0.47255416666666666
0,1.0,aligned,mi_site,49,0.0025285538053880763,0.003207066192494784,0.47255416666666666
0,1.0,aligned,mi_site,50,0.015006775439139418,-0.0017843250914661708,0.47255416666666666
0,1.0,aligned,mi_site,51,-0.02283860732175784,-0.10570660422381829,0.47255416666666666
0,1.0,aligned,mi_site,52,0.0012757495071434848,-0.014059498925402609,0.47255416666666666
0,1.0,aligned,mi_site,53,-0.06421396197681328,-0.6107909709861198,0.47255416666666666
0,1.0,aligned,mi_site,54,0.008331874979370798,-0.0017119144961586597,0.47255416666666666
0,1.0,aligned,mi_site,55,-0.01500200007452876,-0.1984423384833492,0.47255416666666666
0,1.0,aligned,mi_site,56,-0.027781288416670158,0.5391712599638051,0.47255416666666666
0,1.0,aligned,mi_site,57,0.001755483621118742,-0.14696261949026468,0.47255416666666666
0,1.0,aligned,mi_site,58,0.007067848463497414,-0.0069573629777050375,0.47255416666666666
0,1.0,aligned,mi_site,59,0.00844311142917073,0.1981890586070845,0.47255416666666666
0,1.0,aligned,mi_site,60,0.0008782489159855833,0.00118221843819481,0.47255416666666666
0,1.0,aligned,mi_site,61,0.0038802803574200357,-0.006425202080630385,0.47255416666666666
0,1.0,aligned,mi_site,62,-0.013122912924730683,0.006902013747932115,0.47255416666666666
0,1.0,aligned,mi_site,63,-0.0033291284900151107,0.0016398352875964537,0.47255416666666666
0,1.0,aligned,mi_site,64,-0.0006820512849975424,-0.12992251933677249,0.47255416666666666
0,1.0,aligned,mi_site,65,0.064855270938866,-0.5939368122404984,0.47255416666666666
0,1.0,closed,available,0,0.00959386655327793,0.47022866964536275,0.47255416666666666
0,1.0,closed,available,1,-0.003687082343894643,0.3192532543051419,0.47255416666666666
0,1.0,closed,available,2,-0.010588997662963784,-0.25279620859936125,0.47255416666666666
0,1.0,closed,available,3,-0.024934805423881545,0.30916990273788936,0.47255416666666666
0,1.0,closed,available,4,-0.002091952551263144,-0.011584852027043922,0.47255416666666666
0,1.0,closed,available,5,0.005036403113199528,-0.7669375730175791,0.47255416666666666
0,1.0,closed,available,6,0.00031530168246804435,0.2486535342165807,0.47255416666666666
0,1.0,closed,available,7,0.0006686388878025737,0.01630998429958415,0.47255416666666666
0,1.0,closed,available,8,-0.00756566481711507,0.4684083939481538,0.47255416666666666
0,1.0,closed,available,9,-0.011806574834129736,-0.0015920726605924622,0.47255416666666666
0,1.0,closed,available,10,0.008365153151920657,0.3924827595229905,0.47255416666666666
0,1.0,closed,available,11,-0.005158632855396195,0.8357147003581066,0.47255416666666666
0,1.0,closed,available,12,-0.01594642624474299,0.07846112141947544,0.47255416666666666
0,1.0,closed,available,13,-0.018174496787805805,-0.49995343432416495,0.47255416666666666
0,1.0,closed,available,14,0.003864059639726712,-0.002892943538397514,0.47255416666666666
0,1.0,closed,available,15,0.012227904704095127,-0.23951245229529516,0.47255416666666666
0,1.0,closed,available,16,0.0011090918205597655,0.23658340015394436,0.47255416666666666
0,1.0,closed,available,17,0.0008929504905725826,0.008850458099931256,0.47255416666666666
0,1.0,closed,available,18,-0.0012926504463356414,-0.15134241370950302,0.47255416666666666
0,1.0,closed,available,19,-0.0015313295566153906,-0.42224526429634723,0.47255416666666666
0,1.0,closed,available,20,-1.524685718012897e-06,0.9390843298128686,0.47255416666666666
0,1.0,closed,available,21,-0.03468780413384975,0.21206686581490633,0.47255416666666666
0,1.0,closed,available,22,-0.01828040570931372,-0.3395860211212372,0.47255416666666666
0,1.0,closed,available,23,-0.008834965554040397,-0.22466624624801618,0.47255416666666666
0,1.0,closed,available,24,0.0032699853512601074,-0.16330652760362324,0.47255416666666666
0,1.0,closed,available,25,0.0025203906535192777,0.3147298659284564,0.47255416666666666
0,1.0,closed,available,26,0.020505508522678573,0.29416585424527525,0.47255416666666666
0,1.0,closed,available,27,0.004177711585093613,-0.10398527836751012,0.47255416666666666
0,1.0,closed,available,28,0.0073327470589831245,-0.6645740706414511,0.47255416666666666
0,1.0,closed,available,29,-0.0034479953674252384,0.9151483764018061,0.47255416666666666
0,1.0,closed,available,30,0.012307853302695515,-0.35735184908056095,0.47255416666666666
0,1.0,closed,available,31,0.014070984564602096,-0.7086222579048249,0.47255416666666666
0,1.0,closed,available,32,0.017593379933841913,0.3335261142498474,0.47255416666666666
0,1.0,closed,available,33,-0.006934303235270001,0.7824100275873748,0.47255416666666666
0,1.0,closed,available,34,0.0019082629487520153,0.5503875606772336,0.47255416666666666
0,1.0,closed,available,35,0.0009805006980266873,-0.5501320098151626,0.47255416666666666
0,1.0,closed,available,36,0.007371595677365308,-0.003963861368170571,0.47255416666666666
0,1.0,closed,available,37,-0.017590373586819225,0.06610636781105343,0.47255416666666666
0,1.0,closed,available,38,0.0029096900135011025,-0.002808513566917689,0.47255416666666666
0,1.0,closed,available,39,0.0072801423841822865,-0.4063655485694959,0.47255416666666666
0,1.0,closed,available,40,-0.0078773093183266,-0.09450342663557768,0.47255416666666666
0,1.0,closed,available,41,-0.009565908986215284,0.0037661402744475084,0.47255416666666666
0,1.0,closed,available,42,0.0045104101858037815,0.6649763912651776,0.47255416666666666
0,1.0,closed,available,43,0.004140827716151985,0.006809829430627067,0.47255416666666666
0,1.0,closed,available,44,-0.016949137358286903,-0.4225787157998219,0.47255416666666666
0,1.0,closed,available,45,-0.004337724255536237,0.007301641743322472,0.47255416666666666
0,1.0,closed,available,46,1.4748454254753796e-05,-0.8234900927735043,0.47255416666666666
0,1.0,closed,available,47,-0.0070575644581841734,-0.7754005855262643,0.47255416666666666
0,1.0,closed,available,48,0.013112768343061918,-0.0016084285156988127,0.47255416666666666
0,1.0,closed,available,49,-0.008052960825463256,0.003207066192494784,0.47255416666666666
0,1.0,closed,available,50,0.003946935232973651,-0.0017843250914661708,0.47255416666666666
0,1.0,closed,available,51,0.011907987750575971,-0.10570660422381829,0.47255416666666666
0,1.0,closed,available,52,0.004035767545295145,-0.014059498925402609,0.47255416666666666
0,1.0,closed,available,53,0.007738148732156835,-0.6107909709861198,0.47255416666666666
0,1.0,closed,available,54,0.010108679940232358,-0.0017119144961586597,0.47255416666666666
0,1.0,closed,available,55,0.005766962975417206,-0.1984423384833492,0.47255416666666666
0,1.0,closed,available,56,0.007895710722776172,0.5391712599638051,0.47255416666666666
0,1.0,closed,available,57,-0.021034620856994063,-0.14696261949026468,0.47255416666666666
0,1.0,closed,available,58,0.007846779742327583,-0.0069573629777050375,0.47255416666666666
0,1.0,closed,available,59,-0.0003777820120848818,0.1981890586070845,0.47255416666666666
0,1.0,closed,available,60,0.009331448906723418,0.00118221843819481,0.47255416666666666
0,1.0,closed,available,61,-0.003672243519706836,-0.006425202080630385,0.47255416666666666
0,1.0,closed,available,62,-0.0010665208233951859,0.006902013747932115,0.47255416666666666
0,1.0,closed,available,63,-0.015439741248561008,0.0016398352875964537,0.47255416666666666
0,1.0,closed,available,64,0.001668409936078169,-0.12992251933677249,0.47255416666666666
0,1.0,closed,available,65,0.005201391994109739,-0.5939368122404984,0.47255416666666666
0,1.0,closed,mi_obs,0,0.022822408943416195,0.47022866964536275,0.47255416666666666
0,1.0,closed,mi_obs,1,0.01602169650765406,0.3192532543051419,0.47255416666666666
0,1.0,closed,mi_obs,2,0.014479673540581772,-0.25279620859936125,0.47255416666666666
0,1.0,closed,mi_obs,3,-0.024110019783286918,0.30916990273788936,0.47255416666666666
0,1.0,closed,mi_obs,4,-0.028816425427411405,-0.011584852027043922,0.47255416666666666
0,1.0,closed,mi_obs,5,-0.05927642828595214,-0.7669375730175791,0.47255416666666666
0,1.0,closed,mi_obs,6,0.07807301410254935,0.2486535342165807,0.47255416666666666
0,1.0,closed,mi_obs,7,0.011402084826343438,0.01630998429958415,0.47255416666666666
0,1.0,closed,mi_obs,8,0.019653573986751938,0.4684083939481538,0.47255416666666666
0,1.0,closed,mi_obs,9,-0.004725282031348517,-0.0015920726605924622,0.47255416666666666
0,1.0,closed,mi_obs,10,0.018816389436616232,0.3924827595229905,0.47255416666666666
0,1.0,closed,mi_obs,11,0.012604512045954919,0.8357147003581066,0.47255416666666666
0,1.0,closed,mi_obs,12,0.026298458725320675,0.07846112141947544,0.47255416666666666
0,1.0,closed,mi_obs,13,-0.04053886881396451,-0.49995343432416495,0.47255416666666666
0,1.0,closed,mi_obs,14,4.412782115547102e-05,-0.002892943538397514,0.47255416666666666
0,1.0,closed,mi_obs,15,-0.019885636444367416,-0.23951245229529516,0.47255416666666666
0,1.0,closed,mi_obs,16,0.030590974417347316,0.23658340015394436,0.47255416666666666
0,1.0,closed,mi_obs,17,0.0020382223638264873,0.008850458099931256,0.47255416666666666
0,1.0,closed,mi_obs,18,-0.016642866088478425,-0.15134241370950302,0.47255416666666666
0,1.0,closed,mi_obs,19,-0.015668708055913638,-0.42224526429634723,0.47255416666666666
0,1.0,closed,mi_obs,20,0.0027713444022732237,0.9390843298128686,0.47255416666666666
0,1.0,closed,mi_obs,21,0.017870615785263888,0.21206686581490633,0.47255416666666666
0,1.0,closed,mi_obs,22,-0.02962468897316839,-0.3395860211212372,0.47255416666666666
0,1.0,closed,mi_obs,23,0.010589788996034355,-0.22466624624801618,0.47255416666666666
0,1.0,closed,mi_obs,24,-0.015115392313070797,-0.16330652760362324,0.47255416666666666
0,1.0,closed,mi_obs,25,-0.001070563055873719,0.3147298659284564,0.47255416666666666
0,1.0,closed,mi_obs,26,0.006241928444425837,0.29416585424527525,0.47255416666666666
0,1.0,closed,mi_obs,27,-0.019361933973018136,-0.10398527836751012,0.47255416666666666
0,1.0,closed,mi_obs,28,-0.03959401567134657,-0.6645740706414511,0.47255416666666666
0,1.0,closed,mi_obs,29,0.018560627208180525,0.9151483764018061,0.47255416666666666
0,1.0,closed,mi_obs,30,-0.005212987786333445,-0.35735184908056095,0.47255416666666666
0,1.0,closed,mi_obs,31,-0.002027904522517665,-0.7086222579048249,0.47255416666666666
0,1.0,closed,mi_obs,32,0.034403969439329385,0.3335261142498474,0.47255416666666666
0,1.0,closed,mi_obs,33,-0.0003509559627645764,0.7824100275873748,0.47255416666666666
0,1.0,closed,mi_obs,34,0.01945738400839725,0.5503875606772336,0.47255416666666666
0,1.0,closed,mi_obs,35,0.03619389341794066,-0.5501320098151626,0.47255416666666666
0,1.0,closed,mi_obs,36,0.019681882873779283,-0.003963861368170571,0.47255416666666666
0,1.0,closed,mi_obs,37,0.008498731119263955,0.06610636781105343,0.47255416666666666
0,1.0,closed,mi_obs,38,-0.024374853406740095,-0.002808513566917689,0.47255416666666666
0,1.0,closed,mi_obs,39,-0.017204209278938287,-0.4063655485694959,0.47255416666666666
0,1.0,closed,mi_obs,40,0.012099113999408093,-0.09450342663557768,0.47255416666666666
0,1.0,closed,mi_obs,41,-0.005803782714484566,0.0037661402744475084,0.47255416666666666
0,1.0,closed,mi_obs,42,0.06487568519014297,0.6649763912651776,0.47255416666666666
0,1.0,closed,mi_obs,43,-0.013972709875503295,0.006809829430627067,0.47255416666666666
0,1.0,closed,mi_obs,44,-0.024537800655860642,-0.4225787157998219,0.47255416666666666
0,1.0,closed,mi_obs,45,0.022804827993811262,0.007301641743322472,0.47255416666666666
0,1.0,closed,mi_obs,46,0.03053935068885938,-0.8234900927735043,0.47255416666666666
0,1.0,closed,mi_obs,47,-0.004113706378220283,-0.7754005855262643,0.47255416666666666
0,1.0,closed,mi_obs,48,-0.050135953249533335,-0.0016084285156988127,0.47255416666666666
0,1.0,closed,mi_obs,49,-0.012616857171293565,0.003207066192494784,0.47255416666666666
0,1.0,closed,mi_obs,50,0.0002967956694026033,-0.0017843250914661708,0.47255416666666666
0,1.0,closed,mi_obs,51,-0.04436075812662203,-0.10570660422381829,0.47255416666666666
0,1.0,closed,mi_obs,52,-0.011131369000781637,-0.014059498925402609,0.47255416666666666
0,1.0,closed,mi_obs,53,-0.0724631924012259,-0.6107909709861198,0.47255416666666666
0,1.0,closed,mi_obs,54,-0.00011378578019211917,-0.0017119144961586597,0.47255416666666666
0,1.0,closed,mi_obs,55,-0.01775844822896802,-0.1984423384833492,0.47255416666666666
0,1.0,closed,mi_obs,56,-0.03306972647281625,0.5391712599638051,0.47255416666666666
0,1.0,closed,mi_obs,57,-0.006562475528244849,-0.14696261949026468,0.47255416666666666
0,1.0,closed,mi_obs,58,0.00816828488298035,-0.0069573629777050375,0.47255416666666666
0,1.0,closed,mi_obs,59,0.021391315648523646,0.1981890586070845,0.47255416666666666
0,1.0,closed,mi_obs,60,0.001163281303183666,0.00118221843819481,0.47255416666666666
0,1.0,closed,mi_obs,61,0.008266172504504727,-0.006425202080630385,0.47255416666666666
0,1.0,closed,mi_obs,62,0.0054663470178875516,0.006902013747932115,0.47255416666666666
0,1.0,closed,mi_obs,63,-0.019311750457005502,0.0016398352875964537,0.47255416666666666
0,1.0,closed,mi_obs,64,-0.006943719000589543,-0.12992251933677249,0.47255416666666666
0,1.0,closed,mi_obs,65,-0.0268367817648838,-0.5939368122404984,0.47255416666666666
0,1.0,closed,mi_class,0,-0.03582098262484196,0.47022866964536275,0.47255416666666666
0,1.0,closed,mi_class,1,-0.03350050723706405,0.3192532543051419,0.47255416666666666
0,1.0,closed,mi_class,2,-0.025606508427017893,-0.25279620859936125,0.47255416666666666
0,1.0,closed,mi_class,3,-0.1333524294156478,0.30916990273788936,0.47255416666666666
0,1.0,closed,mi_class,4,-0.0003322842589878125,-0.011584852027043922,0.47255416666666666
0,1.0,closed,mi_class,5,0.17086114848012057,-0.7669375730175791,0.47255416666666666
0,1.0,closed,mi_class,6,-0.028915998196490322,0.2486535342165807,0.47255416666666666
0,1.0,closed,mi_class,7,-0.007577302282878498,0.01630998429958415,0.47255416666666666
0,1.0,closed,mi_class,8,-0.008789308737480739,0.4684083939481538,0.47255416666666666
0,1.0,closed,mi_class,9,-0.014231279135421729,-0.0015920726605924622,0.47255416666666666
0,1.0,closed,mi_class,10,0.009117485663312885,0.3924827595229905,0.47255416666666666
0,1.0,closed,mi_class,11,-0.15876986614224387,0.8357147003581066,0.47255416666666666
0,1.0,closed,mi_class,12,0.0004491546798951196,0.07846112141947544,0.47255416666666666
0,1.0,closed,mi_class,13,0.2569021008081013,-0.49995343432416495,0.47255416666666666
0,1.0,closed,mi_class,14,0.004407806206175122,-0.002892943538397514,0.47255416666666666
0,1.0,closed,mi_class,15,0.07993332296302103,-0.23951245229529516,0.47255416666666666
0,1.0,closed,mi_class,16,0.01842512143228514,0.23658340015394436,0.47255416666666666
0,1.0,closed,mi_class,17,-0.013117951184955502,0.008850458099931256,0.47255416666666666
0,1.0,closed,mi_class,18,0.01452730047430531,-0.15134241370950302,0.47255416666666666
0,1.0,closed,mi_class,19,0.02989573292636205,-0.42224526429634723,0.47255416666666666
0,1.0,closed,mi_class,20,-0.0909955247516544,0.9390843298128686,0.47255416666666666
0,1.0,closed,mi_class,21,-0.029459264230830423,0.21206686581490633,0.47255416666666666
0,1.0,closed,mi_class,22,0.2349355916405511,-0.3395860211212372,0.47255416666666666
0,1.0,closed,mi_class,23,0.10844370809716761,-0.22466624624801618,0.47255416666666666
0,1.0,closed,mi_class,24,0.08229448155152763,-0.16330652760362324,0.47255416666666666
0,1.0,closed,mi_class,25,-0.052997845544731026,0.3147298659284564,0.47255416666666666
0,1.0,closed,mi_class,26,-0.1592122449231778,0.29416585424527525,0.47255416666666666
0,1.0,closed,mi_class,27,0.02664157193655138,-0.10398527836751012,0.47255416666666666
0,1.0,closed,mi_class,28,0.09946134984313104,-0.6645740706414511,0.47255416666666666
0,1.0,closed,mi_class,29,-0.1636264506373103,0.9151483764018061,0.47255416666666666
0,1.0,closed,mi_class,30,0.1748422344808596,-0.35735184908056095,0.47255416666666666
0,1.0,closed,mi_class,31,0.10218540069420201,-0.7086222579048249,0.47255416666666666
0,1.0,closed,mi_class,32,-0.04592310847465808,0.3335261142498474,0.47255416666666666
0,1.0,closed,mi_class,33,-0.070775387346518,0.7824100275873748,0.47255416666666666
0,1.0,closed,mi_class,34,-0.10039130047848671,0.5503875606772336,0.47255416666666666
0,1.0,closed,mi_class,35,-0.07611802088118347,-0.5501320098151626,0.47255416666666666
0,1.0,closed,mi_class,36,-0.037489203446036505,-0.003963861368170571,0.47255416666666666
0,1.0,closed,mi_class,37,0.02394152854896968,0.06610636781105343,0.47255416666666666
0,1.0,closed,mi_class,38,0.0029482502198380583,-0.002808513566917689,0.47255416666666666
0,1.0,closed,mi_class,39,0.15745620045063966,-0.4063655485694959,0.47255416666666666
0,1.0,closed,mi_class,40,0.06312007211175436,-0.09450342663557768,0.47255416666666666
0,1.0,closed,mi_class,41,-0.008470872153133104,0.0037661402744475084,0.47255416666666666
0,1.0,closed,mi_class,42,-0.30459922060454747,0.6649763912651776,0.47255416666666666
0,1.0,closed,mi_class,43,-0.0004683151367232937,0.006809829430627067,0.47255416666666666
0,1.0,closed,mi_class,44,0.2195985830929653,-0.4225787157998219,0.47255416666666666
0,1.0,closed,mi_class,45,-0.0014057397572029865,0.007301641743322472,0.47255416666666666
0,1.0,closed,mi_class,46,0.08494840387720337,-0.8234900927735043,0.47255416666666666
0,1.0,closed,mi_class,47,0.043480829055731474,-0.7754005855262643,0.47255416666666666
0,1.0,closed,mi_class,48,0.002749403490705268,-0.0016084285156988127,0.47255416666666666
0,1.0,closed,mi_class,49,-0.00900998674746614,0.003207066192494784,0.47255416666666666
0,1.0,closed,mi_class,50,0.0034390211036326663,-0.0017843250914661708,0.47255416666666666
0,1.0,closed,mi_class,51,0.02161566996707623,-0.10570660422381829,0.47255416666666666
0,1.0,closed,mi_class,52,0.009031495401040469,-0.014059498925402609,0.47255416666666666
0,1.0,closed,mi_class,53,0.08927130345672996,-0.6107909709861198,0.47255416666666666
0,1.0,closed,mi_class,54,0.003846231554540438,-0.0017119144961586597,0.47255416666666666
0,1.0,closed,mi_class,55,0.054405871936210215,-0.1984423384833492,0.47255416666666666
0,1.0,closed,mi_class,56,-0.07865234824146206,0.5391712599638051,0.47255416666666666
0,1.0,closed,mi_class,57,-0.05104819231549804,-0.14696261949026468,0.47255416666666666
0,1.0,closed,mi_class,58,-0.0347145263910597,-0.0069573629777050375,0.47255416666666666
0,1.0,closed,mi_class,59,0.03742342977474197,0.1981890586070845,0.47255416666666666
0,1.0,closed,mi_class,60,-0.003594266578883501,0.00118221843819481,0.47255416666666666
0,1.0,closed,mi_class,61,0.009871997506051694,-0.006425202080630385,0.47255416666666666
0,1.0,closed,mi_class,62,-0.010992528072702571,0.006902013747932115,0.47255416666666666
0,1.0,closed,mi_class,63,-0.005086041547413281,0.0016398352875964537,0.47255416666666666
0,1.0,closed,mi_class,64,0.004237226370215674,-0.12992251933677249,0.47255416666666666
0,1.0,closed,mi_class,65,0.04822840565856268,-0.5939368122404984,0.47255416666666666
0,1.0,closed,mi_site,0,0.020422651958907967,0.47022866964536275,0.47255416666666666
0,1.0,closed,mi_site,1,0.020573448073031297,0.3192532543051419,0.47255416666666666
0,1.0,closed,mi_site,2,0.014880553590340018,-0.25279620859936125,0.47255416666666666
0,1.0,closed,mi_site,3,-0.02447606811633879,0.30916990273788936,0.47255416666666666
0,1.0,closed,mi_site,4,-0.029729981597116158,-0.011584852027043922,0.47255416666666666
0,1.0,closed,mi_site,5,-0.054961894897527896,-0.7669375730175791,0.47255416666666666
0,1.0,closed,mi_site,6,0.07765676811957789,0.2486535342165807,0.47255416666666666
0,1.0,closed,mi_site,7,0.00830385539574658,0.01630998429958415,0.47255416666666666
0,1.0,closed,mi_site,8,0.008913392978323165,0.4684083939481538,0.47255416666666666
0,1.0,closed,mi_site,9,-0.0012189739094104431,-0.0015920726605924622,0.47255416666666666
0,1.0,closed,mi_site,10,0.016055979486158112,0.3924827595229905,0.47255416666666666
0,1.0,closed,mi_site,11,0.009851704740175937,0.8357147003581066,0.47255416666666666
0,1.0,closed,mi_site,12,0.009678381623538804,0.07846112141947544,0.47255416666666666
0,1.0,closed,mi_site,13,-0.03435255796247427,-0.49995343432416495,0.47255416666666666
0,1.0,closed,mi_site,14,0.005690313140741917,-0.002892943538397514,0.47255416666666666
0,1.0,closed,mi_site,15,-0.017996712196235942,-0.23951245229529516,0.47255416666666666
0,1.0,closed,mi_site,16,0.02757331857969131,0.23658340015394436,0.47255416666666666
0,1.0,closed,mi_site,17,-0.004689428783661955,0.008850458099931256,0.47255416666666666
0,1.0,closed,mi_site,18,-0.01763864312391164,-0.15134241370950302,0.47255416666666666
0,1.0,closed,mi_site,19,-0.013646556681264244,-0.42224526429634723,0.47255416666666666
0,1.0,closed,mi_site,20,0.001201999000309928,0.9390843298128686,0.47255416666666666
0,1.0,closed,mi_site,21,0.00036673811633147757,0.21206686581490633,0.47255416666666666
0,1.0,closed,mi_site,22,-0.019403886776529544,-0.3395860211212372,0.47255416666666666
0,1.0,closed,mi_site,23,0.014466674819896053,-0.22466624624801618,0.47255416666666666
0,1.0,closed,mi_site,24,-0.015932959435959626,-0.16330652760362324,0.47255416666666666
0,1.0,closed,mi_site,25,-0.0005626928174564672,0.3147298659284564,0.47255416666666666
0,1.0,closed,mi_site,26,0.0014848701471928405,0.29416585424527525,0.47255416666666666
0,1.0,closed,mi_site,27,-0.015310689150255241,-0.10398527836751012,0.47255416666666666
0,1.0,closed,mi_site,28,-0.03183521230064734,-0.6645740706414511,0.47255416666666666
0,1.0,closed,mi_site,29,0.01555393641361813,0.9151483764018061,0.47255416666666666
0,1.0,closed,mi_site,30,-0.009732570494671633,-0.35735184908056095,0.47255416666666666
0,1.0,closed,mi_site,31,0.01629273739852577,-0.7086222579048249,0.47255416666666666
0,1.0,closed,mi_site,32,0.03769680422164645,0.3335261142498474,0.47255416666666666
0,1.0,closed,mi_site,33,-0.0121589419378898,0.7824100275873748,0.47255416666666666
0,1.0,closed,mi_site,34,-0.02153441710088988,0.5503875606772336,0.47255416666666666
0,1.0,closed,mi_site,35,0.020781496792490195,-0.5501320098151626,0.47255416666666666
0,1.0,closed,mi_site,36,0.006264431400472244,-0.003963861368170571,0.47255416666666666
0,1.0,closed,mi_site,37,0.0007313304805277032,0.06610636781105343,0.47255416666666666
0,1.0,closed,mi_site,38,-0.020130626618376207,-0.002808513566917689,0.47255416666666666
0,1.0,closed,mi_site,39,-0.012925027480556128,-0.4063655485694959,0.47255416666666666
0,1.0,closed,mi_site,40,0.005018056076104435,-0.09450342663557768,0.47255416666666666
0,1.0,closed,mi_site,41,-0.005874053717031976,0.0037661402744475084,0.47255416666666666
0,1.0,closed,mi_site,42,0.04172463371337054,0.6649763912651776,0.47255416666666666
0,1.0,closed,mi_site,43,-0.017380660135051598,0.006809829430627067,0.47255416666666666
0,1.0,closed,mi_site,44,-0.018654360926290803,-0.4225787157998219,0.47255416666666666
0,1.0,closed,mi_site,45,0.014959697118937866,0.007301641743322472,0.47255416666666666
0,1.0,closed,mi_site,46,0.029953872401715986,-0.8234900927735043,0.47255416666666666
0,1.0,closed,mi_site,47,0.005759147529701525,-0.7754005855262643,0.47255416666666666
0,1.0,closed,mi_site,48,-0.04837827554944444,-0.0016084285156988127,0.47255416666666666
0,1.0,closed,mi_site,49,-0.004070452044876511,0.003207066192494784,0.47255416666666666
0,1.0,closed,mi_site,50,0.002318400687912882,-0.0017843250914661708,0.47255416666666666
0,1.0,closed,mi_site,51,-0.039528623636739604,-0.10570660422381829,0.47255416666666666
0,1.0,closed,mi_site,52,-0.0010690952190429079,-0.014059498925402609,0.47255416666666666
0,1.0,closed,mi_site,53,-0.05082950085199711,-0.6107909709861198,0.47255416666666666
0,1.0,closed,mi_site,54,0.00016885989409321824,-0.0017119144961586597,0.47255416666666666
0,1.0,closed,mi_site,55,-0.0162546591472916,-0.1984423384833492,0.47255416666666666
0,1.0,closed,mi_site,56,-0.0403292008707582,0.5391712599638051,0.47255416666666666
0,1.0,closed,mi_site,57,-0.009714209249940653,-0.14696261949026468,0.47255416666666666
0,1.0,closed,mi_site,58,0.003726249579802871,-0.0069573629777050375,0.47255416666666666
0,1.0,closed,mi_site,59,0.020968198791683434,0.1981890586070845,0.47255416666666666
0,1.0,closed,mi_site,60,0.007167451334973316,0.00118221843819481,0.47255416666666666
0,1.0,closed,mi_site,61,0.008871871087340414,-0.006425202080630385,0.47255416666666666
0,1.0,closed,mi_site,62,0.0002163030733952475,0.006902013747932115,0.47255416666666666
0,1.0,closed,mi_site,63,-0.0116800377437665,0.0016398352875964537,0.47255416666666666
0,1.0,closed,mi_site,64,-0.010628024260073282,-0.12992251933677249,0.47255416666666666
0,1.0,closed,mi_site,65,-0.02470899904176882,-0.5939368122404984,0.47255416666666666
0,2.0,aligned,available,0,-0.0017727436605180502,0.4591335099145158,0.47255416666666666
0,2.0,aligned,available,1,-0.01566067156783174,0.31133524100456184,0.47255416666666666
0,2.0,aligned,available,2,0.015813883051919775,-0.25721734056276496,0.47255416666666666
0,2.0,aligned,available,3,0.013735066324218947,0.3260637826262343,0.47255416666666666
0,2.0,aligned,available,4,-0.020287008164457172,-0.011475356970383285,0.47255416666666666
0,2.0,aligned,available,5,-0.003915102038845708,-0.7714532568295219,0.47255416666666666
0,2.0,aligned,available,6,0.023900936190622613,0.229981218168349,0.47255416666666666
0,2.0,aligned,available,7,0.018908054006114162,0.017994439863032206,0.47255416666666666
0,2.0,aligned,available,8,-0.0021395536869157628,0.4822246547316753,0.47255416666666666
0,2.0,aligned,available,9,-0.007537597195374363,-0.0023197841931374436,0.47255416666666666
0,2.0,aligned,available,10,-0.007294786799563635,0.3834823312575018,0.47255416666666666
0,2.0,aligned,available,11,-0.0005061642839364611,0.8311003365613105,0.47255416666666666
0,2.0,aligned,available,12,-0.004615777383704417,0.08310720621144471,0.47255416666666666
0,2.0,aligned,available,13,0.006774268906252712,-0.4994750663477035,0.47255416666666666
0,2.0,aligned,available,14,0.005878766276955974,-0.004888071799495761,0.47255416666666666
0,2.0,aligned,available,15,-0.0021206805965356124,-0.22705316168036435,0.47255416666666666
0,2.0,aligned,available,16,-0.006060957169750497,0.230236757091006,0.47255416666666666
0,2.0,aligned,available,17,0.0012841351724355056,0.008466739327329584,0.47255416666666666
0,2.0,aligned,available,18,-0.013992519139030768,-0.1591560516902019,0.47255416666666666
0,2.0,aligned,available,19,-0.006314107513735345,-0.4214691978364702,0.47255416666666666
0,2.0,aligned,available,20,-0.0001796616817608676,0.9391716077235102,0.47255416666666666
0,2.0,aligned,available,21,-0.007468368496173494,0.22897377376119488,0.47255416666666666
0,2.0,aligned,available,22,-0.0005328188576400605,-0.3362850900226339,0.47255416666666666
0,2.0,aligned,available,23,0.005187961125880131,-0.24319503127264328,0.47255416666666666
0,2.0,aligned,available,24,0.0033740173408560448,-0.1553498352967779,0.47255416666666666
0,2.0,aligned,available,25,-0.016173337885160288,0.3256486574482214,0.47255416666666666
0,2.0,aligned,available,26,0.0018096488462986948,0.3112769295154699,0.47255416666666666
0,2.0,aligned,available,27,-0.008874823732095735,-0.1063819126796539,0.47255416666666666
0,2.0,aligned,available,28,-2.406776683883116e-05,-0.6604877788453963,0.47255416666666666
0,2.0,aligned,available,29,0.0005901058805228843,0.910171253166482,0.47255416666666666
0,2.0,aligned,available,30,-0.014458809014725793,-0.36294996854780504,0.47255416666666666
0,2.0,aligned,available,31,0.00996120846988291,-0.7167631483254567,0.47255416666666666
0,2.0,aligned,available,32,0.013854213706987084,0.3382691552336032,0.47255416666666666
0,2.0,aligned,available,33,-0.008097224489921229,0.7944115002896123,0.47255416666666666
0,2.0,aligned,available,34,-0.004591844430278047,0.5643078095857036,0.47255416666666666
0,2.0,aligned,available,35,-0.00876667084489502,-0.5439981552359785,0.47255416666666666
0,2.0,aligned,available,36,0.028164432662167338,-0.004168486894456624,0.47255416666666666
0,2.0,aligned,available,37,0.005092327746110972,0.07052571969848104,0.47255416666666666
0,2.0,aligned,available,38,0.002735666939537959,-0.0010322939308789348,0.47255416666666666
0,2.0,aligned,available,39,-0.007430395551715985,-0.426183786402676,0.47255416666666666
0,2.0,aligned,available,40,0.009919676305875175,-0.09943538640186968,0.47255416666666666
0,2.0,aligned,available,41,-0.01309415490209315,0.006205465135376767,0.47255416666666666
0,2.0,aligned,available,42,0.006330118694614528,0.6808217155417825,0.47255416666666666
0,2.0,aligned,available,43,0.005396373951873361,0.005621972004410556,0.47255416666666666
0,2.0,aligned,available,44,0.00920553836443394,-0.4220947351670685,0.47255416666666666
0,2.0,aligned,available,45,0.0022766352901863376,0.006707278969552182,0.47255416666666666
0,2.0,aligned,available,46,-0.0030342453278174863,-0.834218952094721,0.47255416666666666
0,2.0,aligned,available,47,0.005219449916607388,-0.7852993623493973,0.47255416666666666
0,2.0,aligned,available,48,-0.002903783172488466,-0.0014063295264293385,0.47255416666666666
0,2.0,aligned,available,49,0.0030471519409727213,0.0043793964272147426,0.47255416666666666
0,2.0,aligned,available,50,-0.0002698340533204705,-0.004324456458204781,0.47255416666666666
0,2.0,aligned,available,51,-0.006828838237317766,-0.09094181651880581,0.47255416666666666
0,2.0,aligned,available,52,-0.001612813287518642,-0.015896271695640566,0.47255416666666666
0,2.0,aligned,available,53,0.003808763030093365,-0.6256963817788251,0.47255416666666666
0,2.0,aligned,available,54,-0.006761009361985477,-0.000728747343420883,0.47255416666666666
0,2.0,aligned,available,55,-0.0022860364922764886,-0.188277737229144,0.47255416666666666
0,2.0,aligned,available,56,0.001178711718090364,0.5586063147545668,0.47255416666666666
0,2.0,aligned,available,57,0.008428703596962406,-0.14911482177861707,0.47255416666666666
0,2.0,aligned,available,58,-0.004254426151686151,-0.007811870508598324,0.47255416666666666
0,2.0,aligned,available,59,-0.00882732999469485,0.19367971004025877,0.47255416666666666
0,2.0,aligned,available,60,-0.0026193262433827757,0.006510261189537404,0.47255416666666666
0,2.0,aligned,available,61,0.015774901786082342,-0.006759692638449199,0.47255416666666666
0,2.0,aligned,available,62,0.0015648346537751965,0.007121234269965226,0.47255416666666666
0,2.0,aligned,available,63,-0.008559135031894686,1.4250955501788396e-05,0.47255416666666666
0,2.0,aligned,available,64,-0.0030967393360780693,-0.13612700747858839,0.47255416666666666
0,2.0,aligned,available,65,-0.006028032737802835,-0.5932290610791823,0.47255416666666666
0,2.0,aligned,mi_obs,0,0.011078463457077747,0.4591335099145158,0.47255416666666666
0,2.0,aligned,mi_obs,1,0.0019051372152864565,0.31133524100456184,0.47255416666666666
0,2.0,aligned,mi_obs,2,-0.005855827409025127,-0.25721734056276496,0.47255416666666666
0,2.0,aligned,mi_obs,3,0.00010676366653172842,0.3260637826262343,0.47255416666666666
0,2.0,aligned,mi_obs,4,-0.038837866433930404,-0.011475356970383285,0.47255416666666666
0,2.0,aligned,mi_obs,5,-0.0639411200460458,-0.7714532568295219,0.47255416666666666
0,2.0,aligned,mi_obs,6,0.08990664240147989,0.229981218168349,0.47255416666666666
0,2.0,aligned,mi_obs,7,0.0005291125896126486,0.017994439863032206,0.47255416666666666
0,2.0,aligned,mi_obs,8,0.03001039013918627,0.4822246547316753,0.47255416666666666
0,2.0,aligned,mi_obs,9,0.0005440210689315798,-0.0023197841931374436,0.47255416666666666
0,2.0,aligned,mi_obs,10,0.006871517120293602,0.3834823312575018,0.47255416666666666
0,2.0,aligned,mi_obs,11,0.011894898204247717,0.8311003365613105,0.47255416666666666
0,2.0,aligned,mi_obs,12,0.007236631553674683,0.08310720621144471,0.47255416666666666
0,2.0,aligned,mi_obs,13,-0.028365054408145685,-0.4994750663477035,0.47255416666666666
0,2.0,aligned,mi_obs,14,-0.002210418410768537,-0.004888071799495761,0.47255416666666666
0,2.0,aligned,mi_obs,15,-0.02185765755839955,-0.22705316168036435,0.47255416666666666
0,2.0,aligned,mi_obs,16,0.028729364638413024,0.230236757091006,0.47255416666666666
0,2.0,aligned,mi_obs,17,-0.006378439345936763,0.008466739327329584,0.47255416666666666
0,2.0,aligned,mi_obs,18,-0.010252765956099863,-0.1591560516902019,0.47255416666666666
0,2.0,aligned,mi_obs,19,-0.018213256758483676,-0.4214691978364702,0.47255416666666666
0,2.0,aligned,mi_obs,20,0.0023167363751047665,0.9391716077235102,0.47255416666666666
0,2.0,aligned,mi_obs,21,-0.00246999155560626,0.22897377376119488,0.47255416666666666
0,2.0,aligned,mi_obs,22,-0.024083709091328342,-0.3362850900226339,0.47255416666666666
0,2.0,aligned,mi_obs,23,0.023864202576142163,-0.24319503127264328,0.47255416666666666
0,2.0,aligned,mi_obs,24,-0.011670720667069534,-0.1553498352967779,0.47255416666666666
0,2.0,aligned,mi_obs,25,-0.022178299182147088,0.3256486574482214,0.47255416666666666
0,2.0,aligned,mi_obs,26,-0.012631341361320325,0.3112769295154699,0.47255416666666666
0,2.0,aligned,mi_obs,27,-0.013794769755948538,-0.1063819126796539,0.47255416666666666
0,2.0,aligned,mi_obs,28,-0.037777379356479845,-0.6604877788453963,0.47255416666666666
0,2.0,aligned,mi_obs,29,0.021695885380946134,0.910171253166482,0.47255416666666666
0,2.0,aligned,mi_obs,30,-0.011470358783870482,-0.36294996854780504,0.47255416666666666
0,2.0,aligned,mi_obs,31,0.005939286911958885,-0.7167631483254567,0.47255416666666666
0,2.0,aligned,mi_obs,32,0.03072125796208558,0.3382691552336032,0.47255416666666666
0,2.0,aligned,mi_obs,33,-0.022461716343637805,0.7944115002896123,0.47255416666666666
0,2.0,aligned,mi_obs,34,0.020128437051534998,0.5643078095857036,0.47255416666666666
0,2.0,aligned,mi_obs,35,0.06096595297700513,-0.5439981552359785,0.47255416666666666
0,2.0,aligned,mi_obs,36,0.020110008906439665,-0.004168486894456624,0.47255416666666666
0,2.0,aligned,mi_obs,37,-0.0027845871037520675,0.07052571969848104,0.47255416666666666
0,2.0,aligned,mi_obs,38,-0.02706972022085303,-0.0010322939308789348,0.47255416666666666
0,2.0,aligned,mi_obs,39,-0.030217471234144866,-0.426183786402676,0.47255416666666666
0,2.0,aligned,mi_obs,40,0.02340403937588391,-0.09943538640186968,0.47255416666666666
0,2.0,aligned,mi_obs,41,-0.009822920755413899,0.006205465135376767,0.47255416666666666
0,2.0,aligned,mi_obs,42,0.05788978793809729,0.6808217155417825,0.47255416666666666
0,2.0,aligned,mi_obs,43,-0.019048394013223266,0.005621972004410556,0.47255416666666666
0,2.0,aligned,mi_obs,44,-0.010305249225401936,-0.4220947351670685,0.47255416666666666
0,2.0,aligned,mi_obs,45,0.03535970860418605,0.006707278969552182,0.47255416666666666
0,2.0,aligned,mi_obs,46,0.028060215151847867,-0.834218952094721,0.47255416666666666
0,2.0,aligned,mi_obs,47,0.011364674308433353,-0.7852993623493973,0.47255416666666666
0,2.0,aligned,mi_obs,48,-0.06404414102763462,-0.0014063295264293385,0.47255416666666666
0,2.0,aligned,mi_obs,49,-0.008434998360847936,0.0043793964272147426,0.47255416666666666
0,2.0,aligned,mi_obs,50,0.001001805313684117,-0.004324456458204781,0.47255416666666666
0,2.0,aligned,mi_obs,51,-0.0644779205111598,-0.09094181651880581,0.47255416666666666
0,2.0,aligned,mi_obs,52,-0.0063825134062199425,-0.015896271695640566,0.47255416666666666
0,2.0,aligned,mi_obs,53,-0.07420166189084654,-0.6256963817788251,0.47255416666666666
0,2.0,aligned,mi_obs,54,-0.0047052823212831935,-0.000728747343420883,0.47255416666666666
0,2.0,aligned,mi_obs,55,-0.01822196449504568,-0.188277737229144,0.47255416666666666
0,2.0,aligned,mi_obs,56,-0.050246862239340495,0.5586063147545668,0.47255416666666666
0,2.0,aligned,mi_obs,57,0.029858675748998934,-0.14911482177861707,0.47255416666666666
0,2.0,aligned,mi_obs,58,0.01687274391094457,-0.007811870508598324,0.47255416666666666
0,2.0,aligned,mi_obs,59,0.018484668955309924,0.19367971004025877,0.47255416666666666
0,2.0,aligned,mi_obs,60,-0.009536336503446482,0.006510261189537404,0.47255416666666666
0,2.0,aligned,mi_obs,61,0.014839493062513011,-0.006759692638449199,0.47255416666666666
0,2.0,aligned,mi_obs,62,-0.005046235809873085,0.007121234269965226,0.47255416666666666
0,2.0,aligned,mi_obs,63,-0.0035354160840057,1.4250955501788396e-05,0.47255416666666666
0,2.0,aligned,mi_obs,64,0.0020744119458051546,-0.13612700747858839,0.47255416666666666
0,2.0,aligned,mi_obs,65,-0.029255909743518438,-0.5932290610791823,0.47255416666666666
0,2.0,aligned,mi_class,0,-0.08619595631877519,0.4591335099145158,0.47255416666666666
0,2.0,aligned,mi_class,1,-0.10754043077600803,0.31133524100456184,0.47255416666666666
0,2.0,aligned,mi_class,2,0.031318625770087816,-0.25721734056276496,0.47255416666666666
0,2.0,aligned,mi_class,3,-0.08737791440757897,0.3260637826262343,0.47255416666666666
0,2.0,aligned,mi_class,4,-0.0037096284107735675,-0.011475356970383285,0.47255416666666666
0,2.0,aligned,mi_class,5,0.17458685922974027,-0.7714532568295219,0.47255416666666666
0,2.0,aligned,mi_class,6,-0.04066788126610402,0.229981218168349,0.47255416666666666
0,2.0,aligned,mi_class,7,0.002509283313589957,0.017994439863032206,0.47255416666666666
0,2.0,aligned,mi_class,8,-0.0002423328360436905,0.4822246547316753,0.47255416666666666
0,2.0,aligned,mi_class,9,0.006607089846828624,-0.0023197841931374436,0.47255416666666666
0,2.0,aligned,mi_class,10,-0.033535832521274844,0.3834823312575018,0.47255416666666666
0,2.0,aligned,mi_class,11,-0.23366964207830254,0.8311003365613105,0.47255416666666666
0,2.0,aligned,mi_class,12,-0.01411276718373393,0.08310720621144471,0.47255416666666666
0,2.0,aligned,mi_class,13,0.3582832577787129,-0.4994750663477035,0.47255416666666666
0,2.0,aligned,mi_class,14,0.007585171859363184,-0.004888071799495761,0.47255416666666666
0,2.0,aligned,mi_class,15,0.06622076843447414,-0.22705316168036435,0.47255416666666666
0,2.0,aligned,mi_class,16,-0.01676096720041989,0.230236757091006,0.47255416666666666
0,2.0,aligned,mi_class,17,-0.003910769373543363,0.008466739327329584,0.47255416666666666
0,2.0,aligned,mi_class,18,0.012971204475244275,-0.1591560516902019,0.47255416666666666
0,2.0,aligned,mi_class,19,0.36126442065008857,-0.4214691978364702,0.47255416666666666
0,2.0,aligned,mi_class,20,-0.07968270402497057,0.9391716077235102,0.47255416666666666
0,2.0,aligned,mi_class,21,-0.049388279867528445,0.22897377376119488,0.47255416666666666
0,2.0,aligned,mi_class,22,0.3453149019043997,-0.3362850900226339,0.47255416666666666
0,2.0,aligned,mi_class,23,0.14012452718998447,-0.24319503127264328,0.47255416666666666
0,2.0,aligned,mi_class,24,0.08812921758085066,-0.1553498352967779,0.47255416666666666
0,2.0,aligned,mi_class,25,-0.1323588378721576,0.3256486574482214,0.47255416666666666
0,2.0,aligned,mi_class,26,-0.17632873923447548,0.3112769295154699,0.47255416666666666
0,2.0,aligned,mi_class,27,0.037155547670658665,-0.1063819126796539,0.47255416666666666
0,2.0,aligned,mi_class,28,0.0771193896211051,-0.6604877788453963,0.47255416666666666
0,2.0,aligned,mi_class,29,-0.25061790547595186,0.910171253166482,0.47255416666666666
0,2.0,aligned,mi_class,30,0.1013445225240252,-0.36294996854780504,0.47255416666666666
0,2.0,aligned,mi_class,31,0.1140022571732836,-0.7167631483254567,0.47255416666666666
0,2.0,aligned,mi_class,32,-0.048915713937509764,0.3382691552336032,0.47255416666666666
0,2.0,aligned,mi_class,33,-0.19703853110635072,0.7944115002896123,0.47255416666666666
0,2.0,aligned,mi_class,34,-0.07447381088725846,0.5643078095857036,0.47255416666666666
0,2.0,aligned,mi_class,35,-0.0581715019973037,-0.5439981552359785,0.47255416666666666
0,2.0,aligned,mi_class,36,-0.036551166666425744,-0.004168486894456624,0.47255416666666666
0,2.0,aligned,mi_class,37,-0.0034433844584772777,0.07052571969848104,0.47255416666666666
0,2.0,aligned,mi_class,38,-0.0056812045259826225,-0.0010322939308789348,0.47255416666666666
0,2.0,aligned,mi_class,39,0.09497405221831945,-0.426183786402676,0.47255416666666666
0,2.0,aligned,mi_class,40,0.15412726347459949,-0.09943538640186968,0.47255416666666666
0,2.0,aligned,mi_class,41,0.002157256972064734,0.006205465135376767,0.47255416666666666
0,2.0,aligned,mi_class,42,-0.258864836497009,0.6808217155417825,0.47255416666666666
0,2.0,aligned,mi_class,43,-0.016817084224916512,0.005621972004410556,0.47255416666666666
0,2.0,aligned,mi_class,44,0.31934632185202616,-0.4220947351670685,0.47255416666666666
0,2.0,aligned,mi_class,45,0.006226651579346838,0.006707278969552182,0.47255416666666666
0,2.0,aligned,mi_class,46,0.05998603555159332,-0.834218952094721,0.47255416666666666
0,2.0,aligned,mi_class,47,-0.005006691499443439,-0.7852993623493973,0.47255416666666666
0,2.0,aligned,mi_class,48,-0.018897153852511152,-0.0014063295264293385,0.47255416666666666
0,2.0,aligned,mi_class,49,-0.004230059124685114,0.0043793964272147426,0.47255416666666666
0,2.0,aligned,mi_class,50,0.004811309201325116,-0.004324456458204781,0.47255416666666666
0,2.0,aligned,mi_class,51,-1.678833459714535e-05,-0.09094181651880581,0.47255416666666666
0,2.0,aligned,mi_class,52,-0.011508959805484734,-0.015896271695640566,0.47255416666666666
0,2.0,aligned,mi_class,53,0.09053746054798584,-0.6256963817788251,0.47255416666666666
0,2.0,aligned,mi_class,54,0.00026102577131048983,-0.000728747343420883,0.47255416666666666
0,2.0,aligned,mi_class,55,0.04873632996941435,-0.188277737229144,0.47255416666666666
0,2.0,aligned,mi_class,56,-0.030733929569989327,0.5586063147545668,0.47255416666666666
0,2.0,aligned,mi_class,57,0.018552649881672628,-0.14911482177861707,0.47255416666666666
0,2.0,aligned,mi_class,58,0.0022168803909797547,-0.007811870508598324,0.47255416666666666
0,2.0,aligned,mi_class,59,0.0032365759853881515,0.19367971004025877,0.47255416666666666
0,2.0,aligned,mi_class,60,0.019194333529484502,0.006510261189537404,0.47255416666666666
0,2.0,aligned,mi_class,61,0.007015836897989975,-0.006759692638449199,0.47255416666666666
0,2.0,aligned,mi_class,62,-0.002218413038133607,0.007121234269965226,0.47255416666666666
0,2.0,aligned,mi_class,63,-0.0005163949802915523,1.4250955501788396e-05,0.47255416666666666
0,2.0,aligned,mi_class,64,0.01567140381300193,-0.13612700747858839,0.47255416666666666
0,2.0,aligned,mi_class,65,0.5053174193465997,-0.5932290610791823,0.47255416666666666
0,2.0,aligned,mi_site,0,-0.021260228070192788,0.4591335099145158,0.47255416666666666
0,2.0,aligned,mi_site,1,-0.039920024997539105,0.31133524100456184,0.47255416666666666
0,2.0,aligned,mi_site,2,0.07128390702128448,-0.25721734056276496,0.47255416666666666
0,2.0,aligned,mi_site,3,-0.013180038115364001,0.3260637826262343,0.47255416666666666
0,2.0,aligned,mi_site,4,-0.0042184214708068605,-0.011475356970383285,0.47255416666666666
0,2.0,aligned,mi_site,5,0.014129430703698653,-0.7714532568295219,0.47255416666666666
0,2.0,aligned,mi_site,6,0.025899740091143375,0.229981218168349,0.47255416666666666
0,2.0,aligned,mi_site,7,-0.012327219758361228,0.017994439863032206,0.47255416666666666
0,2.0,aligned,mi_site,8,-0.01854244507737801,0.4822246547316753,0.47255416666666666
0,2.0,aligned,mi_site,9,-0.006390113268991686,-0.0023197841931374436,0.47255416666666666
0,2.0,aligned,mi_site,10,-0.027434131517182936,0.3834823312575018,0.47255416666666666
0,2.0,aligned,mi_site,11,-0.06835038877671529,0.8311003365613105,0.47255416666666666
0,2.0,aligned,mi_site,12,-0.00912520284417162,0.08310720621144471,0.47255416666666666
0,2.0,aligned,mi_site,13,0.024024108218224483,-0.4994750663477035,0.47255416666666666
0,2.0,aligned,mi_site,14,0.023296036386761258,-0.004888071799495761,0.47255416666666666
0,2.0,aligned,mi_site,15,-0.01029338974995439,-0.22705316168036435,0.47255416666666666
0,2.0,aligned,mi_site,16,0.004255552518679068,0.230236757091006,0.47255416666666666
0,2.0,aligned,mi_site,17,-0.022924428063196493,0.008466739327329584,0.47255416666666666
0,2.0,aligned,mi_site,18,-0.0021909597749311116,-0.1591560516902019,0.47255416666666666
0,2.0,aligned,mi_site,19,0.05435809705514488,-0.4214691978364702,0.47255416666666666
0,2.0,aligned,mi_site,20,-0.03466777620396533,0.9391716077235102,0.47255416666666666
0,2.0,aligned,mi_site,21,-0.013693692366620297,0.22897377376119488,0.47255416666666666
0,2.0,aligned,mi_site,22,0.011325876839645643,-0.3362850900226339,0.47255416666666666
0,2.0,aligned,mi_site,23,0.040804493073824166,-0.24319503127264328,0.47255416666666666
0,2.0,aligned,mi_site,24,-0.008801537011171173,-0.1553498352967779,0.47255416666666666
0,2.0,aligned,mi_site,25,-0.030133921746544112,0.3256486574482214,0.47255416666666666
0,2.0,aligned,mi_site,26,-0.018580604361172315,0.3112769295154699,0.47255416666666666
0,2.0,aligned,mi_site,27,-0.006521977576129129,-0.1063819126796539,0.47255416666666666
0,2.0,aligned,mi_site,28,0.07460364535546404,-0.6604877788453963,0.47255416666666666
0,2.0,aligned,mi_site,29,-0.05204713166637376,0.910171253166482,0.47255416666666666
0,2.0,aligned,mi_site,30,0.033451407611955586,-0.36294996854780504,0.47255416666666666
0,2.0,aligned,mi_site,31,0.09621305333732577,-0.7167631483254567,0.47255416666666666
0,2.0,aligned,mi_site,32,-0.009553490172335921,0.3382691552336032,0.47255416666666666
0,2.0,aligned,mi_site,33,-0.07076506649487557,0.7944115002896123,0.47255416666666666
0,2.0,aligned,mi_site,34,-0.059027103712936846,0.5643078095857036,0.47255416666666666
0,2.0,aligned,mi_site,35,0.09129365298181502,-0.5439981552359785,0.47255416666666666
0,2.0,aligned,mi_site,36,-0.0002367989119851843,-0.004168486894456624,0.47255416666666666
0,2.0,aligned,mi_site,37,-0.00658463925151373,0.07052571969848104,0.47255416666666666
0,2.0,aligned,mi_site,38,-0.016647728541302233,-0.0010322939308789348,0.47255416666666666
0,2.0,aligned,mi_site,39,-0.013854302850143607,-0.426183786402676,0.47255416666666666
0,2.0,aligned,mi_site,40,0.0016762021166925184,-0.09943538640186968,0.47255416666666666
0,2.0,aligned,mi_site,41,0.004267460628075976,0.006205465135376767,0.47255416666666666
0,2.0,aligned,mi_site,42,0.04625480482942501,0.6808217155417825,0.47255416666666666
0,2.0,aligned,mi_site,43,-0.018081182042028986,0.005621972004410556,0.47255416666666666
0,2.0,aligned,mi_site,44,0.006046127741231477,-0.4220947351670685,0.47255416666666666
0,2.0,aligned,mi_site,45,0.007969294021848322,0.006707278969552182,0.47255416666666666
0,2.0,aligned,mi_site,46,0.035277565285576795,-0.834218952094721,0.47255416666666666
0,2.0,aligned,mi_site,47,0.0245560497777918,-0.7852993623493973,0.47255416666666666
0,2.0,aligned,mi_site,48,-0.038863867024116476,-0.0014063295264293385,0.47255416666666666
0,2.0,aligned,mi_site,49,0.000880155215985761,0.0043793964272147426,0.47255416666666666
0,2.0,aligned,mi_site,50,0.013990538824300267,-0.004324456458204781,0.47255416666666666
0,2.0,aligned,mi_site,51,-0.023553330516031812,-0.09094181651880581,0.47255416666666666
0,2.0,aligned,mi_site,52,-0.006144541733805214,-0.015896271695640566,0.47255416666666666
0,2.0,aligned,mi_site,53,-0.0655107535928483,-0.6256963817788251,0.47255416666666666
0,2.0,aligned,mi_site,54,0.00894308536459934,-0.000728747343420883,0.47255416666666666
0,2.0,aligned,mi_site,55,-0.013161095395112676,-0.188277737229144,0.47255416666666666
0,2.0,aligned,mi_site,56,-0.024708949263577806,0.5586063147545668,0.47255416666666666
0,2.0,aligned,mi_site,57,0.008672028110085966,-0.14911482177861707,0.47255416666666666
0,2.0,aligned,mi_site,58,0.009590133977412176,-0.007811870508598324,0.47255416666666666
0,2.0,aligned,mi_site,59,0.006462657848312153,0.19367971004025877,0.47255416666666666
0,2.0,aligned,mi_site,60,0.011557958886457532,0.006510261189537404,0.47255416666666666
0,2.0,aligned,mi_site,61,0.006965091983182017,-0.006759692638449199,0.47255416666666666
0,2.0,aligned,mi_site,62,-0.01274731872636848,0.007121234269965226,0.47255416666666666
0,2.0,aligned,mi_site,63,-0.003900086054440377,1.4250955501788396e-05,0.47255416666666666
0,2.0,aligned,mi_site,64,-0.0011644179211093009,-0.13612700747858839,0.47255416666666666
0,2.0,aligned,mi_site,65,0.06506480920655633,-0.5932290610791823,0.47255416666666666
0,2.0,closed,available,0,0.0054891048762999994,0.4591335099145158,0.47255416666666666
0,2.0,closed,available,1,0.0016805584478718494,0.31133524100456184,0.47255416666666666
0,2.0,closed,available,2,0.0272325237816749,-0.25721734056276496,0.47255416666666666
0,2.0,closed,available,3,-0.004703239080602772,0.3260637826262343,0.47255416666666666
0,2.0,closed,available,4,0.004506318055462028,-0.011475356970383285,0.47255416666666666
0,2.0,closed,available,5,0.007993318495532198,-0.7714532568295219,0.47255416666666666
0,2.0,closed,available,6,0.0037790829527528103,0.229981218168349,0.47255416666666666
0,2.0,closed,available,7,-0.011366156275957627,0.017994439863032206,0.47255416666666666
0,2.0,closed,available,8,-0.00912897372786059,0.4822246547316753,0.47255416666666666
0,2.0,closed,available,9,0.004413296604932724,-0.0023197841931374436,0.47255416666666666
0,2.0,closed,available,10,0.003466567259057085,0.3834823312575018,0.47255416666666666
0,2.0,closed,available,11,0.0027843019090875165,0.8311003365613105,0.47255416666666666
0,2.0,closed,available,12,0.018696807718179137,0.08310720621144471,0.47255416666666666
0,2.0,closed,available,13,0.008501018701131291,-0.4994750663477035,0.47255416666666666
0,2.0,closed,available,14,0.012244354058548639,-0.004888071799495761,0.47255416666666666
0,2.0,closed,available,15,0.0032743794228297096,-0.22705316168036435,0.47255416666666666
0,2.0,closed,available,16,-0.01745292900201345,0.230236757091006,0.47255416666666666
0,2.0,closed,available,17,-0.01585810644077923,0.008466739327329584,0.47255416666666666
0,2.0,closed,available,18,-0.010550462531449645,-0.1591560516902019,0.47255416666666666
0,2.0,closed,available,19,0.003280582097518192,-0.4214691978364702,0.47255416666666666
0,2.0,closed,available,20,-0.000503984739783192,0.9391716077235102,0.47255416666666666
0,2.0,closed,available,21,0.014041008842933217,0.22897377376119488,0.47255416666666666
0,2.0,closed,available,22,-0.001261952606930239,-0.3362850900226339,0.47255416666666666
0,2.0,closed,available,23,-0.0054299297867996255,-0.24319503127264328,0.47255416666666666
0,2.0,closed,available,24,0.025609922108495997,-0.1553498352967779,0.47255416666666666
0,2.0,closed,available,25,0.0046034510293744835,0.3256486574482214,0.47255416666666666
0,2.0,closed,available,26,-0.0018906663498369225,0.3112769295154699,0.47255416666666666
0,2.0,closed,available,27,-0.01780438276413336,-0.1063819126796539,0.47255416666666666
0,2.0,closed,available,28,-0.004271141618514274,-0.6604877788453963,0.47255416666666666
0,2.0,closed,available,29,-0.000346830885107563,0.910171253166482,0.47255416666666666
0,2.0,closed,available,30,0.02495067770495485,-0.36294996854780504,0.47255416666666666
0,2.0,closed,available,31,0.008364819335908602,-0.7167631483254567,0.47255416666666666
0,2.0,closed,available,32,-0.0048453710272986505,0.3382691552336032,0.47255416666666666
0,2.0,closed,available,33,-0.007794069032986961,0.7944115002896123,0.47255416666666666
0,2.0,closed,available,34,-0.002046490644908472,0.5643078095857036,0.47255416666666666
0,2.0,closed,available,35,-0.0035858105040610377,-0.5439981552359785,0.47255416666666666
0,2.0,closed,available,36,-0.009124328386371259,-0.004168486894456624,0.47255416666666666
0,2.0,closed,available,37,0.006783343054063584,0.07052571969848104,0.47255416666666666
0,2.0,closed,available,38,-0.003558898628676104,-0.0010322939308789348,0.47255416666666666
0,2.0,closed,available,39,-0.0011329433908322528,-0.426183786402676,0.47255416666666666
0,2.0,closed,available,40,0.017978689006172707,-0.09943538640186968,0.47255416666666666
0,2.0,closed,available,41,-0.000520734481384082,0.006205465135376767,0.47255416666666666
0,2.0,closed,available,42,-0.005727342157518245,0.6808217155417825,0.47255416666666666
0,2.0,closed,available,43,0.015327513157732632,0.005621972004410556,0.47255416666666666
0,2.0,closed,available,44,0.006879676983308991,-0.4220947351670685,0.47255416666666666
0,2.0,closed,available,45,-0.002077576332961675,0.006707278969552182,0.47255416666666666
0,2.0,closed,available,46,0.0012144641921196797,-0.834218952094721,0.47255416666666666
0,2.0,closed,available,47,0.0005006179887724338,-0.7852993623493973,0.47255416666666666
0,2.0,closed,available,48,0.003060262045673429,-0.0014063295264293385,0.47255416666666666
0,2.0,closed,available,49,0.012348869907326029,0.0043793964272147426,0.47255416666666666
0,2.0,closed,available,50,0.007941367805824051,-0.004324456458204781,0.47255416666666666
0,2.0,closed,available,51,-0.00035244475269215203,-0.09094181651880581,0.47255416666666666
0,2.0,closed,available,52,0.01377070775879147,-0.015896271695640566,0.47255416666666666
0,2.0,closed,available,53,-0.005580787557841749,-0.6256963817788251,0.47255416666666666
0,2.0,closed,available,54,-0.025433803912063478,-0.000728747343420883,0.47255416666666666
0,2.0,closed,available,55,0.003320015820679617,-0.188277737229144,0.47255416666666666
0,2.0,closed,available,56,0.00029792131835715274,0.5586063147545668,0.47255416666666666
0,2.0,closed,available,57,0.010031360718406435,-0.14911482177861707,0.47255416666666666
0,2.0,closed,available,58,-0.011208777374187982,-0.007811870508598324,0.47255416666666666
0,2.0,closed,available,59,-0.015006050104932278,0.19367971004025877,0.47255416666666666
0,2.0,closed,available,60,-0.0038524320275288046,0.006510261189537404,0.47255416666666666
0,2.0,closed,available,61,-0.009991274973926318,-0.006759692638449199,0.47255416666666666
0,2.0,closed,available,62,-0.006373767276811916,0.007121234269965226,0.47255416666666666
0,2.0,closed,available,63,0.0123973027667927,1.4250955501788396e-05,0.47255416666666666
0,2.0,closed,available,64,-0.01645378041360618,-0.13612700747858839,0.47255416666666666
0,2.0,closed,available,65,0.003471300807082578,-0.5932290610791823,0.47255416666666666
0,2.0,closed,mi_obs,0,0.019157505961685806,0.4591335099145158,0.47255416666666666
0,2.0,closed,mi_obs,1,0.010440327178218523,0.31133524100456184,0.47255416666666666
0,2.0,closed,mi_obs,2,-0.00645214429768326,-0.25721734056276496,0.47255416666666666
0,2.0,closed,mi_obs,3,-0.008644640831873995,0.3260637826262343,0.47255416666666666
0,2.0,closed,mi_obs,4,-0.026896915883500738,-0.011475356970383285,0.47255416666666666
0,2.0,closed,mi_obs,5,-0.05908699388574601,-0.7714532568295219,0.47255416666666666
0,2.0,closed,mi_obs,6,0.08430205110011119,0.229981218168349,0.47255416666666666
0,2.0,closed,mi_obs,7,0.0007459432682643506,0.017994439863032206,0.47255416666666666
0,2.0,closed,mi_obs,8,0.023234443016301398,0.4822246547316753,0.47255416666666666
0,2.0,closed,mi_obs,9,0.0003730310575790609,-0.0023197841931374436,0.47255416666666666
0,2.0,closed,mi_obs,10,0.015121578701642102,0.3834823312575018,0.47255416666666666
0,2.0,closed,mi_obs,11,0.013730218866689237,0.8311003365613105,0.47255416666666666
0,2.0,closed,mi_obs,12,0.01046807052785452,0.08310720621144471,0.47255416666666666
0,2.0,closed,mi_obs,13,-0.030114666333819595,-0.4994750663477035,0.47255416666666666
0,2.0,closed,mi_obs,14,-0.0077384493693829345,-0.004888071799495761,0.47255416666666666
0,2.0,closed,mi_obs,15,-0.0234919214528633,-0.22705316168036435,0.47255416666666666
0,2.0,closed,mi_obs,16,0.032843956715323086,0.230236757091006,0.47255416666666666
0,2.0,closed,mi_obs,17,-0.002399668572866616,0.008466739327329584,0.47255416666666666
0,2.0,closed,mi_obs,18,-0.02882703737099751,-0.1591560516902019,0.47255416666666666
0,2.0,closed,mi_obs,19,-0.008451554442938214,-0.4214691978364702,0.47255416666666666
0,2.0,closed,mi_obs,20,0.0020409740186506653,0.9391716077235102,0.47255416666666666
0,2.0,closed,mi_obs,21,0.01119614689225229,0.22897377376119488,0.47255416666666666
0,2.0,closed,mi_obs,22,-0.021696807734113532,-0.3362850900226339,0.47255416666666666
0,2.0,closed,mi_obs,23,0.01052637603626766,-0.24319503127264328,0.47255416666666666
0,2.0,closed,mi_obs,24,-0.012678443452210891,-0.1553498352967779,0.47255416666666666
0,2.0,closed,mi_obs,25,-0.008241155376454257,0.3256486574482214,0.47255416666666666
0,2.0,closed,mi_obs,26,0.0032238734803988756,0.3112769295154699,0.47255416666666666
0,2.0,closed,mi_obs,27,-0.03387165928551049,-0.1063819126796539,0.47255416666666666
0,2.0,closed,mi_obs,28,-0.038460222283748124,-0.6604877788453963,0.47255416666666666
0,2.0,closed,mi_obs,29,0.020615774859411573,0.910171253166482,0.47255416666666666
0,2.0,closed,mi_obs,30,0.013781134178760424,-0.36294996854780504,0.47255416666666666
0,2.0,closed,mi_obs,31,0.014762202085760623,-0.7167631483254567,0.47255416666666666
0,2.0,closed,mi_obs,32,0.034386457772306034,0.3382691552336032,0.47255416666666666
0,2.0,closed,mi_obs,33,-0.022312579127997334,0.7944115002896123,0.47255416666666666
0,2.0,closed,mi_obs,34,0.008765685361400877,0.5643078095857036,0.47255416666666666
0,2.0,closed,mi_obs,35,0.04823153060980523,-0.5439981552359785,0.47255416666666666
0,2.0,closed,mi_obs,36,-0.00945897175199327,-0.004168486894456624,0.47255416666666666
0,2.0,closed,mi_obs,37,-0.0022215707760692427,0.07052571969848104,0.47255416666666666
0,2.0,closed,mi_obs,38,-0.026897311290922883,-0.0010322939308789348,0.47255416666666666
0,2.0,closed,mi_obs,39,-0.022526734387111114,-0.426183786402676,0.47255416666666666
0,2.0,closed,mi_obs,40,0.03247543016613984,-0.09943538640186968,0.47255416666666666
0,2.0,closed,mi_obs,41,-0.0004776253450239961,0.006205465135376767,0.47255416666666666
0,2.0,closed,mi_obs,42,0.055586950319272854,0.6808217155417825,0.47255416666666666
0,2.0,closed,mi_obs,43,-0.026569124320056307,0.005621972004410556,0.47255416666666666
0,2.0,closed,mi_obs,44,-0.011711564595237756,-0.4220947351670685,0.47255416666666666
0,2.0,closed,mi_obs,45,0.030531691562953458,0.006707278969552182,0.47255416666666666
0,2.0,closed,mi_obs,46,0.030726837443496247,-0.834218952094721,0.47255416666666666
0,2.0,closed,mi_obs,47,0.007386386674708478,-0.7852993623493973,0.47255416666666666
0,2.0,closed,mi_obs,48,-0.045865649259432234,-0.0014063295264293385,0.47255416666666666
0,2.0,closed,mi_obs,49,0.010266467706751256,0.0043793964272147426,0.47255416666666666
0,2.0,closed,mi_obs,50,-0.004119070100100601,-0.004324456458204781,0.47255416666666666
0,2.0,closed,mi_obs,51,-0.061392050221010575,-0.09094181651880581,0.47255416666666666
0,2.0,closed,mi_obs,52,-0.0025254498350112536,-0.015896271695640566,0.47255416666666666
0,2.0,closed,mi_obs,53,-0.07458117759239635,-0.6256963817788251,0.47255416666666666
0,2.0,closed,mi_obs,54,-0.0043583036705486635,-0.000728747343420883,0.47255416666666666
0,2.0,closed,mi_obs,55,-0.0194146001096189,-0.188277737229144,0.47255416666666666
0,2.0,closed,mi_obs,56,-0.044444074695006885,0.5586063147545668,0.47255416666666666
0,2.0,closed,mi_obs,57,0.01478302848827659,-0.14911482177861707,0.47255416666666666
0,2.0,closed,mi_obs,58,0.0013535642059445815,-0.007811870508598324,0.47255416666666666
0,2.0,closed,mi_obs,59,0.018730062426003252,0.19367971004025877,0.47255416666666666
0,2.0,closed,mi_obs,60,-0.018860786897577166,0.006510261189537404,0.47255416666666666
0,2.0,closed,mi_obs,61,-0.014350625419508682,-0.006759692638449199,0.47255416666666666
0,2.0,closed,mi_obs,62,0.007146264999481044,0.007121234269965226,0.47255416666666666
0,2.0,closed,mi_obs,63,0.01917989088873409,1.4250955501788396e-05,0.47255416666666666
0,2.0,closed,mi_obs,64,-0.016830896679097956,-0.13612700747858839,0.47255416666666666
0,2.0,closed,mi_obs,65,-0.024302828129788234,-0.5932290610791823,0.47255416666666666
0,2.0,closed,mi_class,0,-0.025986767483174134,0.4591335099145158,0.47255416666666666
0,2.0,closed,mi_class,1,-0.11870237199392183,0.31133524100456184,0.47255416666666666
0,2.0,closed,mi_class,2,0.039556969901107325,-0.25721734056276496,0.47255416666666666
0,2.0,closed,mi_class,3,-0.17238814762192411,0.3260637826262343,0.47255416666666666
0,2.0,closed,mi_class,4,0.014389908692455386,-0.011475356970383285,0.47255416666666666
0,2.0,closed,mi_class,5,0.1675949316929788,-0.7714532568295219,0.47255416666666666
0,2.0,closed,mi_class,6,-0.11423440137358358,0.229981218168349,0.47255416666666666
0,2.0,closed,mi_class,7,-0.016961374802369512,0.017994439863032206,0.47255416666666666
0,2.0,closed,mi_class,8,-0.0077911979692252276,0.4822246547316753,0.47255416666666666
0,2.0,closed,mi_class,9,0.007299134960976897,-0.0023197841931374436,0.47255416666666666
0,2.0,closed,mi_class,10,-0.00221900131494146,0.3834823312575018,0.47255416666666666
0,2.0,closed,mi_class,11,-0.35022683358882684,0.8311003365613105,0.47255416666666666
0,2.0,closed,mi_class,12,-0.004082337064867353,0.08310720621144471,0.47255416666666666
0,2.0,closed,mi_class,13,0.13577252100759424,-0.4994750663477035,0.47255416666666666
0,2.0,closed,mi_class,14,0.002303693324081916,-0.004888071799495761,0.47255416666666666
0,2.0,closed,mi_class,15,0.0709999050005864,-0.22705316168036435,0.47255416666666666
0,2.0,closed,mi_class,16,-0.13362831206700726,0.230236757091006,0.47255416666666666
0,2.0,closed,mi_class,17,-0.0058872982039880235,0.008466739327329584,0.47255416666666666
0,2.0,closed,mi_class,18,0.014307614251004824,-0.1591560516902019,0.47255416666666666
0,2.0,closed,mi_class,19,0.3696286793358216,-0.4214691978364702,0.47255416666666666
0,2.0,closed,mi_class,20,-0.08241005923201317,0.9391716077235102,0.47255416666666666
0,2.0,closed,mi_class,21,-0.04631685950989553,0.22897377376119488,0.47255416666666666
0,2.0,closed,mi_class,22,0.19418499426582855,-0.3362850900226339,0.47255416666666666
0,2.0,closed,mi_class,23,0.15903486530375727,-0.24319503127264328,0.47255416666666666
0,2.0,closed,mi_class,24,0.11072124986249213,-0.1553498352967779,0.47255416666666666
0,2.0,closed,mi_class,25,-0.238236441436033,0.3256486574482214,0.47255416666666666
0,2.0,closed,mi_class,26,-0.20718078586806177,0.3112769295154699,0.47255416666666666
0,2.0,closed,mi_class,27,0.04131987143735018,-0.1063819126796539,0.47255416666666666
0,2.0,closed,mi_class,28,-0.10717676968109568,-0.6604877788453963,0.47255416666666666
0,2.0,closed,mi_class,29,-0.38838735463032503,0.910171253166482,0.47255416666666666
0,2.0,closed,mi_class,30,0.17307856898283538,-0.36294996854780504,0.47255416666666666
0,2.0,closed,mi_class,31,0.10167557706635322,-0.7167631483254567,0.47255416666666666
0,2.0,closed,mi_class,32,-0.06029424186517279,0.3382691552336032,0.47255416666666666
0,2.0,closed,mi_class,33,-0.23970195917244164,0.7944115002896123,0.47255416666666666
0,2.0,closed,mi_class,34,-0.06673398376337009,0.5643078095857036,0.47255416666666666
0,2.0,closed,mi_class,35,-0.06780329455410472,-0.5439981552359785,0.47255416666666666
0,2.0,closed,mi_class,36,-0.04828434086438738,-0.004168486894456624,0.47255416666666666
0,2.0,closed,mi_class,37,-0.0022720389127098423,0.07052571969848104,0.47255416666666666
0,2.0,closed,mi_class,38,-0.0035826361477096476,-0.0010322939308789348,0.47255416666666666
0,2.0,closed,mi_class,39,0.08240745208640121,-0.426183786402676,0.47255416666666666
0,2.0,closed,mi_class,40,0.4514706695516332,-0.09943538640186968,0.47255416666666666
0,2.0,closed,mi_class,41,-0.0031299011319085536,0.006205465135376767,0.47255416666666666
0,2.0,closed,mi_class,42,-0.2191374024962074,0.6808217155417825,0.47255416666666666
0,2.0,closed,mi_class,43,-0.00016617780022276478,0.005621972004410556,0.47255416666666666
0,2.0,closed,mi_class,44,0.09030600473308525,-0.4220947351670685,0.47255416666666666
0,2.0,closed,mi_class,45,-0.0008907321075290429,0.006707278969552182,0.47255416666666666
0,2.0,closed,mi_class,46,0.2759513783249524,-0.834218952094721,0.47255416666666666
0,2.0,closed,mi_class,47,-0.008552924580710108,-0.7852993623493973,0.47255416666666666
0,2.0,closed,mi_class,48,-0.0011879714652669468,-0.0014063295264293385,0.47255416666666666
0,2.0,closed,mi_class,49,-0.003095034556922136,0.0043793964272147426,0.47255416666666666
0,2.0,closed,mi_class,50,0.008264334163990018,-0.004324456458204781,0.47255416666666666
0,2.0,closed,mi_class,51,0.02835785514723667,-0.09094181651880581,0.47255416666666666
0,2.0,closed,mi_class,52,0.007927152665633503,-0.015896271695640566,0.47255416666666666
0,2.0,closed,mi_class,53,0.08288794407281252,-0.6256963817788251,0.47255416666666666
0,2.0,closed,mi_class,54,0.00018994261985479717,-0.000728747343420883,0.47255416666666666
0,2.0,closed,mi_class,55,0.051032105635483355,-0.188277737229144,0.47255416666666666
0,2.0,closed,mi_class,56,-0.18513305249424178,0.5586063147545668,0.47255416666666666
0,2.0,closed,mi_class,57,0.05922128555975478,-0.14911482177861707,0.47255416666666666
0,2.0,closed,mi_class,58,0.008043875190347879,-0.007811870508598324,0.47255416666666666
0,2.0,closed,mi_class,59,-0.1088236642117814,0.19367971004025877,0.47255416666666666
0,2.0,closed,mi_class,60,-0.00466730331430039,0.006510261189537404,0.47255416666666666
0,2.0,closed,mi_class,61,0.0050985619927733875,-0.006759692638449199,0.47255416666666666
0,2.0,closed,mi_class,62,-0.00570469945940049,0.007121234269965226,0.47255416666666666
0,2.0,closed,mi_class,63,0.0023180867729798624,1.4250955501788396e-05,0.47255416666666666
0,2.0,closed,mi_class,64,0.008140296507952671,-0.13612700747858839,0.47255416666666666
0,2.0,closed,mi_class,65,0.529658258314992,-0.5932290610791823,0.47255416666666666
0,2.0,closed,mi_site,0,0.017394881190912814,0.4591335099145158,0.47255416666666666
0,2.0,closed,mi_site,1,0.009333070314422098,0.31133524100456184,0.47255416666666666
0,2.0,closed,mi_site,2,0.007384692349962113,-0.25721734056276496,0.47255416666666666
0,2.0,closed,mi_site,3,-0.008320615013522825,0.3260637826262343,0.47255416666666666
0,2.0,closed,mi_site,4,-0.026682973327177825,-0.011475356970383285,0.47255416666666666
0,2.0,closed,mi_site,5,-0.05331488048739297,-0.7714532568295219,0.47255416666666666
0,2.0,closed,mi_site,6,0.0711505592132996,0.229981218168349,0.47255416666666666
0,2.0,closed,mi_site,7,0.005135351304715274,0.017994439863032206,0.47255416666666666
0,2.0,closed,mi_site,8,0.016871941743997754,0.4822246547316753,0.47255416666666666
0,2.0,closed,mi_site,9,-0.0021897031506009287,-0.0023197841931374436,0.47255416666666666
0,2.0,closed,mi_site,10,0.013198591010844918,0.3834823312575018,0.47255416666666666
0,2.0,closed,mi_site,11,0.011399193365821514,0.8311003365613105,0.47255416666666666
0,2.0,closed,mi_site,12,0.008743060683060938,0.08310720621144471,0.47255416666666666
0,2.0,closed,mi_site,13,-0.027401876120740465,-0.4994750663477035,0.47255416666666666
0,2.0,closed,mi_site,14,-0.005718885593848235,-0.004888071799495761,0.47255416666666666
0,2.0,closed,mi_site,15,-0.01937508496349072,-0.22705316168036435,0.47255416666666666
0,2.0,closed,mi_site,16,0.028370022598733835,0.230236757091006,0.47255416666666666
0,2.0,closed,mi_site,17,-0.006332112224326903,0.008466739327329584,0.47255416666666666
0,2.0,closed,mi_site,18,-0.01950703704744075,-0.1591560516902019,0.47255416666666666
0,2.0,closed,mi_site,19,-0.009418829644671334,-0.4214691978364702,0.47255416666666666
0,2.0,closed,mi_site,20,0.0014009933581692335,0.9391716077235102,0.47255416666666666
0,2.0,closed,mi_site,21,0.008782441899296362,0.22897377376119488,0.47255416666666666
0,2.0,closed,mi_site,22,-0.016181599982887318,-0.3362850900226339,0.47255416666666666
0,2.0,closed,mi_site,23,0.010508676453682808,-0.24319503127264328,0.47255416666666666
0,2.0,closed,mi_site,24,-0.0043948880222482445,-0.1553498352967779,0.47255416666666666
0,2.0,closed,mi_site,25,-0.004897049763270933,0.3256486574482214,0.47255416666666666
0,2.0,closed,mi_site,26,-0.003150862309669711,0.3112769295154699,0.47255416666666666
0,2.0,closed,mi_site,27,-0.020059248053296577,-0.1063819126796539,0.47255416666666666
0,2.0,closed,mi_site,28,-0.03414416996703895,-0.6604877788453963,0.47255416666666666
0,2.0,closed,mi_site,29,0.017445299032589512,0.910171253166482,0.47255416666666666
0,2.0,closed,mi_site,30,0.0056236716929568,-0.36294996854780504,0.47255416666666666
0,2.0,closed,mi_site,31,0.018489010012340046,-0.7167631483254567,0.47255416666666666
0,2.0,closed,mi_site,32,0.03336521910894291,0.3382691552336032,0.47255416666666666
0,2.0,closed,mi_site,33,-0.014980418962041053,0.7944115002896123,0.47255416666666666
0,2.0,closed,mi_site,34,-0.018396089916350222,0.5643078095857036,0.47255416666666666
0,2.0,closed,mi_site,35,0.03391219977124038,-0.5439981552359785,0.47255416666666666
0,2.0,closed,mi_site,36,-0.017919974454896015,-0.004168486894456624,0.47255416666666666
0,2.0,closed,mi_site,37,0.0010104761337567936,0.07052571969848104,0.47255416666666666
0,2.0,closed,mi_site,38,-0.025031692476265133,-0.0010322939308789348,0.47255416666666666
0,2.0,closed,mi_site,39,-0.02057866139169634,-0.426183786402676,0.47255416666666666
0,2.0,closed,mi_site,40,0.0216229702414628,-0.09943538640186968,0.47255416666666666
0,2.0,closed,mi_site,41,0.011125776149482495,0.006205465135376767,0.47255416666666666
0,2.0,closed,mi_site,42,0.037236152532536426,0.6808217155417825,0.47255416666666666
0,2.0,closed,mi_site,43,-0.022307900959630332,0.005621972004410556,0.47255416666666666
0,2.0,closed,mi_site,44,-0.011449002323553559,-0.4220947351670685,0.47255416666666666
0,2.0,closed,mi_site,45,0.025514210639319846,0.006707278969552182,0.47255416666666666
0,2.0,closed,mi_site,46,0.022258209328357537,-0.834218952094721,0.47255416666666666
0,2.0,closed,mi_site,47,0.010666993806410896,-0.7852993623493973,0.47255416666666666
0,2.0,closed,mi_site,48,-0.047269364731302485,-0.0014063295264293385,0.47255416666666666
0,2.0,closed,mi_site,49,0.010801465459674631,0.0043793964272147426,0.47255416666666666
0,2.0,closed,mi_site,50,-0.0023561893811644974,-0.004324456458204781,0.47255416666666666
0,2.0,closed,mi_site,51,-0.04943355037769154,-0.09094181651880581,0.47255416666666666
0,2.0,closed,mi_site,52,-0.0021703313815500842,-0.015896271695640566,0.47255416666666666
0,2.0,closed,mi_site,53,-0.058125282803271006,-0.6256963817788251,0.47255416666666666
0,2.0,closed,mi_site,54,-0.006657859511590578,-0.000728747343420883,0.47255416666666666
0,2.0,closed,mi_site,55,-0.014738852405912023,-0.188277737229144,0.47255416666666666
0,2.0,closed,mi_site,56,-0.0360271271298096,0.5586063147545668,0.47255416666666666
0,2.0,closed,mi_site,57,0.010039301418597407,-0.14911482177861707,0.47255416666666666
0,2.0,closed,mi_site,58,-0.0024695897251642554,-0.007811870508598324,0.47255416666666666
0,2.0,closed,mi_site,59,0.015555434873693735,0.19367971004025877,0.47255416666666666
0,2.0,closed,mi_site,60,0.0008122577459023566,0.006510261189537404,0.47255416666666666
0,2.0,closed,mi_site,61,-0.012875974149865873,-0.006759692638449199,0.47255416666666666
0,2.0,closed,mi_site,62,0.002482132272303412,0.007121234269965226,0.47255416666666666
0,2.0,closed,mi_site,63,0.011887766619467693,1.4250955501788396e-05,0.47255416666666666
0,2.0,closed,mi_site,64,-0.011072467975706879,-0.13612700747858839,0.47255416666666666
0,2.0,closed,mi_site,65,-0.024916261308674525,-0.5932290610791823,0.47255416666666666
