rep,gamma,alignment,estimator,pair,signed_err,truth,miss_rate
4,0.0,aligned,available,0,0.0003826368900553545,0.7911647511183374,0.4715375
4,0.0,aligned,available,1,-0.002829227599873119,0.004615039194883811,0.4715375
4,0.0,aligned,available,2,-0.0003954759991666723,-0.8880824402955562,0.4715375
4,0.0,aligned,available,3,0.0018362155919766643,0.15638084430809235,0.4715375
4,0.0,aligned,available,4,-0.004278608595169153,0.6703400688985136,0.4715375
4,0.0,aligned,available,5,-0.0009253108540275834,-0.673333010961493,0.4715375
4,0.0,aligned,available,6,0.006554343532900853,-0.794921827449163,0.4715375
4,0.0,aligned,available,7,0.011555921155530835,-0.3136111280819655,0.4715375
4,0.0,aligned,available,8,-0.014822746182792074,0.03265474377416209,0.4715375
4,0.0,aligned,available,9,0.010635699348637319,0.00977056614521055,0.4715375
4,0.0,aligned,available,10,0.0013087744725848172,0.7660268220862815,0.4715375
4,0.0,aligned,available,11,0.0021298227212626676,0.009169180823466792,0.4715375
4,0.0,aligned,available,12,0.0036499298234257127,-0.7018804066954526,0.4715375
4,0.0,aligned,available,13,0.004607247194148567,0.359165820702975,0.4715375
4,0.0,aligned,available,14,-0.003984059889337144,0.5308167589766962,0.4715375
4,0.0,aligned,available,15,0.009530490601424968,-0.5383056847614536,0.4715375
4,0.0,aligned,available,16,0.0024157589996574025,-0.6285607651619167,0.4715375
4,0.0,aligned,available,17,0.010556585992589573,-0.26659714718661504,0.4715375
4,0.0,aligned,available,18,-0.024345014306236604,0.02740379560137246,0.4715375
4,0.0,aligned,available,19,0.00860455783850567,0.000685639278573371,0.4715375
4,0.0,aligned,available,20,-0.004632580872695469,0.6122798942534295,0.4715375
4,0.0,aligned,available,21,0.013229208931317581,-0.000403316687818537,0.4715375
4,0.0,aligned,available,22,-0.011915409554835051,0.013087172740268549,0.4715375
4,0.0,aligned,available,23,0.02605215710357098,0.0009463312487242708,0.4715375
4,0.0,aligned,available,24,0.0040106092693096285,-0.39634066518386124,0.4715375
4,0.0,aligned,available,25,-0.016254020742287652,0.001457755759556564,0.4715375
4,0.0,aligned,available,26,-0.007995228155383949,0.3152802155890265,0.4715375
4,0.0,aligned,available,27,-0.015483747963151464,0.0004541605705388636,0.4715375
4,0.0,aligned,available,28,-0.0047833617636230666,0.007656312982796125,0.4715375
4,0.0,aligned,available,29,-0.0036366612166290335,0.31905244065214056,0.4715375
4,0.0,aligned,available,30,-0.0012835129532781098,-0.13979910656562297,0.4715375
4,0.0,aligned,available,31,-0.005407246069015437,-0.5942933520638682,0.4715375
4,0.0,aligned,available,32,0.007994285573559856,0.5947530512201491,0.4715375
4,0.0,aligned,available,33,0.0016963405095931083,0.7061167038308802,0.4715375
4,0.0,aligned,available,34,-0.009225879844144913,0.28003748094826436,0.4715375
4,0.0,aligned,available,35,0.0073989551497863,-0.030412612664253734,0.4715375
4,0.0,aligned,available,36,-0.00028454208367774923,-0.009385237017568401,0.4715375
4,0.0,aligned,available,37,-0.004410079734132433,-0.7316508236864587,0.4715375
4,0.0,aligned,available,38,0.0026618327930836294,0.40497112599367596,0.4715375
4,0.0,aligned,available,39,-0.002728482554467171,-0.4840771959276909,0.4715375
4,0.0,aligned,available,40,-0.006017409145281538,0.20098952118493033,0.4715375
4,0.0,aligned,available,41,0.005131079800148708,0.6166517881319286,0.4715375
4,0.0,aligned,available,42,-0.006307457415605122,0.7399630565221696,0.4715375
4,0.0,aligned,available,43,0.00744441860579439,0.00557291651791729,0.4715375
4,0.0,aligned,available,44,0.005932313912003995,0.42206584410215375,0.4715375
4,0.0,aligned,available,45,0.002560043265310341,-0.6949631388326238,0.4715375
4,0.0,aligned,available,46,0.002638435694978125,-0.5304190530594354,0.4715375
4,0.0,aligned,available,47,0.008733013030068432,0.034236302159466714,0.4715375
4,0.0,aligned,available,48,0.006022415394469904,0.5085936357037404,0.4715375
4,0.0,aligned,available,49,0.00900161693811966,0.010515989559191643,0.4715375
4,0.0,aligned,available,50,-0.0005126342123549232,0.706863442715431,0.4715375
4,0.0,aligned,available,51,-0.0025122375584776813,0.40172448087671087,0.4715375
4,0.0,aligned,available,52,-0.008109815328740083,-0.21506718460441923,0.4715375
4,0.0,aligned,available,53,0.014744837054176507,-0.526244820799774,0.4715375
4,0.0,aligned,available,54,-0.006689994747538983,-0.010972798628763769,0.4715375
4,0.0,aligned,available,55,-0.0014646511012748054,-0.9524720796521485,0.4715375
4,0.0,aligned,available,56,-0.0008921422168461923,0.5162709916297887,0.4715375
4,0.0,aligned,available,57,0.002879768535288124,0.23282216861312469,0.4715375
4,0.0,aligned,available,58,-0.01716472359397433,-0.008063621731218513,0.4715375
4,0.0,aligned,available,59,0.005092284610467679,-0.5025468568785094,0.4715375
4,0.0,aligned,available,60,-0.0010461094359975887,0.5862586756433396,0.4715375
4,0.0,aligned,available,61,-0.01060942872022641,0.4191512476510883,0.4715375
4,0.0,aligned,available,62,0.01588010038723013,0.09772318481103827,0.4715375
4,0.0,aligned,available,63,-0.01382200898098615,0.006555510010937634,0.4715375
4,0.0,aligned,available,64,-0.012937643793497655,0.4268352276694283,0.4715375
4,0.0,aligned,available,65,0.004478438332831337,0.008312679871008916,0.4715375
4,0.0,aligned,mi_obs,0,0.010973669546810227,0.7911647511183374,0.4715375
4,0.0,aligned,mi_obs,1,-0.010968636447899742,0.004615039194883811,0.4715375
4,0.0,aligned,mi_obs,2,-0.052718150922957285,-0.8880824402955562,0.4715375
4,0.0,aligned,mi_obs,3,-0.004827254605071052,0.15638084430809235,0.4715375
4,0.0,aligned,mi_obs,4,0.04890070827769755,0.6703400688985136,0.4715375
4,0.0,aligned,mi_obs,5,-0.008327461303816897,-0.673333010961493,0.4715375
4,0.0,aligned,mi_obs,6,-0.07362477984582816,-0.794921827449163,0.4715375
4,0.0,aligned,mi_obs,7,-0.07399227924073648,-0.3136111280819655,0.4715375
4,0.0,aligned,mi_obs,8,-0.01886389656825779,0.03265474377416209,0.4715375
4,0.0,aligned,mi_obs,9,0.011682403081386655,0.00977056614521055,0.4715375
4,0.0,aligned,mi_obs,10,0.006422616915773949,0.7660268220862815,0.4715375
4,0.0,aligned,mi_obs,11,-0.005887795333368235,0.009169180823466792,0.4715375
4,0.0,aligned,mi_obs,12,-0.028311682180034214,-0.7018804066954526,0.4715375
4,0.0,aligned,mi_obs,13,0.02400652956823468,0.359165820702975,0.4715375
4,0.0,aligned,mi_obs,14,0.028884012164948847,0.5308167589766962,0.4715375
4,0.0,aligned,mi_obs,15,-0.0047974077732205744,-0.5383056847614536,0.4715375
4,0.0,aligned,mi_obs,16,-0.06518599151298954,-0.6285607651619167,0.4715375
4,0.0,aligned,mi_obs,17,-0.08973534242079867,-0.26659714718661504,0.4715375
4,0.0,aligned,mi_obs,18,-0.024364228590198402,0.02740379560137246,0.4715375
4,0.0,aligned,mi_obs,19,0.00540635265674581,0.000685639278573371,0.4715375
4,0.0,aligned,mi_obs,20,-0.0029945967285330832,0.6122798942534295,0.4715375
4,0.0,aligned,mi_obs,21,-0.02655613842179024,-0.000403316687818537,0.4715375
4,0.0,aligned,mi_obs,22,-0.035476904039397274,0.013087172740268549,0.4715375
4,0.0,aligned,mi_obs,23,-0.011890160198509761,0.0009463312487242708,0.4715375
4,0.0,aligned,mi_obs,24,0.0034976480577648683,-0.39634066518386124,0.4715375
4,0.0,aligned,mi_obs,25,0.01343035762708693,0.001457755759556564,0.4715375
4,0.0,aligned,mi_obs,26,0.02590134255507348,0.3152802155890265,0.4715375
4,0.0,aligned,mi_obs,27,-0.030098629295138714,0.0004541605705388636,0.4715375
4,0.0,aligned,mi_obs,28,0.006639248506604282,0.007656312982796125,0.4715375
4,0.0,aligned,mi_obs,29,-0.0025168346090193583,0.31905244065214056,0.4715375
4,0.0,aligned,mi_obs,30,-0.03545292196616465,-0.13979910656562297,0.4715375
4,0.0,aligned,mi_obs,31,-0.08179897469401343,-0.5942933520638682,0.4715375
4,0.0,aligned,mi_obs,32,0.061767405477217485,0.5947530512201491,0.4715375
4,0.0,aligned,mi_obs,33,0.07917793272310847,0.7061167038308802,0.4715375
4,0.0,aligned,mi_obs,34,0.04634959289741253,0.28003748094826436,0.4715375
4,0.0,aligned,mi_obs,35,-0.04421357471518166,-0.030412612664253734,0.4715375
4,0.0,aligned,mi_obs,36,-0.004618961278200735,-0.009385237017568401,0.4715375
4,0.0,aligned,mi_obs,37,-0.05834122925740037,-0.7316508236864587,0.4715375
4,0.0,aligned,mi_obs,38,0.02665794988561021,0.40497112599367596,0.4715375
4,0.0,aligned,mi_obs,39,-0.0005481702708355907,-0.4840771959276909,0.4715375
4,0.0,aligned,mi_obs,40,-0.06503175643082046,0.20098952118493033,0.4715375
4,0.0,aligned,mi_obs,41,-0.1073095997684218,0.6166517881319286,0.4715375
4,0.0,aligned,mi_obs,42,-0.0035418759805327937,0.7399630565221696,0.4715375
4,0.0,aligned,mi_obs,43,-0.0014661939661243734,0.00557291651791729,0.4715375
4,0.0,aligned,mi_obs,44,0.0005417911181913593,0.42206584410215375,0.4715375
4,0.0,aligned,mi_obs,45,-0.05284769241285092,-0.6949631388326238,0.4715375
4,0.0,aligned,mi_obs,46,-0.05985547474648534,-0.5304190530594354,0.4715375
4,0.0,aligned,mi_obs,47,-0.076600810143575,0.034236302159466714,0.4715375
4,0.0,aligned,mi_obs,48,0.06171279810964203,0.5085936357037404,0.4715375
4,0.0,aligned,mi_obs,49,0.01868323624418669,0.010515989559191643,0.4715375
4,0.0,aligned,mi_obs,50,0.043488849813625996,0.706863442715431,0.4715375
4,0.0,aligned,mi_obs,51,0.06590495176474664,0.40172448087671087,0.4715375
4,0.0,aligned,mi_obs,52,0.08461659632786825,-0.21506718460441923,0.4715375
4,0.0,aligned,mi_obs,53,-0.007881615158034538,-0.526244820799774,0.4715375
4,0.0,aligned,mi_obs,54,0.0042411054784369335,-0.010972798628763769,0.4715375
4,0.0,aligned,mi_obs,55,-0.010724631071272528,-0.9524720796521485,0.4715375
4,0.0,aligned,mi_obs,56,0.01938507583132487,0.5162709916297887,0.4715375
4,0.0,aligned,mi_obs,57,-0.023284061886535562,0.23282216861312469,0.4715375
4,0.0,aligned,mi_obs,58,-0.03724374787920878,-0.008063621731218513,0.4715375
4,0.0,aligned,mi_obs,59,-0.06087720708230404,-0.5025468568785094,0.4715375
4,0.0,aligned,mi_obs,60,-0.0796624466455772,0.5862586756433396,0.4715375
4,0.0,aligned,mi_obs,61,0.061863042469386065,0.4191512476510883,0.4715375
4,0.0,aligned,mi_obs,62,-0.07737804830912243,0.09772318481103827,0.4715375
4,0.0,aligned,mi_obs,63,-0.016982099505535534,0.006555510010937634,0.4715375
4,0.0,aligned,mi_obs,64,-0.0002009160286305378,0.4268352276694283,0.4715375
4,0.0,aligned,mi_obs,65,-0.00103519899772434,0.008312679871008916,0.4715375
4,0.0,aligned,mi_class,0,-0.032649228582523726,0.7911647511183374,0.4715375
4,0.0,aligned,mi_class,1,0.0025600497927820154,0.004615039194883811,0.4715375
4,0.0,aligned,mi_class,2,0.049757249358626465,-0.8880824402955562,0.4715375
4,0.0,aligned,mi_class,3,0.11590768930218753,0.15638084430809235,0.4715375
4,0.0,aligned,mi_class,4,-0.16988852392966736,0.6703400688985136,0.4715375
4,0.0,aligned,mi_class,5,0.0792364686113487,-0.673333010961493,0.4715375
4,0.0,aligned,mi_class,6,0.03524443518457798,-0.794921827449163,0.4715375
4,0.0,aligned,mi_class,7,0.13926304267794523,-0.3136111280819655,0.4715375
4,0.0,aligned,mi_class,8,-0.010726793298582647,0.03265474377416209,0.4715375
4,0.0,aligned,mi_class,9,0.06284573241229217,0.00977056614521055,0.4715375
4,0.0,aligned,mi_class,10,-0.028167441807302795,0.7660268220862815,0.4715375
4,0.0,aligned,mi_class,11,-0.016512376575080923,0.009169180823466792,0.4715375
4,0.0,aligned,mi_class,12,0.010945503586912153,-0.7018804066954526,0.4715375
4,0.0,aligned,mi_class,13,0.019473084814413122,0.359165820702975,0.4715375
4,0.0,aligned,mi_class,14,-0.1388421025187474,0.5308167589766962,0.4715375
4,0.0,aligned,mi_class,15,0.07532238663492241,-0.5383056847614536,0.4715375
4,0.0,aligned,mi_class,16,0.01193790928823324,-0.6285607651619167,0.4715375
4,0.0,aligned,mi_class,17,0.13138905498559944,-0.26659714718661504,0.4715375
4,0.0,aligned,mi_class,18,-0.018877094541204842,0.02740379560137246,0.4715375
4,0.0,aligned,mi_class,19,-0.01024603718107147,0.000685639278573371,0.4715375
4,0.0,aligned,mi_class,20,-0.016700504466902744,0.6122798942534295,0.4715375
4,0.0,aligned,mi_class,21,0.015813463651856915,-0.000403316687818537,0.4715375
4,0.0,aligned,mi_class,22,0.05846371433090754,0.013087172740268549,0.4715375
4,0.0,aligned,mi_class,23,0.004085005654461051,0.0009463312487242708,0.4715375
4,0.0,aligned,mi_class,24,0.11601429836075827,-0.39634066518386124,0.4715375
4,0.0,aligned,mi_class,25,0.055630392075375464,0.001457755759556564,0.4715375
4,0.0,aligned,mi_class,26,-0.1412087967214461,0.3152802155890265,0.4715375
4,0.0,aligned,mi_class,27,-0.024463661547234204,0.0004541605705388636,0.4715375
4,0.0,aligned,mi_class,28,0.008121920903103624,0.007656312982796125,0.4715375
4,0.0,aligned,mi_class,29,-0.019015921567086314,0.31905244065214056,0.4715375
4,0.0,aligned,mi_class,30,-0.1531736422063332,-0.13979910656562297,0.4715375
4,0.0,aligned,mi_class,31,0.08806381527579255,-0.5942933520638682,0.4715375
4,0.0,aligned,mi_class,32,-0.1456479025081181,0.5947530512201491,0.4715375
4,0.0,aligned,mi_class,33,-0.04467019855216103,0.7061167038308802,0.4715375
4,0.0,aligned,mi_class,34,-0.10710729662920218,0.28003748094826436,0.4715375
4,0.0,aligned,mi_class,35,0.011565340517357608,-0.030412612664253734,0.4715375
4,0.0,aligned,mi_class,36,0.003920316574757345,-0.009385237017568401,0.4715375
4,0.0,aligned,mi_class,37,0.05235485554397201,-0.7316508236864587,0.4715375
4,0.0,aligned,mi_class,38,-0.059316617279009054,0.40497112599367596,0.4715375
4,0.0,aligned,mi_class,39,0.12716708864216486,-0.4840771959276909,0.4715375
4,0.0,aligned,mi_class,40,-0.15171309330639354,0.20098952118493033,0.4715375
4,0.0,aligned,mi_class,41,-0.22478884584232928,0.6166517881319286,0.4715375
4,0.0,aligned,mi_class,42,-0.24664957932475912,0.7399630565221696,0.4715375
4,0.0,aligned,mi_class,43,0.0022100781891657402,0.00557291651791729,0.4715375
4,0.0,aligned,mi_class,44,0.07836910178961809,0.42206584410215375,0.4715375
4,0.0,aligned,mi_class,45,0.1069698755878129,-0.6949631388326238,0.4715375
4,0.0,aligned,mi_class,46,0.07863575692788949,-0.5304190530594354,0.4715375
4,0.0,aligned,mi_class,47,0.03200354464545824,0.034236302159466714,0.4715375
4,0.0,aligned,mi_class,48,-0.20112047878208567,0.5085936357037404,0.4715375
4,0.0,aligned,mi_class,49,0.00339195812445329,0.010515989559191643,0.4715375
4,0.0,aligned,mi_class,50,-0.16337384483697115,0.706863442715431,0.4715375
4,0.0,aligned,mi_class,51,-0.04069678788854514,0.40172448087671087,0.4715375
4,0.0,aligned,mi_class,52,-0.0015815189008283326,-0.21506718460441923,0.4715375
4,0.0,aligned,mi_class,53,0.2467028280396712,-0.526244820799774,0.4715375
4,0.0,aligned,mi_class,54,0.00555541039498705,-0.010972798628763769,0.4715375
4,0.0,aligned,mi_class,55,0.1321025234780554,-0.9524720796521485,0.4715375
4,0.0,aligned,mi_class,56,-0.19112724920712926,0.5162709916297887,0.4715375
4,0.0,aligned,mi_class,57,-0.05966870441821273,0.23282216861312469,0.4715375
4,0.0,aligned,mi_class,58,0.01022613087419054,-0.008063621731218513,0.4715375
4,0.0,aligned,mi_class,59,0.03902576127472368,-0.5025468568785094,0.4715375
4,0.0,aligned,mi_class,60,-0.3187412249887299,0.5862586756433396,0.4715375
4,0.0,aligned,mi_class,61,-0.19480931244766833,0.4191512476510883,0.4715375
4,0.0,aligned,mi_class,62,-0.03167606950404746,0.09772318481103827,0.4715375
4,0.0,aligned,mi_class,63,-0.0041089396347913166,0.006555510010937634,0.4715375
4,0.0,aligned,mi_class,64,-0.08840486464952385,0.4268352276694283,0.4715375
4,0.0,aligned,mi_class,65,0.00770006519787682,0.008312679871008916,0.4715375
4,0.0,aligned,mi_site,0,-0.058995098931171386,0.7911647511183374,0.4715375
4,0.0,aligned,mi_site,1,-0.00033413509151200647,0.004615039194883811,0.4715375
4,0.0,aligned,mi_site,2,0.18824156328009467,-0.8880824402955562,0.4715375
4,0.0,aligned,mi_site,3,0.023606825187292707,0.15638084430809235,0.4715375
4,0.0,aligned,mi_site,4,-0.021503909313293712,0.6703400688985136,0.4715375
4,0.0,aligned,mi_site,5,0.09064862631249349,-0.673333010961493,0.4715375
4,0.0,aligned,mi_site,6,0.015991020495172092,-0.794921827449163,0.4715375
4,0.0,aligned,mi_site,7,0.010439311324528022,-0.3136111280819655,0.4715375
4,0.0,aligned,mi_site,8,-0.01840754506084758,0.03265474377416209,0.4715375
4,0.0,aligned,mi_site,9,0.0010273374957321599,0.00977056614521055,0.4715375
4,0.0,aligned,mi_site,10,-0.06771753222941701,0.7660268220862815,0.4715375
4,0.0,aligned,mi_site,11,-0.003212944664329938,0.009169180823466792,0.4715375
4,0.0,aligned,mi_site,12,0.13670381238003926,-0.7018804066954526,0.4715375
4,0.0,aligned,mi_site,13,0.019664709035893735,0.359165820702975,0.4715375
4,0.0,aligned,mi_site,14,0.004629704212136487,0.5308167589766962,0.4715375
4,0.0,aligned,mi_site,15,0.04967527303259228,-0.5383056847614536,0.4715375
4,0.0,aligned,mi_site,16,-0.03289456533226254,-0.6285607651619167,0.4715375
4,0.0,aligned,mi_site,17,-0.02923167821183853,-0.26659714718661504,0.4715375
4,0.0,aligned,mi_site,18,-0.025223549232103973,0.02740379560137246,0.4715375
4,0.0,aligned,mi_site,19,-0.0007252135883941912,0.000685639278573371,0.4715375
4,0.0,aligned,mi_site,20,-0.025180592002894575,0.6122798942534295,0.4715375
4,0.0,aligned,mi_site,21,-0.01858213779528059,-0.000403316687818537,0.4715375
4,0.0,aligned,mi_site,22,-0.021168069527188915,0.013087172740268549,0.4715375
4,0.0,aligned,mi_site,23,0.019865942667252404,0.0009463312487242708,0.4715375
4,0.0,aligned,mi_site,24,0.023551457962380118,-0.39634066518386124,0.4715375
4,0.0,aligned,mi_site,25,-0.006049417159386638,0.001457755759556564,0.4715375
4,0.0,aligned,mi_site,26,0.011671400498725115,0.3152802155890265,0.4715375
4,0.0,aligned,mi_site,27,0.0018469768963794376,0.0004541605705388636,0.4715375
4,0.0,aligned,mi_site,28,0.007383381870302622,0.007656312982796125,0.4715375
4,0.0,aligned,mi_site,29,-0.00980654862984337,0.31905244065214056,0.4715375
4,0.0,aligned,mi_site,30,-0.026611387575356388,-0.13979910656562297,0.4715375
4,0.0,aligned,mi_site,31,0.05149587930082988,-0.5942933520638682,0.4715375
4,0.0,aligned,mi_site,32,-0.08866305041054012,0.5947530512201491,0.4715375
4,0.0,aligned,mi_site,33,-0.048513927010601754,0.7061167038308802,0.4715375
4,0.0,aligned,mi_site,34,-0.017649835934577918,0.28003748094826436,0.4715375
4,0.0,aligned,mi_site,35,-0.017478916467035435,-0.030412612664253734,0.4715375
4,0.0,aligned,mi_site,36,0.010367309621365652,-0.009385237017568401,0.4715375
4,0.0,aligned,mi_site,37,0.1025689245051854,-0.7316508236864587,0.4715375
4,0.0,aligned,mi_site,38,0.037810356184882765,0.40497112599367596,0.4715375
4,0.0,aligned,mi_site,39,0.01187300461330143,-0.4840771959276909,0.4715375
4,0.0,aligned,mi_site,40,-0.11615863292295432,0.20098952118493033,0.4715375
4,0.0,aligned,mi_site,41,-0.11549492584365983,0.6166517881319286,0.4715375
4,0.0,aligned,mi_site,42,-0.039053038679059626,0.7399630565221696,0.4715375
4,0.0,aligned,mi_site,43,-0.02825305339689734,0.00557291651791729,0.4715375
4,0.0,aligned,mi_site,44,0.016610277261919826,0.42206584410215375,0.4715375
4,0.0,aligned,mi_site,45,0.058093388669337,-0.6949631388326238,0.4715375
4,0.0,aligned,mi_site,46,-0.026726774208723936,-0.5304190530594354,0.4715375
4,0.0,aligned,mi_site,47,0.0005838955596317308,0.034236302159466714,0.4715375
4,0.0,aligned,mi_site,48,0.03965316637133964,0.5085936357037404,0.4715375
4,0.0,aligned,mi_site,49,0.006336300329843116,0.010515989559191643,0.4715375
4,0.0,aligned,mi_site,50,0.010939751043984924,0.706863442715431,0.4715375
4,0.0,aligned,mi_site,51,0.05207563091790873,0.40172448087671087,0.4715375
4,0.0,aligned,mi_site,52,0.06994415765075088,-0.21506718460441923,0.4715375
4,0.0,aligned,mi_site,53,0.02671415968113311,-0.526244820799774,0.4715375
4,0.0,aligned,mi_site,54,0.030440606498671294,-0.010972798628763769,0.4715375
4,0.0,aligned,mi_site,55,0.07233257119045111,-0.9524720796521485,0.4715375
4,0.0,aligned,mi_site,56,-0.013632507872570532,0.5162709916297887,0.4715375
4,0.0,aligned,mi_site,57,-0.021274260331048123,0.23282216861312469,0.4715375
4,0.0,aligned,mi_site,58,-0.019564961498541734,-0.008063621731218513,0.4715375
4,0.0,aligned,mi_site,59,-0.04792944434175994,-0.5025468568785094,0.4715375
4,0.0,aligned,mi_site,60,-0.03434775865233053,0.5862586756433396,0.4715375
4,0.0,aligned,mi_site,61,-0.03361650042258474,0.4191512476510883,0.4715375
4,0.0,aligned,mi_site,62,-0.030369935079140112,0.09772318481103827,0.4715375
4,0.0,aligned,mi_site,63,-0.005014351332363752,0.006555510010937634,0.4715375
4,0.0,aligned,mi_site,64,-0.0048770585982010894,0.4268352276694283,0.4715375
4,0.0,aligned,mi_site,65,-0.0012334427461088045,0.008312679871008916,0.4715375
4,0.0,closed,available,0,0.0015296384712272237,0.7911647511183374,0.4715375
4,0.0,closed,available,1,-0.007075790156527652,0.004615039194883811,0.4715375
4,0.0,closed,available,2,-0.0025861350049846132,-0.8880824402955562,0.4715375
4,0.0,closed,available,3,0.0005912780389676353,0.15638084430809235,0.4715375
4,0.0,closed,available,4,-0.0053976653823376575,0.6703400688985136,0.4715375
4,0.0,closed,available,5,0.006903785075189961,-0.673333010961493,0.4715375
4,0.0,closed,available,6,-0.0015710081226657513,-0.794921827449163,0.4715375
4,0.0,closed,available,7,0.0015383575889334478,-0.3136111280819655,0.4715375
4,0.0,closed,available,8,-0.020252375062135647,0.03265474377416209,0.4715375
4,0.0,closed,available,9,0.0019246380935379996,0.00977056614521055,0.4715375
4,0.0,closed,available,10,-0.005016909783432166,0.7660268220862815,0.4715375
4,0.0,closed,available,11,-0.0012867708861278911,0.009169180823466792,0.4715375
4,0.0,closed,available,12,-0.0017250364075651614,-0.7018804066954526,0.4715375
4,0.0,closed,available,13,0.0023358365415218074,0.359165820702975,0.4715375
4,0.0,closed,available,14,0.0015376614439120972,0.5308167589766962,0.4715375
4,0.0,closed,available,15,0.001442046968621602,-0.5383056847614536,0.4715375
4,0.0,closed,available,16,0.003866465392005858,-0.6285607651619167,0.4715375
4,0.0,closed,available,17,-0.0028472903808181016,-0.26659714718661504,0.4715375
4,0.0,closed,available,18,-0.0040478362028883545,0.02740379560137246,0.4715375
4,0.0,closed,available,19,-0.007469915602654151,0.000685639278573371,0.4715375
4,0.0,closed,available,20,0.0023230936909760525,0.6122798942534295,0.4715375
4,0.0,closed,available,21,0.009679879771075997,-0.000403316687818537,0.4715375
4,0.0,closed,available,22,0.0027312742175789086,0.013087172740268549,0.4715375
4,0.0,closed,available,23,-0.002506924570853857,0.0009463312487242708,0.4715375
4,0.0,closed,available,24,0.015087821482891839,-0.39634066518386124,0.4715375
4,0.0,closed,available,25,0.0035904076904183582,0.001457755759556564,0.4715375
4,0.0,closed,available,26,-0.002553831606521284,0.3152802155890265,0.4715375
4,0.0,closed,available,27,0.002098176095387483,0.0004541605705388636,0.4715375
4,0.0,closed,available,28,0.007018836421273271,0.007656312982796125,0.4715375
4,0.0,closed,available,29,0.0031859607278450497,0.31905244065214056,0.4715375
4,0.0,closed,available,30,-0.00945393384543064,-0.13979910656562297,0.4715375
4,0.0,closed,available,31,-0.020300167464307184,-0.5942933520638682,0.4715375
4,0.0,closed,available,32,-0.009870549789708694,0.5947530512201491,0.4715375
4,0.0,closed,available,33,-0.001060860937714292,0.7061167038308802,0.4715375
4,0.0,closed,available,34,-0.018928597848243023,0.28003748094826436,0.4715375
4,0.0,closed,available,35,0.035341434642868805,-0.030412612664253734,0.4715375
4,0.0,closed,available,36,0.016323956281638182,-0.009385237017568401,0.4715375
4,0.0,closed,available,37,0.005162862657737466,-0.7316508236864587,0.4715375
4,0.0,closed,available,38,-0.005540402600276106,0.40497112599367596,0.4715375
4,0.0,closed,available,39,-0.0027808400381994502,-0.4840771959276909,0.4715375
4,0.0,closed,available,40,0.004063618654123385,0.20098952118493033,0.4715375
4,0.0,closed,available,41,0.0007794130760001572,0.6166517881319286,0.4715375
4,0.0,closed,available,42,0.0017740658684033406,0.7399630565221696,0.4715375
4,0.0,closed,available,43,-0.0001806754206712712,0.00557291651791729,0.4715375
4,0.0,closed,available,44,-0.0018364870740098516,0.42206584410215375,0.4715375
4,0.0,closed,available,45,0.0047104994854141324,-0.6949631388326238,0.4715375
4,0.0,closed,available,46,-0.0009773401254465908,-0.5304190530594354,0.4715375
4,0.0,closed,available,47,-0.002981270030500298,0.034236302159466714,0.4715375
4,0.0,closed,available,48,-0.016856285950925864,0.5085936357037404,0.4715375
4,0.0,closed,available,49,0.004672353008015415,0.010515989559191643,0.4715375
4,0.0,closed,available,50,-0.006592523791227434,0.706863442715431,0.4715375
4,0.0,closed,available,51,-0.0021639301851994475,0.40172448087671087,0.4715375
4,0.0,closed,available,52,-0.001968723369688563,-0.21506718460441923,0.4715375
4,0.0,closed,available,53,0.013358518581428447,-0.526244820799774,0.4715375
4,0.0,closed,available,54,0.003872324785362322,-0.010972798628763769,0.4715375
4,0.0,closed,available,55,-3.279666346689414e-05,-0.9524720796521485,0.4715375
4,0.0,closed,available,56,0.00022369042768899394,0.5162709916297887,0.4715375
4,0.0,closed,available,57,0.027365476219988166,0.23282216861312469,0.4715375
4,0.0,closed,available,58,0.005989679501936468,-0.008063621731218513,0.4715375
4,0.0,closed,available,59,0.0003105159989953421,-0.5025468568785094,0.4715375
4,0.0,closed,available,60,0.0029050379880151134,0.5862586756433396,0.4715375
4,0.0,closed,available,61,0.009235240830173408,0.4191512476510883,0.4715375
4,0.0,closed,available,62,0.0013258232621585764,0.09772318481103827,0.4715375
4,0.0,closed,available,63,0.011609700170239039,0.006555510010937634,0.4715375
4,0.0,closed,available,64,-0.017815413977139205,0.4268352276694283,0.4715375
4,0.0,closed,available,65,-0.005820306222924218,0.008312679871008916,0.4715375
4,0.0,closed,mi_obs,0,0.011540515225273773,0.7911647511183374,0.4715375
4,0.0,closed,mi_obs,1,-0.001048738270453692,0.004615039194883811,0.4715375
4,0.0,closed,mi_obs,2,-0.05515565447412696,-0.8880824402955562,0.4715375
4,0.0,closed,mi_obs,3,-0.0015811752200254603,0.15638084430809235,0.4715375
4,0.0,closed,mi_obs,4,0.046399356232538325,0.6703400688985136,0.4715375
4,0.0,closed,mi_obs,5,-0.00688944756901988,-0.673333010961493,0.4715375
4,0.0,closed,mi_obs,6,-0.07466046286145467,-0.794921827449163,0.4715375
4,0.0,closed,mi_obs,7,-0.07231882604405293,-0.3136111280819655,0.4715375
4,0.0,closed,mi_obs,8,-0.019860480843063858,0.03265474377416209,0.4715375
4,0.0,closed,mi_obs,9,0.005927146502528076,0.00977056614521055,0.4715375
4,0.0,closed,mi_obs,10,0.006321049374640952,0.7660268220862815,0.4715375
4,0.0,closed,mi_obs,11,0.02036573028211893,0.009169180823466792,0.4715375
4,0.0,closed,mi_obs,12,-0.033977835533095524,-0.7018804066954526,0.4715375
4,0.0,closed,mi_obs,13,0.02382153751174776,0.359165820702975,0.4715375
4,0.0,closed,mi_obs,14,0.04016369353034743,0.5308167589766962,0.4715375
4,0.0,closed,mi_obs,15,-0.006331057817855035,-0.5383056847614536,0.4715375
4,0.0,closed,mi_obs,16,-0.06247522510545356,-0.6285607651619167,0.4715375
4,0.0,closed,mi_obs,17,-0.09159407072890319,-0.26659714718661504,0.4715375
4,0.0,closed,mi_obs,18,-0.009419888625583558,0.02740379560137246,0.4715375
4,0.0,closed,mi_obs,19,0.0036700197134336065,0.000685639278573371,0.4715375
4,0.0,closed,mi_obs,20,0.0037651536199422297,0.6122798942534295,0.4715375
4,0.0,closed,mi_obs,21,0.01816243061293061,-0.000403316687818537,0.4715375
4,0.0,closed,mi_obs,22,-0.007138880103725261,0.013087172740268549,0.4715375
4,0.0,closed,mi_obs,23,-0.011639057234733676,0.0009463312487242708,0.4715375
4,0.0,closed,mi_obs,24,-0.010416331798894007,-0.39634066518386124,0.4715375
4,0.0,closed,mi_obs,25,0.020140846829595296,0.001457755759556564,0.4715375
4,0.0,closed,mi_obs,26,0.030446130859730747,0.3152802155890265,0.4715375
4,0.0,closed,mi_obs,27,-0.014822312559140398,0.0004541605705388636,0.4715375
4,0.0,closed,mi_obs,28,0.013974358512144566,0.007656312982796125,0.4715375
4,0.0,closed,mi_obs,29,0.010337085532705292,0.31905244065214056,0.4715375
4,0.0,closed,mi_obs,30,-0.02911244356866957,-0.13979910656562297,0.4715375
4,0.0,closed,mi_obs,31,-0.08688442502105687,-0.5942933520638682,0.4715375
4,0.0,closed,mi_obs,32,0.032127559551470286,0.5947530512201491,0.4715375
4,0.0,closed,mi_obs,33,0.1028730946329155,0.7061167038308802,0.4715375
4,0.0,closed,mi_obs,34,0.07266625012836486,0.28003748094826436,0.4715375
4,0.0,closed,mi_obs,35,-0.033741008026678,-0.030412612664253734,0.4715375
4,0.0,closed,mi_obs,36,-0.011634810641478208,-0.009385237017568401,0.4715375
4,0.0,closed,mi_obs,37,-0.03766455505277311,-0.7316508236864587,0.4715375
4,0.0,closed,mi_obs,38,0.028853052673767976,0.40497112599367596,0.4715375
4,0.0,closed,mi_obs,39,-0.0002235383376831268,-0.4840771959276909,0.4715375
4,0.0,closed,mi_obs,40,-0.06205614612990454,0.20098952118493033,0.4715375
4,0.0,closed,mi_obs,41,-0.10912256135668885,0.6166517881319286,0.4715375
4,0.0,closed,mi_obs,42,-0.004459077491166474,0.7399630565221696,0.4715375
4,0.0,closed,mi_obs,43,0.0024358715975536845,0.00557291651791729,0.4715375
4,0.0,closed,mi_obs,44,0.0018968746807245251,0.42206584410215375,0.4715375
4,0.0,closed,mi_obs,45,-0.047750619412669004,-0.6949631388326238,0.4715375
4,0.0,closed,mi_obs,46,-0.05643455011257825,-0.5304190530594354,0.4715375
4,0.0,closed,mi_obs,47,-0.08115057885352978,0.034236302159466714,0.4715375
4,0.0,closed,mi_obs,48,0.06583675745211193,0.5085936357037404,0.4715375
4,0.0,closed,mi_obs,49,0.030403517970889332,0.010515989559191643,0.4715375
4,0.0,closed,mi_obs,50,0.037993642867995,0.706863442715431,0.4715375
4,0.0,closed,mi_obs,51,0.058908068414407655,0.40172448087671087,0.4715375
4,0.0,closed,mi_obs,52,0.08292191184660175,-0.21506718460441923,0.4715375
4,0.0,closed,mi_obs,53,-0.007589001163746278,-0.526244820799774,0.4715375
4,0.0,closed,mi_obs,54,0.0013549601949377973,-0.010972798628763769,0.4715375
4,0.0,closed,mi_obs,55,-0.00924962755214731,-0.9524720796521485,0.4715375
4,0.0,closed,mi_obs,56,0.021469883945461232,0.5162709916297887,0.4715375
4,0.0,closed,mi_obs,57,-0.01950691891487419,0.23282216861312469,0.4715375
4,0.0,closed,mi_obs,58,-0.022275605576574202,-0.008063621731218513,0.4715375
4,0.0,closed,mi_obs,59,-0.05737079186969163,-0.5025468568785094,0.4715375
4,0.0,closed,mi_obs,60,-0.08635162011946884,0.5862586756433396,0.4715375
4,0.0,closed,mi_obs,61,0.06566345140529528,0.4191512476510883,0.4715375
4,0.0,closed,mi_obs,62,-0.07950481117114691,0.09772318481103827,0.4715375
4,0.0,closed,mi_obs,63,-0.0011628552080885741,0.006555510010937634,0.4715375
4,0.0,closed,mi_obs,64,0.0003202063699166424,0.4268352276694283,0.4715375
4,0.0,closed,mi_obs,65,-0.0011832410381258027,0.008312679871008916,0.4715375
4,0.0,closed,mi_class,0,-0.06135299805914707,0.7911647511183374,0.4715375
4,0.0,closed,mi_class,1,-0.00015603532672717278,0.004615039194883811,0.4715375
4,0.0,closed,mi_class,2,0.04002837144860549,-0.8880824402955562,0.4715375
4,0.0,closed,mi_class,3,0.03580374032053743,0.15638084430809235,0.4715375
4,0.0,closed,mi_class,4,-0.17121351488173275,0.6703400688985136,0.4715375
4,0.0,closed,mi_class,5,0.12825523053671528,-0.673333010961493,0.4715375
4,0.0,closed,mi_class,6,0.07530302968651814,-0.794921827449163,0.4715375
4,0.0,closed,mi_class,7,0.0884075002874275,-0.3136111280819655,0.4715375
4,0.0,closed,mi_class,8,-0.017141486386469548,0.03265474377416209,0.4715375
4,0.0,closed,mi_class,9,-0.01590168744606063,0.00977056614521055,0.4715375
4,0.0,closed,mi_class,10,-0.03223461144423512,0.7660268220862815,0.4715375
4,0.0,closed,mi_class,11,-0.03214599510512406,0.009169180823466792,0.4715375
4,0.0,closed,mi_class,12,0.03072941380095573,-0.7018804066954526,0.4715375
4,0.0,closed,mi_class,13,-0.03252657224992517,0.359165820702975,0.4715375
4,0.0,closed,mi_class,14,-0.1417727781471309,0.5308167589766962,0.4715375
4,0.0,closed,mi_class,15,0.12924052625405041,-0.5383056847614536,0.4715375
4,0.0,closed,mi_class,16,0.07757799400505716,-0.6285607651619167,0.4715375
4,0.0,closed,mi_class,17,0.08807638618092911,-0.26659714718661504,0.4715375
4,0.0,closed,mi_class,18,0.02862217587570004,0.02740379560137246,0.4715375
4,0.0,closed,mi_class,19,-0.0032349879984801323,0.000685639278573371,0.4715375
4,0.0,closed,mi_class,20,-0.013723829109425156,0.6122798942534295,0.4715375
4,0.0,closed,mi_class,21,-0.0008724077679535033,-0.000403316687818537,0.4715375
4,0.0,closed,mi_class,22,0.021385863689004907,0.013087172740268549,0.4715375
4,0.0,closed,mi_class,23,-0.0030717244581314833,0.0009463312487242708,0.4715375
4,0.0,closed,mi_class,24,0.16494523548366458,-0.39634066518386124,0.4715375
4,0.0,closed,mi_class,25,0.036237711913793186,0.001457755759556564,0.4715375
4,0.0,closed,mi_class,26,-0.10905852564502574,0.3152802155890265,0.4715375
4,0.0,closed,mi_class,27,0.002641065526355036,0.0004541605705388636,0.4715375
4,0.0,closed,mi_class,28,0.01641330346366184,0.007656312982796125,0.4715375
4,0.0,closed,mi_class,29,-0.0167100260150847,0.31905244065214056,0.4715375
4,0.0,closed,mi_class,30,-0.04321962653270209,-0.13979910656562297,0.4715375
4,0.0,closed,mi_class,31,0.08660832376415828,-0.5942933520638682,0.4715375
4,0.0,closed,mi_class,32,-0.10003542898431911,0.5947530512201491,0.4715375
4,0.0,closed,mi_class,33,-0.026568271163546653,0.7061167038308802,0.4715375
4,0.0,closed,mi_class,34,-0.04650584005323524,0.28003748094826436,0.4715375
4,0.0,closed,mi_class,35,0.01777318188880192,-0.030412612664253734,0.4715375
4,0.0,closed,mi_class,36,0.01547818596886533,-0.009385237017568401,0.4715375
4,0.0,closed,mi_class,37,0.04454180915435568,-0.7316508236864587,0.4715375
4,0.0,closed,mi_class,38,-0.016175161008969874,0.40497112599367596,0.4715375
4,0.0,closed,mi_class,39,0.014689642518216472,-0.4840771959276909,0.4715375
4,0.0,closed,mi_class,40,-0.12368524149517132,0.20098952118493033,0.4715375
4,0.0,closed,mi_class,41,-0.04250309316536316,0.6166517881319286,0.4715375
4,0.0,closed,mi_class,42,-0.28203665571256414,0.7399630565221696,0.4715375
4,0.0,closed,mi_class,43,0.004082297587121917,0.00557291651791729,0.4715375
4,0.0,closed,mi_class,44,-0.02362603328681201,0.42206584410215375,0.4715375
4,0.0,closed,mi_class,45,0.022775314406472957,-0.6949631388326238,0.4715375
4,0.0,closed,mi_class,46,0.10945577165517062,-0.5304190530594354,0.4715375
4,0.0,closed,mi_class,47,-0.0001244959665140863,0.034236302159466714,0.4715375
4,0.0,closed,mi_class,48,-0.2064983783355167,0.5085936357037404,0.4715375
4,0.0,closed,mi_class,49,0.009547199586594364,0.010515989559191643,0.4715375
4,0.0,closed,mi_class,50,-0.17238951216731735,0.706863442715431,0.4715375
4,0.0,closed,mi_class,51,-0.062113142491523055,0.40172448087671087,0.4715375
4,0.0,closed,mi_class,52,0.027675428188984913,-0.21506718460441923,0.4715375
4,0.0,closed,mi_class,53,0.20435939855859714,-0.526244820799774,0.4715375
4,0.0,closed,mi_class,54,-0.002707496235959365,-0.010972798628763769,0.4715375
4,0.0,closed,mi_class,55,0.18487300057833722,-0.9524720796521485,0.4715375
4,0.0,closed,mi_class,56,-0.1109253673493068,0.5162709916297887,0.4715375
4,0.0,closed,mi_class,57,-0.0965080671509162,0.23282216861312469,0.4715375
4,0.0,closed,mi_class,58,0.01781481536172658,-0.008063621731218513,0.4715375
4,0.0,closed,mi_class,59,0.0660010963897002,-0.5025468568785094,0.4715375
4,0.0,closed,mi_class,60,-0.23054156255280706,0.5862586756433396,0.4715375
4,0.0,closed,mi_class,61,-0.09675450450442391,0.4191512476510883,0.4715375
4,0.0,closed,mi_class,62,-0.023934498160951848,0.09772318481103827,0.4715375
4,0.0,closed,mi_class,63,0.01322535423946562,0.006555510010937634,0.4715375
4,0.0,closed,mi_class,64,-0.08925371578193392,0.4268352276694283,0.4715375
4,0.0,closed,mi_class,65,-0.0058069717650036665,0.008312679871008916,0.4715375
4,0.0,closed,mi_site,0,0.010846057854506541,0.7911647511183374,0.4715375
4,0.0,closed,mi_site,1,0.0005391968495820866,0.004615039194883811,0.4715375
4,0.0,closed,mi_site,2,-0.045854087815647704,-0.8880824402955562,0.4715375
4,0.0,closed,mi_site,3,0.02296822567047116,0.15638084430809235,0.4715375
4,0.0,closed,mi_site,4,0.046440622137245535,0.6703400688985136,0.4715375
4,0.0,closed,mi_site,5,-0.007722167529649937,-0.673333010961493,0.4715375
4,0.0,closed,mi_site,6,-0.0643738570867648,-0.794921827449163,0.4715375
4,0.0,closed,mi_site,7,-0.05462601919326432,-0.3136111280819655,0.4715375
4,0.0,closed,mi_site,8,-0.01325318391099193,0.03265474377416209,0.4715375
4,0.0,closed,mi_site,9,0.0075403184129097765,0.00977056614521055,0.4715375
4,0.0,closed,mi_site,10,0.00485727666423752,0.7660268220862815,0.4715375
4,0.0,closed,mi_site,11,0.017159593811307168,0.009169180823466792,0.4715375
4,0.0,closed,mi_site,12,-0.032674373479021246,-0.7018804066954526,0.4715375
4,0.0,closed,mi_site,13,0.04039791857752001,0.359165820702975,0.4715375
4,0.0,closed,mi_site,14,0.03718708038065688,0.5308167589766962,0.4715375
4,0.0,closed,mi_site,15,-0.006400392222038032,-0.5383056847614536,0.4715375
4,0.0,closed,mi_site,16,-0.05503646805924256,-0.6285607651619167,0.4715375
4,0.0,closed,mi_site,17,-0.07552855526240382,-0.26659714718661504,0.4715375
4,0.0,closed,mi_site,18,-0.00035383409516994563,0.02740379560137246,0.4715375
4,0.0,closed,mi_site,19,0.004994478328685318,0.000685639278573371,0.4715375
4,0.0,closed,mi_site,20,0.003339439808887401,0.6122798942534295,0.4715375
4,0.0,closed,mi_site,21,0.00022958830225675158,-0.000403316687818537,0.4715375
4,0.0,closed,mi_site,22,-0.011495569653723885,0.013087172740268549,0.4715375
4,0.0,closed,mi_site,23,-0.0013738161611423084,0.0009463312487242708,0.4715375
4,0.0,closed,mi_site,24,-0.01934119206241236,-0.39634066518386124,0.4715375
4,0.0,closed,mi_site,25,0.009970354985680921,0.001457755759556564,0.4715375
4,0.0,closed,mi_site,26,0.02751971248749363,0.3152802155890265,0.4715375
4,0.0,closed,mi_site,27,0.00788604239430191,0.0004541605705388636,0.4715375
4,0.0,closed,mi_site,28,0.014940227226241803,0.007656312982796125,0.4715375
4,0.0,closed,mi_site,29,0.017892349879243985,0.31905244065214056,0.4715375
4,0.0,closed,mi_site,30,-0.026304042389513588,-0.13979910656562297,0.4715375
4,0.0,closed,mi_site,31,-0.08133895484047893,-0.5942933520638682,0.4715375
4,0.0,closed,mi_site,32,0.030123706889996105,0.5947530512201491,0.4715375
4,0.0,closed,mi_site,33,0.09237121193400943,0.7061167038308802,0.4715375
4,0.0,closed,mi_site,34,0.056095954841528295,0.28003748094826436,0.4715375
4,0.0,closed,mi_site,35,-0.01125584723702644,-0.030412612664253734,0.4715375
4,0.0,closed,mi_site,36,-0.007391274678863082,-0.009385237017568401,0.4715375
4,0.0,closed,mi_site,37,-0.028911110473291424,-0.7316508236864587,0.4715375
4,0.0,closed,mi_site,38,0.03034678077749353,0.40497112599367596,0.4715375
4,0.0,closed,mi_site,39,0.002422568544103998,-0.4840771959276909,0.4715375
4,0.0,closed,mi_site,40,-0.0765400692504457,0.20098952118493033,0.4715375
4,0.0,closed,mi_site,41,-0.11544568115899556,0.6166517881319286,0.4715375
4,0.0,closed,mi_site,42,-0.021851563806421725,0.7399630565221696,0.4715375
4,0.0,closed,mi_site,43,-0.010938240973846446,0.00557291651791729,0.4715375
4,0.0,closed,mi_site,44,0.005889136954602414,0.42206584410215375,0.4715375
4,0.0,closed,mi_site,45,-0.04041808881624975,-0.6949631388326238,0.4715375
4,0.0,closed,mi_site,46,-0.051327683374331357,-0.5304190530594354,0.4715375
4,0.0,closed,mi_site,47,-0.06779992634972375,0.034236302159466714,0.4715375
4,0.0,closed,mi_site,48,0.05470786060742816,0.5085936357037404,0.4715375
4,0.0,closed,mi_site,49,0.02901249670526146,0.010515989559191643,0.4715375
4,0.0,closed,mi_site,50,0.03542746229134186,0.706863442715431,0.4715375
4,0.0,closed,mi_site,51,0.058556710552701674,0.40172448087671087,0.4715375
4,0.0,closed,mi_site,52,0.07292982248836627,-0.21506718460441923,0.4715375
4,0.0,closed,mi_site,53,-0.002279121611578616,-0.526244820799774,0.4715375
4,0.0,closed,mi_site,54,0.0017384783883091764,-0.010972798628763769,0.4715375
4,0.0,closed,mi_site,55,-0.0092375729661609,-0.9524720796521485,0.4715375
4,0.0,closed,mi_site,56,0.009360558799175078,0.5162709916297887,0.4715375
4,0.0,closed,mi_site,57,-0.021248786368943645,0.23282216861312469,0.4715375
4,0.0,closed,mi_site,58,-0.022719332041115908,-0.008063621731218513,0.4715375
4,0.0,closed,mi_site,59,-0.05422197354812264,-0.5025468568785094,0.4715375
4,0.0,closed,mi_site,60,-0.07825769331577814,0.5862586756433396,0.4715375
4,0.0,closed,mi_site,61,0.058026088356177175,0.4191512476510883,0.4715375
4,0.0,closed,mi_site,62,-0.06414952377212874,0.09772318481103827,0.4715375
4,0.0,closed,mi_site,63,0.00850300478545148,0.006555510010937634,0.4715375
4,0.0,closed,mi_site,64,0.002930558901572289,0.4268352276694283,0.4715375
4,0.0,closed,mi_site,65,0.00041985825772212007,0.008312679871008916,0.4715375
4,1.0,aligned,available,0,-0.0005840630239245526,0.7950972231381661,0.4715375
4,1.0,aligned,available,1,-0.0023161700682313943,0.004118169854752621,0.4715375
4,1.0,aligned,available,2,-0.0006811129012207484,-0.8905728673749118,0.4715375
4,1.0,aligned,available,3,0.0021704590778499067,0.1559577282241936,0.4715375
4,1.0,aligned,available,4,-0.003818394217199428,0.6678108749361702,0.4715375
4,1.0,aligned,available,5,-0.001816649254414826,-0.6739756680469545,0.4715375
4,1.0,aligned,available,6,0.006600762590702414,-0.7954804902301964,0.4715375
4,1.0,aligned,available,7,0.013775415599770746,-0.3159367070605228,0.4715375
4,1.0,aligned,available,8,-0.009007607742893026,0.030602743780804277,0.4715375
4,1.0,aligned,available,9,0.009060624575369035,0.011106198142607179,0.4715375
4,1.0,aligned,available,10,0.001499516189411021,0.7670547333200324,0.4715375
4,1.0,aligned,available,11,0.00018328754481233486,0.00853531255496615,0.4715375
4,1.0,aligned,available,12,0.003152594406970355,-0.7073673699002827,0.4715375
4,1.0,aligned,available,13,0.0030538175672121803,0.3567204170672606,0.4715375
4,1.0,aligned,available,14,-0.006400931972953772,0.5322321083844813,0.4715375
4,1.0,aligned,available,15,0.011386268190646809,-0.5418740613916596,0.4715375
4,1.0,aligned,available,16,0.003612637129633889,-0.6315942466441372,0.4715375
4,1.0,aligned,available,17,0.008802541735411173,-0.2686450750720226,0.4715375
4,1.0,aligned,available,18,-0.023480579814685147,0.02697111235366046,0.4715375
4,1.0,aligned,available,19,0.006333172399094953,0.0018467522100254032,0.4715375
4,1.0,aligned,available,20,-0.006050559355171292,0.6164020930016788,0.4715375
4,1.0,aligned,available,21,0.023230666947030777,0.00021560358256997883,0.4715375
4,1.0,aligned,available,22,-0.014664603122507,0.012731042783224652,0.4715375
4,1.0,aligned,available,23,0.01960300828364909,-0.0011549977615396567,0.4715375
4,1.0,aligned,available,24,0.00844448864195324,-0.40041364576406047,0.4715375
4,1.0,aligned,available,25,-0.013324963831534217,0.0010493958541982792,0.4715375
4,1.0,aligned,available,26,-0.00932549842077035,0.32019912563333086,0.4715375
4,1.0,aligned,available,27,-0.014065173164088838,-5.013258748569452e-05,0.4715375
4,1.0,aligned,available,28,-0.01005152079050909,0.009297968153166957,0.4715375
4,1.0,aligned,available,29,-0.004028645510846862,0.32272992499359515,0.4715375
4,1.0,aligned,available,30,-0.0027258795597653873,-0.14009005369695732,0.4715375
4,1.0,aligned,available,31,-0.013101429549796872,-0.5938547073006096,0.4715375
4,1.0,aligned,available,32,0.008887792585658194,0.5970942490909935,0.4715375
4,1.0,aligned,available,33,0.0022884485913933217,0.7083364735907316,0.4715375
4,1.0,aligned,available,34,-0.0070488681974466005,0.2827183253540533,0.4715375
4,1.0,aligned,available,35,0.009290563270491731,-0.02892669350442897,0.4715375
4,1.0,aligned,available,36,0.0018260616624710922,-0.010589512518991966,0.4715375
4,1.0,aligned,available,37,-0.003532426358483054,-0.7333741834809165,0.4715375
4,1.0,aligned,available,38,0.00034705823904573885,0.4089110105481005,0.4715375
4,1.0,aligned,available,39,-0.0020756469345569184,-0.4845387800344095,0.4715375
4,1.0,aligned,available,40,-0.004544315352697614,0.20316020309516472,0.4715375
4,1.0,aligned,available,41,0.00566708574268493,0.6172543717962187,0.4715375
4,1.0,aligned,available,42,-0.006530533501354241,0.7429776413993021,0.4715375
4,1.0,aligned,available,43,0.007032064811284711,0.005510273000191334,0.4715375
4,1.0,aligned,available,44,0.0046114592154148926,0.42263943738573384,0.4715375
4,1.0,aligned,available,45,0.0027862004967761367,-0.6944160790691845,0.4715375
4,1.0,aligned,available,46,0.0010492539451566474,-0.5283337691576535,0.4715375
4,1.0,aligned,available,47,0.00752479369657235,0.03594585913504009,0.4715375
4,1.0,aligned,available,48,0.00721944627822424,0.5117728954133511,0.4715375
4,1.0,aligned,available,49,0.007976683038276776,0.010872789592544146,0.4715375
4,1.0,aligned,available,50,-0.0010631025195705357,0.7063553316847119,0.4715375
4,1.0,aligned,available,51,-0.0022497470165783184,0.40260347913365957,0.4715375
4,1.0,aligned,available,52,-0.00657990383736648,-0.216604727981004,0.4715375
4,1.0,aligned,available,53,0.012937750479471655,-0.5233630079100046,0.4715375
4,1.0,aligned,available,54,-0.004386350478392953,-0.012335523876802612,0.4715375
4,1.0,aligned,available,55,-0.0013898102930451905,-0.9532337812195718,0.4715375
4,1.0,aligned,available,56,0.0008198418191275314,0.5190978428447236,0.4715375
4,1.0,aligned,available,57,0.0029027149352049975,0.23535249630648702,0.4715375
4,1.0,aligned,available,58,-0.015952490665836802,-0.00910786928429682,0.4715375
4,1.0,aligned,available,59,0.006087034626977572,-0.5035698829331362,0.4715375
4,1.0,aligned,available,60,4.2021220184707e-05,0.5882424458999677,0.4715375
4,1.0,aligned,available,61,-0.011187513407497074,0.4156168616077804,0.4715375
4,1.0,aligned,available,62,0.016254734866168324,0.09866206061474687,0.4715375
4,1.0,aligned,available,63,-0.014442979711264119,0.006119920016720078,0.4715375
4,1.0,aligned,available,64,-0.010005549698594796,0.4242900656320107,0.4715375
4,1.0,aligned,available,65,0.0022752592211429876,0.009737138004272073,0.4715375
4,1.0,aligned,mi_obs,0,0.009952778977859178,0.7950972231381661,0.4715375
4,1.0,aligned,mi_obs,1,-0.012729386769592111,0.004118169854752621,0.4715375
4,1.0,aligned,mi_obs,2,-0.05146061127477697,-0.8905728673749118,0.4715375
4,1.0,aligned,mi_obs,3,-0.003739158942220988,0.1559577282241936,0.4715375
4,1.0,aligned,mi_obs,4,0.04783088625660259,0.6678108749361702,0.4715375
4,1.0,aligned,mi_obs,5,-0.007821201010049794,-0.6739756680469545,0.4715375
4,1.0,aligned,mi_obs,6,-0.07333409566851257,-0.7954804902301964,0.4715375
4,1.0,aligned,mi_obs,7,-0.07454741425007394,-0.3159367070605228,0.4715375
4,1.0,aligned,mi_obs,8,-0.017670599423099825,0.030602743780804277,0.4715375
4,1.0,aligned,mi_obs,9,0.010567572530928515,0.011106198142607179,0.4715375
4,1.0,aligned,mi_obs,10,0.0056491271006782195,0.7670547333200324,0.4715375
4,1.0,aligned,mi_obs,11,-0.005181684480707934,0.00853531255496615,0.4715375
4,1.0,aligned,mi_obs,12,-0.026874901976238985,-0.7073673699002827,0.4715375
4,1.0,aligned,mi_obs,13,0.024333098486607918,0.3567204170672606,0.4715375
4,1.0,aligned,mi_obs,14,0.02777201496578463,0.5322321083844813,0.4715375
4,1.0,aligned,mi_obs,15,-0.004351077199023279,-0.5418740613916596,0.4715375
4,1.0,aligned,mi_obs,16,-0.06437385151545783,-0.6315942466441372,0.4715375
4,1.0,aligned,mi_obs,17,-0.08987854454058025,-0.2686450750720226,0.4715375
4,1.0,aligned,mi_obs,18,-0.024618521654298425,0.02697111235366046,0.4715375
4,1.0,aligned,mi_obs,19,0.003560071870816509,0.0018467522100254032,0.4715375
4,1.0,aligned,mi_obs,20,-0.003624409001962814,0.6164020930016788,0.4715375
4,1.0,aligned,mi_obs,21,-0.021622185965772412,0.00021560358256997883,0.4715375
4,1.0,aligned,mi_obs,22,-0.0355016293204206,0.012731042783224652,0.4715375
4,1.0,aligned,mi_obs,23,-0.010469753943512385,-0.0011549977615396567,0.4715375
4,1.0,aligned,mi_obs,24,0.004264244758609204,-0.40041364576406047,0.4715375
4,1.0,aligned,mi_obs,25,0.01349529126515654,0.0010493958541982792,0.4715375
4,1.0,aligned,mi_obs,26,0.023665937848021568,0.32019912563333086,0.4715375
4,1.0,aligned,mi_obs,27,-0.030822018409776383,-5.013258748569452e-05,0.4715375
4,1.0,aligned,mi_obs,28,0.0041132345319933265,0.009297968153166957,0.4715375
4,1.0,aligned,mi_obs,29,-0.003499879944216633,0.32272992499359515,0.4715375
4,1.0,aligned,mi_obs,30,-0.033923933080265256,-0.14009005369695732,0.4715375
4,1.0,aligned,mi_obs,31,-0.07906773140506418,-0.5938547073006096,0.4715375
4,1.0,aligned,mi_obs,32,0.05833807137261904,0.5970942490909935,0.4715375
4,1.0,aligned,mi_obs,33,0.07885007750855078,0.7083364735907316,0.4715375
4,1.0,aligned,mi_obs,34,0.04942677406691076,0.2827183253540533,0.4715375
4,1.0,aligned,mi_obs,35,-0.041692793664206404,-0.02892669350442897,0.4715375
4,1.0,aligned,mi_obs,36,-0.0031428266367704936,-0.010589512518991966,0.4715375
4,1.0,aligned,mi_obs,37,-0.055617276264365856,-0.7333741834809165,0.4715375
4,1.0,aligned,mi_obs,38,0.02634347407332832,0.4089110105481005,0.4715375
4,1.0,aligned,mi_obs,39,-0.0008720223732893717,-0.4845387800344095,0.4715375
4,1.0,aligned,mi_obs,40,-0.06642894279531963,0.20316020309516472,0.4715375
4,1.0,aligned,mi_obs,41,-0.10700721351236098,0.6172543717962187,0.4715375
4,1.0,aligned,mi_obs,42,-0.004739052736398408,0.7429776413993021,0.4715375
4,1.0,aligned,mi_obs,43,-0.0012827465794012878,0.005510273000191334,0.4715375
4,1.0,aligned,mi_obs,44,0.001376484018885904,0.42263943738573384,0.4715375
4,1.0,aligned,mi_obs,45,-0.052593710468878396,-0.6944160790691845,0.4715375
4,1.0,aligned,mi_obs,46,-0.06067733554828347,-0.5283337691576535,0.4715375
4,1.0,aligned,mi_obs,47,-0.07697717346446328,0.03594585913504009,0.4715375
4,1.0,aligned,mi_obs,48,0.06275509163311943,0.5117728954133511,0.4715375
4,1.0,aligned,mi_obs,49,0.017509979705937522,0.010872789592544146,0.4715375
4,1.0,aligned,mi_obs,50,0.043476674497286094,0.7063553316847119,0.4715375
4,1.0,aligned,mi_obs,51,0.06647500072188428,0.40260347913365957,0.4715375
4,1.0,aligned,mi_obs,52,0.08517335974221038,-0.216604727981004,0.4715375
4,1.0,aligned,mi_obs,53,-0.007524309814213925,-0.5233630079100046,0.4715375
4,1.0,aligned,mi_obs,54,0.005507786656819347,-0.012335523876802612,0.4715375
4,1.0,aligned,mi_obs,55,-0.010507805788311342,-0.9532337812195718,0.4715375
4,1.0,aligned,mi_obs,56,0.019853480839464255,0.5190978428447236,0.4715375
4,1.0,aligned,mi_obs,57,-0.02652810337791664,0.23535249630648702,0.4715375
4,1.0,aligned,mi_obs,58,-0.03513583683355293,-0.00910786928429682,0.4715375
4,1.0,aligned,mi_obs,59,-0.061045713267713464,-0.5035698829331362,0.4715375
4,1.0,aligned,mi_obs,60,-0.07942052618458473,0.5882424458999677,0.4715375
4,1.0,aligned,mi_obs,61,0.06170144651652776,0.4156168616077804,0.4715375
4,1.0,aligned,mi_obs,62,-0.07775963131977076,0.09866206061474687,0.4715375
4,1.0,aligned,mi_obs,63,-0.015958857039911133,0.006119920016720078,0.4715375
4,1.0,aligned,mi_obs,64,0.0004519365032303879,0.4242900656320107,0.4715375
4,1.0,aligned,mi_obs,65,-0.002292848062831904,0.009737138004272073,0.4715375
4,1.0,aligned,mi_class,0,-0.03113790292112517,0.7950972231381661,0.4715375
4,1.0,aligned,mi_class,1,1.3178876000864703e-05,0.004118169854752621,0.4715375
4,1.0,aligned,mi_class,2,0.05249033860848973,-0.8905728673749118,0.4715375
4,1.0,aligned,mi_class,3,0.12189796176897263,0.1559577282241936,0.4715375
4,1.0,aligned,mi_class,4,-0.16634974521974621,0.6678108749361702,0.4715375
4,1.0,aligned,mi_class,5,0.08099555082097087,-0.6739756680469545,0.4715375
4,1.0,aligned,mi_class,6,0.29122605654485767,-0.7954804902301964,0.4715375
4,1.0,aligned,mi_class,7,0.14725212189401274,-0.3159367070605228,0.4715375
4,1.0,aligned,mi_class,8,-0.008905450421177658,0.030602743780804277,0.4715375
4,1.0,aligned,mi_class,9,0.04661395554503563,0.011106198142607179,0.4715375
4,1.0,aligned,mi_class,10,-0.026428064617408764,0.7670547333200324,0.4715375
4,1.0,aligned,mi_class,11,-0.022476792444817775,0.00853531255496615,0.4715375
4,1.0,aligned,mi_class,12,0.012132206870648865,-0.7073673699002827,0.4715375
4,1.0,aligned,mi_class,13,0.017958567950585314,0.3567204170672606,0.4715375
4,1.0,aligned,mi_class,14,-0.14091093249029107,0.5322321083844813,0.4715375
4,1.0,aligned,mi_class,15,0.08414640525654044,-0.5418740613916596,0.4715375
4,1.0,aligned,mi_class,16,0.1998926916751751,-0.6315942466441372,0.4715375
4,1.0,aligned,mi_class,17,0.1406900278332772,-0.2686450750720226,0.4715375
4,1.0,aligned,mi_class,18,-0.021045573212996348,0.02697111235366046,0.4715375
4,1.0,aligned,mi_class,19,-0.008896312571907717,0.0018467522100254032,0.4715375
4,1.0,aligned,mi_class,20,-0.020485415727901857,0.6164020930016788,0.4715375
4,1.0,aligned,mi_class,21,0.01863636116320586,0.00021560358256997883,0.4715375
4,1.0,aligned,mi_class,22,0.0720004031926815,0.012731042783224652,0.4715375
4,1.0,aligned,mi_class,23,0.00417254897909421,-0.0011549977615396567,0.4715375
4,1.0,aligned,mi_class,24,0.12249030651952136,-0.40041364576406047,0.4715375
4,1.0,aligned,mi_class,25,0.1440057634124074,0.0010493958541982792,0.4715375
4,1.0,aligned,mi_class,26,-0.17655317615545355,0.32019912563333086,0.4715375
4,1.0,aligned,mi_class,27,-0.02781978552972023,-5.013258748569452e-05,0.4715375
4,1.0,aligned,mi_class,28,0.005317986655495616,0.009297968153166957,0.4715375
4,1.0,aligned,mi_class,29,-0.0234574331492452,0.32272992499359515,0.4715375
4,1.0,aligned,mi_class,30,-0.15924109166428357,-0.14009005369695732,0.4715375
4,1.0,aligned,mi_class,31,0.08461622620015141,-0.5938547073006096,0.4715375
4,1.0,aligned,mi_class,32,-0.1440901018106342,0.5970942490909935,0.4715375
4,1.0,aligned,mi_class,33,-0.17009751929166583,0.7083364735907316,0.4715375
4,1.0,aligned,mi_class,34,-0.11555630465272027,0.2827183253540533,0.4715375
4,1.0,aligned,mi_class,35,0.012738248024842677,-0.02892669350442897,0.4715375
4,1.0,aligned,mi_class,36,0.003094052281019102,-0.010589512518991966,0.4715375
4,1.0,aligned,mi_class,37,0.051657127905671896,-0.7333741834809165,0.4715375
4,1.0,aligned,mi_class,38,-0.07348007577870536,0.4089110105481005,0.4715375
4,1.0,aligned,mi_class,39,0.1387538129803092,-0.4845387800344095,0.4715375
4,1.0,aligned,mi_class,40,-0.1655725790325726,0.20316020309516472,0.4715375
4,1.0,aligned,mi_class,41,-0.2491379875632233,0.6172543717962187,0.4715375
4,1.0,aligned,mi_class,42,-0.24870154112198184,0.7429776413993021,0.4715375
4,1.0,aligned,mi_class,43,0.0016104526244200834,0.005510273000191334,0.4715375
4,1.0,aligned,mi_class,44,0.08674115397502202,0.42263943738573384,0.4715375
4,1.0,aligned,mi_class,45,0.10798092951295635,-0.6944160790691845,0.4715375
4,1.0,aligned,mi_class,46,0.16053484891554226,-0.5283337691576535,0.4715375
4,1.0,aligned,mi_class,47,0.03793263275506381,0.03594585913504009,0.4715375
4,1.0,aligned,mi_class,48,-0.20063760315455292,0.5117728954133511,0.4715375
4,1.0,aligned,mi_class,49,0.004634114411741374,0.010872789592544146,0.4715375
4,1.0,aligned,mi_class,50,-0.1629224387839734,0.7063553316847119,0.4715375
4,1.0,aligned,mi_class,51,-0.35046305841453834,0.40260347913365957,0.4715375
4,1.0,aligned,mi_class,52,0.02287408846464281,-0.216604727981004,0.4715375
4,1.0,aligned,mi_class,53,0.2434191000767708,-0.5233630079100046,0.4715375
4,1.0,aligned,mi_class,54,0.007283062877356839,-0.012335523876802612,0.4715375
4,1.0,aligned,mi_class,55,0.13061125875278867,-0.9532337812195718,0.4715375
4,1.0,aligned,mi_class,56,-0.30629113258827545,0.5190978428447236,0.4715375
4,1.0,aligned,mi_class,57,-0.09858242130494876,0.23535249630648702,0.4715375
4,1.0,aligned,mi_class,58,-0.014436159392846044,-0.00910786928429682,0.4715375
4,1.0,aligned,mi_class,59,0.31358427179719284,-0.5035698829331362,0.4715375
4,1.0,aligned,mi_class,60,-0.32527596645304674,0.5882424458999677,0.4715375
4,1.0,aligned,mi_class,61,-0.1956337149030746,0.4156168616077804,0.4715375
4,1.0,aligned,mi_class,62,-0.03726718277344843,0.09866206061474687,0.4715375
4,1.0,aligned,mi_class,63,-0.00759450965217422,0.006119920016720078,0.4715375
4,1.0,aligned,mi_class,64,-0.0858437173663486,0.4242900656320107,0.4715375
4,1.0,aligned,mi_class,65,0.004732685858711163,0.009737138004272073,0.4715375
4,1.0,aligned,mi_site,0,-0.0600107217684982,0.7950972231381661,0.4715375
4,1.0,aligned,mi_site,1,0.0012986350344911003,0.004118169854752621,0.4715375
4,1.0,aligned,mi_site,2,0.19016471256674083,-0.8905728673749118,0.4715375
4,1.0,aligned,mi_site,3,0.027516815262289995,0.1559577282241936,0.4715375
4,1.0,aligned,mi_site,4,-0.024311670468211144,0.6678108749361702,0.4715375
4,1.0,aligned,mi_site,5,0.08913011300520157,-0.6739756680469545,0.4715375
4,1.0,aligned,mi_site,6,0.019593045264330144,-0.7954804902301964,0.4715375
4,1.0,aligned,mi_site,7,0.013006671368941125,-0.3159367070605228,0.4715375
4,1.0,aligned,mi_site,8,-0.017800904057708365,0.030602743780804277,0.4715375
4,1.0,aligned,mi_site,9,-0.00041742194855938324,0.011106198142607179,0.4715375
4,1.0,aligned,mi_site,10,-0.06748940269054415,0.7670547333200324,0.4715375
4,1.0,aligned,mi_site,11,0.00016455180386198108,0.00853531255496615,0.4715375
4,1.0,aligned,mi_site,12,0.13784914905825285,-0.7073673699002827,0.4715375
4,1.0,aligned,mi_site,13,0.02313747120387788,0.3567204170672606,0.4715375
4,1.0,aligned,mi_site,14,0.0006585772094147568,0.5322321083844813,0.4715375
4,1.0,aligned,mi_site,15,0.048415574189546784,-0.5418740613916596,0.4715375
4,1.0,aligned,mi_site,16,-0.0306440451711385,-0.6315942466441372,0.4715375
4,1.0,aligned,mi_site,17,-0.027953979816435992,-0.2686450750720226,0.4715375
4,1.0,aligned,mi_site,18,-0.027083217438767734,0.02697111235366046,0.4715375
4,1.0,aligned,mi_site,19,-0.00200086616265235,0.0018467522100254032,0.4715375
4,1.0,aligned,mi_site,20,-0.025834284881025127,0.6164020930016788,0.4715375
4,1.0,aligned,mi_site,21,-0.01809812068036862,0.00021560358256997883,0.4715375
4,1.0,aligned,mi_site,22,-0.020801589778984768,0.012731042783224652,0.4715375
4,1.0,aligned,mi_site,23,0.01509775423270561,-0.0011549977615396567,0.4715375
4,1.0,aligned,mi_site,24,0.024324974772608088,-0.40041364576406047,0.4715375
4,1.0,aligned,mi_site,25,-0.0003813312414805793,0.0010493958541982792,0.4715375
4,1.0,aligned,mi_site,26,0.01290445995468359,0.32019912563333086,0.4715375
4,1.0,aligned,mi_site,27,-0.0027276122153501695,-5.013258748569452e-05,0.4715375
4,1.0,aligned,mi_site,28,0.005971333494920459,0.009297968153166957,0.4715375
4,1.0,aligned,mi_site,29,-0.010781369619847103,0.32272992499359515,0.4715375
4,1.0,aligned,mi_site,30,-0.024477231259982274,-0.14009005369695732,0.4715375
4,1.0,aligned,mi_site,31,0.0525651398179009,-0.5938547073006096,0.4715375
4,1.0,aligned,mi_site,32,-0.0903353174203485,0.5970942490909935,0.4715375
4,1.0,aligned,mi_site,33,-0.048392839387289444,0.7083364735907316,0.4715375
4,1.0,aligned,mi_site,34,-0.014420490070995218,0.2827183253540533,0.4715375
4,1.0,aligned,mi_site,35,-0.015154225264513928,-0.02892669350442897,0.4715375
4,1.0,aligned,mi_site,36,0.01238031596358992,-0.010589512518991966,0.4715375
4,1.0,aligned,mi_site,37,0.10597599726733775,-0.7333741834809165,0.4715375
4,1.0,aligned,mi_site,38,0.03815157162858979,0.4089110105481005,0.4715375
4,1.0,aligned,mi_site,39,0.006938796880728071,-0.4845387800344095,0.4715375
4,1.0,aligned,mi_site,40,-0.11891082870960491,0.20316020309516472,0.4715375
4,1.0,aligned,mi_site,41,-0.11459639991352144,0.6172543717962187,0.4715375
4,1.0,aligned,mi_site,42,-0.040253723042405376,0.7429776413993021,0.4715375
4,1.0,aligned,mi_site,43,-0.027304136991290175,0.005510273000191334,0.4715375
4,1.0,aligned,mi_site,44,0.022258606264643765,0.42263943738573384,0.4715375
4,1.0,aligned,mi_site,45,0.0582781111187306,-0.6944160790691845,0.4715375
4,1.0,aligned,mi_site,46,-0.027645981299695754,-0.5283337691576535,0.4715375
4,1.0,aligned,mi_site,47,-0.0015632543405206603,0.03594585913504009,0.4715375
4,1.0,aligned,mi_site,48,0.03918283783732701,0.5117728954133511,0.4715375
4,1.0,aligned,mi_site,49,0.005295153541508658,0.010872789592544146,0.4715375
4,1.0,aligned,mi_site,50,0.007748192882122473,0.7063553316847119,0.4715375
4,1.0,aligned,mi_site,51,0.05056023873757559,0.40260347913365957,0.4715375
4,1.0,aligned,mi_site,52,0.06899492089876216,-0.216604727981004,0.4715375
4,1.0,aligned,mi_site,53,0.02846914549433649,-0.5233630079100046,0.4715375
4,1.0,aligned,mi_site,54,0.03119103344334276,-0.012335523876802612,0.4715375
4,1.0,aligned,mi_site,55,0.07150406906440165,-0.9532337812195718,0.4715375
4,1.0,aligned,mi_site,56,-0.011126967145417832,0.5190978428447236,0.4715375
4,1.0,aligned,mi_site,57,-0.021666687796185052,0.23535249630648702,0.4715375
4,1.0,aligned,mi_site,58,-0.01706424397748659,-0.00910786928429682,0.4715375
4,1.0,aligned,mi_site,59,-0.043900895268600526,-0.5035698829331362,0.4715375
4,1.0,aligned,mi_site,60,-0.03507498996906777,0.5882424458999677,0.4715375
4,1.0,aligned,mi_site,61,-0.03330116207778849,0.4156168616077804,0.4715375
4,1.0,aligned,mi_site,62,-0.02829343651367444,0.09866206061474687,0.4715375
4,1.0,aligned,mi_site,63,-0.004289219403668688,0.006119920016720078,0.4715375
4,1.0,aligned,mi_site,64,-0.005998327562475592,0.4242900656320107,0.4715375
4,1.0,aligned,mi_site,65,-0.002500852234623537,0.009737138004272073,0.4715375
4,1.0,closed,available,0,0.0006333213858993325,0.7950972231381661,0.4715375
4,1.0,closed,available,1,-0.01130209679337781,0.004118169854752621,0.4715375
4,1.0,closed,available,2,0.003079016039822302,-0.8905728673749118,0.4715375
4,1.0,closed,available,3,-0.015261754117660509,0.1559577282241936,0.4715375
4,1.0,closed,available,4,-0.003221309300031061,0.6678108749361702,0.4715375
4,1.0,closed,available,5,0.010363153826321803,-0.6739756680469545,0.4715375
4,1.0,closed,available,6,-0.0011652401989273864,-0.7954804902301964,0.4715375
4,1.0,closed,available,7,-0.012350904202495294,-0.3159367070605228,0.4715375
4,1.0,closed,available,8,-0.02281189368155261,0.030602743780804277,0.4715375
4,1.0,closed,available,9,-0.008879438399903223,0.011106198142607179,0.4715375
4,1.0,closed,available,10,-0.006694672296199133,0.7670547333200324,0.4715375
4,1.0,closed,available,11,-8.809753185867741e-05,0.00853531255496615,0.4715375
4,1.0,closed,available,12,0.0034344355346443978,-0.7073673699002827,0.4715375
4,1.0,closed,available,13,-0.003075440423093545,0.3567204170672606,0.4715375
4,1.0,closed,available,14,-0.0018817438695341027,0.5322321083844813,0.4715375
4,1.0,closed,available,15,0.00973004405627409,-0.5418740613916596,0.4715375
4,1.0,closed,available,16,5.670132658330829e-05,-0.6315942466441372,0.4715375
4,1.0,closed,available,17,-0.0047422710019410785,-0.2686450750720226,0.4715375
4,1.0,closed,available,18,0.0008291472319034779,0.02697111235366046,0.4715375
4,1.0,closed,available,19,-0.01168936498334522,0.0018467522100254032,0.4715375
4,1.0,closed,available,20,-0.0026846689289274916,0.6164020930016788,0.4715375
4,1.0,closed,available,21,0.028756318779894804,0.00021560358256997883,0.4715375
4,1.0,closed,available,22,-0.005164325049105318,0.012731042783224652,0.4715375
4,1.0,closed,available,23,-0.0068880350253336066,-0.0011549977615396567,0.4715375
4,1.0,closed,available,24,-0.007152418214920353,-0.40041364576406047,0.4715375
4,1.0,closed,available,25,0.005152573203769965,0.0010493958541982792,0.4715375
4,1.0,closed,available,26,-0.004531548748130776,0.32019912563333086,0.4715375
4,1.0,closed,available,27,0.018216518335764532,-5.013258748569452e-05,0.4715375
4,1.0,closed,available,28,0.0016464906653612683,0.009297968153166957,0.4715375
4,1.0,closed,available,29,0.00869405381071936,0.32272992499359515,0.4715375
4,1.0,closed,available,30,-0.01081129789944335,-0.14009005369695732,0.4715375
4,1.0,closed,available,31,0.01983994960132851,-0.5938547073006096,0.4715375
4,1.0,closed,available,32,-0.01935175124259736,0.5970942490909935,0.4715375
4,1.0,closed,available,33,-0.008568505439620622,0.7083364735907316,0.4715375
4,1.0,closed,available,34,-0.014416502174504575,0.2827183253540533,0.4715375
4,1.0,closed,available,35,-0.023346478488718476,-0.02892669350442897,0.4715375
4,1.0,closed,available,36,-0.013740346249838456,-0.010589512518991966,0.4715375
4,1.0,closed,available,37,0.0033375081235963444,-0.7333741834809165,0.4715375
4,1.0,closed,available,38,-0.009650918715435663,0.4089110105481005,0.4715375
4,1.0,closed,available,39,0.005866504939478101,-0.4845387800344095,0.4715375
4,1.0,closed,available,40,0.0037254870715279498,0.20316020309516472,0.4715375
4,1.0,closed,available,41,0.002744566193906506,0.6172543717962187,0.4715375
4,1.0,closed,available,42,-0.008639292931375997,0.7429776413993021,0.4715375
4,1.0,closed,available,43,0.017048817257904553,0.005510273000191334,0.4715375
4,1.0,closed,available,44,-0.0032274091493948442,0.42263943738573384,0.4715375
4,1.0,closed,available,45,0.004044253649203244,-0.6944160790691845,0.4715375
4,1.0,closed,available,46,-0.0015796455203616055,-0.5283337691576535,0.4715375
4,1.0,closed,available,47,-0.0007727161921026668,0.03594585913504009,0.4715375
4,1.0,closed,available,48,-0.016693419320918,0.5117728954133511,0.4715375
4,1.0,closed,available,49,0.0065102580456832156,0.010872789592544146,0.4715375
4,1.0,closed,available,50,-0.0009008397864436191,0.7063553316847119,0.4715375
4,1.0,closed,available,51,-0.004276023134009044,0.40260347913365957,0.4715375
4,1.0,closed,available,52,-0.003188111881695488,-0.216604727981004,0.4715375
4,1.0,closed,available,53,0.012587433223448796,-0.5233630079100046,0.4715375
4,1.0,closed,available,54,-0.008451301723541449,-0.012335523876802612,0.4715375
4,1.0,closed,available,55,0.0005312790445319848,-0.9532337812195718,0.4715375
4,1.0,closed,available,56,-0.003605571102340943,0.5190978428447236,0.4715375
4,1.0,closed,available,57,0.001888201586960181,0.23535249630648702,0.4715375
4,1.0,closed,available,58,0.003587641951987754,-0.00910786928429682,0.4715375
4,1.0,closed,available,59,0.0044997864510759045,-0.5035698829331362,0.4715375
4,1.0,closed,available,60,0.006033129892095812,0.5882424458999677,0.4715375
4,1.0,closed,available,61,0.018889799638818094,0.4156168616077804,0.4715375
4,1.0,closed,available,62,0.0030613745340745263,0.09866206061474687,0.4715375
4,1.0,closed,available,63,0.0003355864593803928,0.006119920016720078,0.4715375
4,1.0,closed,available,64,-0.012875667319743822,0.4242900656320107,0.4715375
4,1.0,closed,available,65,-0.005170519731802601,0.009737138004272073,0.4715375
4,1.0,closed,mi_obs,0,0.010407363163732364,0.7950972231381661,0.4715375
4,1.0,closed,mi_obs,1,0.005549195669130473,0.004118169854752621,0.4715375
4,1.0,closed,mi_obs,2,-0.0542077762048796,-0.8905728673749118,0.4715375
4,1.0,closed,mi_obs,3,-0.011695223769860263,0.1559577282241936,0.4715375
4,1.0,closed,mi_obs,4,0.04272333004054907,0.6678108749361702,0.4715375
4,1.0,closed,mi_obs,5,-0.004636046238469582,-0.6739756680469545,0.4715375
4,1.0,closed,mi_obs,6,-0.0773063488620993,-0.7954804902301964,0.4715375
4,1.0,closed,mi_obs,7,-0.07873308623972314,-0.3159367070605228,0.4715375
4,1.0,closed,mi_obs,8,-0.016389379289155147,0.030602743780804277,0.4715375
4,1.0,closed,mi_obs,9,0.0034434942714560123,0.011106198142607179,0.4715375
4,1.0,closed,mi_obs,10,0.004554868427989911,0.7670547333200324,0.4715375
4,1.0,closed,mi_obs,11,0.016030065232897083,0.00853531255496615,0.4715375
4,1.0,closed,mi_obs,12,-0.03290947816202516,-0.7073673699002827,0.4715375
4,1.0,closed,mi_obs,13,0.019040839974612533,0.3567204170672606,0.4715375
4,1.0,closed,mi_obs,14,0.03737915537947267,0.5322321083844813,0.4715375
4,1.0,closed,mi_obs,15,-0.00862863425921867,-0.5418740613916596,0.4715375
4,1.0,closed,mi_obs,16,-0.06538429531212375,-0.6315942466441372,0.4715375
4,1.0,closed,mi_obs,17,-0.09734379984575103,-0.2686450750720226,0.4715375
4,1.0,closed,mi_obs,18,-0.0108821853632112,0.02697111235366046,0.4715375
4,1.0,closed,mi_obs,19,-0.002309186236403636,0.0018467522100254032,0.4715375
4,1.0,closed,mi_obs,20,0.003257303734449657,0.6164020930016788,0.4715375
4,1.0,closed,mi_obs,21,-0.009746591818262453,0.00021560358256997883,0.4715375
4,1.0,closed,mi_obs,22,-0.0029724522831877046,0.012731042783224652,0.4715375
4,1.0,closed,mi_obs,23,-0.008908125022077424,-0.0011549977615396567,0.4715375
4,1.0,closed,mi_obs,24,-0.02106769045018375,-0.40041364576406047,0.4715375
4,1.0,closed,mi_obs,25,0.009911569742447005,0.0010493958541982792,0.4715375
4,1.0,closed,mi_obs,26,0.039230996051970723,0.32019912563333086,0.4715375
4,1.0,closed,mi_obs,27,-0.00022695289252244348,-5.013258748569452e-05,0.4715375
4,1.0,closed,mi_obs,28,0.01364686651301252,0.009297968153166957,0.4715375
4,1.0,closed,mi_obs,29,0.019047704385353192,0.32272992499359515,0.4715375
4,1.0,closed,mi_obs,30,-0.0071400565261975635,-0.14009005369695732,0.4715375
4,1.0,closed,mi_obs,31,-0.06674161105673115,-0.5938547073006096,0.4715375
4,1.0,closed,mi_obs,32,0.036188726523226133,0.5970942490909935,0.4715375
4,1.0,closed,mi_obs,33,0.10383363124531264,0.7083364735907316,0.4715375
4,1.0,closed,mi_obs,34,0.08230869751821723,0.2827183253540533,0.4715375
4,1.0,closed,mi_obs,35,-0.025636972776962478,-0.02892669350442897,0.4715375
4,1.0,closed,mi_obs,36,-0.011224694741649045,-0.010589512518991966,0.4715375
4,1.0,closed,mi_obs,37,-0.041266460152289186,-0.7333741834809165,0.4715375
4,1.0,closed,mi_obs,38,0.018368763227786578,0.4089110105481005,0.4715375
4,1.0,closed,mi_obs,39,0.006580149644225264,-0.4845387800344095,0.4715375
4,1.0,closed,mi_obs,40,-0.059440006082017216,0.20316020309516472,0.4715375
4,1.0,closed,mi_obs,41,-0.10768297868712662,0.6172543717962187,0.4715375
4,1.0,closed,mi_obs,42,-0.008840126095030043,0.7429776413993021,0.4715375
4,1.0,closed,mi_obs,43,0.02177671704421251,0.005510273000191334,0.4715375
4,1.0,closed,mi_obs,44,-0.006037918016770116,0.42263943738573384,0.4715375
4,1.0,closed,mi_obs,45,-0.04868914915033884,-0.6944160790691845,0.4715375
4,1.0,closed,mi_obs,46,-0.060109848297856816,-0.5283337691576535,0.4715375
4,1.0,closed,mi_obs,47,-0.09670953629203435,0.03594585913504009,0.4715375
4,1.0,closed,mi_obs,48,0.07069667855795703,0.5117728954133511,0.4715375
4,1.0,closed,mi_obs,49,0.00811938981229874,0.010872789592544146,0.4715375
4,1.0,closed,mi_obs,50,0.04034034908749007,0.7063553316847119,0.4715375
4,1.0,closed,mi_obs,51,0.06107864069795882,0.40260347913365957,0.4715375
4,1.0,closed,mi_obs,52,0.08724782818283983,-0.216604727981004,0.4715375
4,1.0,closed,mi_obs,53,-0.013760939958570972,-0.5233630079100046,0.4715375
4,1.0,closed,mi_obs,54,0.0007493469275573223,-0.012335523876802612,0.4715375
4,1.0,closed,mi_obs,55,-0.009043869331018528,-0.9532337812195718,0.4715375
4,1.0,closed,mi_obs,56,0.022094848037596093,0.5190978428447236,0.4715375
4,1.0,closed,mi_obs,57,-0.0295125086633721,0.23535249630648702,0.4715375
4,1.0,closed,mi_obs,58,-0.01703139921385479,-0.00910786928429682,0.4715375
4,1.0,closed,mi_obs,59,-0.0585514165529355,-0.5035698829331362,0.4715375
4,1.0,closed,mi_obs,60,-0.08252225561401927,0.5882424458999677,0.4715375
4,1.0,closed,mi_obs,61,0.07836378139504785,0.4156168616077804,0.4715375
4,1.0,closed,mi_obs,62,-0.08160954100191288,0.09866206061474687,0.4715375
4,1.0,closed,mi_obs,63,0.014939156820931717,0.006119920016720078,0.4715375
4,1.0,closed,mi_obs,64,0.01012589781333545,0.4242900656320107,0.4715375
4,1.0,closed,mi_obs,65,0.001652006024646071,0.009737138004272073,0.4715375
4,1.0,closed,mi_class,0,-0.030716305976467573,0.7950972231381661,0.4715375
4,1.0,closed,mi_class,1,0.02215348962034177,0.004118169854752621,0.4715375
4,1.0,closed,mi_class,2,0.05416349198347381,-0.8905728673749118,0.4715375
4,1.0,closed,mi_class,3,-0.0660348301698843,0.1559577282241936,0.4715375
4,1.0,closed,mi_class,4,-0.1706760377492818,0.6678108749361702,0.4715375
4,1.0,closed,mi_class,5,0.11487916645867613,-0.6739756680469545,0.4715375
4,1.0,closed,mi_class,6,0.024549121455837652,-0.7954804902301964,0.4715375
4,1.0,closed,mi_class,7,0.13942851778450233,-0.3159367070605228,0.4715375
4,1.0,closed,mi_class,8,-0.022482335962835102,0.030602743780804277,0.4715375
4,1.0,closed,mi_class,9,0.04804433022980716,0.011106198142607179,0.4715375
4,1.0,closed,mi_class,10,-0.03059727353397068,0.7670547333200324,0.4715375
4,1.0,closed,mi_class,11,0.03836017078415378,0.00853531255496615,0.4715375
4,1.0,closed,mi_class,12,-0.0004074809249083877,-0.7073673699002827,0.4715375
4,1.0,closed,mi_class,13,-0.11379334451729028,0.3567204170672606,0.4715375
4,1.0,closed,mi_class,14,-0.13089805472271837,0.5322321083844813,0.4715375
4,1.0,closed,mi_class,15,0.09424727273095057,-0.5418740613916596,0.4715375
4,1.0,closed,mi_class,16,-0.001526477792145542,-0.6315942466441372,0.4715375
4,1.0,closed,mi_class,17,0.1260589316087626,-0.2686450750720226,0.4715375
4,1.0,closed,mi_class,18,0.02360600019351327,0.02697111235366046,0.4715375
4,1.0,closed,mi_class,19,-0.014874390338181952,0.0018467522100254032,0.4715375
4,1.0,closed,mi_class,20,-0.001305892921756313,0.6164020930016788,0.4715375
4,1.0,closed,mi_class,21,-0.024374489179546897,0.00021560358256997883,0.4715375
4,1.0,closed,mi_class,22,-0.017887393085034037,0.012731042783224652,0.4715375
4,1.0,closed,mi_class,23,0.0021402639808407458,-0.0011549977615396567,0.4715375
4,1.0,closed,mi_class,24,0.15361617730910923,-0.40041364576406047,0.4715375
4,1.0,closed,mi_class,25,0.014329887697327579,0.0010493958541982792,0.4715375
4,1.0,closed,mi_class,26,-0.19386935786457962,0.32019912563333086,0.4715375
4,1.0,closed,mi_class,27,0.01652868163786238,-5.013258748569452e-05,0.4715375
4,1.0,closed,mi_class,28,0.010300830911091343,0.009297968153166957,0.4715375
4,1.0,closed,mi_class,29,0.007463759734149478,0.32272992499359515,0.4715375
4,1.0,closed,mi_class,30,0.05636322677183567,-0.14009005369695732,0.4715375
4,1.0,closed,mi_class,31,0.11486849923085418,-0.5938547073006096,0.4715375
4,1.0,closed,mi_class,32,-0.1360075417633005,0.5970942490909935,0.4715375
4,1.0,closed,mi_class,33,-0.022721840158025364,0.7083364735907316,0.4715375
4,1.0,closed,mi_class,34,-0.09217260341061903,0.2827183253540533,0.4715375
4,1.0,closed,mi_class,35,0.02308985911235341,-0.02892669350442897,0.4715375
4,1.0,closed,mi_class,36,0.013334215349935105,-0.010589512518991966,0.4715375
4,1.0,closed,mi_class,37,0.05980671843415519,-0.7333741834809165,0.4715375
4,1.0,closed,mi_class,38,-0.037153423592026724,0.4089110105481005,0.4715375
4,1.0,closed,mi_class,39,0.060891773343490774,-0.4845387800344095,0.4715375
4,1.0,closed,mi_class,40,-0.05389990349799614,0.20316020309516472,0.4715375
4,1.0,closed,mi_class,41,-0.2014920603979421,0.6172543717962187,0.4715375
4,1.0,closed,mi_class,42,-0.32168517948840325,0.7429776413993021,0.4715375
4,1.0,closed,mi_class,43,0.022243219553471298,0.005510273000191334,0.4715375
4,1.0,closed,mi_class,44,-0.1397778164853533,0.42263943738573384,0.4715375
4,1.0,closed,mi_class,45,0.03603600116988315,-0.6944160790691845,0.4715375
4,1.0,closed,mi_class,46,0.08819985138044006,-0.5283337691576535,0.4715375
4,1.0,closed,mi_class,47,0.009716012844758405,0.03594585913504009,0.4715375
4,1.0,closed,mi_class,48,-0.2080723797881091,0.5117728954133511,0.4715375
4,1.0,closed,mi_class,49,0.00805245944741494,0.010872789592544146,0.4715375
4,1.0,closed,mi_class,50,-0.16679641434498083,0.7063553316847119,0.4715375
4,1.0,closed,mi_class,51,-0.040989604233711896,0.40260347913365957,0.4715375
4,1.0,closed,mi_class,52,-0.04677194134066387,-0.216604727981004,0.4715375
4,1.0,closed,mi_class,53,0.2095308245301673,-0.5233630079100046,0.4715375
4,1.0,closed,mi_class,54,-0.011226979548196599,-0.012335523876802612,0.4715375
4,1.0,closed,mi_class,55,0.18007148334287004,-0.9532337812195718,0.4715375
4,1.0,closed,mi_class,56,-0.09311497132557106,0.5190978428447236,0.4715375
4,1.0,closed,mi_class,57,-0.0932195152221025,0.23535249630648702,0.4715375
4,1.0,closed,mi_class,58,0.005525906989952261,-0.00910786928429682,0.4715375
4,1.0,closed,mi_class,59,-0.010265835105326526,-0.5035698829331362,0.4715375
4,1.0,closed,mi_class,60,-0.30460654100564855,0.5882424458999677,0.4715375
4,1.0,closed,mi_class,61,-0.14874444793695918,0.4156168616077804,0.4715375
4,1.0,closed,mi_class,62,-0.03774223006318241,0.09866206061474687,0.4715375
4,1.0,closed,mi_class,63,0.008462484533085068,0.006119920016720078,0.4715375
4,1.0,closed,mi_class,64,-0.07841325577313046,0.4242900656320107,0.4715375
4,1.0,closed,mi_class,65,0.01435207131793431,0.009737138004272073,0.4715375
4,1.0,closed,mi_site,0,0.010152473806677609,0.7950972231381661,0.4715375
4,1.0,closed,mi_site,1,-0.000686408590208291,0.004118169854752621,0.4715375
4,1.0,closed,mi_site,2,-0.040983151096804726,-0.8905728673749118,0.4715375
4,1.0,closed,mi_site,3,0.0038804897172282082,0.1559577282241936,0.4715375
4,1.0,closed,mi_site,4,0.03815884676097503,0.6678108749361702,0.4715375
4,1.0,closed,mi_site,5,-0.0035438407604457822,-0.6739756680469545,0.4715375
4,1.0,closed,mi_site,6,-0.06625047397949635,-0.7954804902301964,0.4715375
4,1.0,closed,mi_site,7,-0.06795219434385646,-0.3159367070605228,0.4715375
4,1.0,closed,mi_site,8,-0.015384399327172869,0.030602743780804277,0.4715375
4,1.0,closed,mi_site,9,-0.0020968723467295943,0.011106198142607179,0.4715375
4,1.0,closed,mi_site,10,0.0023627732258034717,0.7670547333200324,0.4715375
4,1.0,closed,mi_site,11,0.009732943112369538,0.00853531255496615,0.4715375
4,1.0,closed,mi_site,12,-0.028415718202349116,-0.7073673699002827,0.4715375
4,1.0,closed,mi_site,13,0.02711535404649129,0.3567204170672606,0.4715375
4,1.0,closed,mi_site,14,0.0326211024485179,0.5322321083844813,0.4715375
4,1.0,closed,mi_site,15,-0.00721788103472365,-0.5418740613916596,0.4715375
4,1.0,closed,mi_site,16,-0.06201688866168409,-0.6315942466441372,0.4715375
4,1.0,closed,mi_site,17,-0.0878151679346022,-0.2686450750720226,0.4715375
4,1.0,closed,mi_site,18,-0.005501347330139093,0.02697111235366046,0.4715375
4,1.0,closed,mi_site,19,-0.006742007274849533,0.0018467522100254032,0.4715375
4,1.0,closed,mi_site,20,0.0021728417197980354,0.6164020930016788,0.4715375
4,1.0,closed,mi_site,21,-0.008941835792529327,0.00021560358256997883,0.4715375
4,1.0,closed,mi_site,22,-0.012925210729532684,0.012731042783224652,0.4715375
4,1.0,closed,mi_site,23,-0.008698553570942475,-0.0011549977615396567,0.4715375
4,1.0,closed,mi_site,24,-0.018344677828155076,-0.40041364576406047,0.4715375
4,1.0,closed,mi_site,25,0.0028100277976314636,0.0010493958541982792,0.4715375
4,1.0,closed,mi_site,26,0.03143981407088714,0.32019912563333086,0.4715375
4,1.0,closed,mi_site,27,0.010358822803094785,-5.013258748569452e-05,0.4715375
4,1.0,closed,mi_site,28,0.018428035517171842,0.009297968153166957,0.4715375
4,1.0,closed,mi_site,29,0.015054491636147638,0.32272992499359515,0.4715375
4,1.0,closed,mi_site,30,-0.010983213805275116,-0.14009005369695732,0.4715375
4,1.0,closed,mi_site,31,-0.04488166097640334,-0.5938547073006096,0.4715375
4,1.0,closed,mi_site,32,0.02573678536882451,0.5970942490909935,0.4715375
4,1.0,closed,mi_site,33,0.0860123955683394,0.7083364735907316,0.4715375
4,1.0,closed,mi_site,34,0.06779514350979488,0.2827183253540533,0.4715375
4,1.0,closed,mi_site,35,-0.0007490735966808673,-0.02892669350442897,0.4715375
4,1.0,closed,mi_site,36,-0.007023679310840299,-0.010589512518991966,0.4715375
4,1.0,closed,mi_site,37,-0.02690323939501782,-0.7333741834809165,0.4715375
4,1.0,closed,mi_site,38,0.020447141178917605,0.4089110105481005,0.4715375
4,1.0,closed,mi_site,39,0.008476601652702143,-0.4845387800344095,0.4715375
4,1.0,closed,mi_site,40,-0.07068984419142454,0.20316020309516472,0.4715375
4,1.0,closed,mi_site,41,-0.1090285477359294,0.6172543717962187,0.4715375
4,1.0,closed,mi_site,42,-0.024591737069686426,0.7429776413993021,0.4715375
4,1.0,closed,mi_site,43,0.01572344481849823,0.005510273000191334,0.4715375
4,1.0,closed,mi_site,44,-0.002512369155367955,0.42263943738573384,0.4715375
4,1.0,closed,mi_site,45,-0.04177257266037582,-0.6944160790691845,0.4715375
4,1.0,closed,mi_site,46,-0.054876129587074884,-0.5283337691576535,0.4715375
4,1.0,closed,mi_site,47,-0.0843524312203465,0.03594585913504009,0.4715375
4,1.0,closed,mi_site,48,0.05703677869067991,0.5117728954133511,0.4715375
4,1.0,closed,mi_site,49,0.0138170083836152,0.010872789592544146,0.4715375
4,1.0,closed,mi_site,50,0.03694990657419328,0.7063553316847119,0.4715375
4,1.0,closed,mi_site,51,0.061313001946684986,0.40260347913365957,0.4715375
4,1.0,closed,mi_site,52,0.0794652205392418,-0.216604727981004,0.4715375
4,1.0,closed,mi_site,53,-0.009956736242669684,-0.5233630079100046,0.4715375
4,1.0,closed,mi_site,54,-0.0021336378435134126,-0.012335523876802612,0.4715375
4,1.0,closed,mi_site,55,-0.008603906937477257,-0.9532337812195718,0.4715375
4,1.0,closed,mi_site,56,0.010362943726688112,0.5190978428447236,0.4715375
4,1.0,closed,mi_site,57,-0.03257235531822822,0.23535249630648702,0.4715375
4,1.0,closed,mi_site,58,-0.012036360168963908,-0.00910786928429682,0.4715375
4,1.0,closed,mi_site,59,-0.05584732731127551,-0.5035698829331362,0.4715375
4,1.0,closed,mi_site,60,-0.08727156119224433,0.5882424458999677,0.4715375
4,1.0,closed,mi_site,61,0.07470571247914154,0.4156168616077804,0.4715375
4,1.0,closed,mi_site,62,-0.0717227890094741,0.09866206061474687,0.4715375
4,1.0,closed,mi_site,63,0.018703169095976985,0.006119920016720078,0.4715375
4,1.0,closed,mi_site,64,0.00952257061783518,0.4242900656320107,0.4715375
4,1.0,closed,mi_site,65,0.001653142962155598,0.009737138004272073,0.4715375
4,2.0,aligned,available,0,-0.0024550247636278,0.806297353869573,0.4715375
4,2.0,aligned,available,1,-0.002465682577555121,0.0065435097274414,0.4715375
4,2.0,aligned,available,2,1.4032292978694016e-05,-0.8975425639454033,0.4715375
4,2.0,aligned,available,3,0.0047187989619531245,0.15493580109352,0.4715375
4,2.0,aligned,available,4,-0.0033145653871772263,0.6635814790575415,0.4715375
4,2.0,aligned,available,5,-0.003011609551890504,-0.677054258434976,0.4715375
4,2.0,aligned,available,6,0.008372438996274267,-0.7979809076770643,0.4715375
4,2.0,aligned,available,7,0.018889873141750113,-0.3236186523819557,0.4715375
4,2.0,aligned,available,8,-0.0006434174190619278,0.024650301611819744,0.4715375
4,2.0,aligned,available,9,0.0074121010405417374,0.012093074730247472,0.4715375
4,2.0,aligned,available,10,0.0014676544338746433,0.7710627671309745,0.4715375
4,2.0,aligned,available,11,-0.0036713180537273626,0.010045286294156216,0.4715375
4,2.0,aligned,available,12,0.0019174894240182594,-0.7230014987625782,0.4715375
4,2.0,aligned,available,13,0.00043168852522884604,0.3486242924605092,0.4715375
4,2.0,aligned,available,14,-0.0114803034492037,0.5369741965336154,0.4715375
4,2.0,aligned,available,15,0.015319784444158158,-0.5520621317094434,0.4715375
4,2.0,aligned,available,16,0.005772333718660816,-0.6420635446816488,0.4715375
4,2.0,aligned,available,17,0.006003878525226769,-0.27688267907415465,0.4715375
4,2.0,aligned,available,18,-0.0239588024339126,0.023423580695092063,0.4715375
4,2.0,aligned,available,19,0.004033469015398139,0.0029392095389198995,0.4715375
4,2.0,aligned,available,20,-0.010050713231378516,0.6282538269243292,0.4715375
4,2.0,aligned,available,21,0.040269184971645736,-0.0020362274892678773,0.4715375
4,2.0,aligned,available,22,-0.023189547603264866,0.011536083537690929,0.4715375
4,2.0,aligned,available,23,0.006611418073193132,-0.0004276362593375277,0.4715375
4,2.0,aligned,available,24,0.015754399046886358,-0.411777921462353,0.4715375
4,2.0,aligned,available,25,-0.01113031751159269,-0.00298314989020753,0.4715375
4,2.0,aligned,available,26,-0.010729610083380081,0.3297116007430924,0.4715375
4,2.0,aligned,available,27,-0.013695492102600092,-0.000846989683221437,0.4715375
4,2.0,aligned,available,28,-0.014559267310087574,0.010490717775514519,0.4715375
4,2.0,aligned,available,29,-0.006326610604462823,0.33276483570609033,0.4715375
4,2.0,aligned,available,30,-0.004033168732211712,-0.14048316605678032,0.4715375
4,2.0,aligned,available,31,-0.025290464419110537,-0.594884319365241,0.4715375
4,2.0,aligned,available,32,0.008083956759359245,0.6047669966803494,0.4715375
4,2.0,aligned,available,33,0.0015168144313424392,0.7158939880335681,0.4715375
4,2.0,aligned,available,34,-0.002417208057010123,0.29160910416250124,0.4715375
4,2.0,aligned,available,35,0.00983570496180188,-0.023980546365864185,0.4715375
4,2.0,aligned,available,36,0.0038036975283516662,-0.011528904871181559,0.4715375
4,2.0,aligned,available,37,0.0006378775839779305,-0.7392632711060697,0.4715375
4,2.0,aligned,available,38,-0.002325367771900788,0.4183500865803263,0.4715375
4,2.0,aligned,available,39,-0.0022384025038212907,-0.48511129577423284,0.4715375
4,2.0,aligned,available,40,-0.0021495095116610685,0.20774445717625337,0.4715375
4,2.0,aligned,available,41,0.006829596376642377,0.6181746908810352,0.4715375
4,2.0,aligned,available,42,-0.006192364505941628,0.7504243343781528,0.4715375
4,2.0,aligned,available,43,0.006552298605788158,0.005387242322485592,0.4715375
4,2.0,aligned,available,44,0.003966907723824076,0.4233189925073306,0.4715375
4,2.0,aligned,available,45,0.00211735167628746,-0.6967647966173495,0.4715375
4,2.0,aligned,available,46,-0.0026258546345250267,-0.5249444530588062,0.4715375
4,2.0,aligned,available,47,0.005001338331391179,0.03925963836211156,0.4715375
4,2.0,aligned,available,48,0.009574255659313913,0.518881433674538,0.4715375
4,2.0,aligned,available,49,0.006807500467919518,0.010968347804421545,0.4715375
4,2.0,aligned,available,50,-0.001259684092700164,0.7085026419454021,0.4715375
4,2.0,aligned,available,51,-0.0019407620666049286,0.4073056024769092,0.4715375
4,2.0,aligned,available,52,-0.004196368157143526,-0.21760232750015707,0.4715375
4,2.0,aligned,available,53,0.008710097862803523,-0.5154066380760233,0.4715375
4,2.0,aligned,available,54,-0.002112501940624024,-0.013389534895783182,0.4715375
4,2.0,aligned,available,55,-0.001187281713662669,-0.9552299813407754,0.4715375
4,2.0,aligned,available,56,0.002428298410382501,0.5275477512318559,0.4715375
4,2.0,aligned,available,57,0.0028852333951322473,0.24224141168637844,0.4715375
4,2.0,aligned,available,58,-0.014390918935733998,-0.009882712775971561,0.4715375
4,2.0,aligned,available,59,0.00885939696297422,-0.5089302846090255,0.4715375
4,2.0,aligned,available,60,0.002225511407993541,0.593869540439707,0.4715375
4,2.0,aligned,available,61,-0.011545562442138668,0.4064454223065553,0.4715375
4,2.0,aligned,available,62,0.018328555970402394,0.09766255939377648,0.4715375
4,2.0,aligned,available,63,-0.01480835098291055,0.005602677296712032,0.4715375
4,2.0,aligned,available,64,-0.0031287571538921033,0.416843486053283,0.4715375
4,2.0,aligned,available,65,0.00013842635568380758,0.010901400090592836,0.4715375
4,2.0,aligned,mi_obs,0,0.008639875896199634,0.806297353869573,0.4715375
4,2.0,aligned,mi_obs,1,-0.017271911876182648,0.0065435097274414,0.4715375
4,2.0,aligned,mi_obs,2,-0.04803824040996729,-0.8975425639454033,0.4715375
4,2.0,aligned,mi_obs,3,-0.0017798682165611757,0.15493580109352,0.4715375
4,2.0,aligned,mi_obs,4,0.04633748300620766,0.6635814790575415,0.4715375
4,2.0,aligned,mi_obs,5,-0.006562319970633945,-0.677054258434976,0.4715375
4,2.0,aligned,mi_obs,6,-0.07165528148420508,-0.7979809076770643,0.4715375
4,2.0,aligned,mi_obs,7,-0.07391474084021804,-0.3236186523819557,0.4715375
4,2.0,aligned,mi_obs,8,-0.016264073868834432,0.024650301611819744,0.4715375
4,2.0,aligned,mi_obs,9,0.009173095152752598,0.012093074730247472,0.4715375
4,2.0,aligned,mi_obs,10,0.003880059823927029,0.7710627671309745,0.4715375
4,2.0,aligned,mi_obs,11,-0.0069112136771886466,0.010045286294156216,0.4715375
4,2.0,aligned,mi_obs,12,-0.02549742817548939,-0.7230014987625782,0.4715375
4,2.0,aligned,mi_obs,13,0.024537268863243977,0.3486242924605092,0.4715375
4,2.0,aligned,mi_obs,14,0.026658639675466778,0.5369741965336154,0.4715375
4,2.0,aligned,mi_obs,15,-0.0026467995253852683,-0.5520621317094434,0.4715375
4,2.0,aligned,mi_obs,16,-0.06343603436278711,-0.6420635446816488,0.4715375
4,2.0,aligned,mi_obs,17,-0.08813196059041767,-0.27688267907415465,0.4715375
4,2.0,aligned,mi_obs,18,-0.025487030317459417,0.023423580695092063,0.4715375
4,2.0,aligned,mi_obs,19,0.0011608727921258327,0.0029392095389198995,0.4715375
4,2.0,aligned,mi_obs,20,-0.005344540033876299,0.6282538269243292,0.4715375
4,2.0,aligned,mi_obs,21,-0.016294803393332724,-0.0020362274892678773,0.4715375
4,2.0,aligned,mi_obs,22,-0.0341181363917281,0.011536083537690929,0.4715375
4,2.0,aligned,mi_obs,23,-0.009651051527253606,-0.0004276362593375277,0.4715375
4,2.0,aligned,mi_obs,24,0.007035569382408846,-0.411777921462353,0.4715375
4,2.0,aligned,mi_obs,25,0.014018889060960249,-0.00298314989020753,0.4715375
4,2.0,aligned,mi_obs,26,0.02238639237200396,0.3297116007430924,0.4715375
4,2.0,aligned,mi_obs,27,-0.029290987302404894,-0.000846989683221437,0.4715375
4,2.0,aligned,mi_obs,28,0.0010759135100424644,0.010490717775514519,0.4715375
4,2.0,aligned,mi_obs,29,-0.006449240594956385,0.33276483570609033,0.4715375
4,2.0,aligned,mi_obs,30,-0.03017285061999747,-0.14048316605678032,0.4715375
4,2.0,aligned,mi_obs,31,-0.07426234991781433,-0.594884319365241,0.4715375
4,2.0,aligned,mi_obs,32,0.05183863002476541,0.6047669966803494,0.4715375
4,2.0,aligned,mi_obs,33,0.07752353527601752,0.7158939880335681,0.4715375
4,2.0,aligned,mi_obs,34,0.05222049325947309,0.29160910416250124,0.4715375
4,2.0,aligned,mi_obs,35,-0.03556654113249525,-0.023980546365864185,0.4715375
4,2.0,aligned,mi_obs,36,-0.0015589969718330515,-0.011528904871181559,0.4715375
4,2.0,aligned,mi_obs,37,-0.04960642233744239,-0.7392632711060697,0.4715375
4,2.0,aligned,mi_obs,38,0.0274040679967828,0.4183500865803263,0.4715375
4,2.0,aligned,mi_obs,39,-0.0030306134827903786,-0.48511129577423284,0.4715375
4,2.0,aligned,mi_obs,40,-0.06859694408388015,0.20774445717625337,0.4715375
4,2.0,aligned,mi_obs,41,-0.1048249742814128,0.6181746908810352,0.4715375
4,2.0,aligned,mi_obs,42,-0.004017903474408779,0.7504243343781528,0.4715375
4,2.0,aligned,mi_obs,43,-0.0022398795161477428,0.005387242322485592,0.4715375
4,2.0,aligned,mi_obs,44,0.004114570666166384,0.4233189925073306,0.4715375
4,2.0,aligned,mi_obs,45,-0.05205746310418313,-0.6967647966173495,0.4715375
4,2.0,aligned,mi_obs,46,-0.061035009573428556,-0.5249444530588062,0.4715375
4,2.0,aligned,mi_obs,47,-0.07520769738700786,0.03925963836211156,0.4715375
4,2.0,aligned,mi_obs,48,0.06081030677521981,0.518881433674538,0.4715375
4,2.0,aligned,mi_obs,49,0.015443957293696705,0.010968347804421545,0.4715375
4,2.0,aligned,mi_obs,50,0.04358104115265449,0.7085026419454021,0.4715375
4,2.0,aligned,mi_obs,51,0.06605889364137091,0.4073056024769092,0.4715375
4,2.0,aligned,mi_obs,52,0.08261739659021164,-0.21760232750015707,0.4715375
4,2.0,aligned,mi_obs,53,-0.007313395910782283,-0.5154066380760233,0.4715375
4,2.0,aligned,mi_obs,54,0.007536704902139834,-0.013389534895783182,0.4715375
4,2.0,aligned,mi_obs,55,-0.009957605162800975,-0.9552299813407754,0.4715375
4,2.0,aligned,mi_obs,56,0.019687807805823354,0.5275477512318559,0.4715375
4,2.0,aligned,mi_obs,57,-0.028877766442041375,0.24224141168637844,0.4715375
4,2.0,aligned,mi_obs,58,-0.032135191735366685,-0.009882712775971561,0.4715375
4,2.0,aligned,mi_obs,59,-0.06005192311114749,-0.5089302846090255,0.4715375
4,2.0,aligned,mi_obs,60,-0.07487655368998414,0.593869540439707,0.4715375
4,2.0,aligned,mi_obs,61,0.060011097477071895,0.4064454223065553,0.4715375
4,2.0,aligned,mi_obs,62,-0.07526113001927964,0.09766255939377648,0.4715375
4,2.0,aligned,mi_obs,63,-0.01616424134881544,0.005602677296712032,0.4715375
4,2.0,aligned,mi_obs,64,0.0019016630280742075,0.416843486053283,0.4715375
4,2.0,aligned,mi_obs,65,-0.004234727786466044,0.010901400090592836,0.4715375
4,2.0,aligned,mi_class,0,-0.03335173882985398,0.806297353869573,0.4715375
4,2.0,aligned,mi_class,1,-0.0045122722320889985,0.0065435097274414,0.4715375
4,2.0,aligned,mi_class,2,0.05542672009122662,-0.8975425639454033,0.4715375
4,2.0,aligned,mi_class,3,0.12279630702701305,0.15493580109352,0.4715375
4,2.0,aligned,mi_class,4,-0.16454110617420553,0.6635814790575415,0.4715375
4,2.0,aligned,mi_class,5,0.07774641271739324,-0.677054258434976,0.4715375
4,2.0,aligned,mi_class,6,0.0023214381371209347,-0.7979809076770643,0.4715375
4,2.0,aligned,mi_class,7,0.11157023599840829,-0.3236186523819557,0.4715375
4,2.0,aligned,mi_class,8,-0.008952897402576643,0.024650301611819744,0.4715375
4,2.0,aligned,mi_class,9,0.04363117756367736,0.012093074730247472,0.4715375
4,2.0,aligned,mi_class,10,-0.02644580864663537,0.7710627671309745,0.4715375
4,2.0,aligned,mi_class,11,-0.03065074268804472,0.010045286294156216,0.4715375
4,2.0,aligned,mi_class,12,0.015071751669046729,-0.7230014987625782,0.4715375
4,2.0,aligned,mi_class,13,0.012962241170252797,0.3486242924605092,0.4715375
4,2.0,aligned,mi_class,14,-0.14735305052128,0.5369741965336154,0.4715375
4,2.0,aligned,mi_class,15,0.08456934241614167,-0.5520621317094434,0.4715375
4,2.0,aligned,mi_class,16,0.022002351110198215,-0.6420635446816488,0.4715375
4,2.0,aligned,mi_class,17,0.1154452823641279,-0.27688267907415465,0.4715375
4,2.0,aligned,mi_class,18,-0.031497697691417005,0.023423580695092063,0.4715375
4,2.0,aligned,mi_class,19,-0.007842114118315462,0.0029392095389198995,0.4715375
4,2.0,aligned,mi_class,20,-0.03008832282545204,0.6282538269243292,0.4715375
4,2.0,aligned,mi_class,21,0.02140096711086596,-0.0020362274892678773,0.4715375
4,2.0,aligned,mi_class,22,0.08856820837642812,0.011536083537690929,0.4715375
4,2.0,aligned,mi_class,23,0.0018521934820129094,-0.0004276362593375277,0.4715375
4,2.0,aligned,mi_class,24,0.15363630486135477,-0.411777921462353,0.4715375
4,2.0,aligned,mi_class,25,-0.015593806552248058,-0.00298314989020753,0.4715375
4,2.0,aligned,mi_class,26,-0.16575225789146103,0.3297116007430924,0.4715375
4,2.0,aligned,mi_class,27,-0.03590653799058033,-0.000846989683221437,0.4715375
4,2.0,aligned,mi_class,28,0.0022792088449412,0.010490717775514519,0.4715375
4,2.0,aligned,mi_class,29,-0.031904993729827136,0.33276483570609033,0.4715375
4,2.0,aligned,mi_class,30,-0.15877505627679464,-0.14048316605678032,0.4715375
4,2.0,aligned,mi_class,31,0.08681256380385138,-0.594884319365241,0.4715375
4,2.0,aligned,mi_class,32,-0.14954051053723166,0.6047669966803494,0.4715375
4,2.0,aligned,mi_class,33,-0.08148371382780184,0.7158939880335681,0.4715375
4,2.0,aligned,mi_class,34,-0.0772391090545192,0.29160910416250124,0.4715375
4,2.0,aligned,mi_class,35,0.008936070896325745,-0.023980546365864185,0.4715375
4,2.0,aligned,mi_class,36,0.0030022662490800257,-0.011528904871181559,0.4715375
4,2.0,aligned,mi_class,37,0.054195654310255637,-0.7392632711060697,0.4715375
4,2.0,aligned,mi_class,38,-0.08989582184769218,0.4183500865803263,0.4715375
4,2.0,aligned,mi_class,39,0.1542311719742856,-0.48511129577423284,0.4715375
4,2.0,aligned,mi_class,40,-0.1694519393596217,0.20774445717625337,0.4715375
4,2.0,aligned,mi_class,41,-0.16719442160882847,0.6181746908810352,0.4715375
4,2.0,aligned,mi_class,42,-0.25259821519121006,0.7504243343781528,0.4715375
4,2.0,aligned,mi_class,43,0.003517932675693852,0.005387242322485592,0.4715375
4,2.0,aligned,mi_class,44,0.09358447435909112,0.4233189925073306,0.4715375
4,2.0,aligned,mi_class,45,0.11398841035401774,-0.6967647966173495,0.4715375
4,2.0,aligned,mi_class,46,0.0944102354196889,-0.5249444530588062,0.4715375
4,2.0,aligned,mi_class,47,0.007000847278248748,0.03925963836211156,0.4715375
4,2.0,aligned,mi_class,48,-0.2037420585551195,0.518881433674538,0.4715375
4,2.0,aligned,mi_class,49,0.002412275606511395,0.010968347804421545,0.4715375
4,2.0,aligned,mi_class,50,-0.16271461245061214,0.7085026419454021,0.4715375
4,2.0,aligned,mi_class,51,0.07387183582855372,0.4073056024769092,0.4715375
4,2.0,aligned,mi_class,52,-0.03489508267375818,-0.21760232750015707,0.4715375
4,2.0,aligned,mi_class,53,0.23928374537279318,-0.5154066380760233,0.4715375
4,2.0,aligned,mi_class,54,0.008061323734504688,-0.013389534895783182,0.4715375
4,2.0,aligned,mi_class,55,0.14137069492322474,-0.9552299813407754,0.4715375
4,2.0,aligned,mi_class,56,-0.10504864158103872,0.5275477512318559,0.4715375
4,2.0,aligned,mi_class,57,-0.07861603733618883,0.24224141168637844,0.4715375
4,2.0,aligned,mi_class,58,0.029329070648988223,-0.009882712775971561,0.4715375
4,2.0,aligned,mi_class,59,-0.05664761683949204,-0.5089302846090255,0.4715375
4,2.0,aligned,mi_class,60,-0.24838586355606973,0.593869540439707,0.4715375
4,2.0,aligned,mi_class,61,-0.13297392873723962,0.4064454223065553,0.4715375
4,2.0,aligned,mi_class,62,-0.021604354901978054,0.09766255939377648,0.4715375
4,2.0,aligned,mi_class,63,-0.006474331407731798,0.005602677296712032,0.4715375
4,2.0,aligned,mi_class,64,-0.08289160850812094,0.416843486053283,0.4715375
4,2.0,aligned,mi_class,65,0.0029752214750316426,0.010901400090592836,0.4715375
4,2.0,aligned,mi_site,0,-0.06202923544590466,0.806297353869573,0.4715375
4,2.0,aligned,mi_site,1,0.0034026741673426047,0.0065435097274414,0.4715375
4,2.0,aligned,mi_site,2,0.19784589279343412,-0.8975425639454033,0.4715375
4,2.0,aligned,mi_site,3,0.034113307942312626,0.15493580109352,0.4715375
4,2.0,aligned,mi_site,4,-0.028665935896145855,0.6635814790575415,0.4715375
4,2.0,aligned,mi_site,5,0.0860836710353029,-0.677054258434976,0.4715375
4,2.0,aligned,mi_site,6,0.02926748804651169,-0.7979809076770643,0.4715375
4,2.0,aligned,mi_site,7,0.018493517947618276,-0.3236186523819557,0.4715375
4,2.0,aligned,mi_site,8,-0.014391770958089998,0.024650301611819744,0.4715375
4,2.0,aligned,mi_site,9,-0.0019140096557064192,0.012093074730247472,0.4715375
4,2.0,aligned,mi_site,10,-0.06634427749586724,0.7710627671309745,0.4715375
4,2.0,aligned,mi_site,11,0.004578349214856109,0.010045286294156216,0.4715375
4,2.0,aligned,mi_site,12,0.13969336079761963,-0.7230014987625782,0.4715375
4,2.0,aligned,mi_site,13,0.026589135492932625,0.3486242924605092,0.4715375
4,2.0,aligned,mi_site,14,-0.005152764102982266,0.5369741965336154,0.4715375
4,2.0,aligned,mi_site,15,0.04572763255009682,-0.5520621317094434,0.4715375
4,2.0,aligned,mi_site,16,-0.026824500060317558,-0.6420635446816488,0.4715375
4,2.0,aligned,mi_site,17,-0.02600161298023823,-0.27688267907415465,0.4715375
4,2.0,aligned,mi_site,18,-0.029873874275256066,0.023423580695092063,0.4715375
4,2.0,aligned,mi_site,19,-0.003373054994981222,0.0029392095389198995,0.4715375
4,2.0,aligned,mi_site,20,-0.027929162828752463,0.6282538269243292,0.4715375
4,2.0,aligned,mi_site,21,-0.015156064958524493,-0.0020362274892678773,0.4715375
4,2.0,aligned,mi_site,22,-0.020792922154818497,0.011536083537690929,0.4715375
4,2.0,aligned,mi_site,23,0.007534674379572902,-0.0004276362593375277,0.4715375
4,2.0,aligned,mi_site,24,0.02674930675883902,-0.411777921462353,0.4715375
4,2.0,aligned,mi_site,25,0.005820539426710654,-0.00298314989020753,0.4715375
4,2.0,aligned,mi_site,26,0.015145940179910777,0.3297116007430924,0.4715375
4,2.0,aligned,mi_site,27,-0.007236746532457903,-0.000846989683221437,0.4715375
4,2.0,aligned,mi_site,28,0.004183472257953983,0.010490717775514519,0.4715375
4,2.0,aligned,mi_site,29,-0.013350055985637821,0.33276483570609033,0.4715375
4,2.0,aligned,mi_site,30,-0.019109372854155204,-0.14048316605678032,0.4715375
4,2.0,aligned,mi_site,31,0.05355355653298344,-0.594884319365241,0.4715375
4,2.0,aligned,mi_site,32,-0.09441014766881362,0.6047669966803494,0.4715375
4,2.0,aligned,mi_site,33,-0.04839345243903548,0.7158939880335681,0.4715375
4,2.0,aligned,mi_site,34,-0.01024015965924402,0.29160910416250124,0.4715375
4,2.0,aligned,mi_site,35,-0.0110100965256191,-0.023980546365864185,0.4715375
4,2.0,aligned,mi_site,36,0.014268167835686999,-0.011528904871181559,0.4715375
4,2.0,aligned,mi_site,37,0.11537943260421757,-0.7392632711060697,0.4715375
4,2.0,aligned,mi_site,38,0.039565694646540306,0.4183500865803263,0.4715375
4,2.0,aligned,mi_site,39,0.000376241182450332,-0.48511129577423284,0.4715375
4,2.0,aligned,mi_site,40,-0.11866894389978445,0.20774445717625337,0.4715375
4,2.0,aligned,mi_site,41,-0.11233012493495009,0.6181746908810352,0.4715375
4,2.0,aligned,mi_site,42,-0.03948723216344674,0.7504243343781528,0.4715375
4,2.0,aligned,mi_site,43,-0.02616755363315023,0.005387242322485592,0.4715375
4,2.0,aligned,mi_site,44,0.029393462559944405,0.4233189925073306,0.4715375
4,2.0,aligned,mi_site,45,0.05621037195821377,-0.6967647966173495,0.4715375
4,2.0,aligned,mi_site,46,-0.026856883159935396,-0.5249444530588062,0.4715375
4,2.0,aligned,mi_site,47,-0.00409426360139814,0.03925963836211156,0.4715375
4,2.0,aligned,mi_site,48,0.03745826473807612,0.518881433674538,0.4715375
4,2.0,aligned,mi_site,49,0.003992386732703567,0.010968347804421545,0.4715375
4,2.0,aligned,mi_site,50,0.0017992996098379344,0.7085026419454021,0.4715375
4,2.0,aligned,mi_site,51,0.04663304669365753,0.4073056024769092,0.4715375
4,2.0,aligned,mi_site,52,0.06551094082887851,-0.21760232750015707,0.4715375
4,2.0,aligned,mi_site,53,0.029330814524313242,-0.5154066380760233,0.4715375
4,2.0,aligned,mi_site,54,0.03149829869103343,-0.013389534895783182,0.4715375
4,2.0,aligned,mi_site,55,0.06919226015699587,-0.9552299813407754,0.4715375
4,2.0,aligned,mi_site,56,-0.005906172352488137,0.5275477512318559,0.4715375
4,2.0,aligned,mi_site,57,-0.019660651901612813,0.24224141168637844,0.4715375
4,2.0,aligned,mi_site,58,-0.013985648840787774,-0.009882712775971561,0.4715375
4,2.0,aligned,mi_site,59,-0.03327379309629297,-0.5089302846090255,0.4715375
4,2.0,aligned,mi_site,60,-0.03334687855344498,0.593869540439707,0.4715375
4,2.0,aligned,mi_site,61,-0.03424097652705366,0.4064454223065553,0.4715375
4,2.0,aligned,mi_site,62,-0.022803004444538144,0.09766255939377648,0.4715375
4,2.0,aligned,mi_site,63,-0.0038746497781261277,0.005602677296712032,0.4715375
4,2.0,aligned,mi_site,64,-0.005947875486612686,0.416843486053283,0.4715375
4,2.0,aligned,mi_site,65,-0.0038768986832766594,0.010901400090592836,0.4715375
4,2.0,closed,available,0,-0.0011481302665181659,0.806297353869573,0.4715375
4,2.0,closed,available,1,0.004739968218011042,0.0065435097274414,0.4715375
4,2.0,closed,available,2,0.003193105367600535,-0.8975425639454033,0.4715375
4,2.0,closed,available,3,0.009065692740212239,0.15493580109352,0.4715375
4,2.0,closed,available,4,0.00719592134767677,0.6635814790575415,0.4715375
4,2.0,closed,available,5,-0.0005597286155599734,-0.677054258434976,0.4715375
4,2.0,closed,available,6,0.0040304398709696265,-0.7979809076770643,0.4715375
4,2.0,closed,available,7,-0.003436977707497013,-0.3236186523819557,0.4715375
4,2.0,closed,available,8,0.0066481672251041644,0.024650301611819744,0.4715375
4,2.0,closed,available,9,-0.009994783226742136,0.012093074730247472,0.4715375
4,2.0,closed,available,10,-0.0022463645925797637,0.7710627671309745,0.4715375
4,2.0,closed,available,11,-0.005594620474235192,0.010045286294156216,0.4715375
4,2.0,closed,available,12,-0.009463866024645329,-0.7230014987625782,0.4715375
4,2.0,closed,available,13,0.012083338343185035,0.3486242924605092,0.4715375
4,2.0,closed,available,14,-0.0008897681754920228,0.5369741965336154,0.4715375
4,2.0,closed,available,15,0.002233913008431343,-0.5520621317094434,0.4715375
4,2.0,closed,available,16,0.012986821911229907,-0.6420635446816488,0.4715375
4,2.0,closed,available,17,-0.005015431783874147,-0.27688267907415465,0.4715375
4,2.0,closed,available,18,-0.005166026810180448,0.023423580695092063,0.4715375
4,2.0,closed,available,19,-0.010498405815460306,0.0029392095389198995,0.4715375
4,2.0,closed,available,20,-0.0007431353510445327,0.6282538269243292,0.4715375
4,2.0,closed,available,21,0.029365330100075016,-0.0020362274892678773,0.4715375
4,2.0,closed,available,22,-0.02448038712117085,0.011536083537690929,0.4715375
4,2.0,closed,available,23,-0.007755162131729772,-0.0004276362593375277,0.4715375
4,2.0,closed,available,24,0.007382861792016415,-0.411777921462353,0.4715375
4,2.0,closed,available,25,-0.017605671231750934,-0.00298314989020753,0.4715375
4,2.0,closed,available,26,5.305607142708224e-05,0.3297116007430924,0.4715375
4,2.0,closed,available,27,0.013311189263587424,-0.000846989683221437,0.4715375
4,2.0,closed,available,28,0.006956935003052186,0.010490717775514519,0.4715375
4,2.0,closed,available,29,-0.010435757239007581,0.33276483570609033,0.4715375
4,2.0,closed,available,30,-0.021358852383695587,-0.14048316605678032,0.4715375
4,2.0,closed,available,31,0.0012566069784152312,-0.594884319365241,0.4715375
4,2.0,closed,available,32,0.00392201283634408,0.6047669966803494,0.4715375
4,2.0,closed,available,33,0.00107922831708962,0.7158939880335681,0.4715375
4,2.0,closed,available,34,0.010045750565239542,0.29160910416250124,0.4715375
4,2.0,closed,available,35,-0.027393408266152247,-0.023980546365864185,0.4715375
4,2.0,closed,available,36,-0.0020814195464544123,-0.011528904871181559,0.4715375
4,2.0,closed,available,37,0.001277537093127723,-0.7392632711060697,0.4715375
4,2.0,closed,available,38,0.0012187605904039889,0.4183500865803263,0.4715375
4,2.0,closed,available,39,0.004545718584806568,-0.48511129577423284,0.4715375
4,2.0,closed,available,40,0.0027905113042795693,0.20774445717625337,0.4715375
4,2.0,closed,available,41,-0.005033966990884431,0.6181746908810352,0.4715375
4,2.0,closed,available,42,0.0021440272986739117,0.7504243343781528,0.4715375
4,2.0,closed,available,43,-0.00642778966118733,0.005387242322485592,0.4715375
4,2.0,closed,available,44,-0.00496166782826768,0.4233189925073306,0.4715375
4,2.0,closed,available,45,-0.0022905066060013857,-0.6967647966173495,0.4715375
4,2.0,closed,available,46,-0.00046091352109911554,-0.5249444530588062,0.4715375
4,2.0,closed,available,47,-0.007349227265300594,0.03925963836211156,0.4715375
4,2.0,closed,available,48,0.003441949741037509,0.518881433674538,0.4715375
4,2.0,closed,available,49,-0.01614143051486211,0.010968347804421545,0.4715375
4,2.0,closed,available,50,0.0032787934139044683,0.7085026419454021,0.4715375
4,2.0,closed,available,51,0.0010469279322968261,0.4073056024769092,0.4715375
4,2.0,closed,available,52,0.004331683056649077,-0.21760232750015707,0.4715375
4,2.0,closed,available,53,-0.010361721331462403,-0.5154066380760233,0.4715375
4,2.0,closed,available,54,0.023270398651632575,-0.013389534895783182,0.4715375
4,2.0,closed,available,55,-0.000749819310099209,-0.9552299813407754,0.4715375
4,2.0,closed,available,56,0.004832638985617255,0.5275477512318559,0.4715375
4,2.0,closed,available,57,0.0033938311736884386,0.24224141168637844,0.4715375
4,2.0,closed,available,58,0.014632102614789384,-0.009882712775971561,0.4715375
4,2.0,closed,available,59,-0.006247696679222203,-0.5089302846090255,0.4715375
4,2.0,closed,available,60,0.0004946110491805822,0.593869540439707,0.4715375
4,2.0,closed,available,61,-0.002963439797909917,0.4064454223065553,0.4715375
4,2.0,closed,available,62,-0.010542765998577883,0.09766255939377648,0.4715375
4,2.0,closed,available,63,-0.00040019116133482857,0.005602677296712032,0.4715375
4,2.0,closed,available,64,0.005955577161980863,0.416843486053283,0.4715375
4,2.0,closed,available,65,-0.0058994742986827504,0.010901400090592836,0.4715375
4,2.0,closed,mi_obs,0,0.010446766406781105,0.806297353869573,0.4715375
4,2.0,closed,mi_obs,1,0.0018089652317446782,0.0065435097274414,0.4715375
4,2.0,closed,mi_obs,2,-0.04937456302797516,-0.8975425639454033,0.4715375
4,2.0,closed,mi_obs,3,-0.004622416010684666,0.15493580109352,0.4715375
4,2.0,closed,mi_obs,4,0.05410251287970069,0.6635814790575415,0.4715375
4,2.0,closed,mi_obs,5,-0.011077813109241497,-0.677054258434976,0.4715375
4,2.0,closed,mi_obs,6,-0.07292628946291269,-0.7979809076770643,0.4715375
4,2.0,closed,mi_obs,7,-0.07725015478258851,-0.3236186523819557,0.4715375
4,2.0,closed,mi_obs,8,-0.01826413512108381,0.024650301611819744,0.4715375
4,2.0,closed,mi_obs,9,0.00041198054393997395,0.012093074730247472,0.4715375
4,2.0,closed,mi_obs,10,0.007265338085371664,0.7710627671309745,0.4715375
4,2.0,closed,mi_obs,11,0.013167217354475446,0.010045286294156216,0.4715375
4,2.0,closed,mi_obs,12,-0.02471584844583563,-0.7230014987625782,0.4715375
4,2.0,closed,mi_obs,13,0.02237484657975458,0.3486242924605092,0.4715375
4,2.0,closed,mi_obs,14,0.036089233664370224,0.5369741965336154,0.4715375
4,2.0,closed,mi_obs,15,-0.011076022132776142,-0.5520621317094434,0.4715375
4,2.0,closed,mi_obs,16,-0.05718180754669988,-0.6420635446816488,0.4715375
4,2.0,closed,mi_obs,17,-0.09712667212908022,-0.27688267907415465,0.4715375
4,2.0,closed,mi_obs,18,-0.01856043730610304,0.023423580695092063,0.4715375
4,2.0,closed,mi_obs,19,-0.00865818915071528,0.0029392095389198995,0.4715375
4,2.0,closed,mi_obs,20,0.0027014050864330175,0.6282538269243292,0.4715375
4,2.0,closed,mi_obs,21,0.014683088523991309,-0.0020362274892678773,0.4715375
4,2.0,closed,mi_obs,22,-0.0021232811295349412,0.011536083537690929,0.4715375
4,2.0,closed,mi_obs,23,-0.0045849180101946736,-0.0004276362593375277,0.4715375
4,2.0,closed,mi_obs,24,-0.02015052339830431,-0.411777921462353,0.4715375
4,2.0,closed,mi_obs,25,0.008958473547635121,-0.00298314989020753,0.4715375
4,2.0,closed,mi_obs,26,0.04186257307283048,0.3297116007430924,0.4715375
4,2.0,closed,mi_obs,27,0.014651846415247787,-0.000846989683221437,0.4715375
4,2.0,closed,mi_obs,28,0.0253907645137455,0.010490717775514519,0.4715375
4,2.0,closed,mi_obs,29,0.018582710378900358,0.33276483570609033,0.4715375
4,2.0,closed,mi_obs,30,-0.01569347778018057,-0.14048316605678032,0.4715375
4,2.0,closed,mi_obs,31,-0.07427741896395335,-0.594884319365241,0.4715375
4,2.0,closed,mi_obs,32,0.031334668025796986,0.6047669966803494,0.4715375
4,2.0,closed,mi_obs,33,0.09209605736978721,0.7158939880335681,0.4715375
4,2.0,closed,mi_obs,34,0.08784541800216505,0.29160910416250124,0.4715375
4,2.0,closed,mi_obs,35,-0.025536085267926403,-0.023980546365864185,0.4715375
4,2.0,closed,mi_obs,36,0.00331793164920924,-0.011528904871181559,0.4715375
4,2.0,closed,mi_obs,37,-0.032113084837242845,-0.7392632711060697,0.4715375
4,2.0,closed,mi_obs,38,0.0259086460474095,0.4183500865803263,0.4715375
4,2.0,closed,mi_obs,39,0.005170475030485899,-0.48511129577423284,0.4715375
4,2.0,closed,mi_obs,40,-0.05916158243635139,0.20774445717625337,0.4715375
4,2.0,closed,mi_obs,41,-0.11134228236325494,0.6181746908810352,0.4715375
4,2.0,closed,mi_obs,42,-0.003068656988489349,0.7504243343781528,0.4715375
4,2.0,closed,mi_obs,43,0.0005561685027833177,0.005387242322485592,0.4715375
4,2.0,closed,mi_obs,44,-0.005139943452797724,0.4233189925073306,0.4715375
4,2.0,closed,mi_obs,45,-0.052717438611351586,-0.6967647966173495,0.4715375
4,2.0,closed,mi_obs,46,-0.06097084537644115,-0.5249444530588062,0.4715375
4,2.0,closed,mi_obs,47,-0.08890868318024028,0.03925963836211156,0.4715375
4,2.0,closed,mi_obs,48,0.054738037359527314,0.518881433674538,0.4715375
4,2.0,closed,mi_obs,49,0.012365512586109009,0.010968347804421545,0.4715375
4,2.0,closed,mi_obs,50,0.042667567475824675,0.7085026419454021,0.4715375
4,2.0,closed,mi_obs,51,0.06864836164129434,0.4073056024769092,0.4715375
4,2.0,closed,mi_obs,52,0.09227191750591376,-0.21760232750015707,0.4715375
4,2.0,closed,mi_obs,53,-0.00822171674133787,-0.5154066380760233,0.4715375
4,2.0,closed,mi_obs,54,0.006945612607055248,-0.013389534895783182,0.4715375
4,2.0,closed,mi_obs,55,-0.00950314444948075,-0.9552299813407754,0.4715375
4,2.0,closed,mi_obs,56,0.026558140212320613,0.5275477512318559,0.4715375
4,2.0,closed,mi_obs,57,-0.02601072210183264,0.24224141168637844,0.4715375
4,2.0,closed,mi_obs,58,-0.012124235768246868,-0.009882712775971561,0.4715375
4,2.0,closed,mi_obs,59,-0.0641354154907623,-0.5089302846090255,0.4715375
4,2.0,closed,mi_obs,60,-0.07013107568331112,0.593869540439707,0.4715375
4,2.0,closed,mi_obs,61,0.06784425300348623,0.4064454223065553,0.4715375
4,2.0,closed,mi_obs,62,-0.08564098549857596,0.09766255939377648,0.4715375
4,2.0,closed,mi_obs,63,0.0050758223468251925,0.005602677296712032,0.4715375
4,2.0,closed,mi_obs,64,0.0017235715877027546,0.416843486053283,0.4715375
4,2.0,closed,mi_obs,65,0.0003212681615485588,0.010901400090592836,0.4715375
4,2.0,closed,mi_class,0,-0.06216655144756533,0.806297353869573,0.4715375
4,2.0,closed,mi_class,1,0.04480426141209856,0.0065435097274414,0.4715375
4,2.0,closed,mi_class,2,0.07358860585837779,-0.8975425639454033,0.4715375
4,2.0,closed,mi_class,3,-0.020138051388327444,0.15493580109352,0.4715375
4,2.0,closed,mi_class,4,-0.18509074937610337,0.6635814790575415,0.4715375
4,2.0,closed,mi_class,5,0.12427585015610543,-0.677054258434976,0.4715375
4,2.0,closed,mi_class,6,0.12868846334709416,-0.7979809076770643,0.4715375
4,2.0,closed,mi_class,7,0.10495845971616768,-0.3236186523819557,0.4715375
4,2.0,closed,mi_class,8,9.811870441862186e-05,0.024650301611819744,0.4715375
4,2.0,closed,mi_class,9,-0.011740781539574313,0.012093074730247472,0.4715375
4,2.0,closed,mi_class,10,-0.07326327705916669,0.7710627671309745,0.4715375
4,2.0,closed,mi_class,11,0.015153352078497993,0.010045286294156216,0.4715375
4,2.0,closed,mi_class,12,0.0013774436947469049,-0.7230014987625782,0.4715375
4,2.0,closed,mi_class,13,-0.055083071636788494,0.3486242924605092,0.4715375
4,2.0,closed,mi_class,14,-0.13484787934356035,0.5369741965336154,0.4715375
4,2.0,closed,mi_class,15,0.08546550161670585,-0.5520621317094434,0.4715375
4,2.0,closed,mi_class,16,0.09510218645065438,-0.6420635446816488,0.4715375
4,2.0,closed,mi_class,17,0.08464705928545302,-0.27688267907415465,0.4715375
4,2.0,closed,mi_class,18,-0.017010646984929666,0.023423580695092063,0.4715375
4,2.0,closed,mi_class,19,-0.01639184933676228,0.0029392095389198995,0.4715375
4,2.0,closed,mi_class,20,-0.011456499816719923,0.6282538269243292,0.4715375
4,2.0,closed,mi_class,21,0.031272629038449865,-0.0020362274892678773,0.4715375
4,2.0,closed,mi_class,22,-0.018396947843947613,0.011536083537690929,0.4715375
4,2.0,closed,mi_class,23,-0.003338362027684302,-0.0004276362593375277,0.4715375
4,2.0,closed,mi_class,24,0.12627267616683685,-0.411777921462353,0.4715375
4,2.0,closed,mi_class,25,-0.024090929236824262,-0.00298314989020753,0.4715375
4,2.0,closed,mi_class,26,-0.14102921836927862,0.3297116007430924,0.4715375
4,2.0,closed,mi_class,27,0.008014133942841253,-0.000846989683221437,0.4715375
4,2.0,closed,mi_class,28,0.0038197717099751945,0.010490717775514519,0.4715375
4,2.0,closed,mi_class,29,-0.014182919656470838,0.33276483570609033,0.4715375
4,2.0,closed,mi_class,30,-0.0005752118091277569,-0.14048316605678032,0.4715375
4,2.0,closed,mi_class,31,0.10184799939639039,-0.594884319365241,0.4715375
4,2.0,closed,mi_class,32,-0.14277865627416558,0.6047669966803494,0.4715375
4,2.0,closed,mi_class,33,0.004359792432026666,0.7158939880335681,0.4715375
4,2.0,closed,mi_class,34,-0.04332188621999805,0.29160910416250124,0.4715375
4,2.0,closed,mi_class,35,-0.003744085122623489,-0.023980546365864185,0.4715375
4,2.0,closed,mi_class,36,0.02445526781370346,-0.011528904871181559,0.4715375
4,2.0,closed,mi_class,37,0.05257305623727815,-0.7392632711060697,0.4715375
4,2.0,closed,mi_class,38,-0.02477967067293735,0.4183500865803263,0.4715375
4,2.0,closed,mi_class,39,0.057534108147149765,-0.48511129577423284,0.4715375
4,2.0,closed,mi_class,40,-0.048016448438942455,0.20774445717625337,0.4715375
4,2.0,closed,mi_class,41,-0.05567641368006948,0.6181746908810352,0.4715375
4,2.0,closed,mi_class,42,-0.28567123467910294,0.7504243343781528,0.4715375
4,2.0,closed,mi_class,43,0.015660258718212434,0.005387242322485592,0.4715375
4,2.0,closed,mi_class,44,-0.09127089376962844,0.4233189925073306,0.4715375
4,2.0,closed,mi_class,45,0.06521729347560878,-0.6967647966173495,0.4715375
4,2.0,closed,mi_class,46,0.09828404921388395,-0.5249444530588062,0.4715375
4,2.0,closed,mi_class,47,-0.03251881595060834,0.03925963836211156,0.4715375
4,2.0,closed,mi_class,48,-0.20771511149950994,0.518881433674538,0.4715375
4,2.0,closed,mi_class,49,-0.012255696506889801,0.010968347804421545,0.4715375
4,2.0,closed,mi_class,50,-0.15662538059812847,0.7085026419454021,0.4715375
4,2.0,closed,mi_class,51,-0.12643846529397978,0.4073056024769092,0.4715375
4,2.0,closed,mi_class,52,0.05767526328556907,-0.21760232750015707,0.4715375
4,2.0,closed,mi_class,53,0.22109781210270474,-0.5154066380760233,0.4715375
4,2.0,closed,mi_class,54,0.012285597932883559,-0.013389534895783182,0.4715375
4,2.0,closed,mi_class,55,0.13592988802551942,-0.9552299813407754,0.4715375
4,2.0,closed,mi_class,56,-0.1402440327084507,0.5275477512318559,0.4715375
4,2.0,closed,mi_class,57,-0.07881697689678854,0.24224141168637844,0.4715375
4,2.0,closed,mi_class,58,-0.034013964301284436,-0.009882712775971561,0.4715375
4,2.0,closed,mi_class,59,0.002493401684927621,-0.5089302846090255,0.4715375
4,2.0,closed,mi_class,60,-0.2313096404681324,0.593869540439707,0.4715375
4,2.0,closed,mi_class,61,-0.09564354598400626,0.4064454223065553,0.4715375
4,2.0,closed,mi_class,62,-0.029907137341686194,0.09766255939377648,0.4715375
4,2.0,closed,mi_class,63,0.0068254125162600515,0.005602677296712032,0.4715375
4,2.0,closed,mi_class,64,-0.07605350295659646,0.416843486053283,0.4715375
4,2.0,closed,mi_class,65,-0.0044736189943131,0.010901400090592836,0.4715375
4,2.0,closed,mi_site,0,0.009205228782684372,0.806297353869573,0.4715375
4,2.0,closed,mi_site,1,0.0012289106792478938,0.0065435097274414,0.4715375
4,2.0,closed,mi_site,2,-0.03955235853180672,-0.8975425639454033,0.4715375
4,2.0,closed,mi_site,3,0.009634130660474693,0.15493580109352,0.4715375
4,2.0,closed,mi_site,4,0.04402239716033862,0.6635814790575415,0.4715375
4,2.0,closed,mi_site,5,-0.010256698169904488,-0.677054258434976,0.4715375
4,2.0,closed,mi_site,6,-0.0605383983242217,-0.7979809076770643,0.4715375
4,2.0,closed,mi_site,7,-0.06366919645694141,-0.3236186523819557,0.4715375
4,2.0,closed,mi_site,8,-0.013835747890330305,0.024650301611819744,0.4715375
4,2.0,closed,mi_site,9,-0.000693328284580623,0.012093074730247472,0.4715375
4,2.0,closed,mi_site,10,0.0051439158566869425,0.7710627671309745,0.4715375
4,2.0,closed,mi_site,11,0.009876675295267685,0.010045286294156216,0.4715375
4,2.0,closed,mi_site,12,-0.02701909879730735,-0.7230014987625782,0.4715375
4,2.0,closed,mi_site,13,0.029901280440047473,0.3486242924605092,0.4715375
4,2.0,closed,mi_site,14,0.026268408234207397,0.5369741965336154,0.4715375
4,2.0,closed,mi_site,15,-0.010083166302614077,-0.5520621317094434,0.4715375
4,2.0,closed,mi_site,16,-0.04659156671607789,-0.6420635446816488,0.4715375
4,2.0,closed,mi_site,17,-0.08631382205472682,-0.27688267907415465,0.4715375
4,2.0,closed,mi_site,18,-0.017758096607966747,0.023423580695092063,0.4715375
4,2.0,closed,mi_site,19,-0.009713453426500073,0.0029392095389198995,0.4715375
4,2.0,closed,mi_site,20,0.001287924405575569,0.6282538269243292,0.4715375
4,2.0,closed,mi_site,21,0.008647269584594313,-0.0020362274892678773,0.4715375
4,2.0,closed,mi_site,22,-0.016956733244678838,0.011536083537690929,0.4715375
4,2.0,closed,mi_site,23,-0.0029953348306138404,-0.0004276362593375277,0.4715375
4,2.0,closed,mi_site,24,-0.01792242052537435,-0.411777921462353,0.4715375
4,2.0,closed,mi_site,25,-0.005011068379948958,-0.00298314989020753,0.4715375
4,2.0,closed,mi_site,26,0.02757542294608123,0.3297116007430924,0.4715375
4,2.0,closed,mi_site,27,0.011212905720136852,-0.000846989683221437,0.4715375
4,2.0,closed,mi_site,28,0.010829982119301947,0.010490717775514519,0.4715375
4,2.0,closed,mi_site,29,0.015469289459422664,0.33276483570609033,0.4715375
4,2.0,closed,mi_site,30,-0.0273013132006861,-0.14048316605678032,0.4715375
4,2.0,closed,mi_site,31,-0.057373591345240005,-0.594884319365241,0.4715375
4,2.0,closed,mi_site,32,0.028084596500032588,0.6047669966803494,0.4715375
4,2.0,closed,mi_site,33,0.07409360484144656,0.7158939880335681,0.4715375
4,2.0,closed,mi_site,34,0.06449431466423772,0.29160910416250124,0.4715375
4,2.0,closed,mi_site,35,-0.008621721701312736,-0.023980546365864185,0.4715375
4,2.0,closed,mi_site,36,0.007957082094663892,-0.011528904871181559,0.4715375
4,2.0,closed,mi_site,37,-0.022797129052807508,-0.7392632711060697,0.4715375
4,2.0,closed,mi_site,38,0.03156766308517267,0.4183500865803263,0.4715375
4,2.0,closed,mi_site,39,0.005643143165828479,-0.48511129577423284,0.4715375
4,2.0,closed,mi_site,40,-0.06141545024184797,0.20774445717625337,0.4715375
4,2.0,closed,mi_site,41,-0.11162348832478142,0.6181746908810352,0.4715375
4,2.0,closed,mi_site,42,-0.0198816261086181,0.7504243343781528,0.4715375
4,2.0,closed,mi_site,43,-0.00800021078818798,0.005387242322485592,0.4715375
4,2.0,closed,mi_site,44,-0.0017381729648892619,0.4233189925073306,0.4715375
4,2.0,closed,mi_site,45,-0.044329259921452535,-0.6967647966173495,0.4715375
4,2.0,closed,mi_site,46,-0.04631146230176286,-0.5249444530588062,0.4715375
4,2.0,closed,mi_site,47,-0.07099447358327439,0.03925963836211156,0.4715375
4,2.0,closed,mi_site,48,0.05784800248345123,0.518881433674538,0.4715375
4,2.0,closed,mi_site,49,0.011470324377495027,0.010968347804421545,0.4715375
4,2.0,closed,mi_site,50,0.03706955331462969,0.7085026419454021,0.4715375
4,2.0,closed,mi_site,51,0.06489674248853128,0.4073056024769092,0.4715375
4,2.0,closed,mi_site,52,0.08132964242253882,-0.21760232750015707,0.4715375
4,2.0,closed,mi_site,53,0.00027808268154805305,-0.5154066380760233,0.4715375
4,2.0,closed,mi_site,54,0.007762277351027397,-0.013389534895783182,0.4715375
4,2.0,closed,mi_site,55,-0.009616902888040513,-0.9552299813407754,0.4715375
4,2.0,closed,mi_site,56,0.016905151062071244,0.5275477512318559,0.4715375
4,2.0,closed,mi_site,57,-0.02628878533190815,0.24224141168637844,0.4715375
4,2.0,closed,mi_site,58,-0.013437428527696632,-0.009882712775971561,0.4715375
4,2.0,closed,mi_site,59,-0.05906819286169773,-0.5089302846090255,0.4715375
4,2.0,closed,mi_site,60,-0.07056789584111423,0.593869540439707,0.4715375
4,2.0,closed,mi_site,61,0.05695686571979969,0.4064454223065553,0.4715375
4,2.0,closed,mi_site,62,-0.07136212190904591,0.09766255939377648,0.4715375
4,2.0,closed,mi_site,63,0.00036418091809131,0.005602677296712032,0.4715375
4,2.0,closed,mi_site,64,-0.0019165824659498898,0.416843486053283,0.4715375
4,2.0,closed,mi_site,65,-0.0005059218527184803,0.010901400090592836,0.4715375
