rep,gamma,alignment,estimator,pair,signed_err,truth,miss_rate
19,0.0,aligned,available,0,0.0034366550806743607,0.004699311973723,0.470675
19,0.0,aligned,available,1,-0.012230794922049698,0.012547447466138789,0.470675
19,0.0,aligned,available,2,-0.00714319609587287,0.0042030423344204286,0.470675
19,0.0,aligned,available,3,-0.009978953221390263,-0.003268820470093386,0.470675
19,0.0,aligned,available,4,-0.004524601205996143,0.009863382179844995,0.470675
19,0.0,aligned,available,5,-0.0008476555797844558,0.008527083195798344,0.470675
19,0.0,aligned,available,6,-0.006164464830903438,-0.466699068310495,0.470675
19,0.0,aligned,available,7,-0.006132613130460429,-0.2966752746835765,0.470675
19,0.0,aligned,available,8,-0.004073793317444467,0.001843648310880757,0.470675
19,0.0,aligned,available,9,-0.005368568996122647,-0.3883257367647437,0.470675
19,0.0,aligned,available,10,0.0003794948486159906,-0.0023871031944757886,0.470675
19,0.0,aligned,available,11,0.0012359982817388149,0.7318353655628261,0.470675
19,0.0,aligned,available,12,3.305961955657466e-05,0.821411433187612,0.470675
19,0.0,aligned,available,13,-0.0004175391753226121,-0.7221589338994157,0.470675
19,0.0,aligned,available,14,0.020121651658016385,0.003978671869716298,0.470675
19,0.0,aligned,available,15,0.01414201709340046,0.004459267702422917,0.470675
19,0.0,aligned,available,16,-0.021620471017352247,-0.048264510779066294,0.470675
19,0.0,aligned,available,17,-0.01053740346903026,-0.4919864084749885,0.470675
19,0.0,aligned,available,18,0.000356377529643348,-0.6818971053963035,0.470675
19,0.0,aligned,available,19,-0.0036793066882908204,-0.03439680666380199,0.470675
19,0.0,aligned,available,20,-0.0038051072367991114,-0.0024263630710399616,0.470675
19,0.0,aligned,available,21,0.004195644684132582,0.8883841159649796,0.470675
19,0.0,aligned,available,22,0.005313400502271581,-0.5255505836892138,0.470675
19,0.0,aligned,available,23,0.0002971279701624134,0.009076528804954884,0.470675
19,0.0,aligned,available,24,-0.0022005000546086416,0.009385772354916796,0.470675
19,0.0,aligned,available,25,0.011811153728125523,-0.25951320717849036,0.470675
19,0.0,aligned,available,26,-0.0019381461790666243,-0.7909126745118347,0.470675
19,0.0,aligned,available,27,0.005394358312979963,-0.7376926463300272,0.470675
19,0.0,aligned,available,28,0.00960792109755601,-0.21137275746294404,0.470675
19,0.0,aligned,available,29,0.001482086582234917,-0.009569797750971465,0.470675
19,0.0,aligned,available,30,-0.011216795576091898,-0.5914580329633878,0.470675
19,0.0,aligned,available,31,0.04283618388202037,0.009072507193610427,0.470675
19,0.0,aligned,available,32,0.01974586930558982,0.009297262167162847,0.470675
19,0.0,aligned,available,33,-0.011000714632626862,-0.28741180914502296,0.470675
19,0.0,aligned,available,34,-0.01949795602523885,-0.7384101727854286,0.470675
19,0.0,aligned,available,35,-0.004446964106666007,-0.8259803776373099,0.470675
19,0.0,aligned,available,36,0.009202440900448555,-0.23294030781901565,0.470675
19,0.0,aligned,available,37,-0.0021849187161174823,-0.009893445578749311,0.470675
19,0.0,aligned,available,38,-0.003548982005339374,0.374284476737783,0.470675
19,0.0,aligned,available,39,0.0019477190510122089,0.17131344192250048,0.470675
19,0.0,aligned,available,40,0.010176861685482874,-0.3879952932732524,0.470675
19,0.0,aligned,available,41,0.0040224794172869505,0.14162080060223045,0.470675
19,0.0,aligned,available,42,0.014731355568436855,0.5396558502646811,0.470675
19,0.0,aligned,available,43,0.020627600920045508,-0.3253716425032397,0.470675
19,0.0,aligned,available,44,0.00604562184452756,-0.27230543725841166,0.470675
19,0.0,aligned,available,45,-0.003442086527847943,0.8146980962861683,0.470675
19,0.0,aligned,available,46,0.0023917409905614972,-0.5051487414495904,0.470675
19,0.0,aligned,available,47,-0.01178394313567964,-0.07254551126475599,0.470675
19,0.0,aligned,available,48,-0.0036295775715989853,0.21412417212515142,0.470675
19,0.0,aligned,available,49,0.0021205148468593227,-0.41689378140771965,0.470675
19,0.0,aligned,available,50,0.002436454900907714,-0.8552053010956944,0.470675
19,0.0,aligned,available,51,0.0026001356988127333,-0.38967188657471663,0.470675
19,0.0,aligned,available,52,-0.007375299977456666,0.05632783917803214,0.470675
19,0.0,aligned,available,53,-0.009273579892528638,0.26759157740368783,0.470675
19,0.0,aligned,available,54,0.0020037093372079484,-0.31983885728563055,0.470675
19,0.0,aligned,available,55,-0.0018588416750537906,-0.8253936061604571,0.470675
19,0.0,aligned,available,56,0.006440312154298078,0.6697762843842706,0.470675
19,0.0,aligned,available,57,0.005783303855401767,0.1288357374013034,0.470675
19,0.0,aligned,available,58,0.0033263303607505845,0.8289586539624025,0.470675
19,0.0,aligned,available,59,-0.005311140421309979,0.4241505610585694,0.470675
19,0.0,aligned,available,60,0.003331805225776585,0.6271858640928697,0.470675
19,0.0,aligned,available,61,0.01999591537905543,0.55461450031509,0.470675
19,0.0,aligned,available,62,0.007295054534620527,0.01884018563622118,0.470675
19,0.0,aligned,available,63,-0.009719817158552538,0.10578250488135398,0.470675
19,0.0,aligned,available,64,0.0003445672553328005,-0.21973975093667977,0.470675
19,0.0,aligned,available,65,0.002792514245167854,0.34885842706442344,0.470675
19,0.0,aligned,mi_obs,0,-0.008990178974839804,0.004699311973723,0.470675
19,0.0,aligned,mi_obs,1,-0.0031546552752208593,0.012547447466138789,0.470675
19,0.0,aligned,mi_obs,2,-0.01054225145785925,0.0042030423344204286,0.470675
19,0.0,aligned,mi_obs,3,-0.019126899070211593,-0.003268820470093386,0.470675
19,0.0,aligned,mi_obs,4,-0.008048957685684088,0.009863382179844995,0.470675
19,0.0,aligned,mi_obs,5,0.015696356925332864,0.008527083195798344,0.470675
19,0.0,aligned,mi_obs,6,-0.059109680798498654,-0.466699068310495,0.470675
19,0.0,aligned,mi_obs,7,-0.003997654978812326,-0.2966752746835765,0.470675
19,0.0,aligned,mi_obs,8,0.010184264328118045,0.001843648310880757,0.470675
19,0.0,aligned,mi_obs,9,-0.058020308544268595,-0.3883257367647437,0.470675
19,0.0,aligned,mi_obs,10,-0.008260145145502582,-0.0023871031944757886,0.470675
19,0.0,aligned,mi_obs,11,0.015551530579978712,0.7318353655628261,0.470675
19,0.0,aligned,mi_obs,12,0.054979815189314385,0.821411433187612,0.470675
19,0.0,aligned,mi_obs,13,-0.07919314722466164,-0.7221589338994157,0.470675
19,0.0,aligned,mi_obs,14,0.003131047103847767,0.003978671869716298,0.470675
19,0.0,aligned,mi_obs,15,-0.006654715906227598,0.004459267702422917,0.470675
19,0.0,aligned,mi_obs,16,0.014393915111415183,-0.048264510779066294,0.470675
19,0.0,aligned,mi_obs,17,-0.03699345130045223,-0.4919864084749885,0.470675
19,0.0,aligned,mi_obs,18,-0.043770846685211806,-0.6818971053963035,0.470675
19,0.0,aligned,mi_obs,19,0.006432100526498018,-0.03439680666380199,0.470675
19,0.0,aligned,mi_obs,20,0.002306948971083573,-0.0024263630710399616,0.470675
19,0.0,aligned,mi_obs,21,0.016708535538349056,0.8883841159649796,0.470675
19,0.0,aligned,mi_obs,22,-0.10365775680312894,-0.5255505836892138,0.470675
19,0.0,aligned,mi_obs,23,0.0027364827132600727,0.009076528804954884,0.470675
19,0.0,aligned,mi_obs,24,0.04070129570587447,0.009385772354916796,0.470675
19,0.0,aligned,mi_obs,25,0.043184605467187526,-0.25951320717849036,0.470675
19,0.0,aligned,mi_obs,26,-0.016950620174615683,-0.7909126745118347,0.470675
19,0.0,aligned,mi_obs,27,-0.02345523876306943,-0.7376926463300272,0.470675
19,0.0,aligned,mi_obs,28,-0.0028391922582154394,-0.21137275746294404,0.470675
19,0.0,aligned,mi_obs,29,-0.02075298679274243,-0.009569797750971465,0.470675
19,0.0,aligned,mi_obs,30,-0.11367962277880694,-0.5914580329633878,0.470675
19,0.0,aligned,mi_obs,31,0.0078116661688900114,0.009072507193610427,0.470675
19,0.0,aligned,mi_obs,32,0.014892768039343352,0.009297262167162847,0.470675
19,0.0,aligned,mi_obs,33,0.018773578498539445,-0.28741180914502296,0.470675
19,0.0,aligned,mi_obs,34,-0.024447000659730267,-0.7384101727854286,0.470675
19,0.0,aligned,mi_obs,35,-0.049864218186315035,-0.8259803776373099,0.470675
19,0.0,aligned,mi_obs,36,-0.012318136832172255,-0.23294030781901565,0.470675
19,0.0,aligned,mi_obs,37,-0.011034894564692135,-0.009893445578749311,0.470675
19,0.0,aligned,mi_obs,38,-0.07751005973124175,0.374284476737783,0.470675
19,0.0,aligned,mi_obs,39,-0.04464859144847866,0.17131344192250048,0.470675
19,0.0,aligned,mi_obs,40,0.07724361800907653,-0.3879952932732524,0.470675
19,0.0,aligned,mi_obs,41,0.12183329375818039,0.14162080060223045,0.470675
19,0.0,aligned,mi_obs,42,0.09125228060411128,0.5396558502646811,0.470675
19,0.0,aligned,mi_obs,43,0.046444351027924824,-0.3253716425032397,0.470675
19,0.0,aligned,mi_obs,44,0.07501125796729222,-0.27230543725841166,0.470675
19,0.0,aligned,mi_obs,45,0.04701029803643819,0.8146980962861683,0.470675
19,0.0,aligned,mi_obs,46,0.036486841506670975,-0.5051487414495904,0.470675
19,0.0,aligned,mi_obs,47,0.047121426772269354,-0.07254551126475599,0.470675
19,0.0,aligned,mi_obs,48,0.05169121809055824,0.21412417212515142,0.470675
19,0.0,aligned,mi_obs,49,-0.035333966806528116,-0.41689378140771965,0.470675
19,0.0,aligned,mi_obs,50,-0.04364384876062499,-0.8552053010956944,0.470675
19,0.0,aligned,mi_obs,51,0.01802704699502089,-0.38967188657471663,0.470675
19,0.0,aligned,mi_obs,52,0.009894178505027877,0.05632783917803214,0.470675
19,0.0,aligned,mi_obs,53,0.05652156841671996,0.26759157740368783,0.470675
19,0.0,aligned,mi_obs,54,-0.05396441222891063,-0.31983885728563055,0.470675
19,0.0,aligned,mi_obs,55,-0.04864943784555342,-0.8253936061604571,0.470675
19,0.0,aligned,mi_obs,56,-0.03608841082392,0.6697762843842706,0.470675
19,0.0,aligned,mi_obs,57,-0.012138438469694243,0.1288357374013034,0.470675
19,0.0,aligned,mi_obs,58,0.032685005037147885,0.8289586539624025,0.470675
19,0.0,aligned,mi_obs,59,-0.04677322285499946,0.4241505610585694,0.470675
19,0.0,aligned,mi_obs,60,0.07344263385190053,0.6271858640928697,0.470675
19,0.0,aligned,mi_obs,61,0.025465871501208492,0.55461450031509,0.470675
19,0.0,aligned,mi_obs,62,-0.04389261304620368,0.01884018563622118,0.470675
19,0.0,aligned,mi_obs,63,-0.029516927068938964,0.10578250488135398,0.470675
19,0.0,aligned,mi_obs,64,-0.012677093111524651,-0.21973975093667977,0.470675
19,0.0,aligned,mi_obs,65,0.029739572633293188,0.34885842706442344,0.470675
19,0.0,aligned,mi_class,0,0.0009239608415273172,0.004699311973723,0.470675
19,0.0,aligned,mi_class,1,-0.00512648252786258,0.012547447466138789,0.470675
19,0.0,aligned,mi_class,2,-0.022227283943099346,0.0042030423344204286,0.470675
19,0.0,aligned,mi_class,3,0.014743138969892888,-0.003268820470093386,0.470675
19,0.0,aligned,mi_class,4,-0.0022787899119349362,0.009863382179844995,0.470675
19,0.0,aligned,mi_class,5,0.0075005979242606935,0.008527083195798344,0.470675
19,0.0,aligned,mi_class,6,0.041149587531554566,-0.466699068310495,0.470675
19,0.0,aligned,mi_class,7,0.09842793062041413,-0.2966752746835765,0.470675
19,0.0,aligned,mi_class,8,-0.010053846400981285,0.001843648310880757,0.470675
19,0.0,aligned,mi_class,9,-0.021194411095507182,-0.3883257367647437,0.470675
19,0.0,aligned,mi_class,10,-0.015690051417991402,-0.0023871031944757886,0.470675
19,0.0,aligned,mi_class,11,-0.11553871636458812,0.7318353655628261,0.470675
19,0.0,aligned,mi_class,12,-0.023106203918811685,0.821411433187612,0.470675
19,0.0,aligned,mi_class,13,0.17455956645071813,-0.7221589338994157,0.470675
19,0.0,aligned,mi_class,14,0.00836073310514161,0.003978671869716298,0.470675
19,0.0,aligned,mi_class,15,-0.0037423173802171522,0.004459267702422917,0.470675
19,0.0,aligned,mi_class,16,-0.10183827032520448,-0.048264510779066294,0.470675
19,0.0,aligned,mi_class,17,0.23950079919504874,-0.4919864084749885,0.470675
19,0.0,aligned,mi_class,18,0.05624116449837624,-0.6818971053963035,0.470675
19,0.0,aligned,mi_class,19,-0.0037689007150637985,-0.03439680666380199,0.470675
19,0.0,aligned,mi_class,20,-0.01908383103314212,-0.0024263630710399616,0.470675
19,0.0,aligned,mi_class,21,-0.08679635774568306,0.8883841159649796,0.470675
19,0.0,aligned,mi_class,22,0.1745547494394149,-0.5255505836892138,0.470675
19,0.0,aligned,mi_class,23,-0.0071210218707439465,0.009076528804954884,0.470675
19,0.0,aligned,mi_class,24,-0.00593135460773191,0.009385772354916796,0.470675
19,0.0,aligned,mi_class,25,0.002598491038773132,-0.25951320717849036,0.470675
19,0.0,aligned,mi_class,26,0.48597703555194294,-0.7909126745118347,0.470675
19,0.0,aligned,mi_class,27,0.09407761403022741,-0.7376926463300272,0.470675
19,0.0,aligned,mi_class,28,0.007708659915430571,-0.21137275746294404,0.470675
19,0.0,aligned,mi_class,29,-0.014139238594367795,-0.009569797750971465,0.470675
19,0.0,aligned,mi_class,30,0.06160063458109055,-0.5914580329633878,0.470675
19,0.0,aligned,mi_class,31,0.01882792464741199,0.009072507193610427,0.470675
19,0.0,aligned,mi_class,32,0.009793124898584724,0.009297262167162847,0.470675
19,0.0,aligned,mi_class,33,-0.043112548126359174,-0.28741180914502296,0.470675
19,0.0,aligned,mi_class,34,0.30334762523070125,-0.7384101727854286,0.470675
19,0.0,aligned,mi_class,35,0.0012005867593019026,-0.8259803776373099,0.470675
19,0.0,aligned,mi_class,36,0.008673426643972193,-0.23294030781901565,0.470675
19,0.0,aligned,mi_class,37,-0.021085712887645942,-0.009893445578749311,0.470675
19,0.0,aligned,mi_class,38,-0.04507792940207517,0.374284476737783,0.470675
19,0.0,aligned,mi_class,39,0.011550897510020308,0.17131344192250048,0.470675
19,0.0,aligned,mi_class,40,0.11582474826651706,-0.3879952932732524,0.470675
19,0.0,aligned,mi_class,41,-0.10500205965122099,0.14162080060223045,0.470675
19,0.0,aligned,mi_class,42,-0.10079530432495037,0.5396558502646811,0.470675
19,0.0,aligned,mi_class,43,0.07396734688143347,-0.3253716425032397,0.470675
19,0.0,aligned,mi_class,44,0.07082572848730234,-0.27230543725841166,0.470675
19,0.0,aligned,mi_class,45,-0.09677056352386437,0.8146980962861683,0.470675
19,0.0,aligned,mi_class,46,0.07320066662284402,-0.5051487414495904,0.470675
19,0.0,aligned,mi_class,47,0.012775652266077533,-0.07254551126475599,0.470675
19,0.0,aligned,mi_class,48,-0.03184964201583754,0.21412417212515142,0.470675
19,0.0,aligned,mi_class,49,0.10579724542271013,-0.41689378140771965,0.470675
19,0.0,aligned,mi_class,50,0.2167064875071143,-0.8552053010956944,0.470675
19,0.0,aligned,mi_class,51,0.05857296928464323,-0.38967188657471663,0.470675
19,0.0,aligned,mi_class,52,-0.259795541945399,0.05632783917803214,0.470675
19,0.0,aligned,mi_class,53,-0.05718626015491479,0.26759157740368783,0.470675
19,0.0,aligned,mi_class,54,0.0985590636302936,-0.31983885728563055,0.470675
19,0.0,aligned,mi_class,55,0.23995815319115588,-0.8253936061604571,0.470675
19,0.0,aligned,mi_class,56,-0.18059286730486068,0.6697762843842706,0.470675
19,0.0,aligned,mi_class,57,0.01041938732869696,0.1288357374013034,0.470675
19,0.0,aligned,mi_class,58,-0.11123240551079283,0.8289586539624025,0.470675
19,0.0,aligned,mi_class,59,-0.025230113353726047,0.4241505610585694,0.470675
19,0.0,aligned,mi_class,60,-0.21217994824627218,0.6271858640928697,0.470675
19,0.0,aligned,mi_class,61,-0.2128788060754634,0.55461450031509,0.470675
19,0.0,aligned,mi_class,62,-0.015131516052463816,0.01884018563622118,0.470675
19,0.0,aligned,mi_class,63,-0.0073623572180304825,0.10578250488135398,0.470675
19,0.0,aligned,mi_class,64,-4.29815609716e-05,-0.21973975093667977,0.470675
19,0.0,aligned,mi_class,65,0.020786197784200988,0.34885842706442344,0.470675
19,0.0,aligned,mi_site,0,0.004846903996938716,0.004699311973723,0.470675
19,0.0,aligned,mi_site,1,-0.0014657819242040512,0.012547447466138789,0.470675
19,0.0,aligned,mi_site,2,0.008080395693023493,0.0042030423344204286,0.470675
19,0.0,aligned,mi_site,3,-0.040168652790985214,-0.003268820470093386,0.470675
19,0.0,aligned,mi_site,4,-0.013650770654111095,0.009863382179844995,0.470675
19,0.0,aligned,mi_site,5,0.008060095156403897,0.008527083195798344,0.470675
19,0.0,aligned,mi_site,6,0.008866766890312294,-0.466699068310495,0.470675
19,0.0,aligned,mi_site,7,0.032872483166209165,-0.2966752746835765,0.470675
19,0.0,aligned,mi_site,8,-0.008695216367988071,0.001843648310880757,0.470675
19,0.0,aligned,mi_site,9,0.00936644107778517,-0.3883257367647437,0.470675
19,0.0,aligned,mi_site,10,-0.006908989117035973,-0.0023871031944757886,0.470675
19,0.0,aligned,mi_site,11,-0.05726482380934583,0.7318353655628261,0.470675
19,0.0,aligned,mi_site,12,-0.11106799842307125,0.821411433187612,0.470675
19,0.0,aligned,mi_site,13,0.013130826581443156,-0.7221589338994157,0.470675
19,0.0,aligned,mi_site,14,0.008850477099918597,0.003978671869716298,0.470675
19,0.0,aligned,mi_site,15,0.002445995163018231,0.004459267702422917,0.470675
19,0.0,aligned,mi_site,16,0.017228005092928215,-0.048264510779066294,0.470675
19,0.0,aligned,mi_site,17,-0.012683726289531239,-0.4919864084749885,0.470675
19,0.0,aligned,mi_site,18,0.005916100527069368,-0.6818971053963035,0.470675
19,0.0,aligned,mi_site,19,0.003439476617537334,-0.03439680666380199,0.470675
19,0.0,aligned,mi_site,20,-0.0015406336889430606,-0.0024263630710399616,0.470675
19,0.0,aligned,mi_site,21,-0.051408689259951124,0.8883841159649796,0.470675
19,0.0,aligned,mi_site,22,-0.04839407679311458,-0.5255505836892138,0.470675
19,0.0,aligned,mi_site,23,0.0019225483366510157,0.009076528804954884,0.470675
19,0.0,aligned,mi_site,24,0.021903433964971415,0.009385772354916796,0.470675
19,0.0,aligned,mi_site,25,0.04790137835455574,-0.25951320717849036,0.470675
19,0.0,aligned,mi_site,26,0.0035696700828615757,-0.7909126745118347,0.470675
19,0.0,aligned,mi_site,27,-0.002812427500497927,-0.7376926463300272,0.470675
19,0.0,aligned,mi_site,28,0.01205898791554691,-0.21137275746294404,0.470675
19,0.0,aligned,mi_site,29,-0.018225964990202084,-0.009569797750971465,0.470675
19,0.0,aligned,mi_site,30,-0.014337595692996752,-0.5914580329633878,0.470675
19,0.0,aligned,mi_site,31,-0.0023810454293396576,0.009072507193610427,0.470675
19,0.0,aligned,mi_site,32,0.006593877191488795,0.009297262167162847,0.470675
19,0.0,aligned,mi_site,33,0.0535997956403636,-0.28741180914502296,0.470675
19,0.0,aligned,mi_site,34,0.0636374488455399,-0.7384101727854286,0.470675
19,0.0,aligned,mi_site,35,0.05736517131284913,-0.8259803776373099,0.470675
19,0.0,aligned,mi_site,36,0.02789097309184993,-0.23294030781901565,0.470675
19,0.0,aligned,mi_site,37,-0.004504178255182744,-0.009893445578749311,0.470675
19,0.0,aligned,mi_site,38,-0.08058073460344406,0.374284476737783,0.470675
19,0.0,aligned,mi_site,39,-0.038524776328306753,0.17131344192250048,0.470675
19,0.0,aligned,mi_site,40,0.083130322286181,-0.3879952932732524,0.470675
19,0.0,aligned,mi_site,41,0.10530554520085736,0.14162080060223045,0.470675
19,0.0,aligned,mi_site,42,0.056038730178408436,0.5396558502646811,0.470675
19,0.0,aligned,mi_site,43,0.08576616095440037,-0.3253716425032397,0.470675
19,0.0,aligned,mi_site,44,0.09067575073847511,-0.27230543725841166,0.470675
19,0.0,aligned,mi_site,45,0.025631260625896046,0.8146980962861683,0.470675
19,0.0,aligned,mi_site,46,0.015895094603772197,-0.5051487414495904,0.470675
19,0.0,aligned,mi_site,47,0.02472494941693653,-0.07254551126475599,0.470675
19,0.0,aligned,mi_site,48,0.0433646464818189,0.21412417212515142,0.470675
19,0.0,aligned,mi_site,49,-0.00041359234839233316,-0.41689378140771965,0.470675
19,0.0,aligned,mi_site,50,0.004570856264012324,-0.8552053010956944,0.470675
19,0.0,aligned,mi_site,51,-0.009303798749608072,-0.38967188657471663,0.470675
19,0.0,aligned,mi_site,52,-0.0034256243871341324,0.05632783917803214,0.470675
19,0.0,aligned,mi_site,53,0.05248076211010155,0.26759157740368783,0.470675
19,0.0,aligned,mi_site,54,-0.02658422010960626,-0.31983885728563055,0.470675
19,0.0,aligned,mi_site,55,-0.023305854090308054,-0.8253936061604571,0.470675
19,0.0,aligned,mi_site,56,-0.04206980554816875,0.6697762843842706,0.470675
19,0.0,aligned,mi_site,57,-0.030829370553084684,0.1288357374013034,0.470675
19,0.0,aligned,mi_site,58,-0.015151304483542072,0.8289586539624025,0.470675
19,0.0,aligned,mi_site,59,-0.02347639190263201,0.4241505610585694,0.470675
19,0.0,aligned,mi_site,60,0.06580564711760728,0.6271858640928697,0.470675
19,0.0,aligned,mi_site,61,-0.020469486941338433,0.55461450031509,0.470675
19,0.0,aligned,mi_site,62,-0.021290538032123607,0.01884018563622118,0.470675
19,0.0,aligned,mi_site,63,-0.0634782532244911,0.10578250488135398,0.470675
19,0.0,aligned,mi_site,64,-0.004976199668958681,-0.21973975093667977,0.470675
19,0.0,aligned,mi_site,65,-0.00032188450445874706,0.34885842706442344,0.470675
19,0.0,closed,available,0,-0.003753924988725121,0.004699311973723,0.470675
19,0.0,closed,available,1,0.0016876465062202473,0.012547447466138789,0.470675
19,0.0,closed,available,2,-0.012573803616933863,0.0042030423344204286,0.470675
19,0.0,closed,available,3,-0.008151287002364258,-0.003268820470093386,0.470675
19,0.0,closed,available,4,0.008150663438965885,0.009863382179844995,0.470675
19,0.0,closed,available,5,0.019364405064200448,0.008527083195798344,0.470675
19,0.0,closed,available,6,0.014371420058188755,-0.466699068310495,0.470675
19,0.0,closed,available,7,0.018023481535982044,-0.2966752746835765,0.470675
19,0.0,closed,available,8,-0.012502707095446293,0.001843648310880757,0.470675
19,0.0,closed,available,9,0.006224572511222548,-0.3883257367647437,0.470675
19,0.0,closed,available,10,-0.008540394787665957,-0.0023871031944757886,0.470675
19,0.0,closed,available,11,-0.001495932646990994,0.7318353655628261,0.470675
19,0.0,closed,available,12,-0.001404717676540157,0.821411433187612,0.470675
19,0.0,closed,available,13,-0.009281032232804187,-0.7221589338994157,0.470675
19,0.0,closed,available,14,-0.007488106415622541,0.003978671869716298,0.470675
19,0.0,closed,available,15,-0.0015351699895941651,0.004459267702422917,0.470675
19,0.0,closed,available,16,0.0012197798555632494,-0.048264510779066294,0.470675
19,0.0,closed,available,17,-0.008377475987064564,-0.4919864084749885,0.470675
19,0.0,closed,available,18,-0.0008580285632321383,-0.6818971053963035,0.470675
19,0.0,closed,available,19,0.011478327181189154,-0.03439680666380199,0.470675
19,0.0,closed,available,20,0.0031690746484677895,-0.0024263630710399616,0.470675
19,0.0,closed,available,21,0.0071544271117901515,0.8883841159649796,0.470675
19,0.0,closed,available,22,0.0032584952689188595,-0.5255505836892138,0.470675
19,0.0,closed,available,23,-0.01062149799786575,0.009076528804954884,0.470675
19,0.0,closed,available,24,-0.01301618879095355,0.009385772354916796,0.470675
19,0.0,closed,available,25,0.0008698031005470175,-0.25951320717849036,0.470675
19,0.0,closed,available,26,-0.0015087224917192943,-0.7909126745118347,0.470675
19,0.0,closed,available,27,0.007567865422482445,-0.7376926463300272,0.470675
19,0.0,closed,available,28,-0.016147186896653676,-0.21137275746294404,0.470675
19,0.0,closed,available,29,0.003453983133374235,-0.009569797750971465,0.470675
19,0.0,closed,available,30,0.0033062958008536203,-0.5914580329633878,0.470675
19,0.0,closed,available,31,-0.03402854133747676,0.009072507193610427,0.470675
19,0.0,closed,available,32,-0.0070902188563141955,0.009297262167162847,0.470675
19,0.0,closed,available,33,0.00887359171024471,-0.28741180914502296,0.470675
19,0.0,closed,available,34,-0.01072829727645197,-0.7384101727854286,0.470675
19,0.0,closed,available,35,-0.001932889159161788,-0.8259803776373099,0.470675
19,0.0,closed,available,36,-0.0013510490513672646,-0.23294030781901565,0.470675
19,0.0,closed,available,37,0.011901687229592037,-0.009893445578749311,0.470675
19,0.0,closed,available,38,0.0005446056451429704,0.374284476737783,0.470675
19,0.0,closed,available,39,-0.0025648781181774327,0.17131344192250048,0.470675
19,0.0,closed,available,40,-0.004226540504846943,-0.3879952932732524,0.470675
19,0.0,closed,available,41,0.0034221307840800463,0.14162080060223045,0.470675
19,0.0,closed,available,42,-0.0009997738211104945,0.5396558502646811,0.470675
19,0.0,closed,available,43,-0.022460796527550286,-0.3253716425032397,0.470675
19,0.0,closed,available,44,0.0006132490354386899,-0.27230543725841166,0.470675
19,0.0,closed,available,45,-0.00405073553428259,0.8146980962861683,0.470675
19,0.0,closed,available,46,0.0024509343052298016,-0.5051487414495904,0.470675
19,0.0,closed,available,47,0.0071593839461566305,-0.07254551126475599,0.470675
19,0.0,closed,available,48,0.01874420022232423,0.21412417212515142,0.470675
19,0.0,closed,available,49,-0.004386648300381046,-0.41689378140771965,0.470675
19,0.0,closed,available,50,0.003310986987742681,-0.8552053010956944,0.470675
19,0.0,closed,available,51,0.0013339007287219706,-0.38967188657471663,0.470675
19,0.0,closed,available,52,0.008415370709088772,0.05632783917803214,0.470675
19,0.0,closed,available,53,0.019711005766130052,0.26759157740368783,0.470675
19,0.0,closed,available,54,-0.010154054746173757,-0.31983885728563055,0.470675
19,0.0,closed,available,55,0.004402804967977958,-0.8253936061604571,0.470675
19,0.0,closed,available,56,-0.003278482771464364,0.6697762843842706,0.470675
19,0.0,closed,available,57,0.0029997597315619684,0.1288357374013034,0.470675
19,0.0,closed,available,58,-0.002823287486269477,0.8289586539624025,0.470675
19,0.0,closed,available,59,-0.005979127169490783,0.4241505610585694,0.470675
19,0.0,closed,available,60,0.00936600291598011,0.6271858640928697,0.470675
19,0.0,closed,available,61,-0.011187956754594164,0.55461450031509,0.470675
19,0.0,closed,available,62,-0.004604434760435226,0.01884018563622118,0.470675
19,0.0,closed,available,63,0.01038769847080255,0.10578250488135398,0.470675
19,0.0,closed,available,64,-0.0032371923866977292,-0.21973975093667977,0.470675
19,0.0,closed,available,65,0.005220368165460898,0.34885842706442344,0.470675
19,0.0,closed,mi_obs,0,-0.013768568617458846,0.004699311973723,0.470675
19,0.0,closed,mi_obs,1,-0.005641049334727789,0.012547447466138789,0.470675
19,0.0,closed,mi_obs,2,-0.022106175349570753,0.0042030423344204286,0.470675
19,0.0,closed,mi_obs,3,-0.02714448369399975,-0.003268820470093386,0.470675
19,0.0,closed,mi_obs,4,0.0077445469238467315,0.009863382179844995,0.470675
19,0.0,closed,mi_obs,5,0.028265808097997395,0.008527083195798344,0.470675
19,0.0,closed,mi_obs,6,-0.05424270992621383,-0.466699068310495,0.470675
19,0.0,closed,mi_obs,7,0.01039836982061254,-0.2966752746835765,0.470675
19,0.0,closed,mi_obs,8,-0.0035974465500216977,0.001843648310880757,0.470675
19,0.0,closed,mi_obs,9,-0.049161752483751375,-0.3883257367647437,0.470675
19,0.0,closed,mi_obs,10,-0.013259972029568749,-0.0023871031944757886,0.470675
19,0.0,closed,mi_obs,11,0.022780934887219884,0.7318353655628261,0.470675
19,0.0,closed,mi_obs,12,0.0525881880475676,0.821411433187612,0.470675
19,0.0,closed,mi_obs,13,-0.08112952413876584,-0.7221589338994157,0.470675
19,0.0,closed,mi_obs,14,-0.01186358799332541,0.003978671869716298,0.470675
19,0.0,closed,mi_obs,15,-0.004197129867322413,0.004459267702422917,0.470675
19,0.0,closed,mi_obs,16,0.02041375659115407,-0.048264510779066294,0.470675
19,0.0,closed,mi_obs,17,-0.03695681093903286,-0.4919864084749885,0.470675
19,0.0,closed,mi_obs,18,-0.04420524840052087,-0.6818971053963035,0.470675
19,0.0,closed,mi_obs,19,0.013963487536875596,-0.03439680666380199,0.470675
19,0.0,closed,mi_obs,20,-0.004281790342849177,-0.0024263630710399616,0.470675
19,0.0,closed,mi_obs,21,0.025608228954855594,0.8883841159649796,0.470675
19,0.0,closed,mi_obs,22,-0.10401658570994265,-0.5255505836892138,0.470675
19,0.0,closed,mi_obs,23,-0.0070227220538832645,0.009076528804954884,0.470675
19,0.0,closed,mi_obs,24,0.02659947353017321,0.009385772354916796,0.470675
19,0.0,closed,mi_obs,25,0.04043698949046082,-0.25951320717849036,0.470675
19,0.0,closed,mi_obs,26,-0.024272891971617083,-0.7909126745118347,0.470675
19,0.0,closed,mi_obs,27,-0.02474810593601362,-0.7376926463300272,0.470675
19,0.0,closed,mi_obs,28,-0.008756773258498746,-0.21137275746294404,0.470675
19,0.0,closed,mi_obs,29,-0.022820731191647993,-0.009569797750971465,0.470675
19,0.0,closed,mi_obs,30,-0.10693127050653828,-0.5914580329633878,0.470675
19,0.0,closed,mi_obs,31,-0.01733009455173247,0.009072507193610427,0.470675
19,0.0,closed,mi_obs,32,-0.002640641900900703,0.009297262167162847,0.470675
19,0.0,closed,mi_obs,33,0.028281062689560377,-0.28741180914502296,0.470675
19,0.0,closed,mi_obs,34,-0.030853056236815668,-0.7384101727854286,0.470675
19,0.0,closed,mi_obs,35,-0.047970710151312046,-0.8259803776373099,0.470675
19,0.0,closed,mi_obs,36,-0.00644774430748743,-0.23294030781901565,0.470675
19,0.0,closed,mi_obs,37,-0.0028753084615891246,-0.009893445578749311,0.470675
19,0.0,closed,mi_obs,38,-0.07232254394765658,0.374284476737783,0.470675
19,0.0,closed,mi_obs,39,-0.04411208268510969,0.17131344192250048,0.470675
19,0.0,closed,mi_obs,40,0.07016303464064155,-0.3879952932732524,0.470675
19,0.0,closed,mi_obs,41,0.12012515946873051,0.14162080060223045,0.470675
19,0.0,closed,mi_obs,42,0.061775266012224606,0.5396558502646811,0.470675
19,0.0,closed,mi_obs,43,0.03426019546177289,-0.3253716425032397,0.470675
19,0.0,closed,mi_obs,44,0.07812469435079811,-0.27230543725841166,0.470675
19,0.0,closed,mi_obs,45,0.05192848779688908,0.8146980962861683,0.470675
19,0.0,closed,mi_obs,46,0.03525854932507905,-0.5051487414495904,0.470675
19,0.0,closed,mi_obs,47,0.06534773843370861,-0.07254551126475599,0.470675
19,0.0,closed,mi_obs,48,0.07863484940818824,0.21412417212515142,0.470675
19,0.0,closed,mi_obs,49,-0.03182043111016519,-0.41689378140771965,0.470675
19,0.0,closed,mi_obs,50,-0.041824702337491027,-0.8552053010956944,0.470675
19,0.0,closed,mi_obs,51,0.013856540093808378,-0.38967188657471663,0.470675
19,0.0,closed,mi_obs,52,0.0217752459067704,0.05632783917803214,0.470675
19,0.0,closed,mi_obs,53,0.07258964614171431,0.26759157740368783,0.470675
19,0.0,closed,mi_obs,54,-0.06195060176087558,-0.31983885728563055,0.470675
19,0.0,closed,mi_obs,55,-0.04389831936237676,-0.8253936061604571,0.470675
19,0.0,closed,mi_obs,56,-0.04258840026391797,0.6697762843842706,0.470675
19,0.0,closed,mi_obs,57,0.0018872123843301503,0.1288357374013034,0.470675
19,0.0,closed,mi_obs,58,0.03747333440965073,0.8289586539624025,0.470675
19,0.0,closed,mi_obs,59,-0.04372767248063997,0.4241505610585694,0.470675
19,0.0,closed,mi_obs,60,0.085382603542137,0.6271858640928697,0.470675
19,0.0,closed,mi_obs,61,0.014105719086444979,0.55461450031509,0.470675
19,0.0,closed,mi_obs,62,-0.048188841110841006,0.01884018563622118,0.470675
19,0.0,closed,mi_obs,63,-0.008872360020100417,0.10578250488135398,0.470675
19,0.0,closed,mi_obs,64,-0.004523278059031577,-0.21973975093667977,0.470675
19,0.0,closed,mi_obs,65,0.030263249750838717,0.34885842706442344,0.470675
19,0.0,closed,mi_class,0,0.0026874326691339132,0.004699311973723,0.470675
19,0.0,closed,mi_class,1,0.00876882935998031,0.012547447466138789,0.470675
19,0.0,closed,mi_class,2,0.009074917742599165,0.0042030423344204286,0.470675
19,0.0,closed,mi_class,3,0.04639982528032675,-0.003268820470093386,0.470675
19,0.0,closed,mi_class,4,0.007634247387152937,0.009863382179844995,0.470675
19,0.0,closed,mi_class,5,0.012795001752651018,0.008527083195798344,0.470675
19,0.0,closed,mi_class,6,0.0030153009679674825,-0.466699068310495,0.470675
19,0.0,closed,mi_class,7,0.05829647377853095,-0.2966752746835765,0.470675
19,0.0,closed,mi_class,8,-0.023171315348058646,0.001843648310880757,0.470675
19,0.0,closed,mi_class,9,-0.01690688227064785,-0.3883257367647437,0.470675
19,0.0,closed,mi_class,10,0.0023589807683447707,-0.0023871031944757886,0.470675
19,0.0,closed,mi_class,11,-0.10751453749452355,0.7318353655628261,0.470675
19,0.0,closed,mi_class,12,-0.017297861914189028,0.821411433187612,0.470675
19,0.0,closed,mi_class,13,0.19585531049074156,-0.7221589338994157,0.470675
19,0.0,closed,mi_class,14,-0.008365597079538437,0.003978671869716298,0.470675
19,0.0,closed,mi_class,15,0.0006918478270390004,0.004459267702422917,0.470675
19,0.0,closed,mi_class,16,-0.013634750968428151,-0.048264510779066294,0.470675
19,0.0,closed,mi_class,17,0.15492648348221755,-0.4919864084749885,0.470675
19,0.0,closed,mi_class,18,0.041301097989022595,-0.6818971053963035,0.470675
19,0.0,closed,mi_class,19,0.002734430707455944,-0.03439680666380199,0.470675
19,0.0,closed,mi_class,20,-0.008106612247107669,-0.0024263630710399616,0.470675
19,0.0,closed,mi_class,21,-0.08121455848327375,0.8883841159649796,0.470675
19,0.0,closed,mi_class,22,0.16386725778732442,-0.5255505836892138,0.470675
19,0.0,closed,mi_class,23,-0.010815522288554511,0.009076528804954884,0.470675
19,0.0,closed,mi_class,24,-0.0054898710961308935,0.009385772354916796,0.470675
19,0.0,closed,mi_class,25,0.05534505323555092,-0.25951320717849036,0.470675
19,0.0,closed,mi_class,26,0.3811235182119489,-0.7909126745118347,0.470675
19,0.0,closed,mi_class,27,0.10754789239622109,-0.7376926463300272,0.470675
19,0.0,closed,mi_class,28,0.026469713255170446,-0.21137275746294404,0.470675
19,0.0,closed,mi_class,29,-0.03909175388901491,-0.009569797750971465,0.470675
19,0.0,closed,mi_class,30,0.12197955194864962,-0.5914580329633878,0.470675
19,0.0,closed,mi_class,31,-0.002937046526638268,0.009072507193610427,0.470675
19,0.0,closed,mi_class,32,-0.00014311446578291719,0.009297262167162847,0.470675
19,0.0,closed,mi_class,33,0.02361272865005004,-0.28741180914502296,0.470675
19,0.0,closed,mi_class,34,0.1588003528016415,-0.7384101727854286,0.470675
19,0.0,closed,mi_class,35,-0.011441240643279338,-0.8259803776373099,0.470675
19,0.0,closed,mi_class,36,0.013644467541961108,-0.23294030781901565,0.470675
19,0.0,closed,mi_class,37,0.009862588760010007,-0.009893445578749311,0.470675
19,0.0,closed,mi_class,38,-0.11218960925701532,0.374284476737783,0.470675
19,0.0,closed,mi_class,39,-0.07185559447135792,0.17131344192250048,0.470675
19,0.0,closed,mi_class,40,0.09357597326544215,-0.3879952932732524,0.470675
19,0.0,closed,mi_class,41,-0.005237498480539671,0.14162080060223045,0.470675
19,0.0,closed,mi_class,42,-0.2168800360394651,0.5396558502646811,0.470675
19,0.0,closed,mi_class,43,0.06613747866880709,-0.3253716425032397,0.470675
19,0.0,closed,mi_class,44,0.27196215096033277,-0.27230543725841166,0.470675
19,0.0,closed,mi_class,45,-0.024802201867298534,0.8146980962861683,0.470675
19,0.0,closed,mi_class,46,0.0868123804017667,-0.5051487414495904,0.470675
19,0.0,closed,mi_class,47,0.012132731455253523,-0.07254551126475599,0.470675
19,0.0,closed,mi_class,48,-0.01656720023111602,0.21412417212515142,0.470675
19,0.0,closed,mi_class,49,0.10676642651522578,-0.41689378140771965,0.470675
19,0.0,closed,mi_class,50,0.8544607760898945,-0.8552053010956944,0.470675
19,0.0,closed,mi_class,51,0.04409933722609649,-0.38967188657471663,0.470675
19,0.0,closed,mi_class,52,-0.004815377425008822,0.05632783917803214,0.470675
19,0.0,closed,mi_class,53,-0.024658155895920075,0.26759157740368783,0.470675
19,0.0,closed,mi_class,54,0.07198398023296981,-0.31983885728563055,0.470675
19,0.0,closed,mi_class,55,0.8246593752073965,-0.8253936061604571,0.470675
19,0.0,closed,mi_class,56,-0.08036896834965657,0.6697762843842706,0.470675
19,0.0,closed,mi_class,57,0.0229467072487696,0.1288357374013034,0.470675
19,0.0,closed,mi_class,58,-0.08634169664831348,0.8289586539624025,0.470675
19,0.0,closed,mi_class,59,-0.4236530278496754,0.4241505610585694,0.470675
19,0.0,closed,mi_class,60,-0.0971211231478124,0.6271858640928697,0.470675
19,0.0,closed,mi_class,61,-0.14094142949121008,0.55461450031509,0.470675
19,0.0,closed,mi_class,62,-0.018836105074356187,0.01884018563622118,0.470675
19,0.0,closed,mi_class,63,0.006775755449824394,0.10578250488135398,0.470675
19,0.0,closed,mi_class,64,0.219499284821893,-0.21973975093667977,0.470675
19,0.0,closed,mi_class,65,-0.7186790846700402,0.34885842706442344,0.470675
19,0.0,closed,mi_site,0,-0.020262051974003766,0.004699311973723,0.470675
19,0.0,closed,mi_site,1,-0.010182081692845946,0.012547447466138789,0.470675
19,0.0,closed,mi_site,2,-0.02334881353901162,0.0042030423344204286,0.470675
19,0.0,closed,mi_site,3,-0.023110193884867947,-0.003268820470093386,0.470675
19,0.0,closed,mi_site,4,0.0025602200755402565,0.009863382179844995,0.470675
19,0.0,closed,mi_site,5,0.02867574957633261,0.008527083195798344,0.470675
19,0.0,closed,mi_site,6,-0.04493032292593113,-0.466699068310495,0.470675
19,0.0,closed,mi_site,7,0.009086601512004466,-0.2966752746835765,0.470675
19,0.0,closed,mi_site,8,0.001202230806340399,0.001843648310880757,0.470675
19,0.0,closed,mi_site,9,-0.04092723400866083,-0.3883257367647437,0.470675
19,0.0,closed,mi_site,10,-0.011824848034675008,-0.0023871031944757886,0.470675
19,0.0,closed,mi_site,11,0.0150660906342035,0.7318353655628261,0.470675
19,0.0,closed,mi_site,12,0.03771424469197082,0.821411433187612,0.470675
19,0.0,closed,mi_site,13,-0.0750100561746635,-0.7221589338994157,0.470675
19,0.0,closed,mi_site,14,-0.0027820214549795245,0.003978671869716298,0.470675
19,0.0,closed,mi_site,15,3.185087456211624e-05,0.004459267702422917,0.470675
19,0.0,closed,mi_site,16,0.020316475984363806,-0.048264510779066294,0.470675
19,0.0,closed,mi_site,17,-0.03532400704603261,-0.4919864084749885,0.470675
19,0.0,closed,mi_site,18,-0.04031758947673858,-0.6818971053963035,0.470675
19,0.0,closed,mi_site,19,0.012943908051057672,-0.03439680666380199,0.470675
19,0.0,closed,mi_site,20,-0.003400873434932786,-0.0024263630710399616,0.470675
19,0.0,closed,mi_site,21,0.020598730118535746,0.8883841159649796,0.470675
19,0.0,closed,mi_site,22,-0.09147877186285192,-0.5255505836892138,0.470675
19,0.0,closed,mi_site,23,0.0002884097942519835,0.009076528804954884,0.470675
19,0.0,closed,mi_site,24,0.027687991524129478,0.009385772354916796,0.470675
19,0.0,closed,mi_site,25,0.04626404799905792,-0.25951320717849036,0.470675
19,0.0,closed,mi_site,26,-0.01830124760813845,-0.7909126745118347,0.470675
19,0.0,closed,mi_site,27,-0.024889432904671605,-0.7376926463300272,0.470675
19,0.0,closed,mi_site,28,-0.007365590515761494,-0.21137275746294404,0.470675
19,0.0,closed,mi_site,29,-0.016879117938576514,-0.009569797750971465,0.470675
19,0.0,closed,mi_site,30,-0.09237445044082926,-0.5914580329633878,0.470675
19,0.0,closed,mi_site,31,-0.005871289954627289,0.009072507193610427,0.470675
19,0.0,closed,mi_site,32,0.005548405595380798,0.009297262167162847,0.470675
19,0.0,closed,mi_site,33,0.028783294746358046,-0.28741180914502296,0.470675
19,0.0,closed,mi_site,34,-0.03351674629465784,-0.7384101727854286,0.470675
19,0.0,closed,mi_site,35,-0.03537376495916,-0.8259803776373099,0.470675
19,0.0,closed,mi_site,36,-0.007985760487320193,-0.23294030781901565,0.470675
19,0.0,closed,mi_site,37,-0.0051810707048204705,-0.009893445578749311,0.470675
19,0.0,closed,mi_site,38,-0.06478814802760191,0.374284476737783,0.470675
19,0.0,closed,mi_site,39,-0.030199910994956697,0.17131344192250048,0.470675
19,0.0,closed,mi_site,40,0.06284945935816261,-0.3879952932732524,0.470675
19,0.0,closed,mi_site,41,0.11877103414609366,0.14162080060223045,0.470675
19,0.0,closed,mi_site,42,0.06755683814485813,0.5396558502646811,0.470675
19,0.0,closed,mi_site,43,0.032788316959322605,-0.3253716425032397,0.470675
19,0.0,closed,mi_site,44,0.05889530808615351,-0.27230543725841166,0.470675
19,0.0,closed,mi_site,45,0.038752973703771065,0.8146980962861683,0.470675
19,0.0,closed,mi_site,46,0.02891942266379388,-0.5051487414495904,0.470675
19,0.0,closed,mi_site,47,0.04890752622524658,-0.07254551126475599,0.470675
19,0.0,closed,mi_site,48,0.054222894496221946,0.21412417212515142,0.470675
19,0.0,closed,mi_site,49,-0.020019429306575576,-0.41689378140771965,0.470675
19,0.0,closed,mi_site,50,-0.0353602253735702,-0.8552053010956944,0.470675
19,0.0,closed,mi_site,51,0.0028946491191335078,-0.38967188657471663,0.470675
19,0.0,closed,mi_site,52,0.007181169001307643,0.05632783917803214,0.470675
19,0.0,closed,mi_site,53,0.046870368425748654,0.26759157740368783,0.470675
19,0.0,closed,mi_site,54,-0.052043116794488586,-0.31983885728563055,0.470675
19,0.0,closed,mi_site,55,-0.034600666739977304,-0.8253936061604571,0.470675
19,0.0,closed,mi_site,56,-0.040606895230837936,0.6697762843842706,0.470675
19,0.0,closed,mi_site,57,-0.005915157290507997,0.1288357374013034,0.470675
19,0.0,closed,mi_site,58,0.03387606706752355,0.8289586539624025,0.470675
19,0.0,closed,mi_site,59,-0.031146526202007474,0.4241505610585694,0.470675
19,0.0,closed,mi_site,60,0.06934655145261359,0.6271858640928697,0.470675
19,0.0,closed,mi_site,61,0.013535983799751183,0.55461450031509,0.470675
19,0.0,closed,mi_site,62,-0.03920118841738744,0.01884018563622118,0.470675
19,0.0,closed,mi_site,63,-0.0055073169341349065,0.10578250488135398,0.470675
19,0.0,closed,mi_site,64,-0.010142890488770484,-0.21973975093667977,0.470675
19,0.0,closed,mi_site,65,0.02441675297962831,0.34885842706442344,0.470675
19,1.0,aligned,available,0,0.006618329120008244,-0.002584709573920189,0.470675
19,1.0,aligned,available,1,-0.01852118261438507,0.007964988377621569,0.470675
19,1.0,aligned,available,2,-0.023581699940995345,-0.0011366606041186657,0.470675
19,1.0,aligned,available,3,-0.008309471514313306,9.925950540478135e-05,0.470675
19,1.0,aligned,available,4,-0.016476457743026314,0.009435684055315415,0.470675
19,1.0,aligned,available,5,-0.014003764372695064,0.01175992579871267,0.470675
19,1.0,aligned,available,6,-0.0029858691606083343,-0.4707385841624425,0.470675
19,1.0,aligned,available,7,-0.006500854675230261,-0.2971193449668593,0.470675
19,1.0,aligned,available,8,-0.001978650393024756,0.006640843607909693,0.470675
19,1.0,aligned,available,9,-0.004242643578650784,-0.39282089343633825,0.470675
19,1.0,aligned,available,10,0.006195314372754121,-0.004333959717227185,0.470675
19,1.0,aligned,available,11,0.00075183178576399,0.7351003741755366,0.470675
19,1.0,aligned,available,12,0.0007900082354821425,0.8237699831162462,0.470675
19,1.0,aligned,available,13,-0.0006013093385068835,-0.7228290822723618,0.470675
19,1.0,aligned,available,14,0.022975986678161316,0.004392470926292883,0.470675
19,1.0,aligned,available,15,0.01954278699616081,0.003910854352125608,0.470675
19,1.0,aligned,available,16,-0.026767534899150486,-0.04517351967748569,0.470675
19,1.0,aligned,available,17,-0.011759283342574367,-0.4933194842576859,0.470675
19,1.0,aligned,available,18,0.0019860862750750163,-0.683802425756151,0.470675
19,1.0,aligned,available,19,-0.00710684560687104,-0.03231108534857851,0.470675
19,1.0,aligned,available,20,-0.006740622871450497,-0.002351226864644004,0.470675
19,1.0,aligned,available,21,0.004324117916980286,0.889606400171673,0.470675
19,1.0,aligned,available,22,0.005412040818806085,-0.5284266488981418,0.470675
19,1.0,aligned,available,23,0.007625175356767421,0.009974317927641184,0.470675
19,1.0,aligned,available,24,0.0031951942389106015,0.010098062007168267,0.470675
19,1.0,aligned,available,25,0.008893292127662572,-0.25497316739721404,0.470675
19,1.0,aligned,available,26,-0.0018764941725591955,-0.7899563167589275,0.470675
19,1.0,aligned,available,27,0.006170366333413613,-0.7385071610996221,0.470675
19,1.0,aligned,available,28,0.007636708733925385,-0.20852926660911328,0.470675
19,1.0,aligned,available,29,-0.0014728787212238744,-0.010234699121563683,0.470675
19,1.0,aligned,available,30,-0.01251571008098995,-0.5936761052249814,0.470675
19,1.0,aligned,available,31,0.055846143461924305,0.009958697031641981,0.470675
19,1.0,aligned,available,32,0.0301662576166327,0.009749397766545282,0.470675
19,1.0,aligned,available,33,-0.008120781520914555,-0.28185713034058063,0.470675
19,1.0,aligned,available,34,-0.017551781902140684,-0.7376396665300948,0.470675
19,1.0,aligned,available,35,-0.004787570327818735,-0.825908846432325,0.470675
19,1.0,aligned,available,36,0.008054808091225857,-0.22937344490824887,0.470675
19,1.0,aligned,available,37,-0.01319875281731865,-0.010430616911539186,0.470675
19,1.0,aligned,available,38,-0.007276869885862125,0.3773603385025552,0.470675
19,1.0,aligned,available,39,-0.002540831834967866,0.1744413024003146,0.470675
19,1.0,aligned,available,40,0.013251103331401892,-0.389381212456107,0.470675
19,1.0,aligned,available,41,0.004624786211402665,0.1439452441307598,0.470675
19,1.0,aligned,available,42,0.013163436428560882,0.5428901444123359,0.470675
19,1.0,aligned,available,43,0.024683934828303444,-0.32726933077412074,0.470675
19,1.0,aligned,available,44,0.011147013878123668,-0.27665683504122646,0.470675
19,1.0,aligned,available,45,-0.0037128213238981633,0.8166546119412007,0.470675
19,1.0,aligned,available,46,0.00459931328831209,-0.5107791832838053,0.470675
19,1.0,aligned,available,47,-0.012563105087104537,-0.07332764200091742,0.470675
19,1.0,aligned,available,48,-0.008947428097252935,0.21763574936187538,0.470675
19,1.0,aligned,available,49,0.003004875092325221,-0.42200833098655854,0.470675
19,1.0,aligned,available,50,0.0026414343874340274,-0.8597023160285303,0.470675
19,1.0,aligned,available,51,0.004678958306820025,-0.3970414011769624,0.470675
19,1.0,aligned,available,52,-0.007518984545516999,0.05487669906596058,0.470675
19,1.0,aligned,available,53,-0.016250823495272126,0.27194756048853347,0.470675
19,1.0,aligned,available,54,0.0023173086674345145,-0.32552128540033254,0.470675
19,1.0,aligned,available,55,-0.0011489230117307514,-0.8294113970956818,0.470675
19,1.0,aligned,available,56,0.007790684153922478,0.6664321432210003,0.470675
19,1.0,aligned,available,57,0.010114899292540586,0.12087156750754385,0.470675
19,1.0,aligned,available,58,0.0033648259568848093,0.8311886465810546,0.470675
19,1.0,aligned,available,59,-0.00716626307583762,0.43225910905347,0.470675
19,1.0,aligned,available,60,0.003343159435882148,0.6267930755061748,0.470675
19,1.0,aligned,available,61,0.02227542483748257,0.5539631304316966,0.470675
19,1.0,aligned,available,62,0.008275502696024985,0.020249639428413752,0.470675
19,1.0,aligned,available,63,-0.010125978266616195,0.10013485004599273,0.470675
19,1.0,aligned,available,64,0.0027097498564262468,-0.2241849782398961,0.470675
19,1.0,aligned,available,65,0.0024161250042355475,0.3556717811111801,0.470675
19,1.0,aligned,mi_obs,0,-0.010764686448028324,-0.002584709573920189,0.470675
19,1.0,aligned,mi_obs,1,-0.005729720656418653,0.007964988377621569,0.470675
19,1.0,aligned,mi_obs,2,-0.013547997632948755,-0.0011366606041186657,0.470675
19,1.0,aligned,mi_obs,3,-0.01671372738775472,9.925950540478135e-05,0.470675
19,1.0,aligned,mi_obs,4,-0.0112703815554536,0.009435684055315415,0.470675
19,1.0,aligned,mi_obs,5,0.013556551046662136,0.01175992579871267,0.470675
19,1.0,aligned,mi_obs,6,-0.059446341078963294,-0.4707385841624425,0.470675
19,1.0,aligned,mi_obs,7,-0.0037326346066681726,-0.2971193449668593,0.470675
19,1.0,aligned,mi_obs,8,0.011940875456138544,0.006640843607909693,0.470675
19,1.0,aligned,mi_obs,9,-0.059187083149651654,-0.39282089343633825,0.470675
19,1.0,aligned,mi_obs,10,-0.005578581588968761,-0.004333959717227185,0.470675
19,1.0,aligned,mi_obs,11,0.01622285302938542,0.7351003741755366,0.470675
19,1.0,aligned,mi_obs,12,0.05437797142367429,0.8237699831162462,0.470675
19,1.0,aligned,mi_obs,13,-0.07961261483540627,-0.7228290822723618,0.470675
19,1.0,aligned,mi_obs,14,0.005882614949889002,0.004392470926292883,0.470675
19,1.0,aligned,mi_obs,15,-0.004932509184214904,0.003910854352125608,0.470675
19,1.0,aligned,mi_obs,16,0.013322322505425734,-0.04517351967748569,0.470675
19,1.0,aligned,mi_obs,17,-0.03714115361892267,-0.4933194842576859,0.470675
19,1.0,aligned,mi_obs,18,-0.04340875150517276,-0.683802425756151,0.470675
19,1.0,aligned,mi_obs,19,0.00589917949033307,-0.03231108534857851,0.470675
19,1.0,aligned,mi_obs,20,0.0004934152029821451,-0.002351226864644004,0.470675
19,1.0,aligned,mi_obs,21,0.016856448365266896,0.889606400171673,0.470675
19,1.0,aligned,mi_obs,22,-0.10413494502423737,-0.5284266488981418,0.470675
19,1.0,aligned,mi_obs,23,0.0049141606015645385,0.009974317927641184,0.470675
19,1.0,aligned,mi_obs,24,0.04032494576440847,0.010098062007168267,0.470675
19,1.0,aligned,mi_obs,25,0.0427765638778512,-0.25497316739721404,0.470675
19,1.0,aligned,mi_obs,26,-0.016514456921723597,-0.7899563167589275,0.470675
19,1.0,aligned,mi_obs,27,-0.02330797784479466,-0.7385071610996221,0.470675
19,1.0,aligned,mi_obs,28,-0.002649553219440659,-0.20852926660911328,0.470675
19,1.0,aligned,mi_obs,29,-0.02179386176996581,-0.010234699121563683,0.470675
19,1.0,aligned,mi_obs,30,-0.1138949613109067,-0.5936761052249814,0.470675
19,1.0,aligned,mi_obs,31,0.0071104732815602725,0.009958697031641981,0.470675
19,1.0,aligned,mi_obs,32,0.013052823551522066,0.009749397766545282,0.470675
19,1.0,aligned,mi_obs,33,0.01980362652939527,-0.28185713034058063,0.470675
19,1.0,aligned,mi_obs,34,-0.02379520496593157,-0.7376396665300948,0.470675
19,1.0,aligned,mi_obs,35,-0.049731777080937456,-0.825908846432325,0.470675
19,1.0,aligned,mi_obs,36,-0.010848275387968287,-0.22937344490824887,0.470675
19,1.0,aligned,mi_obs,37,-0.010397169641900334,-0.010430616911539186,0.470675
19,1.0,aligned,mi_obs,38,-0.08208098022881832,0.3773603385025552,0.470675
19,1.0,aligned,mi_obs,39,-0.04772654159972364,0.1744413024003146,0.470675
19,1.0,aligned,mi_obs,40,0.0790480109127637,-0.389381212456107,0.470675
19,1.0,aligned,mi_obs,41,0.12245038957751567,0.1439452441307598,0.470675
19,1.0,aligned,mi_obs,42,0.0900849501294464,0.5428901444123359,0.470675
19,1.0,aligned,mi_obs,43,0.04903793549679808,-0.32726933077412074,0.470675
19,1.0,aligned,mi_obs,44,0.07920727736658775,-0.27665683504122646,0.470675
19,1.0,aligned,mi_obs,45,0.04617198691843094,0.8166546119412007,0.470675
19,1.0,aligned,mi_obs,46,0.04016657813711122,-0.5107791832838053,0.470675
19,1.0,aligned,mi_obs,47,0.04839977604502083,-0.07332764200091742,0.470675
19,1.0,aligned,mi_obs,48,0.04971782668191335,0.21763574936187538,0.470675
19,1.0,aligned,mi_obs,49,-0.0336460741536565,-0.42200833098655854,0.470675
19,1.0,aligned,mi_obs,50,-0.04217883349775742,-0.8597023160285303,0.470675
19,1.0,aligned,mi_obs,51,0.020582252077357477,-0.3970414011769624,0.470675
19,1.0,aligned,mi_obs,52,0.012153082816594475,0.05487669906596058,0.470675
19,1.0,aligned,mi_obs,53,0.05529851653864559,0.27194756048853347,0.470675
19,1.0,aligned,mi_obs,54,-0.05364481789471953,-0.32552128540033254,0.470675
19,1.0,aligned,mi_obs,55,-0.04778266777818052,-0.8294113970956818,0.470675
19,1.0,aligned,mi_obs,56,-0.036040137125255445,0.6664321432210003,0.470675
19,1.0,aligned,mi_obs,57,-0.012665632138124147,0.12087156750754385,0.470675
19,1.0,aligned,mi_obs,58,0.03138780260146745,0.8311886465810546,0.470675
19,1.0,aligned,mi_obs,59,-0.05000490168235805,0.43225910905347,0.470675
19,1.0,aligned,mi_obs,60,0.07272385026325245,0.6267930755061748,0.470675
19,1.0,aligned,mi_obs,61,0.023444979048379055,0.5539631304316966,0.470675
19,1.0,aligned,mi_obs,62,-0.04599659612528076,0.020249639428413752,0.470675
19,1.0,aligned,mi_obs,63,-0.03070511669406939,0.10013485004599273,0.470675
19,1.0,aligned,mi_obs,64,-0.013046588214098015,-0.2241849782398961,0.470675
19,1.0,aligned,mi_obs,65,0.02863300889903969,0.3556717811111801,0.470675
19,1.0,aligned,mi_class,0,0.006561251219885366,-0.002584709573920189,0.470675
19,1.0,aligned,mi_class,1,-0.00775720917672861,0.007964988377621569,0.470675
19,1.0,aligned,mi_class,2,-0.023442275604153753,-0.0011366606041186657,0.470675
19,1.0,aligned,mi_class,3,0.021624452224409545,9.925950540478135e-05,0.470675
19,1.0,aligned,mi_class,4,-0.006325487459045026,0.009435684055315415,0.470675
19,1.0,aligned,mi_class,5,-0.004027465792741382,0.01175992579871267,0.470675
19,1.0,aligned,mi_class,6,0.04824952894418566,-0.4707385841624425,0.470675
19,1.0,aligned,mi_class,7,0.10661241072934485,-0.2971193449668593,0.470675
19,1.0,aligned,mi_class,8,-0.009130142570434341,0.006640843607909693,0.470675
19,1.0,aligned,mi_class,9,-0.005080740361393332,-0.39282089343633825,0.470675
19,1.0,aligned,mi_class,10,-0.00979464755384964,-0.004333959717227185,0.470675
19,1.0,aligned,mi_class,11,-0.12018544781297591,0.7351003741755366,0.470675
19,1.0,aligned,mi_class,12,-0.024755990871947464,0.8237699831162462,0.470675
19,1.0,aligned,mi_class,13,0.1701246081964728,-0.7228290822723618,0.470675
19,1.0,aligned,mi_class,14,0.01131035049376763,0.004392470926292883,0.470675
19,1.0,aligned,mi_class,15,0.0026974398231591427,0.003910854352125608,0.470675
19,1.0,aligned,mi_class,16,-0.10422796996778101,-0.04517351967748569,0.470675
19,1.0,aligned,mi_class,17,0.2437091181141458,-0.4933194842576859,0.470675
19,1.0,aligned,mi_class,18,0.05874678000816136,-0.683802425756151,0.470675
19,1.0,aligned,mi_class,19,-0.0064906660824841644,-0.03231108534857851,0.470675
19,1.0,aligned,mi_class,20,-0.02304997615156491,-0.002351226864644004,0.470675
19,1.0,aligned,mi_class,21,-0.08609972729386073,0.889606400171673,0.470675
19,1.0,aligned,mi_class,22,0.175096771391123,-0.5284266488981418,0.470675
19,1.0,aligned,mi_class,23,-0.004247840210580259,0.009974317927641184,0.470675
19,1.0,aligned,mi_class,24,-0.004327117169551013,0.010098062007168267,0.470675
19,1.0,aligned,mi_class,25,0.005882287716299034,-0.25497316739721404,0.470675
19,1.0,aligned,mi_class,26,0.4899806436967226,-0.7899563167589275,0.470675
19,1.0,aligned,mi_class,27,0.0964077849717242,-0.7385071610996221,0.470675
19,1.0,aligned,mi_class,28,0.015669580679937595,-0.20852926660911328,0.470675
19,1.0,aligned,mi_class,29,-0.014721505140208535,-0.010234699121563683,0.470675
19,1.0,aligned,mi_class,30,0.056916678475107396,-0.5936761052249814,0.470675
19,1.0,aligned,mi_class,31,0.01782715121756285,0.009958697031641981,0.470675
19,1.0,aligned,mi_class,32,0.010272490060744769,0.009749397766545282,0.470675
19,1.0,aligned,mi_class,33,-0.04266921230376469,-0.28185713034058063,0.470675
19,1.0,aligned,mi_class,34,0.31290208120396684,-0.7376396665300948,0.470675
19,1.0,aligned,mi_class,35,0.003443698712419896,-0.825908846432325,0.470675
19,1.0,aligned,mi_class,36,0.015640261584706133,-0.22937344490824887,0.470675
19,1.0,aligned,mi_class,37,-0.021900062302734363,-0.010430616911539186,0.470675
19,1.0,aligned,mi_class,38,-0.04398699362321773,0.3773603385025552,0.470675
19,1.0,aligned,mi_class,39,-0.0019532996442144512,0.1744413024003146,0.470675
19,1.0,aligned,mi_class,40,0.10083442350928856,-0.389381212456107,0.470675
19,1.0,aligned,mi_class,41,-0.08935966072051171,0.1439452441307598,0.470675
19,1.0,aligned,mi_class,42,-0.09332719363154951,0.5428901444123359,0.470675
19,1.0,aligned,mi_class,43,0.07309568737556071,-0.32726933077412074,0.470675
19,1.0,aligned,mi_class,44,0.07007342614535209,-0.27665683504122646,0.470675
19,1.0,aligned,mi_class,45,-0.08911286671261653,0.8166546119412007,0.470675
19,1.0,aligned,mi_class,46,0.0725660573592905,-0.5107791832838053,0.470675
19,1.0,aligned,mi_class,47,0.012437242958482364,-0.07332764200091742,0.470675
19,1.0,aligned,mi_class,48,-0.035817128483447536,0.21763574936187538,0.470675
19,1.0,aligned,mi_class,49,0.11874635146255458,-0.42200833098655854,0.470675
19,1.0,aligned,mi_class,50,0.21914067407865534,-0.8597023160285303,0.470675
19,1.0,aligned,mi_class,51,0.07763836903735216,-0.3970414011769624,0.470675
19,1.0,aligned,mi_class,52,-0.24463262562901505,0.05487669906596058,0.470675
19,1.0,aligned,mi_class,53,-0.05062272467796286,0.27194756048853347,0.470675
19,1.0,aligned,mi_class,54,0.10869603631708938,-0.32552128540033254,0.470675
19,1.0,aligned,mi_class,55,0.24091597450435598,-0.8294113970956818,0.470675
19,1.0,aligned,mi_class,56,-0.20532705586007133,0.6664321432210003,0.470675
19,1.0,aligned,mi_class,57,0.008434459308642256,0.12087156750754385,0.470675
19,1.0,aligned,mi_class,58,-0.12862804055236732,0.8311886465810546,0.470675
19,1.0,aligned,mi_class,59,-0.01876219119458561,0.43225910905347,0.470675
19,1.0,aligned,mi_class,60,-0.23325038275601812,0.6267930755061748,0.470675
19,1.0,aligned,mi_class,61,-0.23191074374122073,0.5539631304316966,0.470675
19,1.0,aligned,mi_class,62,-0.022140656621262616,0.020249639428413752,0.470675
19,1.0,aligned,mi_class,63,-0.009605673945387999,0.10013485004599273,0.470675
19,1.0,aligned,mi_class,64,0.002344980178165035,-0.2241849782398961,0.470675
19,1.0,aligned,mi_class,65,0.008032642682369417,0.3556717811111801,0.470675
19,1.0,aligned,mi_site,0,0.0011107068556405228,-0.002584709573920189,0.470675
19,1.0,aligned,mi_site,1,-0.004781304417546307,0.007964988377621569,0.470675
19,1.0,aligned,mi_site,2,0.005898732293663719,-0.0011366606041186657,0.470675
19,1.0,aligned,mi_site,3,-0.0372269907177764,9.925950540478135e-05,0.470675
19,1.0,aligned,mi_site,4,-0.019240415774441248,0.009435684055315415,0.470675
19,1.0,aligned,mi_site,5,-0.00017607735210912502,0.01175992579871267,0.470675
19,1.0,aligned,mi_site,6,0.010924230858403161,-0.4707385841624425,0.470675
19,1.0,aligned,mi_site,7,0.03340456981285861,-0.2971193449668593,0.470675
19,1.0,aligned,mi_site,8,-0.009180044862984611,0.006640843607909693,0.470675
19,1.0,aligned,mi_site,9,0.010317078376702093,-0.39282089343633825,0.470675
19,1.0,aligned,mi_site,10,-0.0017515986985386046,-0.004333959717227185,0.470675
19,1.0,aligned,mi_site,11,-0.055933450936379914,0.7351003741755366,0.470675
19,1.0,aligned,mi_site,12,-0.10980257905321955,0.8237699831162462,0.470675
19,1.0,aligned,mi_site,13,0.012266262611259293,-0.7228290822723618,0.470675
19,1.0,aligned,mi_site,14,0.010390953336802837,0.004392470926292883,0.470675
19,1.0,aligned,mi_site,15,0.0060167377979828286,0.003910854352125608,0.470675
19,1.0,aligned,mi_site,16,0.017548924019760288,-0.04517351967748569,0.470675
19,1.0,aligned,mi_site,17,-0.012096347524244488,-0.4933194842576859,0.470675
19,1.0,aligned,mi_site,18,0.00721547536369338,-0.683802425756151,0.470675
19,1.0,aligned,mi_site,19,0.003582140307357165,-0.03231108534857851,0.470675
19,1.0,aligned,mi_site,20,-0.003562264650578665,-0.002351226864644004,0.470675
19,1.0,aligned,mi_site,21,-0.051970138250910125,0.889606400171673,0.470675
19,1.0,aligned,mi_site,22,-0.051214844326755604,-0.5284266488981418,0.470675
19,1.0,aligned,mi_site,23,0.002921133515261255,0.009974317927641184,0.470675
19,1.0,aligned,mi_site,24,0.02161028133464254,0.010098062007168267,0.470675
19,1.0,aligned,mi_site,25,0.048269563142780636,-0.25497316739721404,0.470675
19,1.0,aligned,mi_site,26,0.003667832198200993,-0.7899563167589275,0.470675
19,1.0,aligned,mi_site,27,-0.002242490307717282,-0.7385071610996221,0.470675
19,1.0,aligned,mi_site,28,0.012304644663647418,-0.20852926660911328,0.470675
19,1.0,aligned,mi_site,29,-0.01848911226755689,-0.010234699121563683,0.470675
19,1.0,aligned,mi_site,30,-0.01757016640757114,-0.5936761052249814,0.470675
19,1.0,aligned,mi_site,31,-0.0008924214375478599,0.009958697031641981,0.470675
19,1.0,aligned,mi_site,32,0.005051755750618385,0.009749397766545282,0.470675
19,1.0,aligned,mi_site,33,0.05424643965374651,-0.28185713034058063,0.470675
19,1.0,aligned,mi_site,34,0.06412649102649748,-0.7376396665300948,0.470675
19,1.0,aligned,mi_site,35,0.05860225391065921,-0.825908846432325,0.470675
19,1.0,aligned,mi_site,36,0.027597153887044507,-0.22937344490824887,0.470675
19,1.0,aligned,mi_site,37,-0.0045584612862062755,-0.010430616911539186,0.470675
19,1.0,aligned,mi_site,38,-0.0900433824903843,0.3773603385025552,0.470675
19,1.0,aligned,mi_site,39,-0.04404017451861192,0.1744413024003146,0.470675
19,1.0,aligned,mi_site,40,0.08791346459782412,-0.389381212456107,0.470675
19,1.0,aligned,mi_site,41,0.10743292405733454,0.1439452441307598,0.470675
19,1.0,aligned,mi_site,42,0.05586658835778213,0.5428901444123359,0.470675
19,1.0,aligned,mi_site,43,0.08799338744083621,-0.32726933077412074,0.470675
19,1.0,aligned,mi_site,44,0.0962486696818973,-0.27665683504122646,0.470675
19,1.0,aligned,mi_site,45,0.025582907300428448,0.8166546119412007,0.470675
19,1.0,aligned,mi_site,46,0.017397316366385362,-0.5107791832838053,0.470675
19,1.0,aligned,mi_site,47,0.02659928730696722,-0.07332764200091742,0.470675
19,1.0,aligned,mi_site,48,0.043846057456480486,0.21763574936187538,0.470675
19,1.0,aligned,mi_site,49,0.0010772605952217296,-0.42200833098655854,0.470675
19,1.0,aligned,mi_site,50,0.00480388309470714,-0.8597023160285303,0.470675
19,1.0,aligned,mi_site,51,-0.010270028455155511,-0.3970414011769624,0.470675
19,1.0,aligned,mi_site,52,-0.0022940888978799645,0.05487669906596058,0.470675
19,1.0,aligned,mi_site,53,0.05262376509465694,0.27194756048853347,0.470675
19,1.0,aligned,mi_site,54,-0.026882851033093957,-0.32552128540033254,0.470675
19,1.0,aligned,mi_site,55,-0.02262442215070104,-0.8294113970956818,0.470675
19,1.0,aligned,mi_site,56,-0.04325659810984439,0.6664321432210003,0.470675
19,1.0,aligned,mi_site,57,-0.03345258519680688,0.12087156750754385,0.470675
19,1.0,aligned,mi_site,58,-0.015352131378234879,0.8311886465810546,0.470675
19,1.0,aligned,mi_site,59,-0.022058784320974134,0.43225910905347,0.470675
19,1.0,aligned,mi_site,60,0.06499615815523707,0.6267930755061748,0.470675
19,1.0,aligned,mi_site,61,-0.02145214386020311,0.5539631304316966,0.470675
19,1.0,aligned,mi_site,62,-0.02180799771621805,0.020249639428413752,0.470675
19,1.0,aligned,mi_site,63,-0.06440274820174091,0.10013485004599273,0.470675
19,1.0,aligned,mi_site,64,-0.006689956389204693,-0.2241849782398961,0.470675
19,1.0,aligned,mi_site,65,0.00023318102572905675,0.3556717811111801,0.470675
19,1.0,closed,available,0,-0.007077717125798725,-0.002584709573920189,0.470675
19,1.0,closed,available,1,-0.020445662371957215,0.007964988377621569,0.470675
19,1.0,closed,available,2,-0.004507080000847805,-0.0011366606041186657,0.470675
19,1.0,closed,available,3,0.014975752710823879,9.925950540478135e-05,0.470675
19,1.0,closed,available,4,0.004035537215201163,0.009435684055315415,0.470675
19,1.0,closed,available,5,0.00413787950113053,0.01175992579871267,0.470675
19,1.0,closed,available,6,0.006439695256866329,-0.4707385841624425,0.470675
19,1.0,closed,available,7,0.010577429158969864,-0.2971193449668593,0.470675
19,1.0,closed,available,8,0.0028714498292125674,0.006640843607909693,0.470675
19,1.0,closed,available,9,-0.003967452685209927,-0.39282089343633825,0.470675
19,1.0,closed,available,10,-0.004938137866477008,-0.004333959717227185,0.470675
19,1.0,closed,available,11,-0.0035308487687695234,0.7351003741755366,0.470675
19,1.0,closed,available,12,0.0004504249702564911,0.8237699831162462,0.470675
19,1.0,closed,available,13,-0.0019152753629663177,-0.7228290822723618,0.470675
19,1.0,closed,available,14,-0.018685458330595383,0.004392470926292883,0.470675
19,1.0,closed,available,15,-0.0169744856375214,0.003910854352125608,0.470675
19,1.0,closed,available,16,0.0032142959488794393,-0.04517351967748569,0.470675
19,1.0,closed,available,17,-0.0009625793483470368,-0.4933194842576859,0.470675
19,1.0,closed,available,18,0.0026499073381263116,-0.683802425756151,0.470675
19,1.0,closed,available,19,-0.004474120659661428,-0.03231108534857851,0.470675
19,1.0,closed,available,20,0.010127294883698875,-0.002351226864644004,0.470675
19,1.0,closed,available,21,0.0030309161544599394,0.889606400171673,0.470675
19,1.0,closed,available,22,0.0029284620402744155,-0.5284266488981418,0.470675
19,1.0,closed,available,23,0.006870331527886337,0.009974317927641184,0.470675
19,1.0,closed,available,24,0.00947593854962342,0.010098062007168267,0.470675
19,1.0,closed,available,25,-0.00016975850414779892,-0.25497316739721404,0.470675
19,1.0,closed,available,26,-0.00041720031826819604,-0.7899563167589275,0.470675
19,1.0,closed,available,27,0.0015100512318192427,-0.7385071610996221,0.470675
19,1.0,closed,available,28,-0.0031910763615519977,-0.20852926660911328,0.470675
19,1.0,closed,available,29,0.007422394260104919,-0.010234699121563683,0.470675
19,1.0,closed,available,30,-0.0358708720748121,-0.5936761052249814,0.470675
19,1.0,closed,available,31,-0.028843734899214372,0.009958697031641981,0.470675
19,1.0,closed,available,32,-0.009071989162366888,0.009749397766545282,0.470675
19,1.0,closed,available,33,0.02556690856283994,-0.28185713034058063,0.470675
19,1.0,closed,available,34,-0.0019815214489629085,-0.7376396665300948,0.470675
19,1.0,closed,available,35,-0.0023029367533190515,-0.825908846432325,0.470675
19,1.0,closed,available,36,0.007357217552865336,-0.22937344490824887,0.470675
19,1.0,closed,available,37,0.0002024266304379036,-0.010430616911539186,0.470675
19,1.0,closed,available,38,0.005118352811321725,0.3773603385025552,0.470675
19,1.0,closed,available,39,0.006694534803505542,0.1744413024003146,0.470675
19,1.0,closed,available,40,0.006620709937954716,-0.389381212456107,0.470675
19,1.0,closed,available,41,0.011482195252435046,0.1439452441307598,0.470675
19,1.0,closed,available,42,-0.001978848511602682,0.5428901444123359,0.470675
19,1.0,closed,available,43,0.014120654300292523,-0.32726933077412074,0.470675
19,1.0,closed,available,44,-0.0040452266204495935,-0.27665683504122646,0.470675
19,1.0,closed,available,45,-0.0037540117324993405,0.8166546119412007,0.470675
19,1.0,closed,available,46,-0.0015823042908674756,-0.5107791832838053,0.470675
19,1.0,closed,available,47,-0.0007570088198499414,-0.07332764200091742,0.470675
19,1.0,closed,available,48,0.006539570231133329,0.21763574936187538,0.470675
19,1.0,closed,available,49,-0.0016414176539903402,-0.42200833098655854,0.470675
19,1.0,closed,available,50,0.0018585898718629368,-0.8597023160285303,0.470675
19,1.0,closed,available,51,-0.004302342187462338,-0.3970414011769624,0.470675
19,1.0,closed,available,52,0.00043805229313951394,0.05487669906596058,0.470675
19,1.0,closed,available,53,0.004732324380062158,0.27194756048853347,0.470675
19,1.0,closed,available,54,-0.006514011949616427,-0.32552128540033254,0.470675
19,1.0,closed,available,55,-0.0017914841055943764,-0.8294113970956818,0.470675
19,1.0,closed,available,56,-0.0016483175818888807,0.6664321432210003,0.470675
19,1.0,closed,available,57,-0.002911960394807525,0.12087156750754385,0.470675
19,1.0,closed,available,58,0.000286558567269668,0.8311886465810546,0.470675
19,1.0,closed,available,59,0.005373750926078891,0.43225910905347,0.470675
19,1.0,closed,available,60,0.001134331467666283,0.6267930755061748,0.470675
19,1.0,closed,available,61,0.0012569753875457668,0.5539631304316966,0.470675
19,1.0,closed,available,62,0.0016574356062085648,0.020249639428413752,0.470675
19,1.0,closed,available,63,-0.00028033274168204336,0.10013485004599273,0.470675
19,1.0,closed,available,64,-0.009346897537994253,-0.2241849782398961,0.470675
19,1.0,closed,available,65,0.0032720680723631324,0.3556717811111801,0.470675
19,1.0,closed,mi_obs,0,-0.016054546597875943,-0.002584709573920189,0.470675
19,1.0,closed,mi_obs,1,-0.009829022808842555,0.007964988377621569,0.470675
19,1.0,closed,mi_obs,2,-0.021016190357830363,-0.0011366606041186657,0.470675
19,1.0,closed,mi_obs,3,-0.010241849482695013,9.925950540478135e-05,0.470675
19,1.0,closed,mi_obs,4,0.0011517418214221815,0.009435684055315415,0.470675
19,1.0,closed,mi_obs,5,0.012786577839217033,0.01175992579871267,0.470675
19,1.0,closed,mi_obs,6,-0.06151768177977557,-0.4707385841624425,0.470675
19,1.0,closed,mi_obs,7,-0.0024146168837501647,-0.2971193449668593,0.470675
19,1.0,closed,mi_obs,8,0.006835297508589334,0.006640843607909693,0.470675
19,1.0,closed,mi_obs,9,-0.07365407212527425,-0.39282089343633825,0.470675
19,1.0,closed,mi_obs,10,-0.011095792253291901,-0.004333959717227185,0.470675
19,1.0,closed,mi_obs,11,0.012449290032166771,0.7351003741755366,0.470675
19,1.0,closed,mi_obs,12,0.04736765938563081,0.8237699831162462,0.470675
19,1.0,closed,mi_obs,13,-0.07985957578897873,-0.7228290822723618,0.470675
19,1.0,closed,mi_obs,14,-0.009703893718280147,0.004392470926292883,0.470675
19,1.0,closed,mi_obs,15,-0.014532506562291464,0.003910854352125608,0.470675
19,1.0,closed,mi_obs,16,0.011943849653856503,-0.04517351967748569,0.470675
19,1.0,closed,mi_obs,17,-0.036460910944108194,-0.4933194842576859,0.470675
19,1.0,closed,mi_obs,18,-0.03086918992344545,-0.683802425756151,0.470675
19,1.0,closed,mi_obs,19,0.000409602276053557,-0.03231108534857851,0.470675
19,1.0,closed,mi_obs,20,0.002536888831259774,-0.002351226864644004,0.470675
19,1.0,closed,mi_obs,21,0.019038566624838382,0.889606400171673,0.470675
19,1.0,closed,mi_obs,22,-0.10232389168519285,-0.5284266488981418,0.470675
19,1.0,closed,mi_obs,23,-0.007448626031618882,0.009974317927641184,0.470675
19,1.0,closed,mi_obs,24,0.019872868956873613,0.010098062007168267,0.470675
19,1.0,closed,mi_obs,25,0.043579241217013426,-0.25497316739721404,0.470675
19,1.0,closed,mi_obs,26,-0.019929573013876878,-0.7899563167589275,0.470675
19,1.0,closed,mi_obs,27,-0.02712992092780886,-0.7385071610996221,0.470675
19,1.0,closed,mi_obs,28,-0.0017305750329160707,-0.20852926660911328,0.470675
19,1.0,closed,mi_obs,29,-0.008798910124395869,-0.010234699121563683,0.470675
19,1.0,closed,mi_obs,30,-0.11518238228196553,-0.5936761052249814,0.470675
19,1.0,closed,mi_obs,31,-0.011979636559730177,0.009958697031641981,0.470675
19,1.0,closed,mi_obs,32,-0.001288745338885948,0.009749397766545282,0.470675
19,1.0,closed,mi_obs,33,0.025051054765205416,-0.28185713034058063,0.470675
19,1.0,closed,mi_obs,34,-0.023690114829319264,-0.7376396665300948,0.470675
19,1.0,closed,mi_obs,35,-0.045619234014132704,-0.825908846432325,0.470675
19,1.0,closed,mi_obs,36,-0.01822969156716331,-0.22937344490824887,0.470675
19,1.0,closed,mi_obs,37,-0.00097903689257553,-0.010430616911539186,0.470675
19,1.0,closed,mi_obs,38,-0.062435553238514296,0.3773603385025552,0.470675
19,1.0,closed,mi_obs,39,-0.025908410974820772,0.1744413024003146,0.470675
19,1.0,closed,mi_obs,40,0.07636293307075626,-0.389381212456107,0.470675
19,1.0,closed,mi_obs,41,0.1252893445756643,0.1439452441307598,0.470675
19,1.0,closed,mi_obs,42,0.07175907638909784,0.5428901444123359,0.470675
19,1.0,closed,mi_obs,43,0.043502397436243956,-0.32726933077412074,0.470675
19,1.0,closed,mi_obs,44,0.06303049807065458,-0.27665683504122646,0.470675
19,1.0,closed,mi_obs,45,0.04879664921078197,0.8166546119412007,0.470675
19,1.0,closed,mi_obs,46,0.02731793198020599,-0.5107791832838053,0.470675
19,1.0,closed,mi_obs,47,0.05436778054933135,-0.07332764200091742,0.470675
19,1.0,closed,mi_obs,48,0.05834611781338375,0.21763574936187538,0.470675
19,1.0,closed,mi_obs,49,-0.03419319431884854,-0.42200833098655854,0.470675
19,1.0,closed,mi_obs,50,-0.04468474154198443,-0.8597023160285303,0.470675
19,1.0,closed,mi_obs,51,0.009268909700738626,-0.3970414011769624,0.470675
19,1.0,closed,mi_obs,52,0.019111087735344374,0.05487669906596058,0.470675
19,1.0,closed,mi_obs,53,0.07418984851868315,0.27194756048853347,0.470675
19,1.0,closed,mi_obs,54,-0.05355400020782097,-0.32552128540033254,0.470675
19,1.0,closed,mi_obs,55,-0.04759265766832721,-0.8294113970956818,0.470675
19,1.0,closed,mi_obs,56,-0.04003710742497135,0.6664321432210003,0.470675
19,1.0,closed,mi_obs,57,-0.0005184068075614195,0.12087156750754385,0.470675
19,1.0,closed,mi_obs,58,0.04136583691816553,0.8311886465810546,0.470675
19,1.0,closed,mi_obs,59,-0.03194167296808598,0.43225910905347,0.470675
19,1.0,closed,mi_obs,60,0.08555026305699065,0.6267930755061748,0.470675
19,1.0,closed,mi_obs,61,0.02035301084832275,0.5539631304316966,0.470675
19,1.0,closed,mi_obs,62,-0.04417774239335593,0.020249639428413752,0.470675
19,1.0,closed,mi_obs,63,-0.0031505388413817365,0.10013485004599273,0.470675
19,1.0,closed,mi_obs,64,-0.01626553919240925,-0.2241849782398961,0.470675
19,1.0,closed,mi_obs,65,0.02710572176618803,0.3556717811111801,0.470675
19,1.0,closed,mi_class,0,-0.010685751479241284,-0.002584709573920189,0.470675
19,1.0,closed,mi_class,1,-0.004052910163085539,0.007964988377621569,0.470675
19,1.0,closed,mi_class,2,-0.0007153050376383623,-0.0011366606041186657,0.470675
19,1.0,closed,mi_class,3,0.00189847507452814,9.925950540478135e-05,0.470675
19,1.0,closed,mi_class,4,0.004501832339180252,0.009435684055315415,0.470675
19,1.0,closed,mi_class,5,-0.0011030297114129756,0.01175992579871267,0.470675
19,1.0,closed,mi_class,6,0.019889261550253057,-0.4707385841624425,0.470675
19,1.0,closed,mi_class,7,0.07582599240942406,-0.2971193449668593,0.470675
19,1.0,closed,mi_class,8,0.011697566315730521,0.006640843607909693,0.470675
19,1.0,closed,mi_class,9,-0.06278940050431048,-0.39282089343633825,0.470675
19,1.0,closed,mi_class,10,-0.010058032494037413,-0.004333959717227185,0.470675
19,1.0,closed,mi_class,11,-0.1019360511913372,0.7351003741755366,0.470675
19,1.0,closed,mi_class,12,-0.03405115699876926,0.8237699831162462,0.470675
19,1.0,closed,mi_class,13,0.24868793851655202,-0.7228290822723618,0.470675
19,1.0,closed,mi_class,14,-0.01357519189889179,0.004392470926292883,0.470675
19,1.0,closed,mi_class,15,-0.007250532482444082,0.003910854352125608,0.470675
19,1.0,closed,mi_class,16,-0.03954618708107699,-0.04517351967748569,0.470675
19,1.0,closed,mi_class,17,0.2015413499471963,-0.4933194842576859,0.470675
19,1.0,closed,mi_class,18,0.0531677803083318,-0.683802425756151,0.470675
19,1.0,closed,mi_class,19,-0.005023251058307407,-0.03231108534857851,0.470675
19,1.0,closed,mi_class,20,-0.0042873735975443635,-0.002351226864644004,0.470675
19,1.0,closed,mi_class,21,-0.09333481100234764,0.889606400171673,0.470675
19,1.0,closed,mi_class,22,0.2512204344296676,-0.5284266488981418,0.470675
19,1.0,closed,mi_class,23,-0.003122742175080049,0.009974317927641184,0.470675
19,1.0,closed,mi_class,24,0.0024388631000114864,0.010098062007168267,0.470675
19,1.0,closed,mi_class,25,0.029595841787594612,-0.25497316739721404,0.470675
19,1.0,closed,mi_class,26,0.44844960943749845,-0.7899563167589275,0.470675
19,1.0,closed,mi_class,27,0.11409582782309713,-0.7385071610996221,0.470675
19,1.0,closed,mi_class,28,-0.015978524357736168,-0.20852926660911328,0.470675
19,1.0,closed,mi_class,29,-0.01646997584780412,-0.010234699121563683,0.470675
19,1.0,closed,mi_class,30,0.13855696431805814,-0.5936761052249814,0.470675
19,1.0,closed,mi_class,31,-0.00511536756691114,0.009958697031641981,0.470675
19,1.0,closed,mi_class,32,-0.0017649933078062539,0.009749397766545282,0.470675
19,1.0,closed,mi_class,33,-0.008888636118751236,-0.28185713034058063,0.470675
19,1.0,closed,mi_class,34,0.24347319595356748,-0.7376396665300948,0.470675
19,1.0,closed,mi_class,35,0.009593089771243957,-0.825908846432325,0.470675
19,1.0,closed,mi_class,36,-0.027171444915240456,-0.22937344490824887,0.470675
19,1.0,closed,mi_class,37,-0.003731188785651419,-0.010430616911539186,0.470675
19,1.0,closed,mi_class,38,-0.0269148499955274,0.3773603385025552,0.470675
19,1.0,closed,mi_class,39,0.01659250660812034,0.1744413024003146,0.470675
19,1.0,closed,mi_class,40,0.04859900924245736,-0.389381212456107,0.470675
19,1.0,closed,mi_class,41,0.01589922104667746,0.1439452441307598,0.470675
19,1.0,closed,mi_class,42,-0.12631196703123942,0.5428901444123359,0.470675
19,1.0,closed,mi_class,43,0.07362743634699126,-0.32726933077412074,0.470675
19,1.0,closed,mi_class,44,0.043229940022963737,-0.27665683504122646,0.470675
19,1.0,closed,mi_class,45,-0.03706371237392736,0.8166546119412007,0.470675
19,1.0,closed,mi_class,46,0.07297969535574766,-0.5107791832838053,0.470675
19,1.0,closed,mi_class,47,0.00578224598960439,-0.07332764200091742,0.470675
19,1.0,closed,mi_class,48,-0.03555595570934708,0.21763574936187538,0.470675
19,1.0,closed,mi_class,49,0.09009888020436335,-0.42200833098655854,0.470675
19,1.0,closed,mi_class,50,0.21445426526913136,-0.8597023160285303,0.470675
19,1.0,closed,mi_class,51,0.07241078518085675,-0.3970414011769624,0.470675
19,1.0,closed,mi_class,52,0.010273396681385848,0.05487669906596058,0.470675
19,1.0,closed,mi_class,53,-0.04679470054895363,0.27194756048853347,0.470675
19,1.0,closed,mi_class,54,0.0685628612757283,-0.32552128540033254,0.470675
19,1.0,closed,mi_class,55,0.1964618464958765,-0.8294113970956818,0.470675
19,1.0,closed,mi_class,56,-0.1338642373919231,0.6664321432210003,0.470675
19,1.0,closed,mi_class,57,0.042339211397954796,0.12087156750754385,0.470675
19,1.0,closed,mi_class,58,-0.06066224959035493,0.8311886465810546,0.470675
19,1.0,closed,mi_class,59,-0.05146275740972217,0.43225910905347,0.470675
19,1.0,closed,mi_class,60,-0.16263665035792219,0.6267930755061748,0.470675
19,1.0,closed,mi_class,61,-0.16366952162052967,0.5539631304316966,0.470675
19,1.0,closed,mi_class,62,0.012007086692881874,0.020249639428413752,0.470675
19,1.0,closed,mi_class,63,0.00486252974055372,0.10013485004599273,0.470675
19,1.0,closed,mi_class,64,0.009606488056891904,-0.2241849782398961,0.470675
19,1.0,closed,mi_class,65,0.02814118713197966,0.3556717811111801,0.470675
19,1.0,closed,mi_site,0,-0.020301030810417724,-0.002584709573920189,0.470675
19,1.0,closed,mi_site,1,-0.01172919431486868,0.007964988377621569,0.470675
19,1.0,closed,mi_site,2,-0.017295069427718704,-0.0011366606041186657,0.470675
19,1.0,closed,mi_site,3,-0.004559976299255142,9.925950540478135e-05,0.470675
19,1.0,closed,mi_site,4,-0.002732770315148017,0.009435684055315415,0.470675
19,1.0,closed,mi_site,5,0.008166420069792131,0.01175992579871267,0.470675
19,1.0,closed,mi_site,6,-0.05209757994231112,-0.4707385841624425,0.470675
19,1.0,closed,mi_site,7,0.0013605188124949374,-0.2971193449668593,0.470675
19,1.0,closed,mi_site,8,0.009632320509481544,0.006640843607909693,0.470675
19,1.0,closed,mi_site,9,-0.060237368691262505,-0.39282089343633825,0.470675
19,1.0,closed,mi_site,10,-0.006601708722857524,-0.004333959717227185,0.470675
19,1.0,closed,mi_site,11,0.00980242593740055,0.7351003741755366,0.470675
19,1.0,closed,mi_site,12,0.033942732256816766,0.8237699831162462,0.470675
19,1.0,closed,mi_site,13,-0.07363066320829603,-0.7228290822723618,0.470675
19,1.0,closed,mi_site,14,-0.00961652363055834,0.004392470926292883,0.470675
19,1.0,closed,mi_site,15,-0.012897263572752974,0.003910854352125608,0.470675
19,1.0,closed,mi_site,16,0.009842442229514116,-0.04517351967748569,0.470675
19,1.0,closed,mi_site,17,-0.03927596205850514,-0.4933194842576859,0.470675
19,1.0,closed,mi_site,18,-0.032664150027609584,-0.683802425756151,0.470675
19,1.0,closed,mi_site,19,0.0003818194343000181,-0.03231108534857851,0.470675
19,1.0,closed,mi_site,20,0.0022757057722085174,-0.002351226864644004,0.470675
19,1.0,closed,mi_site,21,0.015957208122185262,0.889606400171673,0.470675
19,1.0,closed,mi_site,22,-0.08869235197731251,-0.5284266488981418,0.470675
19,1.0,closed,mi_site,23,0.004978001351839659,0.009974317927641184,0.470675
19,1.0,closed,mi_site,24,0.02065768078790349,0.010098062007168267,0.470675
19,1.0,closed,mi_site,25,0.04106984758665752,-0.25497316739721404,0.470675
19,1.0,closed,mi_site,26,-0.01837552922732666,-0.7899563167589275,0.470675
19,1.0,closed,mi_site,27,-0.02375255484841121,-0.7385071610996221,0.470675
19,1.0,closed,mi_site,28,-0.0024367505684101953,-0.20852926660911328,0.470675
19,1.0,closed,mi_site,29,-0.009150016102809973,-0.010234699121563683,0.470675
19,1.0,closed,mi_site,30,-0.10024946402152668,-0.5936761052249814,0.470675
19,1.0,closed,mi_site,31,-0.014031115343941787,0.009958697031641981,0.470675
19,1.0,closed,mi_site,32,-0.008087074882874374,0.009749397766545282,0.470675
19,1.0,closed,mi_site,33,0.03045731684248043,-0.28185713034058063,0.470675
19,1.0,closed,mi_site,34,-0.02959651324870849,-0.7376396665300948,0.470675
19,1.0,closed,mi_site,35,-0.033365130659859354,-0.825908846432325,0.470675
19,1.0,closed,mi_site,36,-0.008735862370349345,-0.22937344490824887,0.470675
19,1.0,closed,mi_site,37,0.0014430353723448638,-0.010430616911539186,0.470675
19,1.0,closed,mi_site,38,-0.052063206167687615,0.3773603385025552,0.470675
19,1.0,closed,mi_site,39,-0.012496654209271485,0.1744413024003146,0.470675
19,1.0,closed,mi_site,40,0.06471771327071907,-0.389381212456107,0.470675
19,1.0,closed,mi_site,41,0.11930554549683223,0.1439452441307598,0.470675
19,1.0,closed,mi_site,42,0.06631029205977645,0.5428901444123359,0.470675
19,1.0,closed,mi_site,43,0.0365385184433088,-0.32726933077412074,0.470675
19,1.0,closed,mi_site,44,0.04858391591141015,-0.27665683504122646,0.470675
19,1.0,closed,mi_site,45,0.03905852484826555,0.8166546119412007,0.470675
19,1.0,closed,mi_site,46,0.015235778031774727,-0.5107791832838053,0.470675
19,1.0,closed,mi_site,47,0.03987630278716553,-0.07332764200091742,0.470675
19,1.0,closed,mi_site,48,0.041096295445126635,0.21763574936187538,0.470675
19,1.0,closed,mi_site,49,-0.023485337477316792,-0.42200833098655854,0.470675
19,1.0,closed,mi_site,50,-0.03710204315434584,-0.8597023160285303,0.470675
19,1.0,closed,mi_site,51,-0.0027995578557676315,-0.3970414011769624,0.470675
19,1.0,closed,mi_site,52,0.008304695651052234,0.05487669906596058,0.470675
19,1.0,closed,mi_site,53,0.04934782284157507,0.27194756048853347,0.470675
19,1.0,closed,mi_site,54,-0.03975592897669494,-0.32552128540033254,0.470675
19,1.0,closed,mi_site,55,-0.04068791166067509,-0.8294113970956818,0.470675
19,1.0,closed,mi_site,56,-0.041161590285920924,0.6664321432210003,0.470675
19,1.0,closed,mi_site,57,-0.015129471628986577,0.12087156750754385,0.470675
19,1.0,closed,mi_site,58,0.03550556408983063,0.8311886465810546,0.470675
19,1.0,closed,mi_site,59,-0.015821944180925362,0.43225910905347,0.470675
19,1.0,closed,mi_site,60,0.06494314015825631,0.6267930755061748,0.470675
19,1.0,closed,mi_site,61,0.011239638246573591,0.5539631304316966,0.470675
19,1.0,closed,mi_site,62,-0.032049204388042214,0.020249639428413752,0.470675
19,1.0,closed,mi_site,63,-0.00106581639526597,0.10013485004599273,0.470675
19,1.0,closed,mi_site,64,-0.013197532067882212,-0.2241849782398961,0.470675
19,1.0,closed,mi_site,65,0.02075286777314661,0.3556717811111801,0.470675
19,2.0,aligned,available,0,0.019183601227399212,-0.021385976574792347,0.470675
19,2.0,aligned,available,1,-0.026596493859421207,-0.005848221124694444,0.470675
19,2.0,aligned,available,2,-0.05194182172493448,-0.016295431873008033,0.470675
19,2.0,aligned,available,3,-0.003195677533029741,0.011473060168941238,0.470675
19,2.0,aligned,available,4,-0.04458522251932073,0.014923665852712455,0.470675
19,2.0,aligned,available,5,-0.04830484641774046,0.026722667381268526,0.470675
19,2.0,aligned,available,6,0.007286746909358155,-0.4846851886077814,0.470675
19,2.0,aligned,available,7,-0.0038925902952376967,-0.29735008454831907,0.470675
19,2.0,aligned,available,8,-0.004252596471971539,0.023028437250585135,0.470675
19,2.0,aligned,available,9,0.0009404401315988298,-0.40771391287571535,0.470675
19,2.0,aligned,available,10,0.02275633759343941,-0.01434310090647759,0.470675
19,2.0,aligned,available,11,-0.00017196144218478704,0.7458543406871836,0.470675
19,2.0,aligned,available,12,0.0003129497111242774,0.8319865143982745,0.470675
19,2.0,aligned,available,13,-0.0011571460885800855,-0.7273733569866108,0.470675
19,2.0,aligned,available,14,0.026413019978878065,-0.0018575612538469014,0.470675
19,2.0,aligned,available,15,0.02509120257691328,-0.003393153902111944,0.470675
19,2.0,aligned,available,16,-0.033410799483416,-0.033604655814884275,0.470675
19,2.0,aligned,available,17,-0.01272676364239883,-0.49853327576877654,0.470675
19,2.0,aligned,available,18,0.004745086134658849,-0.6929505076559722,0.470675
19,2.0,aligned,available,19,-0.012321566632061999,-0.02344913790796692,0.470675
19,2.0,aligned,available,20,-0.007146263046462513,0.0038709108717267992,0.470675
19,2.0,aligned,available,21,0.00417738125143563,0.8936595273216911,0.470675
19,2.0,aligned,available,22,0.0037963565385346065,-0.5397046307093023,0.470675
19,2.0,aligned,available,23,0.022413893246457126,0.005572245763867289,0.470675
19,2.0,aligned,available,24,0.014917855289596776,0.005357533911815071,0.470675
19,2.0,aligned,available,25,0.00261724791450732,-0.23786032805368484,0.470675
19,2.0,aligned,available,26,-0.0018848050963365948,-0.7872008793186006,0.470675
19,2.0,aligned,available,27,0.006741843963810834,-0.7435966876743603,0.470675
19,2.0,aligned,available,28,0.00329463473527436,-0.19631896828416232,0.470675
19,2.0,aligned,available,29,-0.008480224480404327,-0.005934408972785125,0.470675
19,2.0,aligned,available,30,-0.010958078513239933,-0.6034239794764166,0.470675
19,2.0,aligned,available,31,0.08505179158245271,0.004949794584909508,0.470675
19,2.0,aligned,available,32,0.04961458055895539,0.004174455156687484,0.470675
19,2.0,aligned,available,33,-0.0074188650307353,-0.2615199042458965,0.470675
19,2.0,aligned,available,34,-0.014305846997119231,-0.7354654111492968,0.470675
19,2.0,aligned,available,35,-0.003330074449175102,-0.8281115661260843,0.470675
19,2.0,aligned,available,36,0.0001940150137426655,-0.2147471015683276,0.470675
19,2.0,aligned,available,37,-0.039672664378255076,-0.005437068008821177,0.470675
19,2.0,aligned,available,38,-0.016575027246891305,0.39028408733823616,0.470675
19,2.0,aligned,available,39,-0.012828393747171984,0.1871665434332642,0.470675
19,2.0,aligned,available,40,0.018228544459381213,-0.39456911361053365,0.470675
19,2.0,aligned,available,41,0.006216093410051138,0.15278309669029955,0.470675
19,2.0,aligned,available,42,0.009889278667519874,0.5564659923062504,0.470675
19,2.0,aligned,available,43,0.030643720855005052,-0.33401805384392963,0.470675
19,2.0,aligned,available,44,0.022545972632251776,-0.2916977956953529,0.470675
19,2.0,aligned,available,45,-0.005179353666075914,0.8210041078224859,0.470675
19,2.0,aligned,available,46,0.0083316371131954,-0.5271526215182799,0.470675
19,2.0,aligned,available,47,-0.014507803660900168,-0.07328629140658353,0.470675
19,2.0,aligned,available,48,-0.019628362459871485,0.2313782477164304,0.470675
19,2.0,aligned,available,49,0.004547155465073283,-0.4386867458799915,0.470675
19,2.0,aligned,available,50,0.003371132874473104,-0.8704896123062381,0.470675
19,2.0,aligned,available,51,0.009270574734919823,-0.4175828293125672,0.470675
19,2.0,aligned,available,52,-0.00797099952793618,0.05437789136060632,0.470675
19,2.0,aligned,available,53,-0.028622860259666094,0.2867817713328479,0.470675
19,2.0,aligned,available,54,0.0035265951052120825,-0.34445296283680754,0.470675
19,2.0,aligned,available,55,0.00045410550293922824,-0.840023150770253,0.470675
19,2.0,aligned,available,56,0.00982394010512433,0.6546632430270313,0.470675
19,2.0,aligned,available,57,0.017942572955525274,0.09471359194904333,0.470675
19,2.0,aligned,available,58,0.0034020841771822408,0.8379348251968388,0.470675
19,2.0,aligned,available,59,-0.010545190950101035,0.45409477129547926,0.470675
19,2.0,aligned,available,60,0.0031006402408808587,0.6262060385748884,0.470675
19,2.0,aligned,available,61,0.025278799880430247,0.5491945352942224,0.470675
19,2.0,aligned,available,62,0.010247455517275215,0.020916404258889305,0.470675
19,2.0,aligned,available,63,-0.009268241371476166,0.07967703334476472,0.470675
19,2.0,aligned,available,64,0.007380690773784837,-0.23971803459155888,0.470675
19,2.0,aligned,available,65,0.003722977776141223,0.3762478188863498,0.470675
19,2.0,aligned,mi_obs,0,-0.012487994521689243,-0.021385976574792347,0.470675
19,2.0,aligned,mi_obs,1,-0.010485387516204151,-0.005848221124694444,0.470675
19,2.0,aligned,mi_obs,2,-0.017172015815396555,-0.016295431873008033,0.470675
19,2.0,aligned,mi_obs,3,-0.014018538952427214,0.011473060168941238,0.470675
19,2.0,aligned,mi_obs,4,-0.018505795861955367,0.014923665852712455,0.470675
19,2.0,aligned,mi_obs,5,0.007929210526027023,0.026722667381268526,0.470675
19,2.0,aligned,mi_obs,6,-0.05752658993330195,-0.4846851886077814,0.470675
19,2.0,aligned,mi_obs,7,-0.0016399456218386677,-0.29735008454831907,0.470675
19,2.0,aligned,mi_obs,8,0.013944687812524767,0.023028437250585135,0.470675
19,2.0,aligned,mi_obs,9,-0.05784359882522594,-0.40771391287571535,0.470675
19,2.0,aligned,mi_obs,10,0.0011402338015939952,-0.01434310090647759,0.470675
19,2.0,aligned,mi_obs,11,0.017204533353853857,0.7458543406871836,0.470675
19,2.0,aligned,mi_obs,12,0.05202305535082563,0.8319865143982745,0.470675
19,2.0,aligned,mi_obs,13,-0.07920846532665693,-0.7273733569866108,0.470675
19,2.0,aligned,mi_obs,14,0.009334106784319762,-0.0018575612538469014,0.470675
19,2.0,aligned,mi_obs,15,-0.003558994220767569,-0.003393153902111944,0.470675
19,2.0,aligned,mi_obs,16,0.011408053085553132,-0.033604655814884275,0.470675
19,2.0,aligned,mi_obs,17,-0.03830051795763473,-0.49853327576877654,0.470675
19,2.0,aligned,mi_obs,18,-0.04197208805484087,-0.6929505076559722,0.470675
19,2.0,aligned,mi_obs,19,0.005502544503459977,-0.02344913790796692,0.470675
19,2.0,aligned,mi_obs,20,-0.0013085289372548156,0.0038709108717267992,0.470675
19,2.0,aligned,mi_obs,21,0.016843523081102374,0.8936595273216911,0.470675
19,2.0,aligned,mi_obs,22,-0.10418859982961681,-0.5397046307093023,0.470675
19,2.0,aligned,mi_obs,23,0.008842310908234624,0.005572245763867289,0.470675
19,2.0,aligned,mi_obs,24,0.04006997257615525,0.005357533911815071,0.470675
19,2.0,aligned,mi_obs,25,0.041300903375577125,-0.23786032805368484,0.470675
19,2.0,aligned,mi_obs,26,-0.016009111728723324,-0.7872008793186006,0.470675
19,2.0,aligned,mi_obs,27,-0.022936911149352257,-0.7435966876743603,0.470675
19,2.0,aligned,mi_obs,28,-0.0020930187994955274,-0.19631896828416232,0.470675
19,2.0,aligned,mi_obs,29,-0.0233960440384984,-0.005934408972785125,0.470675
19,2.0,aligned,mi_obs,30,-0.11199007149759876,-0.6034239794764166,0.470675
19,2.0,aligned,mi_obs,31,0.008508014117399718,0.004949794584909508,0.470675
19,2.0,aligned,mi_obs,32,0.01085480930536958,0.004174455156687484,0.470675
19,2.0,aligned,mi_obs,33,0.019639260839034917,-0.2615199042458965,0.470675
19,2.0,aligned,mi_obs,34,-0.02388170670647094,-0.7354654111492968,0.470675
19,2.0,aligned,mi_obs,35,-0.048188061759090184,-0.8281115661260843,0.470675
19,2.0,aligned,mi_obs,36,-0.008845572941469731,-0.2147471015683276,0.470675
19,2.0,aligned,mi_obs,37,-0.010110016592581681,-0.005437068008821177,0.470675
19,2.0,aligned,mi_obs,38,-0.09180125758254287,0.39028408733823616,0.470675
19,2.0,aligned,mi_obs,39,-0.054769607079876825,0.1871665434332642,0.470675
19,2.0,aligned,mi_obs,40,0.08268442923590824,-0.39456911361053365,0.470675
19,2.0,aligned,mi_obs,41,0.1241979485456075,0.15278309669029955,0.470675
19,2.0,aligned,mi_obs,42,0.08534169619623733,0.5564659923062504,0.470675
19,2.0,aligned,mi_obs,43,0.055557154376630724,-0.33401805384392963,0.470675
19,2.0,aligned,mi_obs,44,0.08850056212265683,-0.2916977956953529,0.470675
19,2.0,aligned,mi_obs,45,0.04492332918574593,0.8210041078224859,0.470675
19,2.0,aligned,mi_obs,46,0.04538249036624015,-0.5271526215182799,0.470675
19,2.0,aligned,mi_obs,47,0.05229415634839834,-0.07328629140658353,0.470675
19,2.0,aligned,mi_obs,48,0.045356931837503445,0.2313782477164304,0.470675
19,2.0,aligned,mi_obs,49,-0.032459417846294136,-0.4386867458799915,0.470675
19,2.0,aligned,mi_obs,50,-0.038375300572016324,-0.8704896123062381,0.470675
19,2.0,aligned,mi_obs,51,0.024213201471064816,-0.4175828293125672,0.470675
19,2.0,aligned,mi_obs,52,0.01623527136413852,0.05437789136060632,0.470675
19,2.0,aligned,mi_obs,53,0.05106667486286498,0.2867817713328479,0.470675
19,2.0,aligned,mi_obs,54,-0.05713185757312894,-0.34445296283680754,0.470675
19,2.0,aligned,mi_obs,55,-0.0458926003110548,-0.840023150770253,0.470675
19,2.0,aligned,mi_obs,56,-0.03675310727104231,0.6546632430270313,0.470675
19,2.0,aligned,mi_obs,57,-0.012401167882147957,0.09471359194904333,0.470675
19,2.0,aligned,mi_obs,58,0.027937059422791455,0.8379348251968388,0.470675
19,2.0,aligned,mi_obs,59,-0.05516660507300808,0.45409477129547926,0.470675
19,2.0,aligned,mi_obs,60,0.07217382978820674,0.6262060385748884,0.470675
19,2.0,aligned,mi_obs,61,0.016152880455450047,0.5491945352942224,0.470675
19,2.0,aligned,mi_obs,62,-0.05125448411444715,0.020916404258889305,0.470675
19,2.0,aligned,mi_obs,63,-0.03260110549329594,0.07967703334476472,0.470675
19,2.0,aligned,mi_obs,64,-0.012606806860034514,-0.23971803459155888,0.470675
19,2.0,aligned,mi_obs,65,0.029058581969580832,0.3762478188863498,0.470675
19,2.0,aligned,mi_class,0,0.014285838520969742,-0.021385976574792347,0.470675
19,2.0,aligned,mi_class,1,-0.012099478710125018,-0.005848221124694444,0.470675
19,2.0,aligned,mi_class,2,-0.027399611754855467,-0.016295431873008033,0.470675
19,2.0,aligned,mi_class,3,0.03038783847225328,0.011473060168941238,0.470675
19,2.0,aligned,mi_class,4,-0.01643436717887429,0.014923665852712455,0.470675
19,2.0,aligned,mi_class,5,-0.0232607167047949,0.026722667381268526,0.470675
19,2.0,aligned,mi_class,6,0.05742873382713892,-0.4846851886077814,0.470675
19,2.0,aligned,mi_class,7,0.11707267421084458,-0.29735008454831907,0.470675
19,2.0,aligned,mi_class,8,-0.008209320340089372,0.023028437250585135,0.470675
19,2.0,aligned,mi_class,9,0.07037371026773265,-0.40771391287571535,0.470675
19,2.0,aligned,mi_class,10,0.005205150820612868,-0.01434310090647759,0.470675
19,2.0,aligned,mi_class,11,-0.1284401224579106,0.7458543406871836,0.470675
19,2.0,aligned,mi_class,12,-0.03048711516353142,0.8319865143982745,0.470675
19,2.0,aligned,mi_class,13,0.1757559706535874,-0.7273733569866108,0.470675
19,2.0,aligned,mi_class,14,0.017439101208266944,-0.0018575612538469014,0.470675
19,2.0,aligned,mi_class,15,0.009371566091072337,-0.003393153902111944,0.470675
19,2.0,aligned,mi_class,16,-0.10547382323699053,-0.033604655814884275,0.470675
19,2.0,aligned,mi_class,17,0.24972092788910763,-0.49853327576877654,0.470675
19,2.0,aligned,mi_class,18,0.06453881198156797,-0.6929505076559722,0.470675
19,2.0,aligned,mi_class,19,-0.0016723330650037262,-0.02344913790796692,0.470675
19,2.0,aligned,mi_class,20,-0.022892345426382018,0.0038709108717267992,0.470675
19,2.0,aligned,mi_class,21,-0.08758362224968819,0.8936595273216911,0.470675
19,2.0,aligned,mi_class,22,0.18392247381983445,-0.5397046307093023,0.470675
19,2.0,aligned,mi_class,23,0.005416703155325227,0.005572245763867289,0.470675
19,2.0,aligned,mi_class,24,0.004857356157075415,0.005357533911815071,0.470675
19,2.0,aligned,mi_class,25,0.005528387633121606,-0.23786032805368484,0.470675
19,2.0,aligned,mi_class,26,0.49062454555770546,-0.7872008793186006,0.470675
19,2.0,aligned,mi_class,27,0.10276747793620411,-0.7435966876743603,0.470675
19,2.0,aligned,mi_class,28,0.08175523431032228,-0.19631896828416232,0.470675
19,2.0,aligned,mi_class,29,-0.016218282786348626,-0.005934408972785125,0.470675
19,2.0,aligned,mi_class,30,0.05984891075819865,-0.6034239794764166,0.470675
19,2.0,aligned,mi_class,31,0.020791109118613184,0.004949794584909508,0.470675
19,2.0,aligned,mi_class,32,0.013751141992227708,0.004174455156687484,0.470675
19,2.0,aligned,mi_class,33,-0.0422280006752454,-0.2615199042458965,0.470675
19,2.0,aligned,mi_class,34,0.32142536524711485,-0.7354654111492968,0.470675
19,2.0,aligned,mi_class,35,0.007671596590517082,-0.8281115661260843,0.470675
19,2.0,aligned,mi_class,36,0.04835313898502977,-0.2147471015683276,0.470675
19,2.0,aligned,mi_class,37,-0.0239870442028398,-0.005437068008821177,0.470675
19,2.0,aligned,mi_class,38,-0.04885740743649253,0.39028408733823616,0.470675
19,2.0,aligned,mi_class,39,-0.019979650034507385,0.1871665434332642,0.470675
19,2.0,aligned,mi_class,40,0.09302090917807287,-0.39456911361053365,0.470675
19,2.0,aligned,mi_class,41,-0.07475237757905936,0.15278309669029955,0.470675
19,2.0,aligned,mi_class,42,-0.09374275621311817,0.5564659923062504,0.470675
19,2.0,aligned,mi_class,43,0.11214312462628925,-0.33401805384392963,0.470675
19,2.0,aligned,mi_class,44,0.07663488477133798,-0.2916977956953529,0.470675
19,2.0,aligned,mi_class,45,-0.07995678385465943,0.8210041078224859,0.470675
19,2.0,aligned,mi_class,46,0.07775463647741132,-0.5271526215182799,0.470675
19,2.0,aligned,mi_class,47,0.010435274737254918,-0.07328629140658353,0.470675
19,2.0,aligned,mi_class,48,-0.0448662585872778,0.2313782477164304,0.470675
19,2.0,aligned,mi_class,49,0.17810508423838778,-0.4386867458799915,0.470675
19,2.0,aligned,mi_class,50,0.22658012746925138,-0.8704896123062381,0.470675
19,2.0,aligned,mi_class,51,0.10001545735514522,-0.4175828293125672,0.470675
19,2.0,aligned,mi_class,52,-0.22356358782013408,0.05437789136060632,0.470675
19,2.0,aligned,mi_class,53,-0.049650158068485994,0.2867817713328479,0.470675
19,2.0,aligned,mi_class,54,0.15505734742359825,-0.34445296283680754,0.470675
19,2.0,aligned,mi_class,55,0.24418812215510444,-0.840023150770253,0.470675
19,2.0,aligned,mi_class,56,-0.2293291750458586,0.6546632430270313,0.470675
19,2.0,aligned,mi_class,57,0.009971484952922452,0.09471359194904333,0.470675
19,2.0,aligned,mi_class,58,-0.24417953043049212,0.8379348251968388,0.470675
19,2.0,aligned,mi_class,59,-0.015766360044794314,0.45409477129547926,0.470675
19,2.0,aligned,mi_class,60,-0.25324263045026746,0.6262060385748884,0.470675
19,2.0,aligned,mi_class,61,-0.2894789152880275,0.5491945352942224,0.470675
19,2.0,aligned,mi_class,62,-0.026498464354355617,0.020916404258889305,0.470675
19,2.0,aligned,mi_class,63,-0.019039635911920726,0.07967703334476472,0.470675
19,2.0,aligned,mi_class,64,0.009403124394042839,-0.23971803459155888,0.470675
19,2.0,aligned,mi_class,65,-0.05776414410075875,0.3762478188863498,0.470675
19,2.0,aligned,mi_site,0,-0.002902648946276242,-0.021385976574792347,0.470675
19,2.0,aligned,mi_site,1,-0.008334419051473842,-0.005848221124694444,0.470675
19,2.0,aligned,mi_site,2,0.007549421148522795,-0.016295431873008033,0.470675
19,2.0,aligned,mi_site,3,-0.034048388755467146,0.011473060168941238,0.470675
19,2.0,aligned,mi_site,4,-0.035149214621043604,0.014923665852712455,0.470675
19,2.0,aligned,mi_site,5,-0.021314905860317153,0.026722667381268526,0.470675
19,2.0,aligned,mi_site,6,0.01995323049021891,-0.4846851886077814,0.470675
19,2.0,aligned,mi_site,7,0.03234215828933418,-0.29735008454831907,0.470675
19,2.0,aligned,mi_site,8,-0.014302056055087642,0.023028437250585135,0.470675
19,2.0,aligned,mi_site,9,0.01707158175880369,-0.40771391287571535,0.470675
19,2.0,aligned,mi_site,10,0.013352424946033574,-0.01434310090647759,0.470675
19,2.0,aligned,mi_site,11,-0.05477650171758319,0.7458543406871836,0.470675
19,2.0,aligned,mi_site,12,-0.1078563339940597,0.8319865143982745,0.470675
19,2.0,aligned,mi_site,13,0.012324433816449876,-0.7273733569866108,0.470675
19,2.0,aligned,mi_site,14,0.011641351928741597,-0.0018575612538469014,0.470675
19,2.0,aligned,mi_site,15,0.009174684745502109,-0.003393153902111944,0.470675
19,2.0,aligned,mi_site,16,0.019144901007689834,-0.033604655814884275,0.470675
19,2.0,aligned,mi_site,17,-0.010014279914661917,-0.49853327576877654,0.470675
19,2.0,aligned,mi_site,18,0.010210477476910285,-0.6929505076559722,0.470675
19,2.0,aligned,mi_site,19,0.004324903358380924,-0.02344913790796692,0.470675
19,2.0,aligned,mi_site,20,-0.004607985252148226,0.0038709108717267992,0.470675
19,2.0,aligned,mi_site,21,-0.05359068718726123,0.8936595273216911,0.470675
19,2.0,aligned,mi_site,22,-0.053310403330324885,-0.5397046307093023,0.470675
19,2.0,aligned,mi_site,23,0.004186371608741333,0.005572245763867289,0.470675
19,2.0,aligned,mi_site,24,0.020041382039882122,0.005357533911815071,0.470675
19,2.0,aligned,mi_site,25,0.0491673093975849,-0.23786032805368484,0.470675
19,2.0,aligned,mi_site,26,0.0038487695028810442,-0.7872008793186006,0.470675
19,2.0,aligned,mi_site,27,-0.0019004711287208265,-0.7435966876743603,0.470675
19,2.0,aligned,mi_site,28,0.012721955945399849,-0.19631896828416232,0.470675
19,2.0,aligned,mi_site,29,-0.018838314745064266,-0.005934408972785125,0.470675
19,2.0,aligned,mi_site,30,-0.016020580372496873,-0.6034239794764166,0.470675
19,2.0,aligned,mi_site,31,0.009883913230669025,0.004949794584909508,0.470675
19,2.0,aligned,mi_site,32,0.008524342221297925,0.004174455156687484,0.470675
19,2.0,aligned,mi_site,33,0.04938564895776698,-0.2615199042458965,0.470675
19,2.0,aligned,mi_site,34,0.06320800338276933,-0.7354654111492968,0.470675
19,2.0,aligned,mi_site,35,0.06256671313242745,-0.8281115661260843,0.470675
19,2.0,aligned,mi_site,36,0.02343471954164772,-0.2147471015683276,0.470675
19,2.0,aligned,mi_site,37,-0.010384172642921182,-0.005437068008821177,0.470675
19,2.0,aligned,mi_site,38,-0.10309123167719991,0.39028408733823616,0.470675
19,2.0,aligned,mi_site,39,-0.05213856270541714,0.1871665434332642,0.470675
19,2.0,aligned,mi_site,40,0.0928606071656114,-0.39456911361053365,0.470675
19,2.0,aligned,mi_site,41,0.10937443500937444,0.15278309669029955,0.470675
19,2.0,aligned,mi_site,42,0.053380709099900114,0.5564659923062504,0.470675
19,2.0,aligned,mi_site,43,0.0923561119284041,-0.33401805384392963,0.470675
19,2.0,aligned,mi_site,44,0.10507773999975156,-0.2916977956953529,0.470675
19,2.0,aligned,mi_site,45,0.024587070633174002,0.8210041078224859,0.470675
19,2.0,aligned,mi_site,46,0.01622535709777384,-0.5271526215182799,0.470675
19,2.0,aligned,mi_site,47,0.028543762160318134,-0.07328629140658353,0.470675
19,2.0,aligned,mi_site,48,0.043095465111196996,0.2313782477164304,0.470675
19,2.0,aligned,mi_site,49,0.0019948369260829324,-0.4386867458799915,0.470675
19,2.0,aligned,mi_site,50,0.005952651405946141,-0.8704896123062381,0.470675
19,2.0,aligned,mi_site,51,-0.014953007507657545,-0.4175828293125672,0.470675
19,2.0,aligned,mi_site,52,-0.001664001269345565,0.05437789136060632,0.470675
19,2.0,aligned,mi_site,53,0.05062529556145373,0.2867817713328479,0.470675
19,2.0,aligned,mi_site,54,-0.030036948801646868,-0.34445296283680754,0.470675
19,2.0,aligned,mi_site,55,-0.021030029541538764,-0.840023150770253,0.470675
19,2.0,aligned,mi_site,56,-0.045933594468402505,0.6546632430270313,0.470675
19,2.0,aligned,mi_site,57,-0.03800499997540687,0.09471359194904333,0.470675
19,2.0,aligned,mi_site,58,-0.0158607175444061,0.8379348251968388,0.470675
19,2.0,aligned,mi_site,59,-0.017049149587595125,0.45409477129547926,0.470675
19,2.0,aligned,mi_site,60,0.06327144464324086,0.6262060385748884,0.470675
19,2.0,aligned,mi_site,61,-0.02347224995877173,0.5491945352942224,0.470675
19,2.0,aligned,mi_site,62,-0.02158484076996433,0.020916404258889305,0.470675
19,2.0,aligned,mi_site,63,-0.06414004087586526,0.07967703334476472,0.470675
19,2.0,aligned,mi_site,64,-0.00825374070097254,-0.23971803459155888,0.470675
19,2.0,aligned,mi_site,65,0.0030072437887311843,0.3762478188863498,0.470675
19,2.0,closed,available,0,0.00502031979434674,-0.021385976574792347,0.470675
19,2.0,closed,available,1,0.010229143384452176,-0.005848221124694444,0.470675
19,2.0,closed,available,2,-0.006091494659548287,-0.016295431873008033,0.470675
19,2.0,closed,available,3,-0.004766640932979162,0.011473060168941238,0.470675
19,2.0,closed,available,4,0.011036925471682373,0.014923665852712455,0.470675
19,2.0,closed,available,5,0.019731954631338127,0.026722667381268526,0.470675
19,2.0,closed,available,6,0.003997932724982167,-0.4846851886077814,0.470675
19,2.0,closed,available,7,0.0050952345406039545,-0.29735008454831907,0.470675
19,2.0,closed,available,8,-0.008190826903991718,0.023028437250585135,0.470675
19,2.0,closed,available,9,0.003200486339220543,-0.40771391287571535,0.470675
19,2.0,closed,available,10,0.00291373789196552,-0.01434310090647759,0.470675
19,2.0,closed,available,11,0.002973100431835629,0.7458543406871836,0.470675
19,2.0,closed,available,12,-0.0017748955031270386,0.8319865143982745,0.470675
19,2.0,closed,available,13,9.784635034426614e-05,-0.7273733569866108,0.470675
19,2.0,closed,available,14,-0.00897519005898218,-0.0018575612538469014,0.470675
19,2.0,closed,available,15,-0.020130059511946418,-0.003393153902111944,0.470675
19,2.0,closed,available,16,0.007032616748831565,-0.033604655814884275,0.470675
19,2.0,closed,available,17,-0.002664759838073405,-0.49853327576877654,0.470675
19,2.0,closed,available,18,-0.0017451355604726215,-0.6929505076559722,0.470675
19,2.0,closed,available,19,0.00021765540702027575,-0.02344913790796692,0.470675
19,2.0,closed,available,20,-0.003229385582571904,0.0038709108717267992,0.470675
19,2.0,closed,available,21,0.003378492311622572,0.8936595273216911,0.470675
19,2.0,closed,available,22,0.013020368918370662,-0.5397046307093023,0.470675
19,2.0,closed,available,23,-0.004726412345398157,0.005572245763867289,0.470675
19,2.0,closed,available,24,-0.014370525343568504,0.005357533911815071,0.470675
19,2.0,closed,available,25,0.01134429632547762,-0.23786032805368484,0.470675
19,2.0,closed,available,26,0.0009809700053379222,-0.7872008793186006,0.470675
19,2.0,closed,available,27,-0.007520154903878029,-0.7435966876743603,0.470675
19,2.0,closed,available,28,-0.0024432609247917736,-0.19631896828416232,0.470675
19,2.0,closed,available,29,0.003815299505071915,-0.005934408972785125,0.470675
19,2.0,closed,available,30,-0.004076386673025678,-0.6034239794764166,0.470675
19,2.0,closed,available,31,0.0337552912996338,0.004949794584909508,0.470675
19,2.0,closed,available,32,-0.004758525133529256,0.004174455156687484,0.470675
19,2.0,closed,available,33,0.01212005926054896,-0.2615199042458965,0.470675
19,2.0,closed,available,34,-0.00046116829631348555,-0.7354654111492968,0.470675
19,2.0,closed,available,35,-0.006977955086691079,-0.8281115661260843,0.470675
19,2.0,closed,available,36,-0.014661798519407548,-0.2147471015683276,0.470675
19,2.0,closed,available,37,-0.014423521384964558,-0.005437068008821177,0.470675
19,2.0,closed,available,38,0.003411481795153326,0.39028408733823616,0.470675
19,2.0,closed,available,39,0.010268384121103175,0.1871665434332642,0.470675
19,2.0,closed,available,40,-0.005595840060006185,-0.39456911361053365,0.470675
19,2.0,closed,available,41,-0.004449551737280316,0.15278309669029955,0.470675
19,2.0,closed,available,42,-0.003874634577193281,0.5564659923062504,0.470675
19,2.0,closed,available,43,-0.0030662462337947005,-0.33401805384392963,0.470675
19,2.0,closed,available,44,-0.006737188642721659,-0.2916977956953529,0.470675
19,2.0,closed,available,45,0.0042104952683168495,0.8210041078224859,0.470675
19,2.0,closed,available,46,-0.004706738328684623,-0.5271526215182799,0.470675
19,2.0,closed,available,47,0.004921381610648798,-0.07328629140658353,0.470675
19,2.0,closed,available,48,0.004437217740578564,0.2313782477164304,0.470675
19,2.0,closed,available,49,-0.005417594506222589,-0.4386867458799915,0.470675
19,2.0,closed,available,50,-0.00032282378845138737,-0.8704896123062381,0.470675
19,2.0,closed,available,51,-0.009184794309575028,-0.4175828293125672,0.470675
19,2.0,closed,available,52,0.005241832531446208,0.05437789136060632,0.470675
19,2.0,closed,available,53,0.005537041189323855,0.2867817713328479,0.470675
19,2.0,closed,available,54,-0.018258826484136848,-0.34445296283680754,0.470675
19,2.0,closed,available,55,-0.003283869438396425,-0.840023150770253,0.470675
19,2.0,closed,available,56,-0.004076756960281314,0.6546632430270313,0.470675
19,2.0,closed,available,57,0.00541884926121855,0.09471359194904333,0.470675
19,2.0,closed,available,58,-0.002553785076669257,0.8379348251968388,0.470675
19,2.0,closed,available,59,0.0024459308636790578,0.45409477129547926,0.470675
19,2.0,closed,available,60,0.006612752374711817,0.6262060385748884,0.470675
19,2.0,closed,available,61,-0.008612433959856447,0.5491945352942224,0.470675
19,2.0,closed,available,62,-0.009784261253970609,0.020916404258889305,0.470675
19,2.0,closed,available,63,0.020212073020726237,0.07967703334476472,0.470675
19,2.0,closed,available,64,-0.00015494072637062262,-0.23971803459155888,0.470675
19,2.0,closed,available,65,-0.0011778017800789242,0.3762478188863498,0.470675
19,2.0,closed,mi_obs,0,-0.013865148997373442,-0.021385976574792347,0.470675
19,2.0,closed,mi_obs,1,-0.004278858817189513,-0.005848221124694444,0.470675
19,2.0,closed,mi_obs,2,-0.02194329184729482,-0.016295431873008033,0.470675
19,2.0,closed,mi_obs,3,-0.023841681399411785,0.011473060168941238,0.470675
19,2.0,closed,mi_obs,4,-0.005056193925621526,0.014923665852712455,0.470675
19,2.0,closed,mi_obs,5,0.019490302540505672,0.026722667381268526,0.470675
19,2.0,closed,mi_obs,6,-0.05348584955856128,-0.4846851886077814,0.470675
19,2.0,closed,mi_obs,7,-0.0032454905929170663,-0.29735008454831907,0.470675
19,2.0,closed,mi_obs,8,-0.0005402266169873514,0.023028437250585135,0.470675
19,2.0,closed,mi_obs,9,-0.051978566624452716,-0.40771391287571535,0.470675
19,2.0,closed,mi_obs,10,-0.009158243326134735,-0.01434310090647759,0.470675
19,2.0,closed,mi_obs,11,0.014180433672330128,0.7458543406871836,0.470675
19,2.0,closed,mi_obs,12,0.05164154506175356,0.8319865143982745,0.470675
19,2.0,closed,mi_obs,13,-0.07704711123965668,-0.7273733569866108,0.470675
19,2.0,closed,mi_obs,14,-0.005249291373046071,-0.0018575612538469014,0.470675
19,2.0,closed,mi_obs,15,-0.009864300154560064,-0.003393153902111944,0.470675
19,2.0,closed,mi_obs,16,0.02535621055351641,-0.033604655814884275,0.470675
19,2.0,closed,mi_obs,17,-0.0364424491064716,-0.49853327576877654,0.470675
19,2.0,closed,mi_obs,18,-0.041329477092336586,-0.6929505076559722,0.470675
19,2.0,closed,mi_obs,19,0.009957576514521243,-0.02344913790796692,0.470675
19,2.0,closed,mi_obs,20,0.002663972731229664,0.0038709108717267992,0.470675
19,2.0,closed,mi_obs,21,0.01764993390433567,0.8936595273216911,0.470675
19,2.0,closed,mi_obs,22,-0.0948074288911791,-0.5397046307093023,0.470675
19,2.0,closed,mi_obs,23,-0.002966952988633469,0.005572245763867289,0.470675
19,2.0,closed,mi_obs,24,0.026827298608062267,0.005357533911815071,0.470675
19,2.0,closed,mi_obs,25,0.04593692527585175,-0.23786032805368484,0.470675
19,2.0,closed,mi_obs,26,-0.021925229900785936,-0.7872008793186006,0.470675
19,2.0,closed,mi_obs,27,-0.02615974512048247,-0.7435966876743603,0.470675
19,2.0,closed,mi_obs,28,-0.008988037573088997,-0.19631896828416232,0.470675
19,2.0,closed,mi_obs,29,-0.015287869051112603,-0.005934408972785125,0.470675
19,2.0,closed,mi_obs,30,-0.11504160192169444,-0.6034239794764166,0.470675
19,2.0,closed,mi_obs,31,-0.018781023914056984,0.004949794584909508,0.470675
19,2.0,closed,mi_obs,32,0.00023263747029831673,0.004174455156687484,0.470675
19,2.0,closed,mi_obs,33,0.04048476233344553,-0.2615199042458965,0.470675
19,2.0,closed,mi_obs,34,-0.021196096809729448,-0.7354654111492968,0.470675
19,2.0,closed,mi_obs,35,-0.05022591204779048,-0.8281115661260843,0.470675
19,2.0,closed,mi_obs,36,-0.010460814947084757,-0.2147471015683276,0.470675
19,2.0,closed,mi_obs,37,-0.0018458487239203982,-0.005437068008821177,0.470675
19,2.0,closed,mi_obs,38,-0.0688480952700149,0.39028408733823616,0.470675
19,2.0,closed,mi_obs,39,-0.036864095479754055,0.1871665434332642,0.470675
19,2.0,closed,mi_obs,40,0.07092920337696074,-0.39456911361053365,0.470675
19,2.0,closed,mi_obs,41,0.12583135289552994,0.15278309669029955,0.470675
19,2.0,closed,mi_obs,42,0.07091523600141236,0.5564659923062504,0.470675
19,2.0,closed,mi_obs,43,0.04691874211842706,-0.33401805384392963,0.470675
19,2.0,closed,mi_obs,44,0.07498403585852215,-0.2916977956953529,0.470675
19,2.0,closed,mi_obs,45,0.04314667172017228,0.8210041078224859,0.470675
19,2.0,closed,mi_obs,46,0.039550733089998125,-0.5271526215182799,0.470675
19,2.0,closed,mi_obs,47,0.06164645387582396,-0.07328629140658353,0.470675
19,2.0,closed,mi_obs,48,0.03709070847855639,0.2313782477164304,0.470675
19,2.0,closed,mi_obs,49,-0.023776209151640304,-0.4386867458799915,0.470675
19,2.0,closed,mi_obs,50,-0.04038323168383062,-0.8704896123062381,0.470675
19,2.0,closed,mi_obs,51,0.011404134965956603,-0.4175828293125672,0.470675
19,2.0,closed,mi_obs,52,0.021423657573258897,0.05437789136060632,0.470675
19,2.0,closed,mi_obs,53,0.05937211622261268,0.2867817713328479,0.470675
19,2.0,closed,mi_obs,54,-0.05645676649845055,-0.34445296283680754,0.470675
19,2.0,closed,mi_obs,55,-0.04448481206554744,-0.840023150770253,0.470675
19,2.0,closed,mi_obs,56,-0.04676561611154195,0.6546632430270313,0.470675
19,2.0,closed,mi_obs,57,0.001939247933816321,0.09471359194904333,0.470675
19,2.0,closed,mi_obs,58,0.032542687258354186,0.8379348251968388,0.470675
19,2.0,closed,mi_obs,59,-0.04176957080969235,0.45409477129547926,0.470675
19,2.0,closed,mi_obs,60,0.08552241412937944,0.6262060385748884,0.470675
19,2.0,closed,mi_obs,61,0.012115034031439431,0.5491945352942224,0.470675
19,2.0,closed,mi_obs,62,-0.05112608323118294,0.020916404258889305,0.470675
19,2.0,closed,mi_obs,63,0.0023879698856510423,0.07967703334476472,0.470675
19,2.0,closed,mi_obs,64,-0.01747103474369993,-0.23971803459155888,0.470675
19,2.0,closed,mi_obs,65,0.026794554459225073,0.3762478188863498,0.470675
19,2.0,closed,mi_class,0,7.617341893435131e-05,-0.021385976574792347,0.470675
19,2.0,closed,mi_class,1,0.0031369438583986123,-0.005848221124694444,0.470675
19,2.0,closed,mi_class,2,0.018807836278280733,-0.016295431873008033,0.470675
19,2.0,closed,mi_class,3,0.0007360333582839638,0.011473060168941238,0.470675
19,2.0,closed,mi_class,4,0.00755450410941047,0.014923665852712455,0.470675
19,2.0,closed,mi_class,5,0.010555211461556146,0.026722667381268526,0.470675
19,2.0,closed,mi_class,6,-0.006160214443390322,-0.4846851886077814,0.470675
19,2.0,closed,mi_class,7,0.08451009892446168,-0.29735008454831907,0.470675
19,2.0,closed,mi_class,8,-0.003234438363930215,0.023028437250585135,0.470675
19,2.0,closed,mi_class,9,-0.027309057320497543,-0.40771391287571535,0.470675
19,2.0,closed,mi_class,10,-0.007683518113041842,-0.01434310090647759,0.470675
19,2.0,closed,mi_class,11,-0.12038286117990615,0.7458543406871836,0.470675
19,2.0,closed,mi_class,12,-0.034091207507034094,0.8319865143982745,0.470675
19,2.0,closed,mi_class,13,0.34941537286762636,-0.7273733569866108,0.470675
19,2.0,closed,mi_class,14,-0.006228342680514144,-0.0018575612538469014,0.470675
19,2.0,closed,mi_class,15,0.000980877792222127,-0.003393153902111944,0.470675
19,2.0,closed,mi_class,16,-0.00564697916728097,-0.033604655814884275,0.470675
19,2.0,closed,mi_class,17,0.2094794997372666,-0.49853327576877654,0.470675
19,2.0,closed,mi_class,18,0.06725148105427226,-0.6929505076559722,0.470675
19,2.0,closed,mi_class,19,-0.005169140706667408,-0.02344913790796692,0.470675
19,2.0,closed,mi_class,20,-0.017460992382707534,0.0038709108717267992,0.470675
19,2.0,closed,mi_class,21,-0.08539190932467566,0.8936595273216911,0.470675
19,2.0,closed,mi_class,22,0.3565148308067319,-0.5397046307093023,0.470675
19,2.0,closed,mi_class,23,-0.003610996108896777,0.005572245763867289,0.470675
19,2.0,closed,mi_class,24,-0.00680770462741277,0.005357533911815071,0.470675
19,2.0,closed,mi_class,25,0.06616734752781359,-0.23786032805368484,0.470675
19,2.0,closed,mi_class,26,0.4456807352562058,-0.7872008793186006,0.470675
19,2.0,closed,mi_class,27,0.08683735485333954,-0.7435966876743603,0.470675
19,2.0,closed,mi_class,28,0.019705082950072172,-0.19631896828416232,0.470675
19,2.0,closed,mi_class,29,0.003915337028629343,-0.005934408972785125,0.470675
19,2.0,closed,mi_class,30,0.23169247065919968,-0.6034239794764166,0.470675
19,2.0,closed,mi_class,31,0.00043666130444058957,0.004949794584909508,0.470675
19,2.0,closed,mi_class,32,-0.0052914942118645805,0.004174455156687484,0.470675
19,2.0,closed,mi_class,33,0.039162332748527456,-0.2615199042458965,0.470675
19,2.0,closed,mi_class,34,0.22425681724026703,-0.7354654111492968,0.470675
19,2.0,closed,mi_class,35,-0.010915222172730443,-0.8281115661260843,0.470675
19,2.0,closed,mi_class,36,-0.025399462577122778,-0.2147471015683276,0.470675
19,2.0,closed,mi_class,37,0.0005766214257504343,-0.005437068008821177,0.470675
19,2.0,closed,mi_class,38,-0.02863915097287212,0.39028408733823616,0.470675
19,2.0,closed,mi_class,39,0.03594469432995773,0.1871665434332642,0.470675
19,2.0,closed,mi_class,40,0.07029121259717985,-0.39456911361053365,0.470675
19,2.0,closed,mi_class,41,0.09096203953735632,0.15278309669029955,0.470675
19,2.0,closed,mi_class,42,-0.12555072463351563,0.5564659923062504,0.470675
19,2.0,closed,mi_class,43,0.042104350925920575,-0.33401805384392963,0.470675
19,2.0,closed,mi_class,44,0.011462864706345388,-0.2916977956953529,0.470675
19,2.0,closed,mi_class,45,-0.020598563971843564,0.8210041078224859,0.470675
19,2.0,closed,mi_class,46,0.10997469017990685,-0.5271526215182799,0.470675
19,2.0,closed,mi_class,47,0.01754021469084375,-0.07328629140658353,0.470675
19,2.0,closed,mi_class,48,-0.038271469702340216,0.2313782477164304,0.470675
19,2.0,closed,mi_class,49,0.10102177532787882,-0.4386867458799915,0.470675
19,2.0,closed,mi_class,50,0.20698103818177394,-0.8704896123062381,0.470675
19,2.0,closed,mi_class,51,0.09081744926027141,-0.4175828293125672,0.470675
19,2.0,closed,mi_class,52,0.06385606023294166,0.05437789136060632,0.470675
19,2.0,closed,mi_class,53,-0.03642637718619007,0.2867817713328479,0.470675
19,2.0,closed,mi_class,54,0.07092221091435102,-0.34445296283680754,0.470675
19,2.0,closed,mi_class,55,0.18936909335912033,-0.840023150770253,0.470675
19,2.0,closed,mi_class,56,-0.17414211226236465,0.6546632430270313,0.470675
19,2.0,closed,mi_class,57,0.0030099603194383984,0.09471359194904333,0.470675
19,2.0,closed,mi_class,58,-0.08840529198089175,0.8379348251968388,0.470675
19,2.0,closed,mi_class,59,-0.043281230590262953,0.45409477129547926,0.470675
19,2.0,closed,mi_class,60,-0.15117905620431799,0.6262060385748884,0.470675
19,2.0,closed,mi_class,61,-0.18067818524488644,0.5491945352942224,0.470675
19,2.0,closed,mi_class,62,-0.003074525086287812,0.020916404258889305,0.470675
19,2.0,closed,mi_class,63,0.010607960234818054,0.07967703334476472,0.470675
19,2.0,closed,mi_class,64,-0.0008973215709768001,-0.23971803459155888,0.470675
19,2.0,closed,mi_class,65,0.020722976570810903,0.3762478188863498,0.470675
19,2.0,closed,mi_site,0,-0.018728601769217965,-0.021385976574792347,0.470675
19,2.0,closed,mi_site,1,-0.003305063351694078,-0.005848221124694444,0.470675
19,2.0,closed,mi_site,2,-0.01959705982413737,-0.016295431873008033,0.470675
19,2.0,closed,mi_site,3,-0.016971450074654993,0.011473060168941238,0.470675
19,2.0,closed,mi_site,4,3.160816737698101e-05,0.014923665852712455,0.470675
19,2.0,closed,mi_site,5,0.02185127615667456,0.026722667381268526,0.470675
19,2.0,closed,mi_site,6,-0.05032709448864792,-0.4846851886077814,0.470675
19,2.0,closed,mi_site,7,-0.0030894458827843696,-0.29735008454831907,0.470675
19,2.0,closed,mi_site,8,0.008965502074855428,0.023028437250585135,0.470675
19,2.0,closed,mi_site,9,-0.04444944652070626,-0.40771391287571535,0.470675
19,2.0,closed,mi_site,10,-0.007912885210845945,-0.01434310090647759,0.470675
19,2.0,closed,mi_site,11,0.013632052470524791,0.7458543406871836,0.470675
19,2.0,closed,mi_site,12,0.04015002825879954,0.8319865143982745,0.470675
19,2.0,closed,mi_site,13,-0.06616222902521363,-0.7273733569866108,0.470675
19,2.0,closed,mi_site,14,0.0019320782318433664,-0.0018575612538469014,0.470675
19,2.0,closed,mi_site,15,-0.011118787947372642,-0.003393153902111944,0.470675
19,2.0,closed,mi_site,16,0.017819738829684892,-0.033604655814884275,0.470675
19,2.0,closed,mi_site,17,-0.042102551624355,-0.49853327576877654,0.470675
19,2.0,closed,mi_site,18,-0.035565517622941245,-0.6929505076559722,0.470675
19,2.0,closed,mi_site,19,0.009074933167613332,-0.02344913790796692,0.470675
19,2.0,closed,mi_site,20,3.909645319561273e-05,0.0038709108717267992,0.470675
19,2.0,closed,mi_site,21,0.014528984831960745,0.8936595273216911,0.470675
19,2.0,closed,mi_site,22,-0.08215065263014754,-0.5397046307093023,0.470675
19,2.0,closed,mi_site,23,0.005869462521321492,0.005572245763867289,0.470675
19,2.0,closed,mi_site,24,0.023097535823491666,0.005357533911815071,0.470675
19,2.0,closed,mi_site,25,0.04406911748564829,-0.23786032805368484,0.470675
19,2.0,closed,mi_site,26,-0.021916409153399652,-0.7872008793186006,0.470675
19,2.0,closed,mi_site,27,-0.02575775763999333,-0.7435966876743603,0.470675
19,2.0,closed,mi_site,28,-0.00942468121736209,-0.19631896828416232,0.470675
19,2.0,closed,mi_site,29,-0.01156919341478289,-0.005934408972785125,0.470675
19,2.0,closed,mi_site,30,-0.09934443633173717,-0.6034239794764166,0.470675
19,2.0,closed,mi_site,31,-0.0019872832742009613,0.004949794584909508,0.470675
19,2.0,closed,mi_site,32,0.0012118483113946017,0.004174455156687484,0.470675
19,2.0,closed,mi_site,33,0.03488745132121823,-0.2615199042458965,0.470675
19,2.0,closed,mi_site,34,-0.027679130355575232,-0.7354654111492968,0.470675
19,2.0,closed,mi_site,35,-0.03148057611050592,-0.8281115661260843,0.470675
19,2.0,closed,mi_site,36,-0.010903684411256609,-0.2147471015683276,0.470675
19,2.0,closed,mi_site,37,-0.003362453741860249,-0.005437068008821177,0.470675
19,2.0,closed,mi_site,38,-0.0564808611189036,0.39028408733823616,0.470675
19,2.0,closed,mi_site,39,-0.013872186218830684,0.1871665434332642,0.470675
19,2.0,closed,mi_site,40,0.06462372069340111,-0.39456911361053365,0.470675
19,2.0,closed,mi_site,41,0.12421519882007925,0.15278309669029955,0.470675
19,2.0,closed,mi_site,42,0.06702724143103855,0.5564659923062504,0.470675
19,2.0,closed,mi_site,43,0.03952196028467325,-0.33401805384392963,0.470675
19,2.0,closed,mi_site,44,0.052834214910856325,-0.2916977956953529,0.470675
19,2.0,closed,mi_site,45,0.0407493076994393,0.8210041078224859,0.470675
19,2.0,closed,mi_site,46,0.01733242177915506,-0.5271526215182799,0.470675
19,2.0,closed,mi_site,47,0.04243086382060369,-0.07328629140658353,0.470675
19,2.0,closed,mi_site,48,0.034809771726259486,0.2313782477164304,0.470675
19,2.0,closed,mi_site,49,-0.014330147952220373,-0.4386867458799915,0.470675
19,2.0,closed,mi_site,50,-0.035416514900317386,-0.8704896123062381,0.470675
19,2.0,closed,mi_site,51,-0.0103565536925887,-0.4175828293125672,0.470675
19,2.0,closed,mi_site,52,0.007495064784595329,0.05437789136060632,0.470675
19,2.0,closed,mi_site,53,0.04579303057232936,0.2867817713328479,0.470675
19,2.0,closed,mi_site,54,-0.046201313876038264,-0.34445296283680754,0.470675
19,2.0,closed,mi_site,55,-0.03807543617547804,-0.840023150770253,0.470675
19,2.0,closed,mi_site,56,-0.04758982879903462,0.6546632430270313,0.470675
19,2.0,closed,mi_site,57,-0.010359458668839056,0.09471359194904333,0.470675
19,2.0,closed,mi_site,58,0.029313426915188123,0.8379348251968388,0.470675
19,2.0,closed,mi_site,59,-0.019459705471501165,0.45409477129547926,0.470675
19,2.0,closed,mi_site,60,0.06720322427216574,0.6262060385748884,0.470675
19,2.0,closed,mi_site,61,0.008626893474762087,0.5491945352942224,0.470675
19,2.0,closed,mi_site,62,-0.03887507021668765,0.020916404258889305,0.470675
19,2.0,closed,mi_site,63,0.00705153508679629,0.07967703334476472,0.470675
19,2.0,closed,mi_site,64,-0.016519802473831002,-0.23971803459155888,0.470675
19,2.0,closed,mi_site,65,0.021362490682042268,0.3762478188863498,0.470675
