rep,gamma,alignment,estimator,pair,signed_err,truth,miss_rate
13,0.0,aligned,available,0,0.0014874138254050914,-0.014332621884368695,0.4705708333333333
13,0.0,aligned,available,1,0.018329832377548257,0.006380327331387669,0.4705708333333333
13,0.0,aligned,available,2,0.013565509267399993,-0.009430045937464535,0.4705708333333333
13,0.0,aligned,available,3,0.005110416327521258,0.007124393798149114,0.4705708333333333
13,0.0,aligned,available,4,0.00013159719493992077,0.007011910688516824,0.4705708333333333
13,0.0,aligned,available,5,0.004081026026569346,0.007272492113108867,0.4705708333333333
13,0.0,aligned,available,6,0.003220758694605926,-0.0035816795787312217,0.4705708333333333
13,0.0,aligned,available,7,-0.004937860418852006,-0.009066529384826879,0.4705708333333333
13,0.0,aligned,available,8,0.014173654028557654,-0.004924433602132269,0.4705708333333333
13,0.0,aligned,available,9,0.013628674017335857,0.0005013225300274157,0.4705708333333333
13,0.0,aligned,available,10,-0.002435847562268889,0.4511063566012391,0.4705708333333333
13,0.0,aligned,available,11,-0.016855897255020347,-0.44508762068788466,0.4705708333333333
13,0.0,aligned,available,12,-0.001311659994953307,0.7365495094542716,0.4705708333333333
13,0.0,aligned,available,13,-0.003110759490926318,-0.6477870051241992,0.4705708333333333
13,0.0,aligned,available,14,-0.0012490923630434914,-0.6244325518315168,0.4705708333333333
13,0.0,aligned,available,15,-0.001594745484972071,-0.59394868617774,0.4705708333333333
13,0.0,aligned,available,16,0.0056794758383802435,0.3463469004089564,0.4705708333333333
13,0.0,aligned,available,17,0.0029749793412153034,-0.005083661116430101,0.4705708333333333
13,0.0,aligned,available,18,0.005078978405671397,0.5075556509455954,0.4705708333333333
13,0.0,aligned,available,19,0.004608340821233292,0.42601805500143625,0.4705708333333333
13,0.0,aligned,available,20,-0.0030667521942603915,-0.35210914157620454,0.4705708333333333
13,0.0,aligned,available,21,0.003839513679112505,-0.6028894991270898,0.4705708333333333
13,0.0,aligned,available,22,0.007962742829720815,0.3037908864312078,0.4705708333333333
13,0.0,aligned,available,23,0.00536580856791552,0.3954174939538605,0.4705708333333333
13,0.0,aligned,available,24,0.020515655449233255,0.17766299981229178,0.4705708333333333
13,0.0,aligned,available,25,-0.03002936062763009,0.27678218773707153,0.4705708333333333
13,0.0,aligned,available,26,0.0026546265234368544,-0.005254498274595009,0.4705708333333333
13,0.0,aligned,available,27,0.0015334075606654347,-0.009745556364942835,0.4705708333333333
13,0.0,aligned,available,28,-0.004731644269626356,-0.2628885586653252,0.4705708333333333
13,0.0,aligned,available,29,0.010595560198982964,0.011268989505118886,0.4705708333333333
13,0.0,aligned,available,30,0.0051539063939445295,-0.8800484555198255,0.4705708333333333
13,0.0,aligned,available,31,-0.004370754429426471,-0.8468789384490693,0.4705708333333333
13,0.0,aligned,available,32,0.0011988467526835578,-0.7596785742163056,0.4705708333333333
13,0.0,aligned,available,33,-0.003975295137284562,0.46602608595575745,0.4705708333333333
13,0.0,aligned,available,34,3.1511162434997436e-05,0.004786813436932573,0.4705708333333333
13,0.0,aligned,available,35,-0.004223359820673441,0.00456134214000315,0.4705708333333333
13,0.0,aligned,available,36,-0.0027902025402369857,0.5729730779464802,0.4705708333333333
13,0.0,aligned,available,37,0.002011721696311584,-0.011771818669447685,0.4705708333333333
13,0.0,aligned,available,38,0.0012744785366725075,0.8104611500359123,0.4705708333333333
13,0.0,aligned,available,39,-0.0010268470424287246,0.8800901491645946,0.4705708333333333
13,0.0,aligned,available,40,-0.00429127797702944,-0.729122960062008,0.4705708333333333
13,0.0,aligned,available,41,-0.0013963848199076466,-0.004577920335266701,0.4705708333333333
13,0.0,aligned,available,42,0.013713018456473202,-0.002665932061837565,0.4705708333333333
13,0.0,aligned,available,43,-0.0065333420864730485,-0.5474701315541006,0.4705708333333333
13,0.0,aligned,available,44,0.017641813446843724,0.008725399776125561,0.4705708333333333
13,0.0,aligned,available,45,-0.00047252908172257246,0.6481862539908687,0.4705708333333333
13,0.0,aligned,available,46,-0.007768244266575741,-0.556744134452503,0.4705708333333333
13,0.0,aligned,available,47,0.0005321521493374039,-0.001804621965643188,0.4705708333333333
13,0.0,aligned,available,48,-0.00659399164395405,-0.00285204396310146,0.4705708333333333
13,0.0,aligned,available,49,-0.007134376837384049,-0.678654587173255,0.4705708333333333
13,0.0,aligned,available,50,0.021378113130089242,0.009378987962134112,0.4705708333333333
13,0.0,aligned,available,51,-0.0023769651214416987,-0.7466979094364354,0.4705708333333333
13,0.0,aligned,available,52,0.0005178185881809195,-0.0032265808716592827,0.4705708333333333
13,0.0,aligned,available,53,0.011212084179205106,0.13478882803689024,0.4705708333333333
13,0.0,aligned,available,54,-0.011351470094299265,-0.4380364382708172,0.4705708333333333
13,0.0,aligned,available,55,0.0025071000688169365,-0.08077074365928777,0.4705708333333333
13,0.0,aligned,available,56,-0.0010424171294416275,0.0012035290178899435,0.4705708333333333
13,0.0,aligned,available,57,-0.008649994974224808,-0.0004103952991230494,0.4705708333333333
13,0.0,aligned,available,58,0.012355816526757601,0.3786597163868591,0.4705708333333333
13,0.0,aligned,available,59,-0.002574575515440927,-0.005076006153477637,0.4705708333333333
13,0.0,aligned,available,60,0.01908174429404785,-0.007707800206757768,0.4705708333333333
13,0.0,aligned,available,61,0.009646018156294012,-0.4741077717271752,0.4705708333333333
13,0.0,aligned,available,62,0.0004388020430400874,0.3588481184098825,0.4705708333333333
13,0.0,aligned,available,63,-0.0050217813389995345,0.0008636011577042371,0.4705708333333333
13,0.0,aligned,available,64,0.004745782807415111,-0.6720495863400939,0.4705708333333333
13,0.0,aligned,available,65,-0.0017009740265992446,-0.17495530949923088,0.4705708333333333
13,0.0,aligned,mi_obs,0,-0.007031434970781644,-0.014332621884368695,0.4705708333333333
13,0.0,aligned,mi_obs,1,0.05250024762001804,0.006380327331387669,0.4705708333333333
13,0.0,aligned,mi_obs,2,0.007510768143876984,-0.009430045937464535,0.4705708333333333
13,0.0,aligned,mi_obs,3,0.00430868464913144,0.007124393798149114,0.4705708333333333
13,0.0,aligned,mi_obs,4,0.018911118272933933,0.007011910688516824,0.4705708333333333
13,0.0,aligned,mi_obs,5,0.0019329650869834023,0.007272492113108867,0.4705708333333333
13,0.0,aligned,mi_obs,6,0.0009452144799555898,-0.0035816795787312217,0.4705708333333333
13,0.0,aligned,mi_obs,7,-0.04727275834441344,-0.009066529384826879,0.4705708333333333
13,0.0,aligned,mi_obs,8,0.024738866305788726,-0.004924433602132269,0.4705708333333333
13,0.0,aligned,mi_obs,9,0.008794482668261137,0.0005013225300274157,0.4705708333333333
13,0.0,aligned,mi_obs,10,0.012331723518271387,0.4511063566012391,0.4705708333333333
13,0.0,aligned,mi_obs,11,-0.070371393993653,-0.44508762068788466,0.4705708333333333
13,0.0,aligned,mi_obs,12,0.04426167507014722,0.7365495094542716,0.4705708333333333
13,0.0,aligned,mi_obs,13,0.016143551952951918,-0.6477870051241992,0.4705708333333333
13,0.0,aligned,mi_obs,14,-0.013595337666463259,-0.6244325518315168,0.4705708333333333
13,0.0,aligned,mi_obs,15,0.037315913661811084,-0.59394868617774,0.4705708333333333
13,0.0,aligned,mi_obs,16,-0.12029045876386321,0.3463469004089564,0.4705708333333333
13,0.0,aligned,mi_obs,17,-0.03251558334382039,-0.005083661116430101,0.4705708333333333
13,0.0,aligned,mi_obs,18,0.02339071943290827,0.5075556509455954,0.4705708333333333
13,0.0,aligned,mi_obs,19,0.021241035316317547,0.42601805500143625,0.4705708333333333
13,0.0,aligned,mi_obs,20,-0.025026699448342404,-0.35210914157620454,0.4705708333333333
13,0.0,aligned,mi_obs,21,-0.07855607279412369,-0.6028894991270898,0.4705708333333333
13,0.0,aligned,mi_obs,22,0.023748583774428733,0.3037908864312078,0.4705708333333333
13,0.0,aligned,mi_obs,23,0.05310659040962046,0.3954174939538605,0.4705708333333333
13,0.0,aligned,mi_obs,24,0.011166249563346636,0.17766299981229178,0.4705708333333333
13,0.0,aligned,mi_obs,25,0.13264704824385287,0.27678218773707153,0.4705708333333333
13,0.0,aligned,mi_obs,26,-0.007986497438255882,-0.005254498274595009,0.4705708333333333
13,0.0,aligned,mi_obs,27,-0.015412740633243445,-0.009745556364942835,0.4705708333333333
13,0.0,aligned,mi_obs,28,-0.05546887392557559,-0.2628885586653252,0.4705708333333333
13,0.0,aligned,mi_obs,29,0.007086629849425893,0.011268989505118886,0.4705708333333333
13,0.0,aligned,mi_obs,30,0.008781481875483887,-0.8800484555198255,0.4705708333333333
13,0.0,aligned,mi_obs,31,-0.03542636992375847,-0.8468789384490693,0.4705708333333333
13,0.0,aligned,mi_obs,32,0.0472438025164057,-0.7596785742163056,0.4705708333333333
13,0.0,aligned,mi_obs,33,-0.15746818087716208,0.46602608595575745,0.4705708333333333
13,0.0,aligned,mi_obs,34,-0.04431019173822427,0.004786813436932573,0.4705708333333333
13,0.0,aligned,mi_obs,35,0.03140689085239136,0.00456134214000315,0.4705708333333333
13,0.0,aligned,mi_obs,36,0.028900386450565474,0.5729730779464802,0.4705708333333333
13,0.0,aligned,mi_obs,37,-0.01190553678523057,-0.011771818669447685,0.4705708333333333
13,0.0,aligned,mi_obs,38,0.008214605821804777,0.8104611500359123,0.4705708333333333
13,0.0,aligned,mi_obs,39,-0.02059450623184933,0.8800901491645946,0.4705708333333333
13,0.0,aligned,mi_obs,40,0.06610493994529743,-0.729122960062008,0.4705708333333333
13,0.0,aligned,mi_obs,41,0.021352388115690957,-0.004577920335266701,0.4705708333333333
13,0.0,aligned,mi_obs,42,-0.027565846704571892,-0.002665932061837565,0.4705708333333333
13,0.0,aligned,mi_obs,43,0.008829453232769846,-0.5474701315541006,0.4705708333333333
13,0.0,aligned,mi_obs,44,0.01962132997801781,0.008725399776125561,0.4705708333333333
13,0.0,aligned,mi_obs,45,-0.034714833064941386,0.6481862539908687,0.4705708333333333
13,0.0,aligned,mi_obs,46,0.08753937337511075,-0.556744134452503,0.4705708333333333
13,0.0,aligned,mi_obs,47,0.06983850241802267,-0.001804621965643188,0.4705708333333333
13,0.0,aligned,mi_obs,48,-0.032669784543748824,-0.00285204396310146,0.4705708333333333
13,0.0,aligned,mi_obs,49,-0.06048512301075948,-0.678654587173255,0.4705708333333333
13,0.0,aligned,mi_obs,50,0.02045784774363435,0.009378987962134112,0.4705708333333333
13,0.0,aligned,mi_obs,51,0.07474492440940927,-0.7466979094364354,0.4705708333333333
13,0.0,aligned,mi_obs,52,0.012046674664357913,-0.0032265808716592827,0.4705708333333333
13,0.0,aligned,mi_obs,53,0.015139667777170712,0.13478882803689024,0.4705708333333333
13,0.0,aligned,mi_obs,54,0.04253781827763303,-0.4380364382708172,0.4705708333333333
13,0.0,aligned,mi_obs,55,-0.012606818962775837,-0.08077074365928777,0.4705708333333333
13,0.0,aligned,mi_obs,56,-0.020572922433944187,0.0012035290178899435,0.4705708333333333
13,0.0,aligned,mi_obs,57,0.03437784086766789,-0.0004103952991230494,0.4705708333333333
13,0.0,aligned,mi_obs,58,-0.06095147592855421,0.3786597163868591,0.4705708333333333
13,0.0,aligned,mi_obs,59,-0.01872107308048302,-0.005076006153477637,0.4705708333333333
13,0.0,aligned,mi_obs,60,0.0354889226411594,-0.007707800206757768,0.4705708333333333
13,0.0,aligned,mi_obs,61,-0.09506341541381125,-0.4741077717271752,0.4705708333333333
13,0.0,aligned,mi_obs,62,0.029599912326751077,0.3588481184098825,0.4705708333333333
13,0.0,aligned,mi_obs,63,-0.0026643410272187687,0.0008636011577042371,0.4705708333333333
13,0.0,aligned,mi_obs,64,-0.03911218221263635,-0.6720495863400939,0.4705708333333333
13,0.0,aligned,mi_obs,65,-0.008950901917581938,-0.17495530949923088,0.4705708333333333
13,0.0,aligned,mi_class,0,0.02903623020460816,-0.014332621884368695,0.4705708333333333
13,0.0,aligned,mi_class,1,0.0357059293662569,0.006380327331387669,0.4705708333333333
13,0.0,aligned,mi_class,2,0.0020444578243686527,-0.009430045937464535,0.4705708333333333
13,0.0,aligned,mi_class,3,0.005744365638650011,0.007124393798149114,0.4705708333333333
13,0.0,aligned,mi_class,4,0.008819396268009063,0.007011910688516824,0.4705708333333333
13,0.0,aligned,mi_class,5,0.007760862696129464,0.007272492113108867,0.4705708333333333
13,0.0,aligned,mi_class,6,0.005400052397996471,-0.0035816795787312217,0.4705708333333333
13,0.0,aligned,mi_class,7,0.01087054905921116,-0.009066529384826879,0.4705708333333333
13,0.0,aligned,mi_class,8,0.024094855482242463,-0.004924433602132269,0.4705708333333333
13,0.0,aligned,mi_class,9,0.0006074528347183092,0.0005013225300274157,0.4705708333333333
13,0.0,aligned,mi_class,10,0.003082430489238286,0.4511063566012391,0.4705708333333333
13,0.0,aligned,mi_class,11,0.2236637468753154,-0.44508762068788466,0.4705708333333333
13,0.0,aligned,mi_class,12,-0.3115129971055191,0.7365495094542716,0.4705708333333333
13,0.0,aligned,mi_class,13,0.21626968911999156,-0.6477870051241992,0.4705708333333333
13,0.0,aligned,mi_class,14,0.20967898836929522,-0.6244325518315168,0.4705708333333333
13,0.0,aligned,mi_class,15,0.20229781305864686,-0.59394868617774,0.4705708333333333
13,0.0,aligned,mi_class,16,-0.1805656490218397,0.3463469004089564,0.4705708333333333
13,0.0,aligned,mi_class,17,-0.006023071092314558,-0.005083661116430101,0.4705708333333333
13,0.0,aligned,mi_class,18,-0.05451167818283026,0.5075556509455954,0.4705708333333333
13,0.0,aligned,mi_class,19,-0.003003302041295175,0.42601805500143625,0.4705708333333333
13,0.0,aligned,mi_class,20,0.04565240643634266,-0.35210914157620454,0.4705708333333333
13,0.0,aligned,mi_class,21,-0.152991671484072,-0.6028894991270898,0.4705708333333333
13,0.0,aligned,mi_class,22,-0.1779846634057191,0.3037908864312078,0.4705708333333333
13,0.0,aligned,mi_class,23,-0.22763226842207016,0.3954174939538605,0.4705708333333333
13,0.0,aligned,mi_class,24,-0.10254922904473075,0.17766299981229178,0.4705708333333333
13,0.0,aligned,mi_class,25,-0.1196721960798223,0.27678218773707153,0.4705708333333333
13,0.0,aligned,mi_class,26,0.00733118572721712,-0.005254498274595009,0.4705708333333333
13,0.0,aligned,mi_class,27,0.011321286024483153,-0.009745556364942835,0.4705708333333333
13,0.0,aligned,mi_class,28,0.22628419557588586,-0.2628885586653252,0.4705708333333333
13,0.0,aligned,mi_class,29,-0.14414651869698236,0.011268989505118886,0.4705708333333333
13,0.0,aligned,mi_class,30,0.35785750322121745,-0.8800484555198255,0.4705708333333333
13,0.0,aligned,mi_class,31,0.3431799319693798,-0.8468789384490693,0.4705708333333333
13,0.0,aligned,mi_class,32,0.31090235369667846,-0.7596785742163056,0.4705708333333333
13,0.0,aligned,mi_class,33,-0.25069137785652607,0.46602608595575745,0.4705708333333333
13,0.0,aligned,mi_class,34,-0.005067883708461672,0.004786813436932573,0.4705708333333333
13,0.0,aligned,mi_class,35,0.0021381635709900836,0.00456134214000315,0.4705708333333333
13,0.0,aligned,mi_class,36,-0.2848951190652577,0.5729730779464802,0.4705708333333333
13,0.0,aligned,mi_class,37,0.15224420209369488,-0.011771818669447685,0.4705708333333333
13,0.0,aligned,mi_class,38,0.008360381519510351,0.8104611500359123,0.4705708333333333
13,0.0,aligned,mi_class,39,0.0014247682153505359,0.8800901491645946,0.4705708333333333
13,0.0,aligned,mi_class,40,0.1216836949608967,-0.729122960062008,0.4705708333333333
13,0.0,aligned,mi_class,41,0.009325476547804594,-0.004577920335266701,0.4705708333333333
13,0.0,aligned,mi_class,42,-0.0033085275328849097,-0.002665932061837565,0.4705708333333333
13,0.0,aligned,mi_class,43,0.1169360962081426,-0.5474701315541006,0.4705708333333333
13,0.0,aligned,mi_class,44,0.008722562693821934,0.008725399776125561,0.4705708333333333
13,0.0,aligned,mi_class,45,0.00012351363963536421,0.6481862539908687,0.4705708333333333
13,0.0,aligned,mi_class,46,0.09080818507621952,-0.556744134452503,0.4705708333333333
13,0.0,aligned,mi_class,47,0.005858810633851882,-0.001804621965643188,0.4705708333333333
13,0.0,aligned,mi_class,48,-0.006071526953032634,-0.00285204396310146,0.4705708333333333
13,0.0,aligned,mi_class,49,0.14079076243582678,-0.678654587173255,0.4705708333333333
13,0.0,aligned,mi_class,50,0.0086927224405786,0.009378987962134112,0.4705708333333333
13,0.0,aligned,mi_class,51,0.13061366832684118,-0.7466979094364354,0.4705708333333333
13,0.0,aligned,mi_class,52,0.011277316280684643,-0.0032265808716592827,0.4705708333333333
13,0.0,aligned,mi_class,53,-0.022227536609504897,0.13478882803689024,0.4705708333333333
13,0.0,aligned,mi_class,54,0.09120646061714394,-0.4380364382708172,0.4705708333333333
13,0.0,aligned,mi_class,55,0.021302936828570977,-0.08077074365928777,0.4705708333333333
13,0.0,aligned,mi_class,56,-0.009464017791911692,0.0012035290178899435,0.4705708333333333
13,0.0,aligned,mi_class,57,-0.10769281891105455,-0.0004103952991230494,0.4705708333333333
13,0.0,aligned,mi_class,58,-0.09898425200196287,0.3786597163868591,0.4705708333333333
13,0.0,aligned,mi_class,59,0.0946197796193768,-0.005076006153477637,0.4705708333333333
13,0.0,aligned,mi_class,60,-0.0018288302389171032,-0.007707800206757768,0.4705708333333333
13,0.0,aligned,mi_class,61,0.11143188071851129,-0.4741077717271752,0.4705708333333333
13,0.0,aligned,mi_class,62,-0.08543217747086451,0.3588481184098825,0.4705708333333333
13,0.0,aligned,mi_class,63,-0.005954074073764179,0.0008636011577042371,0.4705708333333333
13,0.0,aligned,mi_class,64,0.028716908081590553,-0.6720495863400939,0.4705708333333333
13,0.0,aligned,mi_class,65,-0.01585340434692667,-0.17495530949923088,0.4705708333333333
13,0.0,aligned,mi_site,0,-0.0036445513826089283,-0.014332621884368695,0.4705708333333333
13,0.0,aligned,mi_site,1,0.03586711043199545,0.006380327331387669,0.4705708333333333
13,0.0,aligned,mi_site,2,0.005242656597258453,-0.009430045937464535,0.4705708333333333
13,0.0,aligned,mi_site,3,0.0014739898742637241,0.007124393798149114,0.4705708333333333
13,0.0,aligned,mi_site,4,0.004655821977520294,0.007011910688516824,0.4705708333333333
13,0.0,aligned,mi_site,5,-0.0036752001973208753,0.007272492113108867,0.4705708333333333
13,0.0,aligned,mi_site,6,0.0008866952132649195,-0.0035816795787312217,0.4705708333333333
13,0.0,aligned,mi_site,7,-0.014139436356158108,-0.009066529384826879,0.4705708333333333
13,0.0,aligned,mi_site,8,0.010585236169652887,-0.004924433602132269,0.4705708333333333
13,0.0,aligned,mi_site,9,0.008233170631458325,0.0005013225300274157,0.4705708333333333
13,0.0,aligned,mi_site,10,-0.031161760848651687,0.4511063566012391,0.4705708333333333
13,0.0,aligned,mi_site,11,-0.0188454193605605,-0.44508762068788466,0.4705708333333333
13,0.0,aligned,mi_site,12,-0.11571351203358238,0.7365495094542716,0.4705708333333333
13,0.0,aligned,mi_site,13,0.05281323036321561,-0.6477870051241992,0.4705708333333333
13,0.0,aligned,mi_site,14,0.0035917972938810383,-0.6244325518315168,0.4705708333333333
13,0.0,aligned,mi_site,15,0.03380520191123115,-0.59394868617774,0.4705708333333333
13,0.0,aligned,mi_site,16,-0.07955067362403556,0.3463469004089564,0.4705708333333333
13,0.0,aligned,mi_site,17,-0.022816199814604046,-0.005083661116430101,0.4705708333333333
13,0.0,aligned,mi_site,18,-0.10918679614355736,0.5075556509455954,0.4705708333333333
13,0.0,aligned,mi_site,19,-0.058769661853236954,0.42601805500143625,0.4705708333333333
13,0.0,aligned,mi_site,20,-9.485290359367848e-05,-0.35210914157620454,0.4705708333333333
13,0.0,aligned,mi_site,21,0.004642384623833484,-0.6028894991270898,0.4705708333333333
13,0.0,aligned,mi_site,22,0.027193130647780228,0.3037908864312078,0.4705708333333333
13,0.0,aligned,mi_site,23,0.04020091601625159,0.3954174939538605,0.4705708333333333
13,0.0,aligned,mi_site,24,0.037982437416079456,0.17766299981229178,0.4705708333333333
13,0.0,aligned,mi_site,25,0.05392550523277617,0.27678218773707153,0.4705708333333333
13,0.0,aligned,mi_site,26,-0.009926677452108852,-0.005254498274595009,0.4705708333333333
13,0.0,aligned,mi_site,27,-0.01459739478524633,-0.009745556364942835,0.4705708333333333
13,0.0,aligned,mi_site,28,0.0061868656906622355,-0.2628885586653252,0.4705708333333333
13,0.0,aligned,mi_site,29,0.006742963175023172,0.011268989505118886,0.4705708333333333
13,0.0,aligned,mi_site,30,0.1178654921036687,-0.8800484555198255,0.4705708333333333
13,0.0,aligned,mi_site,31,0.11434119688828459,-0.8468789384490693,0.4705708333333333
13,0.0,aligned,mi_site,32,0.11657457529678117,-0.7596785742163056,0.4705708333333333
13,0.0,aligned,mi_site,33,-0.1525650026206981,0.46602608595575745,0.4705708333333333
13,0.0,aligned,mi_site,34,-0.03128964128300676,0.004786813436932573,0.4705708333333333
13,0.0,aligned,mi_site,35,0.018480960768606274,0.00456134214000315,0.4705708333333333
13,0.0,aligned,mi_site,36,-0.11694053868075721,0.5729730779464802,0.4705708333333333
13,0.0,aligned,mi_site,37,-0.011932995588591101,-0.011771818669447685,0.4705708333333333
13,0.0,aligned,mi_site,38,-0.026040512108364333,0.8104611500359123,0.4705708333333333
13,0.0,aligned,mi_site,39,-0.0337712344941028,0.8800901491645946,0.4705708333333333
13,0.0,aligned,mi_site,40,0.07208184162480535,-0.729122960062008,0.4705708333333333
13,0.0,aligned,mi_site,41,0.016332291085230127,-0.004577920335266701,0.4705708333333333
13,0.0,aligned,mi_site,42,-0.024615975801495847,-0.002665932061837565,0.4705708333333333
13,0.0,aligned,mi_site,43,0.10019361232513874,-0.5474701315541006,0.4705708333333333
13,0.0,aligned,mi_site,44,0.015816508497740314,0.008725399776125561,0.4705708333333333
13,0.0,aligned,mi_site,45,-0.010598232949344033,0.6481862539908687,0.4705708333333333
13,0.0,aligned,mi_site,46,0.06421702606425927,-0.556744134452503,0.4705708333333333
13,0.0,aligned,mi_site,47,0.06858525646141929,-0.001804621965643188,0.4705708333333333
13,0.0,aligned,mi_site,48,-0.026257266907417573,-0.00285204396310146,0.4705708333333333
13,0.0,aligned,mi_site,49,0.06591987537365851,-0.678654587173255,0.4705708333333333
13,0.0,aligned,mi_site,50,0.017424263132588706,0.009378987962134112,0.4705708333333333
13,0.0,aligned,mi_site,51,0.05631754400119593,-0.7466979094364354,0.4705708333333333
13,0.0,aligned,mi_site,52,0.007189543157022916,-0.0032265808716592827,0.4705708333333333
13,0.0,aligned,mi_site,53,-0.017419348425847428,0.13478882803689024,0.4705708333333333
13,0.0,aligned,mi_site,54,0.0801735286205093,-0.4380364382708172,0.4705708333333333
13,0.0,aligned,mi_site,55,-0.009782188466559621,-0.08077074365928777,0.4705708333333333
13,0.0,aligned,mi_site,56,-0.024885100358070494,0.0012035290178899435,0.4705708333333333
13,0.0,aligned,mi_site,57,0.021401433849693143,-0.0004103952991230494,0.4705708333333333
13,0.0,aligned,mi_site,58,-0.08741055839301132,0.3786597163868591,0.4705708333333333
13,0.0,aligned,mi_site,59,-0.015918900076631878,-0.005076006153477637,0.4705708333333333
13,0.0,aligned,mi_site,60,0.020655290515763078,-0.007707800206757768,0.4705708333333333
13,0.0,aligned,mi_site,61,0.002294391820519326,-0.4741077717271752,0.4705708333333333
13,0.0,aligned,mi_site,62,0.023185083827930608,0.3588481184098825,0.4705708333333333
13,0.0,aligned,mi_site,63,0.03034012345187888,0.0008636011577042371,0.4705708333333333
13,0.0,aligned,mi_site,64,0.13554919737037052,-0.6720495863400939,0.4705708333333333
13,0.0,aligned,mi_site,65,0.020676460750927467,-0.17495530949923088,0.4705708333333333
13,0.0,closed,available,0,-0.006198641239426624,-0.014332621884368695,0.4705708333333333
13,0.0,closed,available,1,0.014864630002566007,0.006380327331387669,0.4705708333333333
13,0.0,closed,available,2,0.0058284572790800885,-0.009430045937464535,0.4705708333333333
13,0.0,closed,available,3,-0.0019077353654331749,0.007124393798149114,0.4705708333333333
13,0.0,closed,available,4,0.01766254709475611,0.007011910688516824,0.4705708333333333
13,0.0,closed,available,5,0.0019373527532674248,0.007272492113108867,0.4705708333333333
13,0.0,closed,available,6,-0.004997073843849056,-0.0035816795787312217,0.4705708333333333
13,0.0,closed,available,7,0.004506495556761862,-0.009066529384826879,0.4705708333333333
13,0.0,closed,available,8,0.012935969655781514,-0.004924433602132269,0.4705708333333333
13,0.0,closed,available,9,-0.00774491830030393,0.0005013225300274157,0.4705708333333333
13,0.0,closed,available,10,0.0030419489913176,0.4511063566012391,0.4705708333333333
13,0.0,closed,available,11,0.00239999538818203,-0.44508762068788466,0.4705708333333333
13,0.0,closed,available,12,0.00624543098689323,0.7365495094542716,0.4705708333333333
13,0.0,closed,available,13,0.0018771961192440845,-0.6477870051241992,0.4705708333333333
13,0.0,closed,available,14,0.0020404549284976925,-0.6244325518315168,0.4705708333333333
13,0.0,closed,available,15,-0.0012171287514783913,-0.59394868617774,0.4705708333333333
13,0.0,closed,available,16,0.0025678446403086252,0.3463469004089564,0.4705708333333333
13,0.0,closed,available,17,0.0036485223185846022,-0.005083661116430101,0.4705708333333333
13,0.0,closed,available,18,-0.005155301450908478,0.5075556509455954,0.4705708333333333
13,0.0,closed,available,19,-0.0018216939365857665,0.42601805500143625,0.4705708333333333
13,0.0,closed,available,20,0.005784329353215323,-0.35210914157620454,0.4705708333333333
13,0.0,closed,available,21,-0.005792859466422162,-0.6028894991270898,0.4705708333333333
13,0.0,closed,available,22,0.012967917094029446,0.3037908864312078,0.4705708333333333
13,0.0,closed,available,23,-0.0037464497730226864,0.3954174939538605,0.4705708333333333
13,0.0,closed,available,24,0.015988790038252015,0.17766299981229178,0.4705708333333333
13,0.0,closed,available,25,-0.01187342466883723,0.27678218773707153,0.4705708333333333
13,0.0,closed,available,26,0.016672568934014392,-0.005254498274595009,0.4705708333333333
13,0.0,closed,available,27,-0.012658147889259352,-0.009745556364942835,0.4705708333333333
13,0.0,closed,available,28,0.022500588280307487,-0.2628885586653252,0.4705708333333333
13,0.0,closed,available,29,0.009386930997184193,0.011268989505118886,0.4705708333333333
13,0.0,closed,available,30,0.0037587476739695536,-0.8800484555198255,0.4705708333333333
13,0.0,closed,available,31,-0.003138959244101347,-0.8468789384490693,0.4705708333333333
13,0.0,closed,available,32,-0.005867812265869965,-0.7596785742163056,0.4705708333333333
13,0.0,closed,available,33,0.014183350526080718,0.46602608595575745,0.4705708333333333
13,0.0,closed,available,34,0.0046052340943151335,0.004786813436932573,0.4705708333333333
13,0.0,closed,available,35,-0.0009437581319571161,0.00456134214000315,0.4705708333333333
13,0.0,closed,available,36,0.006973481621730948,0.5729730779464802,0.4705708333333333
13,0.0,closed,available,37,0.01223845960178373,-0.011771818669447685,0.4705708333333333
13,0.0,closed,available,38,-0.00023544248541218504,0.8104611500359123,0.4705708333333333
13,0.0,closed,available,39,0.0002393053704148329,0.8800901491645946,0.4705708333333333
13,0.0,closed,available,40,-0.00027990701147684316,-0.729122960062008,0.4705708333333333
13,0.0,closed,available,41,-0.010366248759979262,-0.004577920335266701,0.4705708333333333
13,0.0,closed,available,42,-0.007981868320450345,-0.002665932061837565,0.4705708333333333
13,0.0,closed,available,43,-0.0009538287336003926,-0.5474701315541006,0.4705708333333333
13,0.0,closed,available,44,-0.01014554882450423,0.008725399776125561,0.4705708333333333
13,0.0,closed,available,45,0.004067171776767742,0.6481862539908687,0.4705708333333333
13,0.0,closed,available,46,-0.0017243031834257572,-0.556744134452503,0.4705708333333333
13,0.0,closed,available,47,-0.0033075899301203172,-0.001804621965643188,0.4705708333333333
13,0.0,closed,available,48,-0.010466665266853643,-0.00285204396310146,0.4705708333333333
13,0.0,closed,available,49,-0.005957517755067809,-0.678654587173255,0.4705708333333333
13,0.0,closed,available,50,-0.0057693585624041515,0.009378987962134112,0.4705708333333333
13,0.0,closed,available,51,0.0010205084285236365,-0.7466979094364354,0.4705708333333333
13,0.0,closed,available,52,-0.00030945726278010753,-0.0032265808716592827,0.4705708333333333
13,0.0,closed,available,53,-0.012925748726606082,0.13478882803689024,0.4705708333333333
13,0.0,closed,available,54,-0.012258645435083815,-0.4380364382708172,0.4705708333333333
13,0.0,closed,available,55,-0.0025425839416157725,-0.08077074365928777,0.4705708333333333
13,0.0,closed,available,56,0.006439668696995133,0.0012035290178899435,0.4705708333333333
13,0.0,closed,available,57,0.0006939551822966669,-0.0004103952991230494,0.4705708333333333
13,0.0,closed,available,58,0.0027381573970203243,0.3786597163868591,0.4705708333333333
13,0.0,closed,available,59,0.009597498481711477,-0.005076006153477637,0.4705708333333333
13,0.0,closed,available,60,0.03611165901508685,-0.007707800206757768,0.4705708333333333
13,0.0,closed,available,61,0.024123848092169442,-0.4741077717271752,0.4705708333333333
13,0.0,closed,available,62,-9.728818367948922e-05,0.3588481184098825,0.4705708333333333
13,0.0,closed,available,63,-0.004261328815140353,0.0008636011577042371,0.4705708333333333
13,0.0,closed,available,64,0.011226408095171059,-0.6720495863400939,0.4705708333333333
13,0.0,closed,available,65,0.009100977799656795,-0.17495530949923088,0.4705708333333333
13,0.0,closed,mi_obs,0,-0.011306876418384368,-0.014332621884368695,0.4705708333333333
13,0.0,closed,mi_obs,1,0.025153870370795643,0.006380327331387669,0.4705708333333333
13,0.0,closed,mi_obs,2,-0.003376574416617588,-0.009430045937464535,0.4705708333333333
13,0.0,closed,mi_obs,3,-0.00018269036385285767,0.007124393798149114,0.4705708333333333
13,0.0,closed,mi_obs,4,0.024767062414628623,0.007011910688516824,0.4705708333333333
13,0.0,closed,mi_obs,5,0.009312018780024453,0.007272492113108867,0.4705708333333333
13,0.0,closed,mi_obs,6,-0.01401427722272359,-0.0035816795787312217,0.4705708333333333
13,0.0,closed,mi_obs,7,-0.05067037791074415,-0.009066529384826879,0.4705708333333333
13,0.0,closed,mi_obs,8,0.018061699915239336,-0.004924433602132269,0.4705708333333333
13,0.0,closed,mi_obs,9,-0.026537560784664387,0.0005013225300274157,0.4705708333333333
13,0.0,closed,mi_obs,10,0.014914371050813502,0.4511063566012391,0.4705708333333333
13,0.0,closed,mi_obs,11,-0.06373091152625787,-0.44508762068788466,0.4705708333333333
13,0.0,closed,mi_obs,12,0.044961555235426776,0.7365495094542716,0.4705708333333333
13,0.0,closed,mi_obs,13,0.01979847249667166,-0.6477870051241992,0.4705708333333333
13,0.0,closed,mi_obs,14,-0.027771246420075224,-0.6244325518315168,0.4705708333333333
13,0.0,closed,mi_obs,15,0.04058614292738938,-0.59394868617774,0.4705708333333333
13,0.0,closed,mi_obs,16,-0.13920001282073557,0.3463469004089564,0.4705708333333333
13,0.0,closed,mi_obs,17,-0.01105506746225969,-0.005083661116430101,0.4705708333333333
13,0.0,closed,mi_obs,18,0.01290082448464236,0.5075556509455954,0.4705708333333333
13,0.0,closed,mi_obs,19,0.025996982742409136,0.42601805500143625,0.4705708333333333
13,0.0,closed,mi_obs,20,-0.019875363922033595,-0.35210914157620454,0.4705708333333333
13,0.0,closed,mi_obs,21,-0.07304600530993,-0.6028894991270898,0.4705708333333333
13,0.0,closed,mi_obs,22,0.02897675195743954,0.3037908864312078,0.4705708333333333
13,0.0,closed,mi_obs,23,0.04840746976004251,0.3954174939538605,0.4705708333333333
13,0.0,closed,mi_obs,24,0.00576205640216737,0.17766299981229178,0.4705708333333333
13,0.0,closed,mi_obs,25,0.15171974521860493,0.27678218773707153,0.4705708333333333
13,0.0,closed,mi_obs,26,0.0025901951239077742,-0.005254498274595009,0.4705708333333333
13,0.0,closed,mi_obs,27,-0.003887497707709955,-0.009745556364942835,0.4705708333333333
13,0.0,closed,mi_obs,28,-0.01667837596471583,-0.2628885586653252,0.4705708333333333
13,0.0,closed,mi_obs,29,0.010589458287006854,0.011268989505118886,0.4705708333333333
13,0.0,closed,mi_obs,30,0.016505858150208552,-0.8800484555198255,0.4705708333333333
13,0.0,closed,mi_obs,31,-0.05055891545121172,-0.8468789384490693,0.4705708333333333
13,0.0,closed,mi_obs,32,0.06062988324469998,-0.7596785742163056,0.4705708333333333
13,0.0,closed,mi_obs,33,-0.17910943002392354,0.46602608595575745,0.4705708333333333
13,0.0,closed,mi_obs,34,-0.00039405234540268105,0.004786813436932573,0.4705708333333333
13,0.0,closed,mi_obs,35,0.021911241581594496,0.00456134214000315,0.4705708333333333
13,0.0,closed,mi_obs,36,0.04174623002483946,0.5729730779464802,0.4705708333333333
13,0.0,closed,mi_obs,37,-0.005783371824280823,-0.011771818669447685,0.4705708333333333
13,0.0,closed,mi_obs,38,0.0022953710627787727,0.8104611500359123,0.4705708333333333
13,0.0,closed,mi_obs,39,-0.018107255022184132,0.8800901491645946,0.4705708333333333
13,0.0,closed,mi_obs,40,0.07945208219867195,-0.729122960062008,0.4705708333333333
13,0.0,closed,mi_obs,41,-0.005569876218840636,-0.004577920335266701,0.4705708333333333
13,0.0,closed,mi_obs,42,-0.015200147444000486,-0.002665932061837565,0.4705708333333333
13,0.0,closed,mi_obs,43,0.022157182230134853,-0.5474701315541006,0.4705708333333333
13,0.0,closed,mi_obs,44,0.0022203461785863417,0.008725399776125561,0.4705708333333333
13,0.0,closed,mi_obs,45,-0.03205351927598776,0.6481862539908687,0.4705708333333333
13,0.0,closed,mi_obs,46,0.11733362624294469,-0.556744134452503,0.4705708333333333
13,0.0,closed,mi_obs,47,0.04258941920824613,-0.001804621965643188,0.4705708333333333
13,0.0,closed,mi_obs,48,-0.023680571690877138,-0.00285204396310146,0.4705708333333333
13,0.0,closed,mi_obs,49,-0.06081704128816301,-0.678654587173255,0.4705708333333333
13,0.0,closed,mi_obs,50,0.007541186993127542,0.009378987962134112,0.4705708333333333
13,0.0,closed,mi_obs,51,0.0772948784906361,-0.7466979094364354,0.4705708333333333
13,0.0,closed,mi_obs,52,-0.004272967395379759,-0.0032265808716592827,0.4705708333333333
13,0.0,closed,mi_obs,53,0.020680875221851136,0.13478882803689024,0.4705708333333333
13,0.0,closed,mi_obs,54,0.04474786725318486,-0.4380364382708172,0.4705708333333333
13,0.0,closed,mi_obs,55,-0.01326040338373298,-0.08077074365928777,0.4705708333333333
13,0.0,closed,mi_obs,56,0.0023748996037800084,0.0012035290178899435,0.4705708333333333
13,0.0,closed,mi_obs,57,0.030635637456764526,-0.0004103952991230494,0.4705708333333333
13,0.0,closed,mi_obs,58,-0.0882429622473509,0.3786597163868591,0.4705708333333333
13,0.0,closed,mi_obs,59,-0.0036259410446331927,-0.005076006153477637,0.4705708333333333
13,0.0,closed,mi_obs,60,0.023257884828987663,-0.007707800206757768,0.4705708333333333
13,0.0,closed,mi_obs,61,-0.07756616426796259,-0.4741077717271752,0.4705708333333333
13,0.0,closed,mi_obs,62,0.02656219733885501,0.3588481184098825,0.4705708333333333
13,0.0,closed,mi_obs,63,0.0009599590314217708,0.0008636011577042371,0.4705708333333333
13,0.0,closed,mi_obs,64,-0.03633452048560948,-0.6720495863400939,0.4705708333333333
13,0.0,closed,mi_obs,65,-0.008503706925951982,-0.17495530949923088,0.4705708333333333
13,0.0,closed,mi_class,0,0.06340457614536803,-0.014332621884368695,0.4705708333333333
13,0.0,closed,mi_class,1,-0.01583883461111385,0.006380327331387669,0.4705708333333333
13,0.0,closed,mi_class,2,-0.007659436539164684,-0.009430045937464535,0.4705708333333333
13,0.0,closed,mi_class,3,0.0028090329424832767,0.007124393798149114,0.4705708333333333
13,0.0,closed,mi_class,4,0.016699862120596837,0.007011910688516824,0.4705708333333333
13,0.0,closed,mi_class,5,0.003125928387252377,0.007272492113108867,0.4705708333333333
13,0.0,closed,mi_class,6,0.019957074442306114,-0.0035816795787312217,0.4705708333333333
13,0.0,closed,mi_class,7,0.004195969782951222,-0.009066529384826879,0.4705708333333333
13,0.0,closed,mi_class,8,0.009086722165976249,-0.004924433602132269,0.4705708333333333
13,0.0,closed,mi_class,9,-0.00869663636583775,0.0005013225300274157,0.4705708333333333
13,0.0,closed,mi_class,10,0.009674777695635017,0.4511063566012391,0.4705708333333333
13,0.0,closed,mi_class,11,0.23260433922308282,-0.44508762068788466,0.4705708333333333
13,0.0,closed,mi_class,12,-0.15097170447999708,0.7365495094542716,0.4705708333333333
13,0.0,closed,mi_class,13,0.22512971463793457,-0.6477870051241992,0.4705708333333333
13,0.0,closed,mi_class,14,0.21657289847572686,-0.6244325518315168,0.4705708333333333
13,0.0,closed,mi_class,15,0.20582328495327157,-0.59394868617774,0.4705708333333333
13,0.0,closed,mi_class,16,-0.07565590907436809,0.3463469004089564,0.4705708333333333
13,0.0,closed,mi_class,17,0.0071890515466641065,-0.005083661116430101,0.4705708333333333
13,0.0,closed,mi_class,18,-0.08891958749803569,0.5075556509455954,0.4705708333333333
13,0.0,closed,mi_class,19,-0.005651238589423291,0.42601805500143625,0.4705708333333333
13,0.0,closed,mi_class,20,0.10154510461615934,-0.35210914157620454,0.4705708333333333
13,0.0,closed,mi_class,21,0.0661646754924371,-0.6028894991270898,0.4705708333333333
13,0.0,closed,mi_class,22,-0.15661738399105352,0.3037908864312078,0.4705708333333333
13,0.0,closed,mi_class,23,-0.20461923181380923,0.3954174939538605,0.4705708333333333
13,0.0,closed,mi_class,24,-0.08891255726522997,0.17766299981229178,0.4705708333333333
13,0.0,closed,mi_class,25,-0.2655235594072663,0.27678218773707153,0.4705708333333333
13,0.0,closed,mi_class,26,0.005725244602624956,-0.005254498274595009,0.4705708333333333
13,0.0,closed,mi_class,27,-0.003455218774273766,-0.009745556364942835,0.4705708333333333
13,0.0,closed,mi_class,28,0.06704107590939035,-0.2628885586653252,0.4705708333333333
13,0.0,closed,mi_class,29,-0.0936610510429222,0.011268989505118886,0.4705708333333333
13,0.0,closed,mi_class,30,0.17152399009528296,-0.8800484555198255,0.4705708333333333
13,0.0,closed,mi_class,31,0.15424913264541262,-0.8468789384490693,0.4705708333333333
13,0.0,closed,mi_class,32,0.15605399534900433,-0.7596785742163056,0.4705708333333333
13,0.0,closed,mi_class,33,-0.18414204228142161,0.46602608595575745,0.4705708333333333
13,0.0,closed,mi_class,34,0.00897537299556207,0.004786813436932573,0.4705708333333333
13,0.0,closed,mi_class,35,0.010662969029732957,0.00456134214000315,0.4705708333333333
13,0.0,closed,mi_class,36,-0.042057916295373365,0.5729730779464802,0.4705708333333333
13,0.0,closed,mi_class,37,0.0637630814218079,-0.011771818669447685,0.4705708333333333
13,0.0,closed,mi_class,38,0.007563313915102787,0.8104611500359123,0.4705708333333333
13,0.0,closed,mi_class,39,0.003969424200041649,0.8800901491645946,0.4705708333333333
13,0.0,closed,mi_class,40,0.15270567630768261,-0.729122960062008,0.4705708333333333
13,0.0,closed,mi_class,41,-0.009519497805519172,-0.004577920335266701,0.4705708333333333
13,0.0,closed,mi_class,42,-0.0021784027142166588,-0.002665932061837565,0.4705708333333333
13,0.0,closed,mi_class,43,0.09760751471895329,-0.5474701315541006,0.4705708333333333
13,0.0,closed,mi_class,44,-0.010213966372452045,0.008725399776125561,0.4705708333333333
13,0.0,closed,mi_class,45,0.0036671096270822767,0.6481862539908687,0.4705708333333333
13,0.0,closed,mi_class,46,0.11857300041543506,-0.556744134452503,0.4705708333333333
13,0.0,closed,mi_class,47,-0.00343267423938248,-0.001804621965643188,0.4705708333333333
13,0.0,closed,mi_class,48,-0.004652955056025179,-0.00285204396310146,0.4705708333333333
13,0.0,closed,mi_class,49,0.1212500076739842,-0.678654587173255,0.4705708333333333
13,0.0,closed,mi_class,50,-0.009343748115148598,0.009378987962134112,0.4705708333333333
13,0.0,closed,mi_class,51,0.16073583130702296,-0.7466979094364354,0.4705708333333333
13,0.0,closed,mi_class,52,-0.006541101899100654,-0.0032265808716592827,0.4705708333333333
13,0.0,closed,mi_class,53,-0.021852589051019167,0.13478882803689024,0.4705708333333333
13,0.0,closed,mi_class,54,0.07524841136042365,-0.4380364382708172,0.4705708333333333
13,0.0,closed,mi_class,55,0.016809796143112524,-0.08077074365928777,0.4705708333333333
13,0.0,closed,mi_class,56,0.009264785951272692,0.0012035290178899435,0.4705708333333333
13,0.0,closed,mi_class,57,-0.03670676675702186,-0.0004103952991230494,0.4705708333333333
13,0.0,closed,mi_class,58,-0.004051975240527306,0.3786597163868591,0.4705708333333333
13,0.0,closed,mi_class,59,0.03482864725071191,-0.005076006153477637,0.4705708333333333
13,0.0,closed,mi_class,60,0.005445511431569646,-0.007707800206757768,0.4705708333333333
13,0.0,closed,mi_class,61,0.10390888898428768,-0.4741077717271752,0.4705708333333333
13,0.0,closed,mi_class,62,-0.08024236770442417,0.3588481184098825,0.4705708333333333
13,0.0,closed,mi_class,63,-0.0016710535129005524,0.0008636011577042371,0.4705708333333333
13,0.0,closed,mi_class,64,0.028879112581503552,-0.6720495863400939,0.4705708333333333
13,0.0,closed,mi_class,65,-0.002709035610059196,-0.17495530949923088,0.4705708333333333
13,0.0,closed,mi_site,0,-0.015267939829107841,-0.014332621884368695,0.4705708333333333
13,0.0,closed,mi_site,1,0.014054309701765622,0.006380327331387669,0.4705708333333333
13,0.0,closed,mi_site,2,-0.008309972080330054,-0.009430045937464535,0.4705708333333333
13,0.0,closed,mi_site,3,0.0036083946738323,0.007124393798149114,0.4705708333333333
13,0.0,closed,mi_site,4,0.020729613488194885,0.007011910688516824,0.4705708333333333
13,0.0,closed,mi_site,5,0.011197207824405475,0.007272492113108867,0.4705708333333333
13,0.0,closed,mi_site,6,-0.009933858322127398,-0.0035816795787312217,0.4705708333333333
13,0.0,closed,mi_site,7,-0.03625770105135222,-0.009066529384826879,0.4705708333333333
13,0.0,closed,mi_site,8,0.007458273241046828,-0.004924433602132269,0.4705708333333333
13,0.0,closed,mi_site,9,-0.02428782018271954,0.0005013225300274157,0.4705708333333333
13,0.0,closed,mi_site,10,0.011386237294642054,0.4511063566012391,0.4705708333333333
13,0.0,closed,mi_site,11,-0.05086967768331713,-0.44508762068788466,0.4705708333333333
13,0.0,closed,mi_site,12,0.039661433414788894,0.7365495094542716,0.4705708333333333
13,0.0,closed,mi_site,13,0.01778830880203286,-0.6477870051241992,0.4705708333333333
13,0.0,closed,mi_site,14,-0.020950861503837626,-0.6244325518315168,0.4705708333333333
13,0.0,closed,mi_site,15,0.034665580330746626,-0.59394868617774,0.4705708333333333
13,0.0,closed,mi_site,16,-0.13921983254783088,0.3463469004089564,0.4705708333333333
13,0.0,closed,mi_site,17,-0.029984435466120587,-0.005083661116430101,0.4705708333333333
13,0.0,closed,mi_site,18,0.018148619532317167,0.5075556509455954,0.4705708333333333
13,0.0,closed,mi_site,19,0.023717319601837927,0.42601805500143625,0.4705708333333333
13,0.0,closed,mi_site,20,-0.017619924178132518,-0.35210914157620454,0.4705708333333333
13,0.0,closed,mi_site,21,-0.044008255572183796,-0.6028894991270898,0.4705708333333333
13,0.0,closed,mi_site,22,0.02998492722775503,0.3037908864312078,0.4705708333333333
13,0.0,closed,mi_site,23,0.04347761442854525,0.3954174939538605,0.4705708333333333
13,0.0,closed,mi_site,24,0.00765282809539361,0.17766299981229178,0.4705708333333333
13,0.0,closed,mi_site,25,0.13713427734372624,0.27678218773707153,0.4705708333333333
13,0.0,closed,mi_site,26,0.018353520738751197,-0.005254498274595009,0.4705708333333333
13,0.0,closed,mi_site,27,-0.01247463607826257,-0.009745556364942835,0.4705708333333333
13,0.0,closed,mi_site,28,-0.02377503672225556,-0.2628885586653252,0.4705708333333333
13,0.0,closed,mi_site,29,0.004565156084954605,0.011268989505118886,0.4705708333333333
13,0.0,closed,mi_site,30,0.021637213296180957,-0.8800484555198255,0.4705708333333333
13,0.0,closed,mi_site,31,-0.03212998016995905,-0.8468789384490693,0.4705708333333333
13,0.0,closed,mi_site,32,0.06112926053673995,-0.7596785742163056,0.4705708333333333
13,0.0,closed,mi_site,33,-0.18027177571741743,0.46602608595575745,0.4705708333333333
13,0.0,closed,mi_site,34,-0.028830223549924053,0.004786813436932573,0.4705708333333333
13,0.0,closed,mi_site,35,0.028591203456452413,0.00456134214000315,0.4705708333333333
13,0.0,closed,mi_site,36,0.03408096893641721,0.5729730779464802,0.4705708333333333
13,0.0,closed,mi_site,37,0.003637459551718304,-0.011771818669447685,0.4705708333333333
13,0.0,closed,mi_site,38,0.001262852510541257,0.8104611500359123,0.4705708333333333
13,0.0,closed,mi_site,39,-0.018917116173766235,0.8800901491645946,0.4705708333333333
13,0.0,closed,mi_site,40,0.08470410560825148,-0.729122960062008,0.4705708333333333
13,0.0,closed,mi_site,41,0.009332348062728,-0.004577920335266701,0.4705708333333333
13,0.0,closed,mi_site,42,-0.016810599621573614,-0.002665932061837565,0.4705708333333333
13,0.0,closed,mi_site,43,0.022610852520757008,-0.5474701315541006,0.4705708333333333
13,0.0,closed,mi_site,44,-0.0027116955041300373,0.008725399776125561,0.4705708333333333
13,0.0,closed,mi_site,45,-0.02903301779861278,0.6481862539908687,0.4705708333333333
13,0.0,closed,mi_site,46,0.1160201574067225,-0.556744134452503,0.4705708333333333
13,0.0,closed,mi_site,47,0.06916719819267075,-0.001804621965643188,0.4705708333333333
13,0.0,closed,mi_site,48,-0.023819261441337176,-0.00285204396310146,0.4705708333333333
13,0.0,closed,mi_site,49,-0.05599567648328918,-0.678654587173255,0.4705708333333333
13,0.0,closed,mi_site,50,0.005362084976506337,0.009378987962134112,0.4705708333333333
13,0.0,closed,mi_site,51,0.08351392243508537,-0.7466979094364354,0.4705708333333333
13,0.0,closed,mi_site,52,-0.005005247161340976,-0.0032265808716592827,0.4705708333333333
13,0.0,closed,mi_site,53,0.01439900242399722,0.13478882803689024,0.4705708333333333
13,0.0,closed,mi_site,54,0.04918243371297193,-0.4380364382708172,0.4705708333333333
13,0.0,closed,mi_site,55,-0.018329899227047294,-0.08077074365928777,0.4705708333333333
13,0.0,closed,mi_site,56,0.005001503236102864,0.0012035290178899435,0.4705708333333333
13,0.0,closed,mi_site,57,0.02274972875737841,-0.0004103952991230494,0.4705708333333333
13,0.0,closed,mi_site,58,-0.09403191742272887,0.3786597163868591,0.4705708333333333
13,0.0,closed,mi_site,59,0.0015220364091964355,-0.005076006153477637,0.4705708333333333
13,0.0,closed,mi_site,60,0.01916449945745302,-0.007707800206757768,0.4705708333333333
13,0.0,closed,mi_site,61,-0.08391402601348741,-0.4741077717271752,0.4705708333333333
13,0.0,closed,mi_site,62,0.018825352038538135,0.3588481184098825,0.4705708333333333
13,0.0,closed,mi_site,63,0.004788073158052768,0.0008636011577042371,0.4705708333333333
13,0.0,closed,mi_site,64,-0.03361553518611349,-0.6720495863400939,0.4705708333333333
13,0.0,closed,mi_site,65,-0.007017202788708404,-0.17495530949923088,0.4705708333333333
13,1.0,aligned,available,0,0.004365409238181216,-0.010422648808252898,0.4705708333333333
13,1.0,aligned,available,1,0.017796377769360716,0.004980269055603291,0.4705708333333333
13,1.0,aligned,available,2,0.017099083411561553,-0.008460342655808077,0.4705708333333333
13,1.0,aligned,available,3,0.007063863978087964,0.005772585792811208,0.4705708333333333
13,1.0,aligned,available,4,0.0027595786988686482,0.006775150087117433,0.4705708333333333
13,1.0,aligned,available,5,0.006305067091826549,0.006109939980518168,0.4705708333333333
13,1.0,aligned,available,6,-0.001299691998040667,-0.0025651848727691025,0.4705708333333333
13,1.0,aligned,available,7,0.0022982097243632767,-0.00646640303819676,0.4705708333333333
13,1.0,aligned,available,8,0.01803058466825199,6.037337848247173e-05,0.4705708333333333
13,1.0,aligned,available,9,0.008582531926960854,-0.0009557272353055591,0.4705708333333333
13,1.0,aligned,available,10,-0.0011998983994598866,0.448783403123636,0.4705708333333333
13,1.0,aligned,available,11,-0.01883194581787312,-0.4355374727917575,0.4705708333333333
13,1.0,aligned,available,12,0.0017884470232417682,0.7348402393431075,0.4705708333333333
13,1.0,aligned,available,13,-0.005987145375569103,-0.647819312392626,0.4705708333333333
13,1.0,aligned,available,14,-0.003733099943500351,-0.6246996431131601,0.4705708333333333
13,1.0,aligned,available,15,-0.004763683481230574,-0.5919539197537614,0.4705708333333333
13,1.0,aligned,available,16,0.008390341665961976,0.35362280300362015,0.4705708333333333
13,1.0,aligned,available,17,-0.001469978943573709,-0.005169171840140184,0.4705708333333333
13,1.0,aligned,available,18,0.0038564393749721537,0.5143750877828126,0.4705708333333333
13,1.0,aligned,available,19,0.005200897759700562,0.42657063041038296,0.4705708333333333
13,1.0,aligned,available,20,-0.0028761568789987257,-0.356785068467158,0.4705708333333333
13,1.0,aligned,available,21,0.001512409928851044,-0.5942193674820786,0.4705708333333333
13,1.0,aligned,available,22,0.007603022605760845,0.2919999416984874,0.4705708333333333
13,1.0,aligned,available,23,0.005379536520265071,0.3863557309677956,0.4705708333333333
13,1.0,aligned,available,24,0.0220967054923229,0.16698644739320048,0.4705708333333333
13,1.0,aligned,available,25,-0.03206032620815036,0.2822694985827822,0.4705708333333333
13,1.0,aligned,available,26,0.0014692077319875727,-0.004618105625162156,0.4705708333333333
13,1.0,aligned,available,27,0.0013232766391462186,-0.007128528188407299,0.4705708333333333
13,1.0,aligned,available,28,-0.0037378730950808348,-0.257119571931571,0.4705708333333333
13,1.0,aligned,available,29,0.011240641872478365,0.009211078390623443,0.4705708333333333
13,1.0,aligned,available,30,0.004748008820448235,-0.8803854172059818,0.4705708333333333
13,1.0,aligned,available,31,-0.004513590630845332,-0.8482370115735318,0.4705708333333333
13,1.0,aligned,available,32,6.8002095129360285e-06,-0.7614001119450411,0.4705708333333333
13,1.0,aligned,available,33,-0.002997382461949527,0.4728120387297882,0.4705708333333333
13,1.0,aligned,available,34,-0.005450544701039326,0.007320896407900463,0.4705708333333333
13,1.0,aligned,available,35,-0.0103096390531521,0.006138271009511085,0.4705708333333333
13,1.0,aligned,available,36,-0.0020136984706329297,0.5735567293756292,0.4705708333333333
13,1.0,aligned,available,37,0.004940116609668398,-0.011160038627927919,0.4705708333333333
13,1.0,aligned,available,38,0.0018299225265391295,0.8128114159472921,0.4705708333333333
13,1.0,aligned,available,39,-0.00039592228935669826,0.882252411504126,0.4705708333333333
13,1.0,aligned,available,40,-0.005218116033930076,-0.7355822968701058,0.4705708333333333
13,1.0,aligned,available,41,0.0011960484268969196,-0.008223138544721868,0.4705708333333333
13,1.0,aligned,available,42,0.012061230012067842,-0.00613886009974091,0.4705708333333333
13,1.0,aligned,available,43,-0.008536516243935366,-0.5483568845922625,0.4705708333333333
13,1.0,aligned,available,44,0.020243706385412286,0.008668462887586985,0.4705708333333333
13,1.0,aligned,available,45,0.00018284238788424112,0.6529304928440613,0.4705708333333333
13,1.0,aligned,available,46,-0.00868042926406809,-0.5637251465290902,0.4705708333333333
13,1.0,aligned,available,47,0.0037089314180228663,-0.004165094988344775,0.4705708333333333
13,1.0,aligned,available,48,-0.008690133941059882,-0.005407287103393976,0.4705708333333333
13,1.0,aligned,available,49,-0.009415193538382605,-0.6785708126884099,0.4705708333333333
13,1.0,aligned,available,50,0.025700242669221558,0.009783671069846516,0.4705708333333333
13,1.0,aligned,available,51,-0.002962317604280007,-0.7526911949837793,0.4705708333333333
13,1.0,aligned,available,52,0.0026846540516220095,-0.008145321448024266,0.4705708333333333
13,1.0,aligned,available,53,0.0066475533380146445,0.13252902227240435,0.4705708333333333
13,1.0,aligned,available,54,-0.012604481350765917,-0.4399411563794465,0.4705708333333333
13,1.0,aligned,available,55,0.006360846629858516,-0.08264112405073458,0.4705708333333333
13,1.0,aligned,available,56,-0.005293498503904078,0.0056397413776446016,0.4705708333333333
13,1.0,aligned,available,57,-0.006881923108483435,0.0055328003374478735,0.4705708333333333
13,1.0,aligned,available,58,0.01531777736422163,0.3822940812895749,0.4705708333333333
13,1.0,aligned,available,59,-0.006758442069858169,-0.006397795934668768,0.4705708333333333
13,1.0,aligned,available,60,0.015495184794257398,-0.012408480139335466,0.4705708333333333
13,1.0,aligned,available,61,0.006536012958874404,-0.47568889758868976,0.4705708333333333
13,1.0,aligned,available,62,0.0017848990592153613,0.3638229995343152,0.4705708333333333
13,1.0,aligned,available,63,-0.005354783563550259,0.004300050649063597,0.4705708333333333
13,1.0,aligned,available,64,0.006299295043075581,-0.6756567309493066,0.4705708333333333
13,1.0,aligned,available,65,-0.002971272999671759,-0.17850732034468242,0.4705708333333333
13,1.0,aligned,mi_obs,0,-0.005978864396031482,-0.010422648808252898,0.4705708333333333
13,1.0,aligned,mi_obs,1,0.05074420824214981,0.004980269055603291,0.4705708333333333
13,1.0,aligned,mi_obs,2,0.012577134642814292,-0.008460342655808077,0.4705708333333333
13,1.0,aligned,mi_obs,3,0.004558979243184409,0.005772585792811208,0.4705708333333333
13,1.0,aligned,mi_obs,4,0.021051602848473183,0.006775150087117433,0.4705708333333333
13,1.0,aligned,mi_obs,5,0.0022080888161333176,0.006109939980518168,0.4705708333333333
13,1.0,aligned,mi_obs,6,-0.003608688103784394,-0.0025651848727691025,0.4705708333333333
13,1.0,aligned,mi_obs,7,-0.038586724425332716,-0.00646640303819676,0.4705708333333333
13,1.0,aligned,mi_obs,8,0.025531923793133928,6.037337848247173e-05,0.4705708333333333
13,1.0,aligned,mi_obs,9,0.004922241560430767,-0.0009557272353055591,0.4705708333333333
13,1.0,aligned,mi_obs,10,0.013683371612433382,0.448783403123636,0.4705708333333333
13,1.0,aligned,mi_obs,11,-0.07048428349058289,-0.4355374727917575,0.4705708333333333
13,1.0,aligned,mi_obs,12,0.04469843241811888,0.7348402393431075,0.4705708333333333
13,1.0,aligned,mi_obs,13,0.013968156737123039,-0.647819312392626,0.4705708333333333
13,1.0,aligned,mi_obs,14,-0.013524621408419368,-0.6246996431131601,0.4705708333333333
13,1.0,aligned,mi_obs,15,0.0359308705592144,-0.5919539197537614,0.4705708333333333
13,1.0,aligned,mi_obs,16,-0.11787501504056361,0.35362280300362015,0.4705708333333333
13,1.0,aligned,mi_obs,17,-0.043619118729149475,-0.005169171840140184,0.4705708333333333
13,1.0,aligned,mi_obs,18,0.023458949938003126,0.5143750877828126,0.4705708333333333
13,1.0,aligned,mi_obs,19,0.020230031360187917,0.42657063041038296,0.4705708333333333
13,1.0,aligned,mi_obs,20,-0.02458857520062091,-0.356785068467158,0.4705708333333333
13,1.0,aligned,mi_obs,21,-0.07929075270947783,-0.5942193674820786,0.4705708333333333
13,1.0,aligned,mi_obs,22,0.025218135057271773,0.2919999416984874,0.4705708333333333
13,1.0,aligned,mi_obs,23,0.05493723817572499,0.3863557309677956,0.4705708333333333
13,1.0,aligned,mi_obs,24,0.013131685381143926,0.16698644739320048,0.4705708333333333
13,1.0,aligned,mi_obs,25,0.12859672399292138,0.2822694985827822,0.4705708333333333
13,1.0,aligned,mi_obs,26,-0.013108952702189827,-0.004618105625162156,0.4705708333333333
13,1.0,aligned,mi_obs,27,-0.016377666411914318,-0.007128528188407299,0.4705708333333333
13,1.0,aligned,mi_obs,28,-0.05383867556278804,-0.257119571931571,0.4705708333333333
13,1.0,aligned,mi_obs,29,0.005935681632464978,0.009211078390623443,0.4705708333333333
13,1.0,aligned,mi_obs,30,0.00935760324833712,-0.8803854172059818,0.4705708333333333
13,1.0,aligned,mi_obs,31,-0.033884263243964985,-0.8482370115735318,0.4705708333333333
13,1.0,aligned,mi_obs,32,0.04819878913439912,-0.7614001119450411,0.4705708333333333
13,1.0,aligned,mi_obs,33,-0.1570459372581643,0.4728120387297882,0.4705708333333333
13,1.0,aligned,mi_obs,34,-0.06305533775383398,0.007320896407900463,0.4705708333333333
13,1.0,aligned,mi_obs,35,0.03223610603990941,0.006138271009511085,0.4705708333333333
13,1.0,aligned,mi_obs,36,0.0290426383129313,0.5735567293756292,0.4705708333333333
13,1.0,aligned,mi_obs,37,-0.011814673189324412,-0.011160038627927919,0.4705708333333333
13,1.0,aligned,mi_obs,38,0.008602422437908985,0.8128114159472921,0.4705708333333333
13,1.0,aligned,mi_obs,39,-0.020501676486513576,0.882252411504126,0.4705708333333333
13,1.0,aligned,mi_obs,40,0.06510152132226299,-0.7355822968701058,0.4705708333333333
13,1.0,aligned,mi_obs,41,0.032061276079527044,-0.008223138544721868,0.4705708333333333
13,1.0,aligned,mi_obs,42,-0.02980176324667363,-0.00613886009974091,0.4705708333333333
13,1.0,aligned,mi_obs,43,0.00784462522225926,-0.5483568845922625,0.4705708333333333
13,1.0,aligned,mi_obs,44,0.0217244548157155,0.008668462887586985,0.4705708333333333
13,1.0,aligned,mi_obs,45,-0.03418956853135391,0.6529304928440613,0.4705708333333333
13,1.0,aligned,mi_obs,46,0.08691116526160886,-0.5637251465290902,0.4705708333333333
13,1.0,aligned,mi_obs,47,0.08216650848118615,-0.004165094988344775,0.4705708333333333
13,1.0,aligned,mi_obs,48,-0.03354071258993147,-0.005407287103393976,0.4705708333333333
13,1.0,aligned,mi_obs,49,-0.057686178320281445,-0.6785708126884099,0.4705708333333333
13,1.0,aligned,mi_obs,50,0.021023880818900845,0.009783671069846516,0.4705708333333333
13,1.0,aligned,mi_obs,51,0.0730799227888137,-0.7526911949837793,0.4705708333333333
13,1.0,aligned,mi_obs,52,0.017939167864029097,-0.008145321448024266,0.4705708333333333
13,1.0,aligned,mi_obs,53,0.012664182420547704,0.13252902227240435,0.4705708333333333
13,1.0,aligned,mi_obs,54,0.04134123547379781,-0.4399411563794465,0.4705708333333333
13,1.0,aligned,mi_obs,55,-0.009248592827086122,-0.08264112405073458,0.4705708333333333
13,1.0,aligned,mi_obs,56,-0.02818231685511898,0.0056397413776446016,0.4705708333333333
13,1.0,aligned,mi_obs,57,0.034326511763157194,0.0055328003374478735,0.4705708333333333
13,1.0,aligned,mi_obs,58,-0.060624259026155314,0.3822940812895749,0.4705708333333333
13,1.0,aligned,mi_obs,59,-0.021825196850091214,-0.006397795934668768,0.4705708333333333
13,1.0,aligned,mi_obs,60,0.02472421832814083,-0.012408480139335466,0.4705708333333333
13,1.0,aligned,mi_obs,61,-0.10618904943550861,-0.47568889758868976,0.4705708333333333
13,1.0,aligned,mi_obs,62,0.03364688087109957,0.3638229995343152,0.4705708333333333
13,1.0,aligned,mi_obs,63,-0.00020530784536358215,0.004300050649063597,0.4705708333333333
13,1.0,aligned,mi_obs,64,-0.03917539890078514,-0.6756567309493066,0.4705708333333333
13,1.0,aligned,mi_obs,65,-0.009967979145384942,-0.17850732034468242,0.4705708333333333
13,1.0,aligned,mi_class,0,0.032464344815973746,-0.010422648808252898,0.4705708333333333
13,1.0,aligned,mi_class,1,0.0348046661446504,0.004980269055603291,0.4705708333333333
13,1.0,aligned,mi_class,2,0.001880224728576154,-0.008460342655808077,0.4705708333333333
13,1.0,aligned,mi_class,3,0.007461639089716092,0.005772585792811208,0.4705708333333333
13,1.0,aligned,mi_class,4,0.010327857747615576,0.006775150087117433,0.4705708333333333
13,1.0,aligned,mi_class,5,0.008850230652090252,0.006109939980518168,0.4705708333333333
13,1.0,aligned,mi_class,6,-0.009933985930450733,-0.0025651848727691025,0.4705708333333333
13,1.0,aligned,mi_class,7,0.015883272542353603,-0.00646640303819676,0.4705708333333333
13,1.0,aligned,mi_class,8,0.02408060024700306,6.037337848247173e-05,0.4705708333333333
13,1.0,aligned,mi_class,9,-0.002545558478062991,-0.0009557272353055591,0.4705708333333333
13,1.0,aligned,mi_class,10,0.0021032354213371685,0.448783403123636,0.4705708333333333
13,1.0,aligned,mi_class,11,0.21326495873079934,-0.4355374727917575,0.4705708333333333
13,1.0,aligned,mi_class,12,-0.27130572018513077,0.7348402393431075,0.4705708333333333
13,1.0,aligned,mi_class,13,0.2144934139157138,-0.647819312392626,0.4705708333333333
13,1.0,aligned,mi_class,14,0.2082366322161992,-0.6246996431131601,0.4705708333333333
13,1.0,aligned,mi_class,15,0.19969476482737958,-0.5919539197537614,0.4705708333333333
13,1.0,aligned,mi_class,16,-0.18731860020527766,0.35362280300362015,0.4705708333333333
13,1.0,aligned,mi_class,17,-0.008836349185958135,-0.005169171840140184,0.4705708333333333
13,1.0,aligned,mi_class,18,-0.057432278977834816,0.5143750877828126,0.4705708333333333
13,1.0,aligned,mi_class,19,-0.0051758593614628645,0.42657063041038296,0.4705708333333333
13,1.0,aligned,mi_class,20,0.04845379824726176,-0.356785068467158,0.4705708333333333
13,1.0,aligned,mi_class,21,-0.13471472369763715,-0.5942193674820786,0.4705708333333333
13,1.0,aligned,mi_class,22,-0.16797826149711803,0.2919999416984874,0.4705708333333333
13,1.0,aligned,mi_class,23,-0.21883264566122645,0.3863557309677956,0.4705708333333333
13,1.0,aligned,mi_class,24,-0.09388070861155207,0.16698644739320048,0.4705708333333333
13,1.0,aligned,mi_class,25,-0.11550844268618513,0.2822694985827822,0.4705708333333333
13,1.0,aligned,mi_class,26,0.008215618658590492,-0.004618105625162156,0.4705708333333333
13,1.0,aligned,mi_class,27,0.010334367807399075,-0.007128528188407299,0.4705708333333333
13,1.0,aligned,mi_class,28,0.2204899260399692,-0.257119571931571,0.4705708333333333
13,1.0,aligned,mi_class,29,-0.15327073540943878,0.009211078390623443,0.4705708333333333
13,1.0,aligned,mi_class,30,0.3169690815480197,-0.8803854172059818,0.4705708333333333
13,1.0,aligned,mi_class,31,0.30395676897482293,-0.8482370115735318,0.4705708333333333
13,1.0,aligned,mi_class,32,0.2761188447948613,-0.7614001119450411,0.4705708333333333
13,1.0,aligned,mi_class,33,-0.2484290977676911,0.4728120387297882,0.4705708333333333
13,1.0,aligned,mi_class,34,-0.004686662495289477,0.007320896407900463,0.4705708333333333
13,1.0,aligned,mi_class,35,0.0011573075633037047,0.006138271009511085,0.4705708333333333
13,1.0,aligned,mi_class,36,-0.24599520966084265,0.5735567293756292,0.4705708333333333
13,1.0,aligned,mi_class,37,0.15261905766701145,-0.011160038627927919,0.4705708333333333
13,1.0,aligned,mi_class,38,0.008656978931840587,0.8128114159472921,0.4705708333333333
13,1.0,aligned,mi_class,39,0.0016569964123209768,0.882252411504126,0.4705708333333333
13,1.0,aligned,mi_class,40,0.1357422970793003,-0.7355822968701058,0.4705708333333333
13,1.0,aligned,mi_class,41,0.011745976956821298,-0.008223138544721868,0.4705708333333333
13,1.0,aligned,mi_class,42,-0.005513579206256559,-0.00613886009974091,0.4705708333333333
13,1.0,aligned,mi_class,43,0.11602420320165674,-0.5483568845922625,0.4705708333333333
13,1.0,aligned,mi_class,44,0.011561506563256222,0.008668462887586985,0.4705708333333333
13,1.0,aligned,mi_class,45,0.0009437609761979715,0.6529304928440613,0.4705708333333333
13,1.0,aligned,mi_class,46,0.10165208175042068,-0.5637251465290902,0.4705708333333333
13,1.0,aligned,mi_class,47,0.007683831037267568,-0.004165094988344775,0.4705708333333333
13,1.0,aligned,mi_class,48,-0.007270424839871869,-0.005407287103393976,0.4705708333333333
13,1.0,aligned,mi_class,49,0.13997935451499155,-0.6785708126884099,0.4705708333333333
13,1.0,aligned,mi_class,50,0.011013810952611567,0.009783671069846516,0.4705708333333333
13,1.0,aligned,mi_class,51,0.1447709550690065,-0.7526911949837793,0.4705708333333333
13,1.0,aligned,mi_class,52,0.011634180591393912,-0.008145321448024266,0.4705708333333333
13,1.0,aligned,mi_class,53,-0.025343112244349292,0.13252902227240435,0.4705708333333333
13,1.0,aligned,mi_class,54,0.09120941246870945,-0.4399411563794465,0.4705708333333333
13,1.0,aligned,mi_class,55,0.02482014004969718,-0.08264112405073458,0.4705708333333333
13,1.0,aligned,mi_class,56,-0.008465205114858116,0.0056397413776446016,0.4705708333333333
13,1.0,aligned,mi_class,57,-0.10222799842398551,0.0055328003374478735,0.4705708333333333
13,1.0,aligned,mi_class,58,-0.09238463107971934,0.3822940812895749,0.4705708333333333
13,1.0,aligned,mi_class,59,0.09074694157169352,-0.006397795934668768,0.4705708333333333
13,1.0,aligned,mi_class,60,-0.006117660349705609,-0.012408480139335466,0.4705708333333333
13,1.0,aligned,mi_class,61,0.10491085021489455,-0.47568889758868976,0.4705708333333333
13,1.0,aligned,mi_class,62,-0.08150280838151064,0.3638229995343152,0.4705708333333333
13,1.0,aligned,mi_class,63,-0.004271196960305273,0.004300050649063597,0.4705708333333333
13,1.0,aligned,mi_class,64,0.031289395218413785,-0.6756567309493066,0.4705708333333333
13,1.0,aligned,mi_class,65,-0.017829924381900952,-0.17850732034468242,0.4705708333333333
13,1.0,aligned,mi_site,0,-0.001724677687192689,-0.010422648808252898,0.4705708333333333
13,1.0,aligned,mi_site,1,0.035641946069203366,0.004980269055603291,0.4705708333333333
13,1.0,aligned,mi_site,2,0.009689073662800958,-0.008460342655808077,0.4705708333333333
13,1.0,aligned,mi_site,3,0.0007542134712591889,0.005772585792811208,0.4705708333333333
13,1.0,aligned,mi_site,4,0.0050207820153188925,0.006775150087117433,0.4705708333333333
13,1.0,aligned,mi_site,5,-0.004222166989223717,0.006109939980518168,0.4705708333333333
13,1.0,aligned,mi_site,6,0.0004478264526294592,-0.0025651848727691025,0.4705708333333333
13,1.0,aligned,mi_site,7,-0.006611519200032377,-0.00646640303819676,0.4705708333333333
13,1.0,aligned,mi_site,8,0.012077767479857664,6.037337848247173e-05,0.4705708333333333
13,1.0,aligned,mi_site,9,0.00526089075124664,-0.0009557272353055591,0.4705708333333333
13,1.0,aligned,mi_site,10,-0.029799235664650814,0.448783403123636,0.4705708333333333
13,1.0,aligned,mi_site,11,-0.018060362558761867,-0.4355374727917575,0.4705708333333333
13,1.0,aligned,mi_site,12,-0.1126417655039853,0.7348402393431075,0.4705708333333333
13,1.0,aligned,mi_site,13,0.050705556881869285,-0.647819312392626,0.4705708333333333
13,1.0,aligned,mi_site,14,0.0014272583880277079,-0.6246996431131601,0.4705708333333333
13,1.0,aligned,mi_site,15,0.03230815232297346,-0.5919539197537614,0.4705708333333333
13,1.0,aligned,mi_site,16,-0.07627393571395963,0.35362280300362015,0.4705708333333333
13,1.0,aligned,mi_site,17,-0.02882525181861888,-0.005169171840140184,0.4705708333333333
13,1.0,aligned,mi_site,18,-0.10955310264135654,0.5143750877828126,0.4705708333333333
13,1.0,aligned,mi_site,19,-0.05823362401459159,0.42657063041038296,0.4705708333333333
13,1.0,aligned,mi_site,20,0.0010433866929901447,-0.356785068467158,0.4705708333333333
13,1.0,aligned,mi_site,21,0.004786617168042517,-0.5942193674820786,0.4705708333333333
13,1.0,aligned,mi_site,22,0.022920149385210975,0.2919999416984874,0.4705708333333333
13,1.0,aligned,mi_site,23,0.03793460885131755,0.3863557309677956,0.4705708333333333
13,1.0,aligned,mi_site,24,0.033337414407016014,0.16698644739320048,0.4705708333333333
13,1.0,aligned,mi_site,25,0.054289653554046635,0.2822694985827822,0.4705708333333333
13,1.0,aligned,mi_site,26,-0.012804082485838433,-0.004618105625162156,0.4705708333333333
13,1.0,aligned,mi_site,27,-0.015527960451011812,-0.007128528188407299,0.4705708333333333
13,1.0,aligned,mi_site,28,0.007035042639355282,-0.257119571931571,0.4705708333333333
13,1.0,aligned,mi_site,29,0.007554857371093014,0.009211078390623443,0.4705708333333333
13,1.0,aligned,mi_site,30,0.11902584492517265,-0.8803854172059818,0.4705708333333333
13,1.0,aligned,mi_site,31,0.1156030045096268,-0.8482370115735318,0.4705708333333333
13,1.0,aligned,mi_site,32,0.11778241838510661,-0.7614001119450411,0.4705708333333333
13,1.0,aligned,mi_site,33,-0.15278628208740136,0.4728120387297882,0.4705708333333333
13,1.0,aligned,mi_site,34,-0.03970303772272423,0.007320896407900463,0.4705708333333333
13,1.0,aligned,mi_site,35,0.01865497618953578,0.006138271009511085,0.4705708333333333
13,1.0,aligned,mi_site,36,-0.11605668933981206,0.5735567293756292,0.4705708333333333
13,1.0,aligned,mi_site,37,-0.011349191692648832,-0.011160038627927919,0.4705708333333333
13,1.0,aligned,mi_site,38,-0.02541769184184417,0.8128114159472921,0.4705708333333333
13,1.0,aligned,mi_site,39,-0.03164897306269143,0.882252411504126,0.4705708333333333
13,1.0,aligned,mi_site,40,0.06719812430952476,-0.7355822968701058,0.4705708333333333
13,1.0,aligned,mi_site,41,0.022667784597216287,-0.008223138544721868,0.4705708333333333
13,1.0,aligned,mi_site,42,-0.02741939698272092,-0.00613886009974091,0.4705708333333333
13,1.0,aligned,mi_site,43,0.0999032303096109,-0.5483568845922625,0.4705708333333333
13,1.0,aligned,mi_site,44,0.01623273827867412,0.008668462887586985,0.4705708333333333
13,1.0,aligned,mi_site,45,-0.010101253441178404,0.6529304928440613,0.4705708333333333
13,1.0,aligned,mi_site,46,0.061920421569820694,-0.5637251465290902,0.4705708333333333
13,1.0,aligned,mi_site,47,0.07358852842127346,-0.004165094988344775,0.4705708333333333
13,1.0,aligned,mi_site,48,-0.03003365652810966,-0.005407287103393976,0.4705708333333333
13,1.0,aligned,mi_site,49,0.06656260842362594,-0.6785708126884099,0.4705708333333333
13,1.0,aligned,mi_site,50,0.020138320165338182,0.009783671069846516,0.4705708333333333
13,1.0,aligned,mi_site,51,0.05138331406614205,-0.7526911949837793,0.4705708333333333
13,1.0,aligned,mi_site,52,0.010766416810068073,-0.008145321448024266,0.4705708333333333
13,1.0,aligned,mi_site,53,-0.021526488293203333,0.13252902227240435,0.4705708333333333
13,1.0,aligned,mi_site,54,0.0797902566991297,-0.4399411563794465,0.4705708333333333
13,1.0,aligned,mi_site,55,-0.008508992532559725,-0.08264112405073458,0.4705708333333333
13,1.0,aligned,mi_site,56,-0.029577616971564656,0.0056397413776446016,0.4705708333333333
13,1.0,aligned,mi_site,57,0.02386480784262233,0.0055328003374478735,0.4705708333333333
13,1.0,aligned,mi_site,58,-0.08772157893717514,0.3822940812895749,0.4705708333333333
13,1.0,aligned,mi_site,59,-0.015831736011021058,-0.006397795934668768,0.4705708333333333
13,1.0,aligned,mi_site,60,0.009965347311976312,-0.012408480139335466,0.4705708333333333
13,1.0,aligned,mi_site,61,-0.0009622174856822041,-0.47568889758868976,0.4705708333333333
13,1.0,aligned,mi_site,62,0.023563344351269777,0.3638229995343152,0.4705708333333333
13,1.0,aligned,mi_site,63,0.02950003552564912,0.004300050649063597,0.4705708333333333
13,1.0,aligned,mi_site,64,0.1345580385380849,-0.6756567309493066,0.4705708333333333
13,1.0,aligned,mi_site,65,0.02096888596549565,-0.17850732034468242,0.4705708333333333
13,1.0,closed,available,0,0.005063033790089637,-0.010422648808252898,0.4705708333333333
13,1.0,closed,available,1,0.0020697326963222936,0.004980269055603291,0.4705708333333333
13,1.0,closed,available,2,-0.017723590831843064,-0.008460342655808077,0.4705708333333333
13,1.0,closed,available,3,0.0145116059758819,0.005772585792811208,0.4705708333333333
13,1.0,closed,available,4,0.013473141519395236,0.006775150087117433,0.4705708333333333
13,1.0,closed,available,5,0.0008600232556000001,0.006109939980518168,0.4705708333333333
13,1.0,closed,available,6,-0.0018798841963485798,-0.0025651848727691025,0.4705708333333333
13,1.0,closed,available,7,-0.006361581594152004,-0.00646640303819676,0.4705708333333333
13,1.0,closed,available,8,-0.0008151994602824201,6.037337848247173e-05,0.4705708333333333
13,1.0,closed,available,9,-0.009266698488454387,-0.0009557272353055591,0.4705708333333333
13,1.0,closed,available,10,0.0034050355297100543,0.448783403123636,0.4705708333333333
13,1.0,closed,available,11,-0.0031770364304518073,-0.4355374727917575,0.4705708333333333
13,1.0,closed,available,12,-0.005309816829544345,0.7348402393431075,0.4705708333333333
13,1.0,closed,available,13,0.011443669244156185,-0.647819312392626,0.4705708333333333
13,1.0,closed,available,14,0.006145159124804733,-0.6246996431131601,0.4705708333333333
13,1.0,closed,available,15,0.004415313103933838,-0.5919539197537614,0.4705708333333333
13,1.0,closed,available,16,-0.010490792880442468,0.35362280300362015,0.4705708333333333
13,1.0,closed,available,17,-0.0008473813173662751,-0.005169171840140184,0.4705708333333333
13,1.0,closed,available,18,0.00984437533700011,0.5143750877828126,0.4705708333333333
13,1.0,closed,available,19,0.003659837223191076,0.42657063041038296,0.4705708333333333
13,1.0,closed,available,20,-0.004116774357525499,-0.356785068467158,0.4705708333333333
13,1.0,closed,available,21,-0.01629248448314491,-0.5942193674820786,0.4705708333333333
13,1.0,closed,available,22,-0.016118139843853296,0.2919999416984874,0.4705708333333333
13,1.0,closed,available,23,-0.021215115284461517,0.3863557309677956,0.4705708333333333
13,1.0,closed,available,24,-0.007788270031696354,0.16698644739320048,0.4705708333333333
13,1.0,closed,available,25,0.018243801323201636,0.2822694985827822,0.4705708333333333
13,1.0,closed,available,26,-0.005626030678690923,-0.004618105625162156,0.4705708333333333
13,1.0,closed,available,27,-0.015751276621140807,-0.007128528188407299,0.4705708333333333
13,1.0,closed,available,28,-0.0077646279286618936,-0.257119571931571,0.4705708333333333
13,1.0,closed,available,29,0.0028388748948713818,0.009211078390623443,0.4705708333333333
13,1.0,closed,available,30,0.0025916586150479537,-0.8803854172059818,0.4705708333333333
13,1.0,closed,available,31,0.01030499916193417,-0.8482370115735318,0.4705708333333333
13,1.0,closed,available,32,-0.003695131774881344,-0.7614001119450411,0.4705708333333333
13,1.0,closed,available,33,-0.019696101074230976,0.4728120387297882,0.4705708333333333
13,1.0,closed,available,34,-0.046586549942259484,0.007320896407900463,0.4705708333333333
13,1.0,closed,available,35,-0.004658951782760358,0.006138271009511085,0.4705708333333333
13,1.0,closed,available,36,0.02436440300066578,0.5735567293756292,0.4705708333333333
13,1.0,closed,available,37,-0.011125396953695597,-0.011160038627927919,0.4705708333333333
13,1.0,closed,available,38,-3.0361744676965507e-05,0.8128114159472921,0.4705708333333333
13,1.0,closed,available,39,0.0016168824838699303,0.882252411504126,0.4705708333333333
13,1.0,closed,available,40,0.003101357644694658,-0.7355822968701058,0.4705708333333333
13,1.0,closed,available,41,-0.006739455434120587,-0.008223138544721868,0.4705708333333333
13,1.0,closed,available,42,0.007527625136823178,-0.00613886009974091,0.4705708333333333
13,1.0,closed,available,43,-0.005623100215927934,-0.5483568845922625,0.4705708333333333
13,1.0,closed,available,44,-0.00041418711683394865,0.008668462887586985,0.4705708333333333
13,1.0,closed,available,45,0.0019285774028221514,0.6529304928440613,0.4705708333333333
13,1.0,closed,available,46,-0.002719442373700476,-0.5637251465290902,0.4705708333333333
13,1.0,closed,available,47,-0.013660400702258924,-0.004165094988344775,0.4705708333333333
13,1.0,closed,available,48,0.0019037125293315622,-0.005407287103393976,0.4705708333333333
13,1.0,closed,available,49,0.005745254704116132,-0.6785708126884099,0.4705708333333333
13,1.0,closed,available,50,-0.008821803108867703,0.009783671069846516,0.4705708333333333
13,1.0,closed,available,51,0.0028476192052622196,-0.7526911949837793,0.4705708333333333
13,1.0,closed,available,52,-0.009481927125447953,-0.008145321448024266,0.4705708333333333
13,1.0,closed,available,53,0.0007522066743342049,0.13252902227240435,0.4705708333333333
13,1.0,closed,available,54,-0.006720324995089122,-0.4399411563794465,0.4705708333333333
13,1.0,closed,available,55,-0.0011981411962449645,-0.08264112405073458,0.4705708333333333
13,1.0,closed,available,56,0.007583926648494749,0.0056397413776446016,0.4705708333333333
13,1.0,closed,available,57,-0.00899053900992265,0.0055328003374478735,0.4705708333333333
13,1.0,closed,available,58,0.007691612681275661,0.3822940812895749,0.4705708333333333
13,1.0,closed,available,59,0.003540197120782251,-0.006397795934668768,0.4705708333333333
13,1.0,closed,available,60,-0.005675871428498989,-0.012408480139335466,0.4705708333333333
13,1.0,closed,available,61,0.007636878035569228,-0.47568889758868976,0.4705708333333333
13,1.0,closed,available,62,-0.004180794349445072,0.3638229995343152,0.4705708333333333
13,1.0,closed,available,63,0.0011816294303771263,0.004300050649063597,0.4705708333333333
13,1.0,closed,available,64,-0.003494961060081847,-0.6756567309493066,0.4705708333333333
13,1.0,closed,available,65,0.0021174434506885664,-0.17850732034468242,0.4705708333333333
13,1.0,closed,mi_obs,0,-0.00751304584818397,-0.010422648808252898,0.4705708333333333
13,1.0,closed,mi_obs,1,0.040904770476475276,0.004980269055603291,0.4705708333333333
13,1.0,closed,mi_obs,2,-0.0006261067894295213,-0.008460342655808077,0.4705708333333333
13,1.0,closed,mi_obs,3,-0.001999558733048617,0.005772585792811208,0.4705708333333333
13,1.0,closed,mi_obs,4,0.023359966852839482,0.006775150087117433,0.4705708333333333
13,1.0,closed,mi_obs,5,-0.01598874007426641,0.006109939980518168,0.4705708333333333
13,1.0,closed,mi_obs,6,0.012242539360004474,-0.0025651848727691025,0.4705708333333333
13,1.0,closed,mi_obs,7,-0.05834904451099711,-0.00646640303819676,0.4705708333333333
13,1.0,closed,mi_obs,8,0.016765340550947413,6.037337848247173e-05,0.4705708333333333
13,1.0,closed,mi_obs,9,-0.009539970185164106,-0.0009557272353055591,0.4705708333333333
13,1.0,closed,mi_obs,10,0.01779863776194668,0.448783403123636,0.4705708333333333
13,1.0,closed,mi_obs,11,-0.06901935930877001,-0.4355374727917575,0.4705708333333333
13,1.0,closed,mi_obs,12,0.031696733210549444,0.7348402393431075,0.4705708333333333
13,1.0,closed,mi_obs,13,0.02543588817617537,-0.647819312392626,0.4705708333333333
13,1.0,closed,mi_obs,14,-0.00977988647358119,-0.6246996431131601,0.4705708333333333
13,1.0,closed,mi_obs,15,0.04238009607184601,-0.5919539197537614,0.4705708333333333
13,1.0,closed,mi_obs,16,-0.1404164390382817,0.35362280300362015,0.4705708333333333
13,1.0,closed,mi_obs,17,-0.052694014643445274,-0.005169171840140184,0.4705708333333333
13,1.0,closed,mi_obs,18,0.019160864795291777,0.5143750877828126,0.4705708333333333
13,1.0,closed,mi_obs,19,0.019697058125818623,0.42657063041038296,0.4705708333333333
13,1.0,closed,mi_obs,20,-0.023745313303998483,-0.356785068467158,0.4705708333333333
13,1.0,closed,mi_obs,21,-0.07872695946538577,-0.5942193674820786,0.4705708333333333
13,1.0,closed,mi_obs,22,0.028998992108565325,0.2919999416984874,0.4705708333333333
13,1.0,closed,mi_obs,23,0.04604154405950972,0.3863557309677956,0.4705708333333333
13,1.0,closed,mi_obs,24,0.01090617325709875,0.16698644739320048,0.4705708333333333
13,1.0,closed,mi_obs,25,0.14157699229212928,0.2822694985827822,0.4705708333333333
13,1.0,closed,mi_obs,26,-0.0008747660689253792,-0.004618105625162156,0.4705708333333333
13,1.0,closed,mi_obs,27,-0.019159712933993,-0.007128528188407299,0.4705708333333333
13,1.0,closed,mi_obs,28,-0.06010108992740004,-0.257119571931571,0.4705708333333333
13,1.0,closed,mi_obs,29,-0.0052997136781141084,0.009211078390623443,0.4705708333333333
13,1.0,closed,mi_obs,30,0.011242524241440788,-0.8803854172059818,0.4705708333333333
13,1.0,closed,mi_obs,31,-0.031228569320038924,-0.8482370115735318,0.4705708333333333
13,1.0,closed,mi_obs,32,0.046499038342386,-0.7614001119450411,0.4705708333333333
13,1.0,closed,mi_obs,33,-0.17487953256979466,0.4728120387297882,0.4705708333333333
13,1.0,closed,mi_obs,34,-0.10108988091573395,0.007320896407900463,0.4705708333333333
13,1.0,closed,mi_obs,35,0.009107309211961066,0.006138271009511085,0.4705708333333333
13,1.0,closed,mi_obs,36,0.028843781069511243,0.5735567293756292,0.4705708333333333
13,1.0,closed,mi_obs,37,-0.006821928772460711,-0.011160038627927919,0.4705708333333333
13,1.0,closed,mi_obs,38,0.009096009442153719,0.8128114159472921,0.4705708333333333
13,1.0,closed,mi_obs,39,-0.01938646430025248,0.882252411504126,0.4705708333333333
13,1.0,closed,mi_obs,40,0.07805186207090797,-0.7355822968701058,0.4705708333333333
13,1.0,closed,mi_obs,41,0.04214851435977096,-0.008223138544721868,0.4705708333333333
13,1.0,closed,mi_obs,42,-0.010293295991827399,-0.00613886009974091,0.4705708333333333
13,1.0,closed,mi_obs,43,0.010492943755796458,-0.5483568845922625,0.4705708333333333
13,1.0,closed,mi_obs,44,0.006288431147430117,0.008668462887586985,0.4705708333333333
13,1.0,closed,mi_obs,45,-0.02727905181466761,0.6529304928440613,0.4705708333333333
13,1.0,closed,mi_obs,46,0.09445743866385209,-0.5637251465290902,0.4705708333333333
13,1.0,closed,mi_obs,47,0.09660903311596272,-0.004165094988344775,0.4705708333333333
13,1.0,closed,mi_obs,48,-0.02056638821450943,-0.005407287103393976,0.4705708333333333
13,1.0,closed,mi_obs,49,-0.05012552378292656,-0.6785708126884099,0.4705708333333333
13,1.0,closed,mi_obs,50,0.0016831216566044853,0.009783671069846516,0.4705708333333333
13,1.0,closed,mi_obs,51,0.07853395565786059,-0.7526911949837793,0.4705708333333333
13,1.0,closed,mi_obs,52,0.01759610200200524,-0.008145321448024266,0.4705708333333333
13,1.0,closed,mi_obs,53,0.028778787389418886,0.13252902227240435,0.4705708333333333
13,1.0,closed,mi_obs,54,0.0500288925078084,-0.4399411563794465,0.4705708333333333
13,1.0,closed,mi_obs,55,-0.013249417531509725,-0.08264112405073458,0.4705708333333333
13,1.0,closed,mi_obs,56,-0.021849783678061285,0.0056397413776446016,0.4705708333333333
13,1.0,closed,mi_obs,57,0.011465645537368549,0.0055328003374478735,0.4705708333333333
13,1.0,closed,mi_obs,58,-0.07786013790899549,0.3822940812895749,0.4705708333333333
13,1.0,closed,mi_obs,59,-0.008568858895536019,-0.006397795934668768,0.4705708333333333
13,1.0,closed,mi_obs,60,0.008613389276774137,-0.012408480139335466,0.4705708333333333
13,1.0,closed,mi_obs,61,-0.12447214305472126,-0.47568889758868976,0.4705708333333333
13,1.0,closed,mi_obs,62,0.01793616768522105,0.3638229995343152,0.4705708333333333
13,1.0,closed,mi_obs,63,0.006135121025233549,0.004300050649063597,0.4705708333333333
13,1.0,closed,mi_obs,64,-0.04613724135266328,-0.6756567309493066,0.4705708333333333
13,1.0,closed,mi_obs,65,-0.012349035535385855,-0.17850732034468242,0.4705708333333333
13,1.0,closed,mi_class,0,0.037772697660942475,-0.010422648808252898,0.4705708333333333
13,1.0,closed,mi_class,1,0.016826537437518444,0.004980269055603291,0.4705708333333333
13,1.0,closed,mi_class,2,-0.0001130605334116342,-0.008460342655808077,0.4705708333333333
13,1.0,closed,mi_class,3,0.0023675949132229814,0.005772585792811208,0.4705708333333333
13,1.0,closed,mi_class,4,0.0039039302630767886,0.006775150087117433,0.4705708333333333
13,1.0,closed,mi_class,5,-0.007872473808586305,0.006109939980518168,0.4705708333333333
13,1.0,closed,mi_class,6,0.033829445048937874,-0.0025651848727691025,0.4705708333333333
13,1.0,closed,mi_class,7,-0.002835115901672407,-0.00646640303819676,0.4705708333333333
13,1.0,closed,mi_class,8,0.004471628983845165,6.037337848247173e-05,0.4705708333333333
13,1.0,closed,mi_class,9,0.0024700660658483627,-0.0009557272353055591,0.4705708333333333
13,1.0,closed,mi_class,10,-0.38323265391619943,0.448783403123636,0.4705708333333333
13,1.0,closed,mi_class,11,0.26740809294355355,-0.4355374727917575,0.4705708333333333
13,1.0,closed,mi_class,12,-0.5371029737932658,0.7348402393431075,0.4705708333333333
13,1.0,closed,mi_class,13,0.22224519151131172,-0.647819312392626,0.4705708333333333
13,1.0,closed,mi_class,14,0.20959902476020814,-0.6246996431131601,0.4705708333333333
13,1.0,closed,mi_class,15,0.20229132796370847,-0.5919539197537614,0.4705708333333333
13,1.0,closed,mi_class,16,-0.055199281403949974,0.35362280300362015,0.4705708333333333
13,1.0,closed,mi_class,17,-0.0005795936329055203,-0.005169171840140184,0.4705708333333333
13,1.0,closed,mi_class,18,-0.05757803962193603,0.5143750877828126,0.4705708333333333
13,1.0,closed,mi_class,19,0.00982268675853315,0.42657063041038296,0.4705708333333333
13,1.0,closed,mi_class,20,0.17677302309017218,-0.356785068467158,0.4705708333333333
13,1.0,closed,mi_class,21,1.329654305761828,-0.5942193674820786,0.4705708333333333
13,1.0,closed,mi_class,22,-0.20141379621137373,0.2919999416984874,0.4705708333333333
13,1.0,closed,mi_class,23,-0.26613019624136075,0.3863557309677956,0.4705708333333333
13,1.0,closed,mi_class,24,-0.11574282222621886,0.16698644739320048,0.4705708333333333
13,1.0,closed,mi_class,25,-0.23834147764111502,0.2822694985827822,0.4705708333333333
13,1.0,closed,mi_class,26,0.001619250659062104,-0.004618105625162156,0.4705708333333333
13,1.0,closed,mi_class,27,-0.0020954207020551768,-0.007128528188407299,0.4705708333333333
13,1.0,closed,mi_class,28,0.2099989972042893,-0.257119571931571,0.4705708333333333
13,1.0,closed,mi_class,29,0.38092170193307134,0.009211078390623443,0.4705708333333333
13,1.0,closed,mi_class,30,0.6981682114121044,-0.8803854172059818,0.4705708333333333
13,1.0,closed,mi_class,31,0.6713513952301013,-0.8482370115735318,0.4705708333333333
13,1.0,closed,mi_class,32,0.6045283518403781,-0.7614001119450411,0.4705708333333333
13,1.0,closed,mi_class,33,-0.36087020449503504,0.4728120387297882,0.4705708333333333
13,1.0,closed,mi_class,34,-0.002366727698984718,0.007320896407900463,0.4705708333333333
13,1.0,closed,mi_class,35,-0.00785671025991329,0.006138271009511085,0.4705708333333333
13,1.0,closed,mi_class,36,-0.2774114431504555,0.5735567293756292,0.4705708333333333
13,1.0,closed,mi_class,37,0.4242910006582331,-0.011160038627927919,0.4705708333333333
13,1.0,closed,mi_class,38,0.008318741119292872,0.8128114159472921,0.4705708333333333
13,1.0,closed,mi_class,39,0.0034347629171967986,0.882252411504126,0.4705708333333333
13,1.0,closed,mi_class,40,0.09624354031186544,-0.7355822968701058,0.4705708333333333
13,1.0,closed,mi_class,41,-0.006045123831217603,-0.008223138544721868,0.4705708333333333
13,1.0,closed,mi_class,42,0.00951752264204261,-0.00613886009974091,0.4705708333333333
13,1.0,closed,mi_class,43,0.10999902358821295,-0.5483568845922625,0.4705708333333333
13,1.0,closed,mi_class,44,-0.007824356205516364,0.008668462887586985,0.4705708333333333
13,1.0,closed,mi_class,45,0.007080606252446442,0.6529304928440613,0.4705708333333333
13,1.0,closed,mi_class,46,0.07049999630507603,-0.5637251465290902,0.4705708333333333
13,1.0,closed,mi_class,47,-0.03002971475301943,-0.004165094988344775,0.4705708333333333
13,1.0,closed,mi_class,48,-0.0016441895103204793,-0.005407287103393976,0.4705708333333333
13,1.0,closed,mi_class,49,0.13815144163559512,-0.6785708126884099,0.4705708333333333
13,1.0,closed,mi_class,50,-0.009684751222561969,0.009783671069846516,0.4705708333333333
13,1.0,closed,mi_class,51,0.10076831790258678,-0.7526911949837793,0.4705708333333333
13,1.0,closed,mi_class,52,-0.01190100833246563,-0.008145321448024266,0.4705708333333333
13,1.0,closed,mi_class,53,-0.009318550880103194,0.13252902227240435,0.4705708333333333
13,1.0,closed,mi_class,54,0.09324377661232569,-0.4399411563794465,0.4705708333333333
13,1.0,closed,mi_class,55,0.07340103795545705,-0.08264112405073458,0.4705708333333333
13,1.0,closed,mi_class,56,0.012284753475675132,0.0056397413776446016,0.4705708333333333
13,1.0,closed,mi_class,57,0.018414337214782514,0.0055328003374478735,0.4705708333333333
13,1.0,closed,mi_class,58,-0.04792849912172187,0.3822940812895749,0.4705708333333333
13,1.0,closed,mi_class,59,0.0036627349744323755,-0.006397795934668768,0.4705708333333333
13,1.0,closed,mi_class,60,-0.013153636320628,-0.012408480139335466,0.4705708333333333
13,1.0,closed,mi_class,61,0.13448596454204254,-0.47568889758868976,0.4705708333333333
13,1.0,closed,mi_class,62,-0.32836618120038497,0.3638229995343152,0.4705708333333333
13,1.0,closed,mi_class,63,0.012391489466775391,0.004300050649063597,0.4705708333333333
13,1.0,closed,mi_class,64,0.5809546066311487,-0.6756567309493066,0.4705708333333333
13,1.0,closed,mi_class,65,0.15141722006782896,-0.17850732034468242,0.4705708333333333
13,1.0,closed,mi_site,0,-0.011732926120691559,-0.010422648808252898,0.4705708333333333
13,1.0,closed,mi_site,1,0.024697560725935354,0.004980269055603291,0.4705708333333333
13,1.0,closed,mi_site,2,-0.006065458718970304,-0.008460342655808077,0.4705708333333333
13,1.0,closed,mi_site,3,0.004609782214374869,0.005772585792811208,0.4705708333333333
13,1.0,closed,mi_site,4,0.01944253555788597,0.006775150087117433,0.4705708333333333
13,1.0,closed,mi_site,5,-0.004333546481426655,0.006109939980518168,0.4705708333333333
13,1.0,closed,mi_site,6,0.0036529077632474777,-0.0025651848727691025,0.4705708333333333
13,1.0,closed,mi_site,7,-0.04494267401844944,-0.00646640303819676,0.4705708333333333
13,1.0,closed,mi_site,8,0.0032774747885714324,6.037337848247173e-05,0.4705708333333333
13,1.0,closed,mi_site,9,-0.013976956318129608,-0.0009557272353055591,0.4705708333333333
13,1.0,closed,mi_site,10,0.01706946109530183,0.448783403123636,0.4705708333333333
13,1.0,closed,mi_site,11,-0.05891926531277347,-0.4355374727917575,0.4705708333333333
13,1.0,closed,mi_site,12,0.025928601668661733,0.7348402393431075,0.4705708333333333
13,1.0,closed,mi_site,13,0.029941177195042523,-0.647819312392626,0.4705708333333333
13,1.0,closed,mi_site,14,-0.009154388299015048,-0.6246996431131601,0.4705708333333333
13,1.0,closed,mi_site,15,0.04422665502970802,-0.5919539197537614,0.4705708333333333
13,1.0,closed,mi_site,16,-0.1377449337996116,0.35362280300362015,0.4705708333333333
13,1.0,closed,mi_site,17,-0.04814861799399029,-0.005169171840140184,0.4705708333333333
13,1.0,closed,mi_site,18,0.02402983762633759,0.5143750877828126,0.4705708333333333
13,1.0,closed,mi_site,19,0.02177190627921416,0.42657063041038296,0.4705708333333333
13,1.0,closed,mi_site,20,-0.022155076608020186,-0.356785068467158,0.4705708333333333
13,1.0,closed,mi_site,21,-0.0562623613727532,-0.5942193674820786,0.4705708333333333
13,1.0,closed,mi_site,22,0.02695908578972478,0.2919999416984874,0.4705708333333333
13,1.0,closed,mi_site,23,0.04260947560342304,0.3863557309677956,0.4705708333333333
13,1.0,closed,mi_site,24,0.012666963943945647,0.16698644739320048,0.4705708333333333
13,1.0,closed,mi_site,25,0.13059064292628497,0.2822694985827822,0.4705708333333333
13,1.0,closed,mi_site,26,0.015669472653950897,-0.004618105625162156,0.4705708333333333
13,1.0,closed,mi_site,27,-0.02198645101943347,-0.007128528188407299,0.4705708333333333
13,1.0,closed,mi_site,28,-0.049132500944055635,-0.257119571931571,0.4705708333333333
13,1.0,closed,mi_site,29,-0.001221406837161482,0.009211078390623443,0.4705708333333333
13,1.0,closed,mi_site,30,0.023129735563984233,-0.8803854172059818,0.4705708333333333
13,1.0,closed,mi_site,31,-0.021559899828713536,-0.8482370115735318,0.4705708333333333
13,1.0,closed,mi_site,32,0.049116099088000964,-0.7614001119450411,0.4705708333333333
13,1.0,closed,mi_site,33,-0.16721118991836925,0.4728120387297882,0.4705708333333333
13,1.0,closed,mi_site,34,-0.08580107020784244,0.007320896407900463,0.4705708333333333
13,1.0,closed,mi_site,35,0.01662389504627279,0.006138271009511085,0.4705708333333333
13,1.0,closed,mi_site,36,0.03965391664993434,0.5735567293756292,0.4705708333333333
13,1.0,closed,mi_site,37,-0.0014728220591407899,-0.011160038627927919,0.4705708333333333
13,1.0,closed,mi_site,38,0.0027436446141820836,0.8128114159472921,0.4705708333333333
13,1.0,closed,mi_site,39,-0.01951816189539657,0.882252411504126,0.4705708333333333
13,1.0,closed,mi_site,40,0.07637886515908854,-0.7355822968701058,0.4705708333333333
13,1.0,closed,mi_site,41,0.03698370781644218,-0.008223138544721868,0.4705708333333333
13,1.0,closed,mi_site,42,-0.011554995561372988,-0.00613886009974091,0.4705708333333333
13,1.0,closed,mi_site,43,0.013262198242160128,-0.5483568845922625,0.4705708333333333
13,1.0,closed,mi_site,44,0.004513914457764341,0.008668462887586985,0.4705708333333333
13,1.0,closed,mi_site,45,-0.023649873100164642,0.6529304928440613,0.4705708333333333
13,1.0,closed,mi_site,46,0.09745703035684239,-0.5637251465290902,0.4705708333333333
13,1.0,closed,mi_site,47,0.09186070009771588,-0.004165094988344775,0.4705708333333333
13,1.0,closed,mi_site,48,-0.018734908261406016,-0.005407287103393976,0.4705708333333333
13,1.0,closed,mi_site,49,-0.04937916072569759,-0.6785708126884099,0.4705708333333333
13,1.0,closed,mi_site,50,-0.0011872407595891095,0.009783671069846516,0.4705708333333333
13,1.0,closed,mi_site,51,0.07535382512666466,-0.7526911949837793,0.4705708333333333
13,1.0,closed,mi_site,52,0.009613983294238996,-0.008145321448024266,0.4705708333333333
13,1.0,closed,mi_site,53,0.029588822438418427,0.13252902227240435,0.4705708333333333
13,1.0,closed,mi_site,54,0.04898448982081477,-0.4399411563794465,0.4705708333333333
13,1.0,closed,mi_site,55,-0.016096518874637755,-0.08264112405073458,0.4705708333333333
13,1.0,closed,mi_site,56,-0.01762945600981947,0.0056397413776446016,0.4705708333333333
13,1.0,closed,mi_site,57,0.005031997537046325,0.0055328003374478735,0.4705708333333333
13,1.0,closed,mi_site,58,-0.08271714370097127,0.3822940812895749,0.4705708333333333
13,1.0,closed,mi_site,59,-0.006982658204702042,-0.006397795934668768,0.4705708333333333
13,1.0,closed,mi_site,60,-0.0028546575342455107,-0.012408480139335466,0.4705708333333333
13,1.0,closed,mi_site,61,-0.11052359408725415,-0.47568889758868976,0.4705708333333333
13,1.0,closed,mi_site,62,0.01326362136489656,0.3638229995343152,0.4705708333333333
13,1.0,closed,mi_site,63,0.011747364096126547,0.004300050649063597,0.4705708333333333
13,1.0,closed,mi_site,64,-0.04005501467693484,-0.6756567309493066,0.4705708333333333
13,1.0,closed,mi_site,65,-0.007685558241594892,-0.17850732034468242,0.4705708333333333
13,2.0,aligned,available,0,0.010531704900264057,-0.0010560582936219496,0.4705708333333333
13,2.0,aligned,available,1,0.018547232114157947,0.003646273530853618,0.4705708333333333
13,2.0,aligned,available,2,0.033807593396038366,-0.007014277176673873,0.4705708333333333
13,2.0,aligned,available,3,0.00845876943210424,0.003914040588962686,0.4705708333333333
13,2.0,aligned,available,4,0.005872704172340626,0.006009694331086441,0.4705708333333333
13,2.0,aligned,available,5,0.007227849325110124,0.00576498687682634,0.4705708333333333
13,2.0,aligned,available,6,-0.004640745323498824,-0.0010394837687493408,0.4705708333333333
13,2.0,aligned,available,7,0.02542988823509276,-0.0021816795805610694,0.4705708333333333
13,2.0,aligned,available,8,0.03064143145701949,0.014200406977737777,0.4705708333333333
13,2.0,aligned,available,9,-0.0005286016058848892,-0.002869313562773851,0.4705708333333333
13,2.0,aligned,available,10,0.0027783598779295704,0.4427036069627418,0.4705708333333333
13,2.0,aligned,available,11,-0.02258754479042746,-0.40951848614979536,0.4705708333333333
13,2.0,aligned,available,12,0.009332683649892481,0.7300229725248967,0.4705708333333333
13,2.0,aligned,available,13,-0.011685153353948485,-0.6473721407195383,0.4705708333333333
13,2.0,aligned,available,14,-0.007904690580428753,-0.625050622799783,0.4705708333333333
13,2.0,aligned,available,15,-0.011919727315955031,-0.5861798390669715,0.4705708333333333
13,2.0,aligned,available,16,0.013170285904397783,0.3721563665443013,0.4705708333333333
13,2.0,aligned,available,17,-0.00991396031162704,-0.005931800085544194,0.4705708333333333
13,2.0,aligned,available,18,9.478353054925837e-05,0.5347738107964127,0.4705708333333333
13,2.0,aligned,available,19,0.00642936211477213,0.42842131579534365,0.4705708333333333
13,2.0,aligned,available,20,0.00144794231958556,-0.37217409007518976,0.4705708333333333
13,2.0,aligned,available,21,-0.0007922434490235108,-0.5694346515486509,0.4705708333333333
13,2.0,aligned,available,22,0.005663124069447967,0.2594775295962528,0.4705708333333333
13,2.0,aligned,available,23,0.006372158244716819,0.36053702758691236,0.4705708333333333
13,2.0,aligned,available,24,0.023135197241603178,0.13838523146335327,0.4705708333333333
13,2.0,aligned,available,25,-0.032837286678459365,0.2965898497328318,0.4705708333333333
13,2.0,aligned,available,26,-0.0013790762469382664,-0.001318768414409449,0.4705708333333333
13,2.0,aligned,available,27,0.0004659593003734678,-0.0014666306867902974,0.4705708333333333
13,2.0,aligned,available,28,-0.0014100591773030524,-0.24167094302443684,0.4705708333333333
13,2.0,aligned,available,29,0.01347418002363897,0.0059731488784958275,0.4705708333333333
13,2.0,aligned,available,30,0.0041609491212906136,-0.8816853044623318,0.4705708333333333
13,2.0,aligned,available,31,-0.004708752475927391,-0.8522651422434941,0.4705708333333333
13,2.0,aligned,available,32,-0.0011732306054060837,-0.7668047010217481,0.4705708333333333
13,2.0,aligned,available,33,-0.0015843067192292115,0.4924568488825479,0.4705708333333333
13,2.0,aligned,available,34,-0.0109879244007007,0.013807039149772438,0.4705708333333333
13,2.0,aligned,available,35,-0.017191072512773495,0.012364596242342636,0.4705708333333333
13,2.0,aligned,available,36,-0.0012109247216076646,0.5750455709389802,0.4705708333333333
13,2.0,aligned,available,37,0.011532933993257099,-0.012002963007853577,0.4705708333333333
13,2.0,aligned,available,38,0.0025086222791153023,0.8197720436462789,0.4705708333333333
13,2.0,aligned,available,39,0.0005606323239788491,0.8881361142347014,0.4705708333333333
13,2.0,aligned,available,40,-0.006333546663076728,-0.75327166479847,0.4705708333333333
13,2.0,aligned,available,41,0.004320806346980521,-0.01784127489406197,0.4705708333333333
13,2.0,aligned,available,42,0.010725583197949374,-0.016611846902082866,0.4705708333333333
13,2.0,aligned,available,43,-0.011300748200179789,-0.5504497037615396,0.4705708333333333
13,2.0,aligned,available,44,0.021042928093409706,0.010951025396086883,0.4705708333333333
13,2.0,aligned,available,45,0.0007667876344740199,0.6665649256644449,0.4705708333333333
13,2.0,aligned,available,46,-0.008894157911874978,-0.5838996827786936,0.4705708333333333
13,2.0,aligned,available,47,0.008349708565041625,-0.01135570143130903,0.4705708333333333
13,2.0,aligned,available,48,-0.011582454792465087,-0.013440648187939224,0.4705708333333333
13,2.0,aligned,available,49,-0.011524452494875659,-0.6773547477983737,0.4705708333333333
13,2.0,aligned,available,50,0.029467982761113377,0.011907145154622266,0.4705708333333333
13,2.0,aligned,available,51,-0.003479722434047483,-0.768346047086748,0.4705708333333333
13,2.0,aligned,available,52,0.005947059369615341,-0.020119051098452096,0.4705708333333333
13,2.0,aligned,available,53,0.0017652044505512,0.12517501354705698,0.4705708333333333
13,2.0,aligned,available,54,-0.014248012595127146,-0.44521000321318904,0.4705708333333333
13,2.0,aligned,available,55,0.010615297222144146,-0.08434900519848394,0.4705708333333333
13,2.0,aligned,available,56,-0.012045909769541847,0.018076215092977344,0.4705708333333333
13,2.0,aligned,available,57,-0.005357960776630616,0.020533362804637863,0.4705708333333333
13,2.0,aligned,available,58,0.019176199681613937,0.3916222512512048,0.4705708333333333
13,2.0,aligned,available,59,-0.01032977701257946,-0.010797629677421029,0.4705708333333333
13,2.0,aligned,available,60,0.008645163019296541,-0.023499816278894244,0.4705708333333333
13,2.0,aligned,available,61,0.0007838064655018573,-0.4816188020850677,0.4705708333333333
13,2.0,aligned,available,62,0.009716670420075957,0.37419254964691673,0.4705708333333333
13,2.0,aligned,available,63,-0.007353813664087548,0.015100335020590416,0.4705708333333333
13,2.0,aligned,available,64,0.012716827028529276,-0.6846508988021422,0.4705708333333333
13,2.0,aligned,available,65,-0.004542207268671494,-0.18886347237057316,0.4705708333333333
13,2.0,aligned,mi_obs,0,-0.003467882146675021,-0.0010560582936219496,0.4705708333333333
13,2.0,aligned,mi_obs,1,0.045877828157041826,0.003646273530853618,0.4705708333333333
13,2.0,aligned,mi_obs,2,0.02119678774373739,-0.007014277176673873,0.4705708333333333
13,2.0,aligned,mi_obs,3,0.0029157715343185392,0.003914040588962686,0.4705708333333333
13,2.0,aligned,mi_obs,4,0.02033603227808714,0.006009694331086441,0.4705708333333333
13,2.0,aligned,mi_obs,5,0.003914022628023105,0.00576498687682634,0.4705708333333333
13,2.0,aligned,mi_obs,6,-0.006496919234835765,-0.0010394837687493408,0.4705708333333333
13,2.0,aligned,mi_obs,7,-0.015248939211778476,-0.0021816795805610694,0.4705708333333333
13,2.0,aligned,mi_obs,8,0.02688580385022986,0.014200406977737777,0.4705708333333333
13,2.0,aligned,mi_obs,9,-0.004127793316135412,-0.002869313562773851,0.4705708333333333
13,2.0,aligned,mi_obs,10,0.016981372226989422,0.4427036069627418,0.4705708333333333
13,2.0,aligned,mi_obs,11,-0.07282689440933016,-0.40951848614979536,0.4705708333333333
13,2.0,aligned,mi_obs,12,0.04481276911839438,0.7300229725248967,0.4705708333333333
13,2.0,aligned,mi_obs,13,0.01297962835860611,-0.6473721407195383,0.4705708333333333
13,2.0,aligned,mi_obs,14,-0.0133896147725453,-0.625050622799783,0.4705708333333333
13,2.0,aligned,mi_obs,15,0.03715543080002792,-0.5861798390669715,0.4705708333333333
13,2.0,aligned,mi_obs,16,-0.11563325319877188,0.3721563665443013,0.4705708333333333
13,2.0,aligned,mi_obs,17,-0.05835553555359395,-0.005931800085544194,0.4705708333333333
13,2.0,aligned,mi_obs,18,0.020749455006789375,0.5347738107964127,0.4705708333333333
13,2.0,aligned,mi_obs,19,0.018245792250261683,0.42842131579534365,0.4705708333333333
13,2.0,aligned,mi_obs,20,-0.021050625176473214,-0.37217409007518976,0.4705708333333333
13,2.0,aligned,mi_obs,21,-0.08141783559165594,-0.5694346515486509,0.4705708333333333
13,2.0,aligned,mi_obs,22,0.027120092196440904,0.2594775295962528,0.4705708333333333
13,2.0,aligned,mi_obs,23,0.0579715666589945,0.36053702758691236,0.4705708333333333
13,2.0,aligned,mi_obs,24,0.015224604291077165,0.13838523146335327,0.4705708333333333
13,2.0,aligned,mi_obs,25,0.12209688108726446,0.2965898497328318,0.4705708333333333
13,2.0,aligned,mi_obs,26,-0.01891023107945011,-0.001318768414409449,0.4705708333333333
13,2.0,aligned,mi_obs,27,-0.018169209439206684,-0.0014666306867902974,0.4705708333333333
13,2.0,aligned,mi_obs,28,-0.052405566778884166,-0.24167094302443684,0.4705708333333333
13,2.0,aligned,mi_obs,29,0.005007748863321419,0.0059731488784958275,0.4705708333333333
13,2.0,aligned,mi_obs,30,0.012549624284806438,-0.8816853044623318,0.4705708333333333
13,2.0,aligned,mi_obs,31,-0.031168028682265758,-0.8522651422434941,0.4705708333333333
13,2.0,aligned,mi_obs,32,0.05290321622193361,-0.7668047010217481,0.4705708333333333
13,2.0,aligned,mi_obs,33,-0.15831855206480128,0.4924568488825479,0.4705708333333333
13,2.0,aligned,mi_obs,34,-0.08591825085722825,0.013807039149772438,0.4705708333333333
13,2.0,aligned,mi_obs,35,0.03152988501917108,0.012364596242342636,0.4705708333333333
13,2.0,aligned,mi_obs,36,0.028475337210026375,0.5750455709389802,0.4705708333333333
13,2.0,aligned,mi_obs,37,-0.009127591992625948,-0.012002963007853577,0.4705708333333333
13,2.0,aligned,mi_obs,38,0.007006235420031315,0.8197720436462789,0.4705708333333333
13,2.0,aligned,mi_obs,39,-0.020508233312644175,0.8881361142347014,0.4705708333333333
13,2.0,aligned,mi_obs,40,0.06342475210947052,-0.75327166479847,0.4705708333333333
13,2.0,aligned,mi_obs,41,0.0457306179768901,-0.01784127489406197,0.4705708333333333
13,2.0,aligned,mi_obs,42,-0.030470305281615546,-0.016611846902082866,0.4705708333333333
13,2.0,aligned,mi_obs,43,0.008301125183663327,-0.5504497037615396,0.4705708333333333
13,2.0,aligned,mi_obs,44,0.022760192164443298,0.010951025396086883,0.4705708333333333
13,2.0,aligned,mi_obs,45,-0.03611874173591112,0.6665649256644449,0.4705708333333333
13,2.0,aligned,mi_obs,46,0.08801100839127912,-0.5838996827786936,0.4705708333333333
13,2.0,aligned,mi_obs,47,0.09759900474135583,-0.01135570143130903,0.4705708333333333
13,2.0,aligned,mi_obs,48,-0.032485530621178274,-0.013440648187939224,0.4705708333333333
13,2.0,aligned,mi_obs,49,-0.054002018163600174,-0.6773547477983737,0.4705708333333333
13,2.0,aligned,mi_obs,50,0.019564286771999492,0.011907145154622266,0.4705708333333333
13,2.0,aligned,mi_obs,51,0.06959513263222217,-0.768346047086748,0.4705708333333333
13,2.0,aligned,mi_obs,52,0.02558562375459567,-0.020119051098452096,0.4705708333333333
13,2.0,aligned,mi_obs,53,0.011081986105861918,0.12517501354705698,0.4705708333333333
13,2.0,aligned,mi_obs,54,0.04222162493856024,-0.44521000321318904,0.4705708333333333
13,2.0,aligned,mi_obs,55,-0.005301820413026556,-0.08434900519848394,0.4705708333333333
13,2.0,aligned,mi_obs,56,-0.03931082932056951,0.018076215092977344,0.4705708333333333
13,2.0,aligned,mi_obs,57,0.03271515445069005,0.020533362804637863,0.4705708333333333
13,2.0,aligned,mi_obs,58,-0.061259543312625064,0.3916222512512048,0.4705708333333333
13,2.0,aligned,mi_obs,59,-0.025132890267856933,-0.010797629677421029,0.4705708333333333
13,2.0,aligned,mi_obs,60,0.009367651706051854,-0.023499816278894244,0.4705708333333333
13,2.0,aligned,mi_obs,61,-0.11754561802797492,-0.4816188020850677,0.4705708333333333
13,2.0,aligned,mi_obs,62,0.0403667913220177,0.37419254964691673,0.4705708333333333
13,2.0,aligned,mi_obs,63,0.00040805596267758613,0.015100335020590416,0.4705708333333333
13,2.0,aligned,mi_obs,64,-0.03617381388652974,-0.6846508988021422,0.4705708333333333
13,2.0,aligned,mi_obs,65,-0.010958849253379727,-0.18886347237057316,0.4705708333333333
13,2.0,aligned,mi_class,0,0.0368216394673067,-0.0010560582936219496,0.4705708333333333
13,2.0,aligned,mi_class,1,0.032041645599818425,0.003646273530853618,0.4705708333333333
13,2.0,aligned,mi_class,2,0.004778219119942626,-0.007014277176673873,0.4705708333333333
13,2.0,aligned,mi_class,3,0.010153929040388358,0.003914040588962686,0.4705708333333333
13,2.0,aligned,mi_class,4,0.012265319402271812,0.006009694331086441,0.4705708333333333
13,2.0,aligned,mi_class,5,0.00995130199039081,0.00576498687682634,0.4705708333333333
13,2.0,aligned,mi_class,6,-0.023575830733671137,-0.0010394837687493408,0.4705708333333333
13,2.0,aligned,mi_class,7,0.028706661661410778,-0.0021816795805610694,0.4705708333333333
13,2.0,aligned,mi_class,8,0.020404238375478993,0.014200406977737777,0.4705708333333333
13,2.0,aligned,mi_class,9,-0.010584431242311343,-0.002869313562773851,0.4705708333333333
13,2.0,aligned,mi_class,10,0.004501279293025573,0.4427036069627418,0.4705708333333333
13,2.0,aligned,mi_class,11,0.20268119235614007,-0.40951848614979536,0.4705708333333333
13,2.0,aligned,mi_class,12,-0.2597346990576259,0.7300229725248967,0.4705708333333333
13,2.0,aligned,mi_class,13,0.21185225629370025,-0.6473721407195383,0.4705708333333333
13,2.0,aligned,mi_class,14,0.20606200719957013,-0.625050622799783,0.4705708333333333
13,2.0,aligned,mi_class,15,0.1943873495144824,-0.5861798390669715,0.4705708333333333
13,2.0,aligned,mi_class,16,-0.19027930937635593,0.3721563665443013,0.4705708333333333
13,2.0,aligned,mi_class,17,-0.016084821228029567,-0.005931800085544194,0.4705708333333333
13,2.0,aligned,mi_class,18,-0.0657498917070557,0.5347738107964127,0.4705708333333333
13,2.0,aligned,mi_class,19,-0.007905168546892272,0.42842131579534365,0.4705708333333333
13,2.0,aligned,mi_class,20,0.05413561587522636,-0.37217409007518976,0.4705708333333333
13,2.0,aligned,mi_class,21,-0.14488147515605276,-0.5694346515486509,0.4705708333333333
13,2.0,aligned,mi_class,22,-0.14934889530850853,0.2594775295962528,0.4705708333333333
13,2.0,aligned,mi_class,23,-0.20480954333219809,0.36053702758691236,0.4705708333333333
13,2.0,aligned,mi_class,24,-0.07705712233503616,0.13838523146335327,0.4705708333333333
13,2.0,aligned,mi_class,25,-0.13047353859158914,0.2965898497328318,0.4705708333333333
13,2.0,aligned,mi_class,26,0.005624859976689908,-0.001318768414409449,0.4705708333333333
13,2.0,aligned,mi_class,27,0.006948149446070874,-0.0014666306867902974,0.4705708333333333
13,2.0,aligned,mi_class,28,0.21901099694773474,-0.24167094302443684,0.4705708333333333
13,2.0,aligned,mi_class,29,-0.15587078053255896,0.0059731488784958275,0.4705708333333333
13,2.0,aligned,mi_class,30,0.30708377673645626,-0.8816853044623318,0.4705708333333333
13,2.0,aligned,mi_class,31,0.29521640099191504,-0.8522651422434941,0.4705708333333333
13,2.0,aligned,mi_class,32,0.26897136827034146,-0.7668047010217481,0.4705708333333333
13,2.0,aligned,mi_class,33,-0.2608923630901624,0.4924568488825479,0.4705708333333333
13,2.0,aligned,mi_class,34,-0.008314037750340583,0.013807039149772438,0.4705708333333333
13,2.0,aligned,mi_class,35,-0.0020091225742516015,0.012364596242342636,0.4705708333333333
13,2.0,aligned,mi_class,36,-0.23482028830409218,0.5750455709389802,0.4705708333333333
13,2.0,aligned,mi_class,37,0.1536648734939254,-0.012002963007853577,0.4705708333333333
13,2.0,aligned,mi_class,38,0.008551254727439894,0.8197720436462789,0.4705708333333333
13,2.0,aligned,mi_class,39,0.0019246984432054193,0.8881361142347014,0.4705708333333333
13,2.0,aligned,mi_class,40,0.1439105446844492,-0.75327166479847,0.4705708333333333
13,2.0,aligned,mi_class,41,0.015265442010092854,-0.01784127489406197,0.4705708333333333
13,2.0,aligned,mi_class,42,-0.005023876331344632,-0.016611846902082866,0.4705708333333333
13,2.0,aligned,mi_class,43,0.11328414376751145,-0.5504497037615396,0.4705708333333333
13,2.0,aligned,mi_class,44,0.013528430157739564,0.010951025396086883,0.4705708333333333
13,2.0,aligned,mi_class,45,0.0016102943250612123,0.6665649256644449,0.4705708333333333
13,2.0,aligned,mi_class,46,0.10909497916051891,-0.5838996827786936,0.4705708333333333
13,2.0,aligned,mi_class,47,0.010751253772639083,-0.01135570143130903,0.4705708333333333
13,2.0,aligned,mi_class,48,-0.0063642139905968845,-0.013440648187939224,0.4705708333333333
13,2.0,aligned,mi_class,49,0.1367795580191863,-0.6773547477983737,0.4705708333333333
13,2.0,aligned,mi_class,50,0.012665000874229426,0.011907145154622266,0.4705708333333333
13,2.0,aligned,mi_class,51,0.1521435737128447,-0.768346047086748,0.4705708333333333
13,2.0,aligned,mi_class,52,0.01199539849911645,-0.020119051098452096,0.4705708333333333
13,2.0,aligned,mi_class,53,-0.02742984316981692,0.12517501354705698,0.4705708333333333
13,2.0,aligned,mi_class,54,0.09049142327296772,-0.44521000321318904,0.4705708333333333
13,2.0,aligned,mi_class,55,0.028454137540295237,-0.08434900519848394,0.4705708333333333
13,2.0,aligned,mi_class,56,-0.011604866755184566,0.018076215092977344,0.4705708333333333
13,2.0,aligned,mi_class,57,-0.10227463319972935,0.020533362804637863,0.4705708333333333
13,2.0,aligned,mi_class,58,-0.1188548981660617,0.3916222512512048,0.4705708333333333
13,2.0,aligned,mi_class,59,0.08928022573045315,-0.010797629677421029,0.4705708333333333
13,2.0,aligned,mi_class,60,-0.013513130454290239,-0.023499816278894244,0.4705708333333333
13,2.0,aligned,mi_class,61,0.0994141527574679,-0.4816188020850677,0.4705708333333333
13,2.0,aligned,mi_class,62,-0.07107018164313678,0.37419254964691673,0.4705708333333333
13,2.0,aligned,mi_class,63,-0.004355245708056253,0.015100335020590416,0.4705708333333333
13,2.0,aligned,mi_class,64,0.03370464272993057,-0.6846508988021422,0.4705708333333333
13,2.0,aligned,mi_class,65,-0.01878751150338709,-0.18886347237057316,0.4705708333333333
13,2.0,aligned,mi_site,0,0.0025034930841207033,-0.0010560582936219496,0.4705708333333333
13,2.0,aligned,mi_site,1,0.03479084157702612,0.003646273530853618,0.4705708333333333
13,2.0,aligned,mi_site,2,0.020095692383147783,-0.007014277176673873,0.4705708333333333
13,2.0,aligned,mi_site,3,-0.001592298526655557,0.003914040588962686,0.4705708333333333
13,2.0,aligned,mi_site,4,0.0034401095645113025,0.006009694331086441,0.4705708333333333
13,2.0,aligned,mi_site,5,-0.004500755253445944,0.00576498687682634,0.4705708333333333
13,2.0,aligned,mi_site,6,0.001944191062384085,-0.0010394837687493408,0.4705708333333333
13,2.0,aligned,mi_site,7,0.014146611061504145,-0.0021816795805610694,0.4705708333333333
13,2.0,aligned,mi_site,8,0.014206310864333148,0.014200406977737777,0.4705708333333333
13,2.0,aligned,mi_site,9,-0.0024266470270922977,-0.002869313562773851,0.4705708333333333
13,2.0,aligned,mi_site,10,-0.025850859849588737,0.4427036069627418,0.4705708333333333
13,2.0,aligned,mi_site,11,-0.017112742805308945,-0.40951848614979536,0.4705708333333333
13,2.0,aligned,mi_site,12,-0.10495190473108862,0.7300229725248967,0.4705708333333333
13,2.0,aligned,mi_site,13,0.04758017228108147,-0.6473721407195383,0.4705708333333333
13,2.0,aligned,mi_site,14,-0.0023533087358187377,-0.625050622799783,0.4705708333333333
13,2.0,aligned,mi_site,15,0.029163390012672763,-0.5861798390669715,0.4705708333333333
13,2.0,aligned,mi_site,16,-0.06916384670626902,0.3721563665443013,0.4705708333333333
13,2.0,aligned,mi_site,17,-0.033106434890746106,-0.005931800085544194,0.4705708333333333
13,2.0,aligned,mi_site,18,-0.11446314005564218,0.5347738107964127,0.4705708333333333
13,2.0,aligned,mi_site,19,-0.05675788750512867,0.42842131579534365,0.4705708333333333
13,2.0,aligned,mi_site,20,0.007785897985375989,-0.37217409007518976,0.4705708333333333
13,2.0,aligned,mi_site,21,0.0077436681556863896,-0.5694346515486509,0.4705708333333333
13,2.0,aligned,mi_site,22,0.01287217107549965,0.2594775295962528,0.4705708333333333
13,2.0,aligned,mi_site,23,0.030953828064304578,0.36053702758691236,0.4705708333333333
13,2.0,aligned,mi_site,24,0.022364259827019173,0.13838523146335327,0.4705708333333333
13,2.0,aligned,mi_site,25,0.055225011268876356,0.2965898497328318,0.4705708333333333
13,2.0,aligned,mi_site,26,-0.014517849275973653,-0.001318768414409449,0.4705708333333333
13,2.0,aligned,mi_site,27,-0.017076240813156215,-0.0014666306867902974,0.4705708333333333
13,2.0,aligned,mi_site,28,0.007379523223617707,-0.24167094302443684,0.4705708333333333
13,2.0,aligned,mi_site,29,0.01021215116274298,0.0059731488784958275,0.4705708333333333
13,2.0,aligned,mi_site,30,0.11960964299957588,-0.8816853044623318,0.4705708333333333
13,2.0,aligned,mi_site,31,0.11644175881829077,-0.8522651422434941,0.4705708333333333
13,2.0,aligned,mi_site,32,0.11908476126305645,-0.7668047010217481,0.4705708333333333
13,2.0,aligned,mi_site,33,-0.14865213655434995,0.4924568488825479,0.4705708333333333
13,2.0,aligned,mi_site,34,-0.04779348093246219,0.013807039149772438,0.4705708333333333
13,2.0,aligned,mi_site,35,0.01661092770186555,0.012364596242342636,0.4705708333333333
13,2.0,aligned,mi_site,36,-0.11402635316355286,0.5750455709389802,0.4705708333333333
13,2.0,aligned,mi_site,37,-0.007680375258788383,-0.012002963007853577,0.4705708333333333
13,2.0,aligned,mi_site,38,-0.025157325092177163,0.8197720436462789,0.4705708333333333
13,2.0,aligned,mi_site,39,-0.02888804163416714,0.8881361142347014,0.4705708333333333
13,2.0,aligned,mi_site,40,0.05805048017419867,-0.75327166479847,0.4705708333333333
13,2.0,aligned,mi_site,41,0.03018406552624197,-0.01784127489406197,0.4705708333333333
13,2.0,aligned,mi_site,42,-0.028193965473927253,-0.016611846902082866,0.4705708333333333
13,2.0,aligned,mi_site,43,0.09896000836225394,-0.5504497037615396,0.4705708333333333
13,2.0,aligned,mi_site,44,0.014201696319991656,0.010951025396086883,0.4705708333333333
13,2.0,aligned,mi_site,45,-0.009157720060148145,0.6665649256644449,0.4705708333333333
13,2.0,aligned,mi_site,46,0.055252232741770047,-0.5838996827786936,0.4705708333333333
13,2.0,aligned,mi_site,47,0.07552388162596718,-0.01135570143130903,0.4705708333333333
13,2.0,aligned,mi_site,48,-0.03493413692215894,-0.013440648187939224,0.4705708333333333
13,2.0,aligned,mi_site,49,0.06734472691161109,-0.6773547477983737,0.4705708333333333
13,2.0,aligned,mi_site,50,0.02192400440877796,0.011907145154622266,0.4705708333333333
13,2.0,aligned,mi_site,51,0.04092375300471063,-0.768346047086748,0.4705708333333333
13,2.0,aligned,mi_site,52,0.01134104249983694,-0.020119051098452096,0.4705708333333333
13,2.0,aligned,mi_site,53,-0.023711127201569898,0.12517501354705698,0.4705708333333333
13,2.0,aligned,mi_site,54,0.07992295913770775,-0.44521000321318904,0.4705708333333333
13,2.0,aligned,mi_site,55,-0.009026275376771323,-0.08434900519848394,0.4705708333333333
13,2.0,aligned,mi_site,56,-0.030202381325312073,0.018076215092977344,0.4705708333333333
13,2.0,aligned,mi_site,57,0.02444738293128252,0.020533362804637863,0.4705708333333333
13,2.0,aligned,mi_site,58,-0.08860462810351022,0.3916222512512048,0.4705708333333333
13,2.0,aligned,mi_site,59,-0.011292695602053041,-0.010797629677421029,0.4705708333333333
13,2.0,aligned,mi_site,60,-0.002568081227604952,-0.023499816278894244,0.4705708333333333
13,2.0,aligned,mi_site,61,-0.0024189911811634546,-0.4816188020850677,0.4705708333333333
13,2.0,aligned,mi_site,62,0.021864381064262306,0.37419254964691673,0.4705708333333333
13,2.0,aligned,mi_site,63,0.023175930197591663,0.015100335020590416,0.4705708333333333
13,2.0,aligned,mi_site,64,0.13237544918291122,-0.6846508988021422,0.4705708333333333
13,2.0,aligned,mi_site,65,0.0232506053034508,-0.18886347237057316,0.4705708333333333
13,2.0,closed,available,0,0.005377286073177839,-0.0010560582936219496,0.4705708333333333
13,2.0,closed,available,1,-0.0029278319282482882,0.003646273530853618,0.4705708333333333
13,2.0,closed,available,2,-0.02259431668846316,-0.007014277176673873,0.4705708333333333
13,2.0,closed,available,3,0.011494923690923503,0.003914040588962686,0.4705708333333333
13,2.0,closed,available,4,-0.0030293328473431566,0.006009694331086441,0.4705708333333333
13,2.0,closed,available,5,0.00927110061896025,0.00576498687682634,0.4705708333333333
13,2.0,closed,available,6,-0.006564844285549362,-0.0010394837687493408,0.4705708333333333
13,2.0,closed,available,7,-0.009470261926579581,-0.0021816795805610694,0.4705708333333333
13,2.0,closed,available,8,-0.004613017539509668,0.014200406977737777,0.4705708333333333
13,2.0,closed,available,9,-0.004399439992420603,-0.002869313562773851,0.4705708333333333
13,2.0,closed,available,10,0.0038332888384338126,0.4427036069627418,0.4705708333333333
13,2.0,closed,available,11,-0.005768796420866862,-0.40951848614979536,0.4705708333333333
13,2.0,closed,available,12,-0.005047119297882374,0.7300229725248967,0.4705708333333333
13,2.0,closed,available,13,-0.0011147610330167756,-0.6473721407195383,0.4705708333333333
13,2.0,closed,available,14,0.00035432157669657016,-0.625050622799783,0.4705708333333333
13,2.0,closed,available,15,0.004819311587260566,-0.5861798390669715,0.4705708333333333
13,2.0,closed,available,16,-0.006998592056710218,0.3721563665443013,0.4705708333333333
13,2.0,closed,available,17,-0.006769381238954691,-0.005931800085544194,0.4705708333333333
13,2.0,closed,available,18,-0.008449820867601932,0.5347738107964127,0.4705708333333333
13,2.0,closed,available,19,-0.0045717681310783465,0.42842131579534365,0.4705708333333333
13,2.0,closed,available,20,0.00606232440747112,-0.37217409007518976,0.4705708333333333
13,2.0,closed,available,21,-0.0032697217354110686,-0.5694346515486509,0.4705708333333333
13,2.0,closed,available,22,0.016402943953494842,0.2594775295962528,0.4705708333333333
13,2.0,closed,available,23,0.016282508760651515,0.36053702758691236,0.4705708333333333
13,2.0,closed,available,24,-0.0031223938707876375,0.13838523146335327,0.4705708333333333
13,2.0,closed,available,25,0.00044363109377454357,0.2965898497328318,0.4705708333333333
13,2.0,closed,available,26,-0.024234474305842885,-0.001318768414409449,0.4705708333333333
13,2.0,closed,available,27,0.010102706867076601,-0.0014666306867902974,0.4705708333333333
13,2.0,closed,available,28,-0.0060345200012376365,-0.24167094302443684,0.4705708333333333
13,2.0,closed,available,29,0.003496455328649192,0.0059731488784958275,0.4705708333333333
13,2.0,closed,available,30,-0.0004434885516140241,-0.8816853044623318,0.4705708333333333
13,2.0,closed,available,31,0.0052767882921193054,-0.8522651422434941,0.4705708333333333
13,2.0,closed,available,32,0.00379970086919712,-0.7668047010217481,0.4705708333333333
13,2.0,closed,available,33,-0.009355719532041062,0.4924568488825479,0.4705708333333333
13,2.0,closed,available,34,0.017467221666412257,0.013807039149772438,0.4705708333333333
13,2.0,closed,available,35,-0.03324483497768182,0.012364596242342636,0.4705708333333333
13,2.0,closed,available,36,-0.0006013935497264367,0.5750455709389802,0.4705708333333333
13,2.0,closed,available,37,-1.1529202151635415e-06,-0.012002963007853577,0.4705708333333333
13,2.0,closed,available,38,-0.0025422723554441307,0.8197720436462789,0.4705708333333333
13,2.0,closed,available,39,-0.0016854610852391483,0.8881361142347014,0.4705708333333333
13,2.0,closed,available,40,0.0029428955316013194,-0.75327166479847,0.4705708333333333
13,2.0,closed,available,41,0.0016987831708872754,-0.01784127489406197,0.4705708333333333
13,2.0,closed,available,42,0.009834002160328406,-0.016611846902082866,0.4705708333333333
13,2.0,closed,available,43,0.006526608546199353,-0.5504497037615396,0.4705708333333333
13,2.0,closed,available,44,0.006473295814803872,0.010951025396086883,0.4705708333333333
13,2.0,closed,available,45,-0.006849142834502664,0.6665649256644449,0.4705708333333333
13,2.0,closed,available,46,0.0026995256947126567,-0.5838996827786936,0.4705708333333333
13,2.0,closed,available,47,-0.0031529133208267144,-0.01135570143130903,0.4705708333333333
13,2.0,closed,available,48,0.00900253301475007,-0.013440648187939224,0.4705708333333333
13,2.0,closed,available,49,0.0072642279696655265,-0.6773547477983737,0.4705708333333333
13,2.0,closed,available,50,0.001905680585399994,0.011907145154622266,0.4705708333333333
13,2.0,closed,available,51,-0.0012404759806678989,-0.768346047086748,0.4705708333333333
13,2.0,closed,available,52,0.005128630710548216,-0.020119051098452096,0.4705708333333333
13,2.0,closed,available,53,0.014490327786109813,0.12517501354705698,0.4705708333333333
13,2.0,closed,available,54,0.0012661644882633882,-0.44521000321318904,0.4705708333333333
13,2.0,closed,available,55,0.001462016512669445,-0.08434900519848394,0.4705708333333333
13,2.0,closed,available,56,-0.00859058818801639,0.018076215092977344,0.4705708333333333
13,2.0,closed,available,57,-0.017601559888089802,0.020533362804637863,0.4705708333333333
13,2.0,closed,available,58,0.0018631524671136601,0.3916222512512048,0.4705708333333333
13,2.0,closed,available,59,-0.0007362962698638908,-0.010797629677421029,0.4705708333333333
13,2.0,closed,available,60,0.007318791162288181,-0.023499816278894244,0.4705708333333333
13,2.0,closed,available,61,-0.004904117201517344,-0.4816188020850677,0.4705708333333333
13,2.0,closed,available,62,-0.009493445541263523,0.37419254964691673,0.4705708333333333
13,2.0,closed,available,63,-0.018884419834027347,0.015100335020590416,0.4705708333333333
13,2.0,closed,available,64,7.171162421515387e-05,-0.6846508988021422,0.4705708333333333
13,2.0,closed,available,65,0.0011467886591581822,-0.18886347237057316,0.4705708333333333
13,2.0,closed,mi_obs,0,-0.008881983321865503,-0.0010560582936219496,0.4705708333333333
13,2.0,closed,mi_obs,1,0.0386635885920252,0.003646273530853618,0.4705708333333333
13,2.0,closed,mi_obs,2,-0.004487470893458497,-0.007014277176673873,0.4705708333333333
13,2.0,closed,mi_obs,3,0.01070804791294554,0.003914040588962686,0.4705708333333333
13,2.0,closed,mi_obs,4,0.02428932946721387,0.006009694331086441,0.4705708333333333
13,2.0,closed,mi_obs,5,0.0136932640525004,0.00576498687682634,0.4705708333333333
13,2.0,closed,mi_obs,6,-0.01393733695206709,-0.0010394837687493408,0.4705708333333333
13,2.0,closed,mi_obs,7,-0.055177895818527965,-0.0021816795805610694,0.4705708333333333
13,2.0,closed,mi_obs,8,0.004809312652715865,0.014200406977737777,0.4705708333333333
13,2.0,closed,mi_obs,9,-0.010819875351771285,-0.002869313562773851,0.4705708333333333
13,2.0,closed,mi_obs,10,0.01675642743973177,0.4427036069627418,0.4705708333333333
13,2.0,closed,mi_obs,11,-0.07066192275764477,-0.40951848614979536,0.4705708333333333
13,2.0,closed,mi_obs,12,0.03571475453997186,0.7300229725248967,0.4705708333333333
13,2.0,closed,mi_obs,13,0.016570446149686058,-0.6473721407195383,0.4705708333333333
13,2.0,closed,mi_obs,14,-0.01766757148102094,-0.625050622799783,0.4705708333333333
13,2.0,closed,mi_obs,15,0.040542147687852026,-0.5861798390669715,0.4705708333333333
13,2.0,closed,mi_obs,16,-0.1287381424090534,0.3721563665443013,0.4705708333333333
13,2.0,closed,mi_obs,17,-0.0245350910247893,-0.005931800085544194,0.4705708333333333
13,2.0,closed,mi_obs,18,0.014629835449190387,0.5347738107964127,0.4705708333333333
13,2.0,closed,mi_obs,19,0.020426682576986988,0.42842131579534365,0.4705708333333333
13,2.0,closed,mi_obs,20,-0.01975025299597405,-0.37217409007518976,0.4705708333333333
13,2.0,closed,mi_obs,21,-0.08239992436639698,-0.5694346515486509,0.4705708333333333
13,2.0,closed,mi_obs,22,0.025590692068683085,0.2594775295962528,0.4705708333333333
13,2.0,closed,mi_obs,23,0.05827005728517881,0.36053702758691236,0.4705708333333333
13,2.0,closed,mi_obs,24,0.008325725681825574,0.13838523146335327,0.4705708333333333
13,2.0,closed,mi_obs,25,0.13856099951997103,0.2965898497328318,0.4705708333333333
13,2.0,closed,mi_obs,26,-0.005051446229079281,-0.001318768414409449,0.4705708333333333
13,2.0,closed,mi_obs,27,-0.022555151538296795,-0.0014666306867902974,0.4705708333333333
13,2.0,closed,mi_obs,28,-0.06387121163954843,-0.24167094302443684,0.4705708333333333
13,2.0,closed,mi_obs,29,0.008048384743592374,0.0059731488784958275,0.4705708333333333
13,2.0,closed,mi_obs,30,0.012382902776419291,-0.8816853044623318,0.4705708333333333
13,2.0,closed,mi_obs,31,-0.03530137392159205,-0.8522651422434941,0.4705708333333333
13,2.0,closed,mi_obs,32,0.050240737069481844,-0.7668047010217481,0.4705708333333333
13,2.0,closed,mi_obs,33,-0.1712211665923325,0.4924568488825479,0.4705708333333333
13,2.0,closed,mi_obs,34,-0.02401737490616549,0.013807039149772438,0.4705708333333333
13,2.0,closed,mi_obs,35,0.009508289875062496,0.012364596242342636,0.4705708333333333
13,2.0,closed,mi_obs,36,0.017967003528713055,0.5750455709389802,0.4705708333333333
13,2.0,closed,mi_obs,37,8.894720141681967e-05,-0.012002963007853577,0.4705708333333333
13,2.0,closed,mi_obs,38,0.003962370590448461,0.8197720436462789,0.4705708333333333
13,2.0,closed,mi_obs,39,-0.018872922937700376,0.8881361142347014,0.4705708333333333
13,2.0,closed,mi_obs,40,0.07208839743729689,-0.75327166479847,0.4705708333333333
13,2.0,closed,mi_obs,41,0.016990652989483726,-0.01784127489406197,0.4705708333333333
13,2.0,closed,mi_obs,42,-0.01768174661348798,-0.016611846902082866,0.4705708333333333
13,2.0,closed,mi_obs,43,0.0148703720567962,-0.5504497037615396,0.4705708333333333
13,2.0,closed,mi_obs,44,0.0147512497189038,0.010951025396086883,0.4705708333333333
13,2.0,closed,mi_obs,45,-0.03555616923346838,0.6665649256644449,0.4705708333333333
13,2.0,closed,mi_obs,46,0.09869660231482746,-0.5838996827786936,0.4705708333333333
13,2.0,closed,mi_obs,47,0.04728861324330895,-0.01135570143130903,0.4705708333333333
13,2.0,closed,mi_obs,48,-0.016925426402871098,-0.013440648187939224,0.4705708333333333
13,2.0,closed,mi_obs,49,-0.04983292184575139,-0.6773547477983737,0.4705708333333333
13,2.0,closed,mi_obs,50,0.011567283104586724,0.011907145154622266,0.4705708333333333
13,2.0,closed,mi_obs,51,0.07365884260124023,-0.768346047086748,0.4705708333333333
13,2.0,closed,mi_obs,52,0.009807575215735964,-0.020119051098452096,0.4705708333333333
13,2.0,closed,mi_obs,53,0.0189245994472948,0.12517501354705698,0.4705708333333333
13,2.0,closed,mi_obs,54,0.04937005268462347,-0.44521000321318904,0.4705708333333333
13,2.0,closed,mi_obs,55,-0.01381578622161922,-0.08434900519848394,0.4705708333333333
13,2.0,closed,mi_obs,56,-0.020747502213346425,0.018076215092977344,0.4705708333333333
13,2.0,closed,mi_obs,57,0.016537596982116383,0.020533362804637863,0.4705708333333333
13,2.0,closed,mi_obs,58,-0.06938695192832545,0.3916222512512048,0.4705708333333333
13,2.0,closed,mi_obs,59,-0.016167304627661912,-0.010797629677421029,0.4705708333333333
13,2.0,closed,mi_obs,60,0.025596508919699886,-0.023499816278894244,0.4705708333333333
13,2.0,closed,mi_obs,61,-0.0862366056079682,-0.4816188020850677,0.4705708333333333
13,2.0,closed,mi_obs,62,0.01796893692798701,0.37419254964691673,0.4705708333333333
13,2.0,closed,mi_obs,63,-0.011249643261726717,0.015100335020590416,0.4705708333333333
13,2.0,closed,mi_obs,64,-0.04552272835375204,-0.6846508988021422,0.4705708333333333
13,2.0,closed,mi_obs,65,-0.013137309804048064,-0.18886347237057316,0.4705708333333333
13,2.0,closed,mi_class,0,0.07390613204086537,-0.0010560582936219496,0.4705708333333333
13,2.0,closed,mi_class,1,-0.0004087124889278655,0.003646273530853618,0.4705708333333333
13,2.0,closed,mi_class,2,0.009470035573077483,-0.007014277176673873,0.4705708333333333
13,2.0,closed,mi_class,3,0.0034795712464309562,0.003914040588962686,0.4705708333333333
13,2.0,closed,mi_class,4,0.0009185920488713377,0.006009694331086441,0.4705708333333333
13,2.0,closed,mi_class,5,0.0034303548934798804,0.00576498687682634,0.4705708333333333
13,2.0,closed,mi_class,6,0.005340777509332209,-0.0010394837687493408,0.4705708333333333
13,2.0,closed,mi_class,7,0.0018837797626927773,-0.0021816795805610694,0.4705708333333333
13,2.0,closed,mi_class,8,-0.007339840659824624,0.014200406977737777,0.4705708333333333
13,2.0,closed,mi_class,9,-0.0005566708728727654,-0.002869313562773851,0.4705708333333333
13,2.0,closed,mi_class,10,0.00868433693861087,0.4427036069627418,0.4705708333333333
13,2.0,closed,mi_class,11,0.3015059070948615,-0.40951848614979536,0.4705708333333333
13,2.0,closed,mi_class,12,-0.5829461822428512,0.7300229725248967,0.4705708333333333
13,2.0,closed,mi_class,13,0.21630608310969174,-0.6473721407195383,0.4705708333333333
13,2.0,closed,mi_class,14,0.20946537073165505,-0.625050622799783,0.4705708333333333
13,2.0,closed,mi_class,15,0.19915402274033323,-0.5861798390669715,0.4705708333333333
13,2.0,closed,mi_class,16,-0.03276141329558879,0.3721563665443013,0.4705708333333333
13,2.0,closed,mi_class,17,-0.0006167193343440125,-0.005931800085544194,0.4705708333333333
13,2.0,closed,mi_class,18,-0.07772485943161489,0.5347738107964127,0.4705708333333333
13,2.0,closed,mi_class,19,-0.02231056593334918,0.42842131579534365,0.4705708333333333
13,2.0,closed,mi_class,20,0.06481519645716155,-0.37217409007518976,0.4705708333333333
13,2.0,closed,mi_class,21,-0.32706647197955463,-0.5694346515486509,0.4705708333333333
13,2.0,closed,mi_class,22,-0.17958192897769473,0.2594775295962528,0.4705708333333333
13,2.0,closed,mi_class,23,-0.25087315249747083,0.36053702758691236,0.4705708333333333
13,2.0,closed,mi_class,24,-0.09860546384930732,0.13838523146335327,0.4705708333333333
13,2.0,closed,mi_class,25,-0.23279497206322503,0.2965898497328318,0.4705708333333333
13,2.0,closed,mi_class,26,-0.0007590129337850676,-0.001318768414409449,0.4705708333333333
13,2.0,closed,mi_class,27,-0.0011441984796864437,-0.0014666306867902974,0.4705708333333333
13,2.0,closed,mi_class,28,0.2201707772155594,-0.24167094302443684,0.4705708333333333
13,2.0,closed,mi_class,29,-0.15392250959962206,0.0059731488784958275,0.4705708333333333
13,2.0,closed,mi_class,30,0.6448238482911454,-0.8816853044623318,0.4705708333333333
13,2.0,closed,mi_class,31,0.622156544912592,-0.8522651422434941,0.4705708333333333
13,2.0,closed,mi_class,32,0.5632656969423742,-0.7668047010217481,0.4705708333333333
13,2.0,closed,mi_class,33,-0.36207772911910124,0.4924568488825479,0.4705708333333333
13,2.0,closed,mi_class,34,-0.022230412009631252,0.013807039149772438,0.4705708333333333
13,2.0,closed,mi_class,35,-0.011737397179442841,0.012364596242342636,0.4705708333333333
13,2.0,closed,mi_class,36,-0.525778110907837,0.5750455709389802,0.4705708333333333
13,2.0,closed,mi_class,37,0.17951091889457882,-0.012002963007853577,0.4705708333333333
13,2.0,closed,mi_class,38,0.003577495429923583,0.8197720436462789,0.4705708333333333
13,2.0,closed,mi_class,39,0.0013813260618300571,0.8881361142347014,0.4705708333333333
13,2.0,closed,mi_class,40,0.15687872874394626,-0.75327166479847,0.4705708333333333
13,2.0,closed,mi_class,41,0.0230365117272206,-0.01784127489406197,0.4705708333333333
13,2.0,closed,mi_class,42,0.0037681375998280028,-0.016611846902082866,0.4705708333333333
13,2.0,closed,mi_class,43,0.12402282675349552,-0.5504497037615396,0.4705708333333333
13,2.0,closed,mi_class,44,0.0009557053573791708,0.010951025396086883,0.4705708333333333
13,2.0,closed,mi_class,45,-0.005507129569475855,0.6665649256644449,0.4705708333333333
13,2.0,closed,mi_class,46,0.12605061250247407,-0.5838996827786936,0.4705708333333333
13,2.0,closed,mi_class,47,0.02451890373324648,-0.01135570143130903,0.4705708333333333
13,2.0,closed,mi_class,48,-0.003983114660294404,-0.013440648187939224,0.4705708333333333
13,2.0,closed,mi_class,49,0.15371498863588795,-0.6773547477983737,0.4705708333333333
13,2.0,closed,mi_class,50,1.228031013047852e-05,0.011907145154622266,0.4705708333333333
13,2.0,closed,mi_class,51,0.15896509391419156,-0.768346047086748,0.4705708333333333
13,2.0,closed,mi_class,52,0.021984588164922474,-0.020119051098452096,0.4705708333333333
13,2.0,closed,mi_class,53,-0.018536571465316773,0.12517501354705698,0.4705708333333333
13,2.0,closed,mi_class,54,0.10251846336451509,-0.44521000321318904,0.4705708333333333
13,2.0,closed,mi_class,55,0.01980678527548793,-0.08434900519848394,0.4705708333333333
13,2.0,closed,mi_class,56,-0.049058210702649346,0.018076215092977344,0.4705708333333333
13,2.0,closed,mi_class,57,-0.02996895782742518,0.020533362804637863,0.4705708333333333
13,2.0,closed,mi_class,58,-0.0331849322247883,0.3916222512512048,0.4705708333333333
13,2.0,closed,mi_class,59,0.02645570670044284,-0.010797629677421029,0.4705708333333333
13,2.0,closed,mi_class,60,-0.00998387232644576,-0.023499816278894244,0.4705708333333333
13,2.0,closed,mi_class,61,0.13691789926635128,-0.4816188020850677,0.4705708333333333
13,2.0,closed,mi_class,62,-0.10399675928374419,0.37419254964691673,0.4705708333333333
13,2.0,closed,mi_class,63,-0.0018125345592451235,0.015100335020590416,0.4705708333333333
13,2.0,closed,mi_class,64,0.00821015976174888,-0.6846508988021422,0.4705708333333333
13,2.0,closed,mi_class,65,-0.003444854619875065,-0.18886347237057316,0.4705708333333333
13,2.0,closed,mi_site,0,-0.004594242975868563,-0.0010560582936219496,0.4705708333333333
13,2.0,closed,mi_site,1,0.024663575836839417,0.003646273530853618,0.4705708333333333
13,2.0,closed,mi_site,2,-0.012391772801422198,-0.007014277176673873,0.4705708333333333
13,2.0,closed,mi_site,3,0.005811766758815195,0.003914040588962686,0.4705708333333333
13,2.0,closed,mi_site,4,0.01372322479803448,0.006009694331086441,0.4705708333333333
13,2.0,closed,mi_site,5,0.01691397852035923,0.00576498687682634,0.4705708333333333
13,2.0,closed,mi_site,6,-0.01709495920206732,-0.0010394837687493408,0.4705708333333333
13,2.0,closed,mi_site,7,-0.042025670394632016,-0.0021816795805610694,0.4705708333333333
13,2.0,closed,mi_site,8,0.001101470382049564,0.014200406977737777,0.4705708333333333
13,2.0,closed,mi_site,9,-0.008991974197936611,-0.002869313562773851,0.4705708333333333
13,2.0,closed,mi_site,10,0.009301596443992033,0.4427036069627418,0.4705708333333333
13,2.0,closed,mi_site,11,-0.05064554603024163,-0.40951848614979536,0.4705708333333333
13,2.0,closed,mi_site,12,0.03160210310106715,0.7300229725248967,0.4705708333333333
13,2.0,closed,mi_site,13,0.020619091116606647,-0.6473721407195383,0.4705708333333333
13,2.0,closed,mi_site,14,-0.013713012268616986,-0.625050622799783,0.4705708333333333
13,2.0,closed,mi_site,15,0.039859967560210374,-0.5861798390669715,0.4705708333333333
13,2.0,closed,mi_site,16,-0.12163981017341324,0.3721563665443013,0.4705708333333333
13,2.0,closed,mi_site,17,-0.04353559561863639,-0.005931800085544194,0.4705708333333333
13,2.0,closed,mi_site,18,0.01814250591672284,0.5347738107964127,0.4705708333333333
13,2.0,closed,mi_site,19,0.022249571989710226,0.42842131579534365,0.4705708333333333
13,2.0,closed,mi_site,20,-0.01974567226664642,-0.37217409007518976,0.4705708333333333
13,2.0,closed,mi_site,21,-0.053812507718516756,-0.5694346515486509,0.4705708333333333
13,2.0,closed,mi_site,22,0.016107671562255454,0.2594775295962528,0.4705708333333333
13,2.0,closed,mi_site,23,0.054516167828469575,0.36053702758691236,0.4705708333333333
13,2.0,closed,mi_site,24,0.0044593307636073,0.13838523146335327,0.4705708333333333
13,2.0,closed,mi_site,25,0.1244052238745435,0.2965898497328318,0.4705708333333333
13,2.0,closed,mi_site,26,0.011771402041468041,-0.001318768414409449,0.4705708333333333
13,2.0,closed,mi_site,27,-0.011959713894202837,-0.0014666306867902974,0.4705708333333333
13,2.0,closed,mi_site,28,-0.04410595929035002,-0.24167094302443684,0.4705708333333333
13,2.0,closed,mi_site,29,0.0008228522284856902,0.0059731488784958275,0.4705708333333333
13,2.0,closed,mi_site,30,0.018773535199182234,-0.8816853044623318,0.4705708333333333
13,2.0,closed,mi_site,31,-0.021630301151547737,-0.8522651422434941,0.4705708333333333
13,2.0,closed,mi_site,32,0.05241911272701372,-0.7668047010217481,0.4705708333333333
13,2.0,closed,mi_site,33,-0.1565453213793428,0.4924568488825479,0.4705708333333333
13,2.0,closed,mi_site,34,-0.04963577490912435,0.013807039149772438,0.4705708333333333
13,2.0,closed,mi_site,35,0.01568462040444535,0.012364596242342636,0.4705708333333333
13,2.0,closed,mi_site,36,0.023723442076812984,0.5750455709389802,0.4705708333333333
13,2.0,closed,mi_site,37,-0.0021311315331391315,-0.012002963007853577,0.4705708333333333
13,2.0,closed,mi_site,38,0.0014378360078005636,0.8197720436462789,0.4705708333333333
13,2.0,closed,mi_site,39,-0.01769837092149773,0.8881361142347014,0.4705708333333333
13,2.0,closed,mi_site,40,0.06386232555653815,-0.75327166479847,0.4705708333333333
13,2.0,closed,mi_site,41,0.025145129024666396,-0.01784127489406197,0.4705708333333333
13,2.0,closed,mi_site,42,-0.011914129939534605,-0.016611846902082866,0.4705708333333333
13,2.0,closed,mi_site,43,0.018802463942832914,-0.5504497037615396,0.4705708333333333
13,2.0,closed,mi_site,44,0.007947965775469532,0.010951025396086883,0.4705708333333333
13,2.0,closed,mi_site,45,-0.028209734825716537,0.6665649256644449,0.4705708333333333
13,2.0,closed,mi_site,46,0.09548466495680696,-0.5838996827786936,0.4705708333333333
13,2.0,closed,mi_site,47,0.07207182860652586,-0.01135570143130903,0.4705708333333333
13,2.0,closed,mi_site,48,-0.010262996071015355,-0.013440648187939224,0.4705708333333333
13,2.0,closed,mi_site,49,-0.04687481472428534,-0.6773547477983737,0.4705708333333333
13,2.0,closed,mi_site,50,0.006150750511951969,0.011907145154622266,0.4705708333333333
13,2.0,closed,mi_site,51,0.06410455235917445,-0.768346047086748,0.4705708333333333
13,2.0,closed,mi_site,52,0.006449915639979249,-0.020119051098452096,0.4705708333333333
13,2.0,closed,mi_site,53,0.021412774487267083,0.12517501354705698,0.4705708333333333
13,2.0,closed,mi_site,54,0.04833983800529307,-0.44521000321318904,0.4705708333333333
13,2.0,closed,mi_site,55,-0.016962394091480343,-0.08434900519848394,0.4705708333333333
13,2.0,closed,mi_site,56,-0.0048859904390702695,0.018076215092977344,0.4705708333333333
13,2.0,closed,mi_site,57,0.007359583864638319,0.020533362804637863,0.4705708333333333
13,2.0,closed,mi_site,58,-0.07796399898713668,0.3916222512512048,0.4705708333333333
13,2.0,closed,mi_site,59,-0.010186035386932798,-0.010797629677421029,0.4705708333333333
13,2.0,closed,mi_site,60,0.010851589530314917,-0.023499816278894244,0.4705708333333333
13,2.0,closed,mi_site,61,-0.09735451983576215,-0.4816188020850677,0.4705708333333333
13,2.0,closed,mi_site,62,0.012568395820899025,0.37419254964691673,0.4705708333333333
13,2.0,closed,mi_site,63,-0.0026715974033632,0.015100335020590416,0.4705708333333333
13,2.0,closed,mi_site,64,-0.04062831228857533,-0.6846508988021422,0.4705708333333333
13,2.0,closed,mi_site,65,-0.011559142744566014,-0.18886347237057316,0.4705708333333333
