rep,gamma,alignment,estimator,pair,signed_err,truth,miss_rate
17,0.0,aligned,available,0,-0.0003973267446168993,-0.7708443417825757,0.4690875
17,0.0,aligned,available,1,-0.000755559289844776,0.4609372710750881,0.4690875
17,0.0,aligned,available,2,0.01327109916021485,-0.6241437320269175,0.4690875
17,0.0,aligned,available,3,-0.009078580239349043,-0.5382247236531083,0.4690875
17,0.0,aligned,available,4,-0.010843502564861385,0.5034759960070803,0.4690875
17,0.0,aligned,available,5,0.002282937798467888,-0.47021205348819034,0.4690875
17,0.0,aligned,available,6,0.0031183273629998842,0.6098538578797585,0.4690875
17,0.0,aligned,available,7,-0.002949566531758152,-0.6278290727915167,0.4690875
17,0.0,aligned,available,8,0.004213826712510749,-0.4556144470027392,0.4690875
17,0.0,aligned,available,9,-0.002567380445213985,0.4490502273281969,0.4690875
17,0.0,aligned,available,10,0.006404277025803479,-0.003108376086095883,0.4690875
17,0.0,aligned,available,11,-0.005593281303170938,-0.5941249765828395,0.4690875
17,0.0,aligned,available,12,0.003719117762597035,0.8077426902250604,0.4690875
17,0.0,aligned,available,13,0.005337642535239717,0.6958289935686736,0.4690875
17,0.0,aligned,available,14,0.004308181970973712,-0.6617419775956974,0.4690875
17,0.0,aligned,available,15,-0.002497386525928791,0.6129437980108835,0.4690875
17,0.0,aligned,available,16,0.0021798561802582883,-0.7901812679724961,0.4690875
17,0.0,aligned,available,17,0.003059223474434214,0.8106899303345151,0.4690875
17,0.0,aligned,available,18,-0.00398602633159284,0.5859292587325479,0.4690875
17,0.0,aligned,available,19,0.0009050087571320642,-0.5784730300810572,0.4690875
17,0.0,aligned,available,20,0.004582349903406066,0.001879287337730826,0.4690875
17,0.0,aligned,available,21,-0.007241074302374084,-0.8712721533139707,0.4690875
17,0.0,aligned,available,22,-0.0021794857582631,-0.8864581763844532,0.4690875
17,0.0,aligned,available,23,0.013259252612691619,0.3919270758308654,0.4690875
17,0.0,aligned,available,24,-0.011031162380595233,-0.22030460151137526,0.4690875
17,0.0,aligned,available,25,0.004067100260333023,0.3260547191255439,0.4690875
17,0.0,aligned,available,26,-0.0022819073581732408,-0.847991307958961,0.4690875
17,0.0,aligned,available,27,0.0005287598853915831,-0.9484285110232451,0.4690875
17,0.0,aligned,available,28,-0.00043645340929376886,0.9701696672370634,0.4690875
17,0.0,aligned,available,29,-0.0043215022598864575,0.0008518883395877773,0.4690875
17,0.0,aligned,available,30,0.009819255811150396,0.8635754307060706,0.4690875
17,0.0,aligned,available,31,0.009797972781616315,-0.5338550708466239,0.4690875
17,0.0,aligned,available,32,0.017651490276305637,0.4959158939335868,0.4690875
17,0.0,aligned,available,33,-0.007523716444217232,-0.6396113072909864,0.4690875
17,0.0,aligned,available,34,0.0024825198203837218,0.9414789658852415,0.4690875
17,0.0,aligned,available,35,0.0030857421122154616,0.8470517122545012,0.4690875
17,0.0,aligned,available,36,-0.0031698225735302676,-0.8463543533673252,0.4690875
17,0.0,aligned,available,37,0.0010111426250476027,0.0027367978576213073,0.4690875
17,0.0,aligned,available,38,-0.008860253256859574,-0.4609527139539934,0.4690875
17,0.0,aligned,available,39,0.0055434333284301585,0.4312784169979143,0.4690875
17,0.0,aligned,available,40,-0.0020222097026200148,-0.5542823752449862,0.4690875
17,0.0,aligned,available,41,0.00379323791474917,0.8758096773039319,0.4690875
17,0.0,aligned,available,42,0.003476963863850435,0.8322570318913342,0.4690875
17,0.0,aligned,available,43,0.00250447286239619,-0.8604052149569792,0.4690875
17,0.0,aligned,available,44,0.003978589814167051,0.0014853479423706253,0.4690875
17,0.0,aligned,available,45,0.002655631641769962,-0.5916842153297085,0.4690875
17,0.0,aligned,available,46,-0.005200354852215483,0.5246412066896506,0.4690875
17,0.0,aligned,available,47,-0.002981765594650798,-0.5372619818298979,0.4690875
17,0.0,aligned,available,48,0.013136420096748924,-0.30969552677025414,0.4690875
17,0.0,aligned,available,49,0.0005158469175340907,0.3818021380148276,0.4690875
17,0.0,aligned,available,50,0.0048615197975798545,-0.005798094336134237,0.4690875
17,0.0,aligned,available,51,8.332370013153234e-05,-0.8627951486666863,0.4690875
17,0.0,aligned,available,52,0.008120933590519797,0.5692915674063483,0.4690875
17,0.0,aligned,available,53,-0.0024798697258705815,0.0884079224222456,0.4690875
17,0.0,aligned,available,54,-0.003246465513856822,-0.2167190179620172,0.4690875
17,0.0,aligned,available,55,0.007148220990604527,0.005070495836452612,0.4690875
17,0.0,aligned,available,56,-0.006245835288942958,-0.7114455427876801,0.4690875
17,0.0,aligned,available,57,0.0067211250512838605,-0.2951645748843849,0.4690875
17,0.0,aligned,available,58,-0.0041295902000751394,0.3186068604221789,0.4690875
17,0.0,aligned,available,59,-0.004509665455568678,-0.0017030707045078114,0.4690875
17,0.0,aligned,available,60,-0.0011166760510219476,0.849241274651607,0.4690875
17,0.0,aligned,available,61,0.0021842358752143243,-0.8519968595556733,0.4690875
17,0.0,aligned,available,62,0.003290772318834817,0.004605707209205412,0.4690875
17,0.0,aligned,available,63,0.0015380860157456766,-0.9401558696660006,0.4690875
17,0.0,aligned,available,64,0.005622814035195064,0.00044926643808004493,0.4690875
17,0.0,aligned,available,65,-0.0025322560562067433,-0.0017918052827101706,0.4690875
17,0.0,aligned,mi_obs,0,-0.04334347701843744,-0.7708443417825757,0.4690875
17,0.0,aligned,mi_obs,1,0.013753949153640643,0.4609372710750881,0.4690875
17,0.0,aligned,mi_obs,2,-0.034728946768734614,-0.6241437320269175,0.4690875
17,0.0,aligned,mi_obs,3,-0.01061606529768111,-0.5382247236531083,0.4690875
17,0.0,aligned,mi_obs,4,0.03474843644098358,0.5034759960070803,0.4690875
17,0.0,aligned,mi_obs,5,0.10539026529454348,-0.47021205348819034,0.4690875
17,0.0,aligned,mi_obs,6,-0.0022667196290572234,0.6098538578797585,0.4690875
17,0.0,aligned,mi_obs,7,-0.021391757809753664,-0.6278290727915167,0.4690875
17,0.0,aligned,mi_obs,8,-0.018468777421027982,-0.4556144470027392,0.4690875
17,0.0,aligned,mi_obs,9,0.015587245470684297,0.4490502273281969,0.4690875
17,0.0,aligned,mi_obs,10,-0.007018728235951987,-0.003108376086095883,0.4690875
17,0.0,aligned,mi_obs,11,-0.0003077884529913977,-0.5941249765828395,0.4690875
17,0.0,aligned,mi_obs,12,0.040667143264844774,0.8077426902250604,0.4690875
17,0.0,aligned,mi_obs,13,-0.005417652243788984,0.6958289935686736,0.4690875
17,0.0,aligned,mi_obs,14,-0.06635393424717484,-0.6617419775956974,0.4690875
17,0.0,aligned,mi_obs,15,-0.13824376364015384,0.6129437980108835,0.4690875
17,0.0,aligned,mi_obs,16,0.04135225847587276,-0.7901812679724961,0.4690875
17,0.0,aligned,mi_obs,17,-0.005315831771905866,0.8106899303345151,0.4690875
17,0.0,aligned,mi_obs,18,0.00998952368684658,0.5859292587325479,0.4690875
17,0.0,aligned,mi_obs,19,-0.009755652434746964,-0.5784730300810572,0.4690875
17,0.0,aligned,mi_obs,20,0.0036482244543965476,0.001879287337730826,0.4690875
17,0.0,aligned,mi_obs,21,-0.01267314098331207,-0.8712721533139707,0.4690875
17,0.0,aligned,mi_obs,22,-0.03756879299627547,-0.8864581763844532,0.4690875
17,0.0,aligned,mi_obs,23,0.046035747313783515,0.3919270758308654,0.4690875
17,0.0,aligned,mi_obs,24,0.16396802666087407,-0.22030460151137526,0.4690875
17,0.0,aligned,mi_obs,25,-0.11412703707321534,0.3260547191255439,0.4690875
17,0.0,aligned,mi_obs,26,-0.00675022809276371,-0.847991307958961,0.4690875
17,0.0,aligned,mi_obs,27,-0.005127793971518746,-0.9484285110232451,0.4690875
17,0.0,aligned,mi_obs,28,0.010272848484120689,0.9701696672370634,0.4690875
17,0.0,aligned,mi_obs,29,-0.0017921590273690057,0.0008518883395877773,0.4690875
17,0.0,aligned,mi_obs,30,0.011605661395242106,0.8635754307060706,0.4690875
17,0.0,aligned,mi_obs,31,-0.03935379815380291,-0.5338550708466239,0.4690875
17,0.0,aligned,mi_obs,32,-0.183156267934924,0.4959158939335868,0.4690875
17,0.0,aligned,mi_obs,33,0.08903902145192488,-0.6396113072909864,0.4690875
17,0.0,aligned,mi_obs,34,0.013563622189475488,0.9414789658852415,0.4690875
17,0.0,aligned,mi_obs,35,0.024926553284837838,0.8470517122545012,0.4690875
17,0.0,aligned,mi_obs,36,-0.023006513403973194,-0.8463543533673252,0.4690875
17,0.0,aligned,mi_obs,37,0.01627010629894762,0.0027367978576213073,0.4690875
17,0.0,aligned,mi_obs,38,-0.056286150365374876,-0.4609527139539934,0.4690875
17,0.0,aligned,mi_obs,39,-0.1651618184095348,0.4312784169979143,0.4690875
17,0.0,aligned,mi_obs,40,0.11448918427953769,-0.5542823752449862,0.4690875
17,0.0,aligned,mi_obs,41,0.012208061242165003,0.8758096773039319,0.4690875
17,0.0,aligned,mi_obs,42,0.03624463360985597,0.8322570318913342,0.4690875
17,0.0,aligned,mi_obs,43,-0.030803867392311557,-0.8604052149569792,0.4690875
17,0.0,aligned,mi_obs,44,0.0036299103033069773,0.0014853479423706253,0.4690875
17,0.0,aligned,mi_obs,45,0.025941332787788984,-0.5916842153297085,0.4690875
17,0.0,aligned,mi_obs,46,0.033895898978742234,0.5246412066896506,0.4690875
17,0.0,aligned,mi_obs,47,-0.04073053981510477,-0.5372619818298979,0.4690875
17,0.0,aligned,mi_obs,48,-0.038708600080711975,-0.30969552677025414,0.4690875
17,0.0,aligned,mi_obs,49,0.04796191950063161,0.3818021380148276,0.4690875
17,0.0,aligned,mi_obs,50,-0.0014435857915878108,-0.005798094336134237,0.4690875
17,0.0,aligned,mi_obs,51,0.03805698283489034,-0.8627951486666863,0.4690875
17,0.0,aligned,mi_obs,52,-0.16510908600953017,0.5692915674063483,0.4690875
17,0.0,aligned,mi_obs,53,-0.16166427437336764,0.0884079224222456,0.4690875
17,0.0,aligned,mi_obs,54,0.1549674998136263,-0.2167190179620172,0.4690875
17,0.0,aligned,mi_obs,55,0.006816486108415201,0.005070495836452612,0.4690875
17,0.0,aligned,mi_obs,56,0.08631825767697765,-0.7114455427876801,0.4690875
17,0.0,aligned,mi_obs,57,0.089652028792399,-0.2951645748843849,0.4690875
17,0.0,aligned,mi_obs,58,-0.10707879276372842,0.3186068604221789,0.4690875
17,0.0,aligned,mi_obs,59,-0.007705992327742086,-0.0017030707045078114,0.4690875
17,0.0,aligned,mi_obs,60,0.01877831826748011,0.849241274651607,0.4690875
17,0.0,aligned,mi_obs,61,-0.01465587311043215,-0.8519968595556733,0.4690875
17,0.0,aligned,mi_obs,62,0.007392442120970313,0.004605707209205412,0.4690875
17,0.0,aligned,mi_obs,63,-0.010401260712366578,-0.9401558696660006,0.4690875
17,0.0,aligned,mi_obs,64,0.007355371881313631,0.00044926643808004493,0.4690875
17,0.0,aligned,mi_obs,65,-0.007453908702426179,-0.0017918052827101706,0.4690875
17,0.0,aligned,mi_class,0,0.010490864819623469,-0.7708443417825757,0.4690875
17,0.0,aligned,mi_class,1,-0.06250795138447324,0.4609372710750881,0.4690875
17,0.0,aligned,mi_class,2,-0.024906873476666536,-0.6241437320269175,0.4690875
17,0.0,aligned,mi_class,3,0.10606536248370235,-0.5382247236531083,0.4690875
17,0.0,aligned,mi_class,4,-0.10829617783890344,0.5034759960070803,0.4690875
17,0.0,aligned,mi_class,5,0.09212333335202921,-0.47021205348819034,0.4690875
17,0.0,aligned,mi_class,6,-0.20718001335266345,0.6098538578797585,0.4690875
17,0.0,aligned,mi_class,7,0.14763078666611934,-0.6278290727915167,0.4690875
17,0.0,aligned,mi_class,8,0.05347204645278858,-0.4556144470027392,0.4690875
17,0.0,aligned,mi_class,9,0.013672286033041159,0.4490502273281969,0.4690875
17,0.0,aligned,mi_class,10,0.006411176486953749,-0.003108376086095883,0.4690875
17,0.0,aligned,mi_class,11,0.09407998476941215,-0.5941249765828395,0.4690875
17,0.0,aligned,mi_class,12,-0.08949035014944384,0.8077426902250604,0.4690875
17,0.0,aligned,mi_class,13,-0.21236155027240317,0.6958289935686736,0.4690875
17,0.0,aligned,mi_class,14,0.23327554596958316,-0.6617419775956974,0.4690875
17,0.0,aligned,mi_class,15,-0.2056272171297388,0.6129437980108835,0.4690875
17,0.0,aligned,mi_class,16,0.41140033325501507,-0.7901812679724961,0.4690875
17,0.0,aligned,mi_class,17,-0.3013892887899502,0.8106899303345151,0.4690875
17,0.0,aligned,mi_class,18,-0.13279364981128416,0.5859292587325479,0.4690875
17,0.0,aligned,mi_class,19,0.018731899849611322,-0.5784730300810572,0.4690875
17,0.0,aligned,mi_class,20,0.0040917730487832335,0.001879287337730826,0.4690875
17,0.0,aligned,mi_class,21,0.21685181894887728,-0.8712721533139707,0.4690875
17,0.0,aligned,mi_class,22,0.33739664726211493,-0.8864581763844532,0.4690875
17,0.0,aligned,mi_class,23,-0.19758184048793165,0.3919270758308654,0.4690875
17,0.0,aligned,mi_class,24,0.10534951857175663,-0.22030460151137526,0.4690875
17,0.0,aligned,mi_class,25,-0.4130396466822266,0.3260547191255439,0.4690875
17,0.0,aligned,mi_class,26,0.429837599625977,-0.847991307958961,0.4690875
17,0.0,aligned,mi_class,27,0.26884469499008146,-0.9484285110232451,0.4690875
17,0.0,aligned,mi_class,28,-0.1270261111077221,0.9701696672370634,0.4690875
17,0.0,aligned,mi_class,29,-0.0031391519293179357,0.0008518883395877773,0.4690875
17,0.0,aligned,mi_class,30,-0.11063917810891455,0.8635754307060706,0.4690875
17,0.0,aligned,mi_class,31,0.11384707713014258,-0.5338550708466239,0.4690875
17,0.0,aligned,mi_class,32,-0.1035281025362002,0.4959158939335868,0.4690875
17,0.0,aligned,mi_class,33,0.3657906181830212,-0.6396113072909864,0.4690875
17,0.0,aligned,mi_class,34,-0.1863726720346598,0.9414789658852415,0.4690875
17,0.0,aligned,mi_class,35,-0.030010959002220172,0.8470517122545012,0.4690875
17,0.0,aligned,mi_class,36,0.07688019795277534,-0.8463543533673252,0.4690875
17,0.0,aligned,mi_class,37,0.005366949682188523,0.0027367978576213073,0.4690875
17,0.0,aligned,mi_class,38,0.049337419866698484,-0.4609527139539934,0.4690875
17,0.0,aligned,mi_class,39,-0.04101859694617005,0.4312784169979143,0.4690875
17,0.0,aligned,mi_class,40,0.3340416339291078,-0.5542823752449862,0.4690875
17,0.0,aligned,mi_class,41,-0.12220025431172532,0.8758096773039319,0.4690875
17,0.0,aligned,mi_class,42,-0.13153200974036428,0.8322570318913342,0.4690875
17,0.0,aligned,mi_class,43,0.1403609105301219,-0.8604052149569792,0.4690875
17,0.0,aligned,mi_class,44,-7.254665512410746e-06,0.0014853479423706253,0.4690875
17,0.0,aligned,mi_class,45,0.012223296748923751,-0.5916842153297085,0.4690875
17,0.0,aligned,mi_class,46,-0.19524735879928923,0.5246412066896506,0.4690875
17,0.0,aligned,mi_class,47,0.03819803437323216,-0.5372619818298979,0.4690875
17,0.0,aligned,mi_class,48,0.07782425722661743,-0.30969552677025414,0.4690875
17,0.0,aligned,mi_class,49,-0.08964645191735188,0.3818021380148276,0.4690875
17,0.0,aligned,mi_class,50,0.007740917246365782,-0.005798094336134237,0.4690875
17,0.0,aligned,mi_class,51,0.3037402518616804,-0.8627951486666863,0.4690875
17,0.0,aligned,mi_class,52,-0.018139115917047866,0.5692915674063483,0.4690875
17,0.0,aligned,mi_class,53,-0.013882688177806565,0.0884079224222456,0.4690875
17,0.0,aligned,mi_class,54,0.04698661824600847,-0.2167190179620172,0.4690875
17,0.0,aligned,mi_class,55,0.004678650726366648,0.005070495836452612,0.4690875
17,0.0,aligned,mi_class,56,0.24604947485814005,-0.7114455427876801,0.4690875
17,0.0,aligned,mi_class,57,0.28331356277136327,-0.2951645748843849,0.4690875
17,0.0,aligned,mi_class,58,-0.3597268873914356,0.3186068604221789,0.4690875
17,0.0,aligned,mi_class,59,-0.010544539745853542,-0.0017030707045078114,0.4690875
17,0.0,aligned,mi_class,60,-0.1356756579586348,0.849241274651607,0.4690875
17,0.0,aligned,mi_class,61,0.2231654971691469,-0.8519968595556733,0.4690875
17,0.0,aligned,mi_class,62,-0.00028163117952514655,0.004605707209205412,0.4690875
17,0.0,aligned,mi_class,63,0.12701192965766683,-0.9401558696660006,0.4690875
17,0.0,aligned,mi_class,64,-0.0023573645027191656,0.00044926643808004493,0.4690875
17,0.0,aligned,mi_class,65,-0.00562973845302342,-0.0017918052827101706,0.4690875
17,0.0,aligned,mi_site,0,0.03165578305829997,-0.7708443417825757,0.4690875
17,0.0,aligned,mi_site,1,-0.04917469711752381,0.4609372710750881,0.4690875
17,0.0,aligned,mi_site,2,0.11944451797111377,-0.6241437320269175,0.4690875
17,0.0,aligned,mi_site,3,0.0566427916586274,-0.5382247236531083,0.4690875
17,0.0,aligned,mi_site,4,-0.009114263966711167,0.5034759960070803,0.4690875
17,0.0,aligned,mi_site,5,0.16557847493371536,-0.47021205348819034,0.4690875
17,0.0,aligned,mi_site,6,-0.09130456181970636,0.6098538578797585,0.4690875
17,0.0,aligned,mi_site,7,0.06273077523310555,-0.6278290727915167,0.4690875
17,0.0,aligned,mi_site,8,0.02975404549857008,-0.4556144470027392,0.4690875
17,0.0,aligned,mi_site,9,-0.03022611747933346,0.4490502273281969,0.4690875
17,0.0,aligned,mi_site,10,-0.002563498038467001,-0.003108376086095883,0.4690875
17,0.0,aligned,mi_site,11,0.050915388649033666,-0.5941249765828395,0.4690875
17,0.0,aligned,mi_site,12,-0.11061842212535267,0.8077426902250604,0.4690875
17,0.0,aligned,mi_site,13,-0.06162926119253398,0.6958289935686736,0.4690875
17,0.0,aligned,mi_site,14,-0.038385184837970154,-0.6617419775956974,0.4690875
17,0.0,aligned,mi_site,15,-0.16585864708346865,0.6129437980108835,0.4690875
17,0.0,aligned,mi_site,16,0.08513315567434654,-0.7901812679724961,0.4690875
17,0.0,aligned,mi_site,17,-0.0484695254981814,0.8106899303345151,0.4690875
17,0.0,aligned,mi_site,18,-0.017320821681078846,0.5859292587325479,0.4690875
17,0.0,aligned,mi_site,19,0.023570244280860186,-0.5784730300810572,0.4690875
17,0.0,aligned,mi_site,20,0.0011677145493491838,0.001879287337730826,0.4690875
17,0.0,aligned,mi_site,21,0.06523252702005367,-0.8712721533139707,0.4690875
17,0.0,aligned,mi_site,22,0.023224169008523754,-0.8864581763844532,0.4690875
17,0.0,aligned,mi_site,23,0.027461804877913554,0.3919270758308654,0.4690875
17,0.0,aligned,mi_site,24,0.1693981400435306,-0.22030460151137526,0.4690875
17,0.0,aligned,mi_site,25,-0.12726233469712833,0.3260547191255439,0.4690875
17,0.0,aligned,mi_site,26,0.019451796702257607,-0.847991307958961,0.4690875
17,0.0,aligned,mi_site,27,0.01828347501979144,-0.9484285110232451,0.4690875
17,0.0,aligned,mi_site,28,-0.023538537382891356,0.9701696672370634,0.4690875
17,0.0,aligned,mi_site,29,-0.007250498269527529,0.0008518883395877773,0.4690875
17,0.0,aligned,mi_site,30,-0.07783570643785753,0.8635754307060706,0.4690875
17,0.0,aligned,mi_site,31,0.03780902403441777,-0.5338550708466239,0.4690875
17,0.0,aligned,mi_site,32,-0.17941294752903147,0.4959158939335868,0.4690875
17,0.0,aligned,mi_site,33,0.13157571442991922,-0.6396113072909864,0.4690875
17,0.0,aligned,mi_site,34,-0.07905031441399235,0.9414789658852415,0.4690875
17,0.0,aligned,mi_site,35,-0.07279511407183403,0.8470517122545012,0.4690875
17,0.0,aligned,mi_site,36,0.0682024221956894,-0.8463543533673252,0.4690875
17,0.0,aligned,mi_site,37,0.012146548358474566,0.0027367978576213073,0.4690875
17,0.0,aligned,mi_site,38,-0.031000418795490703,-0.4609527139539934,0.4690875
17,0.0,aligned,mi_site,39,-0.15397193409515875,0.4312784169979143,0.4690875
17,0.0,aligned,mi_site,40,0.11591555421890587,-0.5542823752449862,0.4690875
17,0.0,aligned,mi_site,41,-0.00406101992276664,0.8758096773039319,0.4690875
17,0.0,aligned,mi_site,42,0.011505932694907406,0.8322570318913342,0.4690875
17,0.0,aligned,mi_site,43,0.009018608848922693,-0.8604052149569792,0.4690875
17,0.0,aligned,mi_site,44,0.007159444095832478,0.0014853479423706253,0.4690875
17,0.0,aligned,mi_site,45,0.06818325064248365,-0.5916842153297085,0.4690875
17,0.0,aligned,mi_site,46,-0.002459794978916352,0.5246412066896506,0.4690875
17,0.0,aligned,mi_site,47,-0.027368753670631518,-0.5372619818298979,0.4690875
17,0.0,aligned,mi_site,48,-0.05040918582050424,-0.30969552677025414,0.4690875
17,0.0,aligned,mi_site,49,0.044792240164716446,0.3818021380148276,0.4690875
17,0.0,aligned,mi_site,50,0.0027490233569290637,-0.005798094336134237,0.4690875
17,0.0,aligned,mi_site,51,0.031459878866925584,-0.8627951486666863,0.4690875
17,0.0,aligned,mi_site,52,-0.15090458749712649,0.5692915674063483,0.4690875
17,0.0,aligned,mi_site,53,-0.1483892978790795,0.0884079224222456,0.4690875
17,0.0,aligned,mi_site,54,0.15150785395029756,-0.2167190179620172,0.4690875
17,0.0,aligned,mi_site,55,0.005355983472909053,0.005070495836452612,0.4690875
17,0.0,aligned,mi_site,56,0.08852432761171891,-0.7114455427876801,0.4690875
17,0.0,aligned,mi_site,57,0.09328357202154747,-0.2951645748843849,0.4690875
17,0.0,aligned,mi_site,58,-0.11082865558880803,0.3186068604221789,0.4690875
17,0.0,aligned,mi_site,59,-0.00494207915996893,-0.0017030707045078114,0.4690875
17,0.0,aligned,mi_site,60,0.014796623164766154,0.849241274651607,0.4690875
17,0.0,aligned,mi_site,61,0.001508815512788364,-0.8519968595556733,0.4690875
17,0.0,aligned,mi_site,62,0.004221644873578649,0.004605707209205412,0.4690875
17,0.0,aligned,mi_site,63,0.0026806555797752596,-0.9401558696660006,0.4690875
17,0.0,aligned,mi_site,64,0.005739472672936874,0.00044926643808004493,0.4690875
17,0.0,aligned,mi_site,65,-0.0068131453141312736,-0.0017918052827101706,0.4690875
17,0.0,closed,available,0,0.0033536067202528663,-0.7708443417825757,0.4690875
17,0.0,closed,available,1,-0.0024914987313451875,0.4609372710750881,0.4690875
17,0.0,closed,available,2,-0.014880608002675766,-0.6241437320269175,0.4690875
17,0.0,closed,available,3,0.013869151692489479,-0.5382247236531083,0.4690875
17,0.0,closed,available,4,-0.005589393682515709,0.5034759960070803,0.4690875
17,0.0,closed,available,5,-0.0002998798896035604,-0.47021205348819034,0.4690875
17,0.0,closed,available,6,-0.002816934263728643,0.6098538578797585,0.4690875
17,0.0,closed,available,7,0.001482477577060437,-0.6278290727915167,0.4690875
17,0.0,closed,available,8,0.005534104791676486,-0.4556144470027392,0.4690875
17,0.0,closed,available,9,0.004448792507148469,0.4490502273281969,0.4690875
17,0.0,closed,available,10,0.0003558447016612336,-0.003108376086095883,0.4690875
17,0.0,closed,available,11,0.010156138067045073,-0.5941249765828395,0.4690875
17,0.0,closed,available,12,-0.011561824124755926,0.8077426902250604,0.4690875
17,0.0,closed,available,13,-0.006746155400646825,0.6958289935686736,0.4690875
17,0.0,closed,available,14,-0.0041634259578879895,-0.6617419775956974,0.4690875
17,0.0,closed,available,15,-0.00642869530944834,0.6129437980108835,0.4690875
17,0.0,closed,available,16,0.005758994447786714,-0.7901812679724961,0.4690875
17,0.0,closed,available,17,-0.0037275914958709855,0.8106899303345151,0.4690875
17,0.0,closed,available,18,0.0034643252919939194,0.5859292587325479,0.4690875
17,0.0,closed,available,19,-0.0047315955984941205,-0.5784730300810572,0.4690875
17,0.0,closed,available,20,-0.001322752905474141,0.001879287337730826,0.4690875
17,0.0,closed,available,21,-0.0023025367113325146,-0.8712721533139707,0.4690875
17,0.0,closed,available,22,0.0020262199949038218,-0.8864581763844532,0.4690875
17,0.0,closed,available,23,0.0020658028466500333,0.3919270758308654,0.4690875
17,0.0,closed,available,24,0.007745399194536928,-0.22030460151137526,0.4690875
17,0.0,closed,available,25,-0.020087767014791813,0.3260547191255439,0.4690875
17,0.0,closed,available,26,0.002475772290846945,-0.847991307958961,0.4690875
17,0.0,closed,available,27,0.0007168543299952423,-0.9484285110232451,0.4690875
17,0.0,closed,available,28,4.2678196076173514e-05,0.9701696672370634,0.4690875
17,0.0,closed,available,29,0.000978826923805589,0.0008518883395877773,0.4690875
17,0.0,closed,available,30,-0.007818192398256651,0.8635754307060706,0.4690875
17,0.0,closed,available,31,0.021981131884395655,-0.5338550708466239,0.4690875
17,0.0,closed,available,32,-0.0230225963665997,0.4959158939335868,0.4690875
17,0.0,closed,available,33,0.021519752429223438,-0.6396113072909864,0.4690875
17,0.0,closed,available,34,-0.00551868164188607,0.9414789658852415,0.4690875
17,0.0,closed,available,35,-0.0017051519142085025,0.8470517122545012,0.4690875
17,0.0,closed,available,36,-0.00063325197372055,-0.8463543533673252,0.4690875
17,0.0,closed,available,37,0.01823481129770318,0.0027367978576213073,0.4690875
17,0.0,closed,available,38,0.011907927546342956,-0.4609527139539934,0.4690875
17,0.0,closed,available,39,-0.009066934100279589,0.4312784169979143,0.4690875
17,0.0,closed,available,40,0.007715153375651873,-0.5542823752449862,0.4690875
17,0.0,closed,available,41,-0.0015355440966601241,0.8758096773039319,0.4690875
17,0.0,closed,available,42,-0.0030996686116858685,0.8322570318913342,0.4690875
17,0.0,closed,available,43,0.0005914055061500001,-0.8604052149569792,0.4690875
17,0.0,closed,available,44,-0.011838793617990362,0.0014853479423706253,0.4690875
17,0.0,closed,available,45,-0.0016565127047895034,-0.5916842153297085,0.4690875
17,0.0,closed,available,46,-0.0012897809583803932,0.5246412066896506,0.4690875
17,0.0,closed,available,47,0.0027134341968955145,-0.5372619818298979,0.4690875
17,0.0,closed,available,48,0.004556456447731727,-0.30969552677025414,0.4690875
17,0.0,closed,available,49,-0.002346909803296271,0.3818021380148276,0.4690875
17,0.0,closed,available,50,0.007178301780993486,-0.005798094336134237,0.4690875
17,0.0,closed,available,51,0.00013297147871926818,-0.8627951486666863,0.4690875
17,0.0,closed,available,52,-0.007096937038239215,0.5692915674063483,0.4690875
17,0.0,closed,available,53,0.00018824887604847185,0.0884079224222456,0.4690875
17,0.0,closed,available,54,0.016239963215872594,-0.2167190179620172,0.4690875
17,0.0,closed,available,55,0.0001363948540625973,0.005070495836452612,0.4690875
17,0.0,closed,available,56,0.008414389194903893,-0.7114455427876801,0.4690875
17,0.0,closed,available,57,-0.0009036369711153402,-0.2951645748843849,0.4690875
17,0.0,closed,available,58,-0.01594855651656729,0.3186068604221789,0.4690875
17,0.0,closed,available,59,-0.0009640227900338339,-0.0017030707045078114,0.4690875
17,0.0,closed,available,60,-0.0058465959344058405,0.849241274651607,0.4690875
17,0.0,closed,available,61,0.004426806895326152,-0.8519968595556733,0.4690875
17,0.0,closed,available,62,-0.006824151581536686,0.004605707209205412,0.4690875
17,0.0,closed,available,63,0.0013162300708490227,-0.9401558696660006,0.4690875
17,0.0,closed,available,64,0.005237935884241385,0.00044926643808004493,0.4690875
17,0.0,closed,available,65,-0.005472383752288643,-0.0017918052827101706,0.4690875
17,0.0,closed,mi_obs,0,-0.04394174165900455,-0.7708443417825757,0.4690875
17,0.0,closed,mi_obs,1,0.022871569570865447,0.4609372710750881,0.4690875
17,0.0,closed,mi_obs,2,-0.039052575776693854,-0.6241437320269175,0.4690875
17,0.0,closed,mi_obs,3,-0.0010571281356882567,-0.5382247236531083,0.4690875
17,0.0,closed,mi_obs,4,0.027406042371923678,0.5034759960070803,0.4690875
17,0.0,closed,mi_obs,5,0.09880309929961867,-0.47021205348819034,0.4690875
17,0.0,closed,mi_obs,6,0.009320808822747106,0.6098538578797585,0.4690875
17,0.0,closed,mi_obs,7,-0.023844551006009573,-0.6278290727915167,0.4690875
17,0.0,closed,mi_obs,8,-0.012244562632331757,-0.4556144470027392,0.4690875
17,0.0,closed,mi_obs,9,0.018795028460038332,0.4490502273281969,0.4690875
17,0.0,closed,mi_obs,10,-0.002614822548746379,-0.003108376086095883,0.4690875
17,0.0,closed,mi_obs,11,-0.000640017111422031,-0.5941249765828395,0.4690875
17,0.0,closed,mi_obs,12,0.031812003884703954,0.8077426902250604,0.4690875
17,0.0,closed,mi_obs,13,-0.010009481677725085,0.6958289935686736,0.4690875
17,0.0,closed,mi_obs,14,-0.06473350992725935,-0.6617419775956974,0.4690875
17,0.0,closed,mi_obs,15,-0.14221408962063659,0.6129437980108835,0.4690875
17,0.0,closed,mi_obs,16,0.037669313589880904,-0.7901812679724961,0.4690875
17,0.0,closed,mi_obs,17,-0.009715027966622491,0.8106899303345151,0.4690875
17,0.0,closed,mi_obs,18,0.004625498578761822,0.5859292587325479,0.4690875
17,0.0,closed,mi_obs,19,-0.007175400319749059,-0.5784730300810572,0.4690875
17,0.0,closed,mi_obs,20,-0.0019669844313208182,0.001879287337730826,0.4690875
17,0.0,closed,mi_obs,21,-0.019230094626752958,-0.8712721533139707,0.4690875
17,0.0,closed,mi_obs,22,-0.0372296898498935,-0.8864581763844532,0.4690875
17,0.0,closed,mi_obs,23,0.02572032130984081,0.3919270758308654,0.4690875
17,0.0,closed,mi_obs,24,0.15948373837412477,-0.22030460151137526,0.4690875
17,0.0,closed,mi_obs,25,-0.10080026769421324,0.3260547191255439,0.4690875
17,0.0,closed,mi_obs,26,-0.0126232015043104,-0.847991307958961,0.4690875
17,0.0,closed,mi_obs,27,-0.005793268203449942,-0.9484285110232451,0.4690875
17,0.0,closed,mi_obs,28,0.01129024647359489,0.9701696672370634,0.4690875
17,0.0,closed,mi_obs,29,0.0006594210931220074,0.0008518883395877773,0.4690875
17,0.0,closed,mi_obs,30,0.005337352866776834,0.8635754307060706,0.4690875
17,0.0,closed,mi_obs,31,-0.01876112072174352,-0.5338550708466239,0.4690875
17,0.0,closed,mi_obs,32,-0.18419689895968,0.4959158939335868,0.4690875
17,0.0,closed,mi_obs,33,0.08022692916612972,-0.6396113072909864,0.4690875
17,0.0,closed,mi_obs,34,0.011190753172823698,0.9414789658852415,0.4690875
17,0.0,closed,mi_obs,35,0.023588372280136882,0.8470517122545012,0.4690875
17,0.0,closed,mi_obs,36,-0.02653515074235757,-0.8463543533673252,0.4690875
17,0.0,closed,mi_obs,37,-0.0028227400767998198,0.0027367978576213073,0.4690875
17,0.0,closed,mi_obs,38,-0.03786332447776297,-0.4609527139539934,0.4690875
17,0.0,closed,mi_obs,39,-0.16879557916036125,0.4312784169979143,0.4690875
17,0.0,closed,mi_obs,40,0.11229423898572438,-0.5542823752449862,0.4690875
17,0.0,closed,mi_obs,41,0.012183597418052639,0.8758096773039319,0.4690875
17,0.0,closed,mi_obs,42,0.03812322775836818,0.8322570318913342,0.4690875
17,0.0,closed,mi_obs,43,-0.03584549338677945,-0.8604052149569792,0.4690875
17,0.0,closed,mi_obs,44,-0.003196084464802803,0.0014853479423706253,0.4690875
17,0.0,closed,mi_obs,45,0.014163542490643666,-0.5916842153297085,0.4690875
17,0.0,closed,mi_obs,46,0.041398661705861484,0.5246412066896506,0.4690875
17,0.0,closed,mi_obs,47,-0.027898258874122894,-0.5372619818298979,0.4690875
17,0.0,closed,mi_obs,48,-0.01702418738213951,-0.30969552677025414,0.4690875
17,0.0,closed,mi_obs,49,0.03443839094546569,0.3818021380148276,0.4690875
17,0.0,closed,mi_obs,50,0.0060071568943103415,-0.005798094336134237,0.4690875
17,0.0,closed,mi_obs,51,0.04149593760052994,-0.8627951486666863,0.4690875
17,0.0,closed,mi_obs,52,-0.17445770699955743,0.5692915674063483,0.4690875
17,0.0,closed,mi_obs,53,-0.16866757615478892,0.0884079224222456,0.4690875
17,0.0,closed,mi_obs,54,0.15769768569177972,-0.2167190179620172,0.4690875
17,0.0,closed,mi_obs,55,-0.0038461840812257873,0.005070495836452612,0.4690875
17,0.0,closed,mi_obs,56,0.0861711738141141,-0.7114455427876801,0.4690875
17,0.0,closed,mi_obs,57,0.08890139814695874,-0.2951645748843849,0.4690875
17,0.0,closed,mi_obs,58,-0.09990453904230409,0.3186068604221789,0.4690875
17,0.0,closed,mi_obs,59,0.004525965841352742,-0.0017030707045078114,0.4690875
17,0.0,closed,mi_obs,60,0.01965114026276593,0.849241274651607,0.4690875
17,0.0,closed,mi_obs,61,-0.01745489683149426,-0.8519968595556733,0.4690875
17,0.0,closed,mi_obs,62,-0.004775484653142337,0.004605707209205412,0.4690875
17,0.0,closed,mi_obs,63,-0.010597154078289317,-0.9401558696660006,0.4690875
17,0.0,closed,mi_obs,64,-0.001394585973683895,0.00044926643808004493,0.4690875
17,0.0,closed,mi_obs,65,-0.0010538166826314641,-0.0017918052827101706,0.4690875
17,0.0,closed,mi_class,0,0.01339836584843257,-0.7708443417825757,0.4690875
17,0.0,closed,mi_class,1,-0.03451192312133533,0.4609372710750881,0.4690875
17,0.0,closed,mi_class,2,-0.03130352617219634,-0.6241437320269175,0.4690875
17,0.0,closed,mi_class,3,0.22036372475145394,-0.5382247236531083,0.4690875
17,0.0,closed,mi_class,4,-0.10894240984311254,0.5034759960070803,0.4690875
17,0.0,closed,mi_class,5,0.09210775520440606,-0.47021205348819034,0.4690875
17,0.0,closed,mi_class,6,-0.06225806601209338,0.6098538578797585,0.4690875
17,0.0,closed,mi_class,7,0.13110201958593576,-0.6278290727915167,0.4690875
17,0.0,closed,mi_class,8,0.013332497337903315,-0.4556144470027392,0.4690875
17,0.0,closed,mi_class,9,0.03551278072406977,0.4490502273281969,0.4690875
17,0.0,closed,mi_class,10,0.010068654262433138,-0.003108376086095883,0.4690875
17,0.0,closed,mi_class,11,0.09960034331593187,-0.5941249765828395,0.4690875
17,0.0,closed,mi_class,12,-0.12084005902755146,0.8077426902250604,0.4690875
17,0.0,closed,mi_class,13,-0.37135731485212486,0.6958289935686736,0.4690875
17,0.0,closed,mi_class,14,0.2501411222760497,-0.6617419775956974,0.4690875
17,0.0,closed,mi_class,15,-0.21408725403306655,0.6129437980108835,0.4690875
17,0.0,closed,mi_class,16,0.21176383687685363,-0.7901812679724961,0.4690875
17,0.0,closed,mi_class,17,-0.29352414934248106,0.8106899303345151,0.4690875
17,0.0,closed,mi_class,18,-0.11137952441854132,0.5859292587325479,0.4690875
17,0.0,closed,mi_class,19,0.01642334429764758,-0.5784730300810572,0.4690875
17,0.0,closed,mi_class,20,-0.006450011210040415,0.001879287337730826,0.4690875
17,0.0,closed,mi_class,21,0.1702467717032239,-0.8712721533139707,0.4690875
17,0.0,closed,mi_class,22,0.5750364314307975,-0.8864581763844532,0.4690875
17,0.0,closed,mi_class,23,-0.2077077389889672,0.3919270758308654,0.4690875
17,0.0,closed,mi_class,24,0.11319134652228643,-0.22030460151137526,0.4690875
17,0.0,closed,mi_class,25,-0.055302830154168925,0.3260547191255439,0.4690875
17,0.0,closed,mi_class,26,0.4280422225367226,-0.847991307958961,0.4690875
17,0.0,closed,mi_class,27,0.2414694239264895,-0.9484285110232451,0.4690875
17,0.0,closed,mi_class,28,-0.11936729119986766,0.9701696672370634,0.4690875
17,0.0,closed,mi_class,29,-0.02675052692318991,0.0008518883395877773,0.4690875
17,0.0,closed,mi_class,30,-0.3927523273853227,0.8635754307060706,0.4690875
17,0.0,closed,mi_class,31,0.13696956321278347,-0.5338550708466239,0.4690875
17,0.0,closed,mi_class,32,-0.1332254690780959,0.4959158939335868,0.4690875
17,0.0,closed,mi_class,33,0.18650299468602322,-0.6396113072909864,0.4690875
17,0.0,closed,mi_class,34,-0.20730953784506523,0.9414789658852415,0.4690875
17,0.0,closed,mi_class,35,-0.01700991453266376,0.8470517122545012,0.4690875
17,0.0,closed,mi_class,36,0.008481098344685134,-0.8463543533673252,0.4690875
17,0.0,closed,mi_class,37,-0.0938478893508777,0.0027367978576213073,0.4690875
17,0.0,closed,mi_class,38,0.1119940226092696,-0.4609527139539934,0.4690875
17,0.0,closed,mi_class,39,-0.09734217207190654,0.4312784169979143,0.4690875
17,0.0,closed,mi_class,40,0.09805149029383692,-0.5542823752449862,0.4690875
17,0.0,closed,mi_class,41,-0.19707797653119974,0.8758096773039319,0.4690875
17,0.0,closed,mi_class,42,-0.38681899048362467,0.8322570318913342,0.4690875
17,0.0,closed,mi_class,43,0.3814647260787842,-0.8604052149569792,0.4690875
17,0.0,closed,mi_class,44,-0.007001812800874778,0.0014853479423706253,0.4690875
17,0.0,closed,mi_class,45,0.005943599686559109,-0.5916842153297085,0.4690875
17,0.0,closed,mi_class,46,-0.05115759612795695,0.5246412066896506,0.4690875
17,0.0,closed,mi_class,47,0.0209468247573128,-0.5372619818298979,0.4690875
17,0.0,closed,mi_class,48,0.0859802374266598,-0.30969552677025414,0.4690875
17,0.0,closed,mi_class,49,-0.10036489795310516,0.3818021380148276,0.4690875
17,0.0,closed,mi_class,50,0.008250229391908575,-0.005798094336134237,0.4690875
17,0.0,closed,mi_class,51,0.07360981286514134,-0.8627951486666863,0.4690875
17,0.0,closed,mi_class,52,-0.011651167198210577,0.5692915674063483,0.4690875
17,0.0,closed,mi_class,53,-0.03166878764323902,0.0884079224222456,0.4690875
17,0.0,closed,mi_class,54,0.060608366551111625,-0.2167190179620172,0.4690875
17,0.0,closed,mi_class,55,-0.001173144936719021,0.005070495836452612,0.4690875
17,0.0,closed,mi_class,56,0.09332289153687301,-0.7114455427876801,0.4690875
17,0.0,closed,mi_class,57,0.11756046980577628,-0.2951645748843849,0.4690875
17,0.0,closed,mi_class,58,0.000476965188914269,0.3186068604221789,0.4690875
17,0.0,closed,mi_class,59,-0.06799416039604103,-0.0017030707045078114,0.4690875
17,0.0,closed,mi_class,60,-0.16231688265905064,0.849241274651607,0.4690875
17,0.0,closed,mi_class,61,0.2122389793643339,-0.8519968595556733,0.4690875
17,0.0,closed,mi_class,62,-0.004186000431425559,0.004605707209205412,0.4690875
17,0.0,closed,mi_class,63,0.08895000122199892,-0.9401558696660006,0.4690875
17,0.0,closed,mi_class,64,0.004420558838892516,0.00044926643808004493,0.4690875
17,0.0,closed,mi_class,65,0.0021930984774010793,-0.0017918052827101706,0.4690875
17,0.0,closed,mi_site,0,-0.03027711947062539,-0.7708443417825757,0.4690875
17,0.0,closed,mi_site,1,0.016651816540952713,0.4609372710750881,0.4690875
17,0.0,closed,mi_site,2,-0.04498658139261613,-0.6241437320269175,0.4690875
17,0.0,closed,mi_site,3,0.007497249450546306,-0.5382247236531083,0.4690875
17,0.0,closed,mi_site,4,0.03552695951655893,0.5034759960070803,0.4690875
17,0.0,closed,mi_site,5,0.12540457975269775,-0.47021205348819034,0.4690875
17,0.0,closed,mi_site,6,-0.027522856043803445,0.6098538578797585,0.4690875
17,0.0,closed,mi_site,7,-0.005497733244088865,-0.6278290727915167,0.4690875
17,0.0,closed,mi_site,8,-0.011566671023294395,-0.4556144470027392,0.4690875
17,0.0,closed,mi_site,9,0.017939536283841484,0.4490502273281969,0.4690875
17,0.0,closed,mi_site,10,0.0037536350806426848,-0.003108376086095883,0.4690875
17,0.0,closed,mi_site,11,0.0015773326907904117,-0.5941249765828395,0.4690875
17,0.0,closed,mi_site,12,0.020049830522986034,0.8077426902250604,0.4690875
17,0.0,closed,mi_site,13,-0.016988601041968643,0.6958289935686736,0.4690875
17,0.0,closed,mi_site,14,-0.05915069104163451,-0.6617419775956974,0.4690875
17,0.0,closed,mi_site,15,-0.16813795272108972,0.6129437980108835,0.4690875
17,0.0,closed,mi_site,16,0.0604017412052249,-0.7901812679724961,0.4690875
17,0.0,closed,mi_site,17,-0.016302342657087077,0.8106899303345151,0.4690875
17,0.0,closed,mi_site,18,0.003510130098035802,0.5859292587325479,0.4690875
17,0.0,closed,mi_site,19,-0.006788224831026368,-0.5784730300810572,0.4690875
17,0.0,closed,mi_site,20,-0.0024512743407475324,0.001879287337730826,0.4690875
17,0.0,closed,mi_site,21,-0.015077723629310924,-0.8712721533139707,0.4690875
17,0.0,closed,mi_site,22,-0.03291325346441476,-0.8864581763844532,0.4690875
17,0.0,closed,mi_site,23,0.02789611095953265,0.3919270758308654,0.4690875
17,0.0,closed,mi_site,24,0.17118750919733156,-0.22030460151137526,0.4690875
17,0.0,closed,mi_site,25,-0.1176536030056145,0.3260547191255439,0.4690875
17,0.0,closed,mi_site,26,-0.008448849755560817,-0.847991307958961,0.4690875
17,0.0,closed,mi_site,27,-0.003681768222671855,-0.9484285110232451,0.4690875
17,0.0,closed,mi_site,28,0.009018322849953075,0.9701696672370634,0.4690875
17,0.0,closed,mi_site,29,-0.002589345630243006,0.0008518883395877773,0.4690875
17,0.0,closed,mi_site,30,0.005727905708876602,0.8635754307060706,0.4690875
17,0.0,closed,mi_site,31,-0.029036833459889277,-0.5338550708466239,0.4690875
17,0.0,closed,mi_site,32,-0.19256639984675222,0.4959158939335868,0.4690875
17,0.0,closed,mi_site,33,0.09825966270712172,-0.6396113072909864,0.4690875
17,0.0,closed,mi_site,34,0.007779572597521378,0.9414789658852415,0.4690875
17,0.0,closed,mi_site,35,0.01848583046282848,0.8470517122545012,0.4690875
17,0.0,closed,mi_site,36,-0.02353679944613274,-0.8463543533673252,0.4690875
17,0.0,closed,mi_site,37,0.006036303236402216,0.0027367978576213073,0.4690875
17,0.0,closed,mi_site,38,-0.02910458759861312,-0.4609527139539934,0.4690875
17,0.0,closed,mi_site,39,-0.17803388790084324,0.4312784169979143,0.4690875
17,0.0,closed,mi_site,40,0.12325868541103657,-0.5542823752449862,0.4690875
17,0.0,closed,mi_site,41,0.010921581629399046,0.8758096773039319,0.4690875
17,0.0,closed,mi_site,42,0.03393136212213754,0.8322570318913342,0.4690875
17,0.0,closed,mi_site,43,-0.03305530764372122,-0.8604052149569792,0.4690875
17,0.0,closed,mi_site,44,0.0004301535241789023,0.0014853479423706253,0.4690875
17,0.0,closed,mi_site,45,0.03575082772902993,-0.5916842153297085,0.4690875
17,0.0,closed,mi_site,46,0.020452793812841485,0.5246412066896506,0.4690875
17,0.0,closed,mi_site,47,-0.02338337693107273,-0.5372619818298979,0.4690875
17,0.0,closed,mi_site,48,-0.014611675654983614,-0.30969552677025414,0.4690875
17,0.0,closed,mi_site,49,0.03327445674555801,0.3818021380148276,0.4690875
17,0.0,closed,mi_site,50,0.0021319365595814433,-0.005798094336134237,0.4690875
17,0.0,closed,mi_site,51,0.0469641044850273,-0.8627951486666863,0.4690875
17,0.0,closed,mi_site,52,-0.18375645098705118,0.5692915674063483,0.4690875
17,0.0,closed,mi_site,53,-0.1823662307801818,0.0884079224222456,0.4690875
17,0.0,closed,mi_site,54,0.1687174592866245,-0.2167190179620172,0.4690875
17,0.0,closed,mi_site,55,-0.007419109465887621,0.005070495836452612,0.4690875
17,0.0,closed,mi_site,56,0.09749410054044672,-0.7114455427876801,0.4690875
17,0.0,closed,mi_site,57,0.10584445524753061,-0.2951645748843849,0.4690875
17,0.0,closed,mi_site,58,-0.1154335477343432,0.3186068604221789,0.4690875
17,0.0,closed,mi_site,59,0.007940288555540829,-0.0017030707045078114,0.4690875
17,0.0,closed,mi_site,60,0.015986881605996817,0.849241274651607,0.4690875
17,0.0,closed,mi_site,61,-0.01415110259354213,-0.8519968595556733,0.4690875
17,0.0,closed,mi_site,62,-0.0034068777128576904,0.004605707209205412,0.4690875
17,0.0,closed,mi_site,63,-0.008827491413486488,-0.9401558696660006,0.4690875
17,0.0,closed,mi_site,64,-0.0009155596717618521,0.00044926643808004493,0.4690875
17,0.0,closed,mi_site,65,-0.00289333232711986,-0.0017918052827101706,0.4690875
17,1.0,aligned,available,0,-0.0018340926544855307,-0.7742083667045134,0.4690875
17,1.0,aligned,available,1,0.004608717629180026,0.4692440420623541,0.4690875
17,1.0,aligned,available,2,0.001478669822771228,-0.6298717988235578,0.4690875
17,1.0,aligned,available,3,-0.007951351075216606,-0.5474268412024634,0.4690875
17,1.0,aligned,available,4,-0.011465987065432615,0.5100346366564764,0.4690875
17,1.0,aligned,available,5,0.0027856841717397995,-0.47802482976576616,0.4690875
17,1.0,aligned,available,6,0.002690280910134457,0.6171979714508968,0.4690875
17,1.0,aligned,available,7,-0.0013921360013413597,-0.63451742271281,0.4690875
17,1.0,aligned,available,8,0.000565502141776475,-0.46436249057986073,0.4690875
17,1.0,aligned,available,9,-0.0019671424204650845,0.4576617588934426,0.4690875
17,1.0,aligned,available,10,0.0060772601875173,-0.011002554459631306,0.4690875
17,1.0,aligned,available,11,-0.007628404820638646,-0.598434985317282,0.4690875
17,1.0,aligned,available,12,0.0063197743920035965,0.8084847152369011,0.4690875
17,1.0,aligned,available,13,-0.00017804598136206273,0.7006872311718951,0.4690875
17,1.0,aligned,available,14,0.00526152050475559,-0.6679948149951648,0.4690875
17,1.0,aligned,available,15,-0.004488542335382761,0.6200115564171669,0.4690875
17,1.0,aligned,available,16,0.0027694711025919583,-0.7957643024768069,0.4690875
17,1.0,aligned,available,17,0.00016219354906210626,0.8127750864792681,0.4690875
17,1.0,aligned,available,18,-0.004269811725954642,0.5910995077519816,0.4690875
17,1.0,aligned,available,19,0.0018874803665831497,-0.583131077414176,0.4690875
17,1.0,aligned,available,20,0.004705553015608357,0.004732622464645346,0.4690875
17,1.0,aligned,available,21,-0.00763014891757563,-0.8755581242563353,0.4690875
17,1.0,aligned,available,22,-0.0012344520203595444,-0.8898128683430245,0.4690875
17,1.0,aligned,available,23,0.013720668703184502,0.3984759663759903,0.4690875
17,1.0,aligned,available,24,-0.00880889944056032,-0.23199897395525046,0.4690875
17,1.0,aligned,available,25,0.002270281023161902,0.337542422373022,0.4690875
17,1.0,aligned,available,26,-0.0012147703911831176,-0.8524456740813511,0.4690875
17,1.0,aligned,available,27,-6.234215966882672e-05,-0.950171608974338,0.4690875
17,1.0,aligned,available,28,-0.000408891675967582,0.9711952631845107,0.4690875
17,1.0,aligned,available,29,0.00014103927478375643,-0.006221717733582755,0.4690875
17,1.0,aligned,available,30,0.009044287502206538,0.8686123135445863,0.4690875
17,1.0,aligned,available,31,0.010357168956212193,-0.5393510929116878,0.4690875
17,1.0,aligned,available,32,0.014721343210800653,0.5031229350724099,0.4690875
17,1.0,aligned,available,33,-0.006806795148937783,-0.645060427494761,0.4690875
17,1.0,aligned,available,34,0.0019262685329939355,0.9436996311469478,0.4690875
17,1.0,aligned,available,35,0.005085508111243087,0.8521094397572461,0.4690875
17,1.0,aligned,available,36,-0.003983987555172708,-0.8513223978091154,0.4690875
17,1.0,aligned,available,37,0.005238475206459746,0.009219290726824435,0.4690875
17,1.0,aligned,available,38,-0.006331461414702866,-0.46847311709616596,0.4690875
17,1.0,aligned,available,39,0.0024759398345204353,0.44001820100831684,0.4690875
17,1.0,aligned,available,40,0.0016989988757978303,-0.5622508502336697,0.4690875
17,1.0,aligned,available,41,0.002238093383579498,0.8802066106130987,0.4690875
17,1.0,aligned,available,42,0.0026540313742586807,0.8374944048130026,0.4690875
17,1.0,aligned,available,43,0.004240937542443923,-0.8645399343748763,0.4690875
17,1.0,aligned,available,44,0.005103259951599727,0.008458797079097819,0.4690875
17,1.0,aligned,available,45,0.0035084762553598825,-0.5975623273870175,0.4690875
17,1.0,aligned,available,46,-0.005817791403062933,0.5332743042651026,0.4690875
17,1.0,aligned,available,47,-0.001415855899057128,-0.5436480147563573,0.4690875
17,1.0,aligned,available,48,0.017209365325767223,-0.3186116759841167,0.4690875
17,1.0,aligned,available,49,-0.003938519911994454,0.3884825866135953,0.4690875
17,1.0,aligned,available,50,0.00412557060693613,-0.00712837989032958,0.4690875
17,1.0,aligned,available,51,0.0004566904582302689,-0.8647335410127452,0.4690875
17,1.0,aligned,available,52,0.0063307044864342465,0.575288697910055,0.4690875
17,1.0,aligned,available,53,-0.005588695461778523,0.10328825641490336,0.4690875
17,1.0,aligned,available,54,0.0019300758990074274,-0.2281693236833407,0.4690875
17,1.0,aligned,available,55,0.007744896777650128,0.0072962646360563935,0.4690875
17,1.0,aligned,available,56,-0.004152479953837829,-0.7157561148680098,0.4690875
17,1.0,aligned,available,57,0.009434885480708866,-0.3077369731120082,0.4690875
17,1.0,aligned,available,58,-0.010103404657261561,0.32995884593815483,0.4690875
17,1.0,aligned,available,59,-0.004923491970612961,-0.004612180260692335,0.4690875
17,1.0,aligned,available,60,-0.0014207163403066048,0.8536661769484339,0.4690875
17,1.0,aligned,available,61,0.004098228185723807,-0.8560917155184389,0.4690875
17,1.0,aligned,available,62,0.00515083852078305,0.010874927644179928,0.4690875
17,1.0,aligned,available,63,0.0011000923148872799,-0.942146863399689,0.4690875
17,1.0,aligned,available,64,0.002247024970932845,0.007211493931248852,0.4690875
17,1.0,aligned,available,65,0.0010819980306191069,-0.008642775416949603,0.4690875
17,1.0,aligned,mi_obs,0,-0.04388385690488528,-0.7742083667045134,0.4690875
17,1.0,aligned,mi_obs,1,0.016492056796780064,0.4692440420623541,0.4690875
17,1.0,aligned,mi_obs,2,-0.03890297027085077,-0.6298717988235578,0.4690875
17,1.0,aligned,mi_obs,3,-0.012239721203497367,-0.5474268412024634,0.4690875
17,1.0,aligned,mi_obs,4,0.03620007512050216,0.5100346366564764,0.4690875
17,1.0,aligned,mi_obs,5,0.11096911727831299,-0.47802482976576616,0.4690875
17,1.0,aligned,mi_obs,6,-0.005572418829078329,0.6171979714508968,0.4690875
17,1.0,aligned,mi_obs,7,-0.021658905283733154,-0.63451742271281,0.4690875
17,1.0,aligned,mi_obs,8,-0.018521521588881595,-0.46436249057986073,0.4690875
17,1.0,aligned,mi_obs,9,0.017474647800596987,0.4576617588934426,0.4690875
17,1.0,aligned,mi_obs,10,-0.01064583373548492,-0.011002554459631306,0.4690875
17,1.0,aligned,mi_obs,11,-0.001290762308683302,-0.598434985317282,0.4690875
17,1.0,aligned,mi_obs,12,0.04075647641767732,0.8084847152369011,0.4690875
17,1.0,aligned,mi_obs,13,-0.005429985057716302,0.7006872311718951,0.4690875
17,1.0,aligned,mi_obs,14,-0.06610630952292562,-0.6679948149951648,0.4690875
17,1.0,aligned,mi_obs,15,-0.14408072107044012,0.6200115564171669,0.4690875
17,1.0,aligned,mi_obs,16,0.043913676876164986,-0.7957643024768069,0.4690875
17,1.0,aligned,mi_obs,17,-0.005216680194913059,0.8127750864792681,0.4690875
17,1.0,aligned,mi_obs,18,0.009647106844031361,0.5910995077519816,0.4690875
17,1.0,aligned,mi_obs,19,-0.010127576647228409,-0.583131077414176,0.4690875
17,1.0,aligned,mi_obs,20,0.006620988175105125,0.004732622464645346,0.4690875
17,1.0,aligned,mi_obs,21,-0.012360348551498146,-0.8755581242563353,0.4690875
17,1.0,aligned,mi_obs,22,-0.036113360286657126,-0.8898128683430245,0.4690875
17,1.0,aligned,mi_obs,23,0.04680623106468945,0.3984759663759903,0.4690875
17,1.0,aligned,mi_obs,24,0.17027350619651066,-0.23199897395525046,0.4690875
17,1.0,aligned,mi_obs,25,-0.11777370043905616,0.337542422373022,0.4690875
17,1.0,aligned,mi_obs,26,-0.0058905187481166355,-0.8524456740813511,0.4690875
17,1.0,aligned,mi_obs,27,-0.004858743760919548,-0.950171608974338,0.4690875
17,1.0,aligned,mi_obs,28,0.009898901207880395,0.9711952631845107,0.4690875
17,1.0,aligned,mi_obs,29,-0.003168375309135673,-0.006221717733582755,0.4690875
17,1.0,aligned,mi_obs,30,0.01020218150390606,0.8686123135445863,0.4690875
17,1.0,aligned,mi_obs,31,-0.04101439017225039,-0.5393510929116878,0.4690875
17,1.0,aligned,mi_obs,32,-0.1920649922879305,0.5031229350724099,0.4690875
17,1.0,aligned,mi_obs,33,0.0942101385652444,-0.645060427494761,0.4690875
17,1.0,aligned,mi_obs,34,0.011758550093354914,0.9436996311469478,0.4690875
17,1.0,aligned,mi_obs,35,0.024131077300072024,0.8521094397572461,0.4690875
17,1.0,aligned,mi_obs,36,-0.021887543310156632,-0.8513223978091154,0.4690875
17,1.0,aligned,mi_obs,37,0.021557928513426326,0.009219290726824435,0.4690875
17,1.0,aligned,mi_obs,38,-0.05647871876781091,-0.46847311709616596,0.4690875
17,1.0,aligned,mi_obs,39,-0.16985010820028978,0.44001820100831684,0.4690875
17,1.0,aligned,mi_obs,40,0.11688812018592831,-0.5622508502336697,0.4690875
17,1.0,aligned,mi_obs,41,0.011168782291778534,0.8802066106130987,0.4690875
17,1.0,aligned,mi_obs,42,0.034184009224932366,0.8374944048130026,0.4690875
17,1.0,aligned,mi_obs,43,-0.029390853479347778,-0.8645399343748763,0.4690875
17,1.0,aligned,mi_obs,44,0.005124533404062177,0.008458797079097819,0.4690875
17,1.0,aligned,mi_obs,45,0.02903060300570115,-0.5975623273870175,0.4690875
17,1.0,aligned,mi_obs,46,0.03319454552137269,0.5332743042651026,0.4690875
17,1.0,aligned,mi_obs,47,-0.04148343302291557,-0.5436480147563573,0.4690875
17,1.0,aligned,mi_obs,48,-0.03860661610032473,-0.3186116759841167,0.4690875
17,1.0,aligned,mi_obs,49,0.04827009056432102,0.3884825866135953,0.4690875
17,1.0,aligned,mi_obs,50,-0.004233286354286062,-0.00712837989032958,0.4690875
17,1.0,aligned,mi_obs,51,0.03940692767578635,-0.8647335410127452,0.4690875
17,1.0,aligned,mi_obs,52,-0.16951471627310272,0.575288697910055,0.4690875
17,1.0,aligned,mi_obs,53,-0.16924772892052903,0.10328825641490336,0.4690875
17,1.0,aligned,mi_obs,54,0.16190274069963678,-0.2281693236833407,0.4690875
17,1.0,aligned,mi_obs,55,0.007110596506978916,0.0072962646360563935,0.4690875
17,1.0,aligned,mi_obs,56,0.088313017746118,-0.7157561148680098,0.4690875
17,1.0,aligned,mi_obs,57,0.09498220381573741,-0.3077369731120082,0.4690875
17,1.0,aligned,mi_obs,58,-0.1113114216886576,0.32995884593815483,0.4690875
17,1.0,aligned,mi_obs,59,-0.008569182947223985,-0.004612180260692335,0.4690875
17,1.0,aligned,mi_obs,60,0.01721430848765504,0.8536661769484339,0.4690875
17,1.0,aligned,mi_obs,61,-0.013282113339303403,-0.8560917155184389,0.4690875
17,1.0,aligned,mi_obs,62,0.008805311344751023,0.010874927644179928,0.4690875
17,1.0,aligned,mi_obs,63,-0.009979212674519955,-0.942146863399689,0.4690875
17,1.0,aligned,mi_obs,64,0.008221725375352495,0.007211493931248852,0.4690875
17,1.0,aligned,mi_obs,65,-0.008919220813673497,-0.008642775416949603,0.4690875
17,1.0,aligned,mi_class,0,0.00894110638208756,-0.7742083667045134,0.4690875
17,1.0,aligned,mi_class,1,-0.05354843437768897,0.4692440420623541,0.4690875
17,1.0,aligned,mi_class,2,-0.020946937215383432,-0.6298717988235578,0.4690875
17,1.0,aligned,mi_class,3,0.09454964890980988,-0.5474268412024634,0.4690875
17,1.0,aligned,mi_class,4,-0.10973118108365998,0.5100346366564764,0.4690875
17,1.0,aligned,mi_class,5,0.0928907973067859,-0.47802482976576616,0.4690875
17,1.0,aligned,mi_class,6,-0.21922165816959083,0.6171979714508968,0.4690875
17,1.0,aligned,mi_class,7,0.13633868035226554,-0.63451742271281,0.4690875
17,1.0,aligned,mi_class,8,0.03699376943964383,-0.46436249057986073,0.4690875
17,1.0,aligned,mi_class,9,0.0216482830685375,0.4576617588934426,0.4690875
17,1.0,aligned,mi_class,10,0.005423806054534633,-0.011002554459631306,0.4690875
17,1.0,aligned,mi_class,11,0.09185300048620848,-0.598434985317282,0.4690875
17,1.0,aligned,mi_class,12,-0.11523634984748188,0.8084847152369011,0.4690875
17,1.0,aligned,mi_class,13,-0.21991827136696102,0.7006872311718951,0.4690875
17,1.0,aligned,mi_class,14,0.23946776997581065,-0.6679948149951648,0.4690875
17,1.0,aligned,mi_class,15,-0.21080375082639036,0.6200115564171669,0.4690875
17,1.0,aligned,mi_class,16,0.4499046099449289,-0.7957643024768069,0.4690875
17,1.0,aligned,mi_class,17,-0.2984032696682539,0.8127750864792681,0.4690875
17,1.0,aligned,mi_class,18,-0.1129411541650403,0.5910995077519816,0.4690875
17,1.0,aligned,mi_class,19,0.018852240428584244,-0.583131077414176,0.4690875
17,1.0,aligned,mi_class,20,0.0068260919803163735,0.004732622464645346,0.4690875
17,1.0,aligned,mi_class,21,0.2634447134936334,-0.8755581242563353,0.4690875
17,1.0,aligned,mi_class,22,0.339671255353729,-0.8898128683430245,0.4690875
17,1.0,aligned,mi_class,23,-0.20278590431598809,0.3984759663759903,0.4690875
17,1.0,aligned,mi_class,24,0.1109868809195454,-0.23199897395525046,0.4690875
17,1.0,aligned,mi_class,25,-0.41456495358448175,0.337542422373022,0.4690875
17,1.0,aligned,mi_class,26,0.4325484504104523,-0.8524456740813511,0.4690875
17,1.0,aligned,mi_class,27,0.23858856273466278,-0.950171608974338,0.4690875
17,1.0,aligned,mi_class,28,-0.12101776228151839,0.9711952631845107,0.4690875
17,1.0,aligned,mi_class,29,-0.0024804215223897773,-0.006221717733582755,0.4690875
17,1.0,aligned,mi_class,30,-0.15160449005456522,0.8686123135445863,0.4690875
17,1.0,aligned,mi_class,31,0.14310911743948246,-0.5393510929116878,0.4690875
17,1.0,aligned,mi_class,32,-0.12986766928037435,0.5031229350724099,0.4690875
17,1.0,aligned,mi_class,33,0.3713591733937736,-0.645060427494761,0.4690875
17,1.0,aligned,mi_class,34,-0.21994960240905603,0.9436996311469478,0.4690875
17,1.0,aligned,mi_class,35,-0.0331642400201122,0.8521094397572461,0.4690875
17,1.0,aligned,mi_class,36,0.13725010090945722,-0.8513223978091154,0.4690875
17,1.0,aligned,mi_class,37,0.004366658160711943,0.009219290726824435,0.4690875
17,1.0,aligned,mi_class,38,0.05602363364150903,-0.46847311709616596,0.4690875
17,1.0,aligned,mi_class,39,-0.04573646089556571,0.44001820100831684,0.4690875
17,1.0,aligned,mi_class,40,0.30813700687536066,-0.5622508502336697,0.4690875
17,1.0,aligned,mi_class,41,-0.11451573476167187,0.8802066106130987,0.4690875
17,1.0,aligned,mi_class,42,-0.11288549021951821,0.8374944048130026,0.4690875
17,1.0,aligned,mi_class,43,0.14628373653698035,-0.8645399343748763,0.4690875
17,1.0,aligned,mi_class,44,-0.005148943988168091,0.008458797079097819,0.4690875
17,1.0,aligned,mi_class,45,0.014341762992133078,-0.5975623273870175,0.4690875
17,1.0,aligned,mi_class,46,-0.23022812201738913,0.5332743042651026,0.4690875
17,1.0,aligned,mi_class,47,0.03613514301164433,-0.5436480147563573,0.4690875
17,1.0,aligned,mi_class,48,0.07533003639082295,-0.3186116759841167,0.4690875
17,1.0,aligned,mi_class,49,-0.09711062194074138,0.3884825866135953,0.4690875
17,1.0,aligned,mi_class,50,0.007087008536826871,-0.00712837989032958,0.4690875
17,1.0,aligned,mi_class,51,0.3526825969526154,-0.8647335410127452,0.4690875
17,1.0,aligned,mi_class,52,-0.008516968178646223,0.575288697910055,0.4690875
17,1.0,aligned,mi_class,53,-0.017392680622234022,0.10328825641490336,0.4690875
17,1.0,aligned,mi_class,54,0.05358064612723376,-0.2281693236833407,0.4690875
17,1.0,aligned,mi_class,55,0.005046873651904021,0.0072962646360563935,0.4690875
17,1.0,aligned,mi_class,56,0.2941745377371089,-0.7157561148680098,0.4690875
17,1.0,aligned,mi_class,57,0.3149927445012004,-0.3077369731120082,0.4690875
17,1.0,aligned,mi_class,58,-0.3653030510772304,0.32995884593815483,0.4690875
17,1.0,aligned,mi_class,59,0.020501014334918875,-0.004612180260692335,0.4690875
17,1.0,aligned,mi_class,60,-0.169918406069119,0.8536661769484339,0.4690875
17,1.0,aligned,mi_class,61,0.21632828243588353,-0.8560917155184389,0.4690875
17,1.0,aligned,mi_class,62,-0.0035924657680746234,0.010874927644179928,0.4690875
17,1.0,aligned,mi_class,63,0.0884114341076978,-0.942146863399689,0.4690875
17,1.0,aligned,mi_class,64,-0.006815024094932113,0.007211493931248852,0.4690875
17,1.0,aligned,mi_class,65,-0.007473108578880684,-0.008642775416949603,0.4690875
17,1.0,aligned,mi_site,0,0.03144626454084487,-0.7742083667045134,0.4690875
17,1.0,aligned,mi_site,1,-0.048952615351023465,0.4692440420623541,0.4690875
17,1.0,aligned,mi_site,2,0.11766143875415291,-0.6298717988235578,0.4690875
17,1.0,aligned,mi_site,3,0.056819628047958315,-0.5474268412024634,0.4690875
17,1.0,aligned,mi_site,4,-0.008831623663521193,0.5100346366564764,0.4690875
17,1.0,aligned,mi_site,5,0.16174280921715162,-0.47802482976576616,0.4690875
17,1.0,aligned,mi_site,6,-0.0881135374810742,0.6171979714508968,0.4690875
17,1.0,aligned,mi_site,7,0.06251758933739815,-0.63451742271281,0.4690875
17,1.0,aligned,mi_site,8,0.03219939509021735,-0.46436249057986073,0.4690875
17,1.0,aligned,mi_site,9,-0.031634933245658026,0.4576617588934426,0.4690875
17,1.0,aligned,mi_site,10,-0.0020249582408787357,-0.011002554459631306,0.4690875
17,1.0,aligned,mi_site,11,0.05043692621544438,-0.598434985317282,0.4690875
17,1.0,aligned,mi_site,12,-0.11095397380008609,0.8084847152369011,0.4690875
17,1.0,aligned,mi_site,13,-0.0651791946482464,0.7006872311718951,0.4690875
17,1.0,aligned,mi_site,14,-0.03827478887725355,-0.6679948149951648,0.4690875
17,1.0,aligned,mi_site,15,-0.1631882172936696,0.6200115564171669,0.4690875
17,1.0,aligned,mi_site,16,0.08226554176595102,-0.7957643024768069,0.4690875
17,1.0,aligned,mi_site,17,-0.04849233635018013,0.8127750864792681,0.4690875
17,1.0,aligned,mi_site,18,-0.01890396131556804,0.5910995077519816,0.4690875
17,1.0,aligned,mi_site,19,0.025558399593470615,-0.583131077414176,0.4690875
17,1.0,aligned,mi_site,20,0.0018018200358850345,0.004732622464645346,0.4690875
17,1.0,aligned,mi_site,21,0.0659049715943204,-0.8755581242563353,0.4690875
17,1.0,aligned,mi_site,22,0.025834948994580387,-0.8898128683430245,0.4690875
17,1.0,aligned,mi_site,23,0.025343875444268082,0.3984759663759903,0.4690875
17,1.0,aligned,mi_site,24,0.16282464570613503,-0.23199897395525046,0.4690875
17,1.0,aligned,mi_site,25,-0.11848898222316784,0.337542422373022,0.4690875
17,1.0,aligned,mi_site,26,0.0190158508406858,-0.8524456740813511,0.4690875
17,1.0,aligned,mi_site,27,0.017937629827233237,-0.950171608974338,0.4690875
17,1.0,aligned,mi_site,28,-0.023313611584729887,0.9711952631845107,0.4690875
17,1.0,aligned,mi_site,29,-0.008499530246149497,-0.006221717733582755,0.4690875
17,1.0,aligned,mi_site,30,-0.0770375477207993,0.8686123135445863,0.4690875
17,1.0,aligned,mi_site,31,0.03931514761796151,-0.5393510929116878,0.4690875
17,1.0,aligned,mi_site,32,-0.17775609486362548,0.5031229350724099,0.4690875
17,1.0,aligned,mi_site,33,0.13061467803607585,-0.645060427494761,0.4690875
17,1.0,aligned,mi_site,34,-0.0785642952054606,0.9436996311469478,0.4690875
17,1.0,aligned,mi_site,35,-0.07403228699730291,0.8521094397572461,0.4690875
17,1.0,aligned,mi_site,36,0.06852095700399607,-0.8513223978091154,0.4690875
17,1.0,aligned,mi_site,37,0.020494813587478657,0.009219290726824435,0.4690875
17,1.0,aligned,mi_site,38,-0.026426321858432078,-0.46847311709616596,0.4690875
17,1.0,aligned,mi_site,39,-0.15086143847493616,0.44001820100831684,0.4690875
17,1.0,aligned,mi_site,40,0.11266039703986358,-0.5622508502336697,0.4690875
17,1.0,aligned,mi_site,41,-0.007678791607938051,0.8802066106130987,0.4690875
17,1.0,aligned,mi_site,42,0.0077180677235385575,0.8374944048130026,0.4690875
17,1.0,aligned,mi_site,43,0.012313192056902733,-0.8645399343748763,0.4690875
17,1.0,aligned,mi_site,44,0.014510168370382742,0.008458797079097819,0.4690875
17,1.0,aligned,mi_site,45,0.0664690940027276,-0.5975623273870175,0.4690875
17,1.0,aligned,mi_site,46,-7.664760011183436e-05,0.5332743042651026,0.4690875
17,1.0,aligned,mi_site,47,-0.025383561694034995,-0.5436480147563573,0.4690875
17,1.0,aligned,mi_site,48,-0.04687128989089617,-0.3186116759841167,0.4690875
17,1.0,aligned,mi_site,49,0.04013867871131399,0.3884825866135953,0.4690875
17,1.0,aligned,mi_site,50,0.0008401708596216294,-0.00712837989032958,0.4690875
17,1.0,aligned,mi_site,51,0.030688335637581443,-0.8647335410127452,0.4690875
17,1.0,aligned,mi_site,52,-0.14488801816262042,0.575288697910055,0.4690875
17,1.0,aligned,mi_site,53,-0.14278066210729878,0.10328825641490336,0.4690875
17,1.0,aligned,mi_site,54,0.14813076581026857,-0.2281693236833407,0.4690875
17,1.0,aligned,mi_site,55,0.008965063861172845,0.0072962646360563935,0.4690875
17,1.0,aligned,mi_site,56,0.0819877770254499,-0.7157561148680098,0.4690875
17,1.0,aligned,mi_site,57,0.0865982484300992,-0.3077369731120082,0.4690875
17,1.0,aligned,mi_site,58,-0.10570919642778095,0.32995884593815483,0.4690875
17,1.0,aligned,mi_site,59,-0.007775683417059409,-0.004612180260692335,0.4690875
17,1.0,aligned,mi_site,60,0.014170229009873747,0.8536661769484339,0.4690875
17,1.0,aligned,mi_site,61,0.002911738132594599,-0.8560917155184389,0.4690875
17,1.0,aligned,mi_site,62,0.008780333382102618,0.010874927644179928,0.4690875
17,1.0,aligned,mi_site,63,0.0029319431305498966,-0.942146863399689,0.4690875
17,1.0,aligned,mi_site,64,0.007774413120163776,0.007211493931248852,0.4690875
17,1.0,aligned,mi_site,65,-0.008979187641696066,-0.008642775416949603,0.4690875
17,1.0,closed,available,0,-0.004681951334845724,-0.7742083667045134,0.4690875
17,1.0,closed,available,1,-0.006122617296319521,0.4692440420623541,0.4690875
17,1.0,closed,available,2,-0.007546551322053174,-0.6298717988235578,0.4690875
17,1.0,closed,available,3,0.004024888451197861,-0.5474268412024634,0.4690875
17,1.0,closed,available,4,0.0016968965095167654,0.5100346366564764,0.4690875
17,1.0,closed,available,5,0.0024244836614927268,-0.47802482976576616,0.4690875
17,1.0,closed,available,6,0.0018266399080705265,0.6171979714508968,0.4690875
17,1.0,closed,available,7,-0.008849477631610925,-0.63451742271281,0.4690875
17,1.0,closed,available,8,0.003899211194149821,-0.46436249057986073,0.4690875
17,1.0,closed,available,9,-0.002609440466597668,0.4576617588934426,0.4690875
17,1.0,closed,available,10,0.003978372839517039,-0.011002554459631306,0.4690875
17,1.0,closed,available,11,0.0022640430780798138,-0.598434985317282,0.4690875
17,1.0,closed,available,12,0.002997642353066876,0.8084847152369011,0.4690875
17,1.0,closed,available,13,0.0025918381515595,0.7006872311718951,0.4690875
17,1.0,closed,available,14,-0.0036844336944925615,-0.6679948149951648,0.4690875
17,1.0,closed,available,15,0.0035356551817613546,0.6200115564171669,0.4690875
17,1.0,closed,available,16,-0.004973113213510794,-0.7957643024768069,0.4690875
17,1.0,closed,available,17,0.0036489891928784823,0.8127750864792681,0.4690875
17,1.0,closed,available,18,-0.0036540457161474693,0.5910995077519816,0.4690875
17,1.0,closed,available,19,0.002822274910444178,-0.583131077414176,0.4690875
17,1.0,closed,available,20,0.006343577196071552,0.004732622464645346,0.4690875
17,1.0,closed,available,21,0.002085985546238067,-0.8755581242563353,0.4690875
17,1.0,closed,available,22,-7.889281373452128e-05,-0.8898128683430245,0.4690875
17,1.0,closed,available,23,-0.014158519463754182,0.3984759663759903,0.4690875
17,1.0,closed,available,24,0.013057249362789902,-0.23199897395525046,0.4690875
17,1.0,closed,available,25,-0.01921380710485676,0.337542422373022,0.4690875
17,1.0,closed,available,26,0.005020703859564879,-0.8524456740813511,0.4690875
17,1.0,closed,available,27,0.00023129366604612844,-0.950171608974338,0.4690875
17,1.0,closed,available,28,-0.0006354635648104789,0.9711952631845107,0.4690875
17,1.0,closed,available,29,0.0017918542400324998,-0.006221717733582755,0.4690875
17,1.0,closed,available,30,-0.0011847260711461693,0.8686123135445863,0.4690875
17,1.0,closed,available,31,-0.004605171516564921,-0.5393510929116878,0.4690875
17,1.0,closed,available,32,0.004895431278536866,0.5031229350724099,0.4690875
17,1.0,closed,available,33,0.002306580747724274,-0.645060427494761,0.4690875
17,1.0,closed,available,34,-0.0008460855889501628,0.9436996311469478,0.4690875
17,1.0,closed,available,35,0.003550811720858582,0.8521094397572461,0.4690875
17,1.0,closed,available,36,0.0026294030310690664,-0.8513223978091154,0.4690875
17,1.0,closed,available,37,-0.017186258766194198,0.009219290726824435,0.4690875
17,1.0,closed,available,38,-0.0040524108437820505,-0.46847311709616596,0.4690875
17,1.0,closed,available,39,-0.0067030813456037674,0.44001820100831684,0.4690875
17,1.0,closed,available,40,0.006924391123635187,-0.5622508502336697,0.4690875
17,1.0,closed,available,41,-0.0025803435258463514,0.8802066106130987,0.4690875
17,1.0,closed,available,42,-0.00028115846174037173,0.8374944048130026,0.4690875
17,1.0,closed,available,43,0.0034211218043864733,-0.8645399343748763,0.4690875
17,1.0,closed,available,44,-0.004275172983489163,0.008458797079097819,0.4690875
17,1.0,closed,available,45,-0.0004587196257475057,-0.5975623273870175,0.4690875
17,1.0,closed,available,46,0.005221901610122148,0.5332743042651026,0.4690875
17,1.0,closed,available,47,-0.003987972128560058,-0.5436480147563573,0.4690875
17,1.0,closed,available,48,0.004117780133333526,-0.3186116759841167,0.4690875
17,1.0,closed,available,49,-0.005759694993062725,0.3884825866135953,0.4690875
17,1.0,closed,available,50,0.013078948246267858,-0.00712837989032958,0.4690875
17,1.0,closed,available,51,0.0011330561456334154,-0.8647335410127452,0.4690875
17,1.0,closed,available,52,0.00012357485768199616,0.575288697910055,0.4690875
17,1.0,closed,available,53,0.0001505124593541296,0.10328825641490336,0.4690875
17,1.0,closed,available,54,0.008006190307723288,-0.2281693236833407,0.4690875
17,1.0,closed,available,55,-0.019272372148466724,0.0072962646360563935,0.4690875
17,1.0,closed,available,56,-0.0021692189490217784,-0.7157561148680098,0.4690875
17,1.0,closed,available,57,0.006936478313783689,-0.3077369731120082,0.4690875
17,1.0,closed,available,58,-0.007396942170593168,0.32995884593815483,0.4690875
17,1.0,closed,available,59,0.014794929385921196,-0.004612180260692335,0.4690875
17,1.0,closed,available,60,-0.0008180750082577015,0.8536661769484339,0.4690875
17,1.0,closed,available,61,0.001462956636763546,-0.8560917155184389,0.4690875
17,1.0,closed,available,62,-0.00453000295245191,0.010874927644179928,0.4690875
17,1.0,closed,available,63,0.0010938687708027528,-0.942146863399689,0.4690875
17,1.0,closed,available,64,0.012662221853398683,0.007211493931248852,0.4690875
17,1.0,closed,available,65,-0.004283753279029599,-0.008642775416949603,0.4690875
17,1.0,closed,mi_obs,0,-0.04705363011407593,-0.7742083667045134,0.4690875
17,1.0,closed,mi_obs,1,0.019997895962149348,0.4692440420623541,0.4690875
17,1.0,closed,mi_obs,2,-0.046242382056779,-0.6298717988235578,0.4690875
17,1.0,closed,mi_obs,3,-0.0011667832776278697,-0.5474268412024634,0.4690875
17,1.0,closed,mi_obs,4,0.04618623133647104,0.5100346366564764,0.4690875
17,1.0,closed,mi_obs,5,0.10198165360026473,-0.47802482976576616,0.4690875
17,1.0,closed,mi_obs,6,-0.0032030073810807025,0.6171979714508968,0.4690875
17,1.0,closed,mi_obs,7,-0.026863455614922094,-0.63451742271281,0.4690875
17,1.0,closed,mi_obs,8,-0.019850602189290856,-0.46436249057986073,0.4690875
17,1.0,closed,mi_obs,9,0.02370915347687058,0.4576617588934426,0.4690875
17,1.0,closed,mi_obs,10,8.083474545881285e-05,-0.011002554459631306,0.4690875
17,1.0,closed,mi_obs,11,0.0017523509056560638,-0.598434985317282,0.4690875
17,1.0,closed,mi_obs,12,0.03978555342422241,0.8084847152369011,0.4690875
17,1.0,closed,mi_obs,13,-0.0066866924582668075,0.7006872311718951,0.4690875
17,1.0,closed,mi_obs,14,-0.0701207063815007,-0.6679948149951648,0.4690875
17,1.0,closed,mi_obs,15,-0.1364833166979757,0.6200115564171669,0.4690875
17,1.0,closed,mi_obs,16,0.030868731910181357,-0.7957643024768069,0.4690875
17,1.0,closed,mi_obs,17,-0.005828828265817432,0.8127750864792681,0.4690875
17,1.0,closed,mi_obs,18,0.0070618279196910105,0.5910995077519816,0.4690875
17,1.0,closed,mi_obs,19,-0.0057100741724992465,-0.583131077414176,0.4690875
17,1.0,closed,mi_obs,20,0.0010888952259091693,0.004732622464645346,0.4690875
17,1.0,closed,mi_obs,21,-0.01257492908691249,-0.8755581242563353,0.4690875
17,1.0,closed,mi_obs,22,-0.03755614070475044,-0.8898128683430245,0.4690875
17,1.0,closed,mi_obs,23,0.036945971696876356,0.3984759663759903,0.4690875
17,1.0,closed,mi_obs,24,0.16329497689085767,-0.23199897395525046,0.4690875
17,1.0,closed,mi_obs,25,-0.10527038693478685,0.337542422373022,0.4690875
17,1.0,closed,mi_obs,26,-0.006246713190119713,-0.8524456740813511,0.4690875
17,1.0,closed,mi_obs,27,-0.006230966628867685,-0.950171608974338,0.4690875
17,1.0,closed,mi_obs,28,0.009775744333369696,0.9711952631845107,0.4690875
17,1.0,closed,mi_obs,29,-0.005322685983484182,-0.006221717733582755,0.4690875
17,1.0,closed,mi_obs,30,0.013876177714139404,0.8686123135445863,0.4690875
17,1.0,closed,mi_obs,31,-0.050765118625105354,-0.5393510929116878,0.4690875
17,1.0,closed,mi_obs,32,-0.17499351536393037,0.5031229350724099,0.4690875
17,1.0,closed,mi_obs,33,0.08518602810407228,-0.645060427494761,0.4690875
17,1.0,closed,mi_obs,34,0.009763023595277809,0.9436996311469478,0.4690875
17,1.0,closed,mi_obs,35,0.01876720296020329,0.8521094397572461,0.4690875
17,1.0,closed,mi_obs,36,-0.020010682633265553,-0.8513223978091154,0.4690875
17,1.0,closed,mi_obs,37,-0.012080182415176496,0.009219290726824435,0.4690875
17,1.0,closed,mi_obs,38,-0.050876817323362855,-0.46847311709616596,0.4690875
17,1.0,closed,mi_obs,39,-0.17012505033449182,0.44001820100831684,0.4690875
17,1.0,closed,mi_obs,40,0.1107441919607629,-0.5622508502336697,0.4690875
17,1.0,closed,mi_obs,41,0.007667746879465587,0.8802066106130987,0.4690875
17,1.0,closed,mi_obs,42,0.03769303289411963,0.8374944048130026,0.4690875
17,1.0,closed,mi_obs,43,-0.029668015563534267,-0.8645399343748763,0.4690875
17,1.0,closed,mi_obs,44,-0.0021684385544151344,0.008458797079097819,0.4690875
17,1.0,closed,mi_obs,45,0.01561583073648487,-0.5975623273870175,0.4690875
17,1.0,closed,mi_obs,46,0.05455635361873434,0.5332743042651026,0.4690875
17,1.0,closed,mi_obs,47,-0.045443959506223486,-0.5436480147563573,0.4690875
17,1.0,closed,mi_obs,48,-0.03540318597177683,-0.3186116759841167,0.4690875
17,1.0,closed,mi_obs,49,0.04838460398478045,0.3884825866135953,0.4690875
17,1.0,closed,mi_obs,50,0.010042009714026443,-0.00712837989032958,0.4690875
17,1.0,closed,mi_obs,51,0.04114480491223571,-0.8647335410127452,0.4690875
17,1.0,closed,mi_obs,52,-0.16852967925655427,0.575288697910055,0.4690875
17,1.0,closed,mi_obs,53,-0.16343225437389944,0.10328825641490336,0.4690875
17,1.0,closed,mi_obs,54,0.15342351665010123,-0.2281693236833407,0.4690875
17,1.0,closed,mi_obs,55,-0.015752698197075657,0.0072962646360563935,0.4690875
17,1.0,closed,mi_obs,56,0.08364635063104842,-0.7157561148680098,0.4690875
17,1.0,closed,mi_obs,57,0.0862197734037892,-0.3077369731120082,0.4690875
17,1.0,closed,mi_obs,58,-0.10003909682315651,0.32995884593815483,0.4690875
17,1.0,closed,mi_obs,59,0.013498395993738047,-0.004612180260692335,0.4690875
17,1.0,closed,mi_obs,60,0.018202077801257044,0.8536661769484339,0.4690875
17,1.0,closed,mi_obs,61,-0.014263179595630393,-0.8560917155184389,0.4690875
17,1.0,closed,mi_obs,62,-0.005125368243761618,0.010874927644179928,0.4690875
17,1.0,closed,mi_obs,63,-0.009295277806103508,-0.942146863399689,0.4690875
17,1.0,closed,mi_obs,64,0.0042669489060858275,0.007211493931248852,0.4690875
17,1.0,closed,mi_obs,65,-0.002427955259876536,-0.008642775416949603,0.4690875
17,1.0,closed,mi_class,0,0.05288930171478101,-0.7742083667045134,0.4690875
17,1.0,closed,mi_class,1,-0.139076327892391,0.4692440420623541,0.4690875
17,1.0,closed,mi_class,2,-0.04460989998676701,-0.6298717988235578,0.4690875
17,1.0,closed,mi_class,3,0.16272989790933617,-0.5474268412024634,0.4690875
17,1.0,closed,mi_class,4,-0.1182963783144011,0.5100346366564764,0.4690875
17,1.0,closed,mi_class,5,0.11050698513141705,-0.47802482976576616,0.4690875
17,1.0,closed,mi_class,6,-0.0484539733617656,0.6171979714508968,0.4690875
17,1.0,closed,mi_class,7,0.1653874225678606,-0.63451742271281,0.4690875
17,1.0,closed,mi_class,8,0.011706316707575437,-0.46436249057986073,0.4690875
17,1.0,closed,mi_class,9,0.020906528835920257,0.4576617588934426,0.4690875
17,1.0,closed,mi_class,10,-0.0013690286438886364,-0.011002554459631306,0.4690875
17,1.0,closed,mi_class,11,0.2113132717530914,-0.598434985317282,0.4690875
17,1.0,closed,mi_class,12,-0.07374264781753737,0.8084847152369011,0.4690875
17,1.0,closed,mi_class,13,-0.28109257579658464,0.7006872311718951,0.4690875
17,1.0,closed,mi_class,14,0.2493756944387227,-0.6679948149951648,0.4690875
17,1.0,closed,mi_class,15,-0.22741531347714578,0.6200115564171669,0.4690875
17,1.0,closed,mi_class,16,0.19753269605579094,-0.7957643024768069,0.4690875
17,1.0,closed,mi_class,17,-0.3203120320104362,0.8127750864792681,0.4690875
17,1.0,closed,mi_class,18,-0.09648129184378434,0.5910995077519816,0.4690875
17,1.0,closed,mi_class,19,0.028555174840291908,-0.583131077414176,0.4690875
17,1.0,closed,mi_class,20,0.0012333779680499196,0.004732622464645346,0.4690875
17,1.0,closed,mi_class,21,0.222752107273947,-0.8755581242563353,0.4690875
17,1.0,closed,mi_class,22,0.5945109254442864,-0.8898128683430245,0.4690875
17,1.0,closed,mi_class,23,-0.2581214206510527,0.3984759663759903,0.4690875
17,1.0,closed,mi_class,24,0.1449322061510776,-0.23199897395525046,0.4690875
17,1.0,closed,mi_class,25,-0.20947721098474043,0.337542422373022,0.4690875
17,1.0,closed,mi_class,26,0.5563042580396054,-0.8524456740813511,0.4690875
17,1.0,closed,mi_class,27,0.3881608923186217,-0.950171608974338,0.4690875
17,1.0,closed,mi_class,28,-0.20699090805006615,0.9711952631845107,0.4690875
17,1.0,closed,mi_class,29,0.015460356707983819,-0.006221717733582755,0.4690875
17,1.0,closed,mi_class,30,-0.23919987468303539,0.8686123135445863,0.4690875
17,1.0,closed,mi_class,31,0.11709735984557224,-0.5393510929116878,0.4690875
17,1.0,closed,mi_class,32,-0.0943634918251211,0.5031229350724099,0.4690875
17,1.0,closed,mi_class,33,0.13451349793421996,-0.645060427494761,0.4690875
17,1.0,closed,mi_class,34,-0.22184866618990007,0.9436996311469478,0.4690875
17,1.0,closed,mi_class,35,-0.01710249406582498,0.8521094397572461,0.4690875
17,1.0,closed,mi_class,36,-0.006516099250054808,-0.8513223978091154,0.4690875
17,1.0,closed,mi_class,37,0.021470691893085078,0.009219290726824435,0.4690875
17,1.0,closed,mi_class,38,0.011211986282049335,-0.46847311709616596,0.4690875
17,1.0,closed,mi_class,39,-0.008131664696568897,0.44001820100831684,0.4690875
17,1.0,closed,mi_class,40,0.07722666970460668,-0.5622508502336697,0.4690875
17,1.0,closed,mi_class,41,-0.054718410468993284,0.8802066106130987,0.4690875
17,1.0,closed,mi_class,42,-0.23229590913453624,0.8374944048130026,0.4690875
17,1.0,closed,mi_class,43,0.2651235650232505,-0.8645399343748763,0.4690875
17,1.0,closed,mi_class,44,-0.00253684677199401,0.008458797079097819,0.4690875
17,1.0,closed,mi_class,45,0.010424392999250576,-0.5975623273870175,0.4690875
17,1.0,closed,mi_class,46,-0.11584394417192584,0.5332743042651026,0.4690875
17,1.0,closed,mi_class,47,0.05076680187730198,-0.5436480147563573,0.4690875
17,1.0,closed,mi_class,48,0.0661975115709676,-0.3186116759841167,0.4690875
17,1.0,closed,mi_class,49,-0.09126744847296053,0.3884825866135953,0.4690875
17,1.0,closed,mi_class,50,0.010455422635928484,-0.00712837989032958,0.4690875
17,1.0,closed,mi_class,51,0.1814770946945209,-0.8647335410127452,0.4690875
17,1.0,closed,mi_class,52,-0.029765996689277152,0.575288697910055,0.4690875
17,1.0,closed,mi_class,53,-0.01944478541714971,0.10328825641490336,0.4690875
17,1.0,closed,mi_class,54,0.05284783682246136,-0.2281693236833407,0.4690875
17,1.0,closed,mi_class,55,-0.016654054553694772,0.0072962646360563935,0.4690875
17,1.0,closed,mi_class,56,0.15721660605302856,-0.7157561148680098,0.4690875
17,1.0,closed,mi_class,57,0.16102239780978597,-0.3077369731120082,0.4690875
17,1.0,closed,mi_class,58,-0.10748296041593727,0.32995884593815483,0.4690875
17,1.0,closed,mi_class,59,-0.014409724198768976,-0.004612180260692335,0.4690875
17,1.0,closed,mi_class,60,-0.22578794340742936,0.8536661769484339,0.4690875
17,1.0,closed,mi_class,61,0.2364131972585709,-0.8560917155184389,0.4690875
17,1.0,closed,mi_class,62,-0.008674461732127771,0.010874927644179928,0.4690875
17,1.0,closed,mi_class,63,0.057225680111455346,-0.942146863399689,0.4690875
17,1.0,closed,mi_class,64,-0.0004157324496041979,0.007211493931248852,0.4690875
17,1.0,closed,mi_class,65,0.001656183579423088,-0.008642775416949603,0.4690875
17,1.0,closed,mi_site,0,-0.034621015584653136,-0.7742083667045134,0.4690875
17,1.0,closed,mi_site,1,0.01615007310517641,0.4692440420623541,0.4690875
17,1.0,closed,mi_site,2,-0.05693540875016001,-0.6298717988235578,0.4690875
17,1.0,closed,mi_site,3,-9.347496580391912e-05,-0.5474268412024634,0.4690875
17,1.0,closed,mi_site,4,0.057557158214785464,0.5100346366564764,0.4690875
17,1.0,closed,mi_site,5,0.10700043880631233,-0.47802482976576616,0.4690875
17,1.0,closed,mi_site,6,-0.01595650405283977,0.6171979714508968,0.4690875
17,1.0,closed,mi_site,7,-0.015504710524480103,-0.63451742271281,0.4690875
17,1.0,closed,mi_site,8,-0.01994552017878043,-0.46436249057986073,0.4690875
17,1.0,closed,mi_site,9,0.02223789273144272,0.4576617588934426,0.4690875
17,1.0,closed,mi_site,10,0.004886518439904323,-0.011002554459631306,0.4690875
17,1.0,closed,mi_site,11,0.004997973837039482,-0.598434985317282,0.4690875
17,1.0,closed,mi_site,12,0.028991806756265448,0.8084847152369011,0.4690875
17,1.0,closed,mi_site,13,-0.013222852941402796,0.7006872311718951,0.4690875
17,1.0,closed,mi_site,14,-0.06131490181150068,-0.6679948149951648,0.4690875
17,1.0,closed,mi_site,15,-0.15176905995197948,0.6200115564171669,0.4690875
17,1.0,closed,mi_site,16,0.045340650327776566,-0.7957643024768069,0.4690875
17,1.0,closed,mi_site,17,-0.01518299130036771,0.8127750864792681,0.4690875
17,1.0,closed,mi_site,18,0.004043065715626848,0.5910995077519816,0.4690875
17,1.0,closed,mi_site,19,-0.0027400260079236682,-0.583131077414176,0.4690875
17,1.0,closed,mi_site,20,-0.0016000202881816662,0.004732622464645346,0.4690875
17,1.0,closed,mi_site,21,-0.0071892059551554865,-0.8755581242563353,0.4690875
17,1.0,closed,mi_site,22,-0.033197288143379744,-0.8898128683430245,0.4690875
17,1.0,closed,mi_site,23,0.03680074910026099,0.3984759663759903,0.4690875
17,1.0,closed,mi_site,24,0.15554898577525766,-0.23199897395525046,0.4690875
17,1.0,closed,mi_site,25,-0.10617865046843158,0.337542422373022,0.4690875
17,1.0,closed,mi_site,26,-0.004284205215342229,-0.8524456740813511,0.4690875
17,1.0,closed,mi_site,27,-0.004083443806835452,-0.950171608974338,0.4690875
17,1.0,closed,mi_site,28,0.008684440581406161,0.9711952631845107,0.4690875
17,1.0,closed,mi_site,29,-0.005524409898752108,-0.006221717733582755,0.4690875
17,1.0,closed,mi_site,30,0.015034350613371106,0.8686123135445863,0.4690875
17,1.0,closed,mi_site,31,-0.06040084545356372,-0.5393510929116878,0.4690875
17,1.0,closed,mi_site,32,-0.1749365099297302,0.5031229350724099,0.4690875
17,1.0,closed,mi_site,33,0.08789024753118246,-0.645060427494761,0.4690875
17,1.0,closed,mi_site,34,0.004128168077331851,0.9436996311469478,0.4690875
17,1.0,closed,mi_site,35,0.015249055326399086,0.8521094397572461,0.4690875
17,1.0,closed,mi_site,36,-0.015670797869194675,-0.8513223978091154,0.4690875
17,1.0,closed,mi_site,37,-0.005884988474491943,0.009219290726824435,0.4690875
17,1.0,closed,mi_site,38,-0.043227103625011865,-0.46847311709616596,0.4690875
17,1.0,closed,mi_site,39,-0.16104214530713956,0.44001820100831684,0.4690875
17,1.0,closed,mi_site,40,0.10964074477097208,-0.5622508502336697,0.4690875
17,1.0,closed,mi_site,41,0.007280097226304072,0.8802066106130987,0.4690875
17,1.0,closed,mi_site,42,0.03281394370321855,0.8374944048130026,0.4690875
17,1.0,closed,mi_site,43,-0.027162479491124714,-0.8645399343748763,0.4690875
17,1.0,closed,mi_site,44,-0.001010687308882277,0.008458797079097819,0.4690875
17,1.0,closed,mi_site,45,0.03011552165915221,-0.5975623273870175,0.4690875
17,1.0,closed,mi_site,46,0.03400379806292031,0.5332743042651026,0.4690875
17,1.0,closed,mi_site,47,-0.03651261739887324,-0.5436480147563573,0.4690875
17,1.0,closed,mi_site,48,-0.03097228166382271,-0.3186116759841167,0.4690875
17,1.0,closed,mi_site,49,0.04826831924906183,0.3884825866135953,0.4690875
17,1.0,closed,mi_site,50,0.01057746377735944,-0.00712837989032958,0.4690875
17,1.0,closed,mi_site,51,0.046662506341191734,-0.8647335410127452,0.4690875
17,1.0,closed,mi_site,52,-0.16539689875089575,0.575288697910055,0.4690875
17,1.0,closed,mi_site,53,-0.1568385339425416,0.10328825641490336,0.4690875
17,1.0,closed,mi_site,54,0.14664773849457402,-0.2281693236833407,0.4690875
17,1.0,closed,mi_site,55,-0.015648864824873668,0.0072962646360563935,0.4690875
17,1.0,closed,mi_site,56,0.08519905478510748,-0.7157561148680098,0.4690875
17,1.0,closed,mi_site,57,0.08572497708098184,-0.3077369731120082,0.4690875
17,1.0,closed,mi_site,58,-0.10090487615046981,0.32995884593815483,0.4690875
17,1.0,closed,mi_site,59,0.012817255414987069,-0.004612180260692335,0.4690875
17,1.0,closed,mi_site,60,0.018068622181012906,0.8536661769484339,0.4690875
17,1.0,closed,mi_site,61,-0.012449842616811813,-0.8560917155184389,0.4690875
17,1.0,closed,mi_site,62,-0.004807622752805571,0.010874927644179928,0.4690875
17,1.0,closed,mi_site,63,-0.007561577429352928,-0.942146863399689,0.4690875
17,1.0,closed,mi_site,64,0.0060670117606500245,0.007211493931248852,0.4690875
17,1.0,closed,mi_site,65,-0.005532324939292002,-0.008642775416949603,0.4690875
17,2.0,aligned,available,0,-0.005168363010040422,-0.7813506840883151,0.4690875
17,2.0,aligned,available,1,0.013505217467151776,0.48789596893447945,0.4690875
17,2.0,aligned,available,2,-0.020070075487598427,-0.6418275196080404,0.4690875
17,2.0,aligned,available,3,-0.003239444455672813,-0.5664715554945644,0.4690875
17,2.0,aligned,available,4,-0.01259599731076888,0.5271366926135725,0.4690875
17,2.0,aligned,available,5,0.004181954690834655,-0.4962140550900823,0.4690875
17,2.0,aligned,available,6,0.0011420912677297945,0.6333983266247538,0.4690875
17,2.0,aligned,available,7,0.0026846167021010725,-0.648618372126206,0.4690875
17,2.0,aligned,available,8,-0.007107299518409604,-0.48378056277713316,0.4690875
17,2.0,aligned,available,9,0.0007005078848854596,0.47700104036067004,0.4690875
17,2.0,aligned,available,10,0.004902898750743928,-0.026710567499660887,0.4690875
17,2.0,aligned,available,11,-0.011914928081900089,-0.6086111524596366,0.4690875
17,2.0,aligned,available,12,0.012769923573067055,0.8093642456559667,0.4690875
17,2.0,aligned,available,13,-0.012045772914207609,0.7113865234890139,0.4690875
17,2.0,aligned,available,14,0.006666398036829779,-0.684034823586235,0.4690875
17,2.0,aligned,available,15,-0.007079026680375189,0.6372151386755927,0.4690875
17,2.0,aligned,available,16,0.003992979979362654,-0.8088740257574053,0.4690875
17,2.0,aligned,available,17,-0.006142005235395764,0.817278222217769,0.4690875
17,2.0,aligned,available,18,-0.004816053829825417,0.6027853165611238,0.4690875
17,2.0,aligned,available,19,0.004100095971490414,-0.5943585247311871,0.4690875
17,2.0,aligned,available,20,0.0028399981033152243,0.010209538649937334,0.4690875
17,2.0,aligned,available,21,-0.007198635070779669,-0.8862691949551403,0.4690875
17,2.0,aligned,available,22,0.0013050813547116347,-0.8981825209300053,0.4690875
17,2.0,aligned,available,23,0.013445769793676732,0.4150257416204533,0.4690875
17,2.0,aligned,available,24,-0.0043416485108915825,-0.2588650714624636,0.4690875
17,2.0,aligned,available,25,-0.0014409199847557064,0.3644839511455759,0.4690875
17,2.0,aligned,available,26,0.0012309377863835014,-0.8634850962299504,0.4690875
17,2.0,aligned,available,27,-0.0009179338537895765,-0.9546035591195783,0.4690875
17,2.0,aligned,available,28,-0.0003169776920775025,0.9737720301875222,0.4690875
17,2.0,aligned,available,29,0.011950701103563851,-0.021474784293322533,0.4690875
17,2.0,aligned,available,30,0.0067248336710752366,0.8806354550710261,0.4690875
17,2.0,aligned,available,31,0.009313983826339078,-0.5528908111946884,0.4690875
17,2.0,aligned,available,32,0.010876186764217421,0.5184163542198541,0.4690875
17,2.0,aligned,available,33,-0.005472923318125433,-0.6565740191051814,0.4690875
17,2.0,aligned,available,34,0.0008918689574684002,0.9489758148921441,0.4690875
17,2.0,aligned,available,35,0.007994898371722736,0.8647922052483477,0.4690875
17,2.0,aligned,available,36,-0.005059032594533219,-0.8638817563034945,0.4690875
17,2.0,aligned,available,37,0.0050810254565885685,0.023368346170585242,0.4690875
17,2.0,aligned,available,38,0.0007966416830509915,-0.48692828097611857,0.4690875
17,2.0,aligned,available,39,-0.005099631207643673,0.45939815319683147,0.4690875
17,2.0,aligned,available,40,0.01029678686390112,-0.5800635022157076,0.4690875
17,2.0,aligned,available,41,-0.0012621738125467852,0.8907043881869744,0.4690875
17,2.0,aligned,available,42,-7.548731626272343e-05,0.8504687496021035,0.4690875
17,2.0,aligned,available,43,0.008011543555333178,-0.874936963197291,0.4690875
17,2.0,aligned,available,44,0.008940126999045686,0.022180585460219022,0.4690875
17,2.0,aligned,available,45,0.005334900831629685,-0.6124621115182971,0.4690875
17,2.0,aligned,available,46,-0.007818198224708528,0.5549211541888869,0.4690875
17,2.0,aligned,available,47,0.002927840334518317,-0.5596489052899015,0.4690875
17,2.0,aligned,available,48,0.02404273649493288,-0.34084043306096606,0.4690875
17,2.0,aligned,available,49,-0.013349612482233264,0.4054921845247598,0.4690875
17,2.0,aligned,available,50,0.002632259929305618,-0.010234323990230242,0.4690875
17,2.0,aligned,available,51,0.0012270582728093338,-0.8695784143220157,0.4690875
17,2.0,aligned,available,52,0.0017913173682507777,0.5882175755095759,0.4690875
17,2.0,aligned,available,53,-0.012196167908634092,0.13816714216972653,0.4690875
17,2.0,aligned,available,54,0.01270901859269255,-0.254705544825957,0.4690875
17,2.0,aligned,available,55,0.008655223403974387,0.011075200623655248,0.4690875
17,2.0,aligned,available,56,0.0007077347979153048,-0.7250299152932949,0.4690875
17,2.0,aligned,available,57,0.01565910683864713,-0.3371040294446906,0.4690875
17,2.0,aligned,available,58,-0.022409468079902906,0.35685157897668335,0.4690875
17,2.0,aligned,available,59,-0.005929976137018482,-0.009617730196506918,0.4690875
17,2.0,aligned,available,60,-0.0027748173069510607,0.8645655836215139,0.4690875
17,2.0,aligned,available,61,0.007762079700822544,-0.8664071110396041,0.4690875
17,2.0,aligned,available,62,0.008601372555848873,0.02376315797424673,0.4690875
17,2.0,aligned,available,63,0.0003872356020350187,-0.9472098658723962,0.4690875
17,2.0,aligned,available,64,-0.002423514590544379,0.02185583048919971,0.4690875
17,2.0,aligned,available,65,0.00930482541835014,-0.02334832616954567,0.4690875
17,2.0,aligned,mi_obs,0,-0.042613213699726815,-0.7813506840883151,0.4690875
17,2.0,aligned,mi_obs,1,0.018459066144333625,0.48789596893447945,0.4690875
17,2.0,aligned,mi_obs,2,-0.07773562854045324,-0.6418275196080404,0.4690875
17,2.0,aligned,mi_obs,3,-0.030557633334175494,-0.5664715554945644,0.4690875
17,2.0,aligned,mi_obs,4,0.06067793611222483,0.5271366926135725,0.4690875
17,2.0,aligned,mi_obs,5,0.09403745528134105,-0.4962140550900823,0.4690875
17,2.0,aligned,mi_obs,6,-0.004970095040964129,0.6333983266247538,0.4690875
17,2.0,aligned,mi_obs,7,-0.018524683662562658,-0.648618372126206,0.4690875
17,2.0,aligned,mi_obs,8,-0.033626127170964304,-0.48378056277713316,0.4690875
17,2.0,aligned,mi_obs,9,0.028994719427633098,0.47700104036067004,0.4690875
17,2.0,aligned,mi_obs,10,-0.013611838627728301,-0.026710567499660887,0.4690875
17,2.0,aligned,mi_obs,11,-0.0027224365817808405,-0.6086111524596366,0.4690875
17,2.0,aligned,mi_obs,12,0.04276597608380839,0.8093642456559667,0.4690875
17,2.0,aligned,mi_obs,13,-0.005100486431971696,0.7113865234890139,0.4690875
17,2.0,aligned,mi_obs,14,-0.0672345744077174,-0.684034823586235,0.4690875
17,2.0,aligned,mi_obs,15,-0.1505990822204652,0.6372151386755927,0.4690875
17,2.0,aligned,mi_obs,16,0.04893473898645573,-0.8088740257574053,0.4690875
17,2.0,aligned,mi_obs,17,-0.005683424654346125,0.817278222217769,0.4690875
17,2.0,aligned,mi_obs,18,0.01016238741992126,0.6027853165611238,0.4690875
17,2.0,aligned,mi_obs,19,-0.010770456276201323,-0.5943585247311871,0.4690875
17,2.0,aligned,mi_obs,20,0.010028366898989113,0.010209538649937334,0.4690875
17,2.0,aligned,mi_obs,21,-0.010141963782243857,-0.8862691949551403,0.4690875
17,2.0,aligned,mi_obs,22,-0.03265418642688023,-0.8981825209300053,0.4690875
17,2.0,aligned,mi_obs,23,0.049213487177168835,0.4150257416204533,0.4690875
17,2.0,aligned,mi_obs,24,0.18082493159913565,-0.2588650714624636,0.4690875
17,2.0,aligned,mi_obs,25,-0.12504750937853573,0.3644839511455759,0.4690875
17,2.0,aligned,mi_obs,26,-0.00391589322533048,-0.8634850962299504,0.4690875
17,2.0,aligned,mi_obs,27,-0.004289568567952373,-0.9546035591195783,0.4690875
17,2.0,aligned,mi_obs,28,0.008946604431869787,0.9737720301875222,0.4690875
17,2.0,aligned,mi_obs,29,-0.003735737247545383,-0.021474784293322533,0.4690875
17,2.0,aligned,mi_obs,30,0.006400775167557771,0.8806354550710261,0.4690875
17,2.0,aligned,mi_obs,31,-0.04404340755101965,-0.5528908111946884,0.4690875
17,2.0,aligned,mi_obs,32,-0.20284951734138829,0.5184163542198541,0.4690875
17,2.0,aligned,mi_obs,33,0.1040089891324778,-0.6565740191051814,0.4690875
17,2.0,aligned,mi_obs,34,0.007338791499521546,0.9489758148921441,0.4690875
17,2.0,aligned,mi_obs,35,0.020516518461184075,0.8647922052483477,0.4690875
17,2.0,aligned,mi_obs,36,-0.018455104975442338,-0.8638817563034945,0.4690875
17,2.0,aligned,mi_obs,37,0.028263802578102588,0.023368346170585242,0.4690875
17,2.0,aligned,mi_obs,38,-0.058160374493703204,-0.48692828097611857,0.4690875
17,2.0,aligned,mi_obs,39,-0.17650999611581858,0.45939815319683147,0.4690875
17,2.0,aligned,mi_obs,40,0.12146662334056102,-0.5800635022157076,0.4690875
17,2.0,aligned,mi_obs,41,0.008436231789887727,0.8907043881869744,0.4690875
17,2.0,aligned,mi_obs,42,0.029969557440792105,0.8504687496021035,0.4690875
17,2.0,aligned,mi_obs,43,-0.026560069268876663,-0.874936963197291,0.4690875
17,2.0,aligned,mi_obs,44,0.0060657950320126,0.022180585460219022,0.4690875
17,2.0,aligned,mi_obs,45,0.03374638643524641,-0.6124621115182971,0.4690875
17,2.0,aligned,mi_obs,46,0.033139420311598555,0.5549211541888869,0.4690875
17,2.0,aligned,mi_obs,47,-0.044111393423346024,-0.5596489052899015,0.4690875
17,2.0,aligned,mi_obs,48,-0.03985887304015712,-0.34084043306096606,0.4690875
17,2.0,aligned,mi_obs,49,0.049183130896730265,0.4054921845247598,0.4690875
17,2.0,aligned,mi_obs,50,-0.00878814271833515,-0.010234323990230242,0.4690875
17,2.0,aligned,mi_obs,51,0.03984689511689754,-0.8695784143220157,0.4690875
17,2.0,aligned,mi_obs,52,-0.17561007824588598,0.5882175755095759,0.4690875
17,2.0,aligned,mi_obs,53,-0.18121869732731105,0.13816714216972653,0.4690875
17,2.0,aligned,mi_obs,54,0.17289763178109752,-0.254705544825957,0.4690875
17,2.0,aligned,mi_obs,55,0.006164437955954975,0.011075200623655248,0.4690875
17,2.0,aligned,mi_obs,56,0.0926198521484114,-0.7250299152932949,0.4690875
17,2.0,aligned,mi_obs,57,0.10424224351285646,-0.3371040294446906,0.4690875
17,2.0,aligned,mi_obs,58,-0.11862092440509331,0.35685157897668335,0.4690875
17,2.0,aligned,mi_obs,59,-0.009030817394340173,-0.009617730196506918,0.4690875
17,2.0,aligned,mi_obs,60,0.014329972026847493,0.8645655836215139,0.4690875
17,2.0,aligned,mi_obs,61,-0.010674626210847471,-0.8664071110396041,0.4690875
17,2.0,aligned,mi_obs,62,0.010561765773214302,0.02376315797424673,0.4690875
17,2.0,aligned,mi_obs,63,-0.009117392678137382,-0.9472098658723962,0.4690875
17,2.0,aligned,mi_obs,64,0.009458720904711827,0.02185583048919971,0.4690875
17,2.0,aligned,mi_obs,65,-0.00911867900141618,-0.02334832616954567,0.4690875
17,2.0,aligned,mi_class,0,0.010245463622318707,-0.7813506840883151,0.4690875
17,2.0,aligned,mi_class,1,-0.04038564801974537,0.48789596893447945,0.4690875
17,2.0,aligned,mi_class,2,0.0025817005664516834,-0.6418275196080404,0.4690875
17,2.0,aligned,mi_class,3,0.08679728281461391,-0.5664715554945644,0.4690875
17,2.0,aligned,mi_class,4,-0.11857998506087974,0.5271366926135725,0.4690875
17,2.0,aligned,mi_class,5,0.10070065851481796,-0.4962140550900823,0.4690875
17,2.0,aligned,mi_class,6,-0.2422739647633771,0.6333983266247538,0.4690875
17,2.0,aligned,mi_class,7,0.14480109265214514,-0.648618372126206,0.4690875
17,2.0,aligned,mi_class,8,0.017894237945836333,-0.48378056277713316,0.4690875
17,2.0,aligned,mi_class,9,0.02776166398930613,0.47700104036067004,0.4690875
17,2.0,aligned,mi_class,10,0.0024368511908361597,-0.026710567499660887,0.4690875
17,2.0,aligned,mi_class,11,0.08984590418173688,-0.6086111524596366,0.4690875
17,2.0,aligned,mi_class,12,-0.1445971085700659,0.8093642456559667,0.4690875
17,2.0,aligned,mi_class,13,-0.2337089556880424,0.7113865234890139,0.4690875
17,2.0,aligned,mi_class,14,0.25240239667149095,-0.684034823586235,0.4690875
17,2.0,aligned,mi_class,15,-0.22300399258594583,0.6372151386755927,0.4690875
17,2.0,aligned,mi_class,16,0.4946971370375832,-0.8088740257574053,0.4690875
17,2.0,aligned,mi_class,17,-0.31115382304841666,0.817278222217769,0.4690875
17,2.0,aligned,mi_class,18,-0.10119320511834329,0.6027853165611238,0.4690875
17,2.0,aligned,mi_class,19,0.021448333327692914,-0.5943585247311871,0.4690875
17,2.0,aligned,mi_class,20,0.013733981184637156,0.010209538649937334,0.4690875
17,2.0,aligned,mi_class,21,0.31164365097661406,-0.8862691949551403,0.4690875
17,2.0,aligned,mi_class,22,0.3414269212662968,-0.8981825209300053,0.4690875
17,2.0,aligned,mi_class,23,-0.21427987017272668,0.4150257416204533,0.4690875
17,2.0,aligned,mi_class,24,0.12486440094158407,-0.2588650714624636,0.4690875
17,2.0,aligned,mi_class,25,-0.42688458262615636,0.3644839511455759,0.4690875
17,2.0,aligned,mi_class,26,0.4472344657987552,-0.8634850962299504,0.4690875
17,2.0,aligned,mi_class,27,0.21678242908274037,-0.9546035591195783,0.4690875
17,2.0,aligned,mi_class,28,-0.113849247021105,0.9737720301875222,0.4690875
17,2.0,aligned,mi_class,29,-0.0028988352174889806,-0.021474784293322533,0.4690875
17,2.0,aligned,mi_class,30,-0.1979984351236297,0.8806354550710261,0.4690875
17,2.0,aligned,mi_class,31,0.17601568770608955,-0.5528908111946884,0.4690875
17,2.0,aligned,mi_class,32,-0.1598893528424959,0.5184163542198541,0.4690875
17,2.0,aligned,mi_class,33,0.39988321315731395,-0.6565740191051814,0.4690875
17,2.0,aligned,mi_class,34,-0.28282990214574744,0.9489758148921441,0.4690875
17,2.0,aligned,mi_class,35,-0.06497845279734427,0.8647922052483477,0.4690875
17,2.0,aligned,mi_class,36,0.19213284735483305,-0.8638817563034945,0.4690875
17,2.0,aligned,mi_class,37,0.008593882957027944,0.023368346170585242,0.4690875
17,2.0,aligned,mi_class,38,0.06923032863448031,-0.48692828097611857,0.4690875
17,2.0,aligned,mi_class,39,-0.0560029530718395,0.45939815319683147,0.4690875
17,2.0,aligned,mi_class,40,0.30659059218686263,-0.5800635022157076,0.4690875
17,2.0,aligned,mi_class,41,-0.12509348873595705,0.8907043881869744,0.4690875
17,2.0,aligned,mi_class,42,-0.10622324288060903,0.8504687496021035,0.4690875
17,2.0,aligned,mi_class,43,0.15660555856208636,-0.874936963197291,0.4690875
17,2.0,aligned,mi_class,44,-0.005725914284669002,0.022180585460219022,0.4690875
17,2.0,aligned,mi_class,45,0.017613207966258537,-0.6124621115182971,0.4690875
17,2.0,aligned,mi_class,46,-0.27144743624105006,0.5549211541888869,0.4690875
17,2.0,aligned,mi_class,47,0.045302433235337336,-0.5596489052899015,0.4690875
17,2.0,aligned,mi_class,48,0.08439408556186989,-0.34084043306096606,0.4690875
17,2.0,aligned,mi_class,49,-0.11258182071756623,0.4054921845247598,0.4690875
17,2.0,aligned,mi_class,50,0.006795983526192117,-0.010234323990230242,0.4690875
17,2.0,aligned,mi_class,51,0.40141608970912646,-0.8695784143220157,0.4690875
17,2.0,aligned,mi_class,52,-0.012033966400709861,0.5882175755095759,0.4690875
17,2.0,aligned,mi_class,53,-0.031183501096945274,0.13816714216972653,0.4690875
17,2.0,aligned,mi_class,54,0.06877754082921991,-0.254705544825957,0.4690875
17,2.0,aligned,mi_class,55,0.00529779765799287,0.011075200623655248,0.4690875
17,2.0,aligned,mi_class,56,0.3448568599035139,-0.7250299152932949,0.4690875
17,2.0,aligned,mi_class,57,0.3563790115852191,-0.3371040294446906,0.4690875
17,2.0,aligned,mi_class,58,-0.3819456547296975,0.35685157897668335,0.4690875
17,2.0,aligned,mi_class,59,0.06253476991899636,-0.009617730196506918,0.4690875
17,2.0,aligned,mi_class,60,-0.20187219564997316,0.8645655836215139,0.4690875
17,2.0,aligned,mi_class,61,0.23036343990449104,-0.8664071110396041,0.4690875
17,2.0,aligned,mi_class,62,-0.0006128490128941046,0.02376315797424673,0.4690875
17,2.0,aligned,mi_class,63,0.0639541510500532,-0.9472098658723962,0.4690875
17,2.0,aligned,mi_class,64,0.0012289565123496937,0.02185583048919971,0.4690875
17,2.0,aligned,mi_class,65,-0.014136349799418964,-0.02334832616954567,0.4690875
17,2.0,aligned,mi_site,0,0.03239485309003909,-0.7813506840883151,0.4690875
17,2.0,aligned,mi_site,1,-0.05009221508331951,0.48789596893447945,0.4690875
17,2.0,aligned,mi_site,2,0.0964610711153191,-0.6418275196080404,0.4690875
17,2.0,aligned,mi_site,3,0.05035568676869484,-0.5664715554945644,0.4690875
17,2.0,aligned,mi_site,4,0.0044960923887514825,0.5271366926135725,0.4690875
17,2.0,aligned,mi_site,5,0.13883497632317038,-0.4962140550900823,0.4690875
17,2.0,aligned,mi_site,6,-0.07662184276652195,0.6333983266247538,0.4690875
17,2.0,aligned,mi_site,7,0.0643718010672708,-0.648618372126206,0.4690875
17,2.0,aligned,mi_site,8,0.030083887758485583,-0.48378056277713316,0.4690875
17,2.0,aligned,mi_site,9,-0.029909121693842855,0.47700104036067004,0.4690875
17,2.0,aligned,mi_site,10,0.00324673002060899,-0.026710567499660887,0.4690875
17,2.0,aligned,mi_site,11,0.04883983829172023,-0.6086111524596366,0.4690875
17,2.0,aligned,mi_site,12,-0.11102142307014662,0.8093642456559667,0.4690875
17,2.0,aligned,mi_site,13,-0.07439170193702149,0.7113865234890139,0.4690875
17,2.0,aligned,mi_site,14,-0.03942992749008145,-0.684034823586235,0.4690875
17,2.0,aligned,mi_site,15,-0.1532158149226564,0.6372151386755927,0.4690875
17,2.0,aligned,mi_site,16,0.07633588365684274,-0.8088740257574053,0.4690875
17,2.0,aligned,mi_site,17,-0.0503045406287187,0.817278222217769,0.4690875
17,2.0,aligned,mi_site,18,-0.022016247014734924,0.6027853165611238,0.4690875
17,2.0,aligned,mi_site,19,0.028664009766454224,-0.5943585247311871,0.4690875
17,2.0,aligned,mi_site,20,0.0013002669883830243,0.010209538649937334,0.4690875
17,2.0,aligned,mi_site,21,0.07154393650126256,-0.8862691949551403,0.4690875
17,2.0,aligned,mi_site,22,0.03197842896031711,-0.8981825209300053,0.4690875
17,2.0,aligned,mi_site,23,0.02582871158326,0.4150257416204533,0.4690875
17,2.0,aligned,mi_site,24,0.14497735911266477,-0.2588650714624636,0.4690875
17,2.0,aligned,mi_site,25,-0.10008349857218718,0.3644839511455759,0.4690875
17,2.0,aligned,mi_site,26,0.017183632579967356,-0.8634850962299504,0.4690875
17,2.0,aligned,mi_site,27,0.018054107516307427,-0.9546035591195783,0.4690875
17,2.0,aligned,mi_site,28,-0.022901778917439497,0.9737720301875222,0.4690875
17,2.0,aligned,mi_site,29,-0.00798911308368808,-0.021474784293322533,0.4690875
17,2.0,aligned,mi_site,30,-0.08272155526672709,0.8806354550710261,0.4690875
17,2.0,aligned,mi_site,31,0.042740501161090405,-0.5528908111946884,0.4690875
17,2.0,aligned,mi_site,32,-0.17129254301289093,0.5184163542198541,0.4690875
17,2.0,aligned,mi_site,33,0.12884370731673567,-0.6565740191051814,0.4690875
17,2.0,aligned,mi_site,34,-0.08495948829021682,0.9489758148921441,0.4690875
17,2.0,aligned,mi_site,35,-0.08121200725924693,0.8647922052483477,0.4690875
17,2.0,aligned,mi_site,36,0.07341450880226985,-0.8638817563034945,0.4690875
17,2.0,aligned,mi_site,37,0.03286806739158861,0.023368346170585242,0.4690875
17,2.0,aligned,mi_site,38,-0.0187531128179525,-0.48692828097611857,0.4690875
17,2.0,aligned,mi_site,39,-0.1429991581783862,0.45939815319683147,0.4690875
17,2.0,aligned,mi_site,40,0.10768859957148424,-0.5800635022157076,0.4690875
17,2.0,aligned,mi_site,41,-0.016202498315157965,0.8907043881869744,0.4690875
17,2.0,aligned,mi_site,42,3.580788649648614e-05,0.8504687496021035,0.4690875
17,2.0,aligned,mi_site,43,0.021045432590686253,-0.874936963197291,0.4690875
17,2.0,aligned,mi_site,44,0.02769827030916142,0.022180585460219022,0.4690875
17,2.0,aligned,mi_site,45,0.06040839833665057,-0.6124621115182971,0.4690875
17,2.0,aligned,mi_site,46,0.006595267018344231,0.5549211541888869,0.4690875
17,2.0,aligned,mi_site,47,-0.024655264132824373,-0.5596489052899015,0.4690875
17,2.0,aligned,mi_site,48,-0.044256076663514166,-0.34084043306096606,0.4690875
17,2.0,aligned,mi_site,49,0.03459384812307498,0.4054921845247598,0.4690875
17,2.0,aligned,mi_site,50,-0.0008179090764861754,-0.010234323990230242,0.4690875
17,2.0,aligned,mi_site,51,0.0277439226521623,-0.8695784143220157,0.4690875
17,2.0,aligned,mi_site,52,-0.13018942641418713,0.5882175755095759,0.4690875
17,2.0,aligned,mi_site,53,-0.1270105964149744,0.13816714216972653,0.4690875
17,2.0,aligned,mi_site,54,0.1366842742091906,-0.254705544825957,0.4690875
17,2.0,aligned,mi_site,55,0.013808374650764786,0.011075200623655248,0.4690875
17,2.0,aligned,mi_site,56,0.0705663130656139,-0.7250299152932949,0.4690875
17,2.0,aligned,mi_site,57,0.07260421373849152,-0.3371040294446906,0.4690875
17,2.0,aligned,mi_site,58,-0.09429970661970616,0.35685157897668335,0.4690875
17,2.0,aligned,mi_site,59,-0.012183967526341237,-0.009617730196506918,0.4690875
17,2.0,aligned,mi_site,60,0.013827245146175504,0.8645655836215139,0.4690875
17,2.0,aligned,mi_site,61,0.005711980613422374,-0.8664071110396041,0.4690875
17,2.0,aligned,mi_site,62,0.016222895166381982,0.02376315797424673,0.4690875
17,2.0,aligned,mi_site,63,0.00487040166957442,-0.9472098658723962,0.4690875
17,2.0,aligned,mi_site,64,0.012569130384845455,0.02185583048919971,0.4690875
17,2.0,aligned,mi_site,65,-0.009912350750038278,-0.02334832616954567,0.4690875
17,2.0,closed,available,0,-7.589007808006532e-05,-0.7813506840883151,0.4690875
17,2.0,closed,available,1,-0.007246630343439864,0.48789596893447945,0.4690875
17,2.0,closed,available,2,0.003801463329203947,-0.6418275196080404,0.4690875
17,2.0,closed,available,3,0.0007742733042603867,-0.5664715554945644,0.4690875
17,2.0,closed,available,4,-0.0017945920265035609,0.5271366926135725,0.4690875
17,2.0,closed,available,5,-0.0062835122477366,-0.4962140550900823,0.4690875
17,2.0,closed,available,6,0.003960183649028282,0.6333983266247538,0.4690875
17,2.0,closed,available,7,0.003947586191973551,-0.648618372126206,0.4690875
17,2.0,closed,available,8,0.004651590079710666,-0.48378056277713316,0.4690875
17,2.0,closed,available,9,-0.004151631828679114,0.47700104036067004,0.4690875
17,2.0,closed,available,10,-0.0016590335275518224,-0.026710567499660887,0.4690875
17,2.0,closed,available,11,-0.006078942959243605,-0.6086111524596366,0.4690875
17,2.0,closed,available,12,-0.0006191615841104614,0.8093642456559667,0.4690875
17,2.0,closed,available,13,0.0022274168229350355,0.7113865234890139,0.4690875
17,2.0,closed,available,14,0.0012168830763675809,-0.684034823586235,0.4690875
17,2.0,closed,available,15,-0.0009222380292349674,0.6372151386755927,0.4690875
17,2.0,closed,available,16,-0.0012138944015459563,-0.8088740257574053,0.4690875
17,2.0,closed,available,17,0.001201915105793483,0.817278222217769,0.4690875
17,2.0,closed,available,18,0.0005940810105287131,0.6027853165611238,0.4690875
17,2.0,closed,available,19,-0.0017226741610900653,-0.5943585247311871,0.4690875
17,2.0,closed,available,20,-0.0014496294002085911,0.010209538649937334,0.4690875
17,2.0,closed,available,21,-0.001522666360283642,-0.8862691949551403,0.4690875
17,2.0,closed,available,22,0.0038916017034346106,-0.8981825209300053,0.4690875
17,2.0,closed,available,23,-0.01796602001251718,0.4150257416204533,0.4690875
17,2.0,closed,available,24,0.00394825533674259,-0.2588650714624636,0.4690875
17,2.0,closed,available,25,0.0023818572352708456,0.3644839511455759,0.4690875
17,2.0,closed,available,26,0.0010517439990295196,-0.8634850962299504,0.4690875
17,2.0,closed,available,27,0.0018537248775906123,-0.9546035591195783,0.4690875
17,2.0,closed,available,28,0.0007418894508707252,0.9737720301875222,0.4690875
17,2.0,closed,available,29,0.0097291493531344,-0.021474784293322533,0.4690875
17,2.0,closed,available,30,-0.006332524402106854,0.8806354550710261,0.4690875
17,2.0,closed,available,31,0.0006906533660688829,-0.5528908111946884,0.4690875
17,2.0,closed,available,32,-0.012445505906483856,0.5184163542198541,0.4690875
17,2.0,closed,available,33,0.002325770386117143,-0.6565740191051814,0.4690875
17,2.0,closed,available,34,-0.0019677377203618507,0.9489758148921441,0.4690875
17,2.0,closed,available,35,-0.0050942713899412295,0.8647922052483477,0.4690875
17,2.0,closed,available,36,-0.0007190853877171444,-0.8638817563034945,0.4690875
17,2.0,closed,available,37,0.010296293223720391,0.023368346170585242,0.4690875
17,2.0,closed,available,38,0.009001306214716454,-0.48692828097611857,0.4690875
17,2.0,closed,available,39,0.005932977889343771,0.45939815319683147,0.4690875
17,2.0,closed,available,40,-0.008734740187344658,-0.5800635022157076,0.4690875
17,2.0,closed,available,41,0.0011846656353174945,0.8907043881869744,0.4690875
17,2.0,closed,available,42,-0.0026432071478722508,0.8504687496021035,0.4690875
17,2.0,closed,available,43,0.004425566557053617,-0.874936963197291,0.4690875
17,2.0,closed,available,44,0.014383313469286781,0.022180585460219022,0.4690875
17,2.0,closed,available,45,0.002766268591960608,-0.6124621115182971,0.4690875
17,2.0,closed,available,46,-0.002231277666117526,0.5549211541888869,0.4690875
17,2.0,closed,available,47,0.006588169153398438,-0.5596489052899015,0.4690875
17,2.0,closed,available,48,-0.0020146023577912175,-0.34084043306096606,0.4690875
17,2.0,closed,available,49,-0.006333135215495944,0.4054921845247598,0.4690875
17,2.0,closed,available,50,-0.005061363462436274,-0.010234323990230242,0.4690875
17,2.0,closed,available,51,-0.00018852454180318112,-0.8695784143220157,0.4690875
17,2.0,closed,available,52,0.0019277206083833098,0.5882175755095759,0.4690875
17,2.0,closed,available,53,-0.008102501221264657,0.13816714216972653,0.4690875
17,2.0,closed,available,54,-0.003760120414768253,-0.254705544825957,0.4690875
17,2.0,closed,available,55,0.007079679541334026,0.011075200623655248,0.4690875
17,2.0,closed,available,56,-0.003777916169162676,-0.7250299152932949,0.4690875
17,2.0,closed,available,57,0.0061971961471462556,-0.3371040294446906,0.4690875
17,2.0,closed,available,58,0.002785425950908804,0.35685157897668335,0.4690875
17,2.0,closed,available,59,-0.008246491584948763,-0.009617730196506918,0.4690875
17,2.0,closed,available,60,0.002647625289564748,0.8645655836215139,0.4690875
17,2.0,closed,available,61,0.0017754656579350714,-0.8664071110396041,0.4690875
17,2.0,closed,available,62,0.01221433336316161,0.02376315797424673,0.4690875
17,2.0,closed,available,63,-0.00010999052947457955,-0.9472098658723962,0.4690875
17,2.0,closed,available,64,-0.007250741061872689,0.02185583048919971,0.4690875
17,2.0,closed,available,65,0.004253973851313115,-0.02334832616954567,0.4690875
17,2.0,closed,mi_obs,0,-0.04215507956535558,-0.7813506840883151,0.4690875
17,2.0,closed,mi_obs,1,0.017146698009766592,0.48789596893447945,0.4690875
17,2.0,closed,mi_obs,2,-0.03354309772455577,-0.6418275196080404,0.4690875
17,2.0,closed,mi_obs,3,-0.008919839000008478,-0.5664715554945644,0.4690875
17,2.0,closed,mi_obs,4,0.04411984124550461,0.5271366926135725,0.4690875
17,2.0,closed,mi_obs,5,0.09413475883782152,-0.4962140550900823,0.4690875
17,2.0,closed,mi_obs,6,0.00758689752277697,0.6333983266247538,0.4690875
17,2.0,closed,mi_obs,7,-0.019518296523433953,-0.648618372126206,0.4690875
17,2.0,closed,mi_obs,8,-0.021095546186468528,-0.48378056277713316,0.4690875
17,2.0,closed,mi_obs,9,0.019589182786722947,0.47700104036067004,0.4690875
17,2.0,closed,mi_obs,10,-0.0038911768506569855,-0.026710567499660887,0.4690875
17,2.0,closed,mi_obs,11,0.005481806174145176,-0.6086111524596366,0.4690875
17,2.0,closed,mi_obs,12,0.03919361766005969,0.8093642456559667,0.4690875
17,2.0,closed,mi_obs,13,-0.01230116547162785,0.7113865234890139,0.4690875
17,2.0,closed,mi_obs,14,-0.07258296117818486,-0.684034823586235,0.4690875
17,2.0,closed,mi_obs,15,-0.12780402991688233,0.6372151386755927,0.4690875
17,2.0,closed,mi_obs,16,0.031134873824872566,-0.8088740257574053,0.4690875
17,2.0,closed,mi_obs,17,-0.009292523494617622,0.817278222217769,0.4690875
17,2.0,closed,mi_obs,18,0.004997196481300703,0.6027853165611238,0.4690875
17,2.0,closed,mi_obs,19,-0.005561552209587095,-0.5943585247311871,0.4690875
17,2.0,closed,mi_obs,20,0.007392178787615486,0.010209538649937334,0.4690875
17,2.0,closed,mi_obs,21,-0.008687117454001081,-0.8862691949551403,0.4690875
17,2.0,closed,mi_obs,22,-0.030692278778391757,-0.8981825209300053,0.4690875
17,2.0,closed,mi_obs,23,0.022607430968042186,0.4150257416204533,0.4690875
17,2.0,closed,mi_obs,24,0.1658404047053798,-0.2588650714624636,0.4690875
17,2.0,closed,mi_obs,25,-0.10520062019957499,0.3644839511455759,0.4690875
17,2.0,closed,mi_obs,26,-0.002191103030010022,-0.8634850962299504,0.4690875
17,2.0,closed,mi_obs,27,-0.0035039307138113873,-0.9546035591195783,0.4690875
17,2.0,closed,mi_obs,28,0.009961821963847983,0.9737720301875222,0.4690875
17,2.0,closed,mi_obs,29,-0.00023991373485736378,-0.021474784293322533,0.4690875
17,2.0,closed,mi_obs,30,0.007018360872254825,0.8806354550710261,0.4690875
17,2.0,closed,mi_obs,31,-0.038794477613602774,-0.5528908111946884,0.4690875
17,2.0,closed,mi_obs,32,-0.1764368219789602,0.5184163542198541,0.4690875
17,2.0,closed,mi_obs,33,0.07160888563963597,-0.6565740191051814,0.4690875
17,2.0,closed,mi_obs,34,0.009388979265644748,0.9489758148921441,0.4690875
17,2.0,closed,mi_obs,35,0.019518880013515205,0.8647922052483477,0.4690875
17,2.0,closed,mi_obs,36,-0.018998929884067817,-0.8638817563034945,0.4690875
17,2.0,closed,mi_obs,37,0.013257900373371479,0.023368346170585242,0.4690875
17,2.0,closed,mi_obs,38,-0.033914909719919895,-0.48692828097611857,0.4690875
17,2.0,closed,mi_obs,39,-0.1647462628942316,0.45939815319683147,0.4690875
17,2.0,closed,mi_obs,40,0.10378255194600777,-0.5800635022157076,0.4690875
17,2.0,closed,mi_obs,41,0.008236871028873605,0.8907043881869744,0.4690875
17,2.0,closed,mi_obs,42,0.03250734716319159,0.8504687496021035,0.4690875
17,2.0,closed,mi_obs,43,-0.028317961809996017,-0.874936963197291,0.4690875
17,2.0,closed,mi_obs,44,0.008334041011403115,0.022180585460219022,0.4690875
17,2.0,closed,mi_obs,45,0.019720090344828245,-0.6124621115182971,0.4690875
17,2.0,closed,mi_obs,46,0.047368784953113474,0.5549211541888869,0.4690875
17,2.0,closed,mi_obs,47,-0.02998423756040769,-0.5596489052899015,0.4690875
17,2.0,closed,mi_obs,48,-0.024217551810999383,-0.34084043306096606,0.4690875
17,2.0,closed,mi_obs,49,0.0287560955486878,0.4054921845247598,0.4690875
17,2.0,closed,mi_obs,50,-0.0038776515032180377,-0.010234323990230242,0.4690875
17,2.0,closed,mi_obs,51,0.038976690915276,-0.8695784143220157,0.4690875
17,2.0,closed,mi_obs,52,-0.16368808870447688,0.5882175755095759,0.4690875
17,2.0,closed,mi_obs,53,-0.1660529631776637,0.13816714216972653,0.4690875
17,2.0,closed,mi_obs,54,0.1564660800973247,-0.254705544825957,0.4690875
17,2.0,closed,mi_obs,55,0.0061225399273450425,0.011075200623655248,0.4690875
17,2.0,closed,mi_obs,56,0.07672993566915542,-0.7250299152932949,0.4690875
17,2.0,closed,mi_obs,57,0.08296679925551903,-0.3371040294446906,0.4690875
17,2.0,closed,mi_obs,58,-0.09399438033863244,0.35685157897668335,0.4690875
17,2.0,closed,mi_obs,59,-0.007274544750599089,-0.009617730196506918,0.4690875
17,2.0,closed,mi_obs,60,0.015281362002432353,0.8645655836215139,0.4690875
17,2.0,closed,mi_obs,61,-0.011582637984766886,-0.8664071110396041,0.4690875
17,2.0,closed,mi_obs,62,0.007716881117428912,0.02376315797424673,0.4690875
17,2.0,closed,mi_obs,63,-0.00906258911710689,-0.9472098658723962,0.4690875
17,2.0,closed,mi_obs,64,0.001555400873121688,0.02185583048919971,0.4690875
17,2.0,closed,mi_obs,65,-0.006243075385145153,-0.02334832616954567,0.4690875
17,2.0,closed,mi_class,0,0.026436921122733215,-0.7813506840883151,0.4690875
17,2.0,closed,mi_class,1,-0.03419749433413494,0.48789596893447945,0.4690875
17,2.0,closed,mi_class,2,-0.05136706285791681,-0.6418275196080404,0.4690875
17,2.0,closed,mi_class,3,0.09876986241266367,-0.5664715554945644,0.4690875
17,2.0,closed,mi_class,4,-0.11359750548136777,0.5271366926135725,0.4690875
17,2.0,closed,mi_class,5,0.09208056600492559,-0.4962140550900823,0.4690875
17,2.0,closed,mi_class,6,0.03236774256764219,0.6333983266247538,0.4690875
17,2.0,closed,mi_class,7,0.13760032321704385,-0.648618372126206,0.4690875
17,2.0,closed,mi_class,8,0.009767291992687888,-0.48378056277713316,0.4690875
17,2.0,closed,mi_class,9,0.030024945700946493,0.47700104036067004,0.4690875
17,2.0,closed,mi_class,10,-0.00036138701224311745,-0.026710567499660887,0.4690875
17,2.0,closed,mi_class,11,0.11197776406110732,-0.6086111524596366,0.4690875
17,2.0,closed,mi_class,12,-0.08759643196028066,0.8093642456559667,0.4690875
17,2.0,closed,mi_class,13,-0.24681898985572215,0.7113865234890139,0.4690875
17,2.0,closed,mi_class,14,0.2656067053986932,-0.684034823586235,0.4690875
17,2.0,closed,mi_class,15,-0.2373523381499762,0.6372151386755927,0.4690875
17,2.0,closed,mi_class,16,0.12977225827536287,-0.8088740257574053,0.4690875
17,2.0,closed,mi_class,17,-0.3129065314427171,0.817278222217769,0.4690875
17,2.0,closed,mi_class,18,-0.11692618567307439,0.6027853165611238,0.4690875
17,2.0,closed,mi_class,19,0.038212972986490956,-0.5943585247311871,0.4690875
17,2.0,closed,mi_class,20,0.001190407387201553,0.010209538649937334,0.4690875
17,2.0,closed,mi_class,21,0.19380098092582498,-0.8862691949551403,0.4690875
17,2.0,closed,mi_class,22,0.3286534139311398,-0.8981825209300053,0.4690875
17,2.0,closed,mi_class,23,-0.22045659734187883,0.4150257416204533,0.4690875
17,2.0,closed,mi_class,24,0.13026257835965788,-0.2588650714624636,0.4690875
17,2.0,closed,mi_class,25,-0.07561109809549343,0.3644839511455759,0.4690875
17,2.0,closed,mi_class,26,0.43276296131584796,-0.8634850962299504,0.4690875
17,2.0,closed,mi_class,27,0.21695048853053178,-0.9546035591195783,0.4690875
17,2.0,closed,mi_class,28,-0.12647665752747284,0.9737720301875222,0.4690875
17,2.0,closed,mi_class,29,0.014794881245795217,-0.021474784293322533,0.4690875
17,2.0,closed,mi_class,30,-0.17570096773428356,0.8806354550710261,0.4690875
17,2.0,closed,mi_class,31,0.14150684143469233,-0.5528908111946884,0.4690875
17,2.0,closed,mi_class,32,-0.11589304604564632,0.5184163542198541,0.4690875
17,2.0,closed,mi_class,33,0.0628668810085462,-0.6565740191051814,0.4690875
17,2.0,closed,mi_class,34,-0.22628707959319472,0.9489758148921441,0.4690875
17,2.0,closed,mi_class,35,-0.051939484475263864,0.8647922052483477,0.4690875
17,2.0,closed,mi_class,36,0.09640633208829963,-0.8638817563034945,0.4690875
17,2.0,closed,mi_class,37,0.017344928017828245,0.023368346170585242,0.4690875
17,2.0,closed,mi_class,38,0.11880134880380466,-0.48692828097611857,0.4690875
17,2.0,closed,mi_class,39,-0.09493106601245166,0.45939815319683147,0.4690875
17,2.0,closed,mi_class,40,0.14002516115151897,-0.5800635022157076,0.4690875
17,2.0,closed,mi_class,41,-0.21024776775829568,0.8907043881869744,0.4690875
17,2.0,closed,mi_class,42,-0.14478562458147237,0.8504687496021035,0.4690875
17,2.0,closed,mi_class,43,0.1825141791660877,-0.874936963197291,0.4690875
17,2.0,closed,mi_class,44,0.004166863427800305,0.022180585460219022,0.4690875
17,2.0,closed,mi_class,45,0.01306095787200423,-0.6124621115182971,0.4690875
17,2.0,closed,mi_class,46,-0.11082677854823325,0.5549211541888869,0.4690875
17,2.0,closed,mi_class,47,0.03247907272874384,-0.5596489052899015,0.4690875
17,2.0,closed,mi_class,48,0.08655178515292439,-0.34084043306096606,0.4690875
17,2.0,closed,mi_class,49,-0.111690486723932,0.4054921845247598,0.4690875
17,2.0,closed,mi_class,50,-0.0020661589828245997,-0.010234323990230242,0.4690875
17,2.0,closed,mi_class,51,0.1595634131217587,-0.8695784143220157,0.4690875
17,2.0,closed,mi_class,52,-0.01332657458229225,0.5882175755095759,0.4690875
17,2.0,closed,mi_class,53,-0.030775239950885325,0.13816714216972653,0.4690875
17,2.0,closed,mi_class,54,0.0611712280808161,-0.254705544825957,0.4690875
17,2.0,closed,mi_class,55,0.004684962527870656,0.011075200623655248,0.4690875
17,2.0,closed,mi_class,56,0.15777070669024917,-0.7250299152932949,0.4690875
17,2.0,closed,mi_class,57,0.0940903437479127,-0.3371040294446906,0.4690875
17,2.0,closed,mi_class,58,-0.0030777066833273525,0.35685157897668335,0.4690875
17,2.0,closed,mi_class,59,0.03546959091376431,-0.009617730196506918,0.4690875
17,2.0,closed,mi_class,60,-0.15099709380617476,0.8645655836215139,0.4690875
17,2.0,closed,mi_class,61,0.22999614208830865,-0.8664071110396041,0.4690875
17,2.0,closed,mi_class,62,0.0027130168982202676,0.02376315797424673,0.4690875
17,2.0,closed,mi_class,63,0.0895022560398997,-0.9472098658723962,0.4690875
17,2.0,closed,mi_class,64,0.00037457468536483685,0.02185583048919971,0.4690875
17,2.0,closed,mi_class,65,-0.003989492517255857,-0.02334832616954567,0.4690875
17,2.0,closed,mi_site,0,-0.0329128872971759,-0.7813506840883151,0.4690875
17,2.0,closed,mi_site,1,0.015426302728822672,0.48789596893447945,0.4690875
17,2.0,closed,mi_site,2,-0.03801637381701395,-0.6418275196080404,0.4690875
17,2.0,closed,mi_site,3,-0.008569934626411646,-0.5664715554945644,0.4690875
17,2.0,closed,mi_site,4,0.051864132159488485,0.5271366926135725,0.4690875
17,2.0,closed,mi_site,5,0.1028543371724317,-0.4962140550900823,0.4690875
17,2.0,closed,mi_site,6,-0.007924626044601202,0.6333983266247538,0.4690875
17,2.0,closed,mi_site,7,-0.012381202774984446,-0.648618372126206,0.4690875
17,2.0,closed,mi_site,8,-0.021735763028073174,-0.48378056277713316,0.4690875
17,2.0,closed,mi_site,9,0.02211560362557441,0.47700104036067004,0.4690875
17,2.0,closed,mi_site,10,-0.0055908488022962805,-0.026710567499660887,0.4690875
17,2.0,closed,mi_site,11,0.00368831892042365,-0.6086111524596366,0.4690875
17,2.0,closed,mi_site,12,0.025447998490369605,0.8093642456559667,0.4690875
17,2.0,closed,mi_site,13,-0.014607990593422215,0.7113865234890139,0.4690875
17,2.0,closed,mi_site,14,-0.06574338774982891,-0.684034823586235,0.4690875
17,2.0,closed,mi_site,15,-0.13952356789160242,0.6372151386755927,0.4690875
17,2.0,closed,mi_site,16,0.04158267495007517,-0.8088740257574053,0.4690875
17,2.0,closed,mi_site,17,-0.014908406545367514,0.817278222217769,0.4690875
17,2.0,closed,mi_site,18,0.005893407974645992,0.6027853165611238,0.4690875
17,2.0,closed,mi_site,19,-0.006968713788807923,-0.5943585247311871,0.4690875
17,2.0,closed,mi_site,20,0.009128270513988655,0.010209538649937334,0.4690875
17,2.0,closed,mi_site,21,-0.006080232002334318,-0.8862691949551403,0.4690875
17,2.0,closed,mi_site,22,-0.02700591127526042,-0.8981825209300053,0.4690875
17,2.0,closed,mi_site,23,0.0337075326734409,0.4150257416204533,0.4690875
17,2.0,closed,mi_site,24,0.14094231442000377,-0.2588650714624636,0.4690875
17,2.0,closed,mi_site,25,-0.09108960392683674,0.3644839511455759,0.4690875
17,2.0,closed,mi_site,26,-0.005999908400567744,-0.8634850962299504,0.4690875
17,2.0,closed,mi_site,27,-0.003177628181777137,-0.9546035591195783,0.4690875
17,2.0,closed,mi_site,28,0.009402154481773395,0.9737720301875222,0.4690875
17,2.0,closed,mi_site,29,-0.0063828612031861034,-0.021474784293322533,0.4690875
17,2.0,closed,mi_site,30,0.011192075827571313,0.8806354550710261,0.4690875
17,2.0,closed,mi_site,31,-0.05599101593144207,-0.5528908111946884,0.4690875
17,2.0,closed,mi_site,32,-0.15861655944169467,0.5184163542198541,0.4690875
17,2.0,closed,mi_site,33,0.06636924558014645,-0.6565740191051814,0.4690875
17,2.0,closed,mi_site,34,0.007368201220281478,0.9489758148921441,0.4690875
17,2.0,closed,mi_site,35,0.016237082319651486,0.8647922052483477,0.4690875
17,2.0,closed,mi_site,36,-0.015834897057178776,-0.8638817563034945,0.4690875
17,2.0,closed,mi_site,37,0.017298115092075707,0.023368346170585242,0.4690875
17,2.0,closed,mi_site,38,-0.037398659280225066,-0.48692828097611857,0.4690875
17,2.0,closed,mi_site,39,-0.1400056103786359,0.45939815319683147,0.4690875
17,2.0,closed,mi_site,40,0.08986340329180081,-0.5800635022157076,0.4690875
17,2.0,closed,mi_site,41,0.010809526144611947,0.8907043881869744,0.4690875
17,2.0,closed,mi_site,42,0.028051384258397927,0.8504687496021035,0.4690875
17,2.0,closed,mi_site,43,-0.026027131557867067,-0.874936963197291,0.4690875
17,2.0,closed,mi_site,44,0.013763304591812683,0.022180585460219022,0.4690875
17,2.0,closed,mi_site,45,0.035973474506150294,-0.6124621115182971,0.4690875
17,2.0,closed,mi_site,46,0.029631593308063198,0.5549211541888869,0.4690875
17,2.0,closed,mi_site,47,-0.02942062252146238,-0.5596489052899015,0.4690875
17,2.0,closed,mi_site,48,-0.031499769592480076,-0.34084043306096606,0.4690875
17,2.0,closed,mi_site,49,0.037436173476993684,0.4054921845247598,0.4690875
17,2.0,closed,mi_site,50,-0.0023995041216851795,-0.010234323990230242,0.4690875
17,2.0,closed,mi_site,51,0.042177322191140676,-0.8695784143220157,0.4690875
17,2.0,closed,mi_site,52,-0.14845043120306067,0.5882175755095759,0.4690875
17,2.0,closed,mi_site,53,-0.1437896519414745,0.13816714216972653,0.4690875
17,2.0,closed,mi_site,54,0.1330299457690003,-0.254705544825957,0.4690875
17,2.0,closed,mi_site,55,0.013116431173704776,0.011075200623655248,0.4690875
17,2.0,closed,mi_site,56,0.07228867046237009,-0.7250299152932949,0.4690875
17,2.0,closed,mi_site,57,0.07215436558895227,-0.3371040294446906,0.4690875
17,2.0,closed,mi_site,58,-0.08303848518240176,0.35685157897668335,0.4690875
17,2.0,closed,mi_site,59,-0.015902924007237675,-0.009617730196506918,0.4690875
17,2.0,closed,mi_site,60,0.016016362957789076,0.8645655836215139,0.4690875
17,2.0,closed,mi_site,61,-0.013491269535697237,-0.8664071110396041,0.4690875
17,2.0,closed,mi_site,62,0.015631151089085023,0.02376315797424673,0.4690875
17,2.0,closed,mi_site,63,-0.008217187547384208,-0.9472098658723962,0.4690875
17,2.0,closed,mi_site,64,0.00700758628286997,0.02185583048919971,0.4690875
17,2.0,closed,mi_site,65,-0.011885750499790213,-0.02334832616954567,0.4690875
