rep,gamma,alignment,estimator,pair,signed_err,truth,miss_rate
16,0.0,aligned,available,0,0.0013271970832494095,-0.01943705126649003,0.47197916666666667
16,0.0,aligned,available,1,0.0043380175069582805,0.4289690365411926,0.47197916666666667
16,0.0,aligned,available,2,-0.004054245992144212,-0.7590319922039962,0.47197916666666667
16,0.0,aligned,available,3,0.016061302775432412,0.21389292119710568,0.47197916666666667
16,0.0,aligned,available,4,-0.005436184478057906,0.005591977402284646,0.47197916666666667
16,0.0,aligned,available,5,-0.0022008642866234718,-0.7204072644186227,0.47197916666666667
16,0.0,aligned,available,6,0.01392716056405971,0.19133473886247385,0.47197916666666667
16,0.0,aligned,available,7,0.003590809709341558,0.7685698952454872,0.47197916666666667
16,0.0,aligned,available,8,0.0024477525839385894,-0.8805409393023526,0.47197916666666667
16,0.0,aligned,available,9,0.007488382791520198,-0.27152685507811253,0.47197916666666667
16,0.0,aligned,available,10,0.007842440643276667,0.0021199699450711175,0.47197916666666667
16,0.0,aligned,available,11,0.006488699023669829,-0.012031274022744967,0.47197916666666667
16,0.0,aligned,available,12,-0.026396493250163338,0.015116012964256114,0.47197916666666667
16,0.0,aligned,available,13,-0.003687044678677488,-0.00796776681677801,0.47197916666666667
16,0.0,aligned,available,14,-0.010504617303365212,0.006398758400045258,0.47197916666666667
16,0.0,aligned,available,15,-0.013175250863982649,0.01386296995522758,0.47197916666666667
16,0.0,aligned,available,16,0.004885728297675133,-0.006732178600823482,0.47197916666666667
16,0.0,aligned,available,17,0.02409788680778164,-0.01569243545864075,0.47197916666666667
16,0.0,aligned,available,18,-0.025427817347826898,0.013438678725022794,0.47197916666666667
16,0.0,aligned,available,19,-0.003632954142967211,0.00914380101160295,0.47197916666666667
16,0.0,aligned,available,20,-0.0014593578013879244,-0.007755821450646572,0.47197916666666667
16,0.0,aligned,available,21,0.009996659001960562,-0.4374390337267578,0.47197916666666667
16,0.0,aligned,available,22,-0.007459944489151882,0.49135505276388725,0.47197916666666667
16,0.0,aligned,available,23,-0.02078704662495388,-0.001018315759009871,0.47197916666666667
16,0.0,aligned,available,24,0.0030657997074081678,-0.618871378444334,0.47197916666666667
16,0.0,aligned,available,25,-0.012111414691912181,0.3031213901079836,0.47197916666666667
16,0.0,aligned,available,26,-0.012520994084302073,0.4870770634947735,0.47197916666666667
16,0.0,aligned,available,27,-0.01458913714393495,-0.3907235505370376,0.47197916666666667
16,0.0,aligned,available,28,-0.003993507302828991,-0.6274855953143714,0.47197916666666667
16,0.0,aligned,available,29,0.016188750125069665,0.001965552680535125,0.47197916666666667
16,0.0,aligned,available,30,0.005037473680406912,-0.42156782353367106,0.47197916666666667
16,0.0,aligned,available,31,0.03870461131277534,-0.006272148579124102,0.47197916666666667
16,0.0,aligned,available,32,-0.02315257746710886,0.6989715791748311,0.47197916666666667
16,0.0,aligned,available,33,0.020959891797972863,-0.47420415530558196,0.47197916666666667
16,0.0,aligned,available,34,0.0003966086718164563,-0.8925558255105994,0.47197916666666667
16,0.0,aligned,available,35,0.009287048181091162,0.713715082939006,0.47197916666666667
16,0.0,aligned,available,36,-0.008750463602032799,0.5416795207308742,0.47197916666666667
16,0.0,aligned,available,37,0.004571735552966798,0.0015438951578034487,0.47197916666666667
16,0.0,aligned,available,38,0.0011787195087369085,-0.1718190832138147,0.47197916666666667
16,0.0,aligned,available,39,-0.00998788980433074,-0.27754502108578843,0.47197916666666667
16,0.0,aligned,available,40,0.0037679016092547757,0.8430631663842425,0.47197916666666667
16,0.0,aligned,available,41,0.009765946441876783,0.4700777935657285,0.47197916666666667
16,0.0,aligned,available,42,-0.003752974994266356,-0.3779087749366627,0.47197916666666667
16,0.0,aligned,available,43,-0.0014087899255645908,-0.779432002045574,0.47197916666666667
16,0.0,aligned,available,44,0.007039204601243687,0.4624051469452495,0.47197916666666667
16,0.0,aligned,available,45,0.005424043522452722,-0.004218844863598005,0.47197916666666667
16,0.0,aligned,available,46,-0.003907610616808499,-0.13192505374117663,0.47197916666666667
16,0.0,aligned,available,47,-0.010303320267495367,0.013456792430712822,0.47197916666666667
16,0.0,aligned,available,48,-0.014318358303268521,-0.008279426247870952,0.47197916666666667
16,0.0,aligned,available,49,0.017150383451618536,-0.006414566293843157,0.47197916666666667
16,0.0,aligned,available,50,0.00491556703450291,-0.685522883494827,0.47197916666666667
16,0.0,aligned,available,51,-0.007197906843992602,-0.0889283318410861,0.47197916666666667
16,0.0,aligned,available,52,0.0002666559642560129,-0.7834395014164993,0.47197916666666667
16,0.0,aligned,available,53,0.0055203345941449156,0.6283118347942512,0.47197916666666667
16,0.0,aligned,available,54,-0.004600207024294312,0.35276691510455294,0.47197916666666667
16,0.0,aligned,available,55,-0.01348069493203246,-0.0029965398730916154,0.47197916666666667
16,0.0,aligned,available,56,0.005269172157319757,0.42335467827935913,0.47197916666666667
16,0.0,aligned,available,57,-0.008713423676032617,-0.33670449653594636,0.47197916666666667
16,0.0,aligned,available,58,0.004914111398137133,-0.6935225679335295,0.47197916666666667
16,0.0,aligned,available,59,0.0095641682120442,0.3555794547554943,0.47197916666666667
16,0.0,aligned,available,60,-0.005098780701456973,-0.7987745641090624,0.47197916666666667
16,0.0,aligned,available,61,0.0078919719085494,-0.6034395501140202,0.47197916666666667
16,0.0,aligned,available,62,0.015391163182967724,-0.010162789491007837,0.47197916666666667
16,0.0,aligned,available,63,-0.0027040537760879,0.4825189028071533,0.47197916666666667
16,0.0,aligned,available,64,0.002975287508534748,0.0028671914730234826,0.47197916666666667
16,0.0,aligned,available,65,-0.011961034401297171,0.00853499992691058,0.47197916666666667
16,0.0,aligned,mi_obs,0,0.003419791896910211,-0.01943705126649003,0.47197916666666667
16,0.0,aligned,mi_obs,1,-0.0016572718253237695,0.4289690365411926,0.47197916666666667
16,0.0,aligned,mi_obs,2,-0.04455239277995671,-0.7590319922039962,0.47197916666666667
16,0.0,aligned,mi_obs,3,0.016813367539978696,0.21389292119710568,0.47197916666666667
16,0.0,aligned,mi_obs,4,-0.05187975981694026,0.005591977402284646,0.47197916666666667
16,0.0,aligned,mi_obs,5,-0.044559942365127614,-0.7204072644186227,0.47197916666666667
16,0.0,aligned,mi_obs,6,0.05266157611919506,0.19133473886247385,0.47197916666666667
16,0.0,aligned,mi_obs,7,0.04553003248152321,0.7685698952454872,0.47197916666666667
16,0.0,aligned,mi_obs,8,-0.026080235250917516,-0.8805409393023526,0.47197916666666667
16,0.0,aligned,mi_obs,9,-0.006465248062143936,-0.27152685507811253,0.47197916666666667
16,0.0,aligned,mi_obs,10,0.0018947442065988256,0.0021199699450711175,0.47197916666666667
16,0.0,aligned,mi_obs,11,0.019496727544022423,-0.012031274022744967,0.47197916666666667
16,0.0,aligned,mi_obs,12,-0.04017041502283129,0.015116012964256114,0.47197916666666667
16,0.0,aligned,mi_obs,13,-0.002845230984302201,-0.00796776681677801,0.47197916666666667
16,0.0,aligned,mi_obs,14,-0.018737500477044023,0.006398758400045258,0.47197916666666667
16,0.0,aligned,mi_obs,15,-0.004692166780174282,0.01386296995522758,0.47197916666666667
16,0.0,aligned,mi_obs,16,-0.020150513139206266,-0.006732178600823482,0.47197916666666667
16,0.0,aligned,mi_obs,17,0.0004400826781069643,-0.01569243545864075,0.47197916666666667
16,0.0,aligned,mi_obs,18,-0.027923836992858487,0.013438678725022794,0.47197916666666667
16,0.0,aligned,mi_obs,19,-0.00464780069664444,0.00914380101160295,0.47197916666666667
16,0.0,aligned,mi_obs,20,-0.0041234577251431145,-0.007755821450646572,0.47197916666666667
16,0.0,aligned,mi_obs,21,0.0007733167173523681,-0.4374390337267578,0.47197916666666667
16,0.0,aligned,mi_obs,22,0.04682590577813306,0.49135505276388725,0.47197916666666667
16,0.0,aligned,mi_obs,23,-0.0628404252972691,-0.001018315759009871,0.47197916666666667
16,0.0,aligned,mi_obs,24,-0.04249387324718168,-0.618871378444334,0.47197916666666667
16,0.0,aligned,mi_obs,25,0.06490135440976774,0.3031213901079836,0.47197916666666667
16,0.0,aligned,mi_obs,26,-0.010796798975557464,0.4870770634947735,0.47197916666666667
16,0.0,aligned,mi_obs,27,-0.005670440783864195,-0.3907235505370376,0.47197916666666667
16,0.0,aligned,mi_obs,28,-0.03264071075055586,-0.6274855953143714,0.47197916666666667
16,0.0,aligned,mi_obs,29,0.0058483572905150775,0.001965552680535125,0.47197916666666667
16,0.0,aligned,mi_obs,30,-0.01749612583607768,-0.42156782353367106,0.47197916666666667
16,0.0,aligned,mi_obs,31,0.08091150750679889,-0.006272148579124102,0.47197916666666667
16,0.0,aligned,mi_obs,32,-0.0042301805133748704,0.6989715791748311,0.47197916666666667
16,0.0,aligned,mi_obs,33,-0.09157516867734677,-0.47420415530558196,0.47197916666666667
16,0.0,aligned,mi_obs,34,-0.048935709259150695,-0.8925558255105994,0.47197916666666667
16,0.0,aligned,mi_obs,35,0.040601179407096954,0.713715082939006,0.47197916666666667
16,0.0,aligned,mi_obs,36,0.015168344967824376,0.5416795207308742,0.47197916666666667
16,0.0,aligned,mi_obs,37,0.0031021894413297813,0.0015438951578034487,0.47197916666666667
16,0.0,aligned,mi_obs,38,-0.15651695989670664,-0.1718190832138147,0.47197916666666667
16,0.0,aligned,mi_obs,39,0.005884258613657545,-0.27754502108578843,0.47197916666666667
16,0.0,aligned,mi_obs,40,0.013664281692924996,0.8430631663842425,0.47197916666666667
16,0.0,aligned,mi_obs,41,0.010319635798820226,0.4700777935657285,0.47197916666666667
16,0.0,aligned,mi_obs,42,-0.02099098581822767,-0.3779087749366627,0.47197916666666667
16,0.0,aligned,mi_obs,43,-0.03109500717015201,-0.779432002045574,0.47197916666666667
16,0.0,aligned,mi_obs,44,-0.0059868979191406435,0.4624051469452495,0.47197916666666667
16,0.0,aligned,mi_obs,45,0.020770377592303272,-0.004218844863598005,0.47197916666666667
16,0.0,aligned,mi_obs,46,-0.12374303966234829,-0.13192505374117663,0.47197916666666667
16,0.0,aligned,mi_obs,47,-0.05202217492762747,0.013456792430712822,0.47197916666666667
16,0.0,aligned,mi_obs,48,0.04908036695896977,-0.008279426247870952,0.47197916666666667
16,0.0,aligned,mi_obs,49,0.09811208925761265,-0.006414566293843157,0.47197916666666667
16,0.0,aligned,mi_obs,50,-0.09309532251972152,-0.685522883494827,0.47197916666666667
16,0.0,aligned,mi_obs,51,-0.05503366380149628,-0.0889283318410861,0.47197916666666667
16,0.0,aligned,mi_obs,52,0.0063031530871262564,-0.7834395014164993,0.47197916666666667
16,0.0,aligned,mi_obs,53,0.009214682109579209,0.6283118347942512,0.47197916666666667
16,0.0,aligned,mi_obs,54,-0.033637765760203386,0.35276691510455294,0.47197916666666667
16,0.0,aligned,mi_obs,55,0.007113266438882829,-0.0029965398730916154,0.47197916666666667
16,0.0,aligned,mi_obs,56,0.0725763552141358,0.42335467827935913,0.47197916666666667
16,0.0,aligned,mi_obs,57,-0.05488171524293112,-0.33670449653594636,0.47197916666666667
16,0.0,aligned,mi_obs,58,-0.040666126617735276,-0.6935225679335295,0.47197916666666667
16,0.0,aligned,mi_obs,59,-0.015150673300325546,0.3555794547554943,0.47197916666666667
16,0.0,aligned,mi_obs,60,-0.03441904916142735,-0.7987745641090624,0.47197916666666667
16,0.0,aligned,mi_obs,61,0.006525983979585037,-0.6034395501140202,0.47197916666666667
16,0.0,aligned,mi_obs,62,-0.016198692488296737,-0.010162789491007837,0.47197916666666667
16,0.0,aligned,mi_obs,63,0.006876657033145384,0.4825189028071533,0.47197916666666667
16,0.0,aligned,mi_obs,64,-0.005400256821982736,0.0028671914730234826,0.47197916666666667
16,0.0,aligned,mi_obs,65,0.019789728704500784,0.00853499992691058,0.47197916666666667
16,0.0,aligned,mi_class,0,0.008342284741902413,-0.01943705126649003,0.47197916666666667
16,0.0,aligned,mi_class,1,-0.10701019633676268,0.4289690365411926,0.47197916666666667
16,0.0,aligned,mi_class,2,0.15063856649514284,-0.7590319922039962,0.47197916666666667
16,0.0,aligned,mi_class,3,-0.21041789070261607,0.21389292119710568,0.47197916666666667
16,0.0,aligned,mi_class,4,-0.0027108695008013824,0.005591977402284646,0.47197916666666667
16,0.0,aligned,mi_class,5,0.25234657562791596,-0.7204072644186227,0.47197916666666667
16,0.0,aligned,mi_class,6,-0.027252047426372522,0.19133473886247385,0.47197916666666667
16,0.0,aligned,mi_class,7,-0.43398390155147937,0.7685698952454872,0.47197916666666667
16,0.0,aligned,mi_class,8,0.15473105380424446,-0.8805409393023526,0.47197916666666667
16,0.0,aligned,mi_class,9,0.03281815725656212,-0.27152685507811253,0.47197916666666667
16,0.0,aligned,mi_class,10,-0.0360435943979303,0.0021199699450711175,0.47197916666666667
16,0.0,aligned,mi_class,11,-0.008869762821895336,-0.012031274022744967,0.47197916666666667
16,0.0,aligned,mi_class,12,-0.0033737880395895356,0.015116012964256114,0.47197916666666667
16,0.0,aligned,mi_class,13,0.042423650219913796,-0.00796776681677801,0.47197916666666667
16,0.0,aligned,mi_class,14,-0.007995646075987762,0.006398758400045258,0.47197916666666667
16,0.0,aligned,mi_class,15,-0.012099137959672763,0.01386296995522758,0.47197916666666667
16,0.0,aligned,mi_class,16,-0.0016446181070419634,-0.006732178600823482,0.47197916666666667
16,0.0,aligned,mi_class,17,-0.011364701423650127,-0.01569243545864075,0.47197916666666667
16,0.0,aligned,mi_class,18,-0.004559091344301602,0.013438678725022794,0.47197916666666667
16,0.0,aligned,mi_class,19,-0.006120151772817404,0.00914380101160295,0.47197916666666667
16,0.0,aligned,mi_class,20,7.40854184367876e-05,-0.007755821450646572,0.47197916666666667
16,0.0,aligned,mi_class,21,0.023542186635286177,-0.4374390337267578,0.47197916666666667
16,0.0,aligned,mi_class,22,-0.3173909744245801,0.49135505276388725,0.47197916666666667
16,0.0,aligned,mi_class,23,-0.029914002738441865,-0.001018315759009871,0.47197916666666667
16,0.0,aligned,mi_class,24,0.2215928942772195,-0.618871378444334,0.47197916666666667
16,0.0,aligned,mi_class,25,-0.06084267263111964,0.3031213901079836,0.47197916666666667
16,0.0,aligned,mi_class,26,-0.22208633048687976,0.4870770634947735,0.47197916666666667
16,0.0,aligned,mi_class,27,-0.004575078160320656,-0.3907235505370376,0.47197916666666667
16,0.0,aligned,mi_class,28,0.004045804639015604,-0.6274855953143714,0.47197916666666667
16,0.0,aligned,mi_class,29,0.0035862552845190554,0.001965552680535125,0.47197916666666667
16,0.0,aligned,mi_class,30,0.18374948145405803,-0.42156782353367106,0.47197916666666667
16,0.0,aligned,mi_class,31,0.005645044505393937,-0.006272148579124102,0.47197916666666667
16,0.0,aligned,mi_class,32,-0.19351672973173695,0.6989715791748311,0.47197916666666667
16,0.0,aligned,mi_class,33,0.006008334600279053,-0.47420415530558196,0.47197916666666667
16,0.0,aligned,mi_class,34,0.3165465071257396,-0.8925558255105994,0.47197916666666667
16,0.0,aligned,mi_class,35,0.016052977515849776,0.713715082939006,0.47197916666666667
16,0.0,aligned,mi_class,36,-0.01521273735313311,0.5416795207308742,0.47197916666666667
16,0.0,aligned,mi_class,37,0.002563734336311091,0.0015438951578034487,0.47197916666666667
16,0.0,aligned,mi_class,38,0.0609896018154613,-0.1718190832138147,0.47197916666666667
16,0.0,aligned,mi_class,39,0.0879785250822133,-0.27754502108578843,0.47197916666666667
16,0.0,aligned,mi_class,40,-0.3363032239779411,0.8430631663842425,0.47197916666666667
16,0.0,aligned,mi_class,41,0.040760857478019,0.4700777935657285,0.47197916666666667
16,0.0,aligned,mi_class,42,0.1941703966901297,-0.3779087749366627,0.47197916666666667
16,0.0,aligned,mi_class,43,0.3631571532154417,-0.779432002045574,0.47197916666666667
16,0.0,aligned,mi_class,44,-0.2914586771650999,0.4624051469452495,0.47197916666666667
16,0.0,aligned,mi_class,45,0.0040836081390895,-0.004218844863598005,0.47197916666666667
16,0.0,aligned,mi_class,46,0.009163277102800807,-0.13192505374117663,0.47197916666666667
16,0.0,aligned,mi_class,47,-0.009585205080278806,0.013456792430712822,0.47197916666666667
16,0.0,aligned,mi_class,48,0.008878251020898363,-0.008279426247870952,0.47197916666666667
16,0.0,aligned,mi_class,49,0.011285351708450471,-0.006414566293843157,0.47197916666666667
16,0.0,aligned,mi_class,50,0.17427551419400555,-0.685522883494827,0.47197916666666667
16,0.0,aligned,mi_class,51,0.0005640323237690037,-0.0889283318410861,0.47197916666666667
16,0.0,aligned,mi_class,52,0.13388005849493456,-0.7834395014164993,0.47197916666666667
16,0.0,aligned,mi_class,53,-0.1606308097164293,0.6283118347942512,0.47197916666666667
16,0.0,aligned,mi_class,54,-0.07316784909861895,0.35276691510455294,0.47197916666666667
16,0.0,aligned,mi_class,55,-0.008449516843711261,-0.0029965398730916154,0.47197916666666667
16,0.0,aligned,mi_class,56,-0.09933541147648955,0.42335467827935913,0.47197916666666667
16,0.0,aligned,mi_class,57,0.024583554404912666,-0.33670449653594636,0.47197916666666667
16,0.0,aligned,mi_class,58,0.02414826792140079,-0.6935225679335295,0.47197916666666667
16,0.0,aligned,mi_class,59,-0.010857316206562273,0.3555794547554943,0.47197916666666667
16,0.0,aligned,mi_class,60,0.31164801695656374,-0.7987745641090624,0.47197916666666667
16,0.0,aligned,mi_class,61,0.22982372630744763,-0.6034395501140202,0.47197916666666667
16,0.0,aligned,mi_class,62,0.048570679312764486,-0.010162789491007837,0.47197916666666667
16,0.0,aligned,mi_class,63,-0.006552983215084851,0.4825189028071533,0.47197916666666667
16,0.0,aligned,mi_class,64,-0.005225211140233391,0.0028671914730234826,0.47197916666666667
16,0.0,aligned,mi_class,65,0.013388776274040731,0.00853499992691058,0.47197916666666667
16,0.0,aligned,mi_site,0,0.004770807621900219,-0.01943705126649003,0.47197916666666667
16,0.0,aligned,mi_site,1,-0.0627340864494007,0.4289690365411926,0.47197916666666667
16,0.0,aligned,mi_site,2,0.18518044840252001,-0.7590319922039962,0.47197916666666667
16,0.0,aligned,mi_site,3,-0.017472416788940903,0.21389292119710568,0.47197916666666667
16,0.0,aligned,mi_site,4,-0.027783593083601878,0.005591977402284646,0.47197916666666667
16,0.0,aligned,mi_site,5,0.024758056607214418,-0.7204072644186227,0.47197916666666667
16,0.0,aligned,mi_site,6,0.005372636942602038,0.19133473886247385,0.47197916666666667
16,0.0,aligned,mi_site,7,-0.04330817536146414,0.7685698952454872,0.47197916666666667
16,0.0,aligned,mi_site,8,0.18927305280197726,-0.8805409393023526,0.47197916666666667
16,0.0,aligned,mi_site,9,0.2439326113271561,-0.27152685507811253,0.47197916666666667
16,0.0,aligned,mi_site,10,0.0033780439768405627,0.0021199699450711175,0.47197916666666667
16,0.0,aligned,mi_site,11,0.009205290317650256,-0.012031274022744967,0.47197916666666667
16,0.0,aligned,mi_site,12,-0.013935422804782145,0.015116012964256114,0.47197916666666667
16,0.0,aligned,mi_site,13,-0.0024548817944914977,-0.00796776681677801,0.47197916666666667
16,0.0,aligned,mi_site,14,0.009635100183011926,0.006398758400045258,0.47197916666666667
16,0.0,aligned,mi_site,15,-0.007975770722399614,0.01386296995522758,0.47197916666666667
16,0.0,aligned,mi_site,16,-0.01687951544054827,-0.006732178600823482,0.47197916666666667
16,0.0,aligned,mi_site,17,0.0010092392218466369,-0.01569243545864075,0.47197916666666667
16,0.0,aligned,mi_site,18,-0.026651898957153752,0.013438678725022794,0.47197916666666667
16,0.0,aligned,mi_site,19,0.012599321636370163,0.00914380101160295,0.47197916666666667
16,0.0,aligned,mi_site,20,-0.00804603848543262,-0.007755821450646572,0.47197916666666667
16,0.0,aligned,mi_site,21,0.04956293483593088,-0.4374390337267578,0.47197916666666667
16,0.0,aligned,mi_site,22,0.0015502498481032578,0.49135505276388725,0.47197916666666667
16,0.0,aligned,mi_site,23,-0.04194985544095708,-0.001018315759009871,0.47197916666666667
16,0.0,aligned,mi_site,24,-0.033363701140885715,-0.618871378444334,0.47197916666666667
16,0.0,aligned,mi_site,25,0.03348417118362085,0.3031213901079836,0.47197916666666667
16,0.0,aligned,mi_site,26,-0.007673360835288856,0.4870770634947735,0.47197916666666667
16,0.0,aligned,mi_site,27,0.04889691418173836,-0.3907235505370376,0.47197916666666667
16,0.0,aligned,mi_site,28,0.5575632495056088,-0.6274855953143714,0.47197916666666667
16,0.0,aligned,mi_site,29,0.010445151897599928,0.001965552680535125,0.47197916666666667
16,0.0,aligned,mi_site,30,0.07736292044413695,-0.42156782353367106,0.47197916666666667
16,0.0,aligned,mi_site,31,0.02524383120151397,-0.006272148579124102,0.47197916666666667
16,0.0,aligned,mi_site,32,-0.0954387515662114,0.6989715791748311,0.47197916666666667
16,0.0,aligned,mi_site,33,0.039540008064136656,-0.47420415530558196,0.47197916666666667
16,0.0,aligned,mi_site,34,0.10749039503788271,-0.8925558255105994,0.47197916666666667
16,0.0,aligned,mi_site,35,-0.18240631993913436,0.713715082939006,0.47197916666666667
16,0.0,aligned,mi_site,36,-0.4842647462016482,0.5416795207308742,0.47197916666666667
16,0.0,aligned,mi_site,37,0.02295061105286015,0.0015438951578034487,0.47197916666666667
16,0.0,aligned,mi_site,38,-0.10445514270189984,-0.1718190832138147,0.47197916666666667
16,0.0,aligned,mi_site,39,-0.017225896570857657,-0.27754502108578843,0.47197916666666667
16,0.0,aligned,mi_site,40,-0.005272111898788956,0.8430631663842425,0.47197916666666667
16,0.0,aligned,mi_site,41,-0.0017064380308016713,0.4700777935657285,0.47197916666666667
16,0.0,aligned,mi_site,42,0.06631986044933008,-0.3779087749366627,0.47197916666666667
16,0.0,aligned,mi_site,43,0.6793786607196848,-0.779432002045574,0.47197916666666667
16,0.0,aligned,mi_site,44,-0.006908967568474422,0.4624051469452495,0.47197916666666667
16,0.0,aligned,mi_site,45,0.0219164656022361,-0.004218844863598005,0.47197916666666667
16,0.0,aligned,mi_site,46,-0.08612879840963397,-0.13192505374117663,0.47197916666666667
16,0.0,aligned,mi_site,47,-0.030238301984097264,0.013456792430712822,0.47197916666666667
16,0.0,aligned,mi_site,48,0.0313738560814789,-0.008279426247870952,0.47197916666666667
16,0.0,aligned,mi_site,49,-0.023649826969654803,-0.006414566293843157,0.47197916666666667
16,0.0,aligned,mi_site,50,-0.03978534847029824,-0.685522883494827,0.47197916666666667
16,0.0,aligned,mi_site,51,-0.06774205840389076,-0.0889283318410861,0.47197916666666667
16,0.0,aligned,mi_site,52,-0.017089226655145895,-0.7834395014164993,0.47197916666666667
16,0.0,aligned,mi_site,53,-0.048623018069351986,0.6283118347942512,0.47197916666666667
16,0.0,aligned,mi_site,54,-0.31373616557479345,0.35276691510455294,0.47197916666666667
16,0.0,aligned,mi_site,55,-0.009569480571559116,-0.0029965398730916154,0.47197916666666667
16,0.0,aligned,mi_site,56,0.04917159819815353,0.42335467827935913,0.47197916666666667
16,0.0,aligned,mi_site,57,0.03661489616025476,-0.33670449653594636,0.47197916666666667
16,0.0,aligned,mi_site,58,0.5998272069857442,-0.6935225679335295,0.47197916666666667
16,0.0,aligned,mi_site,59,1.2283559350512174e-05,0.3555794547554943,0.47197916666666667
16,0.0,aligned,mi_site,60,0.08662591990169943,-0.7987745641090624,0.47197916666666667
16,0.0,aligned,mi_site,61,0.5281652260270977,-0.6034395501140202,0.47197916666666667
16,0.0,aligned,mi_site,62,-0.006393889016835717,-0.010162789491007837,0.47197916666666667
16,0.0,aligned,mi_site,63,-0.9587365270140242,0.4825189028071533,0.47197916666666667
16,0.0,aligned,mi_site,64,-0.003912670568810162,0.0028671914730234826,0.47197916666666667
16,0.0,aligned,mi_site,65,0.0046430739746969995,0.00853499992691058,0.47197916666666667
16,0.0,closed,available,0,0.0010232433907005796,-0.01943705126649003,0.47197916666666667
16,0.0,closed,available,1,0.017880696433338228,0.4289690365411926,0.47197916666666667
16,0.0,closed,available,2,-0.002961951321586276,-0.7590319922039962,0.47197916666666667
16,0.0,closed,available,3,0.013402480041697307,0.21389292119710568,0.47197916666666667
16,0.0,closed,available,4,0.009655674246866709,0.005591977402284646,0.47197916666666667
16,0.0,closed,available,5,-0.005948157532847165,-0.7204072644186227,0.47197916666666667
16,0.0,closed,available,6,0.011364592668140772,0.19133473886247385,0.47197916666666667
16,0.0,closed,available,7,0.006665979432434965,0.7685698952454872,0.47197916666666667
16,0.0,closed,available,8,-0.00022923695903764862,-0.8805409393023526,0.47197916666666667
16,0.0,closed,available,9,-0.010141385858551177,-0.27152685507811253,0.47197916666666667
16,0.0,closed,available,10,-0.0029125714656674795,0.0021199699450711175,0.47197916666666667
16,0.0,closed,available,11,0.009264660856673672,-0.012031274022744967,0.47197916666666667
16,0.0,closed,available,12,0.0005187245545313912,0.015116012964256114,0.47197916666666667
16,0.0,closed,available,13,-0.0012775564413530956,-0.00796776681677801,0.47197916666666667
16,0.0,closed,available,14,-0.0023368985649926902,0.006398758400045258,0.47197916666666667
16,0.0,closed,available,15,0.0025214559430513303,0.01386296995522758,0.47197916666666667
16,0.0,closed,available,16,-0.006664763355867471,-0.006732178600823482,0.47197916666666667
16,0.0,closed,available,17,-0.0033600167398483947,-0.01569243545864075,0.47197916666666667
16,0.0,closed,available,18,0.008536176980314919,0.013438678725022794,0.47197916666666667
16,0.0,closed,available,19,-0.00804920835791543,0.00914380101160295,0.47197916666666667
16,0.0,closed,available,20,0.0015362147791232643,-0.007755821450646572,0.47197916666666667
16,0.0,closed,available,21,-0.011315874091472056,-0.4374390337267578,0.47197916666666667
16,0.0,closed,available,22,-0.014165002389301351,0.49135505276388725,0.47197916666666667
16,0.0,closed,available,23,0.03815913165226675,-0.001018315759009871,0.47197916666666667
16,0.0,closed,available,24,-0.010215655898902831,-0.618871378444334,0.47197916666666667
16,0.0,closed,available,25,-0.006242291746157147,0.3031213901079836,0.47197916666666667
16,0.0,closed,available,26,-0.00017401455577237268,0.4870770634947735,0.47197916666666667
16,0.0,closed,available,27,-0.00352887672507457,-0.3907235505370376,0.47197916666666667
16,0.0,closed,available,28,-0.0019741434723897777,-0.6274855953143714,0.47197916666666667
16,0.0,closed,available,29,-0.007664479189270771,0.001965552680535125,0.47197916666666667
16,0.0,closed,available,30,-0.0041140627839530985,-0.42156782353367106,0.47197916666666667
16,0.0,closed,available,31,0.023411083366746504,-0.006272148579124102,0.47197916666666667
16,0.0,closed,available,32,0.00157157700108157,0.6989715791748311,0.47197916666666667
16,0.0,closed,available,33,0.006884772324966926,-0.47420415530558196,0.47197916666666667
16,0.0,closed,available,34,-0.0019867614897360886,-0.8925558255105994,0.47197916666666667
16,0.0,closed,available,35,0.007870331025053301,0.713715082939006,0.47197916666666667
16,0.0,closed,available,36,-0.008530874568688729,0.5416795207308742,0.47197916666666667
16,0.0,closed,available,37,0.0023368215239644723,0.0015438951578034487,0.47197916666666667
16,0.0,closed,available,38,0.010543734152850204,-0.1718190832138147,0.47197916666666667
16,0.0,closed,available,39,-0.004865260443874531,-0.27754502108578843,0.47197916666666667
16,0.0,closed,available,40,0.0023627362755711534,0.8430631663842425,0.47197916666666667
16,0.0,closed,available,41,-0.0013010195416851,0.4700777935657285,0.47197916666666667
16,0.0,closed,available,42,0.0021189592435598703,-0.3779087749366627,0.47197916666666667
16,0.0,closed,available,43,0.00017663642081067188,-0.779432002045574,0.47197916666666667
16,0.0,closed,available,44,-0.008588681341313131,0.4624051469452495,0.47197916666666667
16,0.0,closed,available,45,-0.011213357941250744,-0.004218844863598005,0.47197916666666667
16,0.0,closed,available,46,0.0061237061105692825,-0.13192505374117663,0.47197916666666667
16,0.0,closed,available,47,0.010383446581990585,0.013456792430712822,0.47197916666666667
16,0.0,closed,available,48,-0.003002243222378031,-0.008279426247870952,0.47197916666666667
16,0.0,closed,available,49,-0.01243890975733164,-0.006414566293843157,0.47197916666666667
16,0.0,closed,available,50,0.006159537627889677,-0.685522883494827,0.47197916666666667
16,0.0,closed,available,51,-0.004640608223609982,-0.0889283318410861,0.47197916666666667
16,0.0,closed,available,52,-0.002158583972561412,-0.7834395014164993,0.47197916666666667
16,0.0,closed,available,53,0.0043985413406611995,0.6283118347942512,0.47197916666666667
16,0.0,closed,available,54,1.172098847973535e-05,0.35276691510455294,0.47197916666666667
16,0.0,closed,available,55,0.002941161114254055,-0.0029965398730916154,0.47197916666666667
16,0.0,closed,available,56,-0.0011494326078322348,0.42335467827935913,0.47197916666666667
16,0.0,closed,available,57,0.00852687015889314,-0.33670449653594636,0.47197916666666667
16,0.0,closed,available,58,0.004137306186866807,-0.6935225679335295,0.47197916666666667
16,0.0,closed,available,59,-0.0065521703301664735,0.3555794547554943,0.47197916666666667
16,0.0,closed,available,60,0.004671807166751307,-0.7987745641090624,0.47197916666666667
16,0.0,closed,available,61,0.007474394979603116,-0.6034395501140202,0.47197916666666667
16,0.0,closed,available,62,-0.014575249707720086,-0.010162789491007837,0.47197916666666667
16,0.0,closed,available,63,0.0004963632779791949,0.4825189028071533,0.47197916666666667
16,0.0,closed,available,64,-0.009986811255103221,0.0028671914730234826,0.47197916666666667
16,0.0,closed,available,65,0.010868946791120744,0.00853499992691058,0.47197916666666667
16,0.0,closed,mi_obs,0,-0.005809314343119348,-0.01943705126649003,0.47197916666666667
16,0.0,closed,mi_obs,1,0.00413963062555972,0.4289690365411926,0.47197916666666667
16,0.0,closed,mi_obs,2,-0.03702669820343296,-0.7590319922039962,0.47197916666666667
16,0.0,closed,mi_obs,3,0.02515813029126948,0.21389292119710568,0.47197916666666667
16,0.0,closed,mi_obs,4,-0.041017032612209715,0.005591977402284646,0.47197916666666667
16,0.0,closed,mi_obs,5,-0.03011668797358935,-0.7204072644186227,0.47197916666666667
16,0.0,closed,mi_obs,6,0.060876521322032834,0.19133473886247385,0.47197916666666667
16,0.0,closed,mi_obs,7,0.04323662742504342,0.7685698952454872,0.47197916666666667
16,0.0,closed,mi_obs,8,-0.025970090566530435,-0.8805409393023526,0.47197916666666667
16,0.0,closed,mi_obs,9,-0.013875319490604554,-0.27152685507811253,0.47197916666666667
16,0.0,closed,mi_obs,10,-0.00010561535353577128,0.0021199699450711175,0.47197916666666667
16,0.0,closed,mi_obs,11,0.020503753692918646,-0.012031274022744967,0.47197916666666667
16,0.0,closed,mi_obs,12,-0.028290128986338155,0.015116012964256114,0.47197916666666667
16,0.0,closed,mi_obs,13,0.008799141773917721,-0.00796776681677801,0.47197916666666667
16,0.0,closed,mi_obs,14,-0.008811773059155446,0.006398758400045258,0.47197916666666667
16,0.0,closed,mi_obs,15,0.012487892688957159,0.01386296995522758,0.47197916666666667
16,0.0,closed,mi_obs,16,-0.014868407488971318,-0.006732178600823482,0.47197916666666667
16,0.0,closed,mi_obs,17,-0.010109247465577467,-0.01569243545864075,0.47197916666666667
16,0.0,closed,mi_obs,18,-0.010204514821922698,0.013438678725022794,0.47197916666666667
16,0.0,closed,mi_obs,19,-0.011271356784361855,0.00914380101160295,0.47197916666666667
16,0.0,closed,mi_obs,20,-0.001712162373593248,-0.007755821450646572,0.47197916666666667
16,0.0,closed,mi_obs,21,0.006549915200035394,-0.4374390337267578,0.47197916666666667
16,0.0,closed,mi_obs,22,0.03921240901583711,0.49135505276388725,0.47197916666666667
16,0.0,closed,mi_obs,23,-0.020919193133836566,-0.001018315759009871,0.47197916666666667
16,0.0,closed,mi_obs,24,-0.05621458398456358,-0.618871378444334,0.47197916666666667
16,0.0,closed,mi_obs,25,0.06052028882301408,0.3031213901079836,0.47197916666666667
16,0.0,closed,mi_obs,26,-0.0046517161149527975,0.4870770634947735,0.47197916666666667
16,0.0,closed,mi_obs,27,-0.0043011816359043165,-0.3907235505370376,0.47197916666666667
16,0.0,closed,mi_obs,28,-0.02134149278738795,-0.6274855953143714,0.47197916666666667
16,0.0,closed,mi_obs,29,-0.009669545488274848,0.001965552680535125,0.47197916666666667
16,0.0,closed,mi_obs,30,-0.01815348129404587,-0.42156782353367106,0.47197916666666667
16,0.0,closed,mi_obs,31,0.061433875514170073,-0.006272148579124102,0.47197916666666667
16,0.0,closed,mi_obs,32,0.0015856687773958544,0.6989715791748311,0.47197916666666667
16,0.0,closed,mi_obs,33,-0.09421858964684365,-0.47420415530558196,0.47197916666666667
16,0.0,closed,mi_obs,34,-0.04556343224372461,-0.8925558255105994,0.47197916666666667
16,0.0,closed,mi_obs,35,0.025311143545785675,0.713715082939006,0.47197916666666667
16,0.0,closed,mi_obs,36,-0.001177521126801806,0.5416795207308742,0.47197916666666667
16,0.0,closed,mi_obs,37,0.006043244159920002,0.0015438951578034487,0.47197916666666667
16,0.0,closed,mi_obs,38,-0.13245165029883801,-0.1718190832138147,0.47197916666666667
16,0.0,closed,mi_obs,39,0.006204486202975756,-0.27754502108578843,0.47197916666666667
16,0.0,closed,mi_obs,40,0.016304045477032347,0.8430631663842425,0.47197916666666667
16,0.0,closed,mi_obs,41,0.008520313876124841,0.4700777935657285,0.47197916666666667
16,0.0,closed,mi_obs,42,-0.030099159458659763,-0.3779087749366627,0.47197916666666667
16,0.0,closed,mi_obs,43,-0.03303011009111978,-0.779432002045574,0.47197916666666667
16,0.0,closed,mi_obs,44,-0.017540539748229167,0.4624051469452495,0.47197916666666667
16,0.0,closed,mi_obs,45,0.00314655299295363,-0.004218844863598005,0.47197916666666667
16,0.0,closed,mi_obs,46,-0.10214286387485749,-0.13192505374117663,0.47197916666666667
16,0.0,closed,mi_obs,47,-0.02086281606672351,0.013456792430712822,0.47197916666666667
16,0.0,closed,mi_obs,48,0.0268177859477121,-0.008279426247870952,0.47197916666666667
16,0.0,closed,mi_obs,49,0.06303712988000253,-0.006414566293843157,0.47197916666666667
16,0.0,closed,mi_obs,50,-0.0952246135841448,-0.685522883494827,0.47197916666666667
16,0.0,closed,mi_obs,51,-0.055418933919813326,-0.0889283318410861,0.47197916666666667
16,0.0,closed,mi_obs,52,0.009359361991446602,-0.7834395014164993,0.47197916666666667
16,0.0,closed,mi_obs,53,-0.006205709491597267,0.6283118347942512,0.47197916666666667
16,0.0,closed,mi_obs,54,-0.03817336413501454,0.35276691510455294,0.47197916666666667
16,0.0,closed,mi_obs,55,0.010182559508145525,-0.0029965398730916154,0.47197916666666667
16,0.0,closed,mi_obs,56,0.0673594999173171,0.42335467827935913,0.47197916666666667
16,0.0,closed,mi_obs,57,-0.057628943321654025,-0.33670449653594636,0.47197916666666667
16,0.0,closed,mi_obs,58,-0.03976512455220427,-0.6935225679335295,0.47197916666666667
16,0.0,closed,mi_obs,59,-0.026370443251615472,0.3555794547554943,0.47197916666666667
16,0.0,closed,mi_obs,60,-0.035626775153750345,-0.7987745641090624,0.47197916666666667
16,0.0,closed,mi_obs,61,0.0076274736236411345,-0.6034395501140202,0.47197916666666667
16,0.0,closed,mi_obs,62,-0.031567572059909434,-0.010162789491007837,0.47197916666666667
16,0.0,closed,mi_obs,63,0.014153609245290799,0.4825189028071533,0.47197916666666667
16,0.0,closed,mi_obs,64,0.00024289249337341003,0.0028671914730234826,0.47197916666666667
16,0.0,closed,mi_obs,65,0.032873856616571814,0.00853499992691058,0.47197916666666667
16,0.0,closed,mi_class,0,-0.008886445296654433,-0.01943705126649003,0.47197916666666667
16,0.0,closed,mi_class,1,-0.196241934550008,0.4289690365411926,0.47197916666666667
16,0.0,closed,mi_class,2,0.4011831578334361,-0.7590319922039962,0.47197916666666667
16,0.0,closed,mi_class,3,-0.13516679759803862,0.21389292119710568,0.47197916666666667
16,0.0,closed,mi_class,4,-0.0006979673482015473,0.005591977402284646,0.47197916666666667
16,0.0,closed,mi_class,5,0.4289326902123868,-0.7204072644186227,0.47197916666666667
16,0.0,closed,mi_class,6,-0.10917132007630986,0.19133473886247385,0.47197916666666667
16,0.0,closed,mi_class,7,-0.4829321553216289,0.7685698952454872,0.47197916666666667
16,0.0,closed,mi_class,8,0.42114647905442504,-0.8805409393023526,0.47197916666666667
16,0.0,closed,mi_class,9,0.11937919067054878,-0.27152685507811253,0.47197916666666667
16,0.0,closed,mi_class,10,0.054705664956748314,0.0021199699450711175,0.47197916666666667
16,0.0,closed,mi_class,11,-0.0015994217687596794,-0.012031274022744967,0.47197916666666667
16,0.0,closed,mi_class,12,0.041252137345978615,0.015116012964256114,0.47197916666666667
16,0.0,closed,mi_class,13,-0.008624410171239662,-0.00796776681677801,0.47197916666666667
16,0.0,closed,mi_class,14,-0.006065496548642173,0.006398758400045258,0.47197916666666667
16,0.0,closed,mi_class,15,0.0036080356365906993,0.01386296995522758,0.47197916666666667
16,0.0,closed,mi_class,16,-0.0037345029497837983,-0.006732178600823482,0.47197916666666667
16,0.0,closed,mi_class,17,-0.0007674366147528769,-0.01569243545864075,0.47197916666666667
16,0.0,closed,mi_class,18,0.0018972184144669096,0.013438678725022794,0.47197916666666667
16,0.0,closed,mi_class,19,-0.012107529952936867,0.00914380101160295,0.47197916666666667
16,0.0,closed,mi_class,20,0.288891708553584,-0.007755821450646572,0.47197916666666667
16,0.0,closed,mi_class,21,-0.025143565763534104,-0.4374390337267578,0.47197916666666667
16,0.0,closed,mi_class,22,-0.12837749699070472,0.49135505276388725,0.47197916666666667
16,0.0,closed,mi_class,23,0.008467042433563533,-0.001018315759009871,0.47197916666666667
16,0.0,closed,mi_class,24,0.0936199344780766,-0.618871378444334,0.47197916666666667
16,0.0,closed,mi_class,25,-0.05041429989741425,0.3031213901079836,0.47197916666666667
16,0.0,closed,mi_class,26,-0.04463187096055432,0.4870770634947735,0.47197916666666667
16,0.0,closed,mi_class,27,-0.04381898155752395,-0.3907235505370376,0.47197916666666667
16,0.0,closed,mi_class,28,-0.09598212070917245,-0.6274855953143714,0.47197916666666667
16,0.0,closed,mi_class,29,-0.003099073113968634,0.001965552680535125,0.47197916666666667
16,0.0,closed,mi_class,30,0.1377589948356625,-0.42156782353367106,0.47197916666666667
16,0.0,closed,mi_class,31,-0.0015847698726998488,-0.006272148579124102,0.47197916666666667
16,0.0,closed,mi_class,32,-0.19858848832066256,0.6989715791748311,0.47197916666666667
16,0.0,closed,mi_class,33,0.08187651301932436,-0.47420415530558196,0.47197916666666667
16,0.0,closed,mi_class,34,0.24695439944873177,-0.8925558255105994,0.47197916666666667
16,0.0,closed,mi_class,35,-0.013327153403222658,0.713715082939006,0.47197916666666667
16,0.0,closed,mi_class,36,-0.036785889119551496,0.5416795207308742,0.47197916666666667
16,0.0,closed,mi_class,37,0.028139418665087637,0.0015438951578034487,0.47197916666666667
16,0.0,closed,mi_class,38,0.017241970515286337,-0.1718190832138147,0.47197916666666667
16,0.0,closed,mi_class,39,0.017724892209702747,-0.27754502108578843,0.47197916666666667
16,0.0,closed,mi_class,40,-0.1166082442474381,0.8430631663842425,0.47197916666666667
16,0.0,closed,mi_class,41,-0.061392018823472894,0.4700777935657285,0.47197916666666667
16,0.0,closed,mi_class,42,0.1094005114419313,-0.3779087749366627,0.47197916666666667
16,0.0,closed,mi_class,43,0.24651908815131762,-0.779432002045574,0.47197916666666667
16,0.0,closed,mi_class,44,-0.14431583378355473,0.4624051469452495,0.47197916666666667
16,0.0,closed,mi_class,45,-0.01355759888989903,-0.004218844863598005,0.47197916666666667
16,0.0,closed,mi_class,46,0.009056781951543455,-0.13192505374117663,0.47197916666666667
16,0.0,closed,mi_class,47,0.014887026019258762,0.013456792430712822,0.47197916666666667
16,0.0,closed,mi_class,48,-0.0031308127211868327,-0.008279426247870952,0.47197916666666667
16,0.0,closed,mi_class,49,0.004462326229732856,-0.006414566293843157,0.47197916666666667
16,0.0,closed,mi_class,50,0.19194913109407574,-0.685522883494827,0.47197916666666667
16,0.0,closed,mi_class,51,0.0009140828487165381,-0.0889283318410861,0.47197916666666667
16,0.0,closed,mi_class,52,0.014468426813710744,-0.7834395014164993,0.47197916666666667
16,0.0,closed,mi_class,53,-0.1508360824193139,0.6283118347942512,0.47197916666666667
16,0.0,closed,mi_class,54,-0.06667264163696413,0.35276691510455294,0.47197916666666667
16,0.0,closed,mi_class,55,0.011600299106679868,-0.0029965398730916154,0.47197916666666667
16,0.0,closed,mi_class,56,-0.039309740445541586,0.42335467827935913,0.47197916666666667
16,0.0,closed,mi_class,57,0.08270418621748277,-0.33670449653594636,0.47197916666666667
16,0.0,closed,mi_class,58,0.1760769848564584,-0.6935225679335295,0.47197916666666667
16,0.0,closed,mi_class,59,-0.13697798188654145,0.3555794547554943,0.47197916666666667
16,0.0,closed,mi_class,60,0.21100663346949933,-0.7987745641090624,0.47197916666666667
16,0.0,closed,mi_class,61,0.12506535612273845,-0.6034395501140202,0.47197916666666667
16,0.0,closed,mi_class,62,-0.031303607345762714,-0.010162789491007837,0.47197916666666667
16,0.0,closed,mi_class,63,0.007060933359649524,0.4825189028071533,0.47197916666666667
16,0.0,closed,mi_class,64,-0.002236760449966006,0.0028671914730234826,0.47197916666666667
16,0.0,closed,mi_class,65,0.02012036959681377,0.00853499992691058,0.47197916666666667
16,0.0,closed,mi_site,0,-0.003457116622464531,-0.01943705126649003,0.47197916666666667
16,0.0,closed,mi_site,1,0.005535617623420308,0.4289690365411926,0.47197916666666667
16,0.0,closed,mi_site,2,-0.02777200769278587,-0.7590319922039962,0.47197916666666667
16,0.0,closed,mi_site,3,0.015142617589480933,0.21389292119710568,0.47197916666666667
16,0.0,closed,mi_site,4,-0.023143975334589874,0.005591977402284646,0.47197916666666667
16,0.0,closed,mi_site,5,-0.022609674317662587,-0.7204072644186227,0.47197916666666667
16,0.0,closed,mi_site,6,0.054002336631615105,0.19133473886247385,0.47197916666666667
16,0.0,closed,mi_site,7,0.03947093076791974,0.7685698952454872,0.47197916666666667
16,0.0,closed,mi_site,8,-0.02094293624429988,-0.8805409393023526,0.47197916666666667
16,0.0,closed,mi_site,9,-0.015272965771660985,-0.27152685507811253,0.47197916666666667
16,0.0,closed,mi_site,10,-0.0023742305116559457,0.0021199699450711175,0.47197916666666667
16,0.0,closed,mi_site,11,0.017381725465290144,-0.012031274022744967,0.47197916666666667
16,0.0,closed,mi_site,12,-0.009286132550736619,0.015116012964256114,0.47197916666666667
16,0.0,closed,mi_site,13,0.00833090582881862,-0.00796776681677801,0.47197916666666667
16,0.0,closed,mi_site,14,-0.008834576998041705,0.006398758400045258,0.47197916666666667
16,0.0,closed,mi_site,15,0.004242567988461354,0.01386296995522758,0.47197916666666667
16,0.0,closed,mi_site,16,-0.013165482467708566,-0.006732178600823482,0.47197916666666667
16,0.0,closed,mi_site,17,-0.0034174679327162796,-0.01569243545864075,0.47197916666666667
16,0.0,closed,mi_site,18,-0.0031247242404989703,0.013438678725022794,0.47197916666666667
16,0.0,closed,mi_site,19,-0.01312117788643426,0.00914380101160295,0.47197916666666667
16,0.0,closed,mi_site,20,0.0014038857485518972,-0.007755821450646572,0.47197916666666667
16,0.0,closed,mi_site,21,0.007413741333943902,-0.4374390337267578,0.47197916666666667
16,0.0,closed,mi_site,22,0.02372509554648239,0.49135505276388725,0.47197916666666667
16,0.0,closed,mi_site,23,-0.005796232823774121,-0.001018315759009871,0.47197916666666667
16,0.0,closed,mi_site,24,-0.037279074699036574,-0.618871378444334,0.47197916666666667
16,0.0,closed,mi_site,25,0.0441016432943388,0.3031213901079836,0.47197916666666667
16,0.0,closed,mi_site,26,-0.008800930821105168,0.4870770634947735,0.47197916666666667
16,0.0,closed,mi_site,27,-0.0071558166591974,-0.3907235505370376,0.47197916666666667
16,0.0,closed,mi_site,28,-0.017778172635655065,-0.6274855953143714,0.47197916666666667
16,0.0,closed,mi_site,29,-0.014481807245059297,0.001965552680535125,0.47197916666666667
16,0.0,closed,mi_site,30,-0.0010985885894801428,-0.42156782353367106,0.47197916666666667
16,0.0,closed,mi_site,31,0.03333896300364208,-0.006272148579124102,0.47197916666666667
16,0.0,closed,mi_site,32,-0.00616955566235966,0.6989715791748311,0.47197916666666667
16,0.0,closed,mi_site,33,-0.07169649569959796,-0.47420415530558196,0.47197916666666667
16,0.0,closed,mi_site,34,-0.031863790529659264,-0.8925558255105994,0.47197916666666667
16,0.0,closed,mi_site,35,0.01814165872474982,0.713715082939006,0.47197916666666667
16,0.0,closed,mi_site,36,-0.0026803681023148673,0.5416795207308742,0.47197916666666667
16,0.0,closed,mi_site,37,0.019585608802713185,0.0015438951578034487,0.47197916666666667
16,0.0,closed,mi_site,38,-0.11052105714360524,-0.1718190832138147,0.47197916666666667
16,0.0,closed,mi_site,39,0.00833465320983845,-0.27754502108578843,0.47197916666666667
16,0.0,closed,mi_site,40,0.007481610127464622,0.8430631663842425,0.47197916666666667
16,0.0,closed,mi_site,41,0.00014484629055094844,0.4700777935657285,0.47197916666666667
16,0.0,closed,mi_site,42,-0.01971215725420783,-0.3779087749366627,0.47197916666666667
16,0.0,closed,mi_site,43,-0.025802149362130322,-0.779432002045574,0.47197916666666667
16,0.0,closed,mi_site,44,-0.015562382460326318,0.4624051469452495,0.47197916666666667
16,0.0,closed,mi_site,45,0.0005654830891118376,-0.004218844863598005,0.47197916666666667
16,0.0,closed,mi_site,46,-0.08028366287897917,-0.13192505374117663,0.47197916666666667
16,0.0,closed,mi_site,47,-0.006311970502100346,0.013456792430712822,0.47197916666666667
16,0.0,closed,mi_site,48,0.023934037585978167,-0.008279426247870952,0.47197916666666667
16,0.0,closed,mi_site,49,0.03544995572381236,-0.006414566293843157,0.47197916666666667
16,0.0,closed,mi_site,50,-0.08653812052577314,-0.685522883494827,0.47197916666666667
16,0.0,closed,mi_site,51,-0.049887745177079126,-0.0889283318410861,0.47197916666666667
16,0.0,closed,mi_site,52,0.011160828990258054,-0.7834395014164993,0.47197916666666667
16,0.0,closed,mi_site,53,-0.013427248702472916,0.6283118347942512,0.47197916666666667
16,0.0,closed,mi_site,54,-0.03266313079778188,0.35276691510455294,0.47197916666666667
16,0.0,closed,mi_site,55,0.0056555657467358186,-0.0029965398730916154,0.47197916666666667
16,0.0,closed,mi_site,56,0.0594078137000284,0.42335467827935913,0.47197916666666667
16,0.0,closed,mi_site,57,-0.04689994395164754,-0.33670449653594636,0.47197916666666667
16,0.0,closed,mi_site,58,-0.028404492351650656,-0.6935225679335295,0.47197916666666667
16,0.0,closed,mi_site,59,-0.028156676308598028,0.3555794547554943,0.47197916666666667
16,0.0,closed,mi_site,60,-0.02207247054408501,-0.7987745641090624,0.47197916666666667
16,0.0,closed,mi_site,61,0.006364166776412494,-0.6034395501140202,0.47197916666666667
16,0.0,closed,mi_site,62,-0.03313642350075829,-0.010162789491007837,0.47197916666666667
16,0.0,closed,mi_site,63,0.010320535696154265,0.4825189028071533,0.47197916666666667
16,0.0,closed,mi_site,64,0.0011060503630972193,0.0028671914730234826,0.47197916666666667
16,0.0,closed,mi_site,65,0.0347428852219847,0.00853499992691058,0.47197916666666667
16,1.0,aligned,available,0,-0.00021593389173135344,-0.019386910900588163,0.47197916666666667
16,1.0,aligned,available,1,0.007187531228226796,0.4274303732042768,0.47197916666666667
16,1.0,aligned,available,2,-0.008010812198756212,-0.7622755843297808,0.47197916666666667
16,1.0,aligned,available,3,0.015968290625950926,0.21790151899101098,0.47197916666666667
16,1.0,aligned,available,4,-0.003633422721383732,0.008152902639790916,0.47197916666666667
16,1.0,aligned,available,5,-0.0024392649534784594,-0.7219904970245307,0.47197916666666667
16,1.0,aligned,available,6,0.014493170841853559,0.19547716922531685,0.47197916666666667
16,1.0,aligned,available,7,0.0035027891091835572,0.771740912893331,0.47197916666666667
16,1.0,aligned,available,8,0.0017446235012351652,-0.8817494201082456,0.47197916666666667
16,1.0,aligned,available,9,0.006553360087184046,-0.2760048214464605,0.47197916666666667
16,1.0,aligned,available,10,0.006253480547147733,0.00046431082595365644,0.47197916666666667
16,1.0,aligned,available,11,0.0049571882759351805,-0.010813894116497207,0.47197916666666667
16,1.0,aligned,available,12,-0.022907710183989002,0.014639603340596316,0.47197916666666667
16,1.0,aligned,available,13,-0.003679633580459628,-0.006751849058016074,0.47197916666666667
16,1.0,aligned,available,14,-0.011925477528953704,0.006809891827495495,0.47197916666666667
16,1.0,aligned,available,15,-0.011357542306044162,0.014524786495114007,0.47197916666666667
16,1.0,aligned,available,16,0.004521958487427158,-0.005267988628961044,0.47197916666666667
16,1.0,aligned,available,17,0.0215962609914604,-0.015149090549467167,0.47197916666666667
16,1.0,aligned,available,18,-0.02237276077350623,0.013035274653463937,0.47197916666666667
16,1.0,aligned,available,19,-0.003725848551763825,0.0074539975546122125,0.47197916666666667
16,1.0,aligned,available,20,-0.0014251664920455973,-0.008049436089649462,0.47197916666666667
16,1.0,aligned,available,21,0.005728482806973134,-0.4350612926792971,0.47197916666666667
16,1.0,aligned,available,22,-0.0065780444705199614,0.495135325585046,0.47197916666666667
16,1.0,aligned,available,23,-0.020465023797031207,-2.0693350907771653e-06,0.47197916666666667
16,1.0,aligned,available,24,-0.0030862097512649456,-0.6125470799019941,0.47197916666666667
16,1.0,aligned,available,25,-0.011722021138740435,0.3073356855717209,0.47197916666666667
16,1.0,aligned,available,26,-0.009009354260543279,0.4831217005847294,0.47197916666666667
16,1.0,aligned,available,27,-0.019899861213440728,-0.38972369667422235,0.47197916666666667
16,1.0,aligned,available,28,-0.003643141232101743,-0.6299607664561842,0.47197916666666667
16,1.0,aligned,available,29,0.011591095526583975,0.0005281491766193805,0.47197916666666667
16,1.0,aligned,available,30,0.00044453737619132294,-0.4248398786871855,0.47197916666666667
16,1.0,aligned,available,31,0.03326698360826125,-0.008348049545772816,0.47197916666666667
16,1.0,aligned,available,32,-0.021186629369942755,0.6975236504118872,0.47197916666666667
16,1.0,aligned,available,33,0.016508785751389754,-0.47745008413661205,0.47197916666666667
16,1.0,aligned,available,34,-0.00012737889575853423,-0.894792664626323,0.47197916666666667
16,1.0,aligned,available,35,0.011899245881503373,0.7188635417093912,0.47197916666666667
16,1.0,aligned,available,36,-0.004169914201823777,0.5443318331898203,0.47197916666666667
16,1.0,aligned,available,37,0.00938688731729871,0.003038775711712706,0.47197916666666667
16,1.0,aligned,available,38,-0.0004214782615541701,-0.17374267674396665,0.47197916666666667
16,1.0,aligned,available,39,-0.01175216114422356,-0.27433913022941286,0.47197916666666667
16,1.0,aligned,available,40,0.00344886492271268,0.8445629837730014,0.47197916666666667
16,1.0,aligned,available,41,0.00938039172092181,0.47229956278763147,0.47197916666666667
16,1.0,aligned,available,42,-0.006833579161795333,-0.3818210654892398,0.47197916666666667
16,1.0,aligned,available,43,-0.00030301612420469137,-0.7821413887025844,0.47197916666666667
16,1.0,aligned,available,44,0.006842081033169967,0.45931173209321374,0.47197916666666667
16,1.0,aligned,available,45,0.0069847235400352665,-0.010429792625110262,0.47197916666666667
16,1.0,aligned,available,46,-0.005337518454350931,-0.13439992862336156,0.47197916666666667
16,1.0,aligned,available,47,-0.011984435075966655,0.016179250347328276,0.47197916666666667
16,1.0,aligned,available,48,-0.01137726165445692,-0.010088971692395325,0.47197916666666667
16,1.0,aligned,available,49,0.018053117292002083,-0.005489153033998778,0.47197916666666667
16,1.0,aligned,available,50,0.005178781308297742,-0.6909513573437115,0.47197916666666667
16,1.0,aligned,available,51,-0.00953539698397951,-0.0857459718160401,0.47197916666666667
16,1.0,aligned,available,52,-0.00018898017217394703,-0.7800680353900128,0.47197916666666667
16,1.0,aligned,available,53,0.004714048945236304,0.6283229346004493,0.47197916666666667
16,1.0,aligned,available,54,0.0013475637843189947,0.34764342642017737,0.47197916666666667
16,1.0,aligned,available,55,-0.011910202334021442,0.0008036787885815407,0.47197916666666667
16,1.0,aligned,available,56,0.005562056475025112,0.42761602699197004,0.47197916666666667
16,1.0,aligned,available,57,-0.013775329708271056,-0.3421346252236099,0.47197916666666667
16,1.0,aligned,available,58,0.006673066594749533,-0.6983687560067595,0.47197916666666667
16,1.0,aligned,available,59,0.009767745167146125,0.3529672427060128,0.47197916666666667
16,1.0,aligned,available,60,-0.005686747323917496,-0.8025512838335598,0.47197916666666667
16,1.0,aligned,available,61,0.005896636975888825,-0.604721917313591,0.47197916666666667
16,1.0,aligned,available,62,0.015248954360599812,-0.012075938663622244,0.47197916666666667
16,1.0,aligned,available,63,-0.0004008497630514918,0.4862009096019696,0.47197916666666667
16,1.0,aligned,available,64,0.004422343621560412,0.004187324092856162,0.47197916666666667
16,1.0,aligned,available,65,-0.012731109387004396,0.008750964992054558,0.47197916666666667
16,1.0,aligned,mi_obs,0,0.002163106357165611,-0.019386910900588163,0.47197916666666667
16,1.0,aligned,mi_obs,1,5.057134638536409e-05,0.4274303732042768,0.47197916666666667
16,1.0,aligned,mi_obs,2,-0.04447304982548572,-0.7622755843297808,0.47197916666666667
16,1.0,aligned,mi_obs,3,0.0173980497493868,0.21790151899101098,0.47197916666666667
16,1.0,aligned,mi_obs,4,-0.05171093708345667,0.008152902639790916,0.47197916666666667
16,1.0,aligned,mi_obs,5,-0.04370041638008282,-0.7219904970245307,0.47197916666666667
16,1.0,aligned,mi_obs,6,0.054018776853184486,0.19547716922531685,0.47197916666666667
16,1.0,aligned,mi_obs,7,0.045272281300580586,0.771740912893331,0.47197916666666667
16,1.0,aligned,mi_obs,8,-0.02598679085409683,-0.8817494201082456,0.47197916666666667
16,1.0,aligned,mi_obs,9,-0.008250450101622397,-0.2760048214464605,0.47197916666666667
16,1.0,aligned,mi_obs,10,0.000889764643743105,0.00046431082595365644,0.47197916666666667
16,1.0,aligned,mi_obs,11,0.01848328456866298,-0.010813894116497207,0.47197916666666667
16,1.0,aligned,mi_obs,12,-0.03787086255818026,0.014639603340596316,0.47197916666666667
16,1.0,aligned,mi_obs,13,-0.0038535896557357167,-0.006751849058016074,0.47197916666666667
16,1.0,aligned,mi_obs,14,-0.01941545705333887,0.006809891827495495,0.47197916666666667
16,1.0,aligned,mi_obs,15,-0.0018642717110619288,0.014524786495114007,0.47197916666666667
16,1.0,aligned,mi_obs,16,-0.02126338345290087,-0.005267988628961044,0.47197916666666667
16,1.0,aligned,mi_obs,17,-0.0021259092377786774,-0.015149090549467167,0.47197916666666667
16,1.0,aligned,mi_obs,18,-0.026159365603954803,0.013035274653463937,0.47197916666666667
16,1.0,aligned,mi_obs,19,-0.0037491795769425875,0.0074539975546122125,0.47197916666666667
16,1.0,aligned,mi_obs,20,-0.004187655483283051,-0.008049436089649462,0.47197916666666667
16,1.0,aligned,mi_obs,21,-0.00015132415339458305,-0.4350612926792971,0.47197916666666667
16,1.0,aligned,mi_obs,22,0.045589334917086055,0.495135325585046,0.47197916666666667
16,1.0,aligned,mi_obs,23,-0.061069556245302754,-2.0693350907771653e-06,0.47197916666666667
16,1.0,aligned,mi_obs,24,-0.04571962360047066,-0.6125470799019941,0.47197916666666667
16,1.0,aligned,mi_obs,25,0.062016668267506236,0.3073356855717209,0.47197916666666667
16,1.0,aligned,mi_obs,26,-0.008311596661067122,0.4831217005847294,0.47197916666666667
16,1.0,aligned,mi_obs,27,-0.008096696602707731,-0.38972369667422235,0.47197916666666667
16,1.0,aligned,mi_obs,28,-0.03202001167858237,-0.6299607664561842,0.47197916666666667
16,1.0,aligned,mi_obs,29,0.0030492266125007714,0.0005281491766193805,0.47197916666666667
16,1.0,aligned,mi_obs,30,-0.018379693888878113,-0.4248398786871855,0.47197916666666667
16,1.0,aligned,mi_obs,31,0.08413776909782963,-0.008348049545772816,0.47197916666666667
16,1.0,aligned,mi_obs,32,-0.0047001692837611575,0.6975236504118872,0.47197916666666667
16,1.0,aligned,mi_obs,33,-0.09198411222331726,-0.47745008413661205,0.47197916666666667
16,1.0,aligned,mi_obs,34,-0.048107559997140004,-0.894792664626323,0.47197916666666667
16,1.0,aligned,mi_obs,35,0.04030910099327101,0.7188635417093912,0.47197916666666667
16,1.0,aligned,mi_obs,36,0.015555477693040998,0.5443318331898203,0.47197916666666667
16,1.0,aligned,mi_obs,37,0.0008278260419465285,0.003038775711712706,0.47197916666666667
16,1.0,aligned,mi_obs,38,-0.15612978439836084,-0.17374267674396665,0.47197916666666667
16,1.0,aligned,mi_obs,39,0.005661819909458632,-0.27433913022941286,0.47197916666666667
16,1.0,aligned,mi_obs,40,0.013098484563003887,0.8445629837730014,0.47197916666666667
16,1.0,aligned,mi_obs,41,0.010592932266997479,0.47229956278763147,0.47197916666666667
16,1.0,aligned,mi_obs,42,-0.021329195549350033,-0.3818210654892398,0.47197916666666667
16,1.0,aligned,mi_obs,43,-0.030269621207448805,-0.7821413887025844,0.47197916666666667
16,1.0,aligned,mi_obs,44,-0.006237402747738319,0.45931173209321374,0.47197916666666667
16,1.0,aligned,mi_obs,45,0.018761519275151337,-0.010429792625110262,0.47197916666666667
16,1.0,aligned,mi_obs,46,-0.12330421051353477,-0.13439992862336156,0.47197916666666667
16,1.0,aligned,mi_obs,47,-0.05202007436662409,0.016179250347328276,0.47197916666666667
16,1.0,aligned,mi_obs,48,0.05024892323273882,-0.010088971692395325,0.47197916666666667
16,1.0,aligned,mi_obs,49,0.09793482020246957,-0.005489153033998778,0.47197916666666667
16,1.0,aligned,mi_obs,50,-0.0917262911666572,-0.6909513573437115,0.47197916666666667
16,1.0,aligned,mi_obs,51,-0.05546218281576917,-0.0857459718160401,0.47197916666666667
16,1.0,aligned,mi_obs,52,0.006354562406305497,-0.7800680353900128,0.47197916666666667
16,1.0,aligned,mi_obs,53,0.00899055664632209,0.6283229346004493,0.47197916666666667
16,1.0,aligned,mi_obs,54,-0.03140347117648329,0.34764342642017737,0.47197916666666667
16,1.0,aligned,mi_obs,55,0.009420191063222344,0.0008036787885815407,0.47197916666666667
16,1.0,aligned,mi_obs,56,0.07323529745678509,0.42761602699197004,0.47197916666666667
16,1.0,aligned,mi_obs,57,-0.056295546870932855,-0.3421346252236099,0.47197916666666667
16,1.0,aligned,mi_obs,58,-0.039281417383518646,-0.6983687560067595,0.47197916666666667
16,1.0,aligned,mi_obs,59,-0.015567740161735844,0.3529672427060128,0.47197916666666667
16,1.0,aligned,mi_obs,60,-0.03410151211897883,-0.8025512838335598,0.47197916666666667
16,1.0,aligned,mi_obs,61,0.0048280716786630595,-0.604721917313591,0.47197916666666667
16,1.0,aligned,mi_obs,62,-0.017153014764095878,-0.012075938663622244,0.47197916666666667
16,1.0,aligned,mi_obs,63,0.008261751113189053,0.4862009096019696,0.47197916666666667
16,1.0,aligned,mi_obs,64,-0.004939413799511578,0.004187324092856162,0.47197916666666667
16,1.0,aligned,mi_obs,65,0.020626479402136286,0.008750964992054558,0.47197916666666667
16,1.0,aligned,mi_class,0,0.005341879905184423,-0.019386910900588163,0.47197916666666667
16,1.0,aligned,mi_class,1,-0.044918716721125684,0.4274303732042768,0.47197916666666667
16,1.0,aligned,mi_class,2,0.03680952966907125,-0.7622755843297808,0.47197916666666667
16,1.0,aligned,mi_class,3,-0.21576423986824927,0.21790151899101098,0.47197916666666667
16,1.0,aligned,mi_class,4,-0.0033040501156062167,0.008152902639790916,0.47197916666666667
16,1.0,aligned,mi_class,5,0.16563846287048878,-0.7219904970245307,0.47197916666666667
16,1.0,aligned,mi_class,6,0.012159098449323669,0.19547716922531685,0.47197916666666667
16,1.0,aligned,mi_class,7,-0.39894646749165297,0.771740912893331,0.47197916666666667
16,1.0,aligned,mi_class,8,0.018055872063472367,-0.8817494201082456,0.47197916666666667
16,1.0,aligned,mi_class,9,-0.012197518496871562,-0.2760048214464605,0.47197916666666667
16,1.0,aligned,mi_class,10,-0.0071204726414580855,0.00046431082595365644,0.47197916666666667
16,1.0,aligned,mi_class,11,-0.012294011336047303,-0.010813894116497207,0.47197916666666667
16,1.0,aligned,mi_class,12,-0.001392769943301092,0.014639603340596316,0.47197916666666667
16,1.0,aligned,mi_class,13,0.04252799354067949,-0.006751849058016074,0.47197916666666667
16,1.0,aligned,mi_class,14,-0.00896061980828154,0.006809891827495495,0.47197916666666667
16,1.0,aligned,mi_class,15,-0.011313112369086673,0.014524786495114007,0.47197916666666667
16,1.0,aligned,mi_class,16,0.0013175327781694626,-0.005267988628961044,0.47197916666666667
16,1.0,aligned,mi_class,17,-0.012607209881930492,-0.015149090549467167,0.47197916666666667
16,1.0,aligned,mi_class,18,-0.0028538331750949265,0.013035274653463937,0.47197916666666667
16,1.0,aligned,mi_class,19,-0.005625105885695953,0.0074539975546122125,0.47197916666666667
16,1.0,aligned,mi_class,20,-0.00019204402624897407,-0.008049436089649462,0.47197916666666667
16,1.0,aligned,mi_class,21,0.019984627085337825,-0.4350612926792971,0.47197916666666667
16,1.0,aligned,mi_class,22,-0.3001835498988554,0.495135325585046,0.47197916666666667
16,1.0,aligned,mi_class,23,-0.03188752195643916,-2.0693350907771653e-06,0.47197916666666667
16,1.0,aligned,mi_class,24,0.2055189640784454,-0.6125470799019941,0.47197916666666667
16,1.0,aligned,mi_class,25,-0.04349731601868673,0.3073356855717209,0.47197916666666667
16,1.0,aligned,mi_class,26,-0.22749971707744898,0.4831217005847294,0.47197916666666667
16,1.0,aligned,mi_class,27,-0.00816826494157391,-0.38972369667422235,0.47197916666666667
16,1.0,aligned,mi_class,28,-0.0014793944254573033,-0.6299607664561842,0.47197916666666667
16,1.0,aligned,mi_class,29,0.0025516801873577927,0.0005281491766193805,0.47197916666666667
16,1.0,aligned,mi_class,30,0.1630127419750727,-0.4248398786871855,0.47197916666666667
16,1.0,aligned,mi_class,31,0.007504042011518711,-0.008348049545772816,0.47197916666666667
16,1.0,aligned,mi_class,32,-0.18751943746920585,0.6975236504118872,0.47197916666666667
16,1.0,aligned,mi_class,33,-0.0008868289434882382,-0.47745008413661205,0.47197916666666667
16,1.0,aligned,mi_class,34,0.3139732351509795,-0.894792664626323,0.47197916666666667
16,1.0,aligned,mi_class,35,0.01621113732629542,0.7188635417093912,0.47197916666666667
16,1.0,aligned,mi_class,36,-0.011088038147455181,0.5443318331898203,0.47197916666666667
16,1.0,aligned,mi_class,37,0.0010122894962238207,0.003038775711712706,0.47197916666666667
16,1.0,aligned,mi_class,38,0.05807156580435213,-0.17374267674396665,0.47197916666666667
16,1.0,aligned,mi_class,39,0.07965174734963296,-0.27433913022941286,0.47197916666666667
16,1.0,aligned,mi_class,40,-0.33687023029463414,0.8445629837730014,0.47197916666666667
16,1.0,aligned,mi_class,41,0.050278027186447194,0.47229956278763147,0.47197916666666667
16,1.0,aligned,mi_class,42,0.19172599504011792,-0.3818210654892398,0.47197916666666667
16,1.0,aligned,mi_class,43,0.34618497954148214,-0.7821413887025844,0.47197916666666667
16,1.0,aligned,mi_class,44,-0.28261428524395926,0.45931173209321374,0.47197916666666667
16,1.0,aligned,mi_class,45,0.0034909992661757957,-0.010429792625110262,0.47197916666666667
16,1.0,aligned,mi_class,46,0.01014016681354954,-0.13439992862336156,0.47197916666666667
16,1.0,aligned,mi_class,47,-0.009376148562228839,0.016179250347328276,0.47197916666666667
16,1.0,aligned,mi_class,48,0.007170493592040222,-0.010088971692395325,0.47197916666666667
16,1.0,aligned,mi_class,49,0.010490736603046627,-0.005489153033998778,0.47197916666666667
16,1.0,aligned,mi_class,50,0.17730823194900036,-0.6909513573437115,0.47197916666666667
16,1.0,aligned,mi_class,51,-0.0009417509615035763,-0.0857459718160401,0.47197916666666667
16,1.0,aligned,mi_class,52,0.15386052839627973,-0.7800680353900128,0.47197916666666667
16,1.0,aligned,mi_class,53,-0.15897186329294888,0.6283229346004493,0.47197916666666667
16,1.0,aligned,mi_class,54,-0.06947093060637338,0.34764342642017737,0.47197916666666667
16,1.0,aligned,mi_class,55,-0.009000351955875265,0.0008036787885815407,0.47197916666666667
16,1.0,aligned,mi_class,56,-0.11322176192540295,0.42761602699197004,0.47197916666666667
16,1.0,aligned,mi_class,57,0.01583937991295914,-0.3421346252236099,0.47197916666666667
16,1.0,aligned,mi_class,58,0.01850360536389628,-0.6983687560067595,0.47197916666666667
16,1.0,aligned,mi_class,59,-0.005136823980644745,0.3529672427060128,0.47197916666666667
16,1.0,aligned,mi_class,60,0.3256912238434376,-0.8025512838335598,0.47197916666666667
16,1.0,aligned,mi_class,61,0.24992423710476036,-0.604721917313591,0.47197916666666667
16,1.0,aligned,mi_class,62,0.057088375646986836,-0.012075938663622244,0.47197916666666667
16,1.0,aligned,mi_class,63,-0.005986795996005767,0.4862009096019696,0.47197916666666667
16,1.0,aligned,mi_class,64,-0.0032020543791946906,0.004187324092856162,0.47197916666666667
16,1.0,aligned,mi_class,65,0.017187265639879483,0.008750964992054558,0.47197916666666667
16,1.0,aligned,mi_site,0,0.0032332176121099704,-0.019386910900588163,0.47197916666666667
16,1.0,aligned,mi_site,1,-0.06351972798116584,0.4274303732042768,0.47197916666666667
16,1.0,aligned,mi_site,2,0.18447433037715888,-0.7622755843297808,0.47197916666666667
16,1.0,aligned,mi_site,3,-0.016931460691865713,0.21790151899101098,0.47197916666666667
16,1.0,aligned,mi_site,4,-0.0275039235689745,0.008152902639790916,0.47197916666666667
16,1.0,aligned,mi_site,5,0.02489056588092997,-0.7219904970245307,0.47197916666666667
16,1.0,aligned,mi_site,6,0.005347176175089008,0.19547716922531685,0.47197916666666667
16,1.0,aligned,mi_site,7,-0.04296621242935561,0.771740912893331,0.47197916666666667
16,1.0,aligned,mi_site,8,0.1872788757180196,-0.8817494201082456,0.47197916666666667
16,1.0,aligned,mi_site,9,0.24753421149664523,-0.2760048214464605,0.47197916666666667
16,1.0,aligned,mi_site,10,0.003165314239024397,0.00046431082595365644,0.47197916666666667
16,1.0,aligned,mi_site,11,0.008188912202028005,-0.010813894116497207,0.47197916666666667
16,1.0,aligned,mi_site,12,-0.011722824055155467,0.014639603340596316,0.47197916666666667
16,1.0,aligned,mi_site,13,-0.003939684615473239,-0.006751849058016074,0.47197916666666667
16,1.0,aligned,mi_site,14,0.008342503475345871,0.006809891827495495,0.47197916666666667
16,1.0,aligned,mi_site,15,-0.006073254569132042,0.014524786495114007,0.47197916666666667
16,1.0,aligned,mi_site,16,-0.01826684002535939,-0.005267988628961044,0.47197916666666667
16,1.0,aligned,mi_site,17,-0.001592562425781683,-0.015149090549467167,0.47197916666666667
16,1.0,aligned,mi_site,18,-0.02482227851378526,0.013035274653463937,0.47197916666666667
16,1.0,aligned,mi_site,19,0.014286345485874345,0.0074539975546122125,0.47197916666666667
16,1.0,aligned,mi_site,20,-0.007748471988880661,-0.008049436089649462,0.47197916666666667
16,1.0,aligned,mi_site,21,0.04567507235243723,-0.4350612926792971,0.47197916666666667
16,1.0,aligned,mi_site,22,0.0029322094858029724,0.495135325585046,0.47197916666666667
16,1.0,aligned,mi_site,23,-0.040193347511651656,-2.0693350907771653e-06,0.47197916666666667
16,1.0,aligned,mi_site,24,-0.03161959378382906,-0.6125470799019941,0.47197916666666667
16,1.0,aligned,mi_site,25,0.03479282876855083,0.3073356855717209,0.47197916666666667
16,1.0,aligned,mi_site,26,-0.004884865512074399,0.4831217005847294,0.47197916666666667
16,1.0,aligned,mi_site,27,0.04579335005757762,-0.38972369667422235,0.47197916666666667
16,1.0,aligned,mi_site,28,0.558740880334011,-0.6299607664561842,0.47197916666666667
16,1.0,aligned,mi_site,29,0.007014679013237421,0.0005281491766193805,0.47197916666666667
16,1.0,aligned,mi_site,30,0.07487628046972244,-0.4248398786871855,0.47197916666666667
16,1.0,aligned,mi_site,31,0.028993753883000344,-0.008348049545772816,0.47197916666666667
16,1.0,aligned,mi_site,32,-0.09306189096499229,0.6975236504118872,0.47197916666666667
16,1.0,aligned,mi_site,33,0.03837346230963856,-0.47745008413661205,0.47197916666666667
16,1.0,aligned,mi_site,34,0.10567853199887878,-0.894792664626323,0.47197916666666667
16,1.0,aligned,mi_site,35,-0.18110537291122264,0.7188635417093912,0.47197916666666667
16,1.0,aligned,mi_site,36,-0.4855887750895704,0.5443318331898203,0.47197916666666667
16,1.0,aligned,mi_site,37,0.020954592844252384,0.003038775711712706,0.47197916666666667
16,1.0,aligned,mi_site,38,-0.10463243203770023,-0.17374267674396665,0.47197916666666667
16,1.0,aligned,mi_site,39,-0.016021638487038636,-0.27433913022941286,0.47197916666666667
16,1.0,aligned,mi_site,40,-0.004658486315071153,0.8445629837730014,0.47197916666666667
16,1.0,aligned,mi_site,41,-5.560044321251123e-05,0.47229956278763147,0.47197916666666667
16,1.0,aligned,mi_site,42,0.06312338751675084,-0.3818210654892398,0.47197916666666667
16,1.0,aligned,mi_site,43,0.6806284452971885,-0.7821413887025844,0.47197916666666667
16,1.0,aligned,mi_site,44,-0.0073193518572639005,0.45931173209321374,0.47197916666666667
16,1.0,aligned,mi_site,45,0.019407255481804546,-0.010429792625110262,0.47197916666666667
16,1.0,aligned,mi_site,46,-0.08497063174158365,-0.13439992862336156,0.47197916666666667
16,1.0,aligned,mi_site,47,-0.02877555532524846,0.016179250347328276,0.47197916666666667
16,1.0,aligned,mi_site,48,0.031778751455538164,-0.010088971692395325,0.47197916666666667
16,1.0,aligned,mi_site,49,-0.02342158484776361,-0.005489153033998778,0.47197916666666667
16,1.0,aligned,mi_site,50,-0.03878907720412916,-0.6909513573437115,0.47197916666666667
16,1.0,aligned,mi_site,51,-0.06569397910915667,-0.0857459718160401,0.47197916666666667
16,1.0,aligned,mi_site,52,-0.015764145333143853,-0.7800680353900128,0.47197916666666667
16,1.0,aligned,mi_site,53,-0.049160844652957,0.6283229346004493,0.47197916666666667
16,1.0,aligned,mi_site,54,-0.30863709988778604,0.34764342642017737,0.47197916666666667
16,1.0,aligned,mi_site,55,-0.006887591605481251,0.0008036787885815407,0.47197916666666667
16,1.0,aligned,mi_site,56,0.050143375286782865,0.42761602699197004,0.47197916666666667
16,1.0,aligned,mi_site,57,0.033744130273804296,-0.3421346252236099,0.47197916666666667
16,1.0,aligned,mi_site,58,0.6032526208775083,-0.6983687560067595,0.47197916666666667
16,1.0,aligned,mi_site,59,-0.0013308049538591216,0.3529672427060128,0.47197916666666667
16,1.0,aligned,mi_site,60,0.08573869411809354,-0.8025512838335598,0.47197916666666667
16,1.0,aligned,mi_site,61,0.5283418939469475,-0.604721917313591,0.47197916666666667
16,1.0,aligned,mi_site,62,-0.008188526086877401,-0.012075938663622244,0.47197916666666667
16,1.0,aligned,mi_site,63,-0.9576168380353701,0.4862009096019696,0.47197916666666667
16,1.0,aligned,mi_site,64,-0.003807764862149809,0.004187324092856162,0.47197916666666667
16,1.0,aligned,mi_site,65,0.004466412172447313,0.008750964992054558,0.47197916666666667
16,1.0,closed,available,0,-0.004857708018606775,-0.019386910900588163,0.47197916666666667
16,1.0,closed,available,1,0.009788836672882939,0.4274303732042768,0.47197916666666667
16,1.0,closed,available,2,-0.0015991334781685351,-0.7622755843297808,0.47197916666666667
16,1.0,closed,available,3,0.002891220548494583,0.21790151899101098,0.47197916666666667
16,1.0,closed,available,4,0.002029788028698857,0.008152902639790916,0.47197916666666667
16,1.0,closed,available,5,-0.00677726918741095,-0.7219904970245307,0.47197916666666667
16,1.0,closed,available,6,0.0025625552127054307,0.19547716922531685,0.47197916666666667
16,1.0,closed,available,7,0.0034580307525708953,0.771740912893331,0.47197916666666667
16,1.0,closed,available,8,0.0002630568937052047,-0.8817494201082456,0.47197916666666667
16,1.0,closed,available,9,-0.008810616717635278,-0.2760048214464605,0.47197916666666667
16,1.0,closed,available,10,-0.007582565525343175,0.00046431082595365644,0.47197916666666667
16,1.0,closed,available,11,-0.01035421053687228,-0.010813894116497207,0.47197916666666667
16,1.0,closed,available,12,0.015894031850879942,0.014639603340596316,0.47197916666666667
16,1.0,closed,available,13,0.0034096307310926186,-0.006751849058016074,0.47197916666666667
16,1.0,closed,available,14,0.004612859337398567,0.006809891827495495,0.47197916666666667
16,1.0,closed,available,15,0.0033942107436952355,0.014524786495114007,0.47197916666666667
16,1.0,closed,available,16,0.003461805036321806,-0.005267988628961044,0.47197916666666667
16,1.0,closed,available,17,-0.006980131134176355,-0.015149090549467167,0.47197916666666667
16,1.0,closed,available,18,-0.018129750489830287,0.013035274653463937,0.47197916666666667
16,1.0,closed,available,19,0.004464284751710507,0.0074539975546122125,0.47197916666666667
16,1.0,closed,available,20,-0.008843843964983274,-0.008049436089649462,0.47197916666666667
16,1.0,closed,available,21,-0.024695125920723038,-0.4350612926792971,0.47197916666666667
16,1.0,closed,available,22,0.006598206022734532,0.495135325585046,0.47197916666666667
16,1.0,closed,available,23,-0.002425995623253964,-2.0693350907771653e-06,0.47197916666666667
16,1.0,closed,available,24,0.00018993747581774745,-0.6125470799019941,0.47197916666666667
16,1.0,closed,available,25,-0.0028454277047650356,0.3073356855717209,0.47197916666666667
16,1.0,closed,available,26,-0.0036986015371386904,0.4831217005847294,0.47197916666666667
16,1.0,closed,available,27,0.0014885689001986058,-0.38972369667422235,0.47197916666666667
16,1.0,closed,available,28,0.004292915607938652,-0.6299607664561842,0.47197916666666667
16,1.0,closed,available,29,0.00033128810116365547,0.0005281491766193805,0.47197916666666667
16,1.0,closed,available,30,0.00701863855427981,-0.4248398786871855,0.47197916666666667
16,1.0,closed,available,31,0.00723183969316932,-0.008348049545772816,0.47197916666666667
16,1.0,closed,available,32,0.0014110617034270856,0.6975236504118872,0.47197916666666667
16,1.0,closed,available,33,0.002414619447684785,-0.47745008413661205,0.47197916666666667
16,1.0,closed,available,34,0.0032782245335621907,-0.894792664626323,0.47197916666666667
16,1.0,closed,available,35,0.0012481906813026633,0.7188635417093912,0.47197916666666667
16,1.0,closed,available,36,-0.0015992164496267947,0.5443318331898203,0.47197916666666667
16,1.0,closed,available,37,0.0027641261560336764,0.003038775711712706,0.47197916666666667
16,1.0,closed,available,38,-0.012380853641215411,-0.17374267674396665,0.47197916666666667
16,1.0,closed,available,39,0.0005477630893878094,-0.27433913022941286,0.47197916666666667
16,1.0,closed,available,40,-0.0024653627229248576,0.8445629837730014,0.47197916666666667
16,1.0,closed,available,41,0.00405149692327561,0.47229956278763147,0.47197916666666667
16,1.0,closed,available,42,0.004534889843948953,-0.3818210654892398,0.47197916666666667
16,1.0,closed,available,43,-7.986899923129176e-05,-0.7821413887025844,0.47197916666666667
16,1.0,closed,available,44,0.0066928710113840495,0.45931173209321374,0.47197916666666667
16,1.0,closed,available,45,-0.000537665602460333,-0.010429792625110262,0.47197916666666667
16,1.0,closed,available,46,-0.008949573984866427,-0.13439992862336156,0.47197916666666667
16,1.0,closed,available,47,-0.0032392899578460813,0.016179250347328276,0.47197916666666667
16,1.0,closed,available,48,0.009816973871448734,-0.010088971692395325,0.47197916666666667
16,1.0,closed,available,49,-0.003414306631952623,-0.005489153033998778,0.47197916666666667
16,1.0,closed,available,50,0.0006234594505326596,-0.6909513573437115,0.47197916666666667
16,1.0,closed,available,51,-0.0009990553669866897,-0.0857459718160401,0.47197916666666667
16,1.0,closed,available,52,0.0012726739347084237,-0.7800680353900128,0.47197916666666667
16,1.0,closed,available,53,-0.018267840382846345,0.6283229346004493,0.47197916666666667
16,1.0,closed,available,54,0.009260956930919995,0.34764342642017737,0.47197916666666667
16,1.0,closed,available,55,0.009021100795405156,0.0008036787885815407,0.47197916666666667
16,1.0,closed,available,56,0.005558542671657618,0.42761602699197004,0.47197916666666667
16,1.0,closed,available,57,0.01173937547025089,-0.3421346252236099,0.47197916666666667
16,1.0,closed,available,58,0.001166621201502016,-0.6983687560067595,0.47197916666666667
16,1.0,closed,available,59,0.007459123581616822,0.3529672427060128,0.47197916666666667
16,1.0,closed,available,60,0.006138791637982588,-0.8025512838335598,0.47197916666666667
16,1.0,closed,available,61,-0.0035516241365084467,-0.604721917313591,0.47197916666666667
16,1.0,closed,available,62,0.0008992590454029378,-0.012075938663622244,0.47197916666666667
16,1.0,closed,available,63,-0.00157130921070614,0.4862009096019696,0.47197916666666667
16,1.0,closed,available,64,0.0005052247385891086,0.004187324092856162,0.47197916666666667
16,1.0,closed,available,65,0.002757999007512715,0.008750964992054558,0.47197916666666667
16,1.0,closed,mi_obs,0,-0.003788946863654913,-0.019386910900588163,0.47197916666666667
16,1.0,closed,mi_obs,1,0.008720483347905372,0.4274303732042768,0.47197916666666667
16,1.0,closed,mi_obs,2,-0.03149534042231128,-0.7622755843297808,0.47197916666666667
16,1.0,closed,mi_obs,3,0.026459049533864132,0.21790151899101098,0.47197916666666667
16,1.0,closed,mi_obs,4,-0.0436828237102118,0.008152902639790916,0.47197916666666667
16,1.0,closed,mi_obs,5,-0.02599254658925887,-0.7219904970245307,0.47197916666666667
16,1.0,closed,mi_obs,6,0.05425240742560333,0.19547716922531685,0.47197916666666667
16,1.0,closed,mi_obs,7,0.03872164177276893,0.771740912893331,0.47197916666666667
16,1.0,closed,mi_obs,8,-0.025285323092515966,-0.8817494201082456,0.47197916666666667
16,1.0,closed,mi_obs,9,-0.006816574011841603,-0.2760048214464605,0.47197916666666667
16,1.0,closed,mi_obs,10,-0.0047222823194984775,0.00046431082595365644,0.47197916666666667
16,1.0,closed,mi_obs,11,-0.0001221918686468062,-0.010813894116497207,0.47197916666666667
16,1.0,closed,mi_obs,12,-0.024312962427760595,0.014639603340596316,0.47197916666666667
16,1.0,closed,mi_obs,13,-0.004709311402252966,-0.006751849058016074,0.47197916666666667
16,1.0,closed,mi_obs,14,0.01562391684632895,0.006809891827495495,0.47197916666666667
16,1.0,closed,mi_obs,15,-0.001579292120850579,0.014524786495114007,0.47197916666666667
16,1.0,closed,mi_obs,16,-0.02066615174183698,-0.005267988628961044,0.47197916666666667
16,1.0,closed,mi_obs,17,-0.016841804171940696,-0.015149090549467167,0.47197916666666667
16,1.0,closed,mi_obs,18,-0.008797793062861655,0.013035274653463937,0.47197916666666667
16,1.0,closed,mi_obs,19,0.00460054368706753,0.0074539975546122125,0.47197916666666667
16,1.0,closed,mi_obs,20,-0.005336878045526329,-0.008049436089649462,0.47197916666666667
16,1.0,closed,mi_obs,21,0.0030118620941773644,-0.4350612926792971,0.47197916666666667
16,1.0,closed,mi_obs,22,0.05245271772950233,0.495135325585046,0.47197916666666667
16,1.0,closed,mi_obs,23,-0.030829774910411334,-2.0693350907771653e-06,0.47197916666666667
16,1.0,closed,mi_obs,24,-0.04427791890447985,-0.6125470799019941,0.47197916666666667
16,1.0,closed,mi_obs,25,0.06672162531439141,0.3073356855717209,0.47197916666666667
16,1.0,closed,mi_obs,26,-0.0013999348058047478,0.4831217005847294,0.47197916666666667
16,1.0,closed,mi_obs,27,-0.012814377777568553,-0.38972369667422235,0.47197916666666667
16,1.0,closed,mi_obs,28,-0.027769359664062687,-0.6299607664561842,0.47197916666666667
16,1.0,closed,mi_obs,29,-0.0004821833673422231,0.0005281491766193805,0.47197916666666667
16,1.0,closed,mi_obs,30,-0.025960472711401172,-0.4248398786871855,0.47197916666666667
16,1.0,closed,mi_obs,31,0.06569304765356132,-0.008348049545772816,0.47197916666666667
16,1.0,closed,mi_obs,32,-0.012058705960639182,0.6975236504118872,0.47197916666666667
16,1.0,closed,mi_obs,33,-0.09386851570906574,-0.47745008413661205,0.47197916666666667
16,1.0,closed,mi_obs,34,-0.04432059588272397,-0.894792664626323,0.47197916666666667
16,1.0,closed,mi_obs,35,0.026939624119804217,0.7188635417093912,0.47197916666666667
16,1.0,closed,mi_obs,36,0.011058901830724777,0.5443318331898203,0.47197916666666667
16,1.0,closed,mi_obs,37,0.014941130643647361,0.003038775711712706,0.47197916666666667
16,1.0,closed,mi_obs,38,-0.13559088238388445,-0.17374267674396665,0.47197916666666667
16,1.0,closed,mi_obs,39,0.017095777677242574,-0.27433913022941286,0.47197916666666667
16,1.0,closed,mi_obs,40,0.014486050951585172,0.8445629837730014,0.47197916666666667
16,1.0,closed,mi_obs,41,0.017583275481527216,0.47229956278763147,0.47197916666666667
16,1.0,closed,mi_obs,42,-0.03095794437942273,-0.3818210654892398,0.47197916666666667
16,1.0,closed,mi_obs,43,-0.03613168493648433,-0.7821413887025844,0.47197916666666667
16,1.0,closed,mi_obs,44,-0.01872872353579691,0.45931173209321374,0.47197916666666667
16,1.0,closed,mi_obs,45,0.0004206926802781813,-0.010429792625110262,0.47197916666666667
16,1.0,closed,mi_obs,46,-0.10988081921861295,-0.13439992862336156,0.47197916666666667
16,1.0,closed,mi_obs,47,-0.02525638968580496,0.016179250347328276,0.47197916666666667
16,1.0,closed,mi_obs,48,0.031131886388076242,-0.010088971692395325,0.47197916666666667
16,1.0,closed,mi_obs,49,0.0564551730576155,-0.005489153033998778,0.47197916666666667
16,1.0,closed,mi_obs,50,-0.10011118947589104,-0.6909513573437115,0.47197916666666667
16,1.0,closed,mi_obs,51,-0.04096992824238091,-0.0857459718160401,0.47197916666666667
16,1.0,closed,mi_obs,52,0.01715801834927755,-0.7800680353900128,0.47197916666666667
16,1.0,closed,mi_obs,53,-0.010859263486068138,0.6283229346004493,0.47197916666666667
16,1.0,closed,mi_obs,54,-0.051992801749955964,0.34764342642017737,0.47197916666666667
16,1.0,closed,mi_obs,55,0.023670507598032985,0.0008036787885815407,0.47197916666666667
16,1.0,closed,mi_obs,56,0.07041013185015293,0.42761602699197004,0.47197916666666667
16,1.0,closed,mi_obs,57,-0.058201704067759485,-0.3421346252236099,0.47197916666666667
16,1.0,closed,mi_obs,58,-0.041649271862134185,-0.6983687560067595,0.47197916666666667
16,1.0,closed,mi_obs,59,-0.019589066739691907,0.3529672427060128,0.47197916666666667
16,1.0,closed,mi_obs,60,-0.0358608897174989,-0.8025512838335598,0.47197916666666667
16,1.0,closed,mi_obs,61,0.0016664909216389523,-0.604721917313591,0.47197916666666667
16,1.0,closed,mi_obs,62,-0.037388905069679686,-0.012075938663622244,0.47197916666666667
16,1.0,closed,mi_obs,63,0.010521476934508833,0.4862009096019696,0.47197916666666667
16,1.0,closed,mi_obs,64,0.012775704906754896,0.004187324092856162,0.47197916666666667
16,1.0,closed,mi_obs,65,0.03214502264220274,0.008750964992054558,0.47197916666666667
16,1.0,closed,mi_class,0,0.0040514921214806245,-0.019386910900588163,0.47197916666666667
16,1.0,closed,mi_class,1,0.021519442051777526,0.4274303732042768,0.47197916666666667
16,1.0,closed,mi_class,2,0.05554003264303664,-0.7622755843297808,0.47197916666666667
16,1.0,closed,mi_class,3,-0.06391654852536008,0.21790151899101098,0.47197916666666667
16,1.0,closed,mi_class,4,0.0006914257864742823,0.008152902639790916,0.47197916666666667
16,1.0,closed,mi_class,5,0.1416347175415419,-0.7219904970245307,0.47197916666666667
16,1.0,closed,mi_class,6,-0.04157989853497038,0.19547716922531685,0.47197916666666667
16,1.0,closed,mi_class,7,-0.1540441140900083,0.771740912893331,0.47197916666666667
16,1.0,closed,mi_class,8,-0.012941630450443942,-0.8817494201082456,0.47197916666666667
16,1.0,closed,mi_class,9,-0.018292289410161866,-0.2760048214464605,0.47197916666666667
16,1.0,closed,mi_class,10,0.030114578762817576,0.00046431082595365644,0.47197916666666667
16,1.0,closed,mi_class,11,-0.003572785617549118,-0.010813894116497207,0.47197916666666667
16,1.0,closed,mi_class,12,0.0008437553618355492,0.014639603340596316,0.47197916666666667
16,1.0,closed,mi_class,13,0.05417416393944834,-0.006751849058016074,0.47197916666666667
16,1.0,closed,mi_class,14,-0.0015525237067410668,0.006809891827495495,0.47197916666666667
16,1.0,closed,mi_class,15,-0.0018209184006831892,0.014524786495114007,0.47197916666666667
16,1.0,closed,mi_class,16,-0.014525845804375093,-0.005267988628961044,0.47197916666666667
16,1.0,closed,mi_class,17,0.004374984768260806,-0.015149090549467167,0.47197916666666667
16,1.0,closed,mi_class,18,-0.010683132393847723,0.013035274653463937,0.47197916666666667
16,1.0,closed,mi_class,19,-0.000272923234042201,0.0074539975546122125,0.47197916666666667
16,1.0,closed,mi_class,20,-0.01769227515507394,-0.008049436089649462,0.47197916666666667
16,1.0,closed,mi_class,21,0.042540343347979404,-0.4350612926792971,0.47197916666666667
16,1.0,closed,mi_class,22,-0.3274236686333253,0.495135325585046,0.47197916666666667
16,1.0,closed,mi_class,23,0.0008098948706806133,-2.0693350907771653e-06,0.47197916666666667
16,1.0,closed,mi_class,24,0.25644548267232536,-0.6125470799019941,0.47197916666666667
16,1.0,closed,mi_class,25,-0.18251268393682657,0.3073356855717209,0.47197916666666667
16,1.0,closed,mi_class,26,-0.20098319207823678,0.4831217005847294,0.47197916666666667
16,1.0,closed,mi_class,27,-0.02672782377130334,-0.38972369667422235,0.47197916666666667
16,1.0,closed,mi_class,28,0.1750944641418114,-0.6299607664561842,0.47197916666666667
16,1.0,closed,mi_class,29,-0.01894595605112237,0.0005281491766193805,0.47197916666666667
16,1.0,closed,mi_class,30,0.30059482761650047,-0.4248398786871855,0.47197916666666667
16,1.0,closed,mi_class,31,0.01094632250692491,-0.008348049545772816,0.47197916666666667
16,1.0,closed,mi_class,32,-0.2285392691932004,0.6975236504118872,0.47197916666666667
16,1.0,closed,mi_class,33,0.08030258372244625,-0.47745008413661205,0.47197916666666667
16,1.0,closed,mi_class,34,0.33036187060491784,-0.894792664626323,0.47197916666666667
16,1.0,closed,mi_class,35,-0.032123353608048966,0.7188635417093912,0.47197916666666667
16,1.0,closed,mi_class,36,-0.014441886251298275,0.5443318331898203,0.47197916666666667
16,1.0,closed,mi_class,37,0.021970879438622904,0.003038775711712706,0.47197916666666667
16,1.0,closed,mi_class,38,0.021097436880810838,-0.17374267674396665,0.47197916666666667
16,1.0,closed,mi_class,39,0.05812408891578019,-0.27433913022941286,0.47197916666666667
16,1.0,closed,mi_class,40,-0.3500437798476447,0.8445629837730014,0.47197916666666667
16,1.0,closed,mi_class,41,-0.05470502265379118,0.47229956278763147,0.47197916666666667
16,1.0,closed,mi_class,42,0.15919887684851283,-0.3818210654892398,0.47197916666666667
16,1.0,closed,mi_class,43,0.3181376073542269,-0.7821413887025844,0.47197916666666667
16,1.0,closed,mi_class,44,-0.19575020268670457,0.45931173209321374,0.47197916666666667
16,1.0,closed,mi_class,45,-0.00324747860562204,-0.010429792625110262,0.47197916666666667
16,1.0,closed,mi_class,46,0.023002200854096877,-0.13439992862336156,0.47197916666666667
16,1.0,closed,mi_class,47,0.0013079076408500298,0.016179250347328276,0.47197916666666667
16,1.0,closed,mi_class,48,0.010351010683894431,-0.010088971692395325,0.47197916666666667
16,1.0,closed,mi_class,49,0.0073150079752014804,-0.005489153033998778,0.47197916666666667
16,1.0,closed,mi_class,50,0.16635207112040973,-0.6909513573437115,0.47197916666666667
16,1.0,closed,mi_class,51,0.020690703025819226,-0.0857459718160401,0.47197916666666667
16,1.0,closed,mi_class,52,0.011835723498751949,-0.7800680353900128,0.47197916666666667
16,1.0,closed,mi_class,53,-0.17610214923525214,0.6283229346004493,0.47197916666666667
16,1.0,closed,mi_class,54,-0.07516847837419433,0.34764342642017737,0.47197916666666667
16,1.0,closed,mi_class,55,-0.009997602301211573,0.0008036787885815407,0.47197916666666667
16,1.0,closed,mi_class,56,-0.11505524631326053,0.42761602699197004,0.47197916666666667
16,1.0,closed,mi_class,57,0.1124542277150263,-0.3421346252236099,0.47197916666666667
16,1.0,closed,mi_class,58,0.2675905028251247,-0.6983687560067595,0.47197916666666667
16,1.0,closed,mi_class,59,-0.13486965319054356,0.3529672427060128,0.47197916666666667
16,1.0,closed,mi_class,60,0.22106123781103004,-0.8025512838335598,0.47197916666666667
16,1.0,closed,mi_class,61,0.13742754655006256,-0.604721917313591,0.47197916666666667
16,1.0,closed,mi_class,62,0.0194496582025298,-0.012075938663622244,0.47197916666666667
16,1.0,closed,mi_class,63,-0.005704543763402625,0.4862009096019696,0.47197916666666667
16,1.0,closed,mi_class,64,-0.026722919761862408,0.004187324092856162,0.47197916666666667
16,1.0,closed,mi_class,65,0.023841115565797447,0.008750964992054558,0.47197916666666667
16,1.0,closed,mi_site,0,-0.0009641647407243291,-0.019386910900588163,0.47197916666666667
16,1.0,closed,mi_site,1,0.013524557732325582,0.4274303732042768,0.47197916666666667
16,1.0,closed,mi_site,2,-0.02144732258193338,-0.7622755843297808,0.47197916666666667
16,1.0,closed,mi_site,3,0.019694312292539318,0.21790151899101098,0.47197916666666667
16,1.0,closed,mi_site,4,-0.023939168723368973,0.008152902639790916,0.47197916666666667
16,1.0,closed,mi_site,5,-0.02041181244511514,-0.7219904970245307,0.47197916666666667
16,1.0,closed,mi_site,6,0.04232684967086675,0.19547716922531685,0.47197916666666667
16,1.0,closed,mi_site,7,0.033931915956467495,0.771740912893331,0.47197916666666667
16,1.0,closed,mi_site,8,-0.023984616730442943,-0.8817494201082456,0.47197916666666667
16,1.0,closed,mi_site,9,-0.011532537680535415,-0.2760048214464605,0.47197916666666667
16,1.0,closed,mi_site,10,-0.008121987975024858,0.00046431082595365644,0.47197916666666667
16,1.0,closed,mi_site,11,-0.011487907342170945,-0.010813894116497207,0.47197916666666667
16,1.0,closed,mi_site,12,-0.008030778516240969,0.014639603340596316,0.47197916666666667
16,1.0,closed,mi_site,13,-0.0033725085375803238,-0.006751849058016074,0.47197916666666667
16,1.0,closed,mi_site,14,0.010344642078561238,0.006809891827495495,0.47197916666666667
16,1.0,closed,mi_site,15,-0.004767160351141341,0.014524786495114007,0.47197916666666667
16,1.0,closed,mi_site,16,-0.0038028071987747693,-0.005267988628961044,0.47197916666666667
16,1.0,closed,mi_site,17,-0.006605621431027085,-0.015149090549467167,0.47197916666666667
16,1.0,closed,mi_site,18,-0.0016113089009593337,0.013035274653463937,0.47197916666666667
16,1.0,closed,mi_site,19,-0.0025966569613916704,0.0074539975546122125,0.47197916666666667
16,1.0,closed,mi_site,20,-0.005006646841031512,-0.008049436089649462,0.47197916666666667
16,1.0,closed,mi_site,21,-0.00372417164709693,-0.4350612926792971,0.47197916666666667
16,1.0,closed,mi_site,22,0.04438934165484776,0.495135325585046,0.47197916666666667
16,1.0,closed,mi_site,23,-0.030255478140351337,-2.0693350907771653e-06,0.47197916666666667
16,1.0,closed,mi_site,24,-0.03600114657091957,-0.6125470799019941,0.47197916666666667
16,1.0,closed,mi_site,25,0.0530748223852216,0.3073356855717209,0.47197916666666667
16,1.0,closed,mi_site,26,-0.0014159154971521426,0.4831217005847294,0.47197916666666667
16,1.0,closed,mi_site,27,-0.018698021928012676,-0.38972369667422235,0.47197916666666667
16,1.0,closed,mi_site,28,-0.02813141097219085,-0.6299607664561842,0.47197916666666667
16,1.0,closed,mi_site,29,-0.0033633241275033343,0.0005281491766193805,0.47197916666666667
16,1.0,closed,mi_site,30,-0.009601081327923644,-0.4248398786871855,0.47197916666666667
16,1.0,closed,mi_site,31,0.04708076158764496,-0.008348049545772816,0.47197916666666667
16,1.0,closed,mi_site,32,-0.015190168840354956,0.6975236504118872,0.47197916666666667
16,1.0,closed,mi_site,33,-0.06583421407893653,-0.47745008413661205,0.47197916666666667
16,1.0,closed,mi_site,34,-0.028321136576862194,-0.894792664626323,0.47197916666666667
16,1.0,closed,mi_site,35,0.021342338346701184,0.7188635417093912,0.47197916666666667
16,1.0,closed,mi_site,36,0.006126352131791579,0.5443318331898203,0.47197916666666667
16,1.0,closed,mi_site,37,0.020768206945230322,0.003038775711712706,0.47197916666666667
16,1.0,closed,mi_site,38,-0.11674776625554667,-0.17374267674396665,0.47197916666666667
16,1.0,closed,mi_site,39,0.015315892620953231,-0.27433913022941286,0.47197916666666667
16,1.0,closed,mi_site,40,0.005605129921754104,0.8445629837730014,0.47197916666666667
16,1.0,closed,mi_site,41,0.012860196929877832,0.47229956278763147,0.47197916666666667
16,1.0,closed,mi_site,42,-0.016911270890155816,-0.3818210654892398,0.47197916666666667
16,1.0,closed,mi_site,43,-0.03114787577857292,-0.7821413887025844,0.47197916666666667
16,1.0,closed,mi_site,44,-0.01590614044333355,0.45931173209321374,0.47197916666666667
16,1.0,closed,mi_site,45,0.0013446086174448077,-0.010429792625110262,0.47197916666666667
16,1.0,closed,mi_site,46,-0.09265817860921763,-0.13439992862336156,0.47197916666666667
16,1.0,closed,mi_site,47,-0.01154981845726301,0.016179250347328276,0.47197916666666667
16,1.0,closed,mi_site,48,0.026309879925107686,-0.010088971692395325,0.47197916666666667
16,1.0,closed,mi_site,49,0.039329057629320534,-0.005489153033998778,0.47197916666666667
16,1.0,closed,mi_site,50,-0.08864064607571143,-0.6909513573437115,0.47197916666666667
16,1.0,closed,mi_site,51,-0.030914452924626953,-0.0857459718160401,0.47197916666666667
16,1.0,closed,mi_site,52,0.0210112089051111,-0.7800680353900128,0.47197916666666667
16,1.0,closed,mi_site,53,-0.014740523261810412,0.6283229346004493,0.47197916666666667
16,1.0,closed,mi_site,54,-0.044306378244119926,0.34764342642017737,0.47197916666666667
16,1.0,closed,mi_site,55,0.01805547016147565,0.0008036787885815407,0.47197916666666667
16,1.0,closed,mi_site,56,0.058465116069068956,0.42761602699197004,0.47197916666666667
16,1.0,closed,mi_site,57,-0.04352637963417344,-0.3421346252236099,0.47197916666666667
16,1.0,closed,mi_site,58,-0.029737580943145714,-0.6983687560067595,0.47197916666666667
16,1.0,closed,mi_site,59,-0.01984484657551233,0.3529672427060128,0.47197916666666667
16,1.0,closed,mi_site,60,-0.020977211256438144,-0.8025512838335598,0.47197916666666667
16,1.0,closed,mi_site,61,-0.0017324252707493493,-0.604721917313591,0.47197916666666667
16,1.0,closed,mi_site,62,-0.03887986910709112,-0.012075938663622244,0.47197916666666667
16,1.0,closed,mi_site,63,0.00426503780253229,0.4862009096019696,0.47197916666666667
16,1.0,closed,mi_site,64,0.013567148313513109,0.004187324092856162,0.47197916666666667
16,1.0,closed,mi_site,65,0.028686872032178234,0.008750964992054558,0.47197916666666667
16,2.0,aligned,available,0,-0.0016993612130394332,-0.01911562274456012,0.47197916666666667
16,2.0,aligned,available,1,0.013334190556695324,0.42102152308933716,0.47197916666666667
16,2.0,aligned,available,2,-0.01603490008226871,-0.7704044152997724,0.47197916666666667
16,2.0,aligned,available,3,0.017316348831854345,0.22930872164178037,0.47197916666666667
16,2.0,aligned,available,4,0.0012632114461077776,0.013228809221156811,0.47197916666666667
16,2.0,aligned,available,5,-0.004433575817750834,-0.7253567916864766,0.47197916666666667
16,2.0,aligned,available,6,0.01596577336558358,0.20745547111271373,0.47197916666666667
16,2.0,aligned,available,7,0.004852533323142838,0.7792687866954625,0.47197916666666667
16,2.0,aligned,available,8,0.000708533867333494,-0.8847293696023891,0.47197916666666667
16,2.0,aligned,available,9,0.005978786238426292,-0.288516311244422,0.47197916666666667
16,2.0,aligned,available,10,0.0032392135291156665,-0.003240426427871121,0.47197916666666667
16,2.0,aligned,available,11,0.00334490024145686,-0.009410537443136855,0.47197916666666667
16,2.0,aligned,available,12,-0.019114746154284015,0.013914467962794495,0.47197916666666667
16,2.0,aligned,available,13,-0.0036489423665841385,-0.00546669151965954,0.47197916666666667
16,2.0,aligned,available,14,-0.012961052771063648,0.007027202069109781,0.47197916666666667
16,2.0,aligned,available,15,-0.009437317525902808,0.014958061545198817,0.47197916666666667
16,2.0,aligned,available,16,0.004096143768992156,-0.00375889808223677,0.47197916666666667
16,2.0,aligned,available,17,0.018711350382250972,-0.014288992144188585,0.47197916666666667
16,2.0,aligned,available,18,-0.0190892886085485,0.012454742630582097,0.47197916666666667
16,2.0,aligned,available,19,-0.0037295611538161124,0.005673247828697709,0.47197916666666667
16,2.0,aligned,available,20,-0.0013537959778723817,-0.008234629105542901,0.47197916666666667
16,2.0,aligned,available,21,0.00433834478553341,-0.42710185753749563,0.47197916666666667
16,2.0,aligned,available,22,-0.009129220840068786,0.5060476740569735,0.47197916666666667
16,2.0,aligned,available,23,-0.016315464894951625,-0.0006940418494799551,0.47197916666666667
16,2.0,aligned,available,24,-0.01713256823112308,-0.5959850365699253,0.47197916666666667
16,2.0,aligned,available,25,-0.01775695522235271,0.3189122110172096,0.47197916666666667
16,2.0,aligned,available,26,-0.00564118178415568,0.47105851921634867,0.47197916666666667
16,2.0,aligned,available,27,-0.027079227724857324,-0.38501884384601176,0.47197916666666667
16,2.0,aligned,available,28,0.00033077078275178806,-0.6366990775959253,0.47197916666666667
16,2.0,aligned,available,29,0.004667474126605338,0.00030806293618728964,0.47197916666666667
16,2.0,aligned,available,30,-0.012529069311012664,-0.43571357983447545,0.47197916666666667
16,2.0,aligned,available,31,0.01974717596991034,-0.011407129985545064,0.47197916666666667
16,2.0,aligned,available,32,-0.014808499865588076,0.6928961470390358,0.47197916666666667
16,2.0,aligned,available,33,0.0038887179148006656,-0.4879920459484584,0.47197916666666667
16,2.0,aligned,available,34,-0.002990841401090627,-0.9008827964701159,0.47197916666666667
16,2.0,aligned,available,35,0.017657592285204804,0.7326368273157445,0.47197916666666667
16,2.0,aligned,available,36,0.005797038653222564,0.5529682054638417,0.47197916666666667
16,2.0,aligned,available,37,0.019750745662596565,0.005423978488433737,0.47197916666666667
16,2.0,aligned,available,38,-0.00016131314134204544,-0.1807464637918819,0.47197916666666667
16,2.0,aligned,available,39,-0.01753679915326334,-0.2664484344615236,0.47197916666666667
16,2.0,aligned,available,40,0.0024900332558370764,0.8496717331665712,0.47197916666666667
16,2.0,aligned,available,41,0.009964881548061133,0.4810193081796219,0.47197916666666667
16,2.0,aligned,available,42,-0.012052910877796641,-0.3938158070298241,0.47197916666666667
16,2.0,aligned,available,43,0.0017018801171447828,-0.7911748611651784,0.47197916666666667
16,2.0,aligned,available,44,0.00501851074148163,0.4522911413238926,0.47197916666666667
16,2.0,aligned,available,45,0.010138236236307196,-0.02204899444415647,0.47197916666666667
16,2.0,aligned,available,46,-0.004333357172515456,-0.14235623010158477,0.47197916666666667
16,2.0,aligned,available,47,-0.012826717549586378,0.019571453346657226,0.47197916666666667
16,2.0,aligned,available,48,-0.010291064198435607,-0.012716172508106069,0.47197916666666667
16,2.0,aligned,available,49,0.01658964330467451,-0.00023729574344227462,0.47197916666666667
16,2.0,aligned,available,50,0.004869518614370794,-0.7053635465377608,0.47197916666666667
16,2.0,aligned,available,51,-0.015005980967821075,-0.07859699988163457,0.47197916666666667
16,2.0,aligned,available,52,-0.0018716638014806275,-0.7698132860921356,0.47197916666666667
16,2.0,aligned,available,53,0.004876260647203368,0.6275409959842524,0.47197916666666667
16,2.0,aligned,available,54,0.012319922498320368,0.3357933263391934,0.47197916666666667
16,2.0,aligned,available,55,-0.010037828276760665,0.00883089946266114,0.47197916666666667
16,2.0,aligned,available,56,0.006402313956866357,0.441843385044883,0.47197916666666667
16,2.0,aligned,available,57,-0.01988208170192829,-0.35828258994559115,0.47197916666666667
16,2.0,aligned,available,58,0.010201297298235268,-0.7124804358024649,0.47197916666666667
16,2.0,aligned,available,59,0.008479403204380842,0.34774704717428867,0.47197916666666667
16,2.0,aligned,available,60,-0.006381070727337512,-0.8124622223248725,0.47197916666666667
16,2.0,aligned,available,61,0.0028115922636772206,-0.6102092002610682,0.47197916666666667
16,2.0,aligned,available,62,0.014069551948363943,-0.014631122393342907,0.47197916666666667
16,2.0,aligned,available,63,0.002265712849196466,0.4969366514618504,0.47197916666666667
16,2.0,aligned,available,64,0.006739375328522248,0.0062834129934817885,0.47197916666666667
16,2.0,aligned,available,65,-0.015678121444117767,0.005723017527777622,0.47197916666666667
16,2.0,aligned,mi_obs,0,0.0011103394808643849,-0.01911562274456012,0.47197916666666667
16,2.0,aligned,mi_obs,1,0.001410882051053608,0.42102152308933716,0.47197916666666667
16,2.0,aligned,mi_obs,2,-0.04320337330641133,-0.7704044152997724,0.47197916666666667
16,2.0,aligned,mi_obs,3,0.017349446629976867,0.22930872164178037,0.47197916666666667
16,2.0,aligned,mi_obs,4,-0.05261395180725953,0.013228809221156811,0.47197916666666667
16,2.0,aligned,mi_obs,5,-0.04259956024049982,-0.7253567916864766,0.47197916666666667
16,2.0,aligned,mi_obs,6,0.0552282398668828,0.20745547111271373,0.47197916666666667
16,2.0,aligned,mi_obs,7,0.044748386166953424,0.7792687866954625,0.47197916666666667
16,2.0,aligned,mi_obs,8,-0.02539875546506387,-0.8847293696023891,0.47197916666666667
16,2.0,aligned,mi_obs,9,-0.010552181238285552,-0.288516311244422,0.47197916666666667
16,2.0,aligned,mi_obs,10,-0.0004243097704937182,-0.003240426427871121,0.47197916666666667
16,2.0,aligned,mi_obs,11,0.016836618391680845,-0.009410537443136855,0.47197916666666667
16,2.0,aligned,mi_obs,12,-0.035124793986953444,0.013914467962794495,0.47197916666666667
16,2.0,aligned,mi_obs,13,-0.004861784505200766,-0.00546669151965954,0.47197916666666667
16,2.0,aligned,mi_obs,14,-0.01949359126659281,0.007027202069109781,0.47197916666666667
16,2.0,aligned,mi_obs,15,0.0006882400031483198,0.014958061545198817,0.47197916666666667
16,2.0,aligned,mi_obs,16,-0.022035356860353985,-0.00375889808223677,0.47197916666666667
16,2.0,aligned,mi_obs,17,-0.004525049966234457,-0.014288992144188585,0.47197916666666667
16,2.0,aligned,mi_obs,18,-0.024153927314811724,0.012454742630582097,0.47197916666666667
16,2.0,aligned,mi_obs,19,-0.0027626569719680534,0.005673247828697709,0.47197916666666667
16,2.0,aligned,mi_obs,20,-0.004117530238947753,-0.008234629105542901,0.47197916666666667
16,2.0,aligned,mi_obs,21,0.0029524939757750723,-0.42710185753749563,0.47197916666666667
16,2.0,aligned,mi_obs,22,0.04062612702066015,0.5060476740569735,0.47197916666666667
16,2.0,aligned,mi_obs,23,-0.060790179162466554,-0.0006940418494799551,0.47197916666666667
16,2.0,aligned,mi_obs,24,-0.05108305821125669,-0.5959850365699253,0.47197916666666667
16,2.0,aligned,mi_obs,25,0.052387683774831495,0.3189122110172096,0.47197916666666667
16,2.0,aligned,mi_obs,26,-0.008262741273812158,0.47105851921634867,0.47197916666666667
16,2.0,aligned,mi_obs,27,-0.008768193431511195,-0.38501884384601176,0.47197916666666667
16,2.0,aligned,mi_obs,28,-0.026797555080099733,-0.6366990775959253,0.47197916666666667
16,2.0,aligned,mi_obs,29,0.000728550809632474,0.00030806293618728964,0.47197916666666667
16,2.0,aligned,mi_obs,30,-0.01747579075058414,-0.43571357983447545,0.47197916666666667
16,2.0,aligned,mi_obs,31,0.08714659048171679,-0.011407129985545064,0.47197916666666667
16,2.0,aligned,mi_obs,32,-0.0071270241709257,0.6928961470390358,0.47197916666666667
16,2.0,aligned,mi_obs,33,-0.0905791654914963,-0.4879920459484584,0.47197916666666667
16,2.0,aligned,mi_obs,34,-0.04600828271969837,-0.9008827964701159,0.47197916666666667
16,2.0,aligned,mi_obs,35,0.03986580652016669,0.7326368273157445,0.47197916666666667
16,2.0,aligned,mi_obs,36,0.01618246119092437,0.5529682054638417,0.47197916666666667
16,2.0,aligned,mi_obs,37,-0.00021239122382166707,0.005423978488433737,0.47197916666666667
16,2.0,aligned,mi_obs,38,-0.15620334486329931,-0.1807464637918819,0.47197916666666667
16,2.0,aligned,mi_obs,39,0.0047645887927112995,-0.2664484344615236,0.47197916666666667
16,2.0,aligned,mi_obs,40,0.011600126986364812,0.8496717331665712,0.47197916666666667
16,2.0,aligned,mi_obs,41,0.009218482075013357,0.4810193081796219,0.47197916666666667
16,2.0,aligned,mi_obs,42,-0.020712295581267415,-0.3938158070298241,0.47197916666666667
16,2.0,aligned,mi_obs,43,-0.028070140222548834,-0.7911748611651784,0.47197916666666667
16,2.0,aligned,mi_obs,44,-0.005219270400606657,0.4522911413238926,0.47197916666666667
16,2.0,aligned,mi_obs,45,0.016473628682024545,-0.02204899444415647,0.47197916666666667
16,2.0,aligned,mi_obs,46,-0.12302707964574278,-0.14235623010158477,0.47197916666666667
16,2.0,aligned,mi_obs,47,-0.052680616578343234,0.019571453346657226,0.47197916666666667
16,2.0,aligned,mi_obs,48,0.05335743664063917,-0.012716172508106069,0.47197916666666667
16,2.0,aligned,mi_obs,49,0.10076171440163723,-0.00023729574344227462,0.47197916666666667
16,2.0,aligned,mi_obs,50,-0.08793852685784709,-0.7053635465377608,0.47197916666666667
16,2.0,aligned,mi_obs,51,-0.05569818920052236,-0.07859699988163457,0.47197916666666667
16,2.0,aligned,mi_obs,52,0.00629475964550863,-0.7698132860921356,0.47197916666666667
16,2.0,aligned,mi_obs,53,0.008686163563389693,0.6275409959842524,0.47197916666666667
16,2.0,aligned,mi_obs,54,-0.027281985676291032,0.3357933263391934,0.47197916666666667
16,2.0,aligned,mi_obs,55,0.012054533505336725,0.00883089946266114,0.47197916666666667
16,2.0,aligned,mi_obs,56,0.07226722845936934,0.441843385044883,0.47197916666666667
16,2.0,aligned,mi_obs,57,-0.057260746039759336,-0.35828258994559115,0.47197916666666667
16,2.0,aligned,mi_obs,58,-0.03628833168424661,-0.7124804358024649,0.47197916666666667
16,2.0,aligned,mi_obs,59,-0.015453689519405733,0.34774704717428867,0.47197916666666667
16,2.0,aligned,mi_obs,60,-0.033545381111426686,-0.8124622223248725,0.47197916666666667
16,2.0,aligned,mi_obs,61,0.003182922965908941,-0.6102092002610682,0.47197916666666667
16,2.0,aligned,mi_obs,62,-0.01869941537345304,-0.014631122393342907,0.47197916666666667
16,2.0,aligned,mi_obs,63,0.010033370919428464,0.4969366514618504,0.47197916666666667
16,2.0,aligned,mi_obs,64,-0.004456785315635054,0.0062834129934817885,0.47197916666666667
16,2.0,aligned,mi_obs,65,0.019439441684679946,0.005723017527777622,0.47197916666666667
16,2.0,aligned,mi_class,0,0.004199912338310343,-0.01911562274456012,0.47197916666666667
16,2.0,aligned,mi_class,1,-0.03889712791712968,0.42102152308933716,0.47197916666666667
16,2.0,aligned,mi_class,2,0.025185796790759607,-0.7704044152997724,0.47197916666666667
16,2.0,aligned,mi_class,3,-0.21955160499530565,0.22930872164178037,0.47197916666666667
16,2.0,aligned,mi_class,4,-0.004267089044486373,0.013228809221156811,0.47197916666666667
16,2.0,aligned,mi_class,5,0.1572623720047409,-0.7253567916864766,0.47197916666666667
16,2.0,aligned,mi_class,6,0.020019208806371813,0.20745547111271373,0.47197916666666667
16,2.0,aligned,mi_class,7,-0.40354230476521136,0.7792687866954625,0.47197916666666667
16,2.0,aligned,mi_class,8,0.001855950540142537,-0.8847293696023891,0.47197916666666667
16,2.0,aligned,mi_class,9,-0.019500045661082654,-0.288516311244422,0.47197916666666667
16,2.0,aligned,mi_class,10,0.001257926797496648,-0.003240426427871121,0.47197916666666667
16,2.0,aligned,mi_class,11,-0.01565988460037413,-0.009410537443136855,0.47197916666666667
16,2.0,aligned,mi_class,12,0.0005026986571616612,0.013914467962794495,0.47197916666666667
16,2.0,aligned,mi_class,13,0.04232070211049112,-0.00546669151965954,0.47197916666666667
16,2.0,aligned,mi_class,14,-0.00964254017097355,0.007027202069109781,0.47197916666666667
16,2.0,aligned,mi_class,15,-0.010400963305793143,0.014958061545198817,0.47197916666666667
16,2.0,aligned,mi_class,16,0.0017129943486969708,-0.00375889808223677,0.47197916666666667
16,2.0,aligned,mi_class,17,-0.013953914837209827,-0.014288992144188585,0.47197916666666667
16,2.0,aligned,mi_class,18,-0.0016203411565138305,0.012454742630582097,0.47197916666666667
16,2.0,aligned,mi_class,19,-0.004970872818513736,0.005673247828697709,0.47197916666666667
16,2.0,aligned,mi_class,20,-0.00044789882924748184,-0.008234629105542901,0.47197916666666667
16,2.0,aligned,mi_class,21,0.02531914241462052,-0.42710185753749563,0.47197916666666667
16,2.0,aligned,mi_class,22,-0.2900913527889578,0.5060476740569735,0.47197916666666667
16,2.0,aligned,mi_class,23,-0.03037947182450089,-0.0006940418494799551,0.47197916666666667
16,2.0,aligned,mi_class,24,0.18865809132257033,-0.5959850365699253,0.47197916666666667
16,2.0,aligned,mi_class,25,-0.04417721930804269,0.3189122110172096,0.47197916666666667
16,2.0,aligned,mi_class,26,-0.22726072544928946,0.47105851921634867,0.47197916666666667
16,2.0,aligned,mi_class,27,-0.008914889197232767,-0.38501884384601176,0.47197916666666667
16,2.0,aligned,mi_class,28,0.005381131726514887,-0.6366990775959253,0.47197916666666667
16,2.0,aligned,mi_class,29,-0.000563923983303085,0.00030806293618728964,0.47197916666666667
16,2.0,aligned,mi_class,30,0.14527943418295908,-0.43571357983447545,0.47197916666666667
16,2.0,aligned,mi_class,31,0.006425899140842608,-0.011407129985545064,0.47197916666666667
16,2.0,aligned,mi_class,32,-0.17860042737210702,0.6928961470390358,0.47197916666666667
16,2.0,aligned,mi_class,33,-0.004335234666469678,-0.4879920459484584,0.47197916666666667
16,2.0,aligned,mi_class,34,0.30092609938353077,-0.9008827964701159,0.47197916666666667
16,2.0,aligned,mi_class,35,0.02070385336176339,0.7326368273157445,0.47197916666666667
16,2.0,aligned,mi_class,36,-0.0049783019385363225,0.5529682054638417,0.47197916666666667
16,2.0,aligned,mi_class,37,-9.138091590560251e-05,0.005423978488433737,0.47197916666666667
16,2.0,aligned,mi_class,38,0.058079092663056275,-0.1807464637918819,0.47197916666666667
16,2.0,aligned,mi_class,39,0.06718822581969455,-0.2664484344615236,0.47197916666666667
16,2.0,aligned,mi_class,40,-0.3293555859834857,0.8496717331665712,0.47197916666666667
16,2.0,aligned,mi_class,41,0.04799267632967252,0.4810193081796219,0.47197916666666667
16,2.0,aligned,mi_class,42,0.18932574581237246,-0.3938158070298241,0.47197916666666667
16,2.0,aligned,mi_class,43,0.3327507014668487,-0.7911748611651784,0.47197916666666667
16,2.0,aligned,mi_class,44,-0.26869299163992144,0.4522911413238926,0.47197916666666667
16,2.0,aligned,mi_class,45,0.0035137949141565462,-0.02204899444415647,0.47197916666666667
16,2.0,aligned,mi_class,46,0.014971214148561757,-0.14235623010158477,0.47197916666666667
16,2.0,aligned,mi_class,47,-0.007088890149244614,0.019571453346657226,0.47197916666666667
16,2.0,aligned,mi_class,48,0.004124767235773513,-0.012716172508106069,0.47197916666666667
16,2.0,aligned,mi_class,49,0.005754130458978961,-0.00023729574344227462,0.47197916666666667
16,2.0,aligned,mi_class,50,0.18182259852886995,-0.7053635465377608,0.47197916666666667
16,2.0,aligned,mi_class,51,-0.0052034392158957915,-0.07859699988163457,0.47197916666666667
16,2.0,aligned,mi_class,52,0.15595869102369242,-0.7698132860921356,0.47197916666666667
16,2.0,aligned,mi_class,53,-0.15514378380371696,0.6275409959842524,0.47197916666666667
16,2.0,aligned,mi_class,54,-0.06053431125489084,0.3357933263391934,0.47197916666666667
16,2.0,aligned,mi_class,55,-0.00988310881762899,0.00883089946266114,0.47197916666666667
16,2.0,aligned,mi_class,56,-0.1213050529955898,0.441843385044883,0.47197916666666667
16,2.0,aligned,mi_class,57,0.007537983433456352,-0.35828258994559115,0.47197916666666667
16,2.0,aligned,mi_class,58,0.019320999411323814,-0.7124804358024649,0.47197916666666667
16,2.0,aligned,mi_class,59,0.002513445877878495,0.34774704717428867,0.47197916666666667
16,2.0,aligned,mi_class,60,0.3285748646969091,-0.8124622223248725,0.47197916666666667
16,2.0,aligned,mi_class,61,0.258209593774858,-0.6102092002610682,0.47197916666666667
16,2.0,aligned,mi_class,62,0.0613205623231618,-0.014631122393342907,0.47197916666666667
16,2.0,aligned,mi_class,63,6.767278277408639e-05,0.4969366514618504,0.47197916666666667
16,2.0,aligned,mi_class,64,-0.001337687208000456,0.0062834129934817885,0.47197916666666667
16,2.0,aligned,mi_class,65,0.01846773649149886,0.005723017527777622,0.47197916666666667
16,2.0,aligned,mi_site,0,0.0018062273976448343,-0.01911562274456012,0.47197916666666667
16,2.0,aligned,mi_site,1,-0.06591161671672802,0.42102152308933716,0.47197916666666667
16,2.0,aligned,mi_site,2,0.1817985349043404,-0.7704044152997724,0.47197916666666667
16,2.0,aligned,mi_site,3,-0.018234522803045577,0.22930872164178037,0.47197916666666667
16,2.0,aligned,mi_site,4,-0.026615816811112403,0.013228809221156811,0.47197916666666667
16,2.0,aligned,mi_site,5,0.025041869049709287,-0.7253567916864766,0.47197916666666667
16,2.0,aligned,mi_site,6,0.002907838457200579,0.20745547111271373,0.47197916666666667
16,2.0,aligned,mi_site,7,-0.042663422164699094,0.7792687866954625,0.47197916666666667
16,2.0,aligned,mi_site,8,0.18240946780881284,-0.8847293696023891,0.47197916666666667
16,2.0,aligned,mi_site,9,0.2576291289973564,-0.288516311244422,0.47197916666666667
16,2.0,aligned,mi_site,10,0.002908015141194529,-0.003240426427871121,0.47197916666666667
16,2.0,aligned,mi_site,11,0.006952769811803658,-0.009410537443136855,0.47197916666666667
16,2.0,aligned,mi_site,12,-0.00951854239503178,0.013914467962794495,0.47197916666666667
16,2.0,aligned,mi_site,13,-0.005308150264149186,-0.00546669151965954,0.47197916666666667
16,2.0,aligned,mi_site,14,0.006862062461772163,0.007027202069109781,0.47197916666666667
16,2.0,aligned,mi_site,15,-0.004244773582789286,0.014958061545198817,0.47197916666666667
16,2.0,aligned,mi_site,16,-0.019180020523685594,-0.00375889808223677,0.47197916666666667
16,2.0,aligned,mi_site,17,-0.0039995356011681,-0.014288992144188585,0.47197916666666667
16,2.0,aligned,mi_site,18,-0.022734140779919657,0.012454742630582097,0.47197916666666667
16,2.0,aligned,mi_site,19,0.016059847158441762,0.005673247828697709,0.47197916666666667
16,2.0,aligned,mi_site,20,-0.007333036905159436,-0.008234629105542901,0.47197916666666667
16,2.0,aligned,mi_site,21,0.04186323312938206,-0.42710185753749563,0.47197916666666667
16,2.0,aligned,mi_site,22,0.005808119205414353,0.5060476740569735,0.47197916666666667
16,2.0,aligned,mi_site,23,-0.037408982822852356,-0.0006940418494799551,0.47197916666666667
16,2.0,aligned,mi_site,24,-0.029144539326842356,-0.5959850365699253,0.47197916666666667
16,2.0,aligned,mi_site,25,0.036353090881131755,0.3189122110172096,0.47197916666666667
16,2.0,aligned,mi_site,26,0.0003468072763171959,0.47105851921634867,0.47197916666666667
16,2.0,aligned,mi_site,27,0.03937354710894553,-0.38501884384601176,0.47197916666666667
16,2.0,aligned,mi_site,28,0.5622465953623889,-0.6366990775959253,0.47197916666666667
16,2.0,aligned,mi_site,29,0.0027797688863326537,0.00030806293618728964,0.47197916666666667
16,2.0,aligned,mi_site,30,0.06933364004929793,-0.43571357983447545,0.47197916666666667
16,2.0,aligned,mi_site,31,0.03367435340906366,-0.011407129985545064,0.47197916666666667
16,2.0,aligned,mi_site,32,-0.09190065301660666,0.6928961470390358,0.47197916666666667
16,2.0,aligned,mi_site,33,0.03457241396200594,-0.4879920459484584,0.47197916666666667
16,2.0,aligned,mi_site,34,0.10140321137706643,-0.9008827964701159,0.47197916666666667
16,2.0,aligned,mi_site,35,-0.17705044147083082,0.7326368273157445,0.47197916666666667
16,2.0,aligned,mi_site,36,-0.49023042566469066,0.5529682054638417,0.47197916666666667
16,2.0,aligned,mi_site,37,0.0183112986996035,0.005423978488433737,0.47197916666666667
16,2.0,aligned,mi_site,38,-0.10429723846545638,-0.1807464637918819,0.47197916666666667
16,2.0,aligned,mi_site,39,-0.013970838708768973,-0.2664484344615236,0.47197916666666667
16,2.0,aligned,mi_site,40,-0.0033164734123787287,0.8496717331665712,0.47197916666666667
16,2.0,aligned,mi_site,41,0.0029404073430457367,0.4810193081796219,0.47197916666666667
16,2.0,aligned,mi_site,42,0.05817239655180362,-0.3938158070298241,0.47197916666666667
16,2.0,aligned,mi_site,43,0.6855363897067,-0.7911748611651784,0.47197916666666667
16,2.0,aligned,mi_site,44,-0.007859198079428587,0.4522911413238926,0.47197916666666667
16,2.0,aligned,mi_site,45,0.014237286376725935,-0.02204899444415647,0.47197916666666667
16,2.0,aligned,mi_site,46,-0.084201733392826,-0.14235623010158477,0.47197916666666667
16,2.0,aligned,mi_site,47,-0.025984930423320812,0.019571453346657226,0.47197916666666667
16,2.0,aligned,mi_site,48,0.03164909565629212,-0.012716172508106069,0.47197916666666667
16,2.0,aligned,mi_site,49,-0.025316824329380674,-0.00023729574344227462,0.47197916666666667
16,2.0,aligned,mi_site,50,-0.036030836935045496,-0.7053635465377608,0.47197916666666667
16,2.0,aligned,mi_site,51,-0.060312558660860716,-0.07859699988163457,0.47197916666666667
16,2.0,aligned,mi_site,52,-0.013151013109945486,-0.7698132860921356,0.47197916666666667
16,2.0,aligned,mi_site,53,-0.04859977001046256,0.6275409959842524,0.47197916666666667
16,2.0,aligned,mi_site,54,-0.29651363040885836,0.3357933263391934,0.47197916666666667
16,2.0,aligned,mi_site,55,-0.002481215028759514,0.00883089946266114,0.47197916666666667
16,2.0,aligned,mi_site,56,0.050572191321643756,0.441843385044883,0.47197916666666667
16,2.0,aligned,mi_site,57,0.03028164633587177,-0.35828258994559115,0.47197916666666667
16,2.0,aligned,mi_site,58,0.6132264356771747,-0.7124804358024649,0.47197916666666667
16,2.0,aligned,mi_site,59,-0.0026077225001047144,0.34774704717428867,0.47197916666666667
16,2.0,aligned,mi_site,60,0.0833427327056393,-0.8124622223248725,0.47197916666666667
16,2.0,aligned,mi_site,61,0.5305526492282255,-0.6102092002610682,0.47197916666666667
16,2.0,aligned,mi_site,62,-0.010852853355919283,-0.014631122393342907,0.47197916666666667
16,2.0,aligned,mi_site,63,-0.9549269520020894,0.4969366514618504,0.47197916666666667
16,2.0,aligned,mi_site,64,-0.003377110409411541,0.0062834129934817885,0.47197916666666667
16,2.0,aligned,mi_site,65,0.006732023008967792,0.005723017527777622,0.47197916666666667
16,2.0,closed,available,0,0.010870732024491955,-0.01911562274456012,0.47197916666666667
16,2.0,closed,available,1,-0.013507845692643905,0.42102152308933716,0.47197916666666667
16,2.0,closed,available,2,-0.005481740659359136,-0.7704044152997724,0.47197916666666667
16,2.0,closed,available,3,-0.010374282317930361,0.22930872164178037,0.47197916666666667
16,2.0,closed,available,4,-0.006161185593401059,0.013228809221156811,0.47197916666666667
16,2.0,closed,available,5,0.006031108273334196,-0.7253567916864766,0.47197916666666667
16,2.0,closed,available,6,-0.0033516685965679915,0.20745547111271373,0.47197916666666667
16,2.0,closed,available,7,-0.0020830310805747265,0.7792687866954625,0.47197916666666667
16,2.0,closed,available,8,0.000958481196569938,-0.8847293696023891,0.47197916666666667
16,2.0,closed,available,9,0.002437066839281521,-0.288516311244422,0.47197916666666667
16,2.0,closed,available,10,0.0060926116619607305,-0.003240426427871121,0.47197916666666667
16,2.0,closed,available,11,0.014985935838137614,-0.009410537443136855,0.47197916666666667
16,2.0,closed,available,12,0.025429873774125304,0.013914467962794495,0.47197916666666667
16,2.0,closed,available,13,0.0043984592582738055,-0.00546669151965954,0.47197916666666667
16,2.0,closed,available,14,0.0012674298755076972,0.007027202069109781,0.47197916666666667
16,2.0,closed,available,15,-0.018291932184386028,0.014958061545198817,0.47197916666666667
16,2.0,closed,available,16,-0.007761895351797972,-0.00375889808223677,0.47197916666666667
16,2.0,closed,available,17,0.01251440339896084,-0.014288992144188585,0.47197916666666667
16,2.0,closed,available,18,-0.026156207101533026,0.012454742630582097,0.47197916666666667
16,2.0,closed,available,19,-0.0025677204502796147,0.005673247828697709,0.47197916666666667
16,2.0,closed,available,20,0.00016780065972864418,-0.008234629105542901,0.47197916666666667
16,2.0,closed,available,21,0.00468883014179261,-0.42710185753749563,0.47197916666666667
16,2.0,closed,available,22,-0.007703790197195248,0.5060476740569735,0.47197916666666667
16,2.0,closed,available,23,-0.00046615741668409644,-0.0006940418494799551,0.47197916666666667
16,2.0,closed,available,24,-0.00045361683277300724,-0.5959850365699253,0.47197916666666667
16,2.0,closed,available,25,0.006644103961096159,0.3189122110172096,0.47197916666666667
16,2.0,closed,available,26,0.006888358276630702,0.47105851921634867,0.47197916666666667
16,2.0,closed,available,27,0.004715730835532561,-0.38501884384601176,0.47197916666666667
16,2.0,closed,available,28,-0.005299332926813172,-0.6366990775959253,0.47197916666666667
16,2.0,closed,available,29,0.006319803925099975,0.00030806293618728964,0.47197916666666667
16,2.0,closed,available,30,0.032473022803113594,-0.43571357983447545,0.47197916666666667
16,2.0,closed,available,31,-0.014257669105808016,-0.011407129985545064,0.47197916666666667
16,2.0,closed,available,32,0.006034412542301748,0.6928961470390358,0.47197916666666667
16,2.0,closed,available,33,0.022846442305291592,-0.4879920459484584,0.47197916666666667
16,2.0,closed,available,34,-0.002219826934635627,-0.9008827964701159,0.47197916666666667
16,2.0,closed,available,35,0.003260313310861518,0.7326368273157445,0.47197916666666667
16,2.0,closed,available,36,-0.012358038687883321,0.5529682054638417,0.47197916666666667
16,2.0,closed,available,37,0.0006100994229315555,0.005423978488433737,0.47197916666666667
16,2.0,closed,available,38,-0.015593751598252131,-0.1807464637918819,0.47197916666666667
16,2.0,closed,available,39,-0.004041157118394922,-0.2664484344615236,0.47197916666666667
16,2.0,closed,available,40,-0.0006457889625686164,0.8496717331665712,0.47197916666666667
16,2.0,closed,available,41,-0.0030663055113755444,0.4810193081796219,0.47197916666666667
16,2.0,closed,available,42,0.011985961136306233,-0.3938158070298241,0.47197916666666667
16,2.0,closed,available,43,0.003960723904883112,-0.7911748611651784,0.47197916666666667
16,2.0,closed,available,44,0.007340125410913723,0.4522911413238926,0.47197916666666667
16,2.0,closed,available,45,0.009466612869313868,-0.02204899444415647,0.47197916666666667
16,2.0,closed,available,46,-0.006737188041292197,-0.14235623010158477,0.47197916666666667
16,2.0,closed,available,47,-0.0056826107490018565,0.019571453346657226,0.47197916666666667
16,2.0,closed,available,48,0.018340975071149276,-0.012716172508106069,0.47197916666666667
16,2.0,closed,available,49,-0.007943227864373636,-0.00023729574344227462,0.47197916666666667
16,2.0,closed,available,50,-0.008176558106090304,-0.7053635465377608,0.47197916666666667
16,2.0,closed,available,51,-0.000730368342910695,-0.07859699988163457,0.47197916666666667
16,2.0,closed,available,52,0.0028586762630232743,-0.7698132860921356,0.47197916666666667
16,2.0,closed,available,53,-0.000446366414847299,0.6275409959842524,0.47197916666666667
16,2.0,closed,available,54,-0.008886917095296043,0.3357933263391934,0.47197916666666667
16,2.0,closed,available,55,-0.01046942811135069,0.00883089946266114,0.47197916666666667
16,2.0,closed,available,56,-0.0008207557131755805,0.441843385044883,0.47197916666666667
16,2.0,closed,available,57,0.004122273008776878,-0.35828258994559115,0.47197916666666667
16,2.0,closed,available,58,0.0021907523257169714,-0.7124804358024649,0.47197916666666667
16,2.0,closed,available,59,0.002158660593313211,0.34774704717428867,0.47197916666666667
16,2.0,closed,available,60,0.0019912167767710542,-0.8124622223248725,0.47197916666666667
16,2.0,closed,available,61,0.006615115814680328,-0.6102092002610682,0.47197916666666667
16,2.0,closed,available,62,0.0008726069020624644,-0.014631122393342907,0.47197916666666667
16,2.0,closed,available,63,-0.009486366459873719,0.4969366514618504,0.47197916666666667
16,2.0,closed,available,64,-0.003732000726478744,0.0062834129934817885,0.47197916666666667
16,2.0,closed,available,65,0.011550782655589087,0.005723017527777622,0.47197916666666667
16,2.0,closed,mi_obs,0,0.00483260082761567,-0.01911562274456012,0.47197916666666667
16,2.0,closed,mi_obs,1,-0.004780724519051371,0.42102152308933716,0.47197916666666667
16,2.0,closed,mi_obs,2,-0.0317654417166493,-0.7704044152997724,0.47197916666666667
16,2.0,closed,mi_obs,3,0.009951546024055735,0.22930872164178037,0.47197916666666667
16,2.0,closed,mi_obs,4,-0.08021490686894261,0.013228809221156811,0.47197916666666667
16,2.0,closed,mi_obs,5,-0.024260394928249163,-0.7253567916864766,0.47197916666666667
16,2.0,closed,mi_obs,6,0.04415275709178246,0.20745547111271373,0.47197916666666667
16,2.0,closed,mi_obs,7,0.03842592929616084,0.7792687866954625,0.47197916666666667
16,2.0,closed,mi_obs,8,-0.025395337055885037,-0.8847293696023891,0.47197916666666667
16,2.0,closed,mi_obs,9,-0.005036854218391951,-0.288516311244422,0.47197916666666667
16,2.0,closed,mi_obs,10,0.007275570260176929,-0.003240426427871121,0.47197916666666667
16,2.0,closed,mi_obs,11,-0.016683937567894984,-0.009410537443136855,0.47197916666666667
16,2.0,closed,mi_obs,12,0.055499763247300646,0.013914467962794495,0.47197916666666667
16,2.0,closed,mi_obs,13,-0.0018792014145097092,-0.00546669151965954,0.47197916666666667
16,2.0,closed,mi_obs,14,0.00970355761854384,0.007027202069109781,0.47197916666666667
16,2.0,closed,mi_obs,15,-0.018744904561042303,0.014958061545198817,0.47197916666666667
16,2.0,closed,mi_obs,16,0.002810128601214552,-0.00375889808223677,0.47197916666666667
16,2.0,closed,mi_obs,17,0.012583251545184021,-0.014288992144188585,0.47197916666666667
16,2.0,closed,mi_obs,18,-0.007311828563476813,0.012454742630582097,0.47197916666666667
16,2.0,closed,mi_obs,19,-0.001648213979172193,0.005673247828697709,0.47197916666666667
16,2.0,closed,mi_obs,20,-0.0013735735681291144,-0.008234629105542901,0.47197916666666667
16,2.0,closed,mi_obs,21,-0.0040617378093345535,-0.42710185753749563,0.47197916666666667
16,2.0,closed,mi_obs,22,0.04647940970582176,0.5060476740569735,0.47197916666666667
16,2.0,closed,mi_obs,23,-0.06668794200340988,-0.0006940418494799551,0.47197916666666667
16,2.0,closed,mi_obs,24,-0.03754750227544701,-0.5959850365699253,0.47197916666666667
16,2.0,closed,mi_obs,25,0.06775008715214692,0.3189122110172096,0.47197916666666667
16,2.0,closed,mi_obs,26,-1.9017033702162234e-05,0.47105851921634867,0.47197916666666667
16,2.0,closed,mi_obs,27,-0.00990170225284992,-0.38501884384601176,0.47197916666666667
16,2.0,closed,mi_obs,28,-0.035282015525612165,-0.6366990775959253,0.47197916666666667
16,2.0,closed,mi_obs,29,-0.0021733211018468324,0.00030806293618728964,0.47197916666666667
16,2.0,closed,mi_obs,30,-0.008251773579646071,-0.43571357983447545,0.47197916666666667
16,2.0,closed,mi_obs,31,0.07183665487535312,-0.011407129985545064,0.47197916666666667
16,2.0,closed,mi_obs,32,-0.013359116939490212,0.6928961470390358,0.47197916666666667
16,2.0,closed,mi_obs,33,-0.08435511448204364,-0.4879920459484584,0.47197916666666667
16,2.0,closed,mi_obs,34,-0.04476270054247611,-0.9008827964701159,0.47197916666666667
16,2.0,closed,mi_obs,35,0.031962047587503095,0.7326368273157445,0.47197916666666667
16,2.0,closed,mi_obs,36,0.012347282937861581,0.5529682054638417,0.47197916666666667
16,2.0,closed,mi_obs,37,0.015441321003629958,0.005423978488433737,0.47197916666666667
16,2.0,closed,mi_obs,38,-0.1561212912721385,-0.1807464637918819,0.47197916666666667
16,2.0,closed,mi_obs,39,0.026497155188784066,-0.2664484344615236,0.47197916666666667
16,2.0,closed,mi_obs,40,0.014210250256847745,0.8496717331665712,0.47197916666666667
16,2.0,closed,mi_obs,41,0.007517381655716415,0.4810193081796219,0.47197916666666667
16,2.0,closed,mi_obs,42,-0.01961231609487818,-0.3938158070298241,0.47197916666666667
16,2.0,closed,mi_obs,43,-0.028904999734706505,-0.7911748611651784,0.47197916666666667
16,2.0,closed,mi_obs,44,-0.015710274760956544,0.4522911413238926,0.47197916666666667
16,2.0,closed,mi_obs,45,0.03272646887947218,-0.02204899444415647,0.47197916666666667
16,2.0,closed,mi_obs,46,-0.1307659175779407,-0.14235623010158477,0.47197916666666667
16,2.0,closed,mi_obs,47,-0.0596131956653581,0.019571453346657226,0.47197916666666667
16,2.0,closed,mi_obs,48,0.0453909981318104,-0.012716172508106069,0.47197916666666667
16,2.0,closed,mi_obs,49,0.09057892121801858,-0.00023729574344227462,0.47197916666666667
16,2.0,closed,mi_obs,50,-0.09149183386341986,-0.7053635465377608,0.47197916666666667
16,2.0,closed,mi_obs,51,-0.03057682190709124,-0.07859699988163457,0.47197916666666667
16,2.0,closed,mi_obs,52,0.022174862293394937,-0.7698132860921356,0.47197916666666667
16,2.0,closed,mi_obs,53,-0.013583019890196835,0.6275409959842524,0.47197916666666667
16,2.0,closed,mi_obs,54,-0.055405224392769736,0.3357933263391934,0.47197916666666667
16,2.0,closed,mi_obs,55,0.003014975301414872,0.00883089946266114,0.47197916666666667
16,2.0,closed,mi_obs,56,0.06434149974349407,0.441843385044883,0.47197916666666667
16,2.0,closed,mi_obs,57,-0.05227150339043979,-0.35828258994559115,0.47197916666666667
16,2.0,closed,mi_obs,58,-0.04418679367352818,-0.7124804358024649,0.47197916666666667
16,2.0,closed,mi_obs,59,-0.017744163712880012,0.34774704717428867,0.47197916666666667
16,2.0,closed,mi_obs,60,-0.033002566762798335,-0.8124622223248725,0.47197916666666667
16,2.0,closed,mi_obs,61,0.00208086628051396,-0.6102092002610682,0.47197916666666667
16,2.0,closed,mi_obs,62,-0.02253771493875725,-0.014631122393342907,0.47197916666666667
16,2.0,closed,mi_obs,63,0.010086688264109966,0.4969366514618504,0.47197916666666667
16,2.0,closed,mi_obs,64,0.010535380952512677,0.0062834129934817885,0.47197916666666667
16,2.0,closed,mi_obs,65,0.030934837029640623,0.005723017527777622,0.47197916666666667
16,2.0,closed,mi_class,0,0.009566329625461781,-0.01911562274456012,0.47197916666666667
16,2.0,closed,mi_class,1,-0.04558539719192112,0.42102152308933716,0.47197916666666667
16,2.0,closed,mi_class,2,-0.032069501890449326,-0.7704044152997724,0.47197916666666667
16,2.0,closed,mi_class,3,-0.12881715281809955,0.22930872164178037,0.47197916666666667
16,2.0,closed,mi_class,4,-0.012293991619585203,0.013228809221156811,0.47197916666666667
16,2.0,closed,mi_class,5,0.1659400349735941,-0.7253567916864766,0.47197916666666667
16,2.0,closed,mi_class,6,-0.08960334525796558,0.20745547111271373,0.47197916666666667
16,2.0,closed,mi_class,7,-0.2493094072283526,0.7792687866954625,0.47197916666666667
16,2.0,closed,mi_class,8,0.01781488211425286,-0.8847293696023891,0.47197916666666667
16,2.0,closed,mi_class,9,-0.0009586098962461875,-0.288516311244422,0.47197916666666667
16,2.0,closed,mi_class,10,6.705030029029993e-05,-0.003240426427871121,0.47197916666666667
16,2.0,closed,mi_class,11,0.0023257464840352182,-0.009410537443136855,0.47197916666666667
16,2.0,closed,mi_class,12,0.014130503830142924,0.013914467962794495,0.47197916666666667
16,2.0,closed,mi_class,13,-0.015439015601909516,-0.00546669151965954,0.47197916666666667
16,2.0,closed,mi_class,14,-0.00019938868074137472,0.007027202069109781,0.47197916666666667
16,2.0,closed,mi_class,15,-0.018510831040658475,0.014958061545198817,0.47197916666666667
16,2.0,closed,mi_class,16,-0.005348671710994788,-0.00375889808223677,0.47197916666666667
16,2.0,closed,mi_class,17,0.013399066757357605,-0.014288992144188585,0.47197916666666667
16,2.0,closed,mi_class,18,-0.01699287778179541,0.012454742630582097,0.47197916666666667
16,2.0,closed,mi_class,19,-0.0034527062604143227,0.005673247828697709,0.47197916666666667
16,2.0,closed,mi_class,20,-0.014097871017680199,-0.008234629105542901,0.47197916666666667
16,2.0,closed,mi_class,21,-0.036923778777286975,-0.42710185753749563,0.47197916666666667
16,2.0,closed,mi_class,22,-0.1866145026791119,0.5060476740569735,0.47197916666666667
16,2.0,closed,mi_class,23,0.058037430551915875,-0.0006940418494799551,0.47197916666666667
16,2.0,closed,mi_class,24,0.11723602941433947,-0.5959850365699253,0.47197916666666667
16,2.0,closed,mi_class,25,-0.11844759387561626,0.3189122110172096,0.47197916666666667
16,2.0,closed,mi_class,26,-0.05227360393286978,0.47105851921634867,0.47197916666666667
16,2.0,closed,mi_class,27,0.027112710134971685,-0.38501884384601176,0.47197916666666667
16,2.0,closed,mi_class,28,-0.014326950405630257,-0.6366990775959253,0.47197916666666667
16,2.0,closed,mi_class,29,-0.009326157290380192,0.00030806293618728964,0.47197916666666667
16,2.0,closed,mi_class,30,0.17248860293021773,-0.43571357983447545,0.47197916666666667
16,2.0,closed,mi_class,31,-0.008975835769419956,-0.011407129985545064,0.47197916666666667
16,2.0,closed,mi_class,32,-0.13040946778681917,0.6928961470390358,0.47197916666666667
16,2.0,closed,mi_class,33,0.08393361756661205,-0.4879920459484584,0.47197916666666667
16,2.0,closed,mi_class,34,0.23226516442609935,-0.9008827964701159,0.47197916666666667
16,2.0,closed,mi_class,35,0.02877234126925765,0.7326368273157445,0.47197916666666667
16,2.0,closed,mi_class,36,0.0052661428132195764,0.5529682054638417,0.47197916666666667
16,2.0,closed,mi_class,37,0.0017282371801534404,0.005423978488433737,0.47197916666666667
16,2.0,closed,mi_class,38,0.013752543407339418,-0.1807464637918819,0.47197916666666667
16,2.0,closed,mi_class,39,0.032861191770645753,-0.2664484344615236,0.47197916666666667
16,2.0,closed,mi_class,40,-0.28162528785610796,0.8496717331665712,0.47197916666666667
16,2.0,closed,mi_class,41,-0.05798723585655502,0.4810193081796219,0.47197916666666667
16,2.0,closed,mi_class,42,0.1347550912886531,-0.3938158070298241,0.47197916666666667
16,2.0,closed,mi_class,43,0.2653615868307456,-0.7911748611651784,0.47197916666666667
16,2.0,closed,mi_class,44,-0.08540303819182193,0.4522911413238926,0.47197916666666667
16,2.0,closed,mi_class,45,0.009423188700620215,-0.02204899444415647,0.47197916666666667
16,2.0,closed,mi_class,46,0.022064931435417934,-0.14235623010158477,0.47197916666666667
16,2.0,closed,mi_class,47,-0.0004957600318117976,0.019571453346657226,0.47197916666666667
16,2.0,closed,mi_class,48,-0.0013082011859831336,-0.012716172508106069,0.47197916666666667
16,2.0,closed,mi_class,49,-0.0038712987189008044,-0.00023729574344227462,0.47197916666666667
16,2.0,closed,mi_class,50,0.1485600428018038,-0.7053635465377608,0.47197916666666667
16,2.0,closed,mi_class,51,0.015768924464305265,-0.07859699988163457,0.47197916666666667
16,2.0,closed,mi_class,52,0.03773128220167943,-0.7698132860921356,0.47197916666666667
16,2.0,closed,mi_class,53,-0.15331218103868344,0.6275409959842524,0.47197916666666667
16,2.0,closed,mi_class,54,-0.07398365409460056,0.3357933263391934,0.47197916666666667
16,2.0,closed,mi_class,55,-0.008006573308717742,0.00883089946266114,0.47197916666666667
16,2.0,closed,mi_class,56,-0.10997038977536439,0.441843385044883,0.47197916666666667
16,2.0,closed,mi_class,57,0.1441928825015524,-0.35828258994559115,0.47197916666666667
16,2.0,closed,mi_class,58,0.2665947481968108,-0.7124804358024649,0.47197916666666667
16,2.0,closed,mi_class,59,-0.10040795002590638,0.34774704717428867,0.47197916666666667
16,2.0,closed,mi_class,60,0.22837865557745485,-0.8124622223248725,0.47197916666666667
16,2.0,closed,mi_class,61,0.1188605040713197,-0.6102092002610682,0.47197916666666667
16,2.0,closed,mi_class,62,-0.0005064165743182761,-0.014631122393342907,0.47197916666666667
16,2.0,closed,mi_class,63,-0.004151235269252651,0.4969366514618504,0.47197916666666667
16,2.0,closed,mi_class,64,-0.006776164154909511,0.0062834129934817885,0.47197916666666667
16,2.0,closed,mi_class,65,-0.005505705052954367,0.005723017527777622,0.47197916666666667
16,2.0,closed,mi_site,0,0.008208019456968448,-0.01911562274456012,0.47197916666666667
16,2.0,closed,mi_site,1,0.002761270423567719,0.42102152308933716,0.47197916666666667
16,2.0,closed,mi_site,2,-0.030628696566971092,-0.7704044152997724,0.47197916666666667
16,2.0,closed,mi_site,3,0.00800666708750597,0.22930872164178037,0.47197916666666667
16,2.0,closed,mi_site,4,-0.048870201078842275,0.013228809221156811,0.47197916666666667
16,2.0,closed,mi_site,5,-0.019712356400639064,-0.7253567916864766,0.47197916666666667
16,2.0,closed,mi_site,6,0.03454293941532047,0.20745547111271373,0.47197916666666667
16,2.0,closed,mi_site,7,0.03410366412224641,0.7792687866954625,0.47197916666666667
16,2.0,closed,mi_site,8,-0.02098269462713853,-0.8847293696023891,0.47197916666666667
16,2.0,closed,mi_site,9,-0.010685975050092167,-0.288516311244422,0.47197916666666667
16,2.0,closed,mi_site,10,0.004863046607007305,-0.003240426427871121,0.47197916666666667
16,2.0,closed,mi_site,11,-0.007668138755778696,-0.009410537443136855,0.47197916666666667
16,2.0,closed,mi_site,12,0.03994434054168603,0.013914467962794495,0.47197916666666667
16,2.0,closed,mi_site,13,-0.0005984053592881615,-0.00546669151965954,0.47197916666666667
16,2.0,closed,mi_site,14,0.0020625138744526745,0.007027202069109781,0.47197916666666667
16,2.0,closed,mi_site,15,-0.02239941271020166,0.014958061545198817,0.47197916666666667
16,2.0,closed,mi_site,16,-0.012997466157529648,-0.00375889808223677,0.47197916666666667
16,2.0,closed,mi_site,17,0.01077575354142867,-0.014288992144188585,0.47197916666666667
16,2.0,closed,mi_site,18,-0.015530806401251655,0.012454742630582097,0.47197916666666667
16,2.0,closed,mi_site,19,-0.0027281517377082797,0.005673247828697709,0.47197916666666667
16,2.0,closed,mi_site,20,-0.0018943157701379887,-0.008234629105542901,0.47197916666666667
16,2.0,closed,mi_site,21,-0.017314387137495724,-0.42710185753749563,0.47197916666666667
16,2.0,closed,mi_site,22,0.04101422869137816,0.5060476740569735,0.47197916666666667
16,2.0,closed,mi_site,23,-0.04526595203831309,-0.0006940418494799551,0.47197916666666667
16,2.0,closed,mi_site,24,-0.029270391726199052,-0.5959850365699253,0.47197916666666667
16,2.0,closed,mi_site,25,0.060966924150811785,0.3189122110172096,0.47197916666666667
16,2.0,closed,mi_site,26,0.007031210830748591,0.47105851921634867,0.47197916666666667
16,2.0,closed,mi_site,27,-0.016932608275526784,-0.38501884384601176,0.47197916666666667
16,2.0,closed,mi_site,28,-0.03756468483028397,-0.6366990775959253,0.47197916666666667
16,2.0,closed,mi_site,29,0.005748965027428972,0.00030806293618728964,0.47197916666666667
16,2.0,closed,mi_site,30,0.0027476607538382547,-0.43571357983447545,0.47197916666666667
16,2.0,closed,mi_site,31,0.03866250260310185,-0.011407129985545064,0.47197916666666667
16,2.0,closed,mi_site,32,-0.01269075080558546,0.6928961470390358,0.47197916666666667
16,2.0,closed,mi_site,33,-0.05991344646362845,-0.4879920459484584,0.47197916666666667
16,2.0,closed,mi_site,34,-0.03335731014457333,-0.9008827964701159,0.47197916666666667
16,2.0,closed,mi_site,35,0.032914176150840246,0.7326368273157445,0.47197916666666667
16,2.0,closed,mi_site,36,0.011066891929668254,0.5529682054638417,0.47197916666666667
16,2.0,closed,mi_site,37,0.015710345466654445,0.005423978488433737,0.47197916666666667
16,2.0,closed,mi_site,38,-0.12202879616936965,-0.1807464637918819,0.47197916666666667
16,2.0,closed,mi_site,39,0.017242331238201736,-0.2664484344615236,0.47197916666666667
16,2.0,closed,mi_site,40,0.0060641929557727625,0.8496717331665712,0.47197916666666667
16,2.0,closed,mi_site,41,0.004349435748068176,0.4810193081796219,0.47197916666666667
16,2.0,closed,mi_site,42,-0.01070284542207639,-0.3938158070298241,0.47197916666666667
16,2.0,closed,mi_site,43,-0.025215201787416874,-0.7911748611651784,0.47197916666666667
16,2.0,closed,mi_site,44,-0.01581161174263035,0.4522911413238926,0.47197916666666667
16,2.0,closed,mi_site,45,0.020751077931655513,-0.02204899444415647,0.47197916666666667
16,2.0,closed,mi_site,46,-0.09232707342922605,-0.14235623010158477,0.47197916666666667
16,2.0,closed,mi_site,47,-0.025868472653164387,0.019571453346657226,0.47197916666666667
16,2.0,closed,mi_site,48,0.02812463360043481,-0.012716172508106069,0.47197916666666667
16,2.0,closed,mi_site,49,0.04995184915774794,-0.00023729574344227462,0.47197916666666667
16,2.0,closed,mi_site,50,-0.08807356195267368,-0.7053635465377608,0.47197916666666667
16,2.0,closed,mi_site,51,-0.02438844764686736,-0.07859699988163457,0.47197916666666667
16,2.0,closed,mi_site,52,0.020719114143103567,-0.7698132860921356,0.47197916666666667
16,2.0,closed,mi_site,53,-0.01646081769603913,0.6275409959842524,0.47197916666666667
16,2.0,closed,mi_site,54,-0.03571174263787569,0.3357933263391934,0.47197916666666667
16,2.0,closed,mi_site,55,0.0024030289588166994,0.00883089946266114,0.47197916666666667
16,2.0,closed,mi_site,56,0.05217639885742681,0.441843385044883,0.47197916666666667
16,2.0,closed,mi_site,57,-0.03900608829232027,-0.35828258994559115,0.47197916666666667
16,2.0,closed,mi_site,58,-0.03395826107517452,-0.7124804358024649,0.47197916666666667
16,2.0,closed,mi_site,59,-0.02311160946338464,0.34774704717428867,0.47197916666666667
16,2.0,closed,mi_site,60,-0.019679722701160918,-0.8124622223248725,0.47197916666666667
16,2.0,closed,mi_site,61,-0.003783096117928819,-0.6102092002610682,0.47197916666666667
16,2.0,closed,mi_site,62,-0.028178615852671566,-0.014631122393342907,0.47197916666666667
16,2.0,closed,mi_site,63,0.009269912517874568,0.4969366514618504,0.47197916666666667
16,2.0,closed,mi_site,64,0.011270240243432015,0.0062834129934817885,0.47197916666666667
16,2.0,closed,mi_site,65,0.030340232260576694,0.005723017527777622,0.47197916666666667
