rep,gamma,alignment,estimator,pair,signed_err,truth,miss_rate
14,0.0,aligned,available,0,-0.0029037624306423784,-0.010182953407999849,0.4711166666666667
14,0.0,aligned,available,1,-0.008319895829034363,-0.6346022267066558,0.4711166666666667
14,0.0,aligned,available,2,0.0007487946416774305,-0.8354890024978484,0.4711166666666667
14,0.0,aligned,available,3,0.0023935847925489195,0.9076785217523797,0.4711166666666667
14,0.0,aligned,available,4,0.01302320599706362,0.00022815714293822586,0.4711166666666667
14,0.0,aligned,available,5,5.390982231623376e-06,0.8170030773858684,0.4711166666666667
14,0.0,aligned,available,6,-0.005154395740676554,-0.8581504709569038,0.4711166666666667
14,0.0,aligned,available,7,0.0025723579378776895,0.8279937414546115,0.4711166666666667
14,0.0,aligned,available,8,0.002671670643062063,0.7444229526624094,0.4711166666666667
14,0.0,aligned,available,9,0.00264386848963698,0.0008943503284017765,0.4711166666666667
14,0.0,aligned,available,10,0.002086414610390941,0.92744348573598,0.4711166666666667
14,0.0,aligned,available,11,0.004910708626679805,-0.3041799612308091,0.4711166666666667
14,0.0,aligned,available,12,0.004140500840007734,0.011846329418111723,0.4711166666666667
14,0.0,aligned,available,13,0.008094706527813043,-0.008541755083864365,0.4711166666666667
14,0.0,aligned,available,14,0.009007501819313292,-0.0051233674717134315,0.4711166666666667
14,0.0,aligned,available,15,-0.01326191118468717,-0.00874510288987235,0.4711166666666667
14,0.0,aligned,available,16,-0.0042870787686026144,0.00862174766508611,0.4711166666666667
14,0.0,aligned,available,17,-0.0018405814765343246,-0.0015844178102970342,0.4711166666666667
14,0.0,aligned,available,18,0.0068137730728601575,0.13615390392815863,0.4711166666666667
14,0.0,aligned,available,19,0.0007678689829297969,0.0011652644899299552,0.4711166666666667
14,0.0,aligned,available,20,-0.0022889380257240105,-0.01083000210404341,0.4711166666666667
14,0.0,aligned,available,21,0.0033117168165490707,0.6193364517556541,0.4711166666666667
14,0.0,aligned,available,22,-0.0022187584109105707,-0.6500732973670513,0.4711166666666667
14,0.0,aligned,available,23,-0.004889639236962646,0.0048542952958668985,0.4711166666666667
14,0.0,aligned,available,24,0.0023606059702276916,-0.7737739044841981,0.4711166666666667
14,0.0,aligned,available,25,5.9882897398888524e-05,0.5889006003941836,0.4711166666666667
14,0.0,aligned,available,26,0.00033109428031530275,-0.5808521429143119,0.4711166666666667
14,0.0,aligned,available,27,-0.0024560799691306645,-0.7981909323730767,0.4711166666666667
14,0.0,aligned,available,28,0.0005954264099540321,0.005742447562074404,0.4711166666666667
14,0.0,aligned,available,29,-0.009343712908561286,-0.5873631331169804,0.4711166666666667
14,0.0,aligned,available,30,-0.0020833499236818653,-0.8839864676630211,0.4711166666666667
14,0.0,aligned,available,31,-0.020386773149245224,0.0059414173953160065,0.4711166666666667
14,0.0,aligned,available,32,0.007408508769312538,-0.7998011751003709,0.4711166666666667
14,0.0,aligned,available,33,-0.005803066530041923,0.6054746941876359,0.4711166666666667
14,0.0,aligned,available,34,0.00785685481054954,-0.673400579114044,0.4711166666666667
14,0.0,aligned,available,35,-0.011839353067275238,-0.8234419337093023,0.4711166666666667
14,0.0,aligned,available,36,-0.006318501113100335,0.004401883161993159,0.4711166666666667
14,0.0,aligned,available,37,-0.004340822159890734,-0.771346001764901,0.4711166666666667
14,0.0,aligned,available,38,0.004879107054553757,-0.0010508137689970037,0.4711166666666667
14,0.0,aligned,available,39,0.001438703041506173,0.8366104847229918,0.4711166666666667
14,0.0,aligned,available,40,0.00012164310330731176,-0.8404317118502938,0.4711166666666667
14,0.0,aligned,available,41,0.0006118226202662669,0.8922982894126152,0.4711166666666667
14,0.0,aligned,available,42,0.010410223468011015,0.7756034425580665,0.4711166666666667
14,0.0,aligned,available,43,0.0015972579711189022,-0.002465502958833431,0.4711166666666667
14,0.0,aligned,available,44,0.002492873741007595,0.8410509206834325,0.4711166666666667
14,0.0,aligned,available,45,-0.0007600864430150813,-0.002839230183091799,0.4711166666666667
14,0.0,aligned,available,46,-0.0034723174793430327,-0.0021827836286094937,0.4711166666666667
14,0.0,aligned,available,47,0.006148899564332622,-0.3014029713063885,0.4711166666666667
14,0.0,aligned,available,48,-0.016528549343399146,0.31683513718387013,0.4711166666666667
14,0.0,aligned,available,49,-0.0017287928086680004,0.5849932481498139,0.4711166666666667
14,0.0,aligned,available,50,0.006787108278413223,0.29890905263893675,0.4711166666666667
14,0.0,aligned,available,51,0.0010266319145006975,-0.7547320424511179,0.4711166666666667
14,0.0,aligned,available,52,0.0049467245016036054,0.7415862344768104,0.4711166666666667
14,0.0,aligned,available,53,0.0004262187694737962,0.7884357722100385,0.4711166666666667
14,0.0,aligned,available,54,-0.002375613226257666,-0.0021407289049469916,0.4711166666666667
14,0.0,aligned,available,55,0.0008238695395028639,0.756390942431976,0.4711166666666667
14,0.0,aligned,available,56,0.00010291188208488844,-0.8867381699881066,0.4711166666666667
14,0.0,aligned,available,57,-0.0032076879246802914,-0.5995119669174012,0.4711166666666667
14,0.0,aligned,available,58,-0.004858957895697836,-0.002119516255412772,0.4711166666666667
14,0.0,aligned,available,59,-0.003762279653222733,-0.7972357649430726,0.4711166666666667
14,0.0,aligned,available,60,0.010891506350043767,0.5335113495151176,0.4711166666666667
14,0.0,aligned,available,61,0.0010577280214273954,-0.17704273011242874,0.4711166666666667
14,0.0,aligned,available,62,0.0048538975973762,0.6781858487077157,0.4711166666666667
14,0.0,aligned,available,63,0.002917333805477401,0.18631679606571547,0.4711166666666667
14,0.0,aligned,available,64,0.005452468207128525,0.7845605000910678,0.4711166666666667
14,0.0,aligned,available,65,0.0005125943356474316,0.17686411059108548,0.4711166666666667
14,0.0,aligned,mi_obs,0,0.005236366587812429,-0.010182953407999849,0.4711166666666667
14,0.0,aligned,mi_obs,1,-0.007251409029331413,-0.6346022267066558,0.4711166666666667
14,0.0,aligned,mi_obs,2,-0.014406495110703355,-0.8354890024978484,0.4711166666666667
14,0.0,aligned,mi_obs,3,-0.0007159111219477987,0.9076785217523797,0.4711166666666667
14,0.0,aligned,mi_obs,4,0.06546308271826692,0.00022815714293822586,0.4711166666666667
14,0.0,aligned,mi_obs,5,0.006985033398207885,0.8170030773858684,0.4711166666666667
14,0.0,aligned,mi_obs,6,0.011368882397719937,-0.8581504709569038,0.4711166666666667
14,0.0,aligned,mi_obs,7,-0.059181594100833124,0.8279937414546115,0.4711166666666667
14,0.0,aligned,mi_obs,8,0.009632386603211529,0.7444229526624094,0.4711166666666667
14,0.0,aligned,mi_obs,9,0.02391095325165388,0.0008943503284017765,0.4711166666666667
14,0.0,aligned,mi_obs,10,0.005494286476525834,0.92744348573598,0.4711166666666667
14,0.0,aligned,mi_obs,11,-0.07751389966817535,-0.3041799612308091,0.4711166666666667
14,0.0,aligned,mi_obs,12,-0.003402159018982614,0.011846329418111723,0.4711166666666667
14,0.0,aligned,mi_obs,13,0.005426570646262979,-0.008541755083864365,0.4711166666666667
14,0.0,aligned,mi_obs,14,-0.004767740305259776,-0.0051233674717134315,0.4711166666666667
14,0.0,aligned,mi_obs,15,-0.020396077551124082,-0.00874510288987235,0.4711166666666667
14,0.0,aligned,mi_obs,16,-0.0016784688362985935,0.00862174766508611,0.4711166666666667
14,0.0,aligned,mi_obs,17,0.0138935155948993,-0.0015844178102970342,0.4711166666666667
14,0.0,aligned,mi_obs,18,-0.003234871595089228,0.13615390392815863,0.4711166666666667
14,0.0,aligned,mi_obs,19,-0.003726063827394441,0.0011652644899299552,0.4711166666666667
14,0.0,aligned,mi_obs,20,-0.0023236673581789966,-0.01083000210404341,0.4711166666666667
14,0.0,aligned,mi_obs,21,0.02366791508547661,0.6193364517556541,0.4711166666666667
14,0.0,aligned,mi_obs,22,-0.009869055441844576,-0.6500732973670513,0.4711166666666667
14,0.0,aligned,mi_obs,23,-0.07104346388863546,0.0048542952958668985,0.4711166666666667
14,0.0,aligned,mi_obs,24,-0.06506133859450058,-0.7737739044841981,0.4711166666666667
14,0.0,aligned,mi_obs,25,-0.00549989978607035,0.5889006003941836,0.4711166666666667
14,0.0,aligned,mi_obs,26,0.03744482800905158,-0.5808521429143119,0.4711166666666667
14,0.0,aligned,mi_obs,27,-0.024152653334360896,-0.7981909323730767,0.4711166666666667
14,0.0,aligned,mi_obs,28,-0.031472366395452804,0.005742447562074404,0.4711166666666667
14,0.0,aligned,mi_obs,29,-0.013232749419177403,-0.5873631331169804,0.4711166666666667
14,0.0,aligned,mi_obs,30,-0.010973449657214807,-0.8839864676630211,0.4711166666666667
14,0.0,aligned,mi_obs,31,-0.06884424061273754,0.0059414173953160065,0.4711166666666667
14,0.0,aligned,mi_obs,32,-0.016428105990623942,-0.7998011751003709,0.4711166666666667
14,0.0,aligned,mi_obs,33,-0.024120299761545172,0.6054746941876359,0.4711166666666667
14,0.0,aligned,mi_obs,34,0.06482285861351023,-0.673400579114044,0.4711166666666667
14,0.0,aligned,mi_obs,35,-0.025796415029578967,-0.8234419337093023,0.4711166666666667
14,0.0,aligned,mi_obs,36,-0.02271483080189253,0.004401883161993159,0.4711166666666667
14,0.0,aligned,mi_obs,37,-0.010303745321216473,-0.771346001764901,0.4711166666666667
14,0.0,aligned,mi_obs,38,0.0487340878470847,-0.0010508137689970037,0.4711166666666667
14,0.0,aligned,mi_obs,39,0.006960104462671479,0.8366104847229918,0.4711166666666667
14,0.0,aligned,mi_obs,40,0.006537825328614799,-0.8404317118502938,0.4711166666666667
14,0.0,aligned,mi_obs,41,-0.025306053167599374,0.8922982894126152,0.4711166666666667
14,0.0,aligned,mi_obs,42,0.0007421187587530742,0.7756034425580665,0.4711166666666667
14,0.0,aligned,mi_obs,43,0.011563261272437531,-0.002465502958833431,0.4711166666666667
14,0.0,aligned,mi_obs,44,-0.003971854564571831,0.8410509206834325,0.4711166666666667
14,0.0,aligned,mi_obs,45,0.05306576157865788,-0.002839230183091799,0.4711166666666667
14,0.0,aligned,mi_obs,46,-0.06516144600823816,-0.0021827836286094937,0.4711166666666667
14,0.0,aligned,mi_obs,47,0.04443504065312859,-0.3014029713063885,0.4711166666666667
14,0.0,aligned,mi_obs,48,0.082800072824386,0.31683513718387013,0.4711166666666667
14,0.0,aligned,mi_obs,49,0.09076608443000611,0.5849932481498139,0.4711166666666667
14,0.0,aligned,mi_obs,50,0.0726611019864436,0.29890905263893675,0.4711166666666667
14,0.0,aligned,mi_obs,51,0.015309465747037065,-0.7547320424511179,0.4711166666666667
14,0.0,aligned,mi_obs,52,-0.04153936114181067,0.7415862344768104,0.4711166666666667
14,0.0,aligned,mi_obs,53,0.041602762740712396,0.7884357722100385,0.4711166666666667
14,0.0,aligned,mi_obs,54,0.014274133521898408,-0.0021407289049469916,0.4711166666666667
14,0.0,aligned,mi_obs,55,0.0032333405453032205,0.756390942431976,0.4711166666666667
14,0.0,aligned,mi_obs,56,0.006860380490873896,-0.8867381699881066,0.4711166666666667
14,0.0,aligned,mi_obs,57,0.025456294274762037,-0.5995119669174012,0.4711166666666667
14,0.0,aligned,mi_obs,58,-0.04959235432661925,-0.002119516255412772,0.4711166666666667
14,0.0,aligned,mi_obs,59,0.0005489696972867941,-0.7972357649430726,0.4711166666666667
14,0.0,aligned,mi_obs,60,-0.06131589949241806,0.5335113495151176,0.4711166666666667
14,0.0,aligned,mi_obs,61,0.017092182446777876,-0.17704273011242874,0.4711166666666667
14,0.0,aligned,mi_obs,62,-0.05117885814473211,0.6781858487077157,0.4711166666666667
14,0.0,aligned,mi_obs,63,0.028717380906534057,0.18631679606571547,0.4711166666666667
14,0.0,aligned,mi_obs,64,0.005006257576294693,0.7845605000910678,0.4711166666666667
14,0.0,aligned,mi_obs,65,0.027362470826467866,0.17686411059108548,0.4711166666666667
14,0.0,aligned,mi_class,0,0.019727575810100477,-0.010182953407999849,0.4711166666666667
14,0.0,aligned,mi_class,1,0.09716874899684091,-0.6346022267066558,0.4711166666666667
14,0.0,aligned,mi_class,2,0.005717413465327614,-0.8354890024978484,0.4711166666666667
14,0.0,aligned,mi_class,3,-0.24830621967813615,0.9076785217523797,0.4711166666666667
14,0.0,aligned,mi_class,4,0.0046921160138117595,0.00022815714293822586,0.4711166666666667
14,0.0,aligned,mi_class,5,-0.16838153811043133,0.8170030773858684,0.4711166666666667
14,0.0,aligned,mi_class,6,-0.017730709157352198,-0.8581504709569038,0.4711166666666667
14,0.0,aligned,mi_class,7,-0.1696120362260154,0.8279937414546115,0.4711166666666667
14,0.0,aligned,mi_class,8,-0.10204484566745609,0.7444229526624094,0.4711166666666667
14,0.0,aligned,mi_class,9,0.0022812247099539677,0.0008943503284017765,0.4711166666666667
14,0.0,aligned,mi_class,10,-0.9231092335941196,0.92744348573598,0.4711166666666667
14,0.0,aligned,mi_class,11,0.04208704976613803,-0.3041799612308091,0.4711166666666667
14,0.0,aligned,mi_class,12,0.0036862913396401038,0.011846329418111723,0.4711166666666667
14,0.0,aligned,mi_class,13,0.012511762451648086,-0.008541755083864365,0.4711166666666667
14,0.0,aligned,mi_class,14,0.008880128209336405,-0.0051233674717134315,0.4711166666666667
14,0.0,aligned,mi_class,15,-0.003491829469066501,-0.00874510288987235,0.4711166666666667
14,0.0,aligned,mi_class,16,-0.03824372932357317,0.00862174766508611,0.4711166666666667
14,0.0,aligned,mi_class,17,-0.00463227933759826,-0.0015844178102970342,0.4711166666666667
14,0.0,aligned,mi_class,18,-0.0230306651107771,0.13615390392815863,0.4711166666666667
14,0.0,aligned,mi_class,19,0.0011877374324874928,0.0011652644899299552,0.4711166666666667
14,0.0,aligned,mi_class,20,0.01356118366987943,-0.01083000210404341,0.4711166666666667
14,0.0,aligned,mi_class,21,-0.07603951976791556,0.6193364517556541,0.4711166666666667
14,0.0,aligned,mi_class,22,0.26643878910903207,-0.6500732973670513,0.4711166666666667
14,0.0,aligned,mi_class,23,0.0011490168757037553,0.0048542952958668985,0.4711166666666667
14,0.0,aligned,mi_class,24,0.3393218478369228,-0.7737739044841981,0.4711166666666667
14,0.0,aligned,mi_class,25,-0.07795268198568461,0.5889006003941836,0.4711166666666667
14,0.0,aligned,mi_class,26,0.25742591787427305,-0.5808521429143119,0.4711166666666667
14,0.0,aligned,mi_class,27,0.19564103274889644,-0.7981909323730767,0.4711166666666667
14,0.0,aligned,mi_class,28,-0.04778246517297179,0.005742447562074404,0.4711166666666667
14,0.0,aligned,mi_class,29,0.5429457773823673,-0.5873631331169804,0.4711166666666667
14,0.0,aligned,mi_class,30,0.31829142027148316,-0.8839864676630211,0.4711166666666667
14,0.0,aligned,mi_class,31,-0.0017749103378933567,0.0059414173953160065,0.4711166666666667
14,0.0,aligned,mi_class,32,0.17053029747752135,-0.7998011751003709,0.4711166666666667
14,0.0,aligned,mi_class,33,0.050166320197759906,0.6054746941876359,0.4711166666666667
14,0.0,aligned,mi_class,34,0.14123085712489747,-0.673400579114044,0.4711166666666667
14,0.0,aligned,mi_class,35,0.03048122588471669,-0.8234419337093023,0.4711166666666667
14,0.0,aligned,mi_class,36,-0.02343734469638889,0.004401883161993159,0.4711166666666667
14,0.0,aligned,mi_class,37,0.767409842497826,-0.771346001764901,0.4711166666666667
14,0.0,aligned,mi_class,38,0.003851845752742036,-0.0010508137689970037,0.4711166666666667
14,0.0,aligned,mi_class,39,-0.22640713738734164,0.8366104847229918,0.4711166666666667
14,0.0,aligned,mi_class,40,0.1747261475093036,-0.8404317118502938,0.4711166666666667
14,0.0,aligned,mi_class,41,-0.25185522125349846,0.8922982894126152,0.4711166666666667
14,0.0,aligned,mi_class,42,-0.22964546721461243,0.7756034425580665,0.4711166666666667
14,0.0,aligned,mi_class,43,0.01423425002416242,-0.002465502958833431,0.4711166666666667
14,0.0,aligned,mi_class,44,-0.8381914424461308,0.8410509206834325,0.4711166666666667
14,0.0,aligned,mi_class,45,-0.006849604073036959,-0.002839230183091799,0.4711166666666667
14,0.0,aligned,mi_class,46,-0.0010501804045553857,-0.0021827836286094937,0.4711166666666667
14,0.0,aligned,mi_class,47,0.005009648449486925,-0.3014029713063885,0.4711166666666667
14,0.0,aligned,mi_class,48,-0.10457244184144529,0.31683513718387013,0.4711166666666667
14,0.0,aligned,mi_class,49,-0.3745521388684744,0.5849932481498139,0.4711166666666667
14,0.0,aligned,mi_class,50,-0.2978479351278873,0.29890905263893675,0.4711166666666667
14,0.0,aligned,mi_class,51,0.1448353086977472,-0.7547320424511179,0.4711166666666667
14,0.0,aligned,mi_class,52,0.0029005140137293717,0.7415862344768104,0.4711166666666667
14,0.0,aligned,mi_class,53,-0.21708880114424722,0.7884357722100385,0.4711166666666667
14,0.0,aligned,mi_class,54,0.0033072138999596726,-0.0021407289049469916,0.4711166666666667
14,0.0,aligned,mi_class,55,-0.7536379318322748,0.756390942431976,0.4711166666666667
14,0.0,aligned,mi_class,56,0.17244171591111734,-0.8867381699881066,0.4711166666666667
14,0.0,aligned,mi_class,57,0.1026071185914148,-0.5995119669174012,0.4711166666666667
14,0.0,aligned,mi_class,58,-0.019836248472077,-0.002119516255412772,0.4711166666666667
14,0.0,aligned,mi_class,59,0.793394087980568,-0.7972357649430726,0.4711166666666667
14,0.0,aligned,mi_class,60,-0.14857651436113867,0.5335113495151176,0.4711166666666667
14,0.0,aligned,mi_class,61,0.11261231670554797,-0.17704273011242874,0.4711166666666667
14,0.0,aligned,mi_class,62,-0.6757057803070515,0.6781858487077157,0.4711166666666667
14,0.0,aligned,mi_class,63,-0.10021750817426314,0.18631679606571547,0.4711166666666667
14,0.0,aligned,mi_class,64,-0.7811852748920433,0.7845605000910678,0.4711166666666667
14,0.0,aligned,mi_class,65,0.7160697964796354,0.17686411059108548,0.4711166666666667
14,0.0,aligned,mi_site,0,0.005043292395058457,-0.010182953407999849,0.4711166666666667
14,0.0,aligned,mi_site,1,0.06693639827725073,-0.6346022267066558,0.4711166666666667
14,0.0,aligned,mi_site,2,0.18284411941888568,-0.8354890024978484,0.4711166666666667
14,0.0,aligned,mi_site,3,-0.08988503863084718,0.9076785217523797,0.4711166666666667
14,0.0,aligned,mi_site,4,0.04807399868186077,0.00022815714293822586,0.4711166666666667
14,0.0,aligned,mi_site,5,-0.051203276190911584,0.8170030773858684,0.4711166666666667
14,0.0,aligned,mi_site,6,0.06548386771541559,-0.8581504709569038,0.4711166666666667
14,0.0,aligned,mi_site,7,-0.09372643837353045,0.8279937414546115,0.4711166666666667
14,0.0,aligned,mi_site,8,-0.05331707919168227,0.7444229526624094,0.4711166666666667
14,0.0,aligned,mi_site,9,0.008662713370054798,0.0008943503284017765,0.4711166666666667
14,0.0,aligned,mi_site,10,-0.07578658764381974,0.92744348573598,0.4711166666666667
14,0.0,aligned,mi_site,11,-0.013519267215162889,-0.3041799612308091,0.4711166666666667
14,0.0,aligned,mi_site,12,-0.0057943337384258236,0.011846329418111723,0.4711166666666667
14,0.0,aligned,mi_site,13,0.010189312204649444,-0.008541755083864365,0.4711166666666667
14,0.0,aligned,mi_site,14,-0.017355783208377988,-0.0051233674717134315,0.4711166666666667
14,0.0,aligned,mi_site,15,-0.001916279406717656,-0.00874510288987235,0.4711166666666667
14,0.0,aligned,mi_site,16,-0.008563722181226315,0.00862174766508611,0.4711166666666667
14,0.0,aligned,mi_site,17,0.020552688313400475,-0.0015844178102970342,0.4711166666666667
14,0.0,aligned,mi_site,18,-0.0061967395629183575,0.13615390392815863,0.4711166666666667
14,0.0,aligned,mi_site,19,-0.0036643962137622604,0.0011652644899299552,0.4711166666666667
14,0.0,aligned,mi_site,20,-0.0009702727472203406,-0.01083000210404341,0.4711166666666667
14,0.0,aligned,mi_site,21,-0.032067131725626696,0.6193364517556541,0.4711166666666667
14,0.0,aligned,mi_site,22,0.040442532179360446,-0.6500732973670513,0.4711166666666667
14,0.0,aligned,mi_site,23,-0.03443355698869131,0.0048542952958668985,0.4711166666666667
14,0.0,aligned,mi_site,24,-0.026851852690304323,-0.7737739044841981,0.4711166666666667
14,0.0,aligned,mi_site,25,-0.017587640042680652,0.5889006003941836,0.4711166666666667
14,0.0,aligned,mi_site,26,0.043914650714570014,-0.5808521429143119,0.4711166666666667
14,0.0,aligned,mi_site,27,0.015888886900651045,-0.7981909323730767,0.4711166666666667
14,0.0,aligned,mi_site,28,-0.012875006799561035,0.005742447562074404,0.4711166666666667
14,0.0,aligned,mi_site,29,0.033227868832354734,-0.5873631331169804,0.4711166666666667
14,0.0,aligned,mi_site,30,0.09623130107140254,-0.8839864676630211,0.4711166666666667
14,0.0,aligned,mi_site,31,-0.05210375598083961,0.0059414173953160065,0.4711166666666667
14,0.0,aligned,mi_site,32,0.07594353363273254,-0.7998011751003709,0.4711166666666667
14,0.0,aligned,mi_site,33,-0.09516544218771472,0.6054746941876359,0.4711166666666667
14,0.0,aligned,mi_site,34,0.13045845801700484,-0.673400579114044,0.4711166666666667
14,0.0,aligned,mi_site,35,0.08225591782985786,-0.8234419337093023,0.4711166666666667
14,0.0,aligned,mi_site,36,-0.013576407995541639,0.004401883161993159,0.4711166666666667
14,0.0,aligned,mi_site,37,0.10806593201318082,-0.771346001764901,0.4711166666666667
14,0.0,aligned,mi_site,38,0.060719937354091015,-0.0010508137689970037,0.4711166666666667
14,0.0,aligned,mi_site,39,-0.007210691521867929,0.8366104847229918,0.4711166666666667
14,0.0,aligned,mi_site,40,0.02580560548583022,-0.8404317118502938,0.4711166666666667
14,0.0,aligned,mi_site,41,-0.05626980860764452,0.8922982894126152,0.4711166666666667
14,0.0,aligned,mi_site,42,-0.00016072914916276382,0.7756034425580665,0.4711166666666667
14,0.0,aligned,mi_site,43,0.014451234928052815,-0.002465502958833431,0.4711166666666667
14,0.0,aligned,mi_site,44,-0.02667387517495945,0.8410509206834325,0.4711166666666667
14,0.0,aligned,mi_site,45,0.05000807112229558,-0.002839230183091799,0.4711166666666667
14,0.0,aligned,mi_site,46,-0.057791694795986615,-0.0021827836286094937,0.4711166666666667
14,0.0,aligned,mi_site,47,0.03318365422589026,-0.3014029713063885,0.4711166666666667
14,0.0,aligned,mi_site,48,0.058925465431495405,0.31683513718387013,0.4711166666666667
14,0.0,aligned,mi_site,49,-0.04739004850209194,0.5849932481498139,0.4711166666666667
14,0.0,aligned,mi_site,50,0.04457881284300513,0.29890905263893675,0.4711166666666667
14,0.0,aligned,mi_site,51,0.001197860668025852,-0.7547320424511179,0.4711166666666667
14,0.0,aligned,mi_site,52,-0.020500807211789263,0.7415862344768104,0.4711166666666667
14,0.0,aligned,mi_site,53,0.046309290778386525,0.7884357722100385,0.4711166666666667
14,0.0,aligned,mi_site,54,0.023729866737795327,-0.0021407289049469916,0.4711166666666667
14,0.0,aligned,mi_site,55,-0.0037208698737875023,0.756390942431976,0.4711166666666667
14,0.0,aligned,mi_site,56,0.010220143829594464,-0.8867381699881066,0.4711166666666667
14,0.0,aligned,mi_site,57,-0.0015276184390518033,-0.5995119669174012,0.4711166666666667
14,0.0,aligned,mi_site,58,-0.038316203999095404,-0.002119516255412772,0.4711166666666667
14,0.0,aligned,mi_site,59,0.011297800366565136,-0.7972357649430726,0.4711166666666667
14,0.0,aligned,mi_site,60,-0.03572149895111598,0.5335113495151176,0.4711166666666667
14,0.0,aligned,mi_site,61,0.030493573718568034,-0.17704273011242874,0.4711166666666667
14,0.0,aligned,mi_site,62,-0.0491246790936708,0.6781858487077157,0.4711166666666667
14,0.0,aligned,mi_site,63,-0.012063531461784932,0.18631679606571547,0.4711166666666667
14,0.0,aligned,mi_site,64,-0.009998202380929078,0.7845605000910678,0.4711166666666667
14,0.0,aligned,mi_site,65,-0.01764107825035985,0.17686411059108548,0.4711166666666667
14,0.0,closed,available,0,-0.0013502809351233491,-0.010182953407999849,0.4711166666666667
14,0.0,closed,available,1,-0.0022182588540489157,-0.6346022267066558,0.4711166666666667
14,0.0,closed,available,2,-0.0015387907269966972,-0.8354890024978484,0.4711166666666667
14,0.0,closed,available,3,4.644883327087346e-05,0.9076785217523797,0.4711166666666667
14,0.0,closed,available,4,0.004621574963446702,0.00022815714293822586,0.4711166666666667
14,0.0,closed,available,5,0.0002517436415415686,0.8170030773858684,0.4711166666666667
14,0.0,closed,available,6,0.0006455984519796454,-0.8581504709569038,0.4711166666666667
14,0.0,closed,available,7,-0.0009441186550590563,0.8279937414546115,0.4711166666666667
14,0.0,closed,available,8,-0.0030445392291528206,0.7444229526624094,0.4711166666666667
14,0.0,closed,available,9,0.010684495303525023,0.0008943503284017765,0.4711166666666667
14,0.0,closed,available,10,-7.81642835629981e-05,0.92744348573598,0.4711166666666667
14,0.0,closed,available,11,-0.0019277266446134367,-0.3041799612308091,0.4711166666666667
14,0.0,closed,available,12,0.003972716387079923,0.011846329418111723,0.4711166666666667
14,0.0,closed,available,13,-0.010440542499583375,-0.008541755083864365,0.4711166666666667
14,0.0,closed,available,14,0.012689048100292814,-0.0051233674717134315,0.4711166666666667
14,0.0,closed,available,15,-0.013141997182305992,-0.00874510288987235,0.4711166666666667
14,0.0,closed,available,16,-0.00447359144335206,0.00862174766508611,0.4711166666666667
14,0.0,closed,available,17,0.010886901092047208,-0.0015844178102970342,0.4711166666666667
14,0.0,closed,available,18,-0.0055728568585039495,0.13615390392815863,0.4711166666666667
14,0.0,closed,available,19,-0.0030934217887477154,0.0011652644899299552,0.4711166666666667
14,0.0,closed,available,20,-0.0015774840751880317,-0.01083000210404341,0.4711166666666667
14,0.0,closed,available,21,0.008974807750437241,0.6193364517556541,0.4711166666666667
14,0.0,closed,available,22,-0.0046499200878841185,-0.6500732973670513,0.4711166666666667
14,0.0,closed,available,23,0.019316405756415734,0.0048542952958668985,0.4711166666666667
14,0.0,closed,available,24,0.003319115199534206,-0.7737739044841981,0.4711166666666667
14,0.0,closed,available,25,-4.65873466100053e-05,0.5889006003941836,0.4711166666666667
14,0.0,closed,available,26,-0.009747053953513274,-0.5808521429143119,0.4711166666666667
14,0.0,closed,available,27,0.000485168616084386,-0.7981909323730767,0.4711166666666667
14,0.0,closed,available,28,0.00047157390799345417,0.005742447562074404,0.4711166666666667
14,0.0,closed,available,29,-0.0015490088654788181,-0.5873631331169804,0.4711166666666667
14,0.0,closed,available,30,0.003572295609205467,-0.8839864676630211,0.4711166666666667
14,0.0,closed,available,31,0.0055734117080832556,0.0059414173953160065,0.4711166666666667
14,0.0,closed,available,32,0.0007782654276449197,-0.7998011751003709,0.4711166666666667
14,0.0,closed,available,33,-0.01216998841872785,0.6054746941876359,0.4711166666666667
14,0.0,closed,available,34,0.014736442144093864,-0.673400579114044,0.4711166666666667
14,0.0,closed,available,35,-0.0024610001169294016,-0.8234419337093023,0.4711166666666667
14,0.0,closed,available,36,0.0366370262740612,0.004401883161993159,0.4711166666666667
14,0.0,closed,available,37,0.0033316872397849417,-0.771346001764901,0.4711166666666667
14,0.0,closed,available,38,-0.0025973727164596934,-0.0010508137689970037,0.4711166666666667
14,0.0,closed,available,39,0.0007977592032533121,0.8366104847229918,0.4711166666666667
14,0.0,closed,available,40,0.0014082233387181509,-0.8404317118502938,0.4711166666666667
14,0.0,closed,available,41,0.00040211898495534637,0.8922982894126152,0.4711166666666667
14,0.0,closed,available,42,0.0033303160795068454,0.7756034425580665,0.4711166666666667
14,0.0,closed,available,43,0.023182844458721333,-0.002465502958833431,0.4711166666666667
14,0.0,closed,available,44,0.001215302178438793,0.8410509206834325,0.4711166666666667
14,0.0,closed,available,45,-0.0017673724174110165,-0.002839230183091799,0.4711166666666667
14,0.0,closed,available,46,0.0033697091159041455,-0.0021827836286094937,0.4711166666666667
14,0.0,closed,available,47,-0.003117332411387841,-0.3014029713063885,0.4711166666666667
14,0.0,closed,available,48,0.005809125032875118,0.31683513718387013,0.4711166666666667
14,0.0,closed,available,49,0.005120259961021167,0.5849932481498139,0.4711166666666667
14,0.0,closed,available,50,-0.004502263023610786,0.29890905263893675,0.4711166666666667
14,0.0,closed,available,51,-0.0018211493565707393,-0.7547320424511179,0.4711166666666667
14,0.0,closed,available,52,0.0015916126735358027,0.7415862344768104,0.4711166666666667
14,0.0,closed,available,53,0.0009479972279415882,0.7884357722100385,0.4711166666666667
14,0.0,closed,available,54,0.024711797169909643,-0.0021407289049469916,0.4711166666666667
14,0.0,closed,available,55,0.0011951108227511442,0.756390942431976,0.4711166666666667
14,0.0,closed,available,56,-0.0008234054988507378,-0.8867381699881066,0.4711166666666667
14,0.0,closed,available,57,-0.002693308094390834,-0.5995119669174012,0.4711166666666667
14,0.0,closed,available,58,-0.020042826656827627,-0.002119516255412772,0.4711166666666667
14,0.0,closed,available,59,0.0006905827803131981,-0.7972357649430726,0.4711166666666667
14,0.0,closed,available,60,-0.0033395957247015495,0.5335113495151176,0.4711166666666667
14,0.0,closed,available,61,0.019734012873997897,-0.17704273011242874,0.4711166666666667
14,0.0,closed,available,62,0.0008819116592712062,0.6781858487077157,0.4711166666666667
14,0.0,closed,available,63,0.012412494073291008,0.18631679606571547,0.4711166666666667
14,0.0,closed,available,64,-0.0008079470414351642,0.7845605000910678,0.4711166666666667
14,0.0,closed,available,65,0.009679474084819145,0.17686411059108548,0.4711166666666667
14,0.0,closed,mi_obs,0,-0.004718239627841158,-0.010182953407999849,0.4711166666666667
14,0.0,closed,mi_obs,1,-0.013204147420557644,-0.6346022267066558,0.4711166666666667
14,0.0,closed,mi_obs,2,-0.02600398016664407,-0.8354890024978484,0.4711166666666667
14,0.0,closed,mi_obs,3,-0.0033723097221648457,0.9076785217523797,0.4711166666666667
14,0.0,closed,mi_obs,4,0.05669505042861801,0.00022815714293822586,0.4711166666666667
14,0.0,closed,mi_obs,5,0.0002988950428015613,0.8170030773858684,0.4711166666666667
14,0.0,closed,mi_obs,6,0.016403956196839653,-0.8581504709569038,0.4711166666666667
14,0.0,closed,mi_obs,7,-0.054928949062283294,0.8279937414546115,0.4711166666666667
14,0.0,closed,mi_obs,8,-0.002245859274492501,0.7444229526624094,0.4711166666666667
14,0.0,closed,mi_obs,9,0.005084788082639957,0.0008943503284017765,0.4711166666666667
14,0.0,closed,mi_obs,10,0.002968237196082635,0.92744348573598,0.4711166666666667
14,0.0,closed,mi_obs,11,-0.08046672479616235,-0.3041799612308091,0.4711166666666667
14,0.0,closed,mi_obs,12,0.0032931072440458165,0.011846329418111723,0.4711166666666667
14,0.0,closed,mi_obs,13,0.0004782295402447588,-0.008541755083864365,0.4711166666666667
14,0.0,closed,mi_obs,14,0.016607208621203264,-0.0051233674717134315,0.4711166666666667
14,0.0,closed,mi_obs,15,-0.018955648571815868,-0.00874510288987235,0.4711166666666667
14,0.0,closed,mi_obs,16,-0.016121585802378192,0.00862174766508611,0.4711166666666667
14,0.0,closed,mi_obs,17,0.01930036113031789,-0.0015844178102970342,0.4711166666666667
14,0.0,closed,mi_obs,18,0.007572667014121348,0.13615390392815863,0.4711166666666667
14,0.0,closed,mi_obs,19,-0.0009005619059135996,0.0011652644899299552,0.4711166666666667
14,0.0,closed,mi_obs,20,-0.004772735842279682,-0.01083000210404341,0.4711166666666667
14,0.0,closed,mi_obs,21,0.025436983972457528,0.6193364517556541,0.4711166666666667
14,0.0,closed,mi_obs,22,0.0014174341948399727,-0.6500732973670513,0.4711166666666667
14,0.0,closed,mi_obs,23,-0.05372018403750539,0.0048542952958668985,0.4711166666666667
14,0.0,closed,mi_obs,24,-0.06352270548029737,-0.7737739044841981,0.4711166666666667
14,0.0,closed,mi_obs,25,-0.022824492208345815,0.5889006003941836,0.4711166666666667
14,0.0,closed,mi_obs,26,0.04804034260326062,-0.5808521429143119,0.4711166666666667
14,0.0,closed,mi_obs,27,-0.0195601410536419,-0.7981909323730767,0.4711166666666667
14,0.0,closed,mi_obs,28,-0.005650813860594153,0.005742447562074404,0.4711166666666667
14,0.0,closed,mi_obs,29,-0.005388800034235142,-0.5873631331169804,0.4711166666666667
14,0.0,closed,mi_obs,30,-0.004978195173703348,-0.8839864676630211,0.4711166666666667
14,0.0,closed,mi_obs,31,-0.05758078490888788,0.0059414173953160065,0.4711166666666667
14,0.0,closed,mi_obs,32,-0.012338659626023207,-0.7998011751003709,0.4711166666666667
14,0.0,closed,mi_obs,33,-0.02744124655596314,0.6054746941876359,0.4711166666666667
14,0.0,closed,mi_obs,34,0.06535257354552115,-0.673400579114044,0.4711166666666667
14,0.0,closed,mi_obs,35,-0.017850831021579028,-0.8234419337093023,0.4711166666666667
14,0.0,closed,mi_obs,36,0.001294989529797617,0.004401883161993159,0.4711166666666667
14,0.0,closed,mi_obs,37,-0.012394166694694286,-0.771346001764901,0.4711166666666667
14,0.0,closed,mi_obs,38,0.045390345630628146,-0.0010508137689970037,0.4711166666666667
14,0.0,closed,mi_obs,39,0.0021625806566333283,0.8366104847229918,0.4711166666666667
14,0.0,closed,mi_obs,40,0.00856850177826518,-0.8404317118502938,0.4711166666666667
14,0.0,closed,mi_obs,41,-0.025595818843593743,0.8922982894126152,0.4711166666666667
14,0.0,closed,mi_obs,42,-0.0010495718506520202,0.7756034425580665,0.4711166666666667
14,0.0,closed,mi_obs,43,0.012379582613965814,-0.002465502958833431,0.4711166666666667
14,0.0,closed,mi_obs,44,-0.006902740866417845,0.8410509206834325,0.4711166666666667
14,0.0,closed,mi_obs,45,0.06902195747724267,-0.002839230183091799,0.4711166666666667
14,0.0,closed,mi_obs,46,-0.06956661358199114,-0.0021827836286094937,0.4711166666666667
14,0.0,closed,mi_obs,47,0.027430159955683875,-0.3014029713063885,0.4711166666666667
14,0.0,closed,mi_obs,48,0.09415202766052305,0.31683513718387013,0.4711166666666667
14,0.0,closed,mi_obs,49,0.11051791279403522,0.5849932481498139,0.4711166666666667
14,0.0,closed,mi_obs,50,0.06972634185031179,0.29890905263893675,0.4711166666666667
14,0.0,closed,mi_obs,51,0.02187821831901937,-0.7547320424511179,0.4711166666666667
14,0.0,closed,mi_obs,52,-0.04917447859485935,0.7415862344768104,0.4711166666666667
14,0.0,closed,mi_obs,53,0.048180586266323266,0.7884357722100385,0.4711166666666667
14,0.0,closed,mi_obs,54,0.029279580729980183,-0.0021407289049469916,0.4711166666666667
14,0.0,closed,mi_obs,55,0.002585568901797619,0.756390942431976,0.4711166666666667
14,0.0,closed,mi_obs,56,0.010300527320581732,-0.8867381699881066,0.4711166666666667
14,0.0,closed,mi_obs,57,0.016376061262882047,-0.5995119669174012,0.4711166666666667
14,0.0,closed,mi_obs,58,-0.0577934100840493,-0.002119516255412772,0.4711166666666667
14,0.0,closed,mi_obs,59,0.004220086087053154,-0.7972357649430726,0.4711166666666667
14,0.0,closed,mi_obs,60,-0.06747301446498932,0.5335113495151176,0.4711166666666667
14,0.0,closed,mi_obs,61,-0.004925512557976491,-0.17704273011242874,0.4711166666666667
14,0.0,closed,mi_obs,62,-0.05474392086720137,0.6781858487077157,0.4711166666666667
14,0.0,closed,mi_obs,63,0.031957607227047824,0.18631679606571547,0.4711166666666667
14,0.0,closed,mi_obs,64,0.004477892947634232,0.7845605000910678,0.4711166666666667
14,0.0,closed,mi_obs,65,0.024356254072025546,0.17686411059108548,0.4711166666666667
14,0.0,closed,mi_class,0,0.05073235899461298,-0.010182953407999849,0.4711166666666667
14,0.0,closed,mi_class,1,0.15381617163719608,-0.6346022267066558,0.4711166666666667
14,0.0,closed,mi_class,2,0.004186122370114509,-0.8354890024978484,0.4711166666666667
14,0.0,closed,mi_class,3,-0.31444917904263225,0.9076785217523797,0.4711166666666667
14,0.0,closed,mi_class,4,0.006869439176487842,0.00022815714293822586,0.4711166666666667
14,0.0,closed,mi_class,5,-0.1716734753593927,0.8170030773858684,0.4711166666666667
14,0.0,closed,mi_class,6,-0.0092798044819834,-0.8581504709569038,0.4711166666666667
14,0.0,closed,mi_class,7,-0.17325185366257856,0.8279937414546115,0.4711166666666667
14,0.0,closed,mi_class,8,-0.2022918410913429,0.7444229526624094,0.4711166666666667
14,0.0,closed,mi_class,9,-1.7407189478049995e-05,0.0008943503284017765,0.4711166666666667
14,0.0,closed,mi_class,10,-0.46677279323612664,0.92744348573598,0.4711166666666667
14,0.0,closed,mi_class,11,0.0696372724866588,-0.3041799612308091,0.4711166666666667
14,0.0,closed,mi_class,12,-0.019815880892907877,0.011846329418111723,0.4711166666666667
14,0.0,closed,mi_class,13,0.00035307013264293877,-0.008541755083864365,0.4711166666666667
14,0.0,closed,mi_class,14,0.0086579997586515,-0.0051233674717134315,0.4711166666666667
14,0.0,closed,mi_class,15,-0.005081331348352322,-0.00874510288987235,0.4711166666666667
14,0.0,closed,mi_class,16,0.007984576999584592,0.00862174766508611,0.4711166666666667
14,0.0,closed,mi_class,17,0.005758697411788454,-0.0015844178102970342,0.4711166666666667
14,0.0,closed,mi_class,18,-0.002377877727342881,0.13615390392815863,0.4711166666666667
14,0.0,closed,mi_class,19,-0.0046940361505077525,0.0011652644899299552,0.4711166666666667
14,0.0,closed,mi_class,20,0.004850862659267064,-0.01083000210404341,0.4711166666666667
14,0.0,closed,mi_class,21,-0.11365983010980452,0.6193364517556541,0.4711166666666667
14,0.0,closed,mi_class,22,0.3431536655794581,-0.6500732973670513,0.4711166666666667
14,0.0,closed,mi_class,23,-0.003980879337521586,0.0048542952958668985,0.4711166666666667
14,0.0,closed,mi_class,24,0.3938756175643938,-0.7737739044841981,0.4711166666666667
14,0.0,closed,mi_class,25,-0.21088306596075795,0.5889006003941836,0.4711166666666667
14,0.0,closed,mi_class,26,0.296021310747807,-0.5808521429143119,0.4711166666666667
14,0.0,closed,mi_class,27,0.26807128940564806,-0.7981909323730767,0.4711166666666667
14,0.0,closed,mi_class,28,0.028252058028528135,0.005742447562074404,0.4711166666666667
14,0.0,closed,mi_class,29,0.3718616537063796,-0.5873631331169804,0.4711166666666667
14,0.0,closed,mi_class,30,0.3305697269034863,-0.8839864676630211,0.4711166666666667
14,0.0,closed,mi_class,31,-0.008841335493138492,0.0059414173953160065,0.4711166666666667
14,0.0,closed,mi_class,32,0.1600103767404346,-0.7998011751003709,0.4711166666666667
14,0.0,closed,mi_class,33,0.03394726506793844,0.6054746941876359,0.4711166666666667
14,0.0,closed,mi_class,34,0.12915789643040843,-0.673400579114044,0.4711166666666667
14,0.0,closed,mi_class,35,0.1862200395482856,-0.8234419337093023,0.4711166666666667
14,0.0,closed,mi_class,36,-0.0043310522696546686,0.004401883161993159,0.4711166666666667
14,0.0,closed,mi_class,37,0.3526037321529032,-0.771346001764901,0.4711166666666667
14,0.0,closed,mi_class,38,0.009391253450351585,-0.0010508137689970037,0.4711166666666667
14,0.0,closed,mi_class,39,-0.28386927479557633,0.8366104847229918,0.4711166666666667
14,0.0,closed,mi_class,40,0.3326302442094816,-0.8404317118502938,0.4711166666666667
14,0.0,closed,mi_class,41,-0.3026486197036875,0.8922982894126152,0.4711166666666667
14,0.0,closed,mi_class,42,-0.4173890989257875,0.7756034425580665,0.4711166666666667
14,0.0,closed,mi_class,43,0.00949170448810181,-0.002465502958833431,0.4711166666666667
14,0.0,closed,mi_class,44,-0.5607239550479479,0.8410509206834325,0.4711166666666667
14,0.0,closed,mi_class,45,0.006633457898838641,-0.002839230183091799,0.4711166666666667
14,0.0,closed,mi_class,46,0.001413067719092007,-0.0021827836286094937,0.4711166666666667
14,0.0,closed,mi_class,47,0.010686582711040449,-0.3014029713063885,0.4711166666666667
14,0.0,closed,mi_class,48,-0.13535081319837855,0.31683513718387013,0.4711166666666667
14,0.0,closed,mi_class,49,-0.4970272235896246,0.5849932481498139,0.4711166666666667
14,0.0,closed,mi_class,50,-0.18242229002945853,0.29890905263893675,0.4711166666666667
14,0.0,closed,mi_class,51,0.13253197962688978,-0.7547320424511179,0.4711166666666667
14,0.0,closed,mi_class,52,0.0036137626930139444,0.7415862344768104,0.4711166666666667
14,0.0,closed,mi_class,53,-0.3074955895403364,0.7884357722100385,0.4711166666666667
14,0.0,closed,mi_class,54,0.004581509462076994,-0.0021407289049469916,0.4711166666666667
14,0.0,closed,mi_class,55,-0.4603175484816724,0.756390942431976,0.4711166666666667
14,0.0,closed,mi_class,56,0.15727885288808074,-0.8867381699881066,0.4711166666666667
14,0.0,closed,mi_class,57,0.15909636116937131,-0.5995119669174012,0.4711166666666667
14,0.0,closed,mi_class,58,-0.00011880892170195367,-0.002119516255412772,0.4711166666666667
14,0.0,closed,mi_class,59,0.3958415990807783,-0.7972357649430726,0.4711166666666667
14,0.0,closed,mi_class,60,-0.21263736886227885,0.5335113495151176,0.4711166666666667
14,0.0,closed,mi_class,61,0.15244391500927823,-0.17704273011242874,0.4711166666666667
14,0.0,closed,mi_class,62,-0.41115888567905023,0.6781858487077157,0.4711166666666667
14,0.0,closed,mi_class,63,-0.15355497608698898,0.18631679606571547,0.4711166666666667
14,0.0,closed,mi_class,64,-0.45735916326701215,0.7845605000910678,0.4711166666666667
14,0.0,closed,mi_class,65,0.6828510763584941,0.17686411059108548,0.4711166666666667
14,0.0,closed,mi_site,0,-0.00046955068285410573,-0.010182953407999849,0.4711166666666667
14,0.0,closed,mi_site,1,-0.0009441911949654713,-0.6346022267066558,0.4711166666666667
14,0.0,closed,mi_site,2,-0.01788591484787394,-0.8354890024978484,0.4711166666666667
14,0.0,closed,mi_site,3,-0.011801361947877287,0.9076785217523797,0.4711166666666667
14,0.0,closed,mi_site,4,0.04889667434776196,0.00022815714293822586,0.4711166666666667
14,0.0,closed,mi_site,5,-0.006788229431522574,0.8170030773858684,0.4711166666666667
14,0.0,closed,mi_site,6,0.029526590239929207,-0.8581504709569038,0.4711166666666667
14,0.0,closed,mi_site,7,-0.06064439656895071,0.8279937414546115,0.4711166666666667
14,0.0,closed,mi_site,8,-0.004309122393968079,0.7444229526624094,0.4711166666666667
14,0.0,closed,mi_site,9,0.004399409389362367,0.0008943503284017765,0.4711166666666667
14,0.0,closed,mi_site,10,0.0027205431306620564,0.92744348573598,0.4711166666666667
14,0.0,closed,mi_site,11,-0.06974774009297136,-0.3041799612308091,0.4711166666666667
14,0.0,closed,mi_site,12,0.011563268870961563,0.011846329418111723,0.4711166666666667
14,0.0,closed,mi_site,13,0.002881697373990041,-0.008541755083864365,0.4711166666666667
14,0.0,closed,mi_site,14,0.014810559712740756,-0.0051233674717134315,0.4711166666666667
14,0.0,closed,mi_site,15,-0.011746828115750806,-0.00874510288987235,0.4711166666666667
14,0.0,closed,mi_site,16,-0.010904501805127866,0.00862174766508611,0.4711166666666667
14,0.0,closed,mi_site,17,0.01593048241212097,-0.0015844178102970342,0.4711166666666667
14,0.0,closed,mi_site,18,0.009103265236072161,0.13615390392815863,0.4711166666666667
14,0.0,closed,mi_site,19,-0.0023662896764228168,0.0011652644899299552,0.4711166666666667
14,0.0,closed,mi_site,20,-0.0011498623822603082,-0.01083000210404341,0.4711166666666667
14,0.0,closed,mi_site,21,0.02045198763941336,0.6193364517556541,0.4711166666666667
14,0.0,closed,mi_site,22,0.008589783482923274,-0.6500732973670513,0.4711166666666667
14,0.0,closed,mi_site,23,-0.044293954540085764,0.0048542952958668985,0.4711166666666667
14,0.0,closed,mi_site,24,-0.048116730700471844,-0.7737739044841981,0.4711166666666667
14,0.0,closed,mi_site,25,-0.03168539693670036,0.5889006003941836,0.4711166666666667
14,0.0,closed,mi_site,26,0.047815018404049114,-0.5808521429143119,0.4711166666666667
14,0.0,closed,mi_site,27,-0.00889721526481646,-0.7981909323730767,0.4711166666666667
14,0.0,closed,mi_site,28,0.001332407689690519,0.005742447562074404,0.4711166666666667
14,0.0,closed,mi_site,29,0.0048330566745266035,-0.5873631331169804,0.4711166666666667
14,0.0,closed,mi_site,30,0.00265968306225961,-0.8839864676630211,0.4711166666666667
14,0.0,closed,mi_site,31,-0.05541343161265695,0.0059414173953160065,0.4711166666666667
14,0.0,closed,mi_site,32,-0.013355345118604811,-0.7998011751003709,0.4711166666666667
14,0.0,closed,mi_site,33,-0.03344801581589263,0.6054746941876359,0.4711166666666667
14,0.0,closed,mi_site,34,0.06745745196653075,-0.673400579114044,0.4711166666666667
14,0.0,closed,mi_site,35,-0.01388689660706155,-0.8234419337093023,0.4711166666666667
14,0.0,closed,mi_site,36,-0.0005543873517467259,0.004401883161993159,0.4711166666666667
14,0.0,closed,mi_site,37,-0.006290994680018702,-0.771346001764901,0.4711166666666667
14,0.0,closed,mi_site,38,0.055471283079355754,-0.0010508137689970037,0.4711166666666667
14,0.0,closed,mi_site,39,0.0002694158675620173,0.8366104847229918,0.4711166666666667
14,0.0,closed,mi_site,40,0.012124925552569388,-0.8404317118502938,0.4711166666666667
14,0.0,closed,mi_site,41,-0.02538417079086286,0.8922982894126152,0.4711166666666667
14,0.0,closed,mi_site,42,0.0003059803423998142,0.7756034425580665,0.4711166666666667
14,0.0,closed,mi_site,43,0.025736365503589636,-0.002465502958833431,0.4711166666666667
14,0.0,closed,mi_site,44,-0.0075082267780847145,0.8410509206834325,0.4711166666666667
14,0.0,closed,mi_site,45,0.0577350412378204,-0.002839230183091799,0.4711166666666667
14,0.0,closed,mi_site,46,-0.0726037104147626,-0.0021827836286094937,0.4711166666666667
14,0.0,closed,mi_site,47,0.04089958940511851,-0.3014029713063885,0.4711166666666667
14,0.0,closed,mi_site,48,0.08181033819136013,0.31683513718387013,0.4711166666666667
14,0.0,closed,mi_site,49,0.09166872762132838,0.5849932481498139,0.4711166666666667
14,0.0,closed,mi_site,50,0.059875789427763226,0.29890905263893675,0.4711166666666667
14,0.0,closed,mi_site,51,0.027899319560421576,-0.7547320424511179,0.4711166666666667
14,0.0,closed,mi_site,52,-0.04589420318847981,0.7415862344768104,0.4711166666666667
14,0.0,closed,mi_site,53,0.03637457442965497,0.7884357722100385,0.4711166666666667
14,0.0,closed,mi_site,54,0.029976775685511475,-0.0021407289049469916,0.4711166666666667
14,0.0,closed,mi_site,55,-0.005819068379516179,0.756390942431976,0.4711166666666667
14,0.0,closed,mi_site,56,0.010822338471723758,-0.8867381699881066,0.4711166666666667
14,0.0,closed,mi_site,57,0.01895134280478139,-0.5995119669174012,0.4711166666666667
14,0.0,closed,mi_site,58,-0.05872356691684241,-0.002119516255412772,0.4711166666666667
14,0.0,closed,mi_site,59,0.008605381898549758,-0.7972357649430726,0.4711166666666667
14,0.0,closed,mi_site,60,-0.059882333587094716,0.5335113495151176,0.4711166666666667
14,0.0,closed,mi_site,61,0.007704628143184983,-0.17704273011242874,0.4711166666666667
14,0.0,closed,mi_site,62,-0.049457046565835494,0.6781858487077157,0.4711166666666667
14,0.0,closed,mi_site,63,0.037169163524926274,0.18631679606571547,0.4711166666666667
14,0.0,closed,mi_site,64,-0.0005441221899273874,0.7845605000910678,0.4711166666666667
14,0.0,closed,mi_site,65,0.021316247072390132,0.17686411059108548,0.4711166666666667
14,1.0,aligned,available,0,-0.003035637960655358,-0.009783846503913613,0.4711166666666667
14,1.0,aligned,available,1,-0.006485063561786242,-0.6410523668066181,0.4711166666666667
14,1.0,aligned,available,2,-0.005316677267252934,-0.8363921595466121,0.4711166666666667
14,1.0,aligned,available,3,0.002658437292143656,0.9105151574939541,0.4711166666666667
14,1.0,aligned,available,4,0.012940973223868,-0.000552768729641815,0.4711166666666667
14,1.0,aligned,available,5,0.0017881467313227706,0.8187904871205862,0.4711166666666667
14,1.0,aligned,available,6,-0.005474426542863009,-0.8602113426309655,0.4711166666666667
14,1.0,aligned,available,7,0.00281006362724312,0.8320793565172908,0.4711166666666667
14,1.0,aligned,available,8,0.003098883855218504,0.7485310895978143,0.4711166666666667
14,1.0,aligned,available,9,0.005738567813264974,-0.0008299475203430656,0.4711166666666667
14,1.0,aligned,available,10,0.0025018073738796165,0.929240335277021,0.4711166666666667
14,1.0,aligned,available,11,0.005123374077095011,-0.3008928695380563,0.4711166666666667
14,1.0,aligned,available,12,0.0037367985125351406,0.010140143293701914,0.4711166666666667
14,1.0,aligned,available,13,0.010732763060327263,-0.007968285857813095,0.4711166666666667
14,1.0,aligned,available,14,0.00819039149042847,-0.003952078962614345,0.4711166666666667
14,1.0,aligned,available,15,-0.011625540905270172,-0.008620464065535894,0.4711166666666667
14,1.0,aligned,available,16,-0.00698434082609809,0.009406398070428364,0.4711166666666667
14,1.0,aligned,available,17,0.0004911031053751879,-0.002309577299328633,0.4711166666666667
14,1.0,aligned,available,18,0.006199142758011228,0.13569485700567338,0.4711166666666667
14,1.0,aligned,available,19,0.001076451803220233,0.003085985677153224,0.4711166666666667
14,1.0,aligned,available,20,-0.002313130461053022,-0.010115833762095875,0.4711166666666667
14,1.0,aligned,available,21,0.0022852299834870138,0.6243450586348129,0.4711166666666667
14,1.0,aligned,available,22,0.0017963851166068467,-0.6563326244883478,0.4711166666666667
14,1.0,aligned,available,23,-0.0038462964393580225,0.0061495049249349915,0.4711166666666667
14,1.0,aligned,available,24,0.004520963360374219,-0.7792913336433906,0.4711166666666667
14,1.0,aligned,available,25,-0.0028223755354317426,0.5937537309021808,0.4711166666666667
14,1.0,aligned,available,26,0.0037197684753914606,-0.5874140633139462,0.4711166666666667
14,1.0,aligned,available,27,9.420193651488162e-05,-0.8009411334432851,0.4711166666666667
14,1.0,aligned,available,28,0.004983491036116117,0.007208372309374442,0.4711166666666667
14,1.0,aligned,available,29,-0.006282820735050376,-0.594440475876107,0.4711166666666667
14,1.0,aligned,available,30,-0.003623739718032315,-0.884465673649311,0.4711166666666667
14,1.0,aligned,available,31,-0.017868913040772552,0.005422678294730611,0.4711166666666667
14,1.0,aligned,available,32,0.001257511459470284,-0.8000352066586115,0.4711166666666667
14,1.0,aligned,available,33,0.0036177522429823306,0.6050136118723936,0.4711166666666667
14,1.0,aligned,available,34,0.002416779838029126,-0.674162618902772,0.4711166666666667
14,1.0,aligned,available,35,-0.012730663127587638,-0.8270598693441744,0.4711166666666667
14,1.0,aligned,available,36,0.0007153416993581794,0.004900041999732022,0.4711166666666667
14,1.0,aligned,available,37,-0.008867570406934422,-0.7741617880523457,0.4711166666666667
14,1.0,aligned,available,38,0.00786873973666856,-0.002033712395013924,0.4711166666666667
14,1.0,aligned,available,39,0.0016457964555594007,0.8380422578851134,0.4711166666666667
14,1.0,aligned,available,40,0.0004971228604450095,-0.8418386033177195,0.4711166666666667
14,1.0,aligned,available,41,0.00017305061373784625,0.8936709773592675,0.4711166666666667
14,1.0,aligned,available,42,0.010217391943789567,0.7794356774811,0.4711166666666667
14,1.0,aligned,available,43,0.004509341221256709,-0.004632660292469911,0.4711166666666667
14,1.0,aligned,available,44,0.0024004682490249563,0.8452628155502333,0.4711166666666667
14,1.0,aligned,available,45,-0.0007817311097430783,-0.004805117984238188,0.4711166666666667
14,1.0,aligned,available,46,-0.0060037719872120315,2.628364658410707e-05,0.4711166666666667
14,1.0,aligned,available,47,0.008038189046193023,-0.299225882985199,0.4711166666666667
14,1.0,aligned,available,48,-0.015099873270493391,0.31348684680563704,0.4711166666666667
14,1.0,aligned,available,49,-0.0015882259947155308,0.5888778386921194,0.4711166666666667
14,1.0,aligned,available,50,0.008274958380575903,0.2949822776278548,0.4711166666666667
14,1.0,aligned,available,51,0.0001399503542266478,-0.7548862132943339,0.4711166666666667
14,1.0,aligned,available,52,0.005480624357046215,0.7442621211526469,0.4711166666666667
14,1.0,aligned,available,53,-0.0006643598257700667,0.79147238546515,0.4711166666666667
14,1.0,aligned,available,54,-0.0029366761383787807,-0.0045848901155024595,0.4711166666666667
14,1.0,aligned,available,55,0.0016898561344396157,0.7593684592323988,0.4711166666666667
14,1.0,aligned,available,56,0.0006545169797432804,-0.889882930822406,0.4711166666666667
14,1.0,aligned,available,57,-0.0034874839730346663,-0.6014087259897672,0.4711166666666667
14,1.0,aligned,available,58,-0.008504613772978849,0.0011125496397107297,0.4711166666666667
14,1.0,aligned,available,59,-0.0040280481853430805,-0.8001526124342688,0.4711166666666667
14,1.0,aligned,available,60,0.009880570774637776,0.5392960525170523,0.4711166666666667
14,1.0,aligned,available,61,0.0048615785559187885,-0.1786881252137617,0.4711166666666667
14,1.0,aligned,available,62,0.004649713096257946,0.6852320416307369,0.4711166666666667
14,1.0,aligned,available,63,0.0010667373083921294,0.18451767109966283,0.4711166666666667
14,1.0,aligned,available,64,0.005859218559703061,0.7880074387729491,0.4711166666666667
14,1.0,aligned,available,65,0.0019603029647143333,0.17454648946212678,0.4711166666666667
14,1.0,aligned,mi_obs,0,0.00525516278059268,-0.009783846503913613,0.4711166666666667
14,1.0,aligned,mi_obs,1,-0.007062056058183996,-0.6410523668066181,0.4711166666666667
14,1.0,aligned,mi_obs,2,-0.015225529703218665,-0.8363921595466121,0.4711166666666667
14,1.0,aligned,mi_obs,3,-0.00016606594659707152,0.9105151574939541,0.4711166666666667
14,1.0,aligned,mi_obs,4,0.06554917400198196,-0.000552768729641815,0.4711166666666667
14,1.0,aligned,mi_obs,5,0.007486351658497092,0.8187904871205862,0.4711166666666667
14,1.0,aligned,mi_obs,6,0.0118948224086326,-0.8602113426309655,0.4711166666666667
14,1.0,aligned,mi_obs,7,-0.056651983147117724,0.8320793565172908,0.4711166666666667
14,1.0,aligned,mi_obs,8,0.009243123137822273,0.7485310895978143,0.4711166666666667
14,1.0,aligned,mi_obs,9,0.02446245166445759,-0.0008299475203430656,0.4711166666666667
14,1.0,aligned,mi_obs,10,0.005458112942047122,0.929240335277021,0.4711166666666667
14,1.0,aligned,mi_obs,11,-0.07681751520306324,-0.3008928695380563,0.4711166666666667
14,1.0,aligned,mi_obs,12,-0.0016371919751994903,0.010140143293701914,0.4711166666666667
14,1.0,aligned,mi_obs,13,0.005826536064981858,-0.007968285857813095,0.4711166666666667
14,1.0,aligned,mi_obs,14,-0.005115939283928138,-0.003952078962614345,0.4711166666666667
14,1.0,aligned,mi_obs,15,-0.0204577562003645,-0.008620464065535894,0.4711166666666667
14,1.0,aligned,mi_obs,16,-0.004089577392552088,0.009406398070428364,0.4711166666666667
14,1.0,aligned,mi_obs,17,0.015556117246689007,-0.002309577299328633,0.4711166666666667
14,1.0,aligned,mi_obs,18,-0.002992520175488067,0.13569485700567338,0.4711166666666667
14,1.0,aligned,mi_obs,19,-0.003283468589805452,0.003085985677153224,0.4711166666666667
14,1.0,aligned,mi_obs,20,-0.002313855731102238,-0.010115833762095875,0.4711166666666667
14,1.0,aligned,mi_obs,21,0.024543543514844335,0.6243450586348129,0.4711166666666667
14,1.0,aligned,mi_obs,22,-0.010304241231607447,-0.6563326244883478,0.4711166666666667
14,1.0,aligned,mi_obs,23,-0.0702730874235531,0.0061495049249349915,0.4711166666666667
14,1.0,aligned,mi_obs,24,-0.06350573360780853,-0.7792913336433906,0.4711166666666667
14,1.0,aligned,mi_obs,25,-0.006214724448943332,0.5937537309021808,0.4711166666666667
14,1.0,aligned,mi_obs,26,0.03557862610339846,-0.5874140633139462,0.4711166666666667
14,1.0,aligned,mi_obs,27,-0.02340399620843081,-0.8009411334432851,0.4711166666666667
14,1.0,aligned,mi_obs,28,-0.029941995533917354,0.007208372309374442,0.4711166666666667
14,1.0,aligned,mi_obs,29,-0.012620655448639773,-0.594440475876107,0.4711166666666667
14,1.0,aligned,mi_obs,30,-0.012563813197652762,-0.884465673649311,0.4711166666666667
14,1.0,aligned,mi_obs,31,-0.06558561746560315,0.005422678294730611,0.4711166666666667
14,1.0,aligned,mi_obs,32,-0.017900072041858728,-0.8000352066586115,0.4711166666666667
14,1.0,aligned,mi_obs,33,-0.021839407945703715,0.6050136118723936,0.4711166666666667
14,1.0,aligned,mi_obs,34,0.058842333633992716,-0.674162618902772,0.4711166666666667
14,1.0,aligned,mi_obs,35,-0.024708154876931787,-0.8270598693441744,0.4711166666666667
14,1.0,aligned,mi_obs,36,-0.016071756618684936,0.004900041999732022,0.4711166666666667
14,1.0,aligned,mi_obs,37,-0.009949647429641661,-0.7741617880523457,0.4711166666666667
14,1.0,aligned,mi_obs,38,0.04923072941847945,-0.002033712395013924,0.4711166666666667
14,1.0,aligned,mi_obs,39,0.007840068703545477,0.8380422578851134,0.4711166666666667
14,1.0,aligned,mi_obs,40,0.006792662357081425,-0.8418386033177195,0.4711166666666667
14,1.0,aligned,mi_obs,41,-0.024337610990444958,0.8936709773592675,0.4711166666666667
14,1.0,aligned,mi_obs,42,0.001238480370784223,0.7794356774811,0.4711166666666667
14,1.0,aligned,mi_obs,43,0.01141780119181016,-0.004632660292469911,0.4711166666666667
14,1.0,aligned,mi_obs,44,-0.003441131942399478,0.8452628155502333,0.4711166666666667
14,1.0,aligned,mi_obs,45,0.052770518064325755,-0.004805117984238188,0.4711166666666667
14,1.0,aligned,mi_obs,46,-0.06704596123339754,2.628364658410707e-05,0.4711166666666667
14,1.0,aligned,mi_obs,47,0.0454202813204288,-0.299225882985199,0.4711166666666667
14,1.0,aligned,mi_obs,48,0.08278594066983652,0.31348684680563704,0.4711166666666667
14,1.0,aligned,mi_obs,49,0.09016620538720443,0.5888778386921194,0.4711166666666667
14,1.0,aligned,mi_obs,50,0.07238711971037409,0.2949822776278548,0.4711166666666667
14,1.0,aligned,mi_obs,51,0.014382681265992625,-0.7548862132943339,0.4711166666666667
14,1.0,aligned,mi_obs,52,-0.03840065749219668,0.7442621211526469,0.4711166666666667
14,1.0,aligned,mi_obs,53,0.04028132138301033,0.79147238546515,0.4711166666666667
14,1.0,aligned,mi_obs,54,0.011112903874919141,-0.0045848901155024595,0.4711166666666667
14,1.0,aligned,mi_obs,55,0.003666753431614933,0.7593684592323988,0.4711166666666667
14,1.0,aligned,mi_obs,56,0.0066774278907808515,-0.889882930822406,0.4711166666666667
14,1.0,aligned,mi_obs,57,0.02491685554216705,-0.6014087259897672,0.4711166666666667
14,1.0,aligned,mi_obs,58,-0.053522296021162735,0.0011125496397107297,0.4711166666666667
14,1.0,aligned,mi_obs,59,0.0006063099564479479,-0.8001526124342688,0.4711166666666667
14,1.0,aligned,mi_obs,60,-0.05889616670082104,0.5392960525170523,0.4711166666666667
14,1.0,aligned,mi_obs,61,0.0190090805054679,-0.1786881252137617,0.4711166666666667
14,1.0,aligned,mi_obs,62,-0.04896939859748917,0.6852320416307369,0.4711166666666667
14,1.0,aligned,mi_obs,63,0.02626733065068315,0.18451767109966283,0.4711166666666667
14,1.0,aligned,mi_obs,64,0.004500175246608951,0.7880074387729491,0.4711166666666667
14,1.0,aligned,mi_obs,65,0.027088979963626997,0.17454648946212678,0.4711166666666667
14,1.0,aligned,mi_class,0,-0.10648659807198177,-0.009783846503913613,0.4711166666666667
14,1.0,aligned,mi_class,1,0.26833016966807954,-0.6410523668066181,0.4711166666666667
14,1.0,aligned,mi_class,2,0.26476533303366623,-0.8363921595466121,0.4711166666666667
14,1.0,aligned,mi_class,3,-0.4609903813668832,0.9105151574939541,0.4711166666666667
14,1.0,aligned,mi_class,4,-0.009613256095231299,-0.000552768729641815,0.4711166666666667
14,1.0,aligned,mi_class,5,-0.3729282565443909,0.8187904871205862,0.4711166666666667
14,1.0,aligned,mi_class,6,0.26239472098687644,-0.8602113426309655,0.4711166666666667
14,1.0,aligned,mi_class,7,-0.3788782699207606,0.8320793565172908,0.4711166666666667
14,1.0,aligned,mi_class,8,-0.3056198495049115,0.7485310895978143,0.4711166666666667
14,1.0,aligned,mi_class,9,0.0029925293815477407,-0.0008299475203430656,0.4711166666666667
14,1.0,aligned,mi_class,10,-0.3090505882967599,0.929240335277021,0.4711166666666667
14,1.0,aligned,mi_class,11,0.0390859486529716,-0.3008928695380563,0.4711166666666667
14,1.0,aligned,mi_class,12,0.016550382425472316,0.010140143293701914,0.4711166666666667
14,1.0,aligned,mi_class,13,0.013491598924866717,-0.007968285857813095,0.4711166666666667
14,1.0,aligned,mi_class,14,0.008232789911573783,-0.003952078962614345,0.4711166666666667
14,1.0,aligned,mi_class,15,-0.0026878969589115946,-0.008620464065535894,0.4711166666666667
14,1.0,aligned,mi_class,16,-0.03816208495571654,0.009406398070428364,0.4711166666666667
14,1.0,aligned,mi_class,17,-0.0028075527069940233,-0.002309577299328633,0.4711166666666667
14,1.0,aligned,mi_class,18,-0.04294831263807326,0.13569485700567338,0.4711166666666667
14,1.0,aligned,mi_class,19,-0.0031240247800114673,0.003085985677153224,0.4711166666666667
14,1.0,aligned,mi_class,20,0.019506428252124227,-0.010115833762095875,0.4711166666666667
14,1.0,aligned,mi_class,21,-0.07527585575193363,0.6243450586348129,0.4711166666666667
14,1.0,aligned,mi_class,22,0.2818790979193391,-0.6563326244883478,0.4711166666666667
14,1.0,aligned,mi_class,23,0.026055324994429745,0.0061495049249349915,0.4711166666666667
14,1.0,aligned,mi_class,24,0.3396437705359633,-0.7792913336433906,0.4711166666666667
14,1.0,aligned,mi_class,25,-0.0905217257678016,0.5937537309021808,0.4711166666666667
14,1.0,aligned,mi_class,26,0.25755416426494876,-0.5874140633139462,0.4711166666666667
14,1.0,aligned,mi_class,27,0.1971102728301769,-0.8009411334432851,0.4711166666666667
14,1.0,aligned,mi_class,28,-0.05454027694352939,0.007208372309374442,0.4711166666666667
14,1.0,aligned,mi_class,29,0.06324689579480613,-0.594440475876107,0.4711166666666667
14,1.0,aligned,mi_class,30,0.31785347239617634,-0.884465673649311,0.4711166666666667
14,1.0,aligned,mi_class,31,0.03047016875825304,0.005422678294730611,0.4711166666666667
14,1.0,aligned,mi_class,32,0.16834133298337972,-0.8000352066586115,0.4711166666666667
14,1.0,aligned,mi_class,33,0.0511464973023098,0.6050136118723936,0.4711166666666667
14,1.0,aligned,mi_class,34,0.1388835482533297,-0.674162618902772,0.4711166666666667
14,1.0,aligned,mi_class,35,0.03243314289365895,-0.8270598693441744,0.4711166666666667
14,1.0,aligned,mi_class,36,-0.022223541183938426,0.004900041999732022,0.4711166666666667
14,1.0,aligned,mi_class,37,-0.045473126786335305,-0.7741617880523457,0.4711166666666667
14,1.0,aligned,mi_class,38,-0.018749144428299995,-0.002033712395013924,0.4711166666666667
14,1.0,aligned,mi_class,39,-0.22520772138462775,0.8380422578851134,0.4711166666666667
14,1.0,aligned,mi_class,40,0.1967678835182094,-0.8418386033177195,0.4711166666666667
14,1.0,aligned,mi_class,41,-0.25075951572129584,0.8936709773592675,0.4711166666666667
14,1.0,aligned,mi_class,42,-0.21911201377085887,0.7794356774811,0.4711166666666667
14,1.0,aligned,mi_class,43,0.020696740113284602,-0.004632660292469911,0.4711166666666667
14,1.0,aligned,mi_class,44,-0.2490801334634769,0.8452628155502333,0.4711166666666667
14,1.0,aligned,mi_class,45,-0.036605103714637474,-0.004805117984238188,0.4711166666666667
14,1.0,aligned,mi_class,46,0.012510275746035807,2.628364658410707e-05,0.4711166666666667
14,1.0,aligned,mi_class,47,0.004123750136542426,-0.299225882985199,0.4711166666666667
14,1.0,aligned,mi_class,48,-0.145803868538107,0.31348684680563704,0.4711166666666667
14,1.0,aligned,mi_class,49,-0.3662353522735766,0.5888778386921194,0.4711166666666667
14,1.0,aligned,mi_class,50,-0.1063175209314205,0.2949822776278548,0.4711166666666667
14,1.0,aligned,mi_class,51,0.14665737200554985,-0.7548862132943339,0.4711166666666667
14,1.0,aligned,mi_class,52,0.0036529050658526963,0.7442621211526469,0.4711166666666667
14,1.0,aligned,mi_class,53,-0.21833637784645799,0.79147238546515,0.4711166666666667
14,1.0,aligned,mi_class,54,0.004541650730574847,-0.0045848901155024595,0.4711166666666667
14,1.0,aligned,mi_class,55,-0.18387040967142176,0.7593684592323988,0.4711166666666667
14,1.0,aligned,mi_class,56,0.1752529977724102,-0.889882930822406,0.4711166666666667
14,1.0,aligned,mi_class,57,0.10196711146028481,-0.6014087259897672,0.4711166666666667
14,1.0,aligned,mi_class,58,-0.024136580090755415,0.0011125496397107297,0.4711166666666667
14,1.0,aligned,mi_class,59,0.002993558879581526,-0.8001526124342688,0.4711166666666667
14,1.0,aligned,mi_class,60,-0.15004728118584715,0.5392960525170523,0.4711166666666667
14,1.0,aligned,mi_class,61,0.10674143404573429,-0.1786881252137617,0.4711166666666667
14,1.0,aligned,mi_class,62,-0.16395189423909518,0.6852320416307369,0.4711166666666667
14,1.0,aligned,mi_class,63,-0.0907644037966368,0.18451767109966283,0.4711166666666667
14,1.0,aligned,mi_class,64,-0.08772126758845222,0.7880074387729491,0.4711166666666667
14,1.0,aligned,mi_class,65,-0.07046719926911015,0.17454648946212678,0.4711166666666667
14,1.0,aligned,mi_site,0,0.0038299066828805482,-0.009783846503913613,0.4711166666666667
14,1.0,aligned,mi_site,1,0.06749007879400204,-0.6410523668066181,0.4711166666666667
14,1.0,aligned,mi_site,2,0.17915179395201863,-0.8363921595466121,0.4711166666666667
14,1.0,aligned,mi_site,3,-0.08626827386758218,0.9105151574939541,0.4711166666666667
14,1.0,aligned,mi_site,4,0.05051841898465659,-0.000552768729641815,0.4711166666666667
14,1.0,aligned,mi_site,5,-0.04920763190812538,0.8187904871205862,0.4711166666666667
14,1.0,aligned,mi_site,6,0.06400044579752207,-0.8602113426309655,0.4711166666666667
14,1.0,aligned,mi_site,7,-0.08940700246035826,0.8320793565172908,0.4711166666666667
14,1.0,aligned,mi_site,8,-0.05236882838045798,0.7485310895978143,0.4711166666666667
14,1.0,aligned,mi_site,9,0.010372083003262202,-0.0008299475203430656,0.4711166666666667
14,1.0,aligned,mi_site,10,-0.0738697290807826,0.929240335277021,0.4711166666666667
14,1.0,aligned,mi_site,11,-0.012475374755041069,-0.3008928695380563,0.4711166666666667
14,1.0,aligned,mi_site,12,-0.004533842831483213,0.010140143293701914,0.4711166666666667
14,1.0,aligned,mi_site,13,0.008880796188037672,-0.007968285857813095,0.4711166666666667
14,1.0,aligned,mi_site,14,-0.01781499888391365,-0.003952078962614345,0.4711166666666667
14,1.0,aligned,mi_site,15,-0.0036238101092981225,-0.008620464065535894,0.4711166666666667
14,1.0,aligned,mi_site,16,-0.007855527020661624,0.009406398070428364,0.4711166666666667
14,1.0,aligned,mi_site,17,0.019368370467242334,-0.002309577299328633,0.4711166666666667
14,1.0,aligned,mi_site,18,-0.00758278925016051,0.13569485700567338,0.4711166666666667
14,1.0,aligned,mi_site,19,-0.004696134341741138,0.003085985677153224,0.4711166666666667
14,1.0,aligned,mi_site,20,-0.0022445671728842844,-0.010115833762095875,0.4711166666666667
14,1.0,aligned,mi_site,21,-0.03126258469034049,0.6243450586348129,0.4711166666666667
14,1.0,aligned,mi_site,22,0.04246663605625933,-0.6563326244883478,0.4711166666666667
14,1.0,aligned,mi_site,23,-0.033662998196837865,0.0061495049249349915,0.4711166666666667
14,1.0,aligned,mi_site,24,-0.025538551686940747,-0.7792913336433906,0.4711166666666667
14,1.0,aligned,mi_site,25,-0.017933129340921505,0.5937537309021808,0.4711166666666667
14,1.0,aligned,mi_site,26,0.04188537814658022,-0.5874140633139462,0.4711166666666667
14,1.0,aligned,mi_site,27,0.017863309981238418,-0.8009411334432851,0.4711166666666667
14,1.0,aligned,mi_site,28,-0.010698238533549082,0.007208372309374442,0.4711166666666667
14,1.0,aligned,mi_site,29,0.03475609127901591,-0.594440475876107,0.4711166666666667
14,1.0,aligned,mi_site,30,0.09380554096703586,-0.884465673649311,0.4711166666666667
14,1.0,aligned,mi_site,31,-0.050572575770145775,0.005422678294730611,0.4711166666666667
14,1.0,aligned,mi_site,32,0.07536748579567765,-0.8000352066586115,0.4711166666666667
14,1.0,aligned,mi_site,33,-0.08807822943612964,0.6050136118723936,0.4711166666666667
14,1.0,aligned,mi_site,34,0.12157460439572232,-0.674162618902772,0.4711166666666667
14,1.0,aligned,mi_site,35,0.08300575956314693,-0.8270598693441744,0.4711166666666667
14,1.0,aligned,mi_site,36,-0.007234977049294057,0.004900041999732022,0.4711166666666667
14,1.0,aligned,mi_site,37,0.10599415019670422,-0.7741617880523457,0.4711166666666667
14,1.0,aligned,mi_site,38,0.06330528393907586,-0.002033712395013924,0.4711166666666667
14,1.0,aligned,mi_site,39,-0.007608626395270934,0.8380422578851134,0.4711166666666667
14,1.0,aligned,mi_site,40,0.02718391914140983,-0.8418386033177195,0.4711166666666667
14,1.0,aligned,mi_site,41,-0.05529633300407477,0.8936709773592675,0.4711166666666667
14,1.0,aligned,mi_site,42,0.0004890730013824562,0.7794356774811,0.4711166666666667
14,1.0,aligned,mi_site,43,0.013409076985262601,-0.004632660292469911,0.4711166666666667
14,1.0,aligned,mi_site,44,-0.02441268336007474,0.8452628155502333,0.4711166666666667
14,1.0,aligned,mi_site,45,0.04981265091791695,-0.004805117984238188,0.4711166666666667
14,1.0,aligned,mi_site,46,-0.06037503315773629,2.628364658410707e-05,0.4711166666666667
14,1.0,aligned,mi_site,47,0.03793930374684379,-0.299225882985199,0.4711166666666667
14,1.0,aligned,mi_site,48,0.059171854446488314,0.31348684680563704,0.4711166666666667
14,1.0,aligned,mi_site,49,-0.047289206649461346,0.5888778386921194,0.4711166666666667
14,1.0,aligned,mi_site,50,0.04592667671422607,0.2949822776278548,0.4711166666666667
14,1.0,aligned,mi_site,51,-0.001558740010101367,-0.7548862132943339,0.4711166666666667
14,1.0,aligned,mi_site,52,-0.015578509458866185,0.7442621211526469,0.4711166666666667
14,1.0,aligned,mi_site,53,0.04410782754369724,0.79147238546515,0.4711166666666667
14,1.0,aligned,mi_site,54,0.020866125639960577,-0.0045848901155024595,0.4711166666666667
14,1.0,aligned,mi_site,55,-0.003585790755391116,0.7593684592323988,0.4711166666666667
14,1.0,aligned,mi_site,56,0.0082616288351115,-0.889882930822406,0.4711166666666667
14,1.0,aligned,mi_site,57,-0.0007764976158530779,-0.6014087259897672,0.4711166666666667
14,1.0,aligned,mi_site,58,-0.03864503866117841,0.0011125496397107297,0.4711166666666667
14,1.0,aligned,mi_site,59,0.011642557101226858,-0.8001526124342688,0.4711166666666667
14,1.0,aligned,mi_site,60,-0.03246992594501019,0.5392960525170523,0.4711166666666667
14,1.0,aligned,mi_site,61,0.030725512811055983,-0.1786881252137617,0.4711166666666667
14,1.0,aligned,mi_site,62,-0.04516650658025945,0.6852320416307369,0.4711166666666667
14,1.0,aligned,mi_site,63,-0.014627680136230364,0.18451767109966283,0.4711166666666667
14,1.0,aligned,mi_site,64,-0.009900240434713936,0.7880074387729491,0.4711166666666667
14,1.0,aligned,mi_site,65,-0.018602564950317063,0.17454648946212678,0.4711166666666667
14,1.0,closed,available,0,0.006243353027285832,-0.009783846503913613,0.4711166666666667
14,1.0,closed,available,1,4.78126189346062e-05,-0.6410523668066181,0.4711166666666667
14,1.0,closed,available,2,0.00221270468513024,-0.8363921595466121,0.4711166666666667
14,1.0,closed,available,3,0.0013847522051517736,0.9105151574939541,0.4711166666666667
14,1.0,closed,available,4,0.0030988156075823677,-0.000552768729641815,0.4711166666666667
14,1.0,closed,available,5,0.0013006398787226425,0.8187904871205862,0.4711166666666667
14,1.0,closed,available,6,-0.0021203332824722976,-0.8602113426309655,0.4711166666666667
14,1.0,closed,available,7,0.00047237351294171503,0.8320793565172908,0.4711166666666667
14,1.0,closed,available,8,-0.004690758680275575,0.7485310895978143,0.4711166666666667
14,1.0,closed,available,9,-0.0011531542911197958,-0.0008299475203430656,0.4711166666666667
14,1.0,closed,available,10,0.0008002312213754026,0.929240335277021,0.4711166666666667
14,1.0,closed,available,11,0.016706879314891954,-0.3008928695380563,0.4711166666666667
14,1.0,closed,available,12,0.003508748050386914,0.010140143293701914,0.4711166666666667
14,1.0,closed,available,13,-0.0016941202226647377,-0.007968285857813095,0.4711166666666667
14,1.0,closed,available,14,0.008725579913981617,-0.003952078962614345,0.4711166666666667
14,1.0,closed,available,15,0.0005045712156867554,-0.008620464065535894,0.4711166666666667
14,1.0,closed,available,16,0.003487189790180806,0.009406398070428364,0.4711166666666667
14,1.0,closed,available,17,-0.013365616813287363,-0.002309577299328633,0.4711166666666667
14,1.0,closed,available,18,0.002616666763119724,0.13569485700567338,0.4711166666666667
14,1.0,closed,available,19,0.009237431270329818,0.003085985677153224,0.4711166666666667
14,1.0,closed,available,20,0.00900961095996606,-0.010115833762095875,0.4711166666666667
14,1.0,closed,available,21,-0.008274158711316648,0.6243450586348129,0.4711166666666667
14,1.0,closed,available,22,-0.008931373512735097,-0.6563326244883478,0.4711166666666667
14,1.0,closed,available,23,-0.015423813961348887,0.0061495049249349915,0.4711166666666667
14,1.0,closed,available,24,-0.0037110613604872666,-0.7792913336433906,0.4711166666666667
14,1.0,closed,available,25,0.0014050883123967184,0.5937537309021808,0.4711166666666667
14,1.0,closed,available,26,-0.0009169246548551557,-0.5874140633139462,0.4711166666666667
14,1.0,closed,available,27,-0.00264846208706504,-0.8009411334432851,0.4711166666666667
14,1.0,closed,available,28,-0.0006159844919158275,0.007208372309374442,0.4711166666666667
14,1.0,closed,available,29,0.004248652538756503,-0.594440475876107,0.4711166666666667
14,1.0,closed,available,30,-0.006115735360973984,-0.884465673649311,0.4711166666666667
14,1.0,closed,available,31,0.006388059828405673,0.005422678294730611,0.4711166666666667
14,1.0,closed,available,32,-0.009173374206656981,-0.8000352066586115,0.4711166666666667
14,1.0,closed,available,33,0.013436311647729404,0.6050136118723936,0.4711166666666667
14,1.0,closed,available,34,-0.017830840459879482,-0.674162618902772,0.4711166666666667
14,1.0,closed,available,35,0.0003828876482060428,-0.8270598693441744,0.4711166666666667
14,1.0,closed,available,36,0.016352790620399703,0.004900041999732022,0.4711166666666667
14,1.0,closed,available,37,0.006030179269386315,-0.7741617880523457,0.4711166666666667
14,1.0,closed,available,38,0.0014079153106072609,-0.002033712395013924,0.4711166666666667
14,1.0,closed,available,39,-0.0014613035567420107,0.8380422578851134,0.4711166666666667
14,1.0,closed,available,40,0.0006264385444869625,-0.8418386033177195,0.4711166666666667
14,1.0,closed,available,41,-0.0015064878888644273,0.8936709773592675,0.4711166666666667
14,1.0,closed,available,42,-0.0039214314807844985,0.7794356774811,0.4711166666666667
14,1.0,closed,available,43,-0.006026254495887649,-0.004632660292469911,0.4711166666666667
14,1.0,closed,available,44,0.0013060947438423565,0.8452628155502333,0.4711166666666667
14,1.0,closed,available,45,0.006760970557693969,-0.004805117984238188,0.4711166666666667
14,1.0,closed,available,46,-0.00869515092547955,2.628364658410707e-05,0.4711166666666667
14,1.0,closed,available,47,0.002711548511843742,-0.299225882985199,0.4711166666666667
14,1.0,closed,available,48,-0.005309121734082434,0.31348684680563704,0.4711166666666667
14,1.0,closed,available,49,-0.009422819775117941,0.5888778386921194,0.4711166666666667
14,1.0,closed,available,50,0.0025413499785247873,0.2949822776278548,0.4711166666666667
14,1.0,closed,available,51,0.0026543376242507133,-0.7548862132943339,0.4711166666666667
14,1.0,closed,available,52,-0.0036298991202171615,0.7442621211526469,0.4711166666666667
14,1.0,closed,available,53,-0.003072193984030469,0.79147238546515,0.4711166666666667
14,1.0,closed,available,54,0.008437274500509195,-0.0045848901155024595,0.4711166666666667
14,1.0,closed,available,55,0.00014337657672558457,0.7593684592323988,0.4711166666666667
14,1.0,closed,available,56,0.002442246051765351,-0.889882930822406,0.4711166666666667
14,1.0,closed,available,57,0.002814771902131641,-0.6014087259897672,0.4711166666666667
14,1.0,closed,available,58,-0.0075843829978843825,0.0011125496397107297,0.4711166666666667
14,1.0,closed,available,59,-0.0029157443935845517,-0.8001526124342688,0.4711166666666667
14,1.0,closed,available,60,-0.00480736577308416,0.5392960525170523,0.4711166666666667
14,1.0,closed,available,61,0.008251245961311465,-0.1786881252137617,0.4711166666666667
14,1.0,closed,available,62,0.0010681547271682579,0.6852320416307369,0.4711166666666667
14,1.0,closed,available,63,-0.014747868938205483,0.18451767109966283,0.4711166666666667
14,1.0,closed,available,64,-0.006396320711823056,0.7880074387729491,0.4711166666666667
14,1.0,closed,available,65,-0.004993047224008174,0.17454648946212678,0.4711166666666667
14,1.0,closed,mi_obs,0,0.007781743537859102,-0.009783846503913613,0.4711166666666667
14,1.0,closed,mi_obs,1,0.0020401742875156836,-0.6410523668066181,0.4711166666666667
14,1.0,closed,mi_obs,2,-0.015779031848222602,-0.8363921595466121,0.4711166666666667
14,1.0,closed,mi_obs,3,0.0024604901578348937,0.9105151574939541,0.4711166666666667
14,1.0,closed,mi_obs,4,0.05616004001825696,-0.000552768729641815,0.4711166666666667
14,1.0,closed,mi_obs,5,0.009966115952079191,0.8187904871205862,0.4711166666666667
14,1.0,closed,mi_obs,6,0.017864791083491927,-0.8602113426309655,0.4711166666666667
14,1.0,closed,mi_obs,7,-0.05468184721925484,0.8320793565172908,0.4711166666666667
14,1.0,closed,mi_obs,8,0.004465248468465077,0.7485310895978143,0.4711166666666667
14,1.0,closed,mi_obs,9,0.010420409912062098,-0.0008299475203430656,0.4711166666666667
14,1.0,closed,mi_obs,10,0.004866338952307814,0.929240335277021,0.4711166666666667
14,1.0,closed,mi_obs,11,-0.0761169925349574,-0.3008928695380563,0.4711166666666667
14,1.0,closed,mi_obs,12,0.020282891458531488,0.010140143293701914,0.4711166666666667
14,1.0,closed,mi_obs,13,0.004349645637127411,-0.007968285857813095,0.4711166666666667
14,1.0,closed,mi_obs,14,0.01142578280225983,-0.003952078962614345,0.4711166666666667
14,1.0,closed,mi_obs,15,-0.006777947779779105,-0.008620464065535894,0.4711166666666667
14,1.0,closed,mi_obs,16,0.004182837444342946,0.009406398070428364,0.4711166666666667
14,1.0,closed,mi_obs,17,-0.015302701710393213,-0.002309577299328633,0.4711166666666667
14,1.0,closed,mi_obs,18,0.024563236117361775,0.13569485700567338,0.4711166666666667
14,1.0,closed,mi_obs,19,0.011862946165052434,0.003085985677153224,0.4711166666666667
14,1.0,closed,mi_obs,20,0.009151175888311798,-0.010115833762095875,0.4711166666666667
14,1.0,closed,mi_obs,21,0.01947890508085326,0.6243450586348129,0.4711166666666667
14,1.0,closed,mi_obs,22,0.0015507959963000362,-0.6563326244883478,0.4711166666666667
14,1.0,closed,mi_obs,23,-0.07156765104112547,0.0061495049249349915,0.4711166666666667
14,1.0,closed,mi_obs,24,-0.06427290788782969,-0.7792913336433906,0.4711166666666667
14,1.0,closed,mi_obs,25,-0.01742015962198873,0.5937537309021808,0.4711166666666667
14,1.0,closed,mi_obs,26,0.05029938572381454,-0.5874140633139462,0.4711166666666667
14,1.0,closed,mi_obs,27,-0.021925822198261335,-0.8009411334432851,0.4711166666666667
14,1.0,closed,mi_obs,28,-0.01598014607596388,0.007208372309374442,0.4711166666666667
14,1.0,closed,mi_obs,29,-0.0014489947043839768,-0.594440475876107,0.4711166666666667
14,1.0,closed,mi_obs,30,-0.009394215910006887,-0.884465673649311,0.4711166666666667
14,1.0,closed,mi_obs,31,-0.05634167792654796,0.005422678294730611,0.4711166666666667
14,1.0,closed,mi_obs,32,-0.02739578743290927,-0.8000352066586115,0.4711166666666667
14,1.0,closed,mi_obs,33,-0.033239400528778495,0.6050136118723936,0.4711166666666667
14,1.0,closed,mi_obs,34,0.061868806564334355,-0.674162618902772,0.4711166666666667
14,1.0,closed,mi_obs,35,-0.022553709466480942,-0.8270598693441744,0.4711166666666667
14,1.0,closed,mi_obs,36,0.004365779721719473,0.004900041999732022,0.4711166666666667
14,1.0,closed,mi_obs,37,-0.00783404332275972,-0.7741617880523457,0.4711166666666667
14,1.0,closed,mi_obs,38,0.04428401095602325,-0.002033712395013924,0.4711166666666667
14,1.0,closed,mi_obs,39,0.006284363735220011,0.8380422578851134,0.4711166666666667
14,1.0,closed,mi_obs,40,0.01003203349209969,-0.8418386033177195,0.4711166666666667
14,1.0,closed,mi_obs,41,-0.02670091337166758,0.8936709773592675,0.4711166666666667
14,1.0,closed,mi_obs,42,-0.00656711685402811,0.7794356774811,0.4711166666666667
14,1.0,closed,mi_obs,43,0.0020366636393414042,-0.004632660292469911,0.4711166666666667
14,1.0,closed,mi_obs,44,0.0005059436947962848,0.8452628155502333,0.4711166666666667
14,1.0,closed,mi_obs,45,0.050616220292342445,-0.004805117984238188,0.4711166666666667
14,1.0,closed,mi_obs,46,-0.06361875561682112,2.628364658410707e-05,0.4711166666666667
14,1.0,closed,mi_obs,47,0.02896585308709393,-0.299225882985199,0.4711166666666667
14,1.0,closed,mi_obs,48,0.09102549060259518,0.31348684680563704,0.4711166666666667
14,1.0,closed,mi_obs,49,0.08832303686060072,0.5888778386921194,0.4711166666666667
14,1.0,closed,mi_obs,50,0.06395035906755409,0.2949822776278548,0.4711166666666667
14,1.0,closed,mi_obs,51,0.019259771286225913,-0.7548862132943339,0.4711166666666667
14,1.0,closed,mi_obs,52,-0.04075295436282089,0.7442621211526469,0.4711166666666667
14,1.0,closed,mi_obs,53,0.035421063561981936,0.79147238546515,0.4711166666666667
14,1.0,closed,mi_obs,54,-0.01028055288544116,-0.0045848901155024595,0.4711166666666667
14,1.0,closed,mi_obs,55,0.0035749029429851253,0.7593684592323988,0.4711166666666667
14,1.0,closed,mi_obs,56,0.00886786425612962,-0.889882930822406,0.4711166666666667
14,1.0,closed,mi_obs,57,0.03674133477908703,-0.6014087259897672,0.4711166666666667
14,1.0,closed,mi_obs,58,-0.04311611557098782,0.0011125496397107297,0.4711166666666667
14,1.0,closed,mi_obs,59,0.0025426063420187495,-0.8001526124342688,0.4711166666666667
14,1.0,closed,mi_obs,60,-0.07889285990771672,0.5392960525170523,0.4711166666666667
14,1.0,closed,mi_obs,61,-0.010094082993656689,-0.1786881252137617,0.4711166666666667
14,1.0,closed,mi_obs,62,-0.048311961351341304,0.6852320416307369,0.4711166666666667
14,1.0,closed,mi_obs,63,0.01898931898087583,0.18451767109966283,0.4711166666666667
14,1.0,closed,mi_obs,64,-0.00047298110416527095,0.7880074387729491,0.4711166666666667
14,1.0,closed,mi_obs,65,0.014513713183005539,0.17454648946212678,0.4711166666666667
14,1.0,closed,mi_class,0,0.0022933703948713625,-0.009783846503913613,0.4711166666666667
14,1.0,closed,mi_class,1,0.17446582080466627,-0.6410523668066181,0.4711166666666667
14,1.0,closed,mi_class,2,0.054618292083283504,-0.8363921595466121,0.4711166666666667
14,1.0,closed,mi_class,3,-0.2094481407490454,0.9105151574939541,0.4711166666666667
14,1.0,closed,mi_class,4,0.03610399448971778,-0.000552768729641815,0.4711166666666667
14,1.0,closed,mi_class,5,-0.16704412198546192,0.8187904871205862,0.4711166666666667
14,1.0,closed,mi_class,6,-0.007558827215664032,-0.8602113426309655,0.4711166666666667
14,1.0,closed,mi_class,7,-0.1708581101847385,0.8320793565172908,0.4711166666666667
14,1.0,closed,mi_class,8,-0.09102040992598226,0.7485310895978143,0.4711166666666667
14,1.0,closed,mi_class,9,0.0003319298078409207,-0.0008299475203430656,0.4711166666666667
14,1.0,closed,mi_class,10,-0.9288603643150167,0.929240335277021,0.4711166666666667
14,1.0,closed,mi_class,11,0.0689179477708759,-0.3008928695380563,0.4711166666666667
14,1.0,closed,mi_class,12,0.002015451655595253,0.010140143293701914,0.4711166666666667
14,1.0,closed,mi_class,13,0.015369004017626413,-0.007968285857813095,0.4711166666666667
14,1.0,closed,mi_class,14,0.013962548124023703,-0.003952078962614345,0.4711166666666667
14,1.0,closed,mi_class,15,0.0035058842340008932,-0.008620464065535894,0.4711166666666667
14,1.0,closed,mi_class,16,0.0032468520257490623,0.009406398070428364,0.4711166666666667
14,1.0,closed,mi_class,17,-0.0066780791574249775,-0.002309577299328633,0.4711166666666667
14,1.0,closed,mi_class,18,-0.02325198694185561,0.13569485700567338,0.4711166666666667
14,1.0,closed,mi_class,19,-0.0011295993815141569,0.003085985677153224,0.4711166666666667
14,1.0,closed,mi_class,20,0.008105698280643251,-0.010115833762095875,0.4711166666666667
14,1.0,closed,mi_class,21,-0.14155955637689382,0.6243450586348129,0.4711166666666667
14,1.0,closed,mi_class,22,0.23679060244957945,-0.6563326244883478,0.4711166666666667
14,1.0,closed,mi_class,23,-0.01986305808735122,0.0061495049249349915,0.4711166666666667
14,1.0,closed,mi_class,24,0.37905504992190864,-0.7792913336433906,0.4711166666666667
14,1.0,closed,mi_class,25,-0.15921622725903306,0.5937537309021808,0.4711166666666667
14,1.0,closed,mi_class,26,0.2864814259998444,-0.5874140633139462,0.4711166666666667
14,1.0,closed,mi_class,27,0.1875700385044542,-0.8009411334432851,0.4711166666666667
14,1.0,closed,mi_class,28,-0.04540850965255569,0.007208372309374442,0.4711166666666667
14,1.0,closed,mi_class,29,0.6281372658236204,-0.594440475876107,0.4711166666666667
14,1.0,closed,mi_class,30,0.20911202040902366,-0.884465673649311,0.4711166666666667
14,1.0,closed,mi_class,31,-0.03229996789259764,0.005422678294730611,0.4711166666666667
14,1.0,closed,mi_class,32,0.13638368806310852,-0.8000352066586115,0.4711166666666667
14,1.0,closed,mi_class,33,-0.016535128725040815,0.6050136118723936,0.4711166666666667
14,1.0,closed,mi_class,34,0.11745857858569742,-0.674162618902772,0.4711166666666667
14,1.0,closed,mi_class,35,-0.022277546642589963,-0.8270598693441744,0.4711166666666667
14,1.0,closed,mi_class,36,-0.005960273008205431,0.004900041999732022,0.4711166666666667
14,1.0,closed,mi_class,37,0.7738317395339448,-0.7741617880523457,0.4711166666666667
14,1.0,closed,mi_class,38,0.03600042315189308,-0.002033712395013924,0.4711166666666667
14,1.0,closed,mi_class,39,-0.3247076124073355,0.8380422578851134,0.4711166666666667
14,1.0,closed,mi_class,40,0.146424003300616,-0.8418386033177195,0.4711166666666667
14,1.0,closed,mi_class,41,-0.3457686528504966,0.8936709773592675,0.4711166666666667
14,1.0,closed,mi_class,42,-0.16573383659499075,0.7794356774811,0.4711166666666667
14,1.0,closed,mi_class,43,0.006169534011089151,-0.004632660292469911,0.4711166666666667
14,1.0,closed,mi_class,44,-0.8449860421281469,0.8452628155502333,0.4711166666666667
14,1.0,closed,mi_class,45,0.039515160917972365,-0.004805117984238188,0.4711166666666667
14,1.0,closed,mi_class,46,-0.027049847268838034,2.628364658410707e-05,0.4711166666666667
14,1.0,closed,mi_class,47,0.03268925533320843,-0.299225882985199,0.4711166666666667
14,1.0,closed,mi_class,48,-0.0680806599748999,0.31348684680563704,0.4711166666666667
14,1.0,closed,mi_class,49,-0.5585562314477462,0.5888778386921194,0.4711166666666667
14,1.0,closed,mi_class,50,-0.2948743742177893,0.2949822776278548,0.4711166666666667
14,1.0,closed,mi_class,51,0.17635368302135013,-0.7548862132943339,0.4711166666666667
14,1.0,closed,mi_class,52,-0.008087699810225724,0.7442621211526469,0.4711166666666667
14,1.0,closed,mi_class,53,-0.17932134967697733,0.79147238546515,0.4711166666666667
14,1.0,closed,mi_class,54,0.004340317628181703,-0.0045848901155024595,0.4711166666666667
14,1.0,closed,mi_class,55,-0.7591184129292892,0.7593684592323988,0.4711166666666667
14,1.0,closed,mi_class,56,0.20675563103300054,-0.889882930822406,0.4711166666666667
14,1.0,closed,mi_class,57,0.09072768312382828,-0.6014087259897672,0.4711166666666667
14,1.0,closed,mi_class,58,-0.0025101496862420143,0.0011125496397107297,0.4711166666666667
14,1.0,closed,mi_class,59,0.7998142685951055,-0.8001526124342688,0.4711166666666667
14,1.0,closed,mi_class,60,-0.1026816436150983,0.5392960525170523,0.4711166666666667
14,1.0,closed,mi_class,61,0.1690380704103146,-0.1786881252137617,0.4711166666666667
14,1.0,closed,mi_class,62,-0.6850060951580627,0.6852320416307369,0.4711166666666667
14,1.0,closed,mi_class,63,-0.17286179125572673,0.18451767109966283,0.4711166666666667
14,1.0,closed,mi_class,64,-0.7876939967037645,0.7880074387729491,0.4711166666666667
14,1.0,closed,mi_class,65,-1.1724326341810898,0.17454648946212678,0.4711166666666667
14,1.0,closed,mi_site,0,0.005189680738341305,-0.009783846503913613,0.4711166666666667
14,1.0,closed,mi_site,1,0.00416160336850524,-0.6410523668066181,0.4711166666666667
14,1.0,closed,mi_site,2,-0.012966359422001195,-0.8363921595466121,0.4711166666666667
14,1.0,closed,mi_site,3,-0.004540262707850018,0.9105151574939541,0.4711166666666667
14,1.0,closed,mi_site,4,0.049089663915036615,-0.000552768729641815,0.4711166666666667
14,1.0,closed,mi_site,5,0.003927194887625163,0.8187904871205862,0.4711166666666667
14,1.0,closed,mi_site,6,0.025038781044168013,-0.8602113426309655,0.4711166666666667
14,1.0,closed,mi_site,7,-0.0532501571243138,0.8320793565172908,0.4711166666666667
14,1.0,closed,mi_site,8,0.0001501784146030749,0.7485310895978143,0.4711166666666667
14,1.0,closed,mi_site,9,0.002565940729661833,-0.0008299475203430656,0.4711166666666667
14,1.0,closed,mi_site,10,0.004271782805760682,0.929240335277021,0.4711166666666667
14,1.0,closed,mi_site,11,-0.05761457690058641,-0.3008928695380563,0.4711166666666667
14,1.0,closed,mi_site,12,0.02480459305533135,0.010140143293701914,0.4711166666666667
14,1.0,closed,mi_site,13,-0.0011226955599000065,-0.007968285857813095,0.4711166666666667
14,1.0,closed,mi_site,14,0.014280231818464415,-0.003952078962614345,0.4711166666666667
14,1.0,closed,mi_site,15,-0.0024696559974056644,-0.008620464065535894,0.4711166666666667
14,1.0,closed,mi_site,16,0.006909728001318453,0.009406398070428364,0.4711166666666667
14,1.0,closed,mi_site,17,-0.017630063059751823,-0.002309577299328633,0.4711166666666667
14,1.0,closed,mi_site,18,0.019981340461638686,0.13569485700567338,0.4711166666666667
14,1.0,closed,mi_site,19,0.009230160183492367,0.003085985677153224,0.4711166666666667
14,1.0,closed,mi_site,20,0.005439225098473295,-0.010115833762095875,0.4711166666666667
14,1.0,closed,mi_site,21,0.019925361727032853,0.6243450586348129,0.4711166666666667
14,1.0,closed,mi_site,22,0.0049836006419099466,-0.6563326244883478,0.4711166666666667
14,1.0,closed,mi_site,23,-0.05847738067735534,0.0061495049249349915,0.4711166666666667
14,1.0,closed,mi_site,24,-0.0533950795631839,-0.7792913336433906,0.4711166666666667
14,1.0,closed,mi_site,25,-0.0237981880715733,0.5937537309021808,0.4711166666666667
14,1.0,closed,mi_site,26,0.046754599429114196,-0.5874140633139462,0.4711166666666667
14,1.0,closed,mi_site,27,-0.01656155311455454,-0.8009411334432851,0.4711166666666667
14,1.0,closed,mi_site,28,-0.00850617230184345,0.007208372309374442,0.4711166666666667
14,1.0,closed,mi_site,29,0.005425963461869854,-0.594440475876107,0.4711166666666667
14,1.0,closed,mi_site,30,-0.003809221153471709,-0.884465673649311,0.4711166666666667
14,1.0,closed,mi_site,31,-0.04933484690694877,0.005422678294730611,0.4711166666666667
14,1.0,closed,mi_site,32,-0.02268876966541522,-0.8000352066586115,0.4711166666666667
14,1.0,closed,mi_site,33,-0.03243599557809129,0.6050136118723936,0.4711166666666667
14,1.0,closed,mi_site,34,0.056158954756853396,-0.674162618902772,0.4711166666666667
14,1.0,closed,mi_site,35,-0.018118258856640646,-0.8270598693441744,0.4711166666666667
14,1.0,closed,mi_site,36,0.009906809459437334,0.004900041999732022,0.4711166666666667
14,1.0,closed,mi_site,37,-0.0025800048274523535,-0.7741617880523457,0.4711166666666667
14,1.0,closed,mi_site,38,0.05324016765642248,-0.002033712395013924,0.4711166666666667
14,1.0,closed,mi_site,39,0.004792279509971853,0.8380422578851134,0.4711166666666667
14,1.0,closed,mi_site,40,0.011465691504260689,-0.8418386033177195,0.4711166666666667
14,1.0,closed,mi_site,41,-0.02508995480562748,0.8936709773592675,0.4711166666666667
14,1.0,closed,mi_site,42,-0.0004125439923706731,0.7794356774811,0.4711166666666667
14,1.0,closed,mi_site,43,0.007452025673508935,-0.004632660292469911,0.4711166666666667
14,1.0,closed,mi_site,44,2.9650061867947386e-06,0.8452628155502333,0.4711166666666667
14,1.0,closed,mi_site,45,0.04893216462146,-0.004805117984238188,0.4711166666666667
14,1.0,closed,mi_site,46,-0.06556858508362207,2.628364658410707e-05,0.4711166666666667
14,1.0,closed,mi_site,47,0.03930379171957088,-0.299225882985199,0.4711166666666667
14,1.0,closed,mi_site,48,0.0734022715898554,0.31348684680563704,0.4711166666666667
14,1.0,closed,mi_site,49,0.07401237909428648,0.5888778386921194,0.4711166666666667
14,1.0,closed,mi_site,50,0.05653098983051025,0.2949822776278548,0.4711166666666667
14,1.0,closed,mi_site,51,0.021961176961218243,-0.7548862132943339,0.4711166666666667
14,1.0,closed,mi_site,52,-0.0373736158581226,0.7442621211526469,0.4711166666666667
14,1.0,closed,mi_site,53,0.033610268334536175,0.79147238546515,0.4711166666666667
14,1.0,closed,mi_site,54,-0.0014605069594149618,-0.0045848901155024595,0.4711166666666667
14,1.0,closed,mi_site,55,0.0007326045562899841,0.7593684592323988,0.4711166666666667
14,1.0,closed,mi_site,56,0.007927690755733408,-0.889882930822406,0.4711166666666667
14,1.0,closed,mi_site,57,0.0324366137179376,-0.6014087259897672,0.4711166666666667
14,1.0,closed,mi_site,58,-0.03790188249923382,0.0011125496397107297,0.4711166666666667
14,1.0,closed,mi_site,59,0.006042292782226788,-0.8001526124342688,0.4711166666666667
14,1.0,closed,mi_site,60,-0.062246962343251944,0.5392960525170523,0.4711166666666667
14,1.0,closed,mi_site,61,-0.0030053298164548214,-0.1786881252137617,0.4711166666666667
14,1.0,closed,mi_site,62,-0.04068859378990619,0.6852320416307369,0.4711166666666667
14,1.0,closed,mi_site,63,0.018695611786169436,0.18451767109966283,0.4711166666666667
14,1.0,closed,mi_site,64,-0.004125869868586762,0.7880074387729491,0.4711166666666667
14,1.0,closed,mi_site,65,0.01087853094924493,0.17454648946212678,0.4711166666666667
14,2.0,aligned,available,0,-0.0030404990217266347,-0.009131345986542801,0.4711166666666667
14,2.0,aligned,available,1,-0.008977599005676962,-0.6571275067978317,0.4711166666666667
14,2.0,aligned,available,2,-0.01760932041137353,-0.8389043912975439,0.4711166666666667
14,2.0,aligned,available,3,0.0028452037247829187,0.9179398948075865,0.4711166666666667
14,2.0,aligned,available,4,0.013667007945605247,-0.004642535563570695,0.4711166666666667
14,2.0,aligned,available,5,0.0058760241664590485,0.8232771365376593,0.4711166666666667
14,2.0,aligned,available,6,-0.007258897849432344,-0.8658049507126911,0.4711166666666667
14,2.0,aligned,available,7,0.00474192818526864,0.8431369074748533,0.4711166666666667
14,2.0,aligned,available,8,0.004583424194607999,0.7588722861170286,0.4711166666666667
14,2.0,aligned,available,9,0.010430085095213456,-0.007895231325229794,0.4711166666666667
14,2.0,aligned,available,10,0.003228689755056302,0.9336705085668878,0.4711166666666667
14,2.0,aligned,available,11,0.006157823072909574,-0.29178357046133574,0.4711166666666667
14,2.0,aligned,available,12,0.0032011054511047344,0.008262279953137065,0.4711166666666667
14,2.0,aligned,available,13,0.012907182417236623,-0.007199829883146537,0.4711166666666667
14,2.0,aligned,available,14,0.007317254486936228,-0.002765948073131815,0.4711166666666667
14,2.0,aligned,available,15,-0.009691813272970671,-0.008235335089450669,0.4711166666666667
14,2.0,aligned,available,16,-0.00923189587311914,0.009796910536032473,0.4711166666666667
14,2.0,aligned,available,17,0.002666803228902969,-0.0029201278637379685,0.4711166666666667
14,2.0,aligned,available,18,0.005388127360410083,0.13237074043581176,0.4711166666666667
14,2.0,aligned,available,19,0.0013616825234107144,0.004855468774391973,0.4711166666666667
14,2.0,aligned,available,20,-0.002256723240544019,-0.0091915275627726,0.4711166666666667
14,2.0,aligned,available,21,0.005394122497655807,0.6365233665264678,0.4711166666666667
14,2.0,aligned,available,22,0.007858167789846382,-0.6717245550099608,0.4711166666666667
14,2.0,aligned,available,23,0.0038328833962473496,0.01124599632455251,0.4711166666666667
14,2.0,aligned,available,24,0.004697548152740261,-0.7941400349963953,0.4711166666666667
14,2.0,aligned,available,25,-0.0029844198802471134,0.6060593864172318,0.4711166666666667
14,2.0,aligned,available,26,0.002686139721691516,-0.6042265522572469,0.4711166666666667
14,2.0,aligned,available,27,0.0035292338655413813,-0.807478983818183,0.4711166666666667
14,2.0,aligned,available,28,0.015143133396731413,0.01488734469173947,0.4711166666666667
14,2.0,aligned,available,29,-0.004837510235922937,-0.6117600548624529,0.4711166666666667
14,2.0,aligned,available,30,-0.005989996778731244,-0.8858505005075435,0.4711166666666667
14,2.0,aligned,available,31,-0.010473641414811134,0.005831543426820307,0.4711166666666667
14,2.0,aligned,available,32,-0.009120310630233885,-0.8000117600413417,0.4711166666666667
14,2.0,aligned,available,33,0.01987128550109596,0.6049272614099064,0.4711166666666667
14,2.0,aligned,available,34,-0.008414312552696424,-0.6771760959281287,0.4711166666666667
14,2.0,aligned,available,35,-0.013913726194778486,-0.8361251111631806,0.4711166666666667
14,2.0,aligned,available,36,0.015556466039095454,0.006882437978799363,0.4711166666666667
14,2.0,aligned,available,37,-0.01741432497726647,-0.7813048611404586,0.4711166666666667
14,2.0,aligned,available,38,0.015766843176423437,-0.00599097474594165,0.4711166666666667
14,2.0,aligned,available,39,0.0016064154538023567,0.8413527685815427,0.4711166666666667
14,2.0,aligned,available,40,0.0014125190709982638,-0.8461573939667213,0.4711166666666667
14,2.0,aligned,available,41,-0.00083241279301971,0.8975962902874334,0.4711166666666667
14,2.0,aligned,available,42,0.009367383090012726,0.7892015735759108,0.4711166666666667
14,2.0,aligned,available,43,0.014327733328958196,-0.011470125166478377,0.4711166666666667
14,2.0,aligned,available,44,0.0020132152104669343,0.856214310859212,0.4711166666666667
14,2.0,aligned,available,45,-0.0001891266574734901,-0.011495703149547837,0.4711166666666667
14,2.0,aligned,available,46,-0.012092188958372569,0.0071140571088249855,0.4711166666666667
14,2.0,aligned,available,47,0.01339324336467601,-0.29460115592725633,0.4711166666666667
14,2.0,aligned,available,48,-0.013517977370350598,0.3037991980769738,0.4711166666666667
14,2.0,aligned,available,49,-0.0018572292630290033,0.6015918420495294,0.4711166666666667
14,2.0,aligned,available,50,0.011876677625699605,0.28331975682164634,0.4711166666666667
14,2.0,aligned,available,51,-0.00187599315810838,-0.755989736345502,0.4711166666666667
14,2.0,aligned,available,52,0.007154278407697001,0.7515263557206019,0.4711166666666667
14,2.0,aligned,available,53,-0.001443995832250966,0.7989813327629978,0.4711166666666667
14,2.0,aligned,available,54,-0.0017350673956264464,-0.014842554103285466,0.4711166666666667
14,2.0,aligned,available,55,0.004302929384673471,0.7664646244685347,0.4711166666666667
14,2.0,aligned,available,56,0.0009994915747327804,-0.8981952372847325,0.4711166666666667
14,2.0,aligned,available,57,-0.006791331243026,-0.6067967608676693,0.4711166666666667
14,2.0,aligned,available,58,-0.016214394711944607,0.012236010195190624,0.4711166666666667
14,2.0,aligned,available,59,-0.0052710428825865074,-0.8080298070912391,0.4711166666666667
14,2.0,aligned,available,60,0.009892690903584689,0.5545896599767892,0.4711166666666667
14,2.0,aligned,available,61,0.013128760528090422,-0.18541607570976734,0.4711166666666667
14,2.0,aligned,available,62,0.0054930848274659105,0.7038390104283909,0.4711166666666667
14,2.0,aligned,available,63,-0.001985657027755411,0.17928591825991252,0.4711166666666667
14,2.0,aligned,available,64,0.00691591974808059,0.7967498721775857,0.4711166666666667
14,2.0,aligned,available,65,0.0032595906703328237,0.16698282775166376,0.4711166666666667
14,2.0,aligned,mi_obs,0,0.0051721156678103284,-0.009131345986542801,0.4711166666666667
14,2.0,aligned,mi_obs,1,-0.006349449531329876,-0.6571275067978317,0.4711166666666667
14,2.0,aligned,mi_obs,2,-0.017061490249938527,-0.8389043912975439,0.4711166666666667
14,2.0,aligned,mi_obs,3,0.0015663658833114935,0.9179398948075865,0.4711166666666667
14,2.0,aligned,mi_obs,4,0.06482469385669966,-0.004642535563570695,0.4711166666666667
14,2.0,aligned,mi_obs,5,0.0073871627384949345,0.8232771365376593,0.4711166666666667
14,2.0,aligned,mi_obs,6,0.012715300921596118,-0.8658049507126911,0.4711166666666667
14,2.0,aligned,mi_obs,7,-0.04912818978095934,0.8431369074748533,0.4711166666666667
14,2.0,aligned,mi_obs,8,0.008850363482299839,0.7588722861170286,0.4711166666666667
14,2.0,aligned,mi_obs,9,0.025235686948932527,-0.007895231325229794,0.4711166666666667
14,2.0,aligned,mi_obs,10,0.005290477480431766,0.9336705085668878,0.4711166666666667
14,2.0,aligned,mi_obs,11,-0.07357010527391222,-0.29178357046133574,0.4711166666666667
14,2.0,aligned,mi_obs,12,0.001820151683970015,0.008262279953137065,0.4711166666666667
14,2.0,aligned,mi_obs,13,0.006315960184705303,-0.007199829883146537,0.4711166666666667
14,2.0,aligned,mi_obs,14,-0.005339074474224895,-0.002765948073131815,0.4711166666666667
14,2.0,aligned,mi_obs,15,-0.021335144912322468,-0.008235335089450669,0.4711166666666667
14,2.0,aligned,mi_obs,16,-0.005281790963944497,0.009796910536032473,0.4711166666666667
14,2.0,aligned,mi_obs,17,0.015822122720663537,-0.0029201278637379685,0.4711166666666667
14,2.0,aligned,mi_obs,18,-0.0017541266571541037,0.13237074043581176,0.4711166666666667
14,2.0,aligned,mi_obs,19,-0.0031680228115001955,0.004855468774391973,0.4711166666666667
14,2.0,aligned,mi_obs,20,-0.0022335559928863425,-0.0091915275627726,0.4711166666666667
14,2.0,aligned,mi_obs,21,0.02642352100026124,0.6365233665264678,0.4711166666666667
14,2.0,aligned,mi_obs,22,-0.012114837441706938,-0.6717245550099608,0.4711166666666667
14,2.0,aligned,mi_obs,23,-0.06817670624293788,0.01124599632455251,0.4711166666666667
14,2.0,aligned,mi_obs,24,-0.060045731894827536,-0.7941400349963953,0.4711166666666667
14,2.0,aligned,mi_obs,25,-0.0071666348820564885,0.6060593864172318,0.4711166666666667
14,2.0,aligned,mi_obs,26,0.029836302925145608,-0.6042265522572469,0.4711166666666667
14,2.0,aligned,mi_obs,27,-0.022262245919325352,-0.807478983818183,0.4711166666666667
14,2.0,aligned,mi_obs,28,-0.02802405671389755,0.01488734469173947,0.4711166666666667
14,2.0,aligned,mi_obs,29,-0.011503872846744256,-0.6117600548624529,0.4711166666666667
14,2.0,aligned,mi_obs,30,-0.015490763305855082,-0.8858505005075435,0.4711166666666667
14,2.0,aligned,mi_obs,31,-0.060086924523434816,0.005831543426820307,0.4711166666666667
14,2.0,aligned,mi_obs,32,-0.021062224766574267,-0.8000117600413417,0.4711166666666667
14,2.0,aligned,mi_obs,33,-0.015844305635040246,0.6049272614099064,0.4711166666666667
14,2.0,aligned,mi_obs,34,0.04538971988833396,-0.6771760959281287,0.4711166666666667
14,2.0,aligned,mi_obs,35,-0.02339680740186123,-0.8361251111631806,0.4711166666666667
14,2.0,aligned,mi_obs,36,-0.006642877992219437,0.006882437978799363,0.4711166666666667
14,2.0,aligned,mi_obs,37,-0.010549066111975591,-0.7813048611404586,0.4711166666666667
14,2.0,aligned,mi_obs,38,0.05021527192518014,-0.00599097474594165,0.4711166666666667
14,2.0,aligned,mi_obs,39,0.009747978661151402,0.8413527685815427,0.4711166666666667
14,2.0,aligned,mi_obs,40,0.006432032568106538,-0.8461573939667213,0.4711166666666667
14,2.0,aligned,mi_obs,41,-0.02119167989666826,0.8975962902874334,0.4711166666666667
14,2.0,aligned,mi_obs,42,0.003604575442194835,0.7892015735759108,0.4711166666666667
14,2.0,aligned,mi_obs,43,0.012539583208008818,-0.011470125166478377,0.4711166666666667
14,2.0,aligned,mi_obs,44,-0.001393575471713815,0.856214310859212,0.4711166666666667
14,2.0,aligned,mi_obs,45,0.05059958866764667,-0.011495703149547837,0.4711166666666667
14,2.0,aligned,mi_obs,46,-0.07053360506533288,0.0071140571088249855,0.4711166666666667
14,2.0,aligned,mi_obs,47,0.04979015241073084,-0.29460115592725633,0.4711166666666667
14,2.0,aligned,mi_obs,48,0.08028512909566671,0.3037991980769738,0.4711166666666667
14,2.0,aligned,mi_obs,49,0.08808100236342065,0.6015918420495294,0.4711166666666667
14,2.0,aligned,mi_obs,50,0.07081673524066423,0.28331975682164634,0.4711166666666667
14,2.0,aligned,mi_obs,51,0.012800846841944935,-0.755989736345502,0.4711166666666667
14,2.0,aligned,mi_obs,52,-0.030514780770645955,0.7515263557206019,0.4711166666666667
14,2.0,aligned,mi_obs,53,0.037896317536098345,0.7989813327629978,0.4711166666666667
14,2.0,aligned,mi_obs,54,0.005064851328446361,-0.014842554103285466,0.4711166666666667
14,2.0,aligned,mi_obs,55,0.003726436067549743,0.7664646244685347,0.4711166666666667
14,2.0,aligned,mi_obs,56,0.004926261051231728,-0.8981952372847325,0.4711166666666667
14,2.0,aligned,mi_obs,57,0.021914350411661232,-0.6067967608676693,0.4711166666666667
14,2.0,aligned,mi_obs,58,-0.06036440130575495,0.012236010195190624,0.4711166666666667
14,2.0,aligned,mi_obs,59,0.00032448469390133905,-0.8080298070912391,0.4711166666666667
14,2.0,aligned,mi_obs,60,-0.04952913135377279,0.5545896599767892,0.4711166666666667
14,2.0,aligned,mi_obs,61,0.024969253424596244,-0.18541607570976734,0.4711166666666667
14,2.0,aligned,mi_obs,62,-0.0411174267015868,0.7038390104283909,0.4711166666666667
14,2.0,aligned,mi_obs,63,0.022172487920046807,0.17928591825991252,0.4711166666666667
14,2.0,aligned,mi_obs,64,0.004027584170335774,0.7967498721775857,0.4711166666666667
14,2.0,aligned,mi_obs,65,0.026636067753251114,0.16698282775166376,0.4711166666666667
14,2.0,aligned,mi_class,0,-0.015234846034406724,-0.009131345986542801,0.4711166666666667
14,2.0,aligned,mi_class,1,0.09619999443366956,-0.6571275067978317,0.4711166666666667
14,2.0,aligned,mi_class,2,-0.0008506869118606319,-0.8389043912975439,0.4711166666666667
14,2.0,aligned,mi_class,3,-0.25618612229586246,0.9179398948075865,0.4711166666666667
14,2.0,aligned,mi_class,4,-0.015888007421001347,-0.004642535563570695,0.4711166666666667
14,2.0,aligned,mi_class,5,-0.16790355602524087,0.8232771365376593,0.4711166666666667
14,2.0,aligned,mi_class,6,-0.001068632111153267,-0.8658049507126911,0.4711166666666667
14,2.0,aligned,mi_class,7,-0.17327566492431767,0.8431369074748533,0.4711166666666667
14,2.0,aligned,mi_class,8,-0.07227381115311293,0.7588722861170286,0.4711166666666667
14,2.0,aligned,mi_class,9,0.008775405199988774,-0.007895231325229794,0.4711166666666667
14,2.0,aligned,mi_class,10,-0.9334051322974866,0.9336705085668878,0.4711166666666667
14,2.0,aligned,mi_class,11,0.05519362530830782,-0.29178357046133574,0.4711166666666667
14,2.0,aligned,mi_class,12,0.021440018638499606,0.008262279953137065,0.4711166666666667
14,2.0,aligned,mi_class,13,0.013747835330254355,-0.007199829883146537,0.4711166666666667
14,2.0,aligned,mi_class,14,0.008830455867985202,-0.002765948073131815,0.4711166666666667
14,2.0,aligned,mi_class,15,-0.0012195666873975816,-0.008235335089450669,0.4711166666666667
14,2.0,aligned,mi_class,16,-0.03508203691321382,0.009796910536032473,0.4711166666666667
14,2.0,aligned,mi_class,17,-0.0005405036717816333,-0.0029201278637379685,0.4711166666666667
14,2.0,aligned,mi_class,18,-0.050659322500599915,0.13237074043581176,0.4711166666666667
14,2.0,aligned,mi_class,19,-0.0062324803830169865,0.004855468774391973,0.4711166666666667
14,2.0,aligned,mi_class,20,0.012594467858256344,-0.0091915275627726,0.4711166666666667
14,2.0,aligned,mi_class,21,-0.07431008886334645,0.6365233665264678,0.4711166666666667
14,2.0,aligned,mi_class,22,0.2964229437287053,-0.6717245550099608,0.4711166666666667
14,2.0,aligned,mi_class,23,0.02513256172997204,0.01124599632455251,0.4711166666666667
14,2.0,aligned,mi_class,24,0.3418492113887134,-0.7941400349963953,0.4711166666666667
14,2.0,aligned,mi_class,25,-0.10567001306272661,0.6060593864172318,0.4711166666666667
14,2.0,aligned,mi_class,26,0.2587002332977142,-0.6042265522572469,0.4711166666666667
14,2.0,aligned,mi_class,27,0.1702133312684162,-0.807478983818183,0.4711166666666667
14,2.0,aligned,mi_class,28,-0.0586764028364807,0.01488734469173947,0.4711166666666667
14,2.0,aligned,mi_class,29,0.5686190905096998,-0.6117600548624529,0.4711166666666667
14,2.0,aligned,mi_class,30,0.3084347870314308,-0.8858505005075435,0.4711166666666667
14,2.0,aligned,mi_class,31,0.028772692104265227,0.005831543426820307,0.4711166666666667
14,2.0,aligned,mi_class,32,0.16368678493074407,-0.8000117600413417,0.4711166666666667
14,2.0,aligned,mi_class,33,0.050436844526836055,0.6049272614099064,0.4711166666666667
14,2.0,aligned,mi_class,34,0.13543904144179542,-0.6771760959281287,0.4711166666666667
14,2.0,aligned,mi_class,35,0.014604793295953877,-0.8361251111631806,0.4711166666666667
14,2.0,aligned,mi_class,36,-0.019753122931767883,0.006882437978799363,0.4711166666666667
14,2.0,aligned,mi_class,37,0.7810655058804068,-0.7813048611404586,0.4711166666666667
14,2.0,aligned,mi_class,38,-0.015249899873304643,-0.00599097474594165,0.4711166666666667
14,2.0,aligned,mi_class,39,-0.22257643660317938,0.8413527685815427,0.4711166666666667
14,2.0,aligned,mi_class,40,0.21589056146431218,-0.8461573939667213,0.4711166666666667
14,2.0,aligned,mi_class,41,-0.2479467933706253,0.8975962902874334,0.4711166666666667
14,2.0,aligned,mi_class,42,-0.18654753697988868,0.7892015735759108,0.4711166666666667
14,2.0,aligned,mi_class,43,0.032095975293714635,-0.011470125166478377,0.4711166666666667
14,2.0,aligned,mi_class,44,-0.856036895667663,0.856214310859212,0.4711166666666667
14,2.0,aligned,mi_class,45,-0.03856282478073969,-0.011495703149547837,0.4711166666666667
14,2.0,aligned,mi_class,46,0.015756739763982258,0.0071140571088249855,0.4711166666666667
14,2.0,aligned,mi_class,47,-0.004113392285005457,-0.29460115592725633,0.4711166666666667
14,2.0,aligned,mi_class,48,-0.11092793845515886,0.3037991980769738,0.4711166666666667
14,2.0,aligned,mi_class,49,-0.34012870285124563,0.6015918420495294,0.4711166666666667
14,2.0,aligned,mi_class,50,-0.28326605677385797,0.28331975682164634,0.4711166666666667
14,2.0,aligned,mi_class,51,0.1494104363637908,-0.755989736345502,0.4711166666666667
14,2.0,aligned,mi_class,52,0.005505437749472208,0.7515263557206019,0.4711166666666667
14,2.0,aligned,mi_class,53,-0.1786559363561876,0.7989813327629978,0.4711166666666667
14,2.0,aligned,mi_class,54,0.011150615237776811,-0.014842554103285466,0.4711166666666667
14,2.0,aligned,mi_class,55,-0.7662943738833822,0.7664646244685347,0.4711166666666667
14,2.0,aligned,mi_class,56,0.18067056063566034,-0.8981952372847325,0.4711166666666667
14,2.0,aligned,mi_class,57,0.07962921976648918,-0.6067967608676693,0.4711166666666667
14,2.0,aligned,mi_class,58,-0.032390032653680796,0.012236010195190624,0.4711166666666667
14,2.0,aligned,mi_class,59,0.8077978932442169,-0.8080298070912391,0.4711166666666667
14,2.0,aligned,mi_class,60,-0.12790151971704816,0.5545896599767892,0.4711166666666667
14,2.0,aligned,mi_class,61,0.10485712599160238,-0.18541607570976734,0.4711166666666667
14,2.0,aligned,mi_class,62,-0.7036822979865432,0.7038390104283909,0.4711166666666667
14,2.0,aligned,mi_class,63,-0.06892832990517034,0.17928591825991252,0.4711166666666667
14,2.0,aligned,mi_class,64,-0.7965336554396897,0.7967498721775857,0.4711166666666667
14,2.0,aligned,mi_class,65,0.6612630653987257,0.16698282775166376,0.4711166666666667
14,2.0,aligned,mi_site,0,0.0025270798281612616,-0.009131345986542801,0.4711166666666667
14,2.0,aligned,mi_site,1,0.06684105930127049,-0.6571275067978317,0.4711166666666667
14,2.0,aligned,mi_site,2,0.16711594541388097,-0.8389043912975439,0.4711166666666667
14,2.0,aligned,mi_site,3,-0.07933023819789875,0.9179398948075865,0.4711166666666667
14,2.0,aligned,mi_site,4,0.052948214713059806,-0.004642535563570695,0.4711166666666667
14,2.0,aligned,mi_site,5,-0.04584181447668367,0.8232771365376593,0.4711166666666667
14,2.0,aligned,mi_site,6,0.06187122493077002,-0.8658049507126911,0.4711166666666667
14,2.0,aligned,mi_site,7,-0.08158935224834807,0.8431369074748533,0.4711166666666667
14,2.0,aligned,mi_site,8,-0.048707394789985425,0.7588722861170286,0.4711166666666667
14,2.0,aligned,mi_site,9,0.015527397626786059,-0.007895231325229794,0.4711166666666667
14,2.0,aligned,mi_site,10,-0.06941927097825484,0.9336705085668878,0.4711166666666667
14,2.0,aligned,mi_site,11,-0.009816794708397303,-0.29178357046133574,0.4711166666666667
14,2.0,aligned,mi_site,12,-0.002424405046277934,0.008262279953137065,0.4711166666666667
14,2.0,aligned,mi_site,13,0.007340187169024245,-0.007199829883146537,0.4711166666666667
14,2.0,aligned,mi_site,14,-0.01816487741045277,-0.002765948073131815,0.4711166666666667
14,2.0,aligned,mi_site,15,-0.005577603127479841,-0.008235335089450669,0.4711166666666667
14,2.0,aligned,mi_site,16,-0.006253665661910155,0.009796910536032473,0.4711166666666667
14,2.0,aligned,mi_site,17,0.016859677155211958,-0.0029201278637379685,0.4711166666666667
14,2.0,aligned,mi_site,18,-0.008378195493015397,0.13237074043581176,0.4711166666666667
14,2.0,aligned,mi_site,19,-0.005902390016277665,0.004855468774391973,0.4711166666666667
14,2.0,aligned,mi_site,20,-0.0034909088967912914,-0.0091915275627726,0.4711166666666667
14,2.0,aligned,mi_site,21,-0.027097573007884845,0.6365233665264678,0.4711166666666667
14,2.0,aligned,mi_site,22,0.04487497754044811,-0.6717245550099608,0.4711166666666667
14,2.0,aligned,mi_site,23,-0.031225106196103553,0.01124599632455251,0.4711166666666667
14,2.0,aligned,mi_site,24,-0.022968064335900595,-0.7941400349963953,0.4711166666666667
14,2.0,aligned,mi_site,25,-0.017078957661693206,0.6060593864172318,0.4711166666666667
14,2.0,aligned,mi_site,26,0.0361243137190449,-0.6042265522572469,0.4711166666666667
14,2.0,aligned,mi_site,27,0.020115925196873885,-0.807478983818183,0.4711166666666667
14,2.0,aligned,mi_site,28,-0.008106756813193023,0.01488734469173947,0.4711166666666667
14,2.0,aligned,mi_site,29,0.035131514766542304,-0.6117600548624529,0.4711166666666667
14,2.0,aligned,mi_site,30,0.08523184899541658,-0.8858505005075435,0.4711166666666667
14,2.0,aligned,mi_site,31,-0.04595972038894133,0.005831543426820307,0.4711166666666667
14,2.0,aligned,mi_site,32,0.07107742698841957,-0.8000117600413417,0.4711166666666667
14,2.0,aligned,mi_site,33,-0.06988581788027404,0.6049272614099064,0.4711166666666667
14,2.0,aligned,mi_site,34,0.09986394146306188,-0.6771760959281287,0.4711166666666667
14,2.0,aligned,mi_site,35,0.08228065798996087,-0.8361251111631806,0.4711166666666667
14,2.0,aligned,mi_site,36,0.003664379109693614,0.006882437978799363,0.4711166666666667
14,2.0,aligned,mi_site,37,0.09789199008408367,-0.7813048611404586,0.4711166666666667
14,2.0,aligned,mi_site,38,0.06451179469422533,-0.00599097474594165,0.4711166666666667
14,2.0,aligned,mi_site,39,-0.009959339461840688,0.8413527685815427,0.4711166666666667
14,2.0,aligned,mi_site,40,0.027666316321538265,-0.8461573939667213,0.4711166666666667
14,2.0,aligned,mi_site,41,-0.05108031568930227,0.8975962902874334,0.4711166666666667
14,2.0,aligned,mi_site,42,0.0014119879933059964,0.7892015735759108,0.4711166666666667
14,2.0,aligned,mi_site,43,0.0118610510060729,-0.011470125166478377,0.4711166666666667
14,2.0,aligned,mi_site,44,-0.02009245818758032,0.856214310859212,0.4711166666666667
14,2.0,aligned,mi_site,45,0.046140185172273314,-0.011495703149547837,0.4711166666666667
14,2.0,aligned,mi_site,46,-0.061206863952611754,0.0071140571088249855,0.4711166666666667
14,2.0,aligned,mi_site,47,0.045946535357178964,-0.29460115592725633,0.4711166666666667
14,2.0,aligned,mi_site,48,0.05681282235553009,0.3037991980769738,0.4711166666666667
14,2.0,aligned,mi_site,49,-0.04608926406193958,0.6015918420495294,0.4711166666666667
14,2.0,aligned,mi_site,50,0.045316521827267475,0.28331975682164634,0.4711166666666667
14,2.0,aligned,mi_site,51,-0.005100243018201778,-0.755989736345502,0.4711166666666667
14,2.0,aligned,mi_site,52,-0.007182311260678698,0.7515263557206019,0.4711166666666667
14,2.0,aligned,mi_site,53,0.04017252561131568,0.7989813327629978,0.4711166666666667
14,2.0,aligned,mi_site,54,0.016159170163826755,-0.014842554103285466,0.4711166666666667
14,2.0,aligned,mi_site,55,-0.0030017436386073904,0.7664646244685347,0.4711166666666667
14,2.0,aligned,mi_site,56,0.0030699721572295946,-0.8981952372847325,0.4711166666666667
14,2.0,aligned,mi_site,57,-0.0016961875612653277,-0.6067967608676693,0.4711166666666667
14,2.0,aligned,mi_site,58,-0.038613406198357396,0.012236010195190624,0.4711166666666667
14,2.0,aligned,mi_site,59,0.012141517714900463,-0.8080298070912391,0.4711166666666667
14,2.0,aligned,mi_site,60,-0.023403979293841415,0.5545896599767892,0.4711166666666667
14,2.0,aligned,mi_site,61,0.03219758707694764,-0.18541607570976734,0.4711166666666667
14,2.0,aligned,mi_site,62,-0.03597593150760592,0.7038390104283909,0.4711166666666667
14,2.0,aligned,mi_site,63,-0.017716802551107913,0.17928591825991252,0.4711166666666667
14,2.0,aligned,mi_site,64,-0.008630415695466298,0.7967498721775857,0.4711166666666667
14,2.0,aligned,mi_site,65,-0.01962876111803813,0.16698282775166376,0.4711166666666667
14,2.0,closed,available,0,-0.0063320346325075605,-0.009131345986542801,0.4711166666666667
14,2.0,closed,available,1,-0.00833628633359651,-0.6571275067978317,0.4711166666666667
14,2.0,closed,available,2,-0.0007812128060206147,-0.8389043912975439,0.4711166666666667
14,2.0,closed,available,3,-0.0018771650233434523,0.9179398948075865,0.4711166666666667
14,2.0,closed,available,4,-0.001964003190801181,-0.004642535563570695,0.4711166666666667
14,2.0,closed,available,5,0.0017610317601484127,0.8232771365376593,0.4711166666666667
14,2.0,closed,available,6,0.0006047587433489765,-0.8658049507126911,0.4711166666666667
14,2.0,closed,available,7,-0.0039415451909359245,0.8431369074748533,0.4711166666666667
14,2.0,closed,available,8,0.0006429838912572761,0.7588722861170286,0.4711166666666667
14,2.0,closed,available,9,-0.0030009975867909267,-0.007895231325229794,0.4711166666666667
14,2.0,closed,available,10,0.0002454192297844937,0.9336705085668878,0.4711166666666667
14,2.0,closed,available,11,0.005954737728596282,-0.29178357046133574,0.4711166666666667
14,2.0,closed,available,12,0.0041330418493900015,0.008262279953137065,0.4711166666666667
14,2.0,closed,available,13,0.008375547986211913,-0.007199829883146537,0.4711166666666667
14,2.0,closed,available,14,0.0014970882240647448,-0.002765948073131815,0.4711166666666667
14,2.0,closed,available,15,0.004846928782151434,-0.008235335089450669,0.4711166666666667
14,2.0,closed,available,16,-0.009755943588902295,0.009796910536032473,0.4711166666666667
14,2.0,closed,available,17,0.007643794170202861,-0.0029201278637379685,0.4711166666666667
14,2.0,closed,available,18,-0.0011067888190368913,0.13237074043581176,0.4711166666666667
14,2.0,closed,available,19,0.00124968218587779,0.004855468774391973,0.4711166666666667
14,2.0,closed,available,20,0.0014167077902168188,-0.0091915275627726,0.4711166666666667
14,2.0,closed,available,21,-0.004938944992110117,0.6365233665264678,0.4711166666666667
14,2.0,closed,available,22,-0.01116823089882546,-0.6717245550099608,0.4711166666666667
14,2.0,closed,available,23,-0.012070394120320302,0.01124599632455251,0.4711166666666667
14,2.0,closed,available,24,-0.00740251067306652,-0.7941400349963953,0.4711166666666667
14,2.0,closed,available,25,0.0024679790603733265,0.6060593864172318,0.4711166666666667
14,2.0,closed,available,26,-0.0037849684741839695,-0.6042265522572469,0.4711166666666667
14,2.0,closed,available,27,-0.0015166487406446105,-0.807478983818183,0.4711166666666667
14,2.0,closed,available,28,0.0029846000318418404,0.01488734469173947,0.4711166666666667
14,2.0,closed,available,29,-0.007860582865369503,-0.6117600548624529,0.4711166666666667
14,2.0,closed,available,30,0.003720997417183125,-0.8858505005075435,0.4711166666666667
14,2.0,closed,available,31,0.01822083166428067,0.005831543426820307,0.4711166666666667
14,2.0,closed,available,32,-0.002484983113200445,-0.8000117600413417,0.4711166666666667
14,2.0,closed,available,33,-0.0032604759735527233,0.6049272614099064,0.4711166666666667
14,2.0,closed,available,34,-0.004079106796879728,-0.6771760959281287,0.4711166666666667
14,2.0,closed,available,35,0.0047971183398145545,-0.8361251111631806,0.4711166666666667
14,2.0,closed,available,36,0.020195103871793633,0.006882437978799363,0.4711166666666667
14,2.0,closed,available,37,-0.00253843296765488,-0.7813048611404586,0.4711166666666667
14,2.0,closed,available,38,0.007572900661064759,-0.00599097474594165,0.4711166666666667
14,2.0,closed,available,39,0.0034774732892718374,0.8413527685815427,0.4711166666666667
14,2.0,closed,available,40,-0.00279215342312078,-0.8461573939667213,0.4711166666666667
14,2.0,closed,available,41,-0.0023279212030292706,0.8975962902874334,0.4711166666666667
14,2.0,closed,available,42,-0.004918354665548352,0.7892015735759108,0.4711166666666667
14,2.0,closed,available,43,0.005699710849420767,-0.011470125166478377,0.4711166666666667
14,2.0,closed,available,44,-0.00012683881357045124,0.856214310859212,0.4711166666666667
14,2.0,closed,available,45,0.011939964053053824,-0.011495703149547837,0.4711166666666667
14,2.0,closed,available,46,-0.003714970237714001,0.0071140571088249855,0.4711166666666667
14,2.0,closed,available,47,0.007954502814590647,-0.29460115592725633,0.4711166666666667
14,2.0,closed,available,48,0.009810664528008495,0.3037991980769738,0.4711166666666667
14,2.0,closed,available,49,0.0016536847008011835,0.6015918420495294,0.4711166666666667
14,2.0,closed,available,50,0.0029323880065222907,0.28331975682164634,0.4711166666666667
14,2.0,closed,available,51,-0.0034163903186776867,-0.755989736345502,0.4711166666666667
14,2.0,closed,available,52,0.0023719038234811807,0.7515263557206019,0.4711166666666667
14,2.0,closed,available,53,-0.0024763236826069734,0.7989813327629978,0.4711166666666667
14,2.0,closed,available,54,0.002086957647137769,-0.014842554103285466,0.4711166666666667
14,2.0,closed,available,55,0.001711052804844404,0.7664646244685347,0.4711166666666667
14,2.0,closed,available,56,-0.002047065645625179,-0.8981952372847325,0.4711166666666667
14,2.0,closed,available,57,0.004527622020204514,-0.6067967608676693,0.4711166666666667
14,2.0,closed,available,58,-0.005852331543988352,0.012236010195190624,0.4711166666666667
14,2.0,closed,available,59,0.00021878424354471182,-0.8080298070912391,0.4711166666666667
14,2.0,closed,available,60,-0.01523278710044107,0.5545896599767892,0.4711166666666667
14,2.0,closed,available,61,0.0005710601107493385,-0.18541607570976734,0.4711166666666667
14,2.0,closed,available,62,-0.0007485963207601865,0.7038390104283909,0.4711166666666667
14,2.0,closed,available,63,0.007623264143202496,0.17928591825991252,0.4711166666666667
14,2.0,closed,available,64,0.00012772489418266808,0.7967498721775857,0.4711166666666667
14,2.0,closed,available,65,0.0028949800113488577,0.16698282775166376,0.4711166666666667
14,2.0,closed,mi_obs,0,0.0013563700185417254,-0.009131345986542801,0.4711166666666667
14,2.0,closed,mi_obs,1,-0.007598996739155872,-0.6571275067978317,0.4711166666666667
14,2.0,closed,mi_obs,2,-0.019558431679414845,-0.8389043912975439,0.4711166666666667
14,2.0,closed,mi_obs,3,0.0005593294018491068,0.9179398948075865,0.4711166666666667
14,2.0,closed,mi_obs,4,0.05916353479652084,-0.004642535563570695,0.4711166666666667
14,2.0,closed,mi_obs,5,0.007717898558783465,0.8232771365376593,0.4711166666666667
14,2.0,closed,mi_obs,6,0.016301364360801873,-0.8658049507126911,0.4711166666666667
14,2.0,closed,mi_obs,7,-0.053570240661585666,0.8431369074748533,0.4711166666666667
14,2.0,closed,mi_obs,8,0.012831032059317349,0.7588722861170286,0.4711166666666667
14,2.0,closed,mi_obs,9,0.013350116783514488,-0.007895231325229794,0.4711166666666667
14,2.0,closed,mi_obs,10,0.004098667769873554,0.9336705085668878,0.4711166666666667
14,2.0,closed,mi_obs,11,-0.07773810247290991,-0.29178357046133574,0.4711166666666667
14,2.0,closed,mi_obs,12,-0.010767985243682972,0.008262279953137065,0.4711166666666667
14,2.0,closed,mi_obs,13,0.009400540598666171,-0.007199829883146537,0.4711166666666667
14,2.0,closed,mi_obs,14,0.007853574668788225,-0.002765948073131815,0.4711166666666667
14,2.0,closed,mi_obs,15,-0.011760066095080367,-0.008235335089450669,0.4711166666666667
14,2.0,closed,mi_obs,16,-0.009177174928133941,0.009796910536032473,0.4711166666666667
14,2.0,closed,mi_obs,17,0.01875888246839872,-0.0029201278637379685,0.4711166666666667
14,2.0,closed,mi_obs,18,0.0048722990610748085,0.13237074043581176,0.4711166666666667
14,2.0,closed,mi_obs,19,-0.007458377505161947,0.004855468774391973,0.4711166666666667
14,2.0,closed,mi_obs,20,-0.0005587930837903324,-0.0091915275627726,0.4711166666666667
14,2.0,closed,mi_obs,21,0.029023023258250347,0.6365233665264678,0.4711166666666667
14,2.0,closed,mi_obs,22,-0.00626960855876324,-0.6717245550099608,0.4711166666666667
14,2.0,closed,mi_obs,23,-0.06294629604925518,0.01124599632455251,0.4711166666666667
14,2.0,closed,mi_obs,24,-0.062217989954157615,-0.7941400349963953,0.4711166666666667
14,2.0,closed,mi_obs,25,-0.010321817266244704,0.6060593864172318,0.4711166666666667
14,2.0,closed,mi_obs,26,0.03635828507692862,-0.6042265522572469,0.4711166666666667
14,2.0,closed,mi_obs,27,-0.020775262920974313,-0.807478983818183,0.4711166666666667
14,2.0,closed,mi_obs,28,-0.004916631424293411,0.01488734469173947,0.4711166666666667
14,2.0,closed,mi_obs,29,-0.007944031245454508,-0.6117600548624529,0.4711166666666667
14,2.0,closed,mi_obs,30,-0.009220656357125878,-0.8858505005075435,0.4711166666666667
14,2.0,closed,mi_obs,31,-0.05625773730201375,0.005831543426820307,0.4711166666666667
14,2.0,closed,mi_obs,32,-0.022066883863196995,-0.8000117600413417,0.4711166666666667
14,2.0,closed,mi_obs,33,-0.021695811879763327,0.6049272614099064,0.4711166666666667
14,2.0,closed,mi_obs,34,0.051949933228293554,-0.6771760959281287,0.4711166666666667
14,2.0,closed,mi_obs,35,-0.02328682085062872,-0.8361251111631806,0.4711166666666667
14,2.0,closed,mi_obs,36,-0.004984147428421276,0.006882437978799363,0.4711166666666667
14,2.0,closed,mi_obs,37,-0.013261841689249376,-0.7813048611404586,0.4711166666666667
14,2.0,closed,mi_obs,38,0.05019536476149901,-0.00599097474594165,0.4711166666666667
14,2.0,closed,mi_obs,39,0.0074504768373510055,0.8413527685815427,0.4711166666666667
14,2.0,closed,mi_obs,40,0.0036731032686023735,-0.8461573939667213,0.4711166666666667
14,2.0,closed,mi_obs,41,-0.02275639681363073,0.8975962902874334,0.4711166666666667
14,2.0,closed,mi_obs,42,0.005599237782030531,0.7892015735759108,0.4711166666666667
14,2.0,closed,mi_obs,43,0.012404045086047243,-0.011470125166478377,0.4711166666666667
14,2.0,closed,mi_obs,44,-0.0017401389530690148,0.856214310859212,0.4711166666666667
14,2.0,closed,mi_obs,45,0.04872988022746919,-0.011495703149547837,0.4711166666666667
14,2.0,closed,mi_obs,46,-0.05853411387231188,0.0071140571088249855,0.4711166666666667
14,2.0,closed,mi_obs,47,0.03860689017092683,-0.29460115592725633,0.4711166666666667
14,2.0,closed,mi_obs,48,0.08511583194354966,0.3037991980769738,0.4711166666666667
14,2.0,closed,mi_obs,49,0.09259699772608554,0.6015918420495294,0.4711166666666667
14,2.0,closed,mi_obs,50,0.06586758657007014,0.28331975682164634,0.4711166666666667
14,2.0,closed,mi_obs,51,0.013653735014631296,-0.755989736345502,0.4711166666666667
14,2.0,closed,mi_obs,52,-0.034832580899021415,0.7515263557206019,0.4711166666666667
14,2.0,closed,mi_obs,53,0.03999370933924262,0.7989813327629978,0.4711166666666667
14,2.0,closed,mi_obs,54,-0.007645840428752859,-0.014842554103285466,0.4711166666666667
14,2.0,closed,mi_obs,55,-0.0004877095877312554,0.7664646244685347,0.4711166666666667
14,2.0,closed,mi_obs,56,0.003205662104789231,-0.8981952372847325,0.4711166666666667
14,2.0,closed,mi_obs,57,0.017804846961141818,-0.6067967608676693,0.4711166666666667
14,2.0,closed,mi_obs,58,-0.03855042666387124,0.012236010195190624,0.4711166666666667
14,2.0,closed,mi_obs,59,0.005461147410457778,-0.8080298070912391,0.4711166666666667
14,2.0,closed,mi_obs,60,-0.05180568190501744,0.5545896599767892,0.4711166666666667
14,2.0,closed,mi_obs,61,0.009989941208313063,-0.18541607570976734,0.4711166666666667
14,2.0,closed,mi_obs,62,-0.04584895035224468,0.7038390104283909,0.4711166666666667
14,2.0,closed,mi_obs,63,0.026728281120265956,0.17928591825991252,0.4711166666666667
14,2.0,closed,mi_obs,64,0.007559879454093643,0.7967498721775857,0.4711166666666667
14,2.0,closed,mi_obs,65,0.0205518625143363,0.16698282775166376,0.4711166666666667
14,2.0,closed,mi_class,0,0.019018482326484315,-0.009131345986542801,0.4711166666666667
14,2.0,closed,mi_class,1,0.16704941535964946,-0.6571275067978317,0.4711166666666667
14,2.0,closed,mi_class,2,0.015522530551222213,-0.8389043912975439,0.4711166666666667
14,2.0,closed,mi_class,3,-0.14404090063888342,0.9179398948075865,0.4711166666666667
14,2.0,closed,mi_class,4,-0.017444316512345626,-0.004642535563570695,0.4711166666666667
14,2.0,closed,mi_class,5,-0.16497388612058528,0.8232771365376593,0.4711166666666667
14,2.0,closed,mi_class,6,0.00011297217892458633,-0.8658049507126911,0.4711166666666667
14,2.0,closed,mi_class,7,-0.17241371097558122,0.8431369074748533,0.4711166666666667
14,2.0,closed,mi_class,8,-0.06466296022464646,0.7588722861170286,0.4711166666666667
14,2.0,closed,mi_class,9,-0.0066776043670550185,-0.007895231325229794,0.4711166666666667
14,2.0,closed,mi_class,10,-0.0440098025040816,0.9336705085668878,0.4711166666666667
14,2.0,closed,mi_class,11,0.06870509315955431,-0.29178357046133574,0.4711166666666667
14,2.0,closed,mi_class,12,-0.018819960851727553,0.008262279953137065,0.4711166666666667
14,2.0,closed,mi_class,13,0.017989874014017106,-0.007199829883146537,0.4711166666666667
14,2.0,closed,mi_class,14,0.01359632728469775,-0.002765948073131815,0.4711166666666667
14,2.0,closed,mi_class,15,0.006753246499141864,-0.008235335089450669,0.4711166666666667
14,2.0,closed,mi_class,16,0.05720499799123731,0.009796910536032473,0.4711166666666667
14,2.0,closed,mi_class,17,0.005453582493475781,-0.0029201278637379685,0.4711166666666667
14,2.0,closed,mi_class,18,0.025506240142006836,0.13237074043581176,0.4711166666666667
14,2.0,closed,mi_class,19,-0.0015726285817564334,0.004855468774391973,0.4711166666666667
14,2.0,closed,mi_class,20,0.01690312012935364,-0.0091915275627726,0.4711166666666667
14,2.0,closed,mi_class,21,-0.10453778434625904,0.6365233665264678,0.4711166666666667
14,2.0,closed,mi_class,22,0.24189403420219202,-0.6717245550099608,0.4711166666666667
14,2.0,closed,mi_class,23,-0.009612250642495379,0.01124599632455251,0.4711166666666667
14,2.0,closed,mi_class,24,0.3470915515660831,-0.7941400349963953,0.4711166666666667
14,2.0,closed,mi_class,25,-0.1575914681525652,0.6060593864172318,0.4711166666666667
14,2.0,closed,mi_class,26,0.2677422982365903,-0.6042265522572469,0.4711166666666667
14,2.0,closed,mi_class,27,0.15030312482524977,-0.807478983818183,0.4711166666666667
14,2.0,closed,mi_class,28,-0.07625313703887589,0.01488734469173947,0.4711166666666667
14,2.0,closed,mi_class,29,0.12563147861021035,-0.6117600548624529,0.4711166666666667
14,2.0,closed,mi_class,30,0.1268741953389244,-0.8858505005075435,0.4711166666666667
14,2.0,closed,mi_class,31,0.0033558256180165153,0.005831543426820307,0.4711166666666667
14,2.0,closed,mi_class,32,0.14508936236995207,-0.8000117600413417,0.4711166666666667
14,2.0,closed,mi_class,33,0.042460060821554624,0.6049272614099064,0.4711166666666667
14,2.0,closed,mi_class,34,0.12495346360590709,-0.6771760959281287,0.4711166666666667
14,2.0,closed,mi_class,35,0.012230227347356015,-0.8361251111631806,0.4711166666666667
14,2.0,closed,mi_class,36,-0.0031641310847785754,0.006882437978799363,0.4711166666666667
14,2.0,closed,mi_class,37,-0.03492615127714438,-0.7813048611404586,0.4711166666666667
14,2.0,closed,mi_class,38,-0.02142853813364725,-0.00599097474594165,0.4711166666666667
14,2.0,closed,mi_class,39,-0.06013748353745774,0.8413527685815427,0.4711166666666667
14,2.0,closed,mi_class,40,0.12217308088712131,-0.8461573939667213,0.4711166666666667
14,2.0,closed,mi_class,41,-0.07659415738799391,0.8975962902874334,0.4711166666666667
14,2.0,closed,mi_class,42,-0.07166342158693217,0.7892015735759108,0.4711166666666667
14,2.0,closed,mi_class,43,0.020572304030212624,-0.011470125166478377,0.4711166666666667
14,2.0,closed,mi_class,44,-0.14130229462849808,0.856214310859212,0.4711166666666667
14,2.0,closed,mi_class,45,-0.009724411697080442,-0.011495703149547837,0.4711166666666667
14,2.0,closed,mi_class,46,0.034051454633812164,0.0071140571088249855,0.4711166666666667
14,2.0,closed,mi_class,47,-0.007655499798465193,-0.29460115592725633,0.4711166666666667
14,2.0,closed,mi_class,48,-0.0503677439773601,0.3037991980769738,0.4711166666666667
14,2.0,closed,mi_class,49,-0.12033619263051415,0.6015918420495294,0.4711166666666667
14,2.0,closed,mi_class,50,-0.0916310063473981,0.28331975682164634,0.4711166666666667
14,2.0,closed,mi_class,51,0.14270880512605355,-0.755989736345502,0.4711166666666667
14,2.0,closed,mi_class,52,0.0008539030084004917,0.7515263557206019,0.4711166666666667
14,2.0,closed,mi_class,53,-0.1335612990980517,0.7989813327629978,0.4711166666666667
14,2.0,closed,mi_class,54,-0.0018796603755795224,-0.014842554103285466,0.4711166666666667
14,2.0,closed,mi_class,55,-0.1737151389499232,0.7664646244685347,0.4711166666666667
14,2.0,closed,mi_class,56,0.17395422665035087,-0.8981952372847325,0.4711166666666667
14,2.0,closed,mi_class,57,0.047697843450408395,-0.6067967608676693,0.4711166666666667
14,2.0,closed,mi_class,58,-0.02596110317626757,0.012236010195190624,0.4711166666666667
14,2.0,closed,mi_class,59,0.017587011707577593,-0.8080298070912391,0.4711166666666667
14,2.0,closed,mi_class,60,-0.08862909860744489,0.5545896599767892,0.4711166666666667
14,2.0,closed,mi_class,61,0.03313541423269309,-0.18541607570976734,0.4711166666666667
14,2.0,closed,mi_class,62,-0.15926913178316993,0.7038390104283909,0.4711166666666667
14,2.0,closed,mi_class,63,0.01343283341609125,0.17928591825991252,0.4711166666666667
14,2.0,closed,mi_class,64,-0.017104128723066325,0.7967498721775857,0.4711166666666667
14,2.0,closed,mi_class,65,0.012579563399989918,0.16698282775166376,0.4711166666666667
14,2.0,closed,mi_site,0,0.0037701079762414392,-0.009131345986542801,0.4711166666666667
14,2.0,closed,mi_site,1,-0.006620067880802161,-0.6571275067978317,0.4711166666666667
14,2.0,closed,mi_site,2,-0.016642257765347446,-0.8389043912975439,0.4711166666666667
14,2.0,closed,mi_site,3,-0.005340704034096033,0.9179398948075865,0.4711166666666667
14,2.0,closed,mi_site,4,0.0470720506062267,-0.004642535563570695,0.4711166666666667
14,2.0,closed,mi_site,5,0.004039307294937955,0.8232771365376593,0.4711166666666667
14,2.0,closed,mi_site,6,0.022579139195105236,-0.8658049507126911,0.4711166666666667
14,2.0,closed,mi_site,7,-0.046745375776734654,0.8431369074748533,0.4711166666666667
14,2.0,closed,mi_site,8,0.006158770394070978,0.7588722861170286,0.4711166666666667
14,2.0,closed,mi_site,9,0.0014289676872959872,-0.007895231325229794,0.4711166666666667
14,2.0,closed,mi_site,10,0.0041098499935732224,0.9336705085668878,0.4711166666666667
14,2.0,closed,mi_site,11,-0.07201790016422666,-0.29178357046133574,0.4711166666666667
14,2.0,closed,mi_site,12,-0.011739954112569437,0.008262279953137065,0.4711166666666667
14,2.0,closed,mi_site,13,0.014556170271142924,-0.007199829883146537,0.4711166666666667
14,2.0,closed,mi_site,14,0.008251054294475937,-0.002765948073131815,0.4711166666666667
14,2.0,closed,mi_site,15,0.0011867439400837674,-0.008235335089450669,0.4711166666666667
14,2.0,closed,mi_site,16,-0.015119037107299584,0.009796910536032473,0.4711166666666667
14,2.0,closed,mi_site,17,0.016734185046444517,-0.0029201278637379685,0.4711166666666667
14,2.0,closed,mi_site,18,0.013920416572492267,0.13237074043581176,0.4711166666666667
14,2.0,closed,mi_site,19,-0.007739201532815713,0.004855468774391973,0.4711166666666667
14,2.0,closed,mi_site,20,0.004734679181525499,-0.0091915275627726,0.4711166666666667
14,2.0,closed,mi_site,21,0.027436605567974892,0.6365233665264678,0.4711166666666667
14,2.0,closed,mi_site,22,-0.0006184606081648392,-0.6717245550099608,0.4711166666666667
14,2.0,closed,mi_site,23,-0.05024897535254597,0.01124599632455251,0.4711166666666667
14,2.0,closed,mi_site,24,-0.05158919967296949,-0.7941400349963953,0.4711166666666667
14,2.0,closed,mi_site,25,-0.013623573192340643,0.6060593864172318,0.4711166666666667
14,2.0,closed,mi_site,26,0.03177183215838053,-0.6042265522572469,0.4711166666666667
14,2.0,closed,mi_site,27,-0.013352881200538125,-0.807478983818183,0.4711166666666667
14,2.0,closed,mi_site,28,0.0073623593952620876,0.01488734469173947,0.4711166666666667
14,2.0,closed,mi_site,29,-0.004342667964793323,-0.6117600548624529,0.4711166666666667
14,2.0,closed,mi_site,30,-7.893021090865648e-05,-0.8858505005075435,0.4711166666666667
14,2.0,closed,mi_site,31,-0.04054710290477567,0.005831543426820307,0.4711166666666667
14,2.0,closed,mi_site,32,-0.017700028239482024,-0.8000117600413417,0.4711166666666667
14,2.0,closed,mi_site,33,-0.022018641926382698,0.6049272614099064,0.4711166666666667
14,2.0,closed,mi_site,34,0.04428149127369685,-0.6771760959281287,0.4711166666666667
14,2.0,closed,mi_site,35,-0.016755674718930358,-0.8361251111631806,0.4711166666666667
14,2.0,closed,mi_site,36,0.010510321673602222,0.006882437978799363,0.4711166666666667
14,2.0,closed,mi_site,37,-0.006855526401854384,-0.7813048611404586,0.4711166666666667
14,2.0,closed,mi_site,38,0.055898095086374576,-0.00599097474594165,0.4711166666666667
14,2.0,closed,mi_site,39,0.005448479001800122,0.8413527685815427,0.4711166666666667
14,2.0,closed,mi_site,40,0.002835745788430488,-0.8461573939667213,0.4711166666666667
14,2.0,closed,mi_site,41,-0.017943197805257882,0.8975962902874334,0.4711166666666667
14,2.0,closed,mi_site,42,0.004984551124464276,0.7892015735759108,0.4711166666666667
14,2.0,closed,mi_site,43,0.010470771654219098,-0.011470125166478377,0.4711166666666667
14,2.0,closed,mi_site,44,-0.0006175316299179556,0.856214310859212,0.4711166666666667
14,2.0,closed,mi_site,45,0.04826702799009953,-0.011495703149547837,0.4711166666666667
14,2.0,closed,mi_site,46,-0.05884179193839536,0.0071140571088249855,0.4711166666666667
14,2.0,closed,mi_site,47,0.045696579760337336,-0.29460115592725633,0.4711166666666667
14,2.0,closed,mi_site,48,0.07140644763233661,0.3037991980769738,0.4711166666666667
14,2.0,closed,mi_site,49,0.08337484349236846,0.6015918420495294,0.4711166666666667
14,2.0,closed,mi_site,50,0.05281888518633554,0.28331975682164634,0.4711166666666667
14,2.0,closed,mi_site,51,0.014859606718745422,-0.755989736345502,0.4711166666666667
14,2.0,closed,mi_site,52,-0.0278654194084077,0.7515263557206019,0.4711166666666667
14,2.0,closed,mi_site,53,0.03339613057476143,0.7989813327629978,0.4711166666666667
14,2.0,closed,mi_site,54,-0.011906508460976751,-0.014842554103285466,0.4711166666666667
14,2.0,closed,mi_site,55,0.0010939753718218759,0.7664646244685347,0.4711166666666667
14,2.0,closed,mi_site,56,0.0013398746508308523,-0.8981952372847325,0.4711166666666667
14,2.0,closed,mi_site,57,0.017682010181587215,-0.6067967608676693,0.4711166666666667
14,2.0,closed,mi_site,58,-0.025185335216603613,0.012236010195190624,0.4711166666666667
14,2.0,closed,mi_site,59,0.007047008835658786,-0.8080298070912391,0.4711166666666667
14,2.0,closed,mi_site,60,-0.044095434536715605,0.5545896599767892,0.4711166666666667
14,2.0,closed,mi_site,61,0.0021658943851697032,-0.18541607570976734,0.4711166666666667
14,2.0,closed,mi_site,62,-0.03423002789516694,0.7038390104283909,0.4711166666666667
14,2.0,closed,mi_site,63,0.01888763765073667,0.17928591825991252,0.4711166666666667
14,2.0,closed,mi_site,64,0.00547313537077132,0.7967498721775857,0.4711166666666667
14,2.0,closed,mi_site,65,0.010558172287694595,0.16698282775166376,0.4711166666666667
