rep,gamma,alignment,estimator,pair,signed_err,truth,miss_rate
11,0.0,aligned,available,0,-0.002934706521337649,-0.5365227746623145,0.4705416666666667
11,0.0,aligned,available,1,0.008023926738852383,0.31567508539048666,0.4705416666666667
11,0.0,aligned,available,2,-0.020170332449355094,-0.17784452693466063,0.4705416666666667
11,0.0,aligned,available,3,-0.012599725252646465,-0.09083270248223828,0.4705416666666667
11,0.0,aligned,available,4,-0.006170462957962308,-0.5109224308544066,0.4705416666666667
11,0.0,aligned,available,5,0.0009517300881458938,-0.005346163034976243,0.4705416666666667
11,0.0,aligned,available,6,0.01244753946128025,0.038356604258620176,0.4705416666666667
11,0.0,aligned,available,7,-0.003994700352417446,0.5680145376518018,0.4705416666666667
11,0.0,aligned,available,8,-0.01098323322979916,-0.11470625598580614,0.4705416666666667
11,0.0,aligned,available,9,-0.00045768320641816247,-0.014711689123941501,0.4705416666666667
11,0.0,aligned,available,10,0.0031827686187383547,0.06307939333155331,0.4705416666666667
11,0.0,aligned,available,11,0.0021585048315605412,-0.04297899169917341,0.4705416666666667
11,0.0,aligned,available,12,0.01599595862002602,-0.039649535055199164,0.4705416666666667
11,0.0,aligned,available,13,0.004148623938222269,0.0015725388172210602,0.4705416666666667
11,0.0,aligned,available,14,9.065645285954993e-05,0.7173137277835221,0.4705416666666667
11,0.0,aligned,available,15,0.008909559792770175,0.0016026832674124831,0.4705416666666667
11,0.0,aligned,available,16,-0.001381849772430133,0.008743419173640677,0.4705416666666667
11,0.0,aligned,available,17,0.006787312130514533,-0.5307705677064717,0.4705416666666667
11,0.0,aligned,available,18,-0.0032863588857963075,-0.0188761409118817,0.4705416666666667
11,0.0,aligned,available,19,-0.013468721852118636,0.00669954162198593,0.4705416666666667
11,0.0,aligned,available,20,0.008741183782228703,3.414448610208715e-05,0.4705416666666667
11,0.0,aligned,available,21,-0.0190254581001299,-0.5241384197483009,0.4705416666666667
11,0.0,aligned,available,22,-0.0006892696701420453,0.6428049115995185,0.4705416666666667
11,0.0,aligned,available,23,0.0068500325632448456,-0.35810421456376157,0.4705416666666667
11,0.0,aligned,available,24,0.013164082639545296,0.0006801777222964115,0.4705416666666667
11,0.0,aligned,available,25,-0.005785225610570155,-0.38370152725839607,0.4705416666666667
11,0.0,aligned,available,26,0.0024791279435198987,0.7720548494220129,0.4705416666666667
11,0.0,aligned,available,27,0.012456266722541687,-0.46232393113116027,0.4705416666666667
11,0.0,aligned,available,28,0.003953861589033058,-0.005282577739039764,0.4705416666666667
11,0.0,aligned,available,29,0.004969766111734941,-0.48101221694892865,0.4705416666666667
11,0.0,aligned,available,30,0.026348459325886475,-0.4332560732660778,0.4705416666666667
11,0.0,aligned,available,31,-0.0003061361492029957,0.19626861809380738,0.4705416666666667
11,0.0,aligned,available,32,-0.013436703502918692,0.009377470399633598,0.4705416666666667
11,0.0,aligned,available,33,0.005803147457217828,0.1331810883200153,0.4705416666666667
11,0.0,aligned,available,34,-0.013732850781417227,-0.4854518450311322,0.4705416666666667
11,0.0,aligned,available,35,-0.0003459138692852859,0.6082957516650931,0.4705416666666667
11,0.0,aligned,available,36,-0.0012737179053184944,-0.40369856479536426,0.4705416666666667
11,0.0,aligned,available,37,-0.006063230420151777,0.3288803936782788,0.4705416666666667
11,0.0,aligned,available,38,0.007067041447363476,-0.26743105423160424,0.4705416666666667
11,0.0,aligned,available,39,-0.0036553010398848013,-0.0004003566602028254,0.4705416666666667
11,0.0,aligned,available,40,0.003912444246963465,-0.596846796174688,0.4705416666666667
11,0.0,aligned,available,41,-0.0022943709382465816,0.6144692525456124,0.4705416666666667
11,0.0,aligned,available,42,0.02106629016491307,-0.46738002802536005,0.4705416666666667
11,0.0,aligned,available,43,0.002563266786405184,0.0010804084306590734,0.4705416666666667
11,0.0,aligned,available,44,-0.003140934631837733,-0.7467894161460565,0.4705416666666667
11,0.0,aligned,available,45,0.0026501965349877143,0.47677099907791437,0.4705416666666667
11,0.0,aligned,available,46,-0.002249085196663475,0.16164238090011507,0.4705416666666667
11,0.0,aligned,available,47,0.0058056799442373075,-0.6944085936010437,0.4705416666666667
11,0.0,aligned,available,48,-0.004630452036629762,0.18000172027056974,0.4705416666666667
11,0.0,aligned,available,49,0.007044906984513795,0.0033431627146922396,0.4705416666666667
11,0.0,aligned,available,50,0.0007701685893510835,0.19949306206850395,0.4705416666666667
11,0.0,aligned,available,51,0.007610374738629912,-0.0034106133325867726,0.4705416666666667
11,0.0,aligned,available,52,0.005360078194647323,-0.0007159721525553112,0.4705416666666667
11,0.0,aligned,available,53,0.01498407627545495,0.003344748647770925,0.4705416666666667
11,0.0,aligned,available,54,0.014723224374096795,-0.006925888167881958,0.4705416666666667
11,0.0,aligned,available,55,0.002899180686895254,0.00047556274200888225,0.4705416666666667
11,0.0,aligned,available,56,0.0024511546104037385,-0.3722465852454657,0.4705416666666667
11,0.0,aligned,available,57,-0.019495866246265314,0.6621936624958398,0.4705416666666667
11,0.0,aligned,available,58,0.011021062134667858,0.3243414520876475,0.4705416666666667
11,0.0,aligned,available,59,0.000786275021413041,0.7943154386760087,0.4705416666666667
11,0.0,aligned,available,60,0.006462271640436057,-0.4370835509004443,0.4705416666666667
11,0.0,aligned,available,61,0.0047174124238628665,-0.005637007966966117,0.4705416666666667
11,0.0,aligned,available,62,-0.003624904794241768,-0.4617064378591595,0.4705416666666667
11,0.0,aligned,available,63,-0.004169290561173419,0.07597098458974977,0.4705416666666667
11,0.0,aligned,available,64,-0.010103817426613315,0.44741348938483494,0.4705416666666667
11,0.0,aligned,available,65,0.003329395429282371,0.002952966227829991,0.4705416666666667
11,0.0,aligned,mi_obs,0,-0.016335141551373722,-0.5365227746623145,0.4705416666666667
11,0.0,aligned,mi_obs,1,0.0023271326812256965,0.31567508539048666,0.4705416666666667
11,0.0,aligned,mi_obs,2,-0.06627464316739318,-0.17784452693466063,0.4705416666666667
11,0.0,aligned,mi_obs,3,-0.03483413386895769,-0.09083270248223828,0.4705416666666667
11,0.0,aligned,mi_obs,4,-0.059587620965630306,-0.5109224308544066,0.4705416666666667
11,0.0,aligned,mi_obs,5,0.059318093196630686,-0.005346163034976243,0.4705416666666667
11,0.0,aligned,mi_obs,6,-0.01315951698208112,0.038356604258620176,0.4705416666666667
11,0.0,aligned,mi_obs,7,0.054811000540080035,0.5680145376518018,0.4705416666666667
11,0.0,aligned,mi_obs,8,0.006116906648602233,-0.11470625598580614,0.4705416666666667
11,0.0,aligned,mi_obs,9,0.007914268093636139,-0.014711689123941501,0.4705416666666667
11,0.0,aligned,mi_obs,10,-0.003950107498173885,0.06307939333155331,0.4705416666666667
11,0.0,aligned,mi_obs,11,0.07187559653667189,-0.04297899169917341,0.4705416666666667
11,0.0,aligned,mi_obs,12,-0.012585992831644903,-0.039649535055199164,0.4705416666666667
11,0.0,aligned,mi_obs,13,0.022155923744760737,0.0015725388172210602,0.4705416666666667
11,0.0,aligned,mi_obs,14,0.044029586308498736,0.7173137277835221,0.4705416666666667
11,0.0,aligned,mi_obs,15,-0.09757876841812617,0.0016026832674124831,0.4705416666666667
11,0.0,aligned,mi_obs,16,0.0008992672492007404,0.008743419173640677,0.4705416666666667
11,0.0,aligned,mi_obs,17,0.0031686120692526742,-0.5307705677064717,0.4705416666666667
11,0.0,aligned,mi_obs,18,-0.02328121546646309,-0.0188761409118817,0.4705416666666667
11,0.0,aligned,mi_obs,19,-0.00819893126407654,0.00669954162198593,0.4705416666666667
11,0.0,aligned,mi_obs,20,-0.0005581764206192412,3.414448610208715e-05,0.4705416666666667
11,0.0,aligned,mi_obs,21,-0.08821561452767712,-0.5241384197483009,0.4705416666666667
11,0.0,aligned,mi_obs,22,0.03418821296686192,0.6428049115995185,0.4705416666666667
11,0.0,aligned,mi_obs,23,0.022097071186518658,-0.35810421456376157,0.4705416666666667
11,0.0,aligned,mi_obs,24,0.04196056400883577,0.0006801777222964115,0.4705416666666667
11,0.0,aligned,mi_obs,25,-0.0059893114552972415,-0.38370152725839607,0.4705416666666667
11,0.0,aligned,mi_obs,26,0.024820704260851145,0.7720548494220129,0.4705416666666667
11,0.0,aligned,mi_obs,27,0.005817921484836064,-0.46232393113116027,0.4705416666666667
11,0.0,aligned,mi_obs,28,0.002841399435612056,-0.005282577739039764,0.4705416666666667
11,0.0,aligned,mi_obs,29,0.007608888509548606,-0.48101221694892865,0.4705416666666667
11,0.0,aligned,mi_obs,30,-0.08364743651808354,-0.4332560732660778,0.4705416666666667
11,0.0,aligned,mi_obs,31,-0.006602022059988166,0.19626861809380738,0.4705416666666667
11,0.0,aligned,mi_obs,32,-0.013882423709929254,0.009377470399633598,0.4705416666666667
11,0.0,aligned,mi_obs,33,0.020689154711389185,0.1331810883200153,0.4705416666666667
11,0.0,aligned,mi_obs,34,-0.04256343616303021,-0.4854518450311322,0.4705416666666667
11,0.0,aligned,mi_obs,35,-0.0211414195132984,0.6082957516650931,0.4705416666666667
11,0.0,aligned,mi_obs,36,-0.050985760141028014,-0.40369856479536426,0.4705416666666667
11,0.0,aligned,mi_obs,37,0.03174039149066499,0.3288803936782788,0.4705416666666667
11,0.0,aligned,mi_obs,38,0.02777023233888412,-0.26743105423160424,0.4705416666666667
11,0.0,aligned,mi_obs,39,0.027998992820715513,-0.0004003566602028254,0.4705416666666667
11,0.0,aligned,mi_obs,40,-0.037581333232457714,-0.596846796174688,0.4705416666666667
11,0.0,aligned,mi_obs,41,-0.016734038387080763,0.6144692525456124,0.4705416666666667
11,0.0,aligned,mi_obs,42,-0.016007607534651747,-0.46738002802536005,0.4705416666666667
11,0.0,aligned,mi_obs,43,0.03220894593785637,0.0010804084306590734,0.4705416666666667
11,0.0,aligned,mi_obs,44,-0.03921741698501724,-0.7467894161460565,0.4705416666666667
11,0.0,aligned,mi_obs,45,-0.12268932454852538,0.47677099907791437,0.4705416666666667
11,0.0,aligned,mi_obs,46,-0.003532102714864205,0.16164238090011507,0.4705416666666667
11,0.0,aligned,mi_obs,47,-0.024560433999606612,-0.6944085936010437,0.4705416666666667
11,0.0,aligned,mi_obs,48,-0.008387730594791365,0.18000172027056974,0.4705416666666667
11,0.0,aligned,mi_obs,49,-0.0028301465843045366,0.0033431627146922396,0.4705416666666667
11,0.0,aligned,mi_obs,50,-0.022974590902570674,0.19949306206850395,0.4705416666666667
11,0.0,aligned,mi_obs,51,-0.017655460997045094,-0.0034106133325867726,0.4705416666666667
11,0.0,aligned,mi_obs,52,0.07268401245380617,-0.0007159721525553112,0.4705416666666667
11,0.0,aligned,mi_obs,53,-0.012732941850719772,0.003344748647770925,0.4705416666666667
11,0.0,aligned,mi_obs,54,-0.0014034650301894443,-0.006925888167881958,0.4705416666666667
11,0.0,aligned,mi_obs,55,-0.02246230425726414,0.00047556274200888225,0.4705416666666667
11,0.0,aligned,mi_obs,56,-0.001034980040390876,-0.3722465852454657,0.4705416666666667
11,0.0,aligned,mi_obs,57,0.044316366846515964,0.6621936624958398,0.4705416666666667
11,0.0,aligned,mi_obs,58,0.05605252563826735,0.3243414520876475,0.4705416666666667
11,0.0,aligned,mi_obs,59,0.017366317041203616,0.7943154386760087,0.4705416666666667
11,0.0,aligned,mi_obs,60,0.010772392132300856,-0.4370835509004443,0.4705416666666667
11,0.0,aligned,mi_obs,61,0.002064785286222268,-0.005637007966966117,0.4705416666666667
11,0.0,aligned,mi_obs,62,0.023690204971726192,-0.4617064378591595,0.4705416666666667
11,0.0,aligned,mi_obs,63,0.030980495817143378,0.07597098458974977,0.4705416666666667
11,0.0,aligned,mi_obs,64,-0.0054904777469922394,0.44741348938483494,0.4705416666666667
11,0.0,aligned,mi_obs,65,-0.006664971130125246,0.002952966227829991,0.4705416666666667
11,0.0,aligned,mi_class,0,0.06220469088363689,-0.5365227746623145,0.4705416666666667
11,0.0,aligned,mi_class,1,-0.3039482600900839,0.31567508539048666,0.4705416666666667
11,0.0,aligned,mi_class,2,0.1763992680530731,-0.17784452693466063,0.4705416666666667
11,0.0,aligned,mi_class,3,0.05997660216114394,-0.09083270248223828,0.4705416666666667
11,0.0,aligned,mi_class,4,0.1459168427490492,-0.5109224308544066,0.4705416666666667
11,0.0,aligned,mi_class,5,0.02669127592324152,-0.005346163034976243,0.4705416666666667
11,0.0,aligned,mi_class,6,-0.01370290427316086,0.038356604258620176,0.4705416666666667
11,0.0,aligned,mi_class,7,-0.16827725858916492,0.5680145376518018,0.4705416666666667
11,0.0,aligned,mi_class,8,0.014856937561874381,-0.11470625598580614,0.4705416666666667
11,0.0,aligned,mi_class,9,0.0208918326599625,-0.014711689123941501,0.4705416666666667
11,0.0,aligned,mi_class,10,-0.06307903154105791,0.06307939333155331,0.4705416666666667
11,0.0,aligned,mi_class,11,0.040829601451135594,-0.04297899169917341,0.4705416666666667
11,0.0,aligned,mi_class,12,0.04030606602907582,-0.039649535055199164,0.4705416666666667
11,0.0,aligned,mi_class,13,-0.004947099820411209,0.0015725388172210602,0.4705416666666667
11,0.0,aligned,mi_class,14,-0.16823311573091848,0.7173137277835221,0.4705416666666667
11,0.0,aligned,mi_class,15,0.01802817844953924,0.0016026832674124831,0.4705416666666667
11,0.0,aligned,mi_class,16,-0.015974183808477437,0.008743419173640677,0.4705416666666667
11,0.0,aligned,mi_class,17,0.11733031107580566,-0.5307705677064717,0.4705416666666667
11,0.0,aligned,mi_class,18,0.007721986374833198,-0.0188761409118817,0.4705416666666667
11,0.0,aligned,mi_class,19,-0.02136714361597966,0.00669954162198593,0.4705416666666667
11,0.0,aligned,mi_class,20,-0.0011434501549706035,3.414448610208715e-05,0.4705416666666667
11,0.0,aligned,mi_class,21,1.5228180900498478,-0.5241384197483009,0.4705416666666667
11,0.0,aligned,mi_class,22,-0.6243451857932429,0.6428049115995185,0.4705416666666667
11,0.0,aligned,mi_class,23,0.35022026227270614,-0.35810421456376157,0.4705416666666667
11,0.0,aligned,mi_class,24,-0.00033109456529835146,0.0006801777222964115,0.4705416666666667
11,0.0,aligned,mi_class,25,0.548910895883595,-0.38370152725839607,0.4705416666666667
11,0.0,aligned,mi_class,26,-0.7531777404913352,0.7720548494220129,0.4705416666666667
11,0.0,aligned,mi_class,27,0.4417887059673969,-0.46232393113116027,0.4705416666666667
11,0.0,aligned,mi_class,28,0.003432226031344642,-0.005282577739039764,0.4705416666666667
11,0.0,aligned,mi_class,29,-0.5180417547796767,-0.48101221694892865,0.4705416666666667
11,0.0,aligned,mi_class,30,0.427514546503168,-0.4332560732660778,0.4705416666666667
11,0.0,aligned,mi_class,31,-0.19426480447366382,0.19626861809380738,0.4705416666666667
11,0.0,aligned,mi_class,32,-0.008872186577863922,0.009377470399633598,0.4705416666666667
11,0.0,aligned,mi_class,33,0.04643894037097329,0.1331810883200153,0.4705416666666667
11,0.0,aligned,mi_class,34,0.48011161917661127,-0.4854518450311322,0.4705416666666667
11,0.0,aligned,mi_class,35,-0.6005794648248642,0.6082957516650931,0.4705416666666667
11,0.0,aligned,mi_class,36,0.4009564736376565,-0.40369856479536426,0.4705416666666667
11,0.0,aligned,mi_class,37,-1.328798512447075,0.3288803936782788,0.4705416666666667
11,0.0,aligned,mi_class,38,0.019266206653645507,-0.26743105423160424,0.4705416666666667
11,0.0,aligned,mi_class,39,0.01521898035883544,-0.0004003566602028254,0.4705416666666667
11,0.0,aligned,mi_class,40,0.08044177710044964,-0.596846796174688,0.4705416666666667
11,0.0,aligned,mi_class,41,-0.0061402251422137955,0.6144692525456124,0.4705416666666667
11,0.0,aligned,mi_class,42,0.03427040418791083,-0.46738002802536005,0.4705416666666667
11,0.0,aligned,mi_class,43,-0.0008779507312230896,0.0010804084306590734,0.4705416666666667
11,0.0,aligned,mi_class,44,0.7467847493234994,-0.7467894161460565,0.4705416666666667
11,0.0,aligned,mi_class,45,-0.07949456352226442,0.47677099907791437,0.4705416666666667
11,0.0,aligned,mi_class,46,-0.035835793632964935,0.16164238090011507,0.4705416666666667
11,0.0,aligned,mi_class,47,0.016888381740889913,-0.6944085936010437,0.4705416666666667
11,0.0,aligned,mi_class,48,-0.03752291298659696,0.18000172027056974,0.4705416666666667
11,0.0,aligned,mi_class,49,-0.0032039514086524635,0.0033431627146922396,0.4705416666666667
11,0.0,aligned,mi_class,50,-0.199491938480736,0.19949306206850395,0.4705416666666667
11,0.0,aligned,mi_class,51,-0.024205517424708903,-0.0034106133325867726,0.4705416666666667
11,0.0,aligned,mi_class,52,0.000550654477438593,-0.0007159721525553112,0.4705416666666667
11,0.0,aligned,mi_class,53,0.007243145947353537,0.003344748647770925,0.4705416666666667
11,0.0,aligned,mi_class,54,0.007077102153554256,-0.006925888167881958,0.4705416666666667
11,0.0,aligned,mi_class,55,-0.00047566573933933103,0.00047556274200888225,0.4705416666666667
11,0.0,aligned,mi_class,56,0.06143612763278411,-0.3722465852454657,0.4705416666666667
11,0.0,aligned,mi_class,57,-0.047270668418415984,0.6621936624958398,0.4705416666666667
11,0.0,aligned,mi_class,58,-0.32121188376261184,0.3243414520876475,0.4705416666666667
11,0.0,aligned,mi_class,59,-0.9723766669100895,0.7943154386760087,0.4705416666666667
11,0.0,aligned,mi_class,60,0.07533658603603,-0.4370835509004443,0.4705416666666667
11,0.0,aligned,mi_class,61,0.005467096402607961,-0.005637007966966117,0.4705416666666667
11,0.0,aligned,mi_class,62,0.4617037014586785,-0.4617064378591595,0.4705416666666667
11,0.0,aligned,mi_class,63,-0.0955091268727313,0.07597098458974977,0.4705416666666667
11,0.0,aligned,mi_class,64,-0.44740956846354835,0.44741348938483494,0.4705416666666667
11,0.0,aligned,mi_class,65,-0.0010023386504046776,0.002952966227829991,0.4705416666666667
11,0.0,aligned,mi_site,0,0.02858857816437388,-0.5365227746623145,0.4705416666666667
11,0.0,aligned,mi_site,1,-0.03763535701464066,0.31567508539048666,0.4705416666666667
11,0.0,aligned,mi_site,2,0.002699216156384049,-0.17784452693466063,0.4705416666666667
11,0.0,aligned,mi_site,3,-0.032804324750122946,-0.09083270248223828,0.4705416666666667
11,0.0,aligned,mi_site,4,0.007147315259277587,-0.5109224308544066,0.4705416666666667
11,0.0,aligned,mi_site,5,0.05024535896993788,-0.005346163034976243,0.4705416666666667
11,0.0,aligned,mi_site,6,-0.010139527566168767,0.038356604258620176,0.4705416666666667
11,0.0,aligned,mi_site,7,-0.01683274806766688,0.5680145376518018,0.4705416666666667
11,0.0,aligned,mi_site,8,0.014542776252856937,-0.11470625598580614,0.4705416666666667
11,0.0,aligned,mi_site,9,-0.00017009182282673625,-0.014711689123941501,0.4705416666666667
11,0.0,aligned,mi_site,10,-0.007329235908439535,0.06307939333155331,0.4705416666666667
11,0.0,aligned,mi_site,11,0.05264231861021259,-0.04297899169917341,0.4705416666666667
11,0.0,aligned,mi_site,12,0.011278043879707426,-0.039649535055199164,0.4705416666666667
11,0.0,aligned,mi_site,13,0.02898163513992853,0.0015725388172210602,0.4705416666666667
11,0.0,aligned,mi_site,14,0.024629294028622573,0.7173137277835221,0.4705416666666667
11,0.0,aligned,mi_site,15,-0.06145655613928412,0.0016026832674124831,0.4705416666666667
11,0.0,aligned,mi_site,16,0.004844610218319284,0.008743419173640677,0.4705416666666667
11,0.0,aligned,mi_site,17,0.022803651680354586,-0.5307705677064717,0.4705416666666667
11,0.0,aligned,mi_site,18,-0.010042690874931252,-0.0188761409118817,0.4705416666666667
11,0.0,aligned,mi_site,19,-0.0031823968562670964,0.00669954162198593,0.4705416666666667
11,0.0,aligned,mi_site,20,0.0038347305640324676,3.414448610208715e-05,0.4705416666666667
11,0.0,aligned,mi_site,21,0.0016916590094124828,-0.5241384197483009,0.4705416666666667
11,0.0,aligned,mi_site,22,-0.018070837900962533,0.6428049115995185,0.4705416666666667
11,0.0,aligned,mi_site,23,0.04538739386575402,-0.35810421456376157,0.4705416666666667
11,0.0,aligned,mi_site,24,0.03638827618515325,0.0006801777222964115,0.4705416666666667
11,0.0,aligned,mi_site,25,0.0013780402876698017,-0.38370152725839607,0.4705416666666667
11,0.0,aligned,mi_site,26,-0.0030662103516309047,0.7720548494220129,0.4705416666666667
11,0.0,aligned,mi_site,27,0.01741758110495184,-0.46232393113116027,0.4705416666666667
11,0.0,aligned,mi_site,28,-0.0009290954560368684,-0.005282577739039764,0.4705416666666667
11,0.0,aligned,mi_site,29,0.029555109061699225,-0.48101221694892865,0.4705416666666667
11,0.0,aligned,mi_site,30,0.010465012489022374,-0.4332560732660778,0.4705416666666667
11,0.0,aligned,mi_site,31,-0.013087953705221783,0.19626861809380738,0.4705416666666667
11,0.0,aligned,mi_site,32,0.012203299680544776,0.009377470399633598,0.4705416666666667
11,0.0,aligned,mi_site,33,-0.0030038263908949148,0.1331810883200153,0.4705416666666667
11,0.0,aligned,mi_site,34,0.027775122044074563,-0.4854518450311322,0.4705416666666667
11,0.0,aligned,mi_site,35,-0.0969385389640327,0.6082957516650931,0.4705416666666667
11,0.0,aligned,mi_site,36,0.02902353893179971,-0.40369856479536426,0.4705416666666667
11,0.0,aligned,mi_site,37,-0.027119564270912166,0.3288803936782788,0.4705416666666667
11,0.0,aligned,mi_site,38,0.037673775169190765,-0.26743105423160424,0.4705416666666667
11,0.0,aligned,mi_site,39,0.010161126783455326,-0.0004003566602028254,0.4705416666666667
11,0.0,aligned,mi_site,40,-0.024089554289828286,-0.596846796174688,0.4705416666666667
11,0.0,aligned,mi_site,41,-0.03437294560354753,0.6144692525456124,0.4705416666666667
11,0.0,aligned,mi_site,42,-0.0009405531700719116,-0.46738002802536005,0.4705416666666667
11,0.0,aligned,mi_site,43,0.01727962073709209,0.0010804084306590734,0.4705416666666667
11,0.0,aligned,mi_site,44,-0.01235938728165531,-0.7467894161460565,0.4705416666666667
11,0.0,aligned,mi_site,45,-0.09683530623727649,0.47677099907791437,0.4705416666666667
11,0.0,aligned,mi_site,46,-0.0018815790204239624,0.16164238090011507,0.4705416666666667
11,0.0,aligned,mi_site,47,-0.010491463204520324,-0.6944085936010437,0.4705416666666667
11,0.0,aligned,mi_site,48,-0.010785750358271562,0.18000172027056974,0.4705416666666667
11,0.0,aligned,mi_site,49,0.002937827290053284,0.0033431627146922396,0.4705416666666667
11,0.0,aligned,mi_site,50,-0.015207166610103684,0.19949306206850395,0.4705416666666667
11,0.0,aligned,mi_site,51,-0.00430883729695853,-0.0034106133325867726,0.4705416666666667
11,0.0,aligned,mi_site,52,0.049808502832166764,-0.0007159721525553112,0.4705416666666667
11,0.0,aligned,mi_site,53,-0.0021737642917592976,0.003344748647770925,0.4705416666666667
11,0.0,aligned,mi_site,54,0.019470507058181444,-0.006925888167881958,0.4705416666666667
11,0.0,aligned,mi_site,55,-0.013628671041783122,0.00047556274200888225,0.4705416666666667
11,0.0,aligned,mi_site,56,-0.009435894147715618,-0.3722465852454657,0.4705416666666667
11,0.0,aligned,mi_site,57,0.03248304565614857,0.6621936624958398,0.4705416666666667
11,0.0,aligned,mi_site,58,0.03890739662306436,0.3243414520876475,0.4705416666666667
11,0.0,aligned,mi_site,59,-0.0029834573857022706,0.7943154386760087,0.4705416666666667
11,0.0,aligned,mi_site,60,0.0015677881273505334,-0.4370835509004443,0.4705416666666667
11,0.0,aligned,mi_site,61,0.00147328175326694,-0.005637007966966117,0.4705416666666667
11,0.0,aligned,mi_site,62,0.015977262793339775,-0.4617064378591595,0.4705416666666667
11,0.0,aligned,mi_site,63,0.02127871731702871,0.07597098458974977,0.4705416666666667
11,0.0,aligned,mi_site,64,-0.011549908706562972,0.44741348938483494,0.4705416666666667
11,0.0,aligned,mi_site,65,-0.008012732301733248,0.002952966227829991,0.4705416666666667
11,0.0,closed,available,0,-0.0058968724752576085,-0.5365227746623145,0.4705416666666667
11,0.0,closed,available,1,-0.0053256926118816494,0.31567508539048666,0.4705416666666667
11,0.0,closed,available,2,0.0030353220624152466,-0.17784452693466063,0.4705416666666667
11,0.0,closed,available,3,-0.0026507201823229992,-0.09083270248223828,0.4705416666666667
11,0.0,closed,available,4,-0.01130663800967524,-0.5109224308544066,0.4705416666666667
11,0.0,closed,available,5,-0.004826300268378403,-0.005346163034976243,0.4705416666666667
11,0.0,closed,available,6,0.010180037549717351,0.038356604258620176,0.4705416666666667
11,0.0,closed,available,7,-0.001562760642641714,0.5680145376518018,0.4705416666666667
11,0.0,closed,available,8,0.0016470177656133789,-0.11470625598580614,0.4705416666666667
11,0.0,closed,available,9,-0.0069641959946460195,-0.014711689123941501,0.4705416666666667
11,0.0,closed,available,10,0.00355393559243862,0.06307939333155331,0.4705416666666667
11,0.0,closed,available,11,0.0032142693112495735,-0.04297899169917341,0.4705416666666667
11,0.0,closed,available,12,-0.005612851511871207,-0.039649535055199164,0.4705416666666667
11,0.0,closed,available,13,0.01439063076462575,0.0015725388172210602,0.4705416666666667
11,0.0,closed,available,14,-0.0034765222948446306,0.7173137277835221,0.4705416666666667
11,0.0,closed,available,15,0.005692844915350635,0.0016026832674124831,0.4705416666666667
11,0.0,closed,available,16,-0.01639711222991832,0.008743419173640677,0.4705416666666667
11,0.0,closed,available,17,0.012538362551283933,-0.5307705677064717,0.4705416666666667
11,0.0,closed,available,18,-0.00807571609672941,-0.0188761409118817,0.4705416666666667
11,0.0,closed,available,19,-0.0013239652278962113,0.00669954162198593,0.4705416666666667
11,0.0,closed,available,20,-0.00924878015564875,3.414448610208715e-05,0.4705416666666667
11,0.0,closed,available,21,0.006563926156553546,-0.5241384197483009,0.4705416666666667
11,0.0,closed,available,22,0.008306783256688544,0.6428049115995185,0.4705416666666667
11,0.0,closed,available,23,0.006310827837082922,-0.35810421456376157,0.4705416666666667
11,0.0,closed,available,24,-0.009736531876301325,0.0006801777222964115,0.4705416666666667
11,0.0,closed,available,25,-0.011316797578603044,-0.38370152725839607,0.4705416666666667
11,0.0,closed,available,26,-0.0033467163338484207,0.7720548494220129,0.4705416666666667
11,0.0,closed,available,27,-0.003892018585348378,-0.46232393113116027,0.4705416666666667
11,0.0,closed,available,28,0.005283994724909433,-0.005282577739039764,0.4705416666666667
11,0.0,closed,available,29,0.0026315079988425416,-0.48101221694892865,0.4705416666666667
11,0.0,closed,available,30,-0.012280454201469115,-0.4332560732660778,0.4705416666666667
11,0.0,closed,available,31,0.014385715350736072,0.19626861809380738,0.4705416666666667
11,0.0,closed,available,32,-0.012470535104899856,0.009377470399633598,0.4705416666666667
11,0.0,closed,available,33,0.024029651374125743,0.1331810883200153,0.4705416666666667
11,0.0,closed,available,34,-0.016336948348415203,-0.4854518450311322,0.4705416666666667
11,0.0,closed,available,35,0.003177627199104527,0.6082957516650931,0.4705416666666667
11,0.0,closed,available,36,-0.005961999304739063,-0.40369856479536426,0.4705416666666667
11,0.0,closed,available,37,0.003401893847710502,0.3288803936782788,0.4705416666666667
11,0.0,closed,available,38,0.012725143791996685,-0.26743105423160424,0.4705416666666667
11,0.0,closed,available,39,0.0018622775778227565,-0.0004003566602028254,0.4705416666666667
11,0.0,closed,available,40,0.0017093236397174305,-0.596846796174688,0.4705416666666667
11,0.0,closed,available,41,0.0004036990781207672,0.6144692525456124,0.4705416666666667
11,0.0,closed,available,42,-0.014002737266975651,-0.46738002802536005,0.4705416666666667
11,0.0,closed,available,43,0.00495509837924346,0.0010804084306590734,0.4705416666666667
11,0.0,closed,available,44,0.0015095006613050632,-0.7467894161460565,0.4705416666666667
11,0.0,closed,available,45,-0.003598639765901357,0.47677099907791437,0.4705416666666667
11,0.0,closed,available,46,-0.007342343036381399,0.16164238090011507,0.4705416666666667
11,0.0,closed,available,47,0.0033378423378762623,-0.6944085936010437,0.4705416666666667
11,0.0,closed,available,48,-0.007858523615604102,0.18000172027056974,0.4705416666666667
11,0.0,closed,available,49,0.00759050037413231,0.0033431627146922396,0.4705416666666667
11,0.0,closed,available,50,-0.01420234370188142,0.19949306206850395,0.4705416666666667
11,0.0,closed,available,51,-0.002999225575283286,-0.0034106133325867726,0.4705416666666667
11,0.0,closed,available,52,0.005727535474260554,-0.0007159721525553112,0.4705416666666667
11,0.0,closed,available,53,-0.013027618081615773,0.003344748647770925,0.4705416666666667
11,0.0,closed,available,54,0.013459118624256094,-0.006925888167881958,0.4705416666666667
11,0.0,closed,available,55,0.0007377717487687856,0.00047556274200888225,0.4705416666666667
11,0.0,closed,available,56,0.002051649310761461,-0.3722465852454657,0.4705416666666667
11,0.0,closed,available,57,0.008468729387090979,0.6621936624958398,0.4705416666666667
11,0.0,closed,available,58,0.009061766784125735,0.3243414520876475,0.4705416666666667
11,0.0,closed,available,59,-8.228773515084331e-05,0.7943154386760087,0.4705416666666667
11,0.0,closed,available,60,-0.002170248497172289,-0.4370835509004443,0.4705416666666667
11,0.0,closed,available,61,-0.0041135580623433065,-0.005637007966966117,0.4705416666666667
11,0.0,closed,available,62,0.0046898222908506315,-0.4617064378591595,0.4705416666666667
11,0.0,closed,available,63,-0.012925417660453284,0.07597098458974977,0.4705416666666667
11,0.0,closed,available,64,-0.001281073848485137,0.44741348938483494,0.4705416666666667
11,0.0,closed,available,65,-0.008781520736280888,0.002952966227829991,0.4705416666666667
11,0.0,closed,mi_obs,0,-0.0157893992884911,-0.5365227746623145,0.4705416666666667
11,0.0,closed,mi_obs,1,0.0002824170382000335,0.31567508539048666,0.4705416666666667
11,0.0,closed,mi_obs,2,-0.06052686728050399,-0.17784452693466063,0.4705416666666667
11,0.0,closed,mi_obs,3,-0.04239394989699723,-0.09083270248223828,0.4705416666666667
11,0.0,closed,mi_obs,4,-0.07233874439455124,-0.5109224308544066,0.4705416666666667
11,0.0,closed,mi_obs,5,0.012646405096431234,-0.005346163034976243,0.4705416666666667
11,0.0,closed,mi_obs,6,0.002496411970093232,0.038356604258620176,0.4705416666666667
11,0.0,closed,mi_obs,7,0.054433606845153415,0.5680145376518018,0.4705416666666667
11,0.0,closed,mi_obs,8,0.005758583043952714,-0.11470625598580614,0.4705416666666667
11,0.0,closed,mi_obs,9,0.012212576851939248,-0.014711689123941501,0.4705416666666667
11,0.0,closed,mi_obs,10,-3.346540468053549e-05,0.06307939333155331,0.4705416666666667
11,0.0,closed,mi_obs,11,0.08215922746936528,-0.04297899169917341,0.4705416666666667
11,0.0,closed,mi_obs,12,-0.031204538144681687,-0.039649535055199164,0.4705416666666667
11,0.0,closed,mi_obs,13,0.06397298588997026,0.0015725388172210602,0.4705416666666667
11,0.0,closed,mi_obs,14,0.048392177547606496,0.7173137277835221,0.4705416666666667
11,0.0,closed,mi_obs,15,-0.043751826585090005,0.0016026832674124831,0.4705416666666667
11,0.0,closed,mi_obs,16,-0.010287103957319722,0.008743419173640677,0.4705416666666667
11,0.0,closed,mi_obs,17,0.021824976930757578,-0.5307705677064717,0.4705416666666667
11,0.0,closed,mi_obs,18,-0.034043461452311866,-0.0188761409118817,0.4705416666666667
11,0.0,closed,mi_obs,19,-0.014530456673597055,0.00669954162198593,0.4705416666666667
11,0.0,closed,mi_obs,20,-0.0175803527868238,3.414448610208715e-05,0.4705416666666667
11,0.0,closed,mi_obs,21,-0.11054777425033735,-0.5241384197483009,0.4705416666666667
11,0.0,closed,mi_obs,22,0.044702821131205384,0.6428049115995185,0.4705416666666667
11,0.0,closed,mi_obs,23,0.0012442347452604197,-0.35810421456376157,0.4705416666666667
11,0.0,closed,mi_obs,24,-0.004900436189510937,0.0006801777222964115,0.4705416666666667
11,0.0,closed,mi_obs,25,0.0016743724514614589,-0.38370152725839607,0.4705416666666667
11,0.0,closed,mi_obs,26,0.028552482908599797,0.7720548494220129,0.4705416666666667
11,0.0,closed,mi_obs,27,-0.010626179150120041,-0.46232393113116027,0.4705416666666667
11,0.0,closed,mi_obs,28,0.034088456157735994,-0.005282577739039764,0.4705416666666667
11,0.0,closed,mi_obs,29,0.015701213942441672,-0.48101221694892865,0.4705416666666667
11,0.0,closed,mi_obs,30,-0.12214292204823957,-0.4332560732660778,0.4705416666666667
11,0.0,closed,mi_obs,31,0.013971491332909758,0.19626861809380738,0.4705416666666667
11,0.0,closed,mi_obs,32,-0.04267478077898898,0.009377470399633598,0.4705416666666667
11,0.0,closed,mi_obs,33,0.07232624199902546,0.1331810883200153,0.4705416666666667
11,0.0,closed,mi_obs,34,-0.04909578318514701,-0.4854518450311322,0.4705416666666667
11,0.0,closed,mi_obs,35,0.03445422460632952,0.6082957516650931,0.4705416666666667
11,0.0,closed,mi_obs,36,-0.047554967375887824,-0.40369856479536426,0.4705416666666667
11,0.0,closed,mi_obs,37,0.06491393695766684,0.3288803936782788,0.4705416666666667
11,0.0,closed,mi_obs,38,0.028563336466133932,-0.26743105423160424,0.4705416666666667
11,0.0,closed,mi_obs,39,-0.0011009852101852768,-0.0004003566602028254,0.4705416666666667
11,0.0,closed,mi_obs,40,-0.036512896984413956,-0.596846796174688,0.4705416666666667
11,0.0,closed,mi_obs,41,-0.020541852053533205,0.6144692525456124,0.4705416666666667
11,0.0,closed,mi_obs,42,-0.036921943100320154,-0.46738002802536005,0.4705416666666667
11,0.0,closed,mi_obs,43,0.027862361955092826,0.0010804084306590734,0.4705416666666667
11,0.0,closed,mi_obs,44,-0.03270440020054799,-0.7467894161460565,0.4705416666666667
11,0.0,closed,mi_obs,45,-0.08581517817786843,0.47677099907791437,0.4705416666666667
11,0.0,closed,mi_obs,46,0.006565457509730976,0.16164238090011507,0.4705416666666667
11,0.0,closed,mi_obs,47,-0.03348247753124167,-0.6944085936010437,0.4705416666666667
11,0.0,closed,mi_obs,48,-0.012340589369193106,0.18000172027056974,0.4705416666666667
11,0.0,closed,mi_obs,49,0.0032842130922083705,0.0033431627146922396,0.4705416666666667
11,0.0,closed,mi_obs,50,-0.008952124821266283,0.19949306206850395,0.4705416666666667
11,0.0,closed,mi_obs,51,0.005904877676499047,-0.0034106133325867726,0.4705416666666667
11,0.0,closed,mi_obs,52,0.01750437652247113,-0.0007159721525553112,0.4705416666666667
11,0.0,closed,mi_obs,53,-0.014070115081898957,0.003344748647770925,0.4705416666666667
11,0.0,closed,mi_obs,54,0.02074693743336193,-0.006925888167881958,0.4705416666666667
11,0.0,closed,mi_obs,55,0.005319625273854589,0.00047556274200888225,0.4705416666666667
11,0.0,closed,mi_obs,56,-0.004350563451658296,-0.3722465852454657,0.4705416666666667
11,0.0,closed,mi_obs,57,0.04420601773572541,0.6621936624958398,0.4705416666666667
11,0.0,closed,mi_obs,58,0.043885744983895636,0.3243414520876475,0.4705416666666667
11,0.0,closed,mi_obs,59,0.01095548832770532,0.7943154386760087,0.4705416666666667
11,0.0,closed,mi_obs,60,-0.007802065431574745,-0.4370835509004443,0.4705416666666667
11,0.0,closed,mi_obs,61,0.0053537739527754645,-0.005637007966966117,0.4705416666666667
11,0.0,closed,mi_obs,62,0.0240163157826197,-0.4617064378591595,0.4705416666666667
11,0.0,closed,mi_obs,63,-0.0013752689619302705,0.07597098458974977,0.4705416666666667
11,0.0,closed,mi_obs,64,0.0017486175914470103,0.44741348938483494,0.4705416666666667
11,0.0,closed,mi_obs,65,-0.02337351276767653,0.002952966227829991,0.4705416666666667
11,0.0,closed,mi_class,0,0.015364987701775301,-0.5365227746623145,0.4705416666666667
11,0.0,closed,mi_class,1,-0.04575945029223644,0.31567508539048666,0.4705416666666667
11,0.0,closed,mi_class,2,0.17740842233056742,-0.17784452693466063,0.4705416666666667
11,0.0,closed,mi_class,3,0.09049297292899484,-0.09083270248223828,0.4705416666666667
11,0.0,closed,mi_class,4,0.09987094312360556,-0.5109224308544066,0.4705416666666667
11,0.0,closed,mi_class,5,-0.008525997217794958,-0.005346163034976243,0.4705416666666667
11,0.0,closed,mi_class,6,-0.03659258602575709,0.038356604258620176,0.4705416666666667
11,0.0,closed,mi_class,7,-0.1493512424609978,0.5680145376518018,0.4705416666666667
11,0.0,closed,mi_class,8,-0.025640266204127016,-0.11470625598580614,0.4705416666666667
11,0.0,closed,mi_class,9,-0.0025704436567021618,-0.014711689123941501,0.4705416666666667
11,0.0,closed,mi_class,10,-0.06306113876263955,0.06307939333155331,0.4705416666666667
11,0.0,closed,mi_class,11,-0.08975835065474372,-0.04297899169917341,0.4705416666666667
11,0.0,closed,mi_class,12,0.1976138089767386,-0.039649535055199164,0.4705416666666667
11,0.0,closed,mi_class,13,-0.001306081927905752,0.0015725388172210602,0.4705416666666667
11,0.0,closed,mi_class,14,-0.16349542740834822,0.7173137277835221,0.4705416666666667
11,0.0,closed,mi_class,15,0.0015883122308686579,0.0016026832674124831,0.4705416666666667
11,0.0,closed,mi_class,16,-0.1666552778972978,0.008743419173640677,0.4705416666666667
11,0.0,closed,mi_class,17,0.15107193153482817,-0.5307705677064717,0.4705416666666667
11,0.0,closed,mi_class,18,-0.018924697683066836,-0.0188761409118817,0.4705416666666667
11,0.0,closed,mi_class,19,0.015830248922574647,0.00669954162198593,0.4705416666666667
11,0.0,closed,mi_class,20,0.15802980352640894,3.414448610208715e-05,0.4705416666666667
11,0.0,closed,mi_class,21,0.24187862464716975,-0.5241384197483009,0.4705416666666667
11,0.0,closed,mi_class,22,-0.22718694183231036,0.6428049115995185,0.4705416666666667
11,0.0,closed,mi_class,23,0.17617557147695878,-0.35810421456376157,0.4705416666666667
11,0.0,closed,mi_class,24,0.005255110801303644,0.0006801777222964115,0.4705416666666667
11,0.0,closed,mi_class,25,0.6471367176191649,-0.38370152725839607,0.4705416666666667
11,0.0,closed,mi_class,26,-0.40113945160700787,0.7720548494220129,0.4705416666666667
11,0.0,closed,mi_class,27,0.03800884078278727,-0.46232393113116027,0.4705416666666667
11,0.0,closed,mi_class,28,-0.04747594788009675,-0.005282577739039764,0.4705416666666667
11,0.0,closed,mi_class,29,0.20005713436032324,-0.48101221694892865,0.4705416666666667
11,0.0,closed,mi_class,30,0.432081692694062,-0.4332560732660778,0.4705416666666667
11,0.0,closed,mi_class,31,-0.1958640026756455,0.19626861809380738,0.4705416666666667
11,0.0,closed,mi_class,32,-0.009538579263613515,0.009377470399633598,0.4705416666666667
11,0.0,closed,mi_class,33,-1.1304365369145404,0.1331810883200153,0.4705416666666667
11,0.0,closed,mi_class,34,0.48438784813529184,-0.4854518450311322,0.4705416666666667
11,0.0,closed,mi_class,35,-0.6065954719323654,0.6082957516650931,0.4705416666666667
11,0.0,closed,mi_class,36,0.4017117050621258,-0.40369856479536426,0.4705416666666667
11,0.0,closed,mi_class,37,0.6711160824728434,0.3288803936782788,0.4705416666666667
11,0.0,closed,mi_class,38,0.026052973359608766,-0.26743105423160424,0.4705416666666667
11,0.0,closed,mi_class,39,-0.007366318876524998,-0.0004003566602028254,0.4705416666666667
11,0.0,closed,mi_class,40,0.5609900465877302,-0.596846796174688,0.4705416666666667
11,0.0,closed,mi_class,41,-0.07036771866603164,0.6144692525456124,0.4705416666666667
11,0.0,closed,mi_class,42,0.015704197840298362,-0.46738002802536005,0.4705416666666667
11,0.0,closed,mi_class,43,-0.0006830033421598078,0.0010804084306590734,0.4705416666666667
11,0.0,closed,mi_class,44,0.7466037914129511,-0.7467894161460565,0.4705416666666667
11,0.0,closed,mi_class,45,-0.03223193543183228,0.47677099907791437,0.4705416666666667
11,0.0,closed,mi_class,46,-0.15400158606351338,0.16164238090011507,0.4705416666666667
11,0.0,closed,mi_class,47,0.08201090374142095,-0.6944085936010437,0.4705416666666667
11,0.0,closed,mi_class,48,-0.044205346694359104,0.18000172027056974,0.4705416666666667
11,0.0,closed,mi_class,49,0.00689983142572975,0.0033431627146922396,0.4705416666666667
11,0.0,closed,mi_class,50,-0.19944547408876467,0.19949306206850395,0.4705416666666667
11,0.0,closed,mi_class,51,0.005497075988974944,-0.0034106133325867726,0.4705416666666667
11,0.0,closed,mi_class,52,0.007326611033963218,-0.0007159721525553112,0.4705416666666667
11,0.0,closed,mi_class,53,-0.010011326897041118,0.003344748647770925,0.4705416666666667
11,0.0,closed,mi_class,54,-0.0066349508492270295,-0.006925888167881958,0.4705416666666667
11,0.0,closed,mi_class,55,-0.00047494639906543344,0.00047556274200888225,0.4705416666666667
11,0.0,closed,mi_class,56,0.35575180584347016,-0.3722465852454657,0.4705416666666667
11,0.0,closed,mi_class,57,-0.628643296341224,0.6621936624958398,0.4705416666666667
11,0.0,closed,mi_class,58,-0.30985710314167053,0.3243414520876475,0.4705416666666667
11,0.0,closed,mi_class,59,-1.7915642185387166,0.7943154386760087,0.4705416666666667
11,0.0,closed,mi_class,60,0.10848273130956065,-0.4370835509004443,0.4705416666666667
11,0.0,closed,mi_class,61,-0.0021895206798744774,-0.005637007966966117,0.4705416666666667
11,0.0,closed,mi_class,62,0.46160072982881767,-0.4617064378591595,0.4705416666666667
11,0.0,closed,mi_class,63,-0.08068349722202241,0.07597098458974977,0.4705416666666667
11,0.0,closed,mi_class,64,-0.44726012012184446,0.44741348938483494,0.4705416666666667
11,0.0,closed,mi_class,65,-0.003912675232893326,0.002952966227829991,0.4705416666666667
11,0.0,closed,mi_site,0,-0.013188961595981263,-0.5365227746623145,0.4705416666666667
11,0.0,closed,mi_site,1,-0.0028457724363766257,0.31567508539048666,0.4705416666666667
11,0.0,closed,mi_site,2,-0.039331481614645475,-0.17784452693466063,0.4705416666666667
11,0.0,closed,mi_site,3,-0.052986721283334634,-0.09083270248223828,0.4705416666666667
11,0.0,closed,mi_site,4,-0.04895258018958981,-0.5109224308544066,0.4705416666666667
11,0.0,closed,mi_site,5,0.06621029534257646,-0.005346163034976243,0.4705416666666667
11,0.0,closed,mi_site,6,0.0018863839651501596,0.038356604258620176,0.4705416666666667
11,0.0,closed,mi_site,7,0.04744632346661837,0.5680145376518018,0.4705416666666667
11,0.0,closed,mi_site,8,-0.0026278625309024417,-0.11470625598580614,0.4705416666666667
11,0.0,closed,mi_site,9,0.011412818249531135,-0.014711689123941501,0.4705416666666667
11,0.0,closed,mi_site,10,0.0011908249788973035,0.06307939333155331,0.4705416666666667
11,0.0,closed,mi_site,11,0.06666958694070751,-0.04297899169917341,0.4705416666666667
11,0.0,closed,mi_site,12,-0.03178505936182785,-0.039649535055199164,0.4705416666666667
11,0.0,closed,mi_site,13,0.07127759629157988,0.0015725388172210602,0.4705416666666667
11,0.0,closed,mi_site,14,0.021244664693925053,0.7173137277835221,0.4705416666666667
11,0.0,closed,mi_site,15,-0.12474029221805984,0.0016026832674124831,0.4705416666666667
11,0.0,closed,mi_site,16,-0.016456821052395057,0.008743419173640677,0.4705416666666667
11,0.0,closed,mi_site,17,0.02688990847286732,-0.5307705677064717,0.4705416666666667
11,0.0,closed,mi_site,18,-0.020791268401997846,-0.0188761409118817,0.4705416666666667
11,0.0,closed,mi_site,19,-0.008594155114024317,0.00669954162198593,0.4705416666666667
11,0.0,closed,mi_site,20,-0.018158367399505996,3.414448610208715e-05,0.4705416666666667
11,0.0,closed,mi_site,21,-0.06799099850392187,-0.5241384197483009,0.4705416666666667
11,0.0,closed,mi_site,22,0.036200271372330506,0.6428049115995185,0.4705416666666667
11,0.0,closed,mi_site,23,0.006418071885125387,-0.35810421456376157,0.4705416666666667
11,0.0,closed,mi_site,24,0.016167287423826525,0.0006801777222964115,0.4705416666666667
11,0.0,closed,mi_site,25,-0.002147395637944416,-0.38370152725839607,0.4705416666666667
11,0.0,closed,mi_site,26,0.021232233108823162,0.7720548494220129,0.4705416666666667
11,0.0,closed,mi_site,27,-0.010795901609127578,-0.46232393113116027,0.4705416666666667
11,0.0,closed,mi_site,28,0.021819074696170247,-0.005282577739039764,0.4705416666666667
11,0.0,closed,mi_site,29,0.011596633188331318,-0.48101221694892865,0.4705416666666667
11,0.0,closed,mi_site,30,-0.059856448136984486,-0.4332560732660778,0.4705416666666667
11,0.0,closed,mi_site,31,-0.006609958372537167,0.19626861809380738,0.4705416666666667
11,0.0,closed,mi_site,32,-0.03156119098144801,0.009377470399633598,0.4705416666666667
11,0.0,closed,mi_site,33,0.05261481468353396,0.1331810883200153,0.4705416666666667
11,0.0,closed,mi_site,34,-0.02704106710783899,-0.4854518450311322,0.4705416666666667
11,0.0,closed,mi_site,35,0.006386268547896923,0.6082957516650931,0.4705416666666667
11,0.0,closed,mi_site,36,-0.052255732738018146,-0.40369856479536426,0.4705416666666667
11,0.0,closed,mi_site,37,0.03355932348133772,0.3288803936782788,0.4705416666666667
11,0.0,closed,mi_site,38,0.034640789062314103,-0.26743105423160424,0.4705416666666667
11,0.0,closed,mi_site,39,-0.005566946859621779,-0.0004003566602028254,0.4705416666666667
11,0.0,closed,mi_site,40,-0.030995757332399232,-0.596846796174688,0.4705416666666667
11,0.0,closed,mi_site,41,-0.03500032531171038,0.6144692525456124,0.4705416666666667
11,0.0,closed,mi_site,42,-0.024102157070251484,-0.46738002802536005,0.4705416666666667
11,0.0,closed,mi_site,43,0.021874205330247098,0.0010804084306590734,0.4705416666666667
11,0.0,closed,mi_site,44,-0.021920840254150642,-0.7467894161460565,0.4705416666666667
11,0.0,closed,mi_site,45,-0.1246127599066143,0.47677099907791437,0.4705416666666667
11,0.0,closed,mi_site,46,0.0029095007216322355,0.16164238090011507,0.4705416666666667
11,0.0,closed,mi_site,47,-0.02102676857958974,-0.6944085936010437,0.4705416666666667
11,0.0,closed,mi_site,48,-0.002642895257429917,0.18000172027056974,0.4705416666666667
11,0.0,closed,mi_site,49,0.003037025595864846,0.0033431627146922396,0.4705416666666667
11,0.0,closed,mi_site,50,-0.007790702804113453,0.19949306206850395,0.4705416666666667
11,0.0,closed,mi_site,51,0.0011692486540168857,-0.0034106133325867726,0.4705416666666667
11,0.0,closed,mi_site,52,0.059844428970555294,-0.0007159721525553112,0.4705416666666667
11,0.0,closed,mi_site,53,-0.013095434301847076,0.003344748647770925,0.4705416666666667
11,0.0,closed,mi_site,54,0.019230488108614767,-0.006925888167881958,0.4705416666666667
11,0.0,closed,mi_site,55,6.139845629169984e-05,0.00047556274200888225,0.4705416666666667
11,0.0,closed,mi_site,56,0.0031484255943395323,-0.3722465852454657,0.4705416666666667
11,0.0,closed,mi_site,57,0.04206465761123912,0.6621936624958398,0.4705416666666667
11,0.0,closed,mi_site,58,0.03586015986824642,0.3243414520876475,0.4705416666666667
11,0.0,closed,mi_site,59,0.011180477323896043,0.7943154386760087,0.4705416666666667
11,0.0,closed,mi_site,60,-0.011379686777822362,-0.4370835509004443,0.4705416666666667
11,0.0,closed,mi_site,61,0.008614251203264214,-0.005637007966966117,0.4705416666666667
11,0.0,closed,mi_site,62,0.02569195145077441,-0.4617064378591595,0.4705416666666667
11,0.0,closed,mi_site,63,0.006797878542791416,0.07597098458974977,0.4705416666666667
11,0.0,closed,mi_site,64,-0.0028554322973316504,0.44741348938483494,0.4705416666666667
11,0.0,closed,mi_site,65,-0.02056655730500165,0.002952966227829991,0.4705416666666667
11,1.0,aligned,available,0,-0.0033880560099686097,-0.5402932940607267,0.4705416666666667
11,1.0,aligned,available,1,0.0050759790447013065,0.3093506042864875,0.4705416666666667
11,1.0,aligned,available,2,-0.01243420079816504,-0.17272523148427563,0.4705416666666667
11,1.0,aligned,available,3,-0.015274297755283328,-0.09666294812213153,0.4705416666666667
11,1.0,aligned,available,4,-0.006234365507384654,-0.5107537299028512,0.4705416666666667
11,1.0,aligned,available,5,0.00395280991068649,-0.005462432973639696,0.4705416666666667
11,1.0,aligned,available,6,0.01294274660810115,0.04291368577146251,0.4705416666666667
11,1.0,aligned,available,7,-0.00506943852757602,0.5647716133415955,0.4705416666666667
11,1.0,aligned,available,8,-0.007070947720051873,-0.10984621688311577,0.4705416666666667
11,1.0,aligned,available,9,-0.0007313544480429274,-0.014950425063130183,0.4705416666666667
11,1.0,aligned,available,10,0.005376391651755297,0.06824134746165741,0.4705416666666667
11,1.0,aligned,available,11,0.001522292931051293,-0.040283475976392064,0.4705416666666667
11,1.0,aligned,available,12,0.010903285210145879,-0.042887925443866604,0.4705416666666667
11,1.0,aligned,available,13,0.008052031956948213,0.0074435451591816915,0.4705416666666667
11,1.0,aligned,available,14,0.0013790383414241658,0.7157083629017367,0.4705416666666667
11,1.0,aligned,available,15,0.007150154149770141,-0.0004193340267590297,0.4705416666666667
11,1.0,aligned,available,16,-0.0019310982334732926,0.0021304271401221208,0.4705416666666667
11,1.0,aligned,available,17,0.007743920986663988,-0.5302443596445109,0.4705416666666667
11,1.0,aligned,available,18,-0.006568462458846399,-0.023269955214324567,0.4705416666666667
11,1.0,aligned,available,19,-0.012895862983913275,0.006804444248607609,0.4705416666666667
11,1.0,aligned,available,20,0.005505179305289511,-0.007657363156089446,0.4705416666666667
11,1.0,aligned,available,21,-0.02339959466883501,-0.5278175042161108,0.4705416666666667
11,1.0,aligned,available,22,0.0002530982022709294,0.6472675847253209,0.4705416666666667
11,1.0,aligned,available,23,0.005826515904060081,-0.35666307441013273,0.4705416666666667
11,1.0,aligned,available,24,0.01246337034484975,-0.0013309364473976877,0.4705416666666667
11,1.0,aligned,available,25,-0.005186817342227423,-0.3863010115871375,0.4705416666666667
11,1.0,aligned,available,26,0.0033099480703386863,0.772040986258179,0.4705416666666667
11,1.0,aligned,available,27,0.012496964377456843,-0.46542818073472264,0.4705416666666667
11,1.0,aligned,available,28,0.003008603962632905,-0.003986725613661242,0.4705416666666667
11,1.0,aligned,available,29,0.004079893234665566,-0.48289098449095624,0.4705416666666667
11,1.0,aligned,available,30,0.019601276756334274,-0.4392410629117896,0.4705416666666667
11,1.0,aligned,available,31,0.0006314753532648265,0.19460082722579186,0.4705416666666667
11,1.0,aligned,available,32,-0.01176446321163972,0.009392168613014326,0.4705416666666667
11,1.0,aligned,available,33,0.010335079311909967,0.13805649978839235,0.4705416666666667
11,1.0,aligned,available,34,-0.014094066428667285,-0.4867133857478946,0.4705416666666667
11,1.0,aligned,available,35,0.0015457850049032107,0.6101325190968901,0.4705416666666667
11,1.0,aligned,available,36,-0.0012611479837109085,-0.4032609137968426,0.4705416666666667
11,1.0,aligned,available,37,0.0015219209908810538,0.3321617268835164,0.4705416666666667
11,1.0,aligned,available,38,0.0068599475544238175,-0.26542293226437796,0.4705416666666667
11,1.0,aligned,available,39,-0.0034118127801383456,-0.003446482998341759,0.4705416666666667
11,1.0,aligned,available,40,0.004762192942065924,-0.5961432868362484,0.4705416666666667
11,1.0,aligned,available,41,-0.0014530218374967374,0.6148927133578712,0.4705416666666667
11,1.0,aligned,available,42,0.018598594356611042,-0.47092680074278626,0.4705416666666667
11,1.0,aligned,available,43,0.001388995259308605,0.0030679637414131127,0.4705416666666667
11,1.0,aligned,available,44,-0.0019496229626959627,-0.743788868643844,0.4705416666666667
11,1.0,aligned,available,45,0.0002201227557604435,0.48086919742791595,0.4705416666666667
11,1.0,aligned,available,46,-0.0017718387892373955,0.15944095137390943,0.4705416666666667
11,1.0,aligned,available,47,0.005404088654469508,-0.6933579743928516,0.4705416666666667
11,1.0,aligned,available,48,-0.008478647903256475,0.1781334422571618,0.4705416666666667
11,1.0,aligned,available,49,0.00714162153232426,0.0031828101514152795,0.4705416666666667
11,1.0,aligned,available,50,0.0010677702567013503,0.19671652909980525,0.4705416666666667
11,1.0,aligned,available,51,0.005746628525847938,0.0009142878827176894,0.4705416666666667
11,1.0,aligned,available,52,0.006856512656123779,-0.0016306001313899099,0.4705416666666667
11,1.0,aligned,available,53,0.008872205946179466,0.0049034324466760175,0.4705416666666667
11,1.0,aligned,available,54,0.012546439513026465,-0.006230615551774859,0.4705416666666667
11,1.0,aligned,available,55,0.0012490178268607715,0.006254761290840074,0.4705416666666667
11,1.0,aligned,available,56,0.0009477253582615974,-0.37052071624101784,0.4705416666666667
11,1.0,aligned,available,57,-0.018469231984954426,0.663990213778821,0.4705416666666667
11,1.0,aligned,available,58,0.012123508568670782,0.3220868053355253,0.4705416666666667
11,1.0,aligned,available,59,0.0012657887254573508,0.7981470790856056,0.4705416666666667
11,1.0,aligned,available,60,0.006495294272718277,-0.43717459184237334,0.4705416666666667
11,1.0,aligned,available,61,0.0038457027533861394,-0.004470407056246255,0.4705416666666667
11,1.0,aligned,available,62,-0.005143467112066535,-0.4584696725945478,0.4705416666666667
11,1.0,aligned,available,63,-0.0037889418826264204,0.07526903028575933,0.4705416666666667
11,1.0,aligned,available,64,-0.010079964616088233,0.4523195812624838,0.4705416666666667
11,1.0,aligned,available,65,0.003424186824115586,0.003464087706643994,0.4705416666666667
11,1.0,aligned,mi_obs,0,-0.017102302971351402,-0.5402932940607267,0.4705416666666667
11,1.0,aligned,mi_obs,1,0.001969295752426603,0.3093506042864875,0.4705416666666667
11,1.0,aligned,mi_obs,2,-0.06217765856045551,-0.17272523148427563,0.4705416666666667
11,1.0,aligned,mi_obs,3,-0.03626732057555429,-0.09666294812213153,0.4705416666666667
11,1.0,aligned,mi_obs,4,-0.06019502263284726,-0.5107537299028512,0.4705416666666667
11,1.0,aligned,mi_obs,5,0.06313352933495041,-0.005462432973639696,0.4705416666666667
11,1.0,aligned,mi_obs,6,-0.013776444384605124,0.04291368577146251,0.4705416666666667
11,1.0,aligned,mi_obs,7,0.05462798383525602,0.5647716133415955,0.4705416666666667
11,1.0,aligned,mi_obs,8,0.0066416166532881765,-0.10984621688311577,0.4705416666666667
11,1.0,aligned,mi_obs,9,0.007256675787102715,-0.014950425063130183,0.4705416666666667
11,1.0,aligned,mi_obs,10,-0.003713069917343978,0.06824134746165741,0.4705416666666667
11,1.0,aligned,mi_obs,11,0.07182453906343367,-0.040283475976392064,0.4705416666666667
11,1.0,aligned,mi_obs,12,-0.01570004393152715,-0.042887925443866604,0.4705416666666667
11,1.0,aligned,mi_obs,13,0.02550916921608795,0.0074435451591816915,0.4705416666666667
11,1.0,aligned,mi_obs,14,0.044762671788667774,0.7157083629017367,0.4705416666666667
11,1.0,aligned,mi_obs,15,-0.10159735441063301,-0.0004193340267590297,0.4705416666666667
11,1.0,aligned,mi_obs,16,0.002189102486872293,0.0021304271401221208,0.4705416666666667
11,1.0,aligned,mi_obs,17,0.0037443133407575324,-0.5302443596445109,0.4705416666666667
11,1.0,aligned,mi_obs,18,-0.02420838209537715,-0.023269955214324567,0.4705416666666667
11,1.0,aligned,mi_obs,19,-0.007295496917088132,0.006804444248607609,0.4705416666666667
11,1.0,aligned,mi_obs,20,-0.0007605771313793268,-0.007657363156089446,0.4705416666666667
11,1.0,aligned,mi_obs,21,-0.08854517783489702,-0.5278175042161108,0.4705416666666667
11,1.0,aligned,mi_obs,22,0.03682482487465022,0.6472675847253209,0.4705416666666667
11,1.0,aligned,mi_obs,23,0.023566880594687423,-0.35666307441013273,0.4705416666666667
11,1.0,aligned,mi_obs,24,0.043924039333717586,-0.0013309364473976877,0.4705416666666667
11,1.0,aligned,mi_obs,25,-0.005573228065656799,-0.3863010115871375,0.4705416666666667
11,1.0,aligned,mi_obs,26,0.024555086004597992,0.772040986258179,0.4705416666666667
11,1.0,aligned,mi_obs,27,0.006495010732653739,-0.46542818073472264,0.4705416666666667
11,1.0,aligned,mi_obs,28,0.0024381892042318024,-0.003986725613661242,0.4705416666666667
11,1.0,aligned,mi_obs,29,0.008062390438269729,-0.48289098449095624,0.4705416666666667
11,1.0,aligned,mi_obs,30,-0.08774274229556794,-0.4392410629117896,0.4705416666666667
11,1.0,aligned,mi_obs,31,-0.011408318074196372,0.19460082722579186,0.4705416666666667
11,1.0,aligned,mi_obs,32,-0.021188358317177858,0.009392168613014326,0.4705416666666667
11,1.0,aligned,mi_obs,33,0.022836945905436556,0.13805649978839235,0.4705416666666667
11,1.0,aligned,mi_obs,34,-0.04083084480748744,-0.4867133857478946,0.4705416666666667
11,1.0,aligned,mi_obs,35,-0.02006948365181982,0.6101325190968901,0.4705416666666667
11,1.0,aligned,mi_obs,36,-0.04948544709684649,-0.4032609137968426,0.4705416666666667
11,1.0,aligned,mi_obs,37,0.032785366204046595,0.3321617268835164,0.4705416666666667
11,1.0,aligned,mi_obs,38,0.03195875485355257,-0.26542293226437796,0.4705416666666667
11,1.0,aligned,mi_obs,39,0.03045232301944438,-0.003446482998341759,0.4705416666666667
11,1.0,aligned,mi_obs,40,-0.03567985712487032,-0.5961432868362484,0.4705416666666667
11,1.0,aligned,mi_obs,41,-0.017699787123655053,0.6148927133578712,0.4705416666666667
11,1.0,aligned,mi_obs,42,-0.015690047878344326,-0.47092680074278626,0.4705416666666667
11,1.0,aligned,mi_obs,43,0.031851491164202585,0.0030679637414131127,0.4705416666666667
11,1.0,aligned,mi_obs,44,-0.036984200870908035,-0.743788868643844,0.4705416666666667
11,1.0,aligned,mi_obs,45,-0.1279720289356691,0.48086919742791595,0.4705416666666667
11,1.0,aligned,mi_obs,46,-0.0050571137269888045,0.15944095137390943,0.4705416666666667
11,1.0,aligned,mi_obs,47,-0.023577289302379456,-0.6933579743928516,0.4705416666666667
11,1.0,aligned,mi_obs,48,-0.012555934880837977,0.1781334422571618,0.4705416666666667
11,1.0,aligned,mi_obs,49,-0.00212490715265797,0.0031828101514152795,0.4705416666666667
11,1.0,aligned,mi_obs,50,-0.025737128434856954,0.19671652909980525,0.4705416666666667
11,1.0,aligned,mi_obs,51,-0.019758082415091728,0.0009142878827176894,0.4705416666666667
11,1.0,aligned,mi_obs,52,0.0774003156364791,-0.0016306001313899099,0.4705416666666667
11,1.0,aligned,mi_obs,53,-0.018591186179940853,0.0049034324466760175,0.4705416666666667
11,1.0,aligned,mi_obs,54,-0.002286019185575601,-0.006230615551774859,0.4705416666666667
11,1.0,aligned,mi_obs,55,-0.024170405770028106,0.006254761290840074,0.4705416666666667
11,1.0,aligned,mi_obs,56,-0.0013313383919033583,-0.37052071624101784,0.4705416666666667
11,1.0,aligned,mi_obs,57,0.04387858157098812,0.663990213778821,0.4705416666666667
11,1.0,aligned,mi_obs,58,0.05614270870996951,0.3220868053355253,0.4705416666666667
11,1.0,aligned,mi_obs,59,0.017114346257929847,0.7981470790856056,0.4705416666666667
11,1.0,aligned,mi_obs,60,0.011831009647306379,-0.43717459184237334,0.4705416666666667
11,1.0,aligned,mi_obs,61,0.0014730511316561985,-0.004470407056246255,0.4705416666666667
11,1.0,aligned,mi_obs,62,0.02407399741854388,-0.4584696725945478,0.4705416666666667
11,1.0,aligned,mi_obs,63,0.03131475386487706,0.07526903028575933,0.4705416666666667
11,1.0,aligned,mi_obs,64,-0.005548777460657683,0.4523195812624838,0.4705416666666667
11,1.0,aligned,mi_obs,65,-0.00568027426604167,0.003464087706643994,0.4705416666666667
11,1.0,aligned,mi_class,0,0.5402932050417714,-0.5402932940607267,0.4705416666666667
11,1.0,aligned,mi_class,1,-0.07908134163255043,0.3093506042864875,0.4705416666666667
11,1.0,aligned,mi_class,2,0.1725648437902003,-0.17272523148427563,0.4705416666666667
11,1.0,aligned,mi_class,3,0.05348811297245235,-0.09666294812213153,0.4705416666666667
11,1.0,aligned,mi_class,4,0.15338175525899644,-0.5107537299028512,0.4705416666666667
11,1.0,aligned,mi_class,5,0.027807649583977828,-0.005462432973639696,0.4705416666666667
11,1.0,aligned,mi_class,6,-0.01570121721884534,0.04291368577146251,0.4705416666666667
11,1.0,aligned,mi_class,7,-0.1659126610219805,0.5647716133415955,0.4705416666666667
11,1.0,aligned,mi_class,8,0.016666845937973088,-0.10984621688311577,0.4705416666666667
11,1.0,aligned,mi_class,9,0.023092086877044633,-0.014950425063130183,0.4705416666666667
11,1.0,aligned,mi_class,10,-0.06824116614391597,0.06824134746165741,0.4705416666666667
11,1.0,aligned,mi_class,11,0.04013096801080141,-0.040283475976392064,0.4705416666666667
11,1.0,aligned,mi_class,12,-0.9571109934490376,-0.042887925443866604,0.4705416666666667
11,1.0,aligned,mi_class,13,-0.007443544323372212,0.0074435451591816915,0.4705416666666667
11,1.0,aligned,mi_class,14,-0.7157082626583678,0.7157083629017367,0.4705416666666667
11,1.0,aligned,mi_class,15,0.0004193690038866714,-0.0004193340267590297,0.4705416666666667
11,1.0,aligned,mi_class,16,-0.004664257103471433,0.0021304271401221208,0.4705416666666667
11,1.0,aligned,mi_class,17,0.5302442820760236,-0.5302443596445109,0.4705416666666667
11,1.0,aligned,mi_class,18,0.02326995182704732,-0.023269955214324567,0.4705416666666667
11,1.0,aligned,mi_class,19,-0.006752721235590894,0.006804444248607609,0.4705416666666667
11,1.0,aligned,mi_class,20,1.0076573631516224,-0.007657363156089446,0.4705416666666667
11,1.0,aligned,mi_class,21,0.5272935048606232,-0.5278175042161108,0.4705416666666667
11,1.0,aligned,mi_class,22,-0.24544655972695417,0.6472675847253209,0.4705416666666667
11,1.0,aligned,mi_class,23,0.19691980126710384,-0.35666307441013273,0.4705416666666667
11,1.0,aligned,mi_class,24,0.0027646830278504437,-0.0013309364473976877,0.4705416666666667
11,1.0,aligned,mi_class,25,0.12841623517039413,-0.3863010115871375,0.4705416666666667
11,1.0,aligned,mi_class,26,-0.3963125600287129,0.772040986258179,0.4705416666666667
11,1.0,aligned,mi_class,27,0.05530918448343819,-0.46542818073472264,0.4705416666666667
11,1.0,aligned,mi_class,28,0.008814767685185559,-0.003986725613661242,0.4705416666666667
11,1.0,aligned,mi_class,29,0.4827372847682797,-0.48289098449095624,0.4705416666666667
11,1.0,aligned,mi_class,30,0.43852838490876045,-0.4392410629117896,0.4705416666666667
11,1.0,aligned,mi_class,31,-0.19437103512493648,0.19460082722579186,0.4705416666666667
11,1.0,aligned,mi_class,32,-0.009329035888393141,0.009392168613014326,0.4705416666666667
11,1.0,aligned,mi_class,33,-0.13531529334449824,0.13805649978839235,0.4705416666666667
11,1.0,aligned,mi_class,34,0.486103999149477,-0.4867133857478946,0.4705416666666667
11,1.0,aligned,mi_class,35,-0.6092388756402707,0.6101325190968901,0.4705416666666667
11,1.0,aligned,mi_class,36,0.4031107650651335,-0.4032609137968426,0.4705416666666667
11,1.0,aligned,mi_class,37,-1.3321606441685103,0.3321617268835164,0.4705416666666667
11,1.0,aligned,mi_class,38,0.029678761374124868,-0.26542293226437796,0.4705416666666667
11,1.0,aligned,mi_class,39,0.017855386943482595,-0.003446482998341759,0.4705416666666667
11,1.0,aligned,mi_class,40,0.017421150435635968,-0.5961432868362484,0.4705416666666667
11,1.0,aligned,mi_class,41,-0.02906289748866442,0.6148927133578712,0.4705416666666667
11,1.0,aligned,mi_class,42,-0.023041101998722502,-0.47092680074278626,0.4705416666666667
11,1.0,aligned,mi_class,43,-0.002914020479727585,0.0030679637414131127,0.4705416666666667
11,1.0,aligned,mi_class,44,0.7437869770980513,-0.743788868643844,0.4705416666666667
11,1.0,aligned,mi_class,45,-0.10381487923462396,0.48086919742791595,0.4705416666666667
11,1.0,aligned,mi_class,46,-0.02642476720413997,0.15944095137390943,0.4705416666666667
11,1.0,aligned,mi_class,47,0.01905223967443881,-0.6933579743928516,0.4705416666666667
11,1.0,aligned,mi_class,48,-0.03664610284469305,0.1781334422571618,0.4705416666666667
11,1.0,aligned,mi_class,49,-0.0029097220115817503,0.0031828101514152795,0.4705416666666667
11,1.0,aligned,mi_class,50,-0.19671608670276153,0.19671652909980525,0.4705416666666667
11,1.0,aligned,mi_class,51,-0.008823019479261968,0.0009142878827176894,0.4705416666666667
11,1.0,aligned,mi_class,52,0.003452028255150564,-0.0016306001313899099,0.4705416666666667
11,1.0,aligned,mi_class,53,0.0038072104752285745,0.0049034324466760175,0.4705416666666667
11,1.0,aligned,mi_class,54,0.006512680567476776,-0.006230615551774859,0.4705416666666667
11,1.0,aligned,mi_class,55,-0.0062548072613035095,0.006254761290840074,0.4705416666666667
11,1.0,aligned,mi_class,56,0.04932388709408492,-0.37052071624101784,0.4705416666666667
11,1.0,aligned,mi_class,57,-0.029927259283667906,0.663990213778821,0.4705416666666667
11,1.0,aligned,mi_class,58,-0.3152632560349035,0.3220868053355253,0.4705416666666667
11,1.0,aligned,mi_class,59,-0.8006787870880898,0.7981470790856056,0.4705416666666667
11,1.0,aligned,mi_class,60,0.07470934389953282,-0.43717459184237334,0.4705416666666667
11,1.0,aligned,mi_class,61,0.004162461878746208,-0.004470407056246255,0.4705416666666667
11,1.0,aligned,mi_class,62,0.458468598959376,-0.4584696725945478,0.4705416666666667
11,1.0,aligned,mi_class,63,-0.09865609716775435,0.07526903028575933,0.4705416666666667
11,1.0,aligned,mi_class,64,-0.4523180331156746,0.4523195812624838,0.4705416666666667
11,1.0,aligned,mi_class,65,-0.00341237844384172,0.003464087706643994,0.4705416666666667
11,1.0,aligned,mi_site,0,0.027879755989097643,-0.5402932940607267,0.4705416666666667
11,1.0,aligned,mi_site,1,-0.0374654752289747,0.3093506042864875,0.4705416666666667
11,1.0,aligned,mi_site,2,0.004699886548635734,-0.17272523148427563,0.4705416666666667
11,1.0,aligned,mi_site,3,-0.03422002823204201,-0.09666294812213153,0.4705416666666667
11,1.0,aligned,mi_site,4,0.007724598142078265,-0.5107537299028512,0.4705416666666667
11,1.0,aligned,mi_site,5,0.052108071217129986,-0.005462432973639696,0.4705416666666667
11,1.0,aligned,mi_site,6,-0.010229968584194622,0.04291368577146251,0.4705416666666667
11,1.0,aligned,mi_site,7,-0.017824701410196875,0.5647716133415955,0.4705416666666667
11,1.0,aligned,mi_site,8,0.015399273772801828,-0.10984621688311577,0.4705416666666667
11,1.0,aligned,mi_site,9,-0.0010733269939609286,-0.014950425063130183,0.4705416666666667
11,1.0,aligned,mi_site,10,-0.00713872901101676,0.06824134746165741,0.4705416666666667
11,1.0,aligned,mi_site,11,0.05120288964828933,-0.040283475976392064,0.4705416666666667
11,1.0,aligned,mi_site,12,0.011316663250960549,-0.042887925443866604,0.4705416666666667
11,1.0,aligned,mi_site,13,0.030265241572912716,0.0074435451591816915,0.4705416666666667
11,1.0,aligned,mi_site,14,0.022296634846347585,0.7157083629017367,0.4705416666666667
11,1.0,aligned,mi_site,15,-0.06680541031061991,-0.0004193340267590297,0.4705416666666667
11,1.0,aligned,mi_site,16,0.006220735426172963,0.0021304271401221208,0.4705416666666667
11,1.0,aligned,mi_site,17,0.02386597224148268,-0.5302443596445109,0.4705416666666667
11,1.0,aligned,mi_site,18,-0.010346133833196589,-0.023269955214324567,0.4705416666666667
11,1.0,aligned,mi_site,19,-0.001519975006055987,0.006804444248607609,0.4705416666666667
11,1.0,aligned,mi_site,20,0.003333965514986845,-0.007657363156089446,0.4705416666666667
11,1.0,aligned,mi_site,21,0.0002844384793042609,-0.5278175042161108,0.4705416666666667
11,1.0,aligned,mi_site,22,-0.01811887244918098,0.6472675847253209,0.4705416666666667
11,1.0,aligned,mi_site,23,0.04406869728974061,-0.35666307441013273,0.4705416666666667
11,1.0,aligned,mi_site,24,0.034713591081086896,-0.0013309364473976877,0.4705416666666667
11,1.0,aligned,mi_site,25,0.0015878181151122162,-0.3863010115871375,0.4705416666666667
11,1.0,aligned,mi_site,26,-0.002372800150536647,0.772040986258179,0.4705416666666667
11,1.0,aligned,mi_site,27,0.018742936979694647,-0.46542818073472264,0.4705416666666667
11,1.0,aligned,mi_site,28,-0.0012613829938542872,-0.003986725613661242,0.4705416666666667
11,1.0,aligned,mi_site,29,0.029840676589507564,-0.48289098449095624,0.4705416666666667
11,1.0,aligned,mi_site,30,0.006644180060998761,-0.4392410629117896,0.4705416666666667
11,1.0,aligned,mi_site,31,-0.015696529752284055,0.19460082722579186,0.4705416666666667
11,1.0,aligned,mi_site,32,0.007261217325763621,0.009392168613014326,0.4705416666666667
11,1.0,aligned,mi_site,33,-0.0012970216144704838,0.13805649978839235,0.4705416666666667
11,1.0,aligned,mi_site,34,0.027454928855791427,-0.4867133857478946,0.4705416666666667
11,1.0,aligned,mi_site,35,-0.09616129947467378,0.6101325190968901,0.4705416666666667
11,1.0,aligned,mi_site,36,0.030386009795411673,-0.4032609137968426,0.4705416666666667
11,1.0,aligned,mi_site,37,-0.026533657817638168,0.3321617268835164,0.4705416666666667
11,1.0,aligned,mi_site,38,0.03770847226116156,-0.26542293226437796,0.4705416666666667
11,1.0,aligned,mi_site,39,0.007992705495839358,-0.003446482998341759,0.4705416666666667
11,1.0,aligned,mi_site,40,-0.022609215915274206,-0.5961432868362484,0.4705416666666667
11,1.0,aligned,mi_site,41,-0.0345790537106484,0.6148927133578712,0.4705416666666667
11,1.0,aligned,mi_site,42,0.0010567810692945767,-0.47092680074278626,0.4705416666666667
11,1.0,aligned,mi_site,43,0.017189627578796687,0.0030679637414131127,0.4705416666666667
11,1.0,aligned,mi_site,44,-0.010741140091514167,-0.743788868643844,0.4705416666666667
11,1.0,aligned,mi_site,45,-0.09700679242236132,0.48086919742791595,0.4705416666666667
11,1.0,aligned,mi_site,46,0.0006574955326795473,0.15944095137390943,0.4705416666666667
11,1.0,aligned,mi_site,47,-0.009621700574918401,-0.6933579743928516,0.4705416666666667
11,1.0,aligned,mi_site,48,-0.01286171582911716,0.1781334422571618,0.4705416666666667
11,1.0,aligned,mi_site,49,0.00335009937009672,0.0031828101514152795,0.4705416666666667
11,1.0,aligned,mi_site,50,-0.014515595104162365,0.19671652909980525,0.4705416666666667
11,1.0,aligned,mi_site,51,0.0013281920923779843,0.0009142878827176894,0.4705416666666667
11,1.0,aligned,mi_site,52,0.05241514341894809,-0.0016306001313899099,0.4705416666666667
11,1.0,aligned,mi_site,53,-0.006003505307732275,0.0049034324466760175,0.4705416666666667
11,1.0,aligned,mi_site,54,0.016896412523147247,-0.006230615551774859,0.4705416666666667
11,1.0,aligned,mi_site,55,-0.00988699684994224,0.006254761290840074,0.4705416666666667
11,1.0,aligned,mi_site,56,-0.01092336144396705,-0.37052071624101784,0.4705416666666667
11,1.0,aligned,mi_site,57,0.03284955624480923,0.663990213778821,0.4705416666666667
11,1.0,aligned,mi_site,58,0.03874202662840742,0.3220868053355253,0.4705416666666667
11,1.0,aligned,mi_site,59,-0.003179673497753277,0.7981470790856056,0.4705416666666667
11,1.0,aligned,mi_site,60,0.0017861035779572765,-0.43717459184237334,0.4705416666666667
11,1.0,aligned,mi_site,61,0.0007058186377500043,-0.004470407056246255,0.4705416666666667
11,1.0,aligned,mi_site,62,0.014973613157290122,-0.4584696725945478,0.4705416666666667
11,1.0,aligned,mi_site,63,0.021307310240804345,0.07526903028575933,0.4705416666666667
11,1.0,aligned,mi_site,64,-0.01141010451356922,0.4523195812624838,0.4705416666666667
11,1.0,aligned,mi_site,65,-0.007687385832032836,0.003464087706643994,0.4705416666666667
11,1.0,closed,available,0,-0.004750562042249551,-0.5402932940607267,0.4705416666666667
11,1.0,closed,available,1,-0.02112656150436415,0.3093506042864875,0.4705416666666667
11,1.0,closed,available,2,0.0005815532551614322,-0.17272523148427563,0.4705416666666667
11,1.0,closed,available,3,-0.015272605733148342,-0.09666294812213153,0.4705416666666667
11,1.0,closed,available,4,0.010632650731437931,-0.5107537299028512,0.4705416666666667
11,1.0,closed,available,5,0.01145310652572002,-0.005462432973639696,0.4705416666666667
11,1.0,closed,available,6,0.0114096818811864,0.04291368577146251,0.4705416666666667
11,1.0,closed,available,7,-0.014519810987336457,0.5647716133415955,0.4705416666666667
11,1.0,closed,available,8,-0.002660998911005741,-0.10984621688311577,0.4705416666666667
11,1.0,closed,available,9,-0.005330476881331139,-0.014950425063130183,0.4705416666666667
11,1.0,closed,available,10,0.0028566903571167757,0.06824134746165741,0.4705416666666667
11,1.0,closed,available,11,0.003322823661396017,-0.040283475976392064,0.4705416666666667
11,1.0,closed,available,12,0.023851844027664288,-0.042887925443866604,0.4705416666666667
11,1.0,closed,available,13,-0.0032297038941442252,0.0074435451591816915,0.4705416666666667
11,1.0,closed,available,14,0.0030626965502492665,0.7157083629017367,0.4705416666666667
11,1.0,closed,available,15,0.00012069922875562061,-0.0004193340267590297,0.4705416666666667
11,1.0,closed,available,16,-0.0033701617289632483,0.0021304271401221208,0.4705416666666667
11,1.0,closed,available,17,0.009466488148881735,-0.5302443596445109,0.4705416666666667
11,1.0,closed,available,18,0.016541001566981496,-0.023269955214324567,0.4705416666666667
11,1.0,closed,available,19,0.01432987676696374,0.006804444248607609,0.4705416666666667
11,1.0,closed,available,20,-0.0008722485269150758,-0.007657363156089446,0.4705416666666667
11,1.0,closed,available,21,0.005940597858950625,-0.5278175042161108,0.4705416666666667
11,1.0,closed,available,22,-0.005973574928231584,0.6472675847253209,0.4705416666666667
11,1.0,closed,available,23,0.017464156044148693,-0.35666307441013273,0.4705416666666667
11,1.0,closed,available,24,0.0010418914212530763,-0.0013309364473976877,0.4705416666666667
11,1.0,closed,available,25,0.0074182788941989375,-0.3863010115871375,0.4705416666666667
11,1.0,closed,available,26,-0.0009275741689677153,0.772040986258179,0.4705416666666667
11,1.0,closed,available,27,-0.0003048372231478913,-0.46542818073472264,0.4705416666666667
11,1.0,closed,available,28,-0.0020283794049473225,-0.003986725613661242,0.4705416666666667
11,1.0,closed,available,29,0.0013245694015663334,-0.48289098449095624,0.4705416666666667
11,1.0,closed,available,30,0.014870903026160176,-0.4392410629117896,0.4705416666666667
11,1.0,closed,available,31,0.007298007065160761,0.19460082722579186,0.4705416666666667
11,1.0,closed,available,32,0.015347098938055276,0.009392168613014326,0.4705416666666667
11,1.0,closed,available,33,0.004140680769460059,0.13805649978839235,0.4705416666666667
11,1.0,closed,available,34,0.01577349225314134,-0.4867133857478946,0.4705416666666667
11,1.0,closed,available,35,0.006207334492373984,0.6101325190968901,0.4705416666666667
11,1.0,closed,available,36,-0.006465048510456706,-0.4032609137968426,0.4705416666666667
11,1.0,closed,available,37,-0.004113594376810914,0.3321617268835164,0.4705416666666667
11,1.0,closed,available,38,0.0003321650102900975,-0.26542293226437796,0.4705416666666667
11,1.0,closed,available,39,-0.0003022193241548829,-0.003446482998341759,0.4705416666666667
11,1.0,closed,available,40,-0.001780714442783382,-0.5961432868362484,0.4705416666666667
11,1.0,closed,available,41,-0.00014515830316719214,0.6148927133578712,0.4705416666666667
11,1.0,closed,available,42,-0.002637519430622459,-0.47092680074278626,0.4705416666666667
11,1.0,closed,available,43,-0.007939802003953106,0.0030679637414131127,0.4705416666666667
11,1.0,closed,available,44,0.003419710096003281,-0.743788868643844,0.4705416666666667
11,1.0,closed,available,45,0.0001199456110267394,0.48086919742791595,0.4705416666666667
11,1.0,closed,available,46,-0.005734337488097541,0.15944095137390943,0.4705416666666667
11,1.0,closed,available,47,0.005550675191488774,-0.6933579743928516,0.4705416666666667
11,1.0,closed,available,48,-0.010208016252189228,0.1781334422571618,0.4705416666666667
11,1.0,closed,available,49,0.01655677447107779,0.0031828101514152795,0.4705416666666667
11,1.0,closed,available,50,-0.004944719621072513,0.19671652909980525,0.4705416666666667
11,1.0,closed,available,51,0.007516310376172589,0.0009142878827176894,0.4705416666666667
11,1.0,closed,available,52,-0.0015820967196058355,-0.0016306001313899099,0.4705416666666667
11,1.0,closed,available,53,0.011490703845991011,0.0049034324466760175,0.4705416666666667
11,1.0,closed,available,54,-0.001395170873984196,-0.006230615551774859,0.4705416666666667
11,1.0,closed,available,55,0.007053584087848625,0.006254761290840074,0.4705416666666667
11,1.0,closed,available,56,0.011595507593177568,-0.37052071624101784,0.4705416666666667
11,1.0,closed,available,57,-0.016011617595246275,0.663990213778821,0.4705416666666667
11,1.0,closed,available,58,0.010728994693606886,0.3220868053355253,0.4705416666666667
11,1.0,closed,available,59,0.00320426740270785,0.7981470790856056,0.4705416666666667
11,1.0,closed,available,60,0.008330260780644527,-0.43717459184237334,0.4705416666666667
11,1.0,closed,available,61,-0.011707770310555024,-0.004470407056246255,0.4705416666666667
11,1.0,closed,available,62,0.011006864334761834,-0.4584696725945478,0.4705416666666667
11,1.0,closed,available,63,-0.008508620212997475,0.07526903028575933,0.4705416666666667
11,1.0,closed,available,64,-0.003119868913822599,0.4523195812624838,0.4705416666666667
11,1.0,closed,available,65,0.006217973492008153,0.003464087706643994,0.4705416666666667
11,1.0,closed,mi_obs,0,-0.013299011312204345,-0.5402932940607267,0.4705416666666667
11,1.0,closed,mi_obs,1,-0.0038674040525652487,0.3093506042864875,0.4705416666666667
11,1.0,closed,mi_obs,2,-0.04950484201480551,-0.17272523148427563,0.4705416666666667
11,1.0,closed,mi_obs,3,-0.050113623583316586,-0.09666294812213153,0.4705416666666667
11,1.0,closed,mi_obs,4,-0.05159632726715313,-0.5107537299028512,0.4705416666666667
11,1.0,closed,mi_obs,5,0.04171229467350239,-0.005462432973639696,0.4705416666666667
11,1.0,closed,mi_obs,6,-0.006210309523937758,0.04291368577146251,0.4705416666666667
11,1.0,closed,mi_obs,7,0.04417292996785782,0.5647716133415955,0.4705416666666667
11,1.0,closed,mi_obs,8,0.003433500275118309,-0.10984621688311577,0.4705416666666667
11,1.0,closed,mi_obs,9,0.008523736991050352,-0.014950425063130183,0.4705416666666667
11,1.0,closed,mi_obs,10,0.008405906620965839,0.06824134746165741,0.4705416666666667
11,1.0,closed,mi_obs,11,0.07874790056366004,-0.040283475976392064,0.4705416666666667
11,1.0,closed,mi_obs,12,-0.04648765273689104,-0.042887925443866604,0.4705416666666667
11,1.0,closed,mi_obs,13,0.05933711942172233,0.0074435451591816915,0.4705416666666667
11,1.0,closed,mi_obs,14,0.05626853887236083,0.7157083629017367,0.4705416666666667
11,1.0,closed,mi_obs,15,-0.05054836104543542,-0.0004193340267590297,0.4705416666666667
11,1.0,closed,mi_obs,16,-0.00259285984818226,0.0021304271401221208,0.4705416666666667
11,1.0,closed,mi_obs,17,0.010503509918628917,-0.5302443596445109,0.4705416666666667
11,1.0,closed,mi_obs,18,-0.01969475967404446,-0.023269955214324567,0.4705416666666667
11,1.0,closed,mi_obs,19,0.011469305853867153,0.006804444248607609,0.4705416666666667
11,1.0,closed,mi_obs,20,-0.011853672367627462,-0.007657363156089446,0.4705416666666667
11,1.0,closed,mi_obs,21,-0.09778719250512657,-0.5278175042161108,0.4705416666666667
11,1.0,closed,mi_obs,22,0.03043300312023145,0.6472675847253209,0.4705416666666667
11,1.0,closed,mi_obs,23,0.013112713451352898,-0.35666307441013273,0.4705416666666667
11,1.0,closed,mi_obs,24,0.018056260413327082,-0.0013309364473976877,0.4705416666666667
11,1.0,closed,mi_obs,25,-0.01098327963295398,-0.3863010115871375,0.4705416666666667
11,1.0,closed,mi_obs,26,0.02482481486533561,0.772040986258179,0.4705416666666667
11,1.0,closed,mi_obs,27,-0.008146230901847795,-0.46542818073472264,0.4705416666666667
11,1.0,closed,mi_obs,28,0.008032075141011447,-0.003986725613661242,0.4705416666666667
11,1.0,closed,mi_obs,29,0.009618659269991725,-0.48289098449095624,0.4705416666666667
11,1.0,closed,mi_obs,30,-0.07450580129708345,-0.4392410629117896,0.4705416666666667
11,1.0,closed,mi_obs,31,0.017514026106657143,0.19460082722579186,0.4705416666666667
11,1.0,closed,mi_obs,32,0.005440385031891239,0.009392168613014326,0.4705416666666667
11,1.0,closed,mi_obs,33,0.04120829708090845,0.13805649978839235,0.4705416666666667
11,1.0,closed,mi_obs,34,-0.033431286977076646,-0.4867133857478946,0.4705416666666667
11,1.0,closed,mi_obs,35,0.0019186079456968708,0.6101325190968901,0.4705416666666667
11,1.0,closed,mi_obs,36,-0.05352593410126466,-0.4032609137968426,0.4705416666666667
11,1.0,closed,mi_obs,37,0.03964430647178496,0.3321617268835164,0.4705416666666667
11,1.0,closed,mi_obs,38,0.027702681854599287,-0.26542293226437796,0.4705416666666667
11,1.0,closed,mi_obs,39,-0.007613803409604649,-0.003446482998341759,0.4705416666666667
11,1.0,closed,mi_obs,40,-0.043560189504330826,-0.5961432868362484,0.4705416666666667
11,1.0,closed,mi_obs,41,-0.026275397128953326,0.6148927133578712,0.4705416666666667
11,1.0,closed,mi_obs,42,-0.019922302524204016,-0.47092680074278626,0.4705416666666667
11,1.0,closed,mi_obs,43,0.021612572421499752,0.0030679637414131127,0.4705416666666667
11,1.0,closed,mi_obs,44,-0.035622063267728765,-0.743788868643844,0.4705416666666667
11,1.0,closed,mi_obs,45,-0.10257077127018077,0.48086919742791595,0.4705416666666667
11,1.0,closed,mi_obs,46,0.014139231511582195,0.15944095137390943,0.4705416666666667
11,1.0,closed,mi_obs,47,-0.035231514610147285,-0.6933579743928516,0.4705416666666667
11,1.0,closed,mi_obs,48,-0.00931427395236345,0.1781334422571618,0.4705416666666667
11,1.0,closed,mi_obs,49,0.010244583144549452,0.0031828101514152795,0.4705416666666667
11,1.0,closed,mi_obs,50,-0.0035671126083954563,0.19671652909980525,0.4705416666666667
11,1.0,closed,mi_obs,51,0.016212630355956756,0.0009142878827176894,0.4705416666666667
11,1.0,closed,mi_obs,52,0.02714194103084466,-0.0016306001313899099,0.4705416666666667
11,1.0,closed,mi_obs,53,0.019336159875544018,0.0049034324466760175,0.4705416666666667
11,1.0,closed,mi_obs,54,-0.013249942580937295,-0.006230615551774859,0.4705416666666667
11,1.0,closed,mi_obs,55,0.012750534684857727,0.006254761290840074,0.4705416666666667
11,1.0,closed,mi_obs,56,-0.006541983322350009,-0.37052071624101784,0.4705416666666667
11,1.0,closed,mi_obs,57,0.041573520318481716,0.663990213778821,0.4705416666666667
11,1.0,closed,mi_obs,58,0.045882947005848884,0.3220868053355253,0.4705416666666667
11,1.0,closed,mi_obs,59,0.0173882292434826,0.7981470790856056,0.4705416666666667
11,1.0,closed,mi_obs,60,-0.0029831850391592307,-0.43717459184237334,0.4705416666666667
11,1.0,closed,mi_obs,61,-0.011674827011821503,-0.004470407056246255,0.4705416666666667
11,1.0,closed,mi_obs,62,0.024200965740266145,-0.4584696725945478,0.4705416666666667
11,1.0,closed,mi_obs,63,0.012837880379232225,0.07526903028575933,0.4705416666666667
11,1.0,closed,mi_obs,64,-0.005830743405518979,0.4523195812624838,0.4705416666666667
11,1.0,closed,mi_obs,65,-0.01015128027985353,0.003464087706643994,0.4705416666666667
11,1.0,closed,mi_class,0,0.015517288179426991,-0.5402932940607267,0.4705416666666667
11,1.0,closed,mi_class,1,-0.31390580653759104,0.3093506042864875,0.4705416666666667
11,1.0,closed,mi_class,2,0.1700732298696276,-0.17272523148427563,0.4705416666666667
11,1.0,closed,mi_class,3,-0.11429548622615046,-0.09666294812213153,0.4705416666666667
11,1.0,closed,mi_class,4,0.12670591321213853,-0.5107537299028512,0.4705416666666667
11,1.0,closed,mi_class,5,0.009183121845014153,-0.005462432973639696,0.4705416666666667
11,1.0,closed,mi_class,6,-0.029318878079225327,0.04291368577146251,0.4705416666666667
11,1.0,closed,mi_class,7,-0.13646493479414978,0.5647716133415955,0.4705416666666667
11,1.0,closed,mi_class,8,0.10228274770469475,-0.10984621688311577,0.4705416666666667
11,1.0,closed,mi_class,9,0.007730345846508504,-0.014950425063130183,0.4705416666666667
11,1.0,closed,mi_class,10,-0.06793019959198739,0.06824134746165741,0.4705416666666667
11,1.0,closed,mi_class,11,0.04209881962826362,-0.040283475976392064,0.4705416666666667
11,1.0,closed,mi_class,12,0.035256306774728866,-0.042887925443866604,0.4705416666666667
11,1.0,closed,mi_class,13,0.03884690382310446,0.0074435451591816915,0.4705416666666667
11,1.0,closed,mi_class,14,-0.18942592559567728,0.7157083629017367,0.4705416666666667
11,1.0,closed,mi_class,15,-0.0021998421036894976,-0.0004193340267590297,0.4705416666666667
11,1.0,closed,mi_class,16,-0.006147996611657139,0.0021304271401221208,0.4705416666666667
11,1.0,closed,mi_class,17,0.14556014682314045,-0.5302443596445109,0.4705416666666667
11,1.0,closed,mi_class,18,0.025044206210929447,-0.023269955214324567,0.4705416666666667
11,1.0,closed,mi_class,19,0.0065086782663028074,0.006804444248607609,0.4705416666666667
11,1.0,closed,mi_class,20,0.0016198791228362224,-0.007657363156089446,0.4705416666666667
11,1.0,closed,mi_class,21,0.5245594949440159,-0.5278175042161108,0.4705416666666667
11,1.0,closed,mi_class,22,-0.6454445025244779,0.6472675847253209,0.4705416666666667
11,1.0,closed,mi_class,23,0.3556323943006014,-0.35666307441013273,0.4705416666666667
11,1.0,closed,mi_class,24,0.0013147893493908758,-0.0013309364473976877,0.4705416666666667
11,1.0,closed,mi_class,25,0.3853357347585151,-0.3863010115871375,0.4705416666666667
11,1.0,closed,mi_class,26,-0.7701087390861975,0.772040986258179,0.4705416666666667
11,1.0,closed,mi_class,27,1.4653341470207382,-0.46542818073472264,0.4705416666666667
11,1.0,closed,mi_class,28,0.1734920237255901,-0.003986725613661242,0.4705416666666667
11,1.0,closed,mi_class,29,0.4822770780680242,-0.48289098449095624,0.4705416666666667
11,1.0,closed,mi_class,30,0.43211737207675555,-0.4392410629117896,0.4705416666666667
11,1.0,closed,mi_class,31,-0.19081689474878796,0.19460082722579186,0.4705416666666667
11,1.0,closed,mi_class,32,-0.00901516000019977,0.009392168613014326,0.4705416666666667
11,1.0,closed,mi_class,33,0.7910487113175195,0.13805649978839235,0.4705416666666667
11,1.0,closed,mi_class,34,0.4779775719114264,-0.4867133857478946,0.4705416666666667
11,1.0,closed,mi_class,35,-0.612553889898593,0.6101325190968901,0.4705416666666667
11,1.0,closed,mi_class,36,1.1946380915787822,-0.4032609137968426,0.4705416666666667
11,1.0,closed,mi_class,37,0.6675903804592074,0.3321617268835164,0.4705416666666667
11,1.0,closed,mi_class,38,0.06002554472024002,-0.26542293226437796,0.4705416666666667
11,1.0,closed,mi_class,39,0.0010106177463624915,-0.003446482998341759,0.4705416666666667
11,1.0,closed,mi_class,40,0.5265519321790795,-0.5961432868362484,0.4705416666666667
11,1.0,closed,mi_class,41,-0.17965917421366367,0.6148927133578712,0.4705416666666667
11,1.0,closed,mi_class,42,0.4664992386128744,-0.47092680074278626,0.4705416666666667
11,1.0,closed,mi_class,43,-0.025832120706831982,0.0030679637414131127,0.4705416666666667
11,1.0,closed,mi_class,44,0.7412701906631973,-0.743788868643844,0.4705416666666667
11,1.0,closed,mi_class,45,-0.0020514909139297544,0.48086919742791595,0.4705416666666667
11,1.0,closed,mi_class,46,-0.12213927342237359,0.15944095137390943,0.4705416666666667
11,1.0,closed,mi_class,47,0.03983935609534606,-0.6933579743928516,0.4705416666666667
11,1.0,closed,mi_class,48,-0.17669998624009614,0.1781334422571618,0.4705416666666667
11,1.0,closed,mi_class,49,0.0023216544484014755,0.0031828101514152795,0.4705416666666667
11,1.0,closed,mi_class,50,-0.1960048313731395,0.19671652909980525,0.4705416666666667
11,1.0,closed,mi_class,51,0.010737823325586312,0.0009142878827176894,0.4705416666666667
11,1.0,closed,mi_class,52,-0.00016448078739030774,-0.0016306001313899099,0.4705416666666667
11,1.0,closed,mi_class,53,-0.004874169462248579,0.0049034324466760175,0.4705416666666667
11,1.0,closed,mi_class,54,0.00034852856927035294,-0.006230615551774859,0.4705416666666667
11,1.0,closed,mi_class,55,-0.006225836426588741,0.006254761290840074,0.4705416666666667
11,1.0,closed,mi_class,56,0.28513702140549246,-0.37052071624101784,0.4705416666666667
11,1.0,closed,mi_class,57,-0.6622932923909334,0.663990213778821,0.4705416666666667
11,1.0,closed,mi_class,58,0.46471835835683634,0.3220868053355253,0.4705416666666667
11,1.0,closed,mi_class,59,0.13070352871639512,0.7981470790856056,0.4705416666666667
11,1.0,closed,mi_class,60,0.433513686394558,-0.43717459184237334,0.4705416666666667
11,1.0,closed,mi_class,61,-0.007426472494063309,-0.004470407056246255,0.4705416666666667
11,1.0,closed,mi_class,62,0.45695282450407504,-0.4584696725945478,0.4705416666666667
11,1.0,closed,mi_class,63,0.09533652450657103,0.07526903028575933,0.4705416666666667
11,1.0,closed,mi_class,64,-0.4522775147725425,0.4523195812624838,0.4705416666666667
11,1.0,closed,mi_class,65,0.7950126850294401,0.003464087706643994,0.4705416666666667
11,1.0,closed,mi_site,0,-0.020393825970588586,-0.5402932940607267,0.4705416666666667
11,1.0,closed,mi_site,1,0.001964283339816686,0.3093506042864875,0.4705416666666667
11,1.0,closed,mi_site,2,-0.04456967259740682,-0.17272523148427563,0.4705416666666667
11,1.0,closed,mi_site,3,-0.053463890505340755,-0.09666294812213153,0.4705416666666667
11,1.0,closed,mi_site,4,-0.04044231853019009,-0.5107537299028512,0.4705416666666667
11,1.0,closed,mi_site,5,0.0798998615522533,-0.005462432973639696,0.4705416666666667
11,1.0,closed,mi_site,6,-0.009893666338530775,0.04291368577146251,0.4705416666666667
11,1.0,closed,mi_site,7,0.04407069100739991,0.5647716133415955,0.4705416666666667
11,1.0,closed,mi_site,8,-0.009975494692557721,-0.10984621688311577,0.4705416666666667
11,1.0,closed,mi_site,9,0.00404487779286233,-0.014950425063130183,0.4705416666666667
11,1.0,closed,mi_site,10,0.0033258052800224785,0.06824134746165741,0.4705416666666667
11,1.0,closed,mi_site,11,0.06479183693935106,-0.040283475976392064,0.4705416666666667
11,1.0,closed,mi_site,12,-0.04272151273456107,-0.042887925443866604,0.4705416666666667
11,1.0,closed,mi_site,13,0.06882662555553323,0.0074435451591816915,0.4705416666666667
11,1.0,closed,mi_site,14,0.03105860182985476,0.7157083629017367,0.4705416666666667
11,1.0,closed,mi_site,15,-0.12911161511865396,-0.0004193340267590297,0.4705416666666667
11,1.0,closed,mi_site,16,-0.003427474999996131,0.0021304271401221208,0.4705416666666667
11,1.0,closed,mi_site,17,0.01801733852263765,-0.5302443596445109,0.4705416666666667
11,1.0,closed,mi_site,18,-0.006301983243877086,-0.023269955214324567,0.4705416666666667
11,1.0,closed,mi_site,19,0.014333380869209537,0.006804444248607609,0.4705416666666667
11,1.0,closed,mi_site,20,-0.01052084520104567,-0.007657363156089446,0.4705416666666667
11,1.0,closed,mi_site,21,-0.06349627344339726,-0.5278175042161108,0.4705416666666667
11,1.0,closed,mi_site,22,0.0229109608818433,0.6472675847253209,0.4705416666666667
11,1.0,closed,mi_site,23,0.022800094759893363,-0.35666307441013273,0.4705416666666667
11,1.0,closed,mi_site,24,0.031638974052247186,-0.0013309364473976877,0.4705416666666667
11,1.0,closed,mi_site,25,-0.01564257630140936,-0.3863010115871375,0.4705416666666667
11,1.0,closed,mi_site,26,0.018001670374408252,0.772040986258179,0.4705416666666667
11,1.0,closed,mi_site,27,-0.013117175746216403,-0.46542818073472264,0.4705416666666667
11,1.0,closed,mi_site,28,0.0034620554976675655,-0.003986725613661242,0.4705416666666667
11,1.0,closed,mi_site,29,3.095928745600052e-05,-0.48289098449095624,0.4705416666666667
11,1.0,closed,mi_site,30,-0.028001964529932977,-0.4392410629117896,0.4705416666666667
11,1.0,closed,mi_site,31,-0.007968919111922879,0.19460082722579186,0.4705416666666667
11,1.0,closed,mi_site,32,-0.00010579013313399312,0.009392168613014326,0.4705416666666667
11,1.0,closed,mi_site,33,0.03939793268257191,0.13805649978839235,0.4705416666666667
11,1.0,closed,mi_site,34,-0.013447550092314908,-0.4867133857478946,0.4705416666666667
11,1.0,closed,mi_site,35,-0.010475565220474325,0.6101325190968901,0.4705416666666667
11,1.0,closed,mi_site,36,-0.024288733993831524,-0.4032609137968426,0.4705416666666667
11,1.0,closed,mi_site,37,0.019257879394616373,0.3321617268835164,0.4705416666666667
11,1.0,closed,mi_site,38,0.04098178212307846,-0.26542293226437796,0.4705416666666667
11,1.0,closed,mi_site,39,-0.010796214027949558,-0.003446482998341759,0.4705416666666667
11,1.0,closed,mi_site,40,-0.034945950722877206,-0.5961432868362484,0.4705416666666667
11,1.0,closed,mi_site,41,-0.04148260161560713,0.6148927133578712,0.4705416666666667
11,1.0,closed,mi_site,42,-0.016499251232124645,-0.47092680074278626,0.4705416666666667
11,1.0,closed,mi_site,43,0.017546252539334863,0.0030679637414131127,0.4705416666666667
11,1.0,closed,mi_site,44,-0.02233654931578921,-0.743788868643844,0.4705416666666667
11,1.0,closed,mi_site,45,-0.1332284418054912,0.48086919742791595,0.4705416666666667
11,1.0,closed,mi_site,46,0.0047986301046474555,0.15944095137390943,0.4705416666666667
11,1.0,closed,mi_site,47,-0.019999185119105034,-0.6933579743928516,0.4705416666666667
11,1.0,closed,mi_site,48,-0.0022903286665089395,0.1781334422571618,0.4705416666666667
11,1.0,closed,mi_site,49,0.0157070942393675,0.0031828101514152795,0.4705416666666667
11,1.0,closed,mi_site,50,-0.012959917797469078,0.19671652909980525,0.4705416666666667
11,1.0,closed,mi_site,51,0.0010991302409568424,0.0009142878827176894,0.4705416666666667
11,1.0,closed,mi_site,52,0.06403036503070168,-0.0016306001313899099,0.4705416666666667
11,1.0,closed,mi_site,53,0.0030662517537433072,0.0049034324466760175,0.4705416666666667
11,1.0,closed,mi_site,54,-0.013025546944564936,-0.006230615551774859,0.4705416666666667
11,1.0,closed,mi_site,55,-0.0014021489186232979,0.006254761290840074,0.4705416666666667
11,1.0,closed,mi_site,56,-0.0007233877238249087,-0.37052071624101784,0.4705416666666667
11,1.0,closed,mi_site,57,0.037697670279007056,0.663990213778821,0.4705416666666667
11,1.0,closed,mi_site,58,0.0415374176390646,0.3220868053355253,0.4705416666666667
11,1.0,closed,mi_site,59,0.017361308092755823,0.7981470790856056,0.4705416666666667
11,1.0,closed,mi_site,60,-0.007934185352888257,-0.43717459184237334,0.4705416666666667
11,1.0,closed,mi_site,61,-0.011563297548142797,-0.004470407056246255,0.4705416666666667
11,1.0,closed,mi_site,62,0.028733629824609752,-0.4584696725945478,0.4705416666666667
11,1.0,closed,mi_site,63,0.023546645984679204,0.07526903028575933,0.4705416666666667
11,1.0,closed,mi_site,64,-0.007335267362129083,0.4523195812624838,0.4705416666666667
11,1.0,closed,mi_site,65,-0.005718087641200579,0.003464087706643994,0.4705416666666667
11,2.0,aligned,available,0,-0.004804584081879226,-0.5513469867078135,0.4705416666666667
11,2.0,aligned,available,1,-0.0004874890935749887,0.29330369674815776,0.4705416666666667
11,2.0,aligned,available,2,-0.000841160885708514,-0.1610067478182848,0.4705416666666667
11,2.0,aligned,available,3,-0.017674322471276135,-0.10800778107272331,0.4705416666666667
11,2.0,aligned,available,4,-0.007513735099573204,-0.5099520249800962,0.4705416666666667
11,2.0,aligned,available,5,0.00576482393516297,-0.002572174196597225,0.4705416666666667
11,2.0,aligned,available,6,0.014078208734885689,0.0532178129266553,0.4705416666666667
11,2.0,aligned,available,7,-0.006884088806395905,0.5566924725179301,0.4705416666666667
11,2.0,aligned,available,8,0.0014389845671442386,-0.09868325552710182,0.4705416666666667
11,2.0,aligned,available,9,-0.0009866211588938044,-0.015095496332551236,0.4705416666666667
11,2.0,aligned,available,10,0.01133294100632444,0.07965710534516798,0.4705416666666667
11,2.0,aligned,available,11,0.00018905309885806215,-0.03346654490387218,0.4705416666666667
11,2.0,aligned,available,12,0.0034224111953003802,-0.0497349761047172,0.4705416666666667
11,2.0,aligned,available,13,0.011404106281692628,0.019831442104082678,0.4705416666666667
11,2.0,aligned,available,14,0.00484826768531843,0.711176527019246,0.4705416666666667
11,2.0,aligned,available,15,0.005397488897598539,-0.0067224911417481355,0.4705416666666667
11,2.0,aligned,available,16,-0.0035653507970813177,-0.012633011306885092,0.4705416666666667
11,2.0,aligned,available,17,0.006928950500187159,-0.5285173257506444,0.4705416666666667
11,2.0,aligned,available,18,-0.015299368389889247,-0.032518844022836474,0.4705416666666667
11,2.0,aligned,available,19,-0.012104760836291726,0.006778443057133507,0.4705416666666667
11,2.0,aligned,available,20,-0.003780958130865479,-0.025046781612509013,0.4705416666666667
11,2.0,aligned,available,21,-0.029218745253735245,-0.5376063598952243,0.4705416666666667
11,2.0,aligned,available,22,0.0018068356860330148,0.6606489825434818,0.4705416666666667
11,2.0,aligned,available,23,0.00033667126241709866,-0.35292778136240704,0.4705416666666667
11,2.0,aligned,available,24,0.006152158624095656,-0.0051279152459126846,0.4705416666666667
11,2.0,aligned,available,25,-0.005374364772579243,-0.3933748826351009,0.4705416666666667
11,2.0,aligned,available,26,0.004919335578784989,0.7726878962304711,0.4705416666666667
11,2.0,aligned,available,27,0.012079309972190921,-0.4747619051939626,0.4705416666666667
11,2.0,aligned,available,28,0.0020507817615337065,-0.0026756869067902133,0.4705416666666667
11,2.0,aligned,available,29,0.0017416264337077325,-0.48641072824500514,0.4705416666666667
11,2.0,aligned,available,30,0.011204427750035939,-0.45407961769558486,0.4705416666666667
11,2.0,aligned,available,31,0.006928156474896585,0.19214541357427573,0.4705416666666667
11,2.0,aligned,available,32,-0.002273102875079291,0.010735299459861828,0.4705416666666667
11,2.0,aligned,available,33,0.016171683019500477,0.15035694700032418,0.4705416666666667
11,2.0,aligned,available,34,-0.015821480342525118,-0.4907784801957055,0.4705416666666667
11,2.0,aligned,available,35,0.004602760130542616,0.6152580468409373,0.4705416666666667
11,2.0,aligned,available,36,-0.0006614735038052433,-0.40077671801906556,0.4705416666666667
11,2.0,aligned,available,37,0.011312179960596136,0.338881515508181,0.4705416666666667
11,2.0,aligned,available,38,0.006154127100588103,-0.26225484438474544,0.4705416666666667
11,2.0,aligned,available,39,-0.0034998405422351636,-0.009349401485031014,0.4705416666666667
11,2.0,aligned,available,40,0.005524081370796963,-0.5944314441700779,0.4705416666666667
11,2.0,aligned,available,41,-7.010892482672837e-05,0.6194035062631652,0.4705416666666667
11,2.0,aligned,available,42,0.015200586948093564,-0.4813504127138114,0.4705416666666667
11,2.0,aligned,available,43,0.00024109953693021192,0.0048801168020789504,0.4705416666666667
11,2.0,aligned,available,44,0.0005900224295595224,-0.7336939654748671,0.4705416666666667
11,2.0,aligned,available,45,-0.0033818671353021967,0.49110929999266945,0.4705416666666667
11,2.0,aligned,available,46,0.0026488033636174746,0.15398214844401414,0.4705416666666667
11,2.0,aligned,available,47,0.0030907140176297254,-0.6899793734011106,0.4705416666666667
11,2.0,aligned,available,48,-0.013148958684323253,0.17511781588266215,0.4705416666666667
11,2.0,aligned,available,49,0.007139771057671823,0.002973759355379889,0.4705416666666667
11,2.0,aligned,available,50,0.007145719289714636,0.18837726490477794,0.4705416666666667
11,2.0,aligned,available,51,0.006466342053598835,0.008262490324574552,0.4705416666666667
11,2.0,aligned,available,52,0.006078569258606167,-0.0021029597590700964,0.4705416666666667
11,2.0,aligned,available,53,0.003320473540377922,0.008276326190604437,0.4705416666666667
11,2.0,aligned,available,54,0.010108726603124889,-0.0053664029688652685,0.4705416666666667
11,2.0,aligned,available,55,0.005685414411478152,0.01538900361619335,0.4705416666666667
11,2.0,aligned,available,56,-0.002117914896051898,-0.3682967016623756,0.4705416666666667
11,2.0,aligned,available,57,-0.016806247596632184,0.6676456877894111,0.4705416666666667
11,2.0,aligned,available,58,0.01237908779023078,0.3151681931351428,0.4705416666666667
11,2.0,aligned,available,59,0.0023675717678536268,0.8083352638879394,0.4705416666666667
11,2.0,aligned,available,60,0.006331344678762063,-0.4397434822763142,0.4705416666666667
11,2.0,aligned,available,61,0.0029458846926049167,-0.0032750287075995416,0.4705416666666667
11,2.0,aligned,available,62,-0.0075862961395792294,-0.4510653485627403,0.4705416666666667
11,2.0,aligned,available,63,-0.0034666152261165484,0.07416526811889472,0.4705416666666667
11,2.0,aligned,available,64,-0.008338691954109911,0.46320411826460306,0.4705416666666667
11,2.0,aligned,available,65,0.00341760695867448,0.003872044920298026,0.4705416666666667
11,2.0,aligned,mi_obs,0,-0.019002095572204447,-0.5513469867078135,0.4705416666666667
11,2.0,aligned,mi_obs,1,0.0009882241359421284,0.29330369674815776,0.4705416666666667
11,2.0,aligned,mi_obs,2,-0.05497740139818014,-0.1610067478182848,0.4705416666666667
11,2.0,aligned,mi_obs,3,-0.03740306646916851,-0.10800778107272331,0.4705416666666667
11,2.0,aligned,mi_obs,4,-0.06298733992306127,-0.5099520249800962,0.4705416666666667
11,2.0,aligned,mi_obs,5,0.06908208752018623,-0.002572174196597225,0.4705416666666667
11,2.0,aligned,mi_obs,6,-0.013839248932729288,0.0532178129266553,0.4705416666666667
11,2.0,aligned,mi_obs,7,0.055630749863280315,0.5566924725179301,0.4705416666666667
11,2.0,aligned,mi_obs,8,0.008018357862908276,-0.09868325552710182,0.4705416666666667
11,2.0,aligned,mi_obs,9,0.0065477814327536375,-0.015095496332551236,0.4705416666666667
11,2.0,aligned,mi_obs,10,-0.0028216231937243097,0.07965710534516798,0.4705416666666667
11,2.0,aligned,mi_obs,11,0.07195865637130464,-0.03346654490387218,0.4705416666666667
11,2.0,aligned,mi_obs,12,-0.021813750754098436,-0.0497349761047172,0.4705416666666667
11,2.0,aligned,mi_obs,13,0.0312310209379515,0.019831442104082678,0.4705416666666667
11,2.0,aligned,mi_obs,14,0.0457690593024902,0.711176527019246,0.4705416666666667
11,2.0,aligned,mi_obs,15,-0.11028882008434254,-0.0067224911417481355,0.4705416666666667
11,2.0,aligned,mi_obs,16,0.0015032252641070682,-0.012633011306885092,0.4705416666666667
11,2.0,aligned,mi_obs,17,0.0033038827343415678,-0.5285173257506444,0.4705416666666667
11,2.0,aligned,mi_obs,18,-0.02650880318034539,-0.032518844022836474,0.4705416666666667
11,2.0,aligned,mi_obs,19,-0.006089953047613153,0.006778443057133507,0.4705416666666667
11,2.0,aligned,mi_obs,20,-0.0036109631017100206,-0.025046781612509013,0.4705416666666667
11,2.0,aligned,mi_obs,21,-0.0885122124023533,-0.5376063598952243,0.4705416666666667
11,2.0,aligned,mi_obs,22,0.04158376609364978,0.6606489825434818,0.4705416666666667
11,2.0,aligned,mi_obs,23,0.0267294771537121,-0.35292778136240704,0.4705416666666667
11,2.0,aligned,mi_obs,24,0.045523830946163586,-0.0051279152459126846,0.4705416666666667
11,2.0,aligned,mi_obs,25,-0.005514128064096735,-0.3933748826351009,0.4705416666666667
11,2.0,aligned,mi_obs,26,0.02223692950267886,0.7726878962304711,0.4705416666666667
11,2.0,aligned,mi_obs,27,0.007177700323398817,-0.4747619051939626,0.4705416666666667
11,2.0,aligned,mi_obs,28,0.001934687409468464,-0.0026756869067902133,0.4705416666666667
11,2.0,aligned,mi_obs,29,0.008522680170648333,-0.48641072824500514,0.4705416666666667
11,2.0,aligned,mi_obs,30,-0.09154645252769705,-0.45407961769558486,0.4705416666666667
11,2.0,aligned,mi_obs,31,-0.019017885494224895,0.19214541357427573,0.4705416666666667
11,2.0,aligned,mi_obs,32,-0.02791572488945318,0.010735299459861828,0.4705416666666667
11,2.0,aligned,mi_obs,33,0.027078213566573084,0.15035694700032418,0.4705416666666667
11,2.0,aligned,mi_obs,34,-0.036078141244266726,-0.4907784801957055,0.4705416666666667
11,2.0,aligned,mi_obs,35,-0.018217070782171496,0.6152580468409373,0.4705416666666667
11,2.0,aligned,mi_obs,36,-0.046743197002090675,-0.40077671801906556,0.4705416666666667
11,2.0,aligned,mi_obs,37,0.03466703246153263,0.338881515508181,0.4705416666666667
11,2.0,aligned,mi_obs,38,0.037454087957420834,-0.26225484438474544,0.4705416666666667
11,2.0,aligned,mi_obs,39,0.03104224559037108,-0.009349401485031014,0.4705416666666667
11,2.0,aligned,mi_obs,40,-0.03294377625412703,-0.5944314441700779,0.4705416666666667
11,2.0,aligned,mi_obs,41,-0.020080162643259847,0.6194035062631652,0.4705416666666667
11,2.0,aligned,mi_obs,42,-0.015874856796591674,-0.4813504127138114,0.4705416666666667
11,2.0,aligned,mi_obs,43,0.03062325987203624,0.0048801168020789504,0.4705416666666667
11,2.0,aligned,mi_obs,44,-0.032342533527366824,-0.7336939654748671,0.4705416666666667
11,2.0,aligned,mi_obs,45,-0.13812102821621558,0.49110929999266945,0.4705416666666667
11,2.0,aligned,mi_obs,46,-0.006701962276619677,0.15398214844401414,0.4705416666666667
11,2.0,aligned,mi_obs,47,-0.023559159069559965,-0.6899793734011106,0.4705416666666667
11,2.0,aligned,mi_obs,48,-0.01802530716229278,0.17511781588266215,0.4705416666666667
11,2.0,aligned,mi_obs,49,-0.0015560491250366168,0.002973759355379889,0.4705416666666667
11,2.0,aligned,mi_obs,50,-0.027865265759401903,0.18837726490477794,0.4705416666666667
11,2.0,aligned,mi_obs,51,-0.017442691840272632,0.008262490324574552,0.4705416666666667
11,2.0,aligned,mi_obs,52,0.08386411540579576,-0.0021029597590700964,0.4705416666666667
11,2.0,aligned,mi_obs,53,-0.02276325807807048,0.008276326190604437,0.4705416666666667
11,2.0,aligned,mi_obs,54,-0.003948995586383983,-0.0053664029688652685,0.4705416666666667
11,2.0,aligned,mi_obs,55,-0.018881363849721458,0.01538900361619335,0.4705416666666667
11,2.0,aligned,mi_obs,56,-1.9304747621629037e-05,-0.3682967016623756,0.4705416666666667
11,2.0,aligned,mi_obs,57,0.04342608553660965,0.6676456877894111,0.4705416666666667
11,2.0,aligned,mi_obs,58,0.0540165828037355,0.3151681931351428,0.4705416666666667
11,2.0,aligned,mi_obs,59,0.016897034197891347,0.8083352638879394,0.4705416666666667
11,2.0,aligned,mi_obs,60,0.014625534027052411,-0.4397434822763142,0.4705416666666667
11,2.0,aligned,mi_obs,61,0.0007847475640706102,-0.0032750287075995416,0.4705416666666667
11,2.0,aligned,mi_obs,62,0.026507403937569285,-0.4510653485627403,0.4705416666666667
11,2.0,aligned,mi_obs,63,0.031362482123707944,0.07416526811889472,0.4705416666666667
11,2.0,aligned,mi_obs,64,-0.004206513895463226,0.46320411826460306,0.4705416666666667
11,2.0,aligned,mi_obs,65,-0.005358628400562684,0.003872044920298026,0.4705416666666667
11,2.0,aligned,mi_class,0,0.0417362081638849,-0.5513469867078135,0.4705416666666667
11,2.0,aligned,mi_class,1,-0.2790937214082595,0.29330369674815776,0.4705416666666667
11,2.0,aligned,mi_class,2,0.1610015751641309,-0.1610067478182848,0.4705416666666667
11,2.0,aligned,mi_class,3,0.044742022637088444,-0.10800778107272331,0.4705416666666667
11,2.0,aligned,mi_class,4,0.17058488514861792,-0.5099520249800962,0.4705416666666667
11,2.0,aligned,mi_class,5,0.02628914453392537,-0.002572174196597225,0.4705416666666667
11,2.0,aligned,mi_class,6,-0.022512098487145898,0.0532178129266553,0.4705416666666667
11,2.0,aligned,mi_class,7,-0.16150582640089856,0.5566924725179301,0.4705416666666667
11,2.0,aligned,mi_class,8,0.021892012038755126,-0.09868325552710182,0.4705416666666667
11,2.0,aligned,mi_class,9,0.02970891468368983,-0.015095496332551236,0.4705416666666667
11,2.0,aligned,mi_class,10,-0.07965531413827899,0.07965710534516798,0.4705416666666667
11,2.0,aligned,mi_class,11,0.02849952841560682,-0.03346654490387218,0.4705416666666667
11,2.0,aligned,mi_class,12,0.05062652422577118,-0.0497349761047172,0.4705416666666667
11,2.0,aligned,mi_class,13,-0.013434427732830562,0.019831442104082678,0.4705416666666667
11,2.0,aligned,mi_class,14,-0.18906403248495962,0.711176527019246,0.4705416666666667
11,2.0,aligned,mi_class,15,0.004982807035755838,-0.0067224911417481355,0.4705416666666667
11,2.0,aligned,mi_class,16,-0.0030342945899987494,-0.012633011306885092,0.4705416666666667
11,2.0,aligned,mi_class,17,0.11188538243044921,-0.5285173257506444,0.4705416666666667
11,2.0,aligned,mi_class,18,0.010911507901775842,-0.032518844022836474,0.4705416666666667
11,2.0,aligned,mi_class,19,-0.04226717404010324,0.006778443057133507,0.4705416666666667
11,2.0,aligned,mi_class,20,0.024151782723967258,-0.025046781612509013,0.4705416666666667
11,2.0,aligned,mi_class,21,-0.46084052325337654,-0.5376063598952243,0.4705416666666667
11,2.0,aligned,mi_class,22,-0.633211848910158,0.6606489825434818,0.4705416666666667
11,2.0,aligned,mi_class,23,0.34155577516179203,-0.35292778136240704,0.4705416666666667
11,2.0,aligned,mi_class,24,0.005043065900310111,-0.0051279152459126846,0.4705416666666667
11,2.0,aligned,mi_class,25,0.5514921178716504,-0.3933748826351009,0.4705416666666667
11,2.0,aligned,mi_class,26,-0.7483740147245385,0.7726878962304711,0.4705416666666667
11,2.0,aligned,mi_class,27,0.44851248376914876,-0.4747619051939626,0.4705416666666667
11,2.0,aligned,mi_class,28,-0.0027470006315032797,-0.0026756869067902133,0.4705416666666667
11,2.0,aligned,mi_class,29,1.4848554388666153,-0.48641072824500514,0.4705416666666667
11,2.0,aligned,mi_class,30,0.4540534112356266,-0.45407961769558486,0.4705416666666667
11,2.0,aligned,mi_class,31,-0.19213743625546872,0.19214541357427573,0.4705416666666667
11,2.0,aligned,mi_class,32,-0.010732863698589066,0.010735299459861828,0.4705416666666667
11,2.0,aligned,mi_class,33,-0.3254419745530194,0.15035694700032418,0.4705416666666667
11,2.0,aligned,mi_class,34,0.4907569496814034,-0.4907784801957055,0.4705416666666667
11,2.0,aligned,mi_class,35,-0.6152262656409172,0.6152580468409373,0.4705416666666667
11,2.0,aligned,mi_class,36,0.4065270309557017,-0.40077671801906556,0.4705416666666667
11,2.0,aligned,mi_class,37,-1.3388815134749252,0.338881515508181,0.4705416666666667
11,2.0,aligned,mi_class,38,0.012976469101649846,-0.26225484438474544,0.4705416666666667
11,2.0,aligned,mi_class,39,0.018354976143595006,-0.009349401485031014,0.4705416666666667
11,2.0,aligned,mi_class,40,-0.0032602857388767115,-0.5944314441700779,0.4705416666666667
11,2.0,aligned,mi_class,41,-0.05655500800748681,0.6194035062631652,0.4705416666666667
11,2.0,aligned,mi_class,42,-0.03848871047247204,-0.4813504127138114,0.4705416666666667
11,2.0,aligned,mi_class,43,-0.0050872444990349526,0.0048801168020789504,0.4705416666666667
11,2.0,aligned,mi_class,44,0.7336795943707599,-0.7336939654748671,0.4705416666666667
11,2.0,aligned,mi_class,45,-0.11305791896640527,0.49110929999266945,0.4705416666666667
11,2.0,aligned,mi_class,46,-0.00028631200685652614,0.15398214844401414,0.4705416666666667
11,2.0,aligned,mi_class,47,0.016618035896425742,-0.6899793734011106,0.4705416666666667
11,2.0,aligned,mi_class,48,-0.03700088078726521,0.17511781588266215,0.4705416666666667
11,2.0,aligned,mi_class,49,-0.0023293753601618394,0.002973759355379889,0.4705416666666667
11,2.0,aligned,mi_class,50,-0.18837343235895201,0.18837726490477794,0.4705416666666667
11,2.0,aligned,mi_class,51,-0.05455414962874027,0.008262490324574552,0.4705416666666667
11,2.0,aligned,mi_class,52,0.004251924777595412,-0.0021029597590700964,0.4705416666666667
11,2.0,aligned,mi_class,53,3.8313353722825225e-05,0.008276326190604437,0.4705416666666667
11,2.0,aligned,mi_class,54,0.0057554297848987955,-0.0053664029688652685,0.4705416666666667
11,2.0,aligned,mi_class,55,-0.015388922861380135,0.01538900361619335,0.4705416666666667
11,2.0,aligned,mi_class,56,0.04933683033157732,-0.3682967016623756,0.4705416666666667
11,2.0,aligned,mi_class,57,-0.054786833212707386,0.6676456877894111,0.4705416666666667
11,2.0,aligned,mi_class,58,-0.3059411426502063,0.3151681931351428,0.4705416666666667
11,2.0,aligned,mi_class,59,-0.6332264524192077,0.8083352638879394,0.4705416666666667
11,2.0,aligned,mi_class,60,0.08506981925420432,-0.4397434822763142,0.4705416666666667
11,2.0,aligned,mi_class,61,0.0027913549559605137,-0.0032750287075995416,0.4705416666666667
11,2.0,aligned,mi_class,62,0.4510572554319732,-0.4510653485627403,0.4705416666666667
11,2.0,aligned,mi_class,63,-0.31578129699307717,0.07416526811889472,0.4705416666666667
11,2.0,aligned,mi_class,64,-0.4631924597518456,0.46320411826460306,0.4705416666666667
11,2.0,aligned,mi_class,65,-0.009626273027547967,0.003872044920298026,0.4705416666666667
11,2.0,aligned,mi_site,0,0.02617317218473847,-0.5513469867078135,0.4705416666666667
11,2.0,aligned,mi_site,1,-0.0374298223742876,0.29330369674815776,0.4705416666666667
11,2.0,aligned,mi_site,2,0.0075313026834860075,-0.1610067478182848,0.4705416666666667
11,2.0,aligned,mi_site,3,-0.03537950287494747,-0.10800778107272331,0.4705416666666667
11,2.0,aligned,mi_site,4,0.009559652750783965,-0.5099520249800962,0.4705416666666667
11,2.0,aligned,mi_site,5,0.05535680297349813,-0.002572174196597225,0.4705416666666667
11,2.0,aligned,mi_site,6,-0.009306985031916445,0.0532178129266553,0.4705416666666667
11,2.0,aligned,mi_site,7,-0.01977177196044788,0.5566924725179301,0.4705416666666667
11,2.0,aligned,mi_site,8,0.01764975289979112,-0.09868325552710182,0.4705416666666667
11,2.0,aligned,mi_site,9,-0.0019762106541911517,-0.015095496332551236,0.4705416666666667
11,2.0,aligned,mi_site,10,-0.005976618800342837,0.07965710534516798,0.4705416666666667
11,2.0,aligned,mi_site,11,0.04859765664312377,-0.03346654490387218,0.4705416666666667
11,2.0,aligned,mi_site,12,0.010968995293376638,-0.0497349761047172,0.4705416666666667
11,2.0,aligned,mi_site,13,0.03049485385036333,0.019831442104082678,0.4705416666666667
11,2.0,aligned,mi_site,14,0.016564792768189673,0.711176527019246,0.4705416666666667
11,2.0,aligned,mi_site,15,-0.07613565852371873,-0.0067224911417481355,0.4705416666666667
11,2.0,aligned,mi_site,16,0.004916488424979504,-0.012633011306885092,0.4705416666666667
11,2.0,aligned,mi_site,17,0.024226950940124614,-0.5285173257506444,0.4705416666666667
11,2.0,aligned,mi_site,18,-0.011965397137356393,-0.032518844022836474,0.4705416666666667
11,2.0,aligned,mi_site,19,0.0001862510191823338,0.006778443057133507,0.4705416666666667
11,2.0,aligned,mi_site,20,-0.0007179807431292075,-0.025046781612509013,0.4705416666666667
11,2.0,aligned,mi_site,21,-0.0015429038790152338,-0.5376063598952243,0.4705416666666667
11,2.0,aligned,mi_site,22,-0.0184923223803648,0.6606489825434818,0.4705416666666667
11,2.0,aligned,mi_site,23,0.04345524023191938,-0.35292778136240704,0.4705416666666667
11,2.0,aligned,mi_site,24,0.029895009910366872,-0.0051279152459126846,0.4705416666666667
11,2.0,aligned,mi_site,25,0.0019493863809029177,-0.3933748826351009,0.4705416666666667
11,2.0,aligned,mi_site,26,-0.0030877676953441346,0.7726878962304711,0.4705416666666667
11,2.0,aligned,mi_site,27,0.01977477228140606,-0.4747619051939626,0.4705416666666667
11,2.0,aligned,mi_site,28,-0.0016274401054571326,-0.0026756869067902133,0.4705416666666667
11,2.0,aligned,mi_site,29,0.03074237609168684,-0.48641072824500514,0.4705416666666667
11,2.0,aligned,mi_site,30,0.003333804717815414,-0.45407961769558486,0.4705416666666667
11,2.0,aligned,mi_site,31,-0.0193486884994081,0.19214541357427573,0.4705416666666667
11,2.0,aligned,mi_site,32,0.0032858745714992414,0.010735299459861828,0.4705416666666667
11,2.0,aligned,mi_site,33,0.001957732392828121,0.15035694700032418,0.4705416666666667
11,2.0,aligned,mi_site,34,0.02806601685501814,-0.4907784801957055,0.4705416666666667
11,2.0,aligned,mi_site,35,-0.0945436818312495,0.6152580468409373,0.4705416666666667
11,2.0,aligned,mi_site,36,0.03237890689160722,-0.40077671801906556,0.4705416666666667
11,2.0,aligned,mi_site,37,-0.025206381749424134,0.338881515508181,0.4705416666666667
11,2.0,aligned,mi_site,38,0.037061896820577506,-0.26225484438474544,0.4705416666666667
11,2.0,aligned,mi_site,39,0.0020951088706644564,-0.009349401485031014,0.4705416666666667
11,2.0,aligned,mi_site,40,-0.019790202402027002,-0.5944314441700779,0.4705416666666667
11,2.0,aligned,mi_site,41,-0.03389700223939207,0.6194035062631652,0.4705416666666667
11,2.0,aligned,mi_site,42,0.0019694866221953156,-0.4813504127138114,0.4705416666666667
11,2.0,aligned,mi_site,43,0.01651294996188824,0.0048801168020789504,0.4705416666666667
11,2.0,aligned,mi_site,44,-0.006758534016499396,-0.7336939654748671,0.4705416666666667
11,2.0,aligned,mi_site,45,-0.09419973836574852,0.49110929999266945,0.4705416666666667
11,2.0,aligned,mi_site,46,0.0032761204574684732,0.15398214844401414,0.4705416666666667
11,2.0,aligned,mi_site,47,-0.007762230660752656,-0.6899793734011106,0.4705416666666667
11,2.0,aligned,mi_site,48,-0.015434533868362271,0.17511781588266215,0.4705416666666667
11,2.0,aligned,mi_site,49,0.003758406293014307,0.002973759355379889,0.4705416666666667
11,2.0,aligned,mi_site,50,-0.01171923865074459,0.18837726490477794,0.4705416666666667
11,2.0,aligned,mi_site,51,0.010452435482153879,0.008262490324574552,0.4705416666666667
11,2.0,aligned,mi_site,52,0.05264910539540095,-0.0021029597590700964,0.4705416666666667
11,2.0,aligned,mi_site,53,-0.006895050498311315,0.008276326190604437,0.4705416666666667
11,2.0,aligned,mi_site,54,0.013773111380642212,-0.0053664029688652685,0.4705416666666667
11,2.0,aligned,mi_site,55,0.002999955847156262,0.01538900361619335,0.4705416666666667
11,2.0,aligned,mi_site,56,-0.01151321514327519,-0.3682967016623756,0.4705416666666667
11,2.0,aligned,mi_site,57,0.033301376726344034,0.6676456877894111,0.4705416666666667
11,2.0,aligned,mi_site,58,0.0368307884568016,0.3151681931351428,0.4705416666666667
11,2.0,aligned,mi_site,59,-0.0026774065236000455,0.8083352638879394,0.4705416666666667
11,2.0,aligned,mi_site,60,0.0023586118107519205,-0.4397434822763142,0.4705416666666667
11,2.0,aligned,mi_site,61,-9.551059514142923e-05,-0.0032750287075995416,0.4705416666666667
11,2.0,aligned,mi_site,62,0.015376687903547348,-0.4510653485627403,0.4705416666666667
11,2.0,aligned,mi_site,63,0.02111722723064216,0.07416526811889472,0.4705416666666667
11,2.0,aligned,mi_site,64,-0.009705054452574968,0.46320411826460306,0.4705416666666667
11,2.0,aligned,mi_site,65,-0.007557714339846698,0.003872044920298026,0.4705416666666667
11,2.0,closed,available,0,0.007619748188552711,-0.5513469867078135,0.4705416666666667
11,2.0,closed,available,1,0.0018764198243056418,0.29330369674815776,0.4705416666666667
11,2.0,closed,available,2,0.0014394075069514012,-0.1610067478182848,0.4705416666666667
11,2.0,closed,available,3,-0.0010043682209579657,-0.10800778107272331,0.4705416666666667
11,2.0,closed,available,4,0.014534642559263178,-0.5099520249800962,0.4705416666666667
11,2.0,closed,available,5,0.002099766945045306,-0.002572174196597225,0.4705416666666667
11,2.0,closed,available,6,-0.01443064661772396,0.0532178129266553,0.4705416666666667
11,2.0,closed,available,7,-0.00011732063706526574,0.5566924725179301,0.4705416666666667
11,2.0,closed,available,8,0.0051506268238921404,-0.09868325552710182,0.4705416666666667
11,2.0,closed,available,9,0.0004803741373662074,-0.015095496332551236,0.4705416666666667
11,2.0,closed,available,10,-0.001960103212633152,0.07965710534516798,0.4705416666666667
11,2.0,closed,available,11,0.012756285308522939,-0.03346654490387218,0.4705416666666667
11,2.0,closed,available,12,-0.01650665316507082,-0.0497349761047172,0.4705416666666667
11,2.0,closed,available,13,-0.005644674048493243,0.019831442104082678,0.4705416666666667
11,2.0,closed,available,14,-0.0007816334114256751,0.711176527019246,0.4705416666666667
11,2.0,closed,available,15,0.02328107480088287,-0.0067224911417481355,0.4705416666666667
11,2.0,closed,available,16,0.016306542009213824,-0.012633011306885092,0.4705416666666667
11,2.0,closed,available,17,0.006341381358727083,-0.5285173257506444,0.4705416666666667
11,2.0,closed,available,18,-0.003127209145039521,-0.032518844022836474,0.4705416666666667
11,2.0,closed,available,19,0.00011840278386411347,0.006778443057133507,0.4705416666666667
11,2.0,closed,available,20,-0.0015098415101026177,-0.025046781612509013,0.4705416666666667
11,2.0,closed,available,21,-0.0006356629802376501,-0.5376063598952243,0.4705416666666667
11,2.0,closed,available,22,-0.0036759353094337754,0.6606489825434818,0.4705416666666667
11,2.0,closed,available,23,0.00735785200592548,-0.35292778136240704,0.4705416666666667
11,2.0,closed,available,24,-0.025327548640926068,-0.0051279152459126846,0.4705416666666667
11,2.0,closed,available,25,0.013854872898958426,-0.3933748826351009,0.4705416666666667
11,2.0,closed,available,26,-0.0036688132368333237,0.7726878962304711,0.4705416666666667
11,2.0,closed,available,27,0.02122588195688968,-0.4747619051939626,0.4705416666666667
11,2.0,closed,available,28,-0.004497337498296971,-0.0026756869067902133,0.4705416666666667
11,2.0,closed,available,29,0.0026732946183991024,-0.48641072824500514,0.4705416666666667
11,2.0,closed,available,30,-0.016437925635349848,-0.45407961769558486,0.4705416666666667
11,2.0,closed,available,31,-0.0042215999271461024,0.19214541357427573,0.4705416666666667
11,2.0,closed,available,32,0.020953194575973992,0.010735299459861828,0.4705416666666667
11,2.0,closed,available,33,0.00642215744550842,0.15035694700032418,0.4705416666666667
11,2.0,closed,available,34,0.0074311075333239884,-0.4907784801957055,0.4705416666666667
11,2.0,closed,available,35,0.0054579784707596835,0.6152580468409373,0.4705416666666667
11,2.0,closed,available,36,-0.007756544602182891,-0.40077671801906556,0.4705416666666667
11,2.0,closed,available,37,0.0021981855949932405,0.338881515508181,0.4705416666666667
11,2.0,closed,available,38,-0.012392204766924708,-0.26225484438474544,0.4705416666666667
11,2.0,closed,available,39,-0.020356649454944746,-0.009349401485031014,0.4705416666666667
11,2.0,closed,available,40,-0.0010618413652894176,-0.5944314441700779,0.4705416666666667
11,2.0,closed,available,41,0.009172572127106426,0.6194035062631652,0.4705416666666667
11,2.0,closed,available,42,0.01927371434131353,-0.4813504127138114,0.4705416666666667
11,2.0,closed,available,43,-0.0029776025629825622,0.0048801168020789504,0.4705416666666667
11,2.0,closed,available,44,0.0027618540489930954,-0.7336939654748671,0.4705416666666667
11,2.0,closed,available,45,0.014987190220320301,0.49110929999266945,0.4705416666666667
11,2.0,closed,available,46,0.01270598885923127,0.15398214844401414,0.4705416666666667
11,2.0,closed,available,47,0.008868338090805339,-0.6899793734011106,0.4705416666666667
11,2.0,closed,available,48,0.0025280218582708347,0.17511781588266215,0.4705416666666667
11,2.0,closed,available,49,-0.017462292671446937,0.002973759355379889,0.4705416666666667
11,2.0,closed,available,50,0.009618475865708992,0.18837726490477794,0.4705416666666667
11,2.0,closed,available,51,0.003144493158484935,0.008262490324574552,0.4705416666666667
11,2.0,closed,available,52,-0.009883198119872661,-0.0021029597590700964,0.4705416666666667
11,2.0,closed,available,53,0.018495601608057986,0.008276326190604437,0.4705416666666667
11,2.0,closed,available,54,-0.02278931397697175,-0.0053664029688652685,0.4705416666666667
11,2.0,closed,available,55,0.005067478924069729,0.01538900361619335,0.4705416666666667
11,2.0,closed,available,56,-0.011282948617392763,-0.3682967016623756,0.4705416666666667
11,2.0,closed,available,57,-0.01552174872215395,0.6676456877894111,0.4705416666666667
11,2.0,closed,available,58,0.005297479618825707,0.3151681931351428,0.4705416666666667
11,2.0,closed,available,59,7.388055069590393e-05,0.8083352638879394,0.4705416666666667
11,2.0,closed,available,60,0.006949679286181121,-0.4397434822763142,0.4705416666666667
11,2.0,closed,available,61,0.006380061574644151,-0.0032750287075995416,0.4705416666666667
11,2.0,closed,available,62,-0.009016106430173643,-0.4510653485627403,0.4705416666666667
11,2.0,closed,available,63,0.0017633058017226255,0.07416526811889472,0.4705416666666667
11,2.0,closed,available,64,0.0012060463871533256,0.46320411826460306,0.4705416666666667
11,2.0,closed,available,65,-0.0028696850296788053,0.003872044920298026,0.4705416666666667
11,2.0,closed,mi_obs,0,-0.016083619634297386,-0.5513469867078135,0.4705416666666667
11,2.0,closed,mi_obs,1,0.009309283716494199,0.29330369674815776,0.4705416666666667
11,2.0,closed,mi_obs,2,-0.05368370989872276,-0.1610067478182848,0.4705416666666667
11,2.0,closed,mi_obs,3,-0.03771694600656135,-0.10800778107272331,0.4705416666666667
11,2.0,closed,mi_obs,4,-0.04051191406571475,-0.5099520249800962,0.4705416666666667
11,2.0,closed,mi_obs,5,0.05912649315536248,-0.002572174196597225,0.4705416666666667
11,2.0,closed,mi_obs,6,-0.007365916495199444,0.0532178129266553,0.4705416666666667
11,2.0,closed,mi_obs,7,0.05547974843041703,0.5566924725179301,0.4705416666666667
11,2.0,closed,mi_obs,8,0.006779982372304219,-0.09868325552710182,0.4705416666666667
11,2.0,closed,mi_obs,9,0.008054082361350374,-0.015095496332551236,0.4705416666666667
11,2.0,closed,mi_obs,10,-0.0046871659433516955,0.07965710534516798,0.4705416666666667
11,2.0,closed,mi_obs,11,0.07517044508613788,-0.03346654490387218,0.4705416666666667
11,2.0,closed,mi_obs,12,-0.06720143646517843,-0.0497349761047172,0.4705416666666667
11,2.0,closed,mi_obs,13,0.051505802869113174,0.019831442104082678,0.4705416666666667
11,2.0,closed,mi_obs,14,0.036382970448254004,0.711176527019246,0.4705416666666667
11,2.0,closed,mi_obs,15,-0.08577785195900149,-0.0067224911417481355,0.4705416666666667
11,2.0,closed,mi_obs,16,-0.0016304225354750092,-0.012633011306885092,0.4705416666666667
11,2.0,closed,mi_obs,17,0.016203608555574345,-0.5285173257506444,0.4705416666666667
11,2.0,closed,mi_obs,18,-0.011766526651063099,-0.032518844022836474,0.4705416666666667
11,2.0,closed,mi_obs,19,0.0009456362908887971,0.006778443057133507,0.4705416666666667
11,2.0,closed,mi_obs,20,-0.007370105607732505,-0.025046781612509013,0.4705416666666667
11,2.0,closed,mi_obs,21,-0.08152058000783236,-0.5376063598952243,0.4705416666666667
11,2.0,closed,mi_obs,22,0.03254267764718921,0.6606489825434818,0.4705416666666667
11,2.0,closed,mi_obs,23,0.00864043794342595,-0.35292778136240704,0.4705416666666667
11,2.0,closed,mi_obs,24,-0.02235452906952503,-0.0051279152459126846,0.4705416666666667
11,2.0,closed,mi_obs,25,-0.006055091957606007,-0.3933748826351009,0.4705416666666667
11,2.0,closed,mi_obs,26,0.026481930907552242,0.7726878962304711,0.4705416666666667
11,2.0,closed,mi_obs,27,-1.481418820015179e-05,-0.4747619051939626,0.4705416666666667
11,2.0,closed,mi_obs,28,-0.00016126159932758084,-0.0026756869067902133,0.4705416666666667
11,2.0,closed,mi_obs,29,0.014226598380950028,-0.48641072824500514,0.4705416666666667
11,2.0,closed,mi_obs,30,-0.08605302264806508,-0.45407961769558486,0.4705416666666667
11,2.0,closed,mi_obs,31,0.05337037228492156,0.19214541357427573,0.4705416666666667
11,2.0,closed,mi_obs,32,0.05292953957863996,0.010735299459861828,0.4705416666666667
11,2.0,closed,mi_obs,33,0.06322239326310125,0.15035694700032418,0.4705416666666667
11,2.0,closed,mi_obs,34,-0.0161193249384482,-0.4907784801957055,0.4705416666666667
11,2.0,closed,mi_obs,35,0.0028578230128962767,0.6152580468409373,0.4705416666666667
11,2.0,closed,mi_obs,36,-0.0300270235269523,-0.40077671801906556,0.4705416666666667
11,2.0,closed,mi_obs,37,0.05297041513011708,0.338881515508181,0.4705416666666667
11,2.0,closed,mi_obs,38,0.009896748129830268,-0.26225484438474544,0.4705416666666667
11,2.0,closed,mi_obs,39,-0.03387628152084145,-0.009349401485031014,0.4705416666666667
11,2.0,closed,mi_obs,40,-0.040350324169956875,-0.5944314441700779,0.4705416666666667
11,2.0,closed,mi_obs,41,-0.02024993682525611,0.6194035062631652,0.4705416666666667
11,2.0,closed,mi_obs,42,-0.031870905189282484,-0.4813504127138114,0.4705416666666667
11,2.0,closed,mi_obs,43,0.023002911707887007,0.0048801168020789504,0.4705416666666667
11,2.0,closed,mi_obs,44,-0.03191014591983776,-0.7336939654748671,0.4705416666666667
11,2.0,closed,mi_obs,45,-0.10113587106941896,0.49110929999266945,0.4705416666666667
11,2.0,closed,mi_obs,46,0.01881975515300735,0.15398214844401414,0.4705416666666667
11,2.0,closed,mi_obs,47,-0.029600825482225535,-0.6899793734011106,0.4705416666666667
11,2.0,closed,mi_obs,48,-0.0033716899796162603,0.17511781588266215,0.4705416666666667
11,2.0,closed,mi_obs,49,-0.01723846216246587,0.002973759355379889,0.4705416666666667
11,2.0,closed,mi_obs,50,0.011109994248833133,0.18837726490477794,0.4705416666666667
11,2.0,closed,mi_obs,51,0.017909632805298017,0.008262490324574552,0.4705416666666667
11,2.0,closed,mi_obs,52,0.024484641268728433,-0.0021029597590700964,0.4705416666666667
11,2.0,closed,mi_obs,53,0.007733029666052044,0.008276326190604437,0.4705416666666667
11,2.0,closed,mi_obs,54,-0.04185095865755668,-0.0053664029688652685,0.4705416666666667
11,2.0,closed,mi_obs,55,0.025321467701239143,0.01538900361619335,0.4705416666666667
11,2.0,closed,mi_obs,56,-0.012787832431042645,-0.3682967016623756,0.4705416666666667
11,2.0,closed,mi_obs,57,0.04872132229297932,0.6676456877894111,0.4705416666666667
11,2.0,closed,mi_obs,58,0.0432018228352396,0.3151681931351428,0.4705416666666667
11,2.0,closed,mi_obs,59,0.01594915646106765,0.8083352638879394,0.4705416666666667
11,2.0,closed,mi_obs,60,0.004847520434032526,-0.4397434822763142,0.4705416666666667
11,2.0,closed,mi_obs,61,0.0014967109383534987,-0.0032750287075995416,0.4705416666666667
11,2.0,closed,mi_obs,62,0.009698577426651422,-0.4510653485627403,0.4705416666666667
11,2.0,closed,mi_obs,63,0.014416589386664111,0.07416526811889472,0.4705416666666667
11,2.0,closed,mi_obs,64,-0.0005604325211621686,0.46320411826460306,0.4705416666666667
11,2.0,closed,mi_obs,65,-0.015573784770440021,0.003872044920298026,0.4705416666666667
11,2.0,closed,mi_class,0,0.0008942400198712619,-0.5513469867078135,0.4705416666666667
11,2.0,closed,mi_class,1,-0.023093015755755453,0.29330369674815776,0.4705416666666667
11,2.0,closed,mi_class,2,0.06786784793416581,-0.1610067478182848,0.4705416666666667
11,2.0,closed,mi_class,3,0.10508960829821686,-0.10800778107272331,0.4705416666666667
11,2.0,closed,mi_class,4,0.1022424666819059,-0.5099520249800962,0.4705416666666667
11,2.0,closed,mi_class,5,0.004684376176431659,-0.002572174196597225,0.4705416666666667
11,2.0,closed,mi_class,6,-0.017552833481743038,0.0532178129266553,0.4705416666666667
11,2.0,closed,mi_class,7,-0.10744685687354505,0.5566924725179301,0.4705416666666667
11,2.0,closed,mi_class,8,-0.01768834924786114,-0.09868325552710182,0.4705416666666667
11,2.0,closed,mi_class,9,0.013457513928407482,-0.015095496332551236,0.4705416666666667
11,2.0,closed,mi_class,10,-0.0789861572504367,0.07965710534516798,0.4705416666666667
11,2.0,closed,mi_class,11,0.012619765089974797,-0.03346654490387218,0.4705416666666667
11,2.0,closed,mi_class,12,-0.024957864162390465,-0.0497349761047172,0.4705416666666667
11,2.0,closed,mi_class,13,-0.02908576325740214,0.019831442104082678,0.4705416666666667
11,2.0,closed,mi_class,14,-0.1603602923665679,0.711176527019246,0.4705416666666667
11,2.0,closed,mi_class,15,0.011282690647172456,-0.0067224911417481355,0.4705416666666667
11,2.0,closed,mi_class,16,-0.0160957959047609,-0.012633011306885092,0.4705416666666667
11,2.0,closed,mi_class,17,0.137639885718238,-0.5285173257506444,0.4705416666666667
11,2.0,closed,mi_class,18,0.001483334707532511,-0.032518844022836474,0.4705416666666667
11,2.0,closed,mi_class,19,-0.07155754674177134,0.006778443057133507,0.4705416666666667
11,2.0,closed,mi_class,20,-0.04318958435799792,-0.025046781612509013,0.4705416666666667
11,2.0,closed,mi_class,21,0.21440524854267562,-0.5376063598952243,0.4705416666666667
11,2.0,closed,mi_class,22,-0.2419313103168783,0.6606489825434818,0.4705416666666667
11,2.0,closed,mi_class,23,0.18132703642420497,-0.35292778136240704,0.4705416666666667
11,2.0,closed,mi_class,24,-0.010141110507764802,-0.0051279152459126846,0.4705416666666667
11,2.0,closed,mi_class,25,0.08798153732544767,-0.3933748826351009,0.4705416666666667
11,2.0,closed,mi_class,26,-0.3792130291819258,0.7726878962304711,0.4705416666666667
11,2.0,closed,mi_class,27,0.0013088098398225112,-0.4747619051939626,0.4705416666666667
11,2.0,closed,mi_class,28,-0.11437318140824733,-0.0026756869067902133,0.4705416666666667
11,2.0,closed,mi_class,29,0.36141834729789224,-0.48641072824500514,0.4705416666666667
11,2.0,closed,mi_class,30,0.30580408657851255,-0.45407961769558486,0.4705416666666667
11,2.0,closed,mi_class,31,-0.14156672371603415,0.19214541357427573,0.4705416666666667
11,2.0,closed,mi_class,32,-0.006895890832794021,0.010735299459861828,0.4705416666666667
11,2.0,closed,mi_class,33,0.16363113847197266,0.15035694700032418,0.4705416666666667
11,2.0,closed,mi_class,34,0.3545308766062942,-0.4907784801957055,0.4705416666666667
11,2.0,closed,mi_class,35,-0.38841923568211445,0.6152580468409373,0.4705416666666667
11,2.0,closed,mi_class,36,1.2945160921615888,-0.40077671801906556,0.4705416666666667
11,2.0,closed,mi_class,37,0.5972848678622811,0.338881515508181,0.4705416666666667
11,2.0,closed,mi_class,38,0.0768644616141915,-0.26225484438474544,0.4705416666666667
11,2.0,closed,mi_class,39,-0.009587300488260264,-0.009349401485031014,0.4705416666666667
11,2.0,closed,mi_class,40,0.14453024315972163,-0.5944314441700779,0.4705416666666667
11,2.0,closed,mi_class,41,-0.16731238753975275,0.6194035062631652,0.4705416666666667
11,2.0,closed,mi_class,42,0.04895892009664171,-0.4813504127138114,0.4705416666666667
11,2.0,closed,mi_class,43,0.006986406050801622,0.0048801168020789504,0.4705416666666667
11,2.0,closed,mi_class,44,0.7283759566132848,-0.7336939654748671,0.4705416666666667
11,2.0,closed,mi_class,45,0.008386805442446188,0.49110929999266945,0.4705416666666667
11,2.0,closed,mi_class,46,-0.026058930453305373,0.15398214844401414,0.4705416666666667
11,2.0,closed,mi_class,47,0.048820781846878436,-0.6899793734011106,0.4705416666666667
11,2.0,closed,mi_class,48,-0.031956570018564195,0.17511781588266215,0.4705416666666667
11,2.0,closed,mi_class,49,-0.005787246285552392,0.002973759355379889,0.4705416666666667
11,2.0,closed,mi_class,50,-0.18702202319516398,0.18837726490477794,0.4705416666666667
11,2.0,closed,mi_class,51,0.0075615429550373765,0.008262490324574552,0.4705416666666667
11,2.0,closed,mi_class,52,-0.00862835559260305,-0.0021029597590700964,0.4705416666666667
11,2.0,closed,mi_class,53,0.001218437338215134,0.008276326190604437,0.4705416666666667
11,2.0,closed,mi_class,54,0.00043280591691152465,-0.0053664029688652685,0.4705416666666667
11,2.0,closed,mi_class,55,-0.015239209894030215,0.01538900361619335,0.4705416666666667
11,2.0,closed,mi_class,56,0.059709423555546925,-0.3682967016623756,0.4705416666666667
11,2.0,closed,mi_class,57,-0.06763013531276185,0.6676456877894111,0.4705416666666667
11,2.0,closed,mi_class,58,-0.0021918457594247154,0.3151681931351428,0.4705416666666667
11,2.0,closed,mi_class,59,-0.5373398189791982,0.8083352638879394,0.4705416666666667
11,2.0,closed,mi_class,60,0.08676211986319515,-0.4397434822763142,0.4705416666666667
11,2.0,closed,mi_class,61,0.0017196140994619779,-0.0032750287075995416,0.4705416666666667
11,2.0,closed,mi_class,62,0.44771913304537353,-0.4510653485627403,0.4705416666666667
11,2.0,closed,mi_class,63,-0.05166500287417962,0.07416526811889472,0.4705416666666667
11,2.0,closed,mi_class,64,-0.4583457015709071,0.46320411826460306,0.4705416666666667
11,2.0,closed,mi_class,65,0.978531209519048,0.003872044920298026,0.4705416666666667
11,2.0,closed,mi_site,0,-0.01127139961110013,-0.5513469867078135,0.4705416666666667
11,2.0,closed,mi_site,1,0.00533270147764725,0.29330369674815776,0.4705416666666667
11,2.0,closed,mi_site,2,-0.03374821951402596,-0.1610067478182848,0.4705416666666667
11,2.0,closed,mi_site,3,-0.05558866040152664,-0.10800778107272331,0.4705416666666667
11,2.0,closed,mi_site,4,-0.023787574370310982,-0.5099520249800962,0.4705416666666667
11,2.0,closed,mi_site,5,0.07285496434134454,-0.002572174196597225,0.4705416666666667
11,2.0,closed,mi_site,6,-0.012622168558379367,0.0532178129266553,0.4705416666666667
11,2.0,closed,mi_site,7,0.040146590734437604,0.5566924725179301,0.4705416666666667
11,2.0,closed,mi_site,8,0.0040370672566924365,-0.09868325552710182,0.4705416666666667
11,2.0,closed,mi_site,9,0.002204035261886726,-0.015095496332551236,0.4705416666666667
11,2.0,closed,mi_site,10,-0.007600511486823072,0.07965710534516798,0.4705416666666667
11,2.0,closed,mi_site,11,0.0654951047607753,-0.03346654490387218,0.4705416666666667
11,2.0,closed,mi_site,12,-0.0397200684427614,-0.0497349761047172,0.4705416666666667
11,2.0,closed,mi_site,13,0.06824693191683577,0.019831442104082678,0.4705416666666667
11,2.0,closed,mi_site,14,0.01709039745796581,0.711176527019246,0.4705416666666667
11,2.0,closed,mi_site,15,-0.10786545267895045,-0.0067224911417481355,0.4705416666666667
11,2.0,closed,mi_site,16,0.0017397928859946236,-0.012633011306885092,0.4705416666666667
11,2.0,closed,mi_site,17,0.02670688786698583,-0.5285173257506444,0.4705416666666667
11,2.0,closed,mi_site,18,-0.012559434798168165,-0.032518844022836474,0.4705416666666667
11,2.0,closed,mi_site,19,-0.0006345468687746353,0.006778443057133507,0.4705416666666667
11,2.0,closed,mi_site,20,-0.006207648716124267,-0.025046781612509013,0.4705416666666667
11,2.0,closed,mi_site,21,-0.04549785453251842,-0.5376063598952243,0.4705416666666667
11,2.0,closed,mi_site,22,0.020154168217542123,0.6606489825434818,0.4705416666666667
11,2.0,closed,mi_site,23,0.014558452626394491,-0.35292778136240704,0.4705416666666667
11,2.0,closed,mi_site,24,-0.009059305730841327,-0.0051279152459126846,0.4705416666666667
11,2.0,closed,mi_site,25,-0.012387151550690423,-0.3933748826351009,0.4705416666666667
11,2.0,closed,mi_site,26,0.021804008923289042,0.7726878962304711,0.4705416666666667
11,2.0,closed,mi_site,27,0.000658331813619184,-0.4747619051939626,0.4705416666666667
11,2.0,closed,mi_site,28,-0.011887386907528313,-0.0026756869067902133,0.4705416666666667
11,2.0,closed,mi_site,29,0.00812286318237071,-0.48641072824500514,0.4705416666666667
11,2.0,closed,mi_site,30,-0.03662913807952872,-0.45407961769558486,0.4705416666666667
11,2.0,closed,mi_site,31,0.030722908730577064,0.19214541357427573,0.4705416666666667
11,2.0,closed,mi_site,32,0.0505528905711678,0.010735299459861828,0.4705416666666667
11,2.0,closed,mi_site,33,0.04304750461567841,0.15035694700032418,0.4705416666666667
11,2.0,closed,mi_site,34,-0.00479887046601124,-0.4907784801957055,0.4705416666666667
11,2.0,closed,mi_site,35,-0.012756752029844609,0.6152580468409373,0.4705416666666667
11,2.0,closed,mi_site,36,-0.019029331784303494,-0.40077671801906556,0.4705416666666667
11,2.0,closed,mi_site,37,0.019463183291671682,0.338881515508181,0.4705416666666667
11,2.0,closed,mi_site,38,0.027452673166084463,-0.26225484438474544,0.4705416666666667
11,2.0,closed,mi_site,39,-0.03794323299445099,-0.009349401485031014,0.4705416666666667
11,2.0,closed,mi_site,40,-0.02971223009776902,-0.5944314441700779,0.4705416666666667
11,2.0,closed,mi_site,41,-0.029410225813297663,0.6194035062631652,0.4705416666666667
11,2.0,closed,mi_site,42,-0.012428865722790228,-0.4813504127138114,0.4705416666666667
11,2.0,closed,mi_site,43,0.020705738417032174,0.0048801168020789504,0.4705416666666667
11,2.0,closed,mi_site,44,-0.019279282287993027,-0.7336939654748671,0.4705416666666667
11,2.0,closed,mi_site,45,-0.09126228234920125,0.49110929999266945,0.4705416666666667
11,2.0,closed,mi_site,46,0.01801161709005747,0.15398214844401414,0.4705416666666667
11,2.0,closed,mi_site,47,-0.011218982935201738,-0.6899793734011106,0.4705416666666667
11,2.0,closed,mi_site,48,-0.00735410149687582,0.17511781588266215,0.4705416666666667
11,2.0,closed,mi_site,49,-0.014691055486858721,0.002973759355379889,0.4705416666666667
11,2.0,closed,mi_site,50,0.006339268213887944,0.18837726490477794,0.4705416666666667
11,2.0,closed,mi_site,51,0.017518330466889328,0.008262490324574552,0.4705416666666667
11,2.0,closed,mi_site,52,0.036771808926149605,-0.0021029597590700964,0.4705416666666667
11,2.0,closed,mi_site,53,0.017921251244235145,0.008276326190604437,0.4705416666666667
11,2.0,closed,mi_site,54,-0.031137759276815075,-0.0053664029688652685,0.4705416666666667
11,2.0,closed,mi_site,55,0.020989953795513598,0.01538900361619335,0.4705416666666667
11,2.0,closed,mi_site,56,-0.014965580038867832,-0.3682967016623756,0.4705416666666667
11,2.0,closed,mi_site,57,0.04443074088472576,0.6676456877894111,0.4705416666666667
11,2.0,closed,mi_site,58,0.0370599881587671,0.3151681931351428,0.4705416666666667
11,2.0,closed,mi_site,59,0.017042531621199286,0.8083352638879394,0.4705416666666667
11,2.0,closed,mi_site,60,0.00878995394488763,-0.4397434822763142,0.4705416666666667
11,2.0,closed,mi_site,61,0.006410803688690309,-0.0032750287075995416,0.4705416666666667
11,2.0,closed,mi_site,62,0.005764914226636497,-0.4510653485627403,0.4705416666666667
11,2.0,closed,mi_site,63,0.020539143058936754,0.07416526811889472,0.4705416666666667
11,2.0,closed,mi_site,64,-0.002215539137961131,0.46320411826460306,0.4705416666666667
11,2.0,closed,mi_site,65,-0.01034976093273093,0.003872044920298026,0.4705416666666667
