rep,gamma,alignment,estimator,pair,signed_err,truth,miss_rate
25,0.0,aligned,available,0,-0.0016313692643197264,-0.4636744683510657,0.47272916666666664
25,0.0,aligned,available,1,0.002226319018998557,-0.36755524151273833,0.47272916666666664
25,0.0,aligned,available,2,-0.006925293506181152,0.4290824210222657,0.47272916666666664
25,0.0,aligned,available,3,0.0031667243497635056,0.7630351484045055,0.47272916666666664
25,0.0,aligned,available,4,-0.009974926290736708,-0.6713432513815949,0.47272916666666664
25,0.0,aligned,available,5,0.0007752757976683955,0.2441192348798765,0.47272916666666664
25,0.0,aligned,available,6,-0.00636760334001929,-0.5093679526831894,0.47272916666666664
25,0.0,aligned,available,7,0.006461289828728592,0.007350963379752307,0.47272916666666664
25,0.0,aligned,available,8,0.00044704808866824486,0.8134519079509769,0.47272916666666664
25,0.0,aligned,available,9,-0.012930161406926377,0.29347614939763766,0.47272916666666664
25,0.0,aligned,available,10,-0.002360783139013445,-0.6808808725516706,0.47272916666666664
25,0.0,aligned,available,11,0.015016440125365155,-0.031112973677092898,0.47272916666666664
25,0.0,aligned,available,12,0.02350144112607242,0.03400560555948438,0.47272916666666664
25,0.0,aligned,available,13,-0.005554922519594163,-0.45157400097648903,0.47272916666666664
25,0.0,aligned,available,14,0.013509171667902609,0.32028645000475153,0.47272916666666664
25,0.0,aligned,available,15,-0.00622146540529922,0.5617028029056353,0.47272916666666664
25,0.0,aligned,available,16,-0.000858278836131432,0.9162221832058017,0.47272916666666664
25,0.0,aligned,available,17,-0.002322618301417778,0.4709690570055174,0.47272916666666664
25,0.0,aligned,available,18,-0.005054100755663371,-0.4817480528193088,0.47272916666666664
25,0.0,aligned,available,19,0.006320123269519307,0.3046389769302284,0.47272916666666664
25,0.0,aligned,available,20,-0.002804237267505394,0.33498014477499855,0.47272916666666664
25,0.0,aligned,available,21,-0.00542801959910999,-0.8711757478269547,0.47272916666666664
25,0.0,aligned,available,22,-0.025599267672308357,-0.42011861431329306,0.47272916666666664
25,0.0,aligned,available,23,0.0006948625090023031,0.551199563215343,0.47272916666666664
25,0.0,aligned,available,24,-0.0119858008590501,-0.5043607757362649,0.47272916666666664
25,0.0,aligned,available,25,0.013571634778266617,0.14978126763063973,0.47272916666666664
25,0.0,aligned,available,26,0.008343104286673841,0.2613395954788062,0.47272916666666664
25,0.0,aligned,available,27,-0.02041300405913765,-0.44866507575104414,0.47272916666666664
25,0.0,aligned,available,28,0.0024246599993577034,-0.6056288278982145,0.47272916666666664
25,0.0,aligned,available,29,0.002204853995052658,0.5483613177316872,0.47272916666666664
25,0.0,aligned,available,30,0.023887713286613155,0.4890919207223426,0.47272916666666664
25,0.0,aligned,available,31,0.008492775614825088,-0.6326680655238442,0.47272916666666664
25,0.0,aligned,available,32,0.02139598759094319,0.5820304852561815,0.47272916666666664
25,0.0,aligned,available,33,-0.013829704670877269,-0.17332780152604804,0.47272916666666664
25,0.0,aligned,available,34,-0.010178333582689936,-0.2931515642083229,0.47272916666666664
25,0.0,aligned,available,35,0.009514124489826359,0.522230548698311,0.47272916666666664
25,0.0,aligned,available,36,0.004902112953784399,0.6961828927012118,0.47272916666666664
25,0.0,aligned,available,37,0.002700147113728568,-0.6342477565325064,0.47272916666666664
25,0.0,aligned,available,38,-0.005358767363379147,-0.7770660716337742,0.47272916666666664
25,0.0,aligned,available,39,0.001800642591880508,0.28082030186070117,0.47272916666666664
25,0.0,aligned,available,40,-0.00596973518071553,-0.5897117072188991,0.47272916666666664
25,0.0,aligned,available,41,-0.0009156319904276792,0.011143816631088951,0.47272916666666664
25,0.0,aligned,available,42,0.0005023607860679125,0.9406779452055589,0.47272916666666664
25,0.0,aligned,available,43,-0.011078600065488609,0.33661309475376744,0.47272916666666664
25,0.0,aligned,available,44,-0.002818587769155556,-0.7879517066550201,0.47272916666666664
25,0.0,aligned,available,45,0.0050470127216581395,-0.3629701204497189,0.47272916666666664
25,0.0,aligned,available,46,0.012117743455814012,0.4761254895656989,0.47272916666666664
25,0.0,aligned,available,47,0.0030944122637647647,0.07368321877986533,0.47272916666666664
25,0.0,aligned,available,48,-0.012319566564748863,-0.8263628572098025,0.47272916666666664
25,0.0,aligned,available,49,0.014851588538917326,-0.4367540280853618,0.47272916666666664
25,0.0,aligned,available,50,0.004389854771003843,0.7462513736412254,0.47272916666666664
25,0.0,aligned,available,51,-0.0073036828313731705,0.27960558152008086,0.47272916666666664
25,0.0,aligned,available,52,-0.001454486679012601,0.22898162933739755,0.47272916666666664
25,0.0,aligned,available,53,0.002221418993752833,0.29846518621518897,0.47272916666666664
25,0.0,aligned,available,54,0.0007946807470228245,0.8284470741054853,0.47272916666666664
25,0.0,aligned,available,55,-0.0031211348698313435,-0.5321333006181571,0.47272916666666664
25,0.0,aligned,available,56,-0.0006563873830970346,0.5467982488183845,0.47272916666666664
25,0.0,aligned,available,57,-0.012983463859606248,-0.6275068063418455,0.47272916666666664
25,0.0,aligned,available,58,0.011804527822885616,0.025292919594403836,0.47272916666666664
25,0.0,aligned,available,59,0.0027583704025748723,0.5990236466697257,0.47272916666666664
25,0.0,aligned,available,60,-0.02780945239044525,0.009770310840644232,0.47272916666666664
25,0.0,aligned,available,61,-0.004150780642536142,-0.05325010444290764,0.47272916666666664
25,0.0,aligned,available,62,-0.0020498243296589724,0.19988384981575608,0.47272916666666664
25,0.0,aligned,available,63,-0.011830630888239935,0.3597219856113785,0.47272916666666664
25,0.0,aligned,available,64,-0.0016957361506900748,-0.8369812326537384,0.47272916666666664
25,0.0,aligned,available,65,0.011328405810793751,-0.6426248155201937,0.47272916666666664
25,0.0,aligned,mi_obs,0,-0.019770988696182046,-0.4636744683510657,0.47272916666666664
25,0.0,aligned,mi_obs,1,-0.012825318979690858,-0.36755524151273833,0.47272916666666664
25,0.0,aligned,mi_obs,2,0.05530230211116682,0.4290824210222657,0.47272916666666664
25,0.0,aligned,mi_obs,3,0.05192659855687454,0.7630351484045055,0.47272916666666664
25,0.0,aligned,mi_obs,4,-0.06550137659369626,-0.6713432513815949,0.47272916666666664
25,0.0,aligned,mi_obs,5,0.014780889597212826,0.2441192348798765,0.47272916666666664
25,0.0,aligned,mi_obs,6,-0.026755771508209403,-0.5093679526831894,0.47272916666666664
25,0.0,aligned,mi_obs,7,-0.005657944927460553,0.007350963379752307,0.47272916666666664
25,0.0,aligned,mi_obs,8,0.03807835880096966,0.8134519079509769,0.47272916666666664
25,0.0,aligned,mi_obs,9,-0.00991695284437305,0.29347614939763766,0.47272916666666664
25,0.0,aligned,mi_obs,10,-0.021326098724782305,-0.6808808725516706,0.47272916666666664
25,0.0,aligned,mi_obs,11,-0.000810911941244781,-0.031112973677092898,0.47272916666666664
25,0.0,aligned,mi_obs,12,0.005087679864369837,0.03400560555948438,0.47272916666666664
25,0.0,aligned,mi_obs,13,-0.014655196447546759,-0.45157400097648903,0.47272916666666664
25,0.0,aligned,mi_obs,14,0.029085241256744276,0.32028645000475153,0.47272916666666664
25,0.0,aligned,mi_obs,15,-0.0022713398607061563,0.5617028029056353,0.47272916666666664
25,0.0,aligned,mi_obs,16,0.006985609658937575,0.9162221832058017,0.47272916666666664
25,0.0,aligned,mi_obs,17,0.03412905585048054,0.4709690570055174,0.47272916666666664
25,0.0,aligned,mi_obs,18,-0.007800134481786125,-0.4817480528193088,0.47272916666666664
25,0.0,aligned,mi_obs,19,0.018790744943600723,0.3046389769302284,0.47272916666666664
25,0.0,aligned,mi_obs,20,-0.0028289969870257115,0.33498014477499855,0.47272916666666664
25,0.0,aligned,mi_obs,21,-0.055443046355468706,-0.8711757478269547,0.47272916666666664
25,0.0,aligned,mi_obs,22,-0.052877395364819335,-0.42011861431329306,0.47272916666666664
25,0.0,aligned,mi_obs,23,0.06857928537756919,0.551199563215343,0.47272916666666664
25,0.0,aligned,mi_obs,24,-0.03479786537774243,-0.5043607757362649,0.47272916666666664
25,0.0,aligned,mi_obs,25,0.016216088200534884,0.14978126763063973,0.47272916666666664
25,0.0,aligned,mi_obs,26,0.07500875360778497,0.2613395954788062,0.47272916666666664
25,0.0,aligned,mi_obs,27,-0.017632113805507332,-0.44866507575104414,0.47272916666666664
25,0.0,aligned,mi_obs,28,-0.024823898336871486,-0.6056288278982145,0.47272916666666664
25,0.0,aligned,mi_obs,29,0.024489553121331387,0.5483613177316872,0.47272916666666664
25,0.0,aligned,mi_obs,30,0.0354925522269644,0.4890919207223426,0.47272916666666664
25,0.0,aligned,mi_obs,31,-0.07631185611427738,-0.6326680655238442,0.47272916666666664
25,0.0,aligned,mi_obs,32,0.04287800838149103,0.5820304852561815,0.47272916666666664
25,0.0,aligned,mi_obs,33,-0.01938411646889268,-0.17332780152604804,0.47272916666666664
25,0.0,aligned,mi_obs,34,-0.05681987816093986,-0.2931515642083229,0.47272916666666664
25,0.0,aligned,mi_obs,35,0.025280518442814648,0.522230548698311,0.47272916666666664
25,0.0,aligned,mi_obs,36,0.04866916872858251,0.6961828927012118,0.47272916666666664
25,0.0,aligned,mi_obs,37,-0.03415011412690572,-0.6342477565325064,0.47272916666666664
25,0.0,aligned,mi_obs,38,-0.07355052928287587,-0.7770660716337742,0.47272916666666664
25,0.0,aligned,mi_obs,39,0.019372036566771833,0.28082030186070117,0.47272916666666664
25,0.0,aligned,mi_obs,40,-0.02715688623168333,-0.5897117072188991,0.47272916666666664
25,0.0,aligned,mi_obs,41,-0.026399451651683878,0.011143816631088951,0.47272916666666664
25,0.0,aligned,mi_obs,42,0.03184556102060043,0.9406779452055589,0.47272916666666664
25,0.0,aligned,mi_obs,43,-0.0050610315921206794,0.33661309475376744,0.47272916666666664
25,0.0,aligned,mi_obs,44,-0.02205456265861827,-0.7879517066550201,0.47272916666666664
25,0.0,aligned,mi_obs,45,-0.03337186287893118,-0.3629701204497189,0.47272916666666664
25,0.0,aligned,mi_obs,46,0.048719053629630804,0.4761254895656989,0.47272916666666664
25,0.0,aligned,mi_obs,47,0.03871941749108215,0.07368321877986533,0.47272916666666664
25,0.0,aligned,mi_obs,48,-0.06581628749031698,-0.8263628572098025,0.47272916666666664
25,0.0,aligned,mi_obs,49,-0.02117650797688081,-0.4367540280853618,0.47272916666666664
25,0.0,aligned,mi_obs,50,0.050434551454471066,0.7462513736412254,0.47272916666666664
25,0.0,aligned,mi_obs,51,-0.009591406578053463,0.27960558152008086,0.47272916666666664
25,0.0,aligned,mi_obs,52,0.0044922982131793965,0.22898162933739755,0.47272916666666664
25,0.0,aligned,mi_obs,53,0.01453099733628882,0.29846518621518897,0.47272916666666664
25,0.0,aligned,mi_obs,54,0.04502430990096373,0.8284470741054853,0.47272916666666664
25,0.0,aligned,mi_obs,55,-0.02321286466202932,-0.5321333006181571,0.47272916666666664
25,0.0,aligned,mi_obs,56,0.03049213772278203,0.5467982488183845,0.47272916666666664
25,0.0,aligned,mi_obs,57,-0.017018303060373663,-0.6275068063418455,0.47272916666666664
25,0.0,aligned,mi_obs,58,0.0017668103975741652,0.025292919594403836,0.47272916666666664
25,0.0,aligned,mi_obs,59,0.010487714777467572,0.5990236466697257,0.47272916666666664
25,0.0,aligned,mi_obs,60,-0.02181152791345497,0.009770310840644232,0.47272916666666664
25,0.0,aligned,mi_obs,61,-0.03417920899557455,-0.05325010444290764,0.47272916666666664
25,0.0,aligned,mi_obs,62,0.03289096789389606,0.19988384981575608,0.47272916666666664
25,0.0,aligned,mi_obs,63,-0.016039115939502913,0.3597219856113785,0.47272916666666664
25,0.0,aligned,mi_obs,64,-0.0063972944905431595,-0.8369812326537384,0.47272916666666664
25,0.0,aligned,mi_obs,65,-0.010426241730549513,-0.6426248155201937,0.47272916666666664
25,0.0,aligned,mi_class,0,0.20219962017210213,-0.4636744683510657,0.47272916666666664
25,0.0,aligned,mi_class,1,0.053061727740732645,-0.36755524151273833,0.47272916666666664
25,0.0,aligned,mi_class,2,-0.05761823015089085,0.4290824210222657,0.47272916666666664
25,0.0,aligned,mi_class,3,-0.23827927880072008,0.7630351484045055,0.47272916666666664
25,0.0,aligned,mi_class,4,0.19060778991586452,-0.6713432513815949,0.47272916666666664
25,0.0,aligned,mi_class,5,-0.034063746610942636,0.2441192348798765,0.47272916666666664
25,0.0,aligned,mi_class,6,0.08983046034976938,-0.5093679526831894,0.47272916666666664
25,0.0,aligned,mi_class,7,-0.008647584686850344,0.007350963379752307,0.47272916666666664
25,0.0,aligned,mi_class,8,-0.13988113144410286,0.8134519079509769,0.47272916666666664
25,0.0,aligned,mi_class,9,-0.03737448683197947,0.29347614939763766,0.47272916666666664
25,0.0,aligned,mi_class,10,0.06491844057212326,-0.6808808725516706,0.47272916666666664
25,0.0,aligned,mi_class,11,0.013779430027791199,-0.031112973677092898,0.47272916666666664
25,0.0,aligned,mi_class,12,-0.01572419787204665,0.03400560555948438,0.47272916666666664
25,0.0,aligned,mi_class,13,0.15276068817187427,-0.45157400097648903,0.47272916666666664
25,0.0,aligned,mi_class,14,-0.13416674910796858,0.32028645000475153,0.47272916666666664
25,0.0,aligned,mi_class,15,-0.25244146801886,0.5617028029056353,0.47272916666666664
25,0.0,aligned,mi_class,16,-0.2671515360472114,0.9162221832058017,0.47272916666666664
25,0.0,aligned,mi_class,17,-0.20348378834484815,0.4709690570055174,0.47272916666666664
25,0.0,aligned,mi_class,18,0.13387425252160645,-0.4817480528193088,0.47272916666666664
25,0.0,aligned,mi_class,19,-0.06795128372519141,0.3046389769302284,0.47272916666666664
25,0.0,aligned,mi_class,20,-0.04724615452802833,0.33498014477499855,0.47272916666666664
25,0.0,aligned,mi_class,21,0.034844922505124165,-0.8711757478269547,0.47272916666666664
25,0.0,aligned,mi_class,22,0.12615546886383533,-0.42011861431329306,0.47272916666666664
25,0.0,aligned,mi_class,23,-0.17618735497390509,0.551199563215343,0.47272916666666664
25,0.0,aligned,mi_class,24,0.18093848197414958,-0.5043607757362649,0.47272916666666664
25,0.0,aligned,mi_class,25,0.006474595967993352,0.14978126763063973,0.47272916666666664
25,0.0,aligned,mi_class,26,-0.09208524515002833,0.2613395954788062,0.47272916666666664
25,0.0,aligned,mi_class,27,-0.009252898698130174,-0.44866507575104414,0.47272916666666664
25,0.0,aligned,mi_class,28,0.04182315201549147,-0.6056288278982145,0.47272916666666664
25,0.0,aligned,mi_class,29,-0.0020407687372846484,0.5483613177316872,0.47272916666666664
25,0.0,aligned,mi_class,30,-0.2203824801826879,0.4890919207223426,0.47272916666666664
25,0.0,aligned,mi_class,31,0.210580225845462,-0.6326680655238442,0.47272916666666664
25,0.0,aligned,mi_class,32,-0.18911856595233772,0.5820304852561815,0.47272916666666664
25,0.0,aligned,mi_class,33,0.018788230590572302,-0.17332780152604804,0.47272916666666664
25,0.0,aligned,mi_class,34,0.08908440499496559,-0.2931515642083229,0.47272916666666664
25,0.0,aligned,mi_class,35,-0.05519154567260659,0.522230548698311,0.47272916666666664
25,0.0,aligned,mi_class,36,-0.059748159679194,0.6961828927012118,0.47272916666666664
25,0.0,aligned,mi_class,37,0.0041031821651460465,-0.6342477565325064,0.47272916666666664
25,0.0,aligned,mi_class,38,0.08629233316426665,-0.7770660716337742,0.47272916666666664
25,0.0,aligned,mi_class,39,-0.05759622468637193,0.28082030186070117,0.47272916666666664
25,0.0,aligned,mi_class,40,0.09913006720821127,-0.5897117072188991,0.47272916666666664
25,0.0,aligned,mi_class,41,-0.001580226843716304,0.011143816631088951,0.47272916666666664
25,0.0,aligned,mi_class,42,-0.21638813582108596,0.9406779452055589,0.47272916666666664
25,0.0,aligned,mi_class,43,-0.16344919646532988,0.33661309475376744,0.47272916666666664
25,0.0,aligned,mi_class,44,0.22200105686448557,-0.7879517066550201,0.47272916666666664
25,0.0,aligned,mi_class,45,0.006308194163691994,-0.3629701204497189,0.47272916666666664
25,0.0,aligned,mi_class,46,-0.10264673129845087,0.4761254895656989,0.47272916666666664
25,0.0,aligned,mi_class,47,0.012338650393031572,0.07368321877986533,0.47272916666666664
25,0.0,aligned,mi_class,48,0.13592718636563272,-0.8263628572098025,0.47272916666666664
25,0.0,aligned,mi_class,49,0.1366787162491891,-0.4367540280853618,0.47272916666666664
25,0.0,aligned,mi_class,50,-0.16818264948755912,0.7462513736412254,0.47272916666666664
25,0.0,aligned,mi_class,51,-0.06898443223490142,0.27960558152008086,0.47272916666666664
25,0.0,aligned,mi_class,52,0.0007241242650709856,0.22898162933739755,0.47272916666666664
25,0.0,aligned,mi_class,53,-0.04924967613363421,0.29846518621518897,0.47272916666666664
25,0.0,aligned,mi_class,54,-0.25051087047673426,0.8284470741054853,0.47272916666666664
25,0.0,aligned,mi_class,55,0.12479409260232172,-0.5321333006181571,0.47272916666666664
25,0.0,aligned,mi_class,56,-0.1279020315167846,0.5467982488183845,0.47272916666666664
25,0.0,aligned,mi_class,57,0.13168593588334776,-0.6275068063418455,0.47272916666666664
25,0.0,aligned,mi_class,58,-0.08385413614864262,0.025292919594403836,0.47272916666666664
25,0.0,aligned,mi_class,59,-0.05801592159910296,0.5990236466697257,0.47272916666666664
25,0.0,aligned,mi_class,60,-0.0020143178364849133,0.009770310840644232,0.47272916666666664
25,0.0,aligned,mi_class,61,0.015367952442741965,-0.05325010444290764,0.47272916666666664
25,0.0,aligned,mi_class,62,-0.04484152112157047,0.19988384981575608,0.47272916666666664
25,0.0,aligned,mi_class,63,-0.05270644440726624,0.3597219856113785,0.47272916666666664
25,0.0,aligned,mi_class,64,0.04174398897239484,-0.8369812326537384,0.47272916666666664
25,0.0,aligned,mi_class,65,0.06511173511240909,-0.6426248155201937,0.47272916666666664
25,0.0,aligned,mi_site,0,0.022750330832019494,-0.4636744683510657,0.47272916666666664
25,0.0,aligned,mi_site,1,0.047781494703552474,-0.36755524151273833,0.47272916666666664
25,0.0,aligned,mi_site,2,-0.07098905644974957,0.4290824210222657,0.47272916666666664
25,0.0,aligned,mi_site,3,-0.05693511604209811,0.7630351484045055,0.47272916666666664
25,0.0,aligned,mi_site,4,0.006640657113078596,-0.6713432513815949,0.47272916666666664
25,0.0,aligned,mi_site,5,-0.017850952715062318,0.2441192348798765,0.47272916666666664
25,0.0,aligned,mi_site,6,0.02838123341627824,-0.5093679526831894,0.47272916666666664
25,0.0,aligned,mi_site,7,-0.03306238486612727,0.007350963379752307,0.47272916666666664
25,0.0,aligned,mi_site,8,-0.049579127421305214,0.8134519079509769,0.47272916666666664
25,0.0,aligned,mi_site,9,-0.07863262361747939,0.29347614939763766,0.47272916666666664
25,0.0,aligned,mi_site,10,0.05516966271451029,-0.6808808725516706,0.47272916666666664
25,0.0,aligned,mi_site,11,-0.00575302215188412,-0.031112973677092898,0.47272916666666664
25,0.0,aligned,mi_site,12,0.0008393846121482681,0.03400560555948438,0.47272916666666664
25,0.0,aligned,mi_site,13,0.017811391906638663,-0.45157400097648903,0.47272916666666664
25,0.0,aligned,mi_site,14,0.01898534255287304,0.32028645000475153,0.47272916666666664
25,0.0,aligned,mi_site,15,-0.021474714323289734,0.5617028029056353,0.47272916666666664
25,0.0,aligned,mi_site,16,-0.030558360300707132,0.9162221832058017,0.47272916666666664
25,0.0,aligned,mi_site,17,0.03407351825251015,0.4709690570055174,0.47272916666666664
25,0.0,aligned,mi_site,18,0.019150041219382463,-0.4817480528193088,0.47272916666666664
25,0.0,aligned,mi_site,19,-0.07781152383299453,0.3046389769302284,0.47272916666666664
25,0.0,aligned,mi_site,20,-0.01872853522882545,0.33498014477499855,0.47272916666666664
25,0.0,aligned,mi_site,21,0.040012552767257126,-0.8711757478269547,0.47272916666666664
25,0.0,aligned,mi_site,22,-0.00909943884871034,-0.42011861431329306,0.47272916666666664
25,0.0,aligned,mi_site,23,0.013673396322985032,0.551199563215343,0.47272916666666664
25,0.0,aligned,mi_site,24,-0.026557028407196537,-0.5043607757362649,0.47272916666666664
25,0.0,aligned,mi_site,25,0.0034510378004126707,0.14978126763063973,0.47272916666666664
25,0.0,aligned,mi_site,26,0.062024148195751805,0.2613395954788062,0.47272916666666664
25,0.0,aligned,mi_site,27,-0.00631339071313064,-0.44866507575104414,0.47272916666666664
25,0.0,aligned,mi_site,28,0.13635263977693074,-0.6056288278982145,0.47272916666666664
25,0.0,aligned,mi_site,29,-0.017706301532529833,0.5483613177316872,0.47272916666666664
25,0.0,aligned,mi_site,30,-0.042163997196669245,0.4890919207223426,0.47272916666666664
25,0.0,aligned,mi_site,31,0.03927367099866519,-0.6326680655238442,0.47272916666666664
25,0.0,aligned,mi_site,32,-0.048420712732499704,0.5820304852561815,0.47272916666666664
25,0.0,aligned,mi_site,33,0.007613730025096882,-0.17332780152604804,0.47272916666666664
25,0.0,aligned,mi_site,34,-0.014750373735698707,-0.2931515642083229,0.47272916666666664
25,0.0,aligned,mi_site,35,-0.05053416644293546,0.522230548698311,0.47272916666666664
25,0.0,aligned,mi_site,36,-0.20269508067553155,0.6961828927012118,0.47272916666666664
25,0.0,aligned,mi_site,37,0.0804835463497825,-0.6342477565325064,0.47272916666666664
25,0.0,aligned,mi_site,38,-0.02861089748186929,-0.7770660716337742,0.47272916666666664
25,0.0,aligned,mi_site,39,0.004174255236202684,0.28082030186070117,0.47272916666666664
25,0.0,aligned,mi_site,40,-0.020903030335470918,-0.5897117072188991,0.47272916666666664
25,0.0,aligned,mi_site,41,-0.0577651659624757,0.011143816631088951,0.47272916666666664
25,0.0,aligned,mi_site,42,-0.005446794523293885,0.9406779452055589,0.47272916666666664
25,0.0,aligned,mi_site,43,-0.07372515868016444,0.33661309475376744,0.47272916666666664
25,0.0,aligned,mi_site,44,0.011784461916715228,-0.7879517066550201,0.47272916666666664
25,0.0,aligned,mi_site,45,-0.017122391132290804,-0.3629701204497189,0.47272916666666664
25,0.0,aligned,mi_site,46,0.04495209212194007,0.4761254895656989,0.47272916666666664
25,0.0,aligned,mi_site,47,0.05150982762046688,0.07368321877986533,0.47272916666666664
25,0.0,aligned,mi_site,48,-0.04353568118455675,-0.8263628572098025,0.47272916666666664
25,0.0,aligned,mi_site,49,0.09582790686652781,-0.4367540280853618,0.47272916666666664
25,0.0,aligned,mi_site,50,-0.0015755899388225636,0.7462513736412254,0.47272916666666664
25,0.0,aligned,mi_site,51,-0.011311212546421257,0.27960558152008086,0.47272916666666664
25,0.0,aligned,mi_site,52,-0.01177479152166197,0.22898162933739755,0.47272916666666664
25,0.0,aligned,mi_site,53,0.018215230530290782,0.29846518621518897,0.47272916666666664
25,0.0,aligned,mi_site,54,-0.17062389583676763,0.8284470741054853,0.47272916666666664
25,0.0,aligned,mi_site,55,-0.0032341445667047886,-0.5321333006181571,0.47272916666666664
25,0.0,aligned,mi_site,56,0.03838544700729729,0.5467982488183845,0.47272916666666664
25,0.0,aligned,mi_site,57,-0.022790218434429188,-0.6275068063418455,0.47272916666666664
25,0.0,aligned,mi_site,58,-0.01491624847959825,0.025292919594403836,0.47272916666666664
25,0.0,aligned,mi_site,59,-0.0076716013381431525,0.5990236466697257,0.47272916666666664
25,0.0,aligned,mi_site,60,-0.07016357946771268,0.009770310840644232,0.47272916666666664
25,0.0,aligned,mi_site,61,0.0007960850425200519,-0.05325010444290764,0.47272916666666664
25,0.0,aligned,mi_site,62,0.047830177628265996,0.19988384981575608,0.47272916666666664
25,0.0,aligned,mi_site,63,-0.07632704997626377,0.3597219856113785,0.47272916666666664
25,0.0,aligned,mi_site,64,0.01876042304766956,-0.8369812326537384,0.47272916666666664
25,0.0,aligned,mi_site,65,0.14778798945003319,-0.6426248155201937,0.47272916666666664
25,0.0,closed,available,0,0.005128130206914772,-0.4636744683510657,0.47272916666666664
25,0.0,closed,available,1,0.004819215968058843,-0.36755524151273833,0.47272916666666664
25,0.0,closed,available,2,-0.00851335801040115,0.4290824210222657,0.47272916666666664
25,0.0,closed,available,3,0.0033505724122335767,0.7630351484045055,0.47272916666666664
25,0.0,closed,available,4,-0.0062457313973282025,-0.6713432513815949,0.47272916666666664
25,0.0,closed,available,5,0.009952915916723676,0.2441192348798765,0.47272916666666664
25,0.0,closed,available,6,0.019436671589097898,-0.5093679526831894,0.47272916666666664
25,0.0,closed,available,7,0.034390608007002596,0.007350963379752307,0.47272916666666664
25,0.0,closed,available,8,0.0004062494563257246,0.8134519079509769,0.47272916666666664
25,0.0,closed,available,9,0.005310236561830106,0.29347614939763766,0.47272916666666664
25,0.0,closed,available,10,0.0019721532143494036,-0.6808808725516706,0.47272916666666664
25,0.0,closed,available,11,-0.01674973795040175,-0.031112973677092898,0.47272916666666664
25,0.0,closed,available,12,-0.006216169156508761,0.03400560555948438,0.47272916666666664
25,0.0,closed,available,13,0.013131146223197887,-0.45157400097648903,0.47272916666666664
25,0.0,closed,available,14,-0.0051574339858535545,0.32028645000475153,0.47272916666666664
25,0.0,closed,available,15,0.007439937664291851,0.5617028029056353,0.47272916666666664
25,0.0,closed,available,16,0.0015803295793543892,0.9162221832058017,0.47272916666666664
25,0.0,closed,available,17,0.0011358214191201643,0.4709690570055174,0.47272916666666664
25,0.0,closed,available,18,0.0027292776323302737,-0.4817480528193088,0.47272916666666664
25,0.0,closed,available,19,-0.006123994166411073,0.3046389769302284,0.47272916666666664
25,0.0,closed,available,20,-0.0006697594912001281,0.33498014477499855,0.47272916666666664
25,0.0,closed,available,21,0.001483840139932524,-0.8711757478269547,0.47272916666666664
25,0.0,closed,available,22,-0.015440778647392128,-0.42011861431329306,0.47272916666666664
25,0.0,closed,available,23,-0.005256840255968065,0.551199563215343,0.47272916666666664
25,0.0,closed,available,24,-0.018053846931808337,-0.5043607757362649,0.47272916666666664
25,0.0,closed,available,25,-0.005250433229766649,0.14978126763063973,0.47272916666666664
25,0.0,closed,available,26,-0.02264923894250928,0.2613395954788062,0.47272916666666664
25,0.0,closed,available,27,-0.005128572761694428,-0.44866507575104414,0.47272916666666664
25,0.0,closed,available,28,-0.00929751778882515,-0.6056288278982145,0.47272916666666664
25,0.0,closed,available,29,0.006967528434896231,0.5483613177316872,0.47272916666666664
25,0.0,closed,available,30,0.005071749446403373,0.4890919207223426,0.47272916666666664
25,0.0,closed,available,31,-0.002598969364135284,-0.6326680655238442,0.47272916666666664
25,0.0,closed,available,32,-0.0036728224072765103,0.5820304852561815,0.47272916666666664
25,0.0,closed,available,33,0.005565933638404602,-0.17332780152604804,0.47272916666666664
25,0.0,closed,available,34,0.005002200614345087,-0.2931515642083229,0.47272916666666664
25,0.0,closed,available,35,-0.014287522470617597,0.522230548698311,0.47272916666666664
25,0.0,closed,available,36,-0.0024565237185006916,0.6961828927012118,0.47272916666666664
25,0.0,closed,available,37,0.002104068618649535,-0.6342477565325064,0.47272916666666664
25,0.0,closed,available,38,-0.0030721603327373836,-0.7770660716337742,0.47272916666666664
25,0.0,closed,available,39,0.016036862150647757,0.28082030186070117,0.47272916666666664
25,0.0,closed,available,40,0.010255670370201475,-0.5897117072188991,0.47272916666666664
25,0.0,closed,available,41,0.027866695195036144,0.011143816631088951,0.47272916666666664
25,0.0,closed,available,42,0.0015061380931400414,0.9406779452055589,0.47272916666666664
25,0.0,closed,available,43,0.02183856612716617,0.33661309475376744,0.47272916666666664
25,0.0,closed,available,44,-0.0023367403093818018,-0.7879517066550201,0.47272916666666664
25,0.0,closed,available,45,-0.0070070928600886595,-0.3629701204497189,0.47272916666666664
25,0.0,closed,available,46,-0.006314688833616355,0.4761254895656989,0.47272916666666664
25,0.0,closed,available,47,-0.02396104783963779,0.07368321877986533,0.47272916666666664
25,0.0,closed,available,48,-0.004015894489251326,-0.8263628572098025,0.47272916666666664
25,0.0,closed,available,49,-0.015440517425122036,-0.4367540280853618,0.47272916666666664
25,0.0,closed,available,50,0.005906324066371149,0.7462513736412254,0.47272916666666664
25,0.0,closed,available,51,0.004009009441525935,0.27960558152008086,0.47272916666666664
25,0.0,closed,available,52,0.018235198464686936,0.22898162933739755,0.47272916666666664
25,0.0,closed,available,53,0.03488233801277374,0.29846518621518897,0.47272916666666664
25,0.0,closed,available,54,-0.004329797923996903,0.8284470741054853,0.47272916666666664
25,0.0,closed,available,55,-0.005663398105152706,-0.5321333006181571,0.47272916666666664
25,0.0,closed,available,56,-0.003959638540437682,0.5467982488183845,0.47272916666666664
25,0.0,closed,available,57,0.014924969173574665,-0.6275068063418455,0.47272916666666664
25,0.0,closed,available,58,-0.005002405341246869,0.025292919594403836,0.47272916666666664
25,0.0,closed,available,59,-0.006713430487164773,0.5990236466697257,0.47272916666666664
25,0.0,closed,available,60,0.03631268723600591,0.009770310840644232,0.47272916666666664
25,0.0,closed,available,61,0.0057492212885307745,-0.05325010444290764,0.47272916666666664
25,0.0,closed,available,62,-0.019799269903179262,0.19988384981575608,0.47272916666666664
25,0.0,closed,available,63,0.004036497502479641,0.3597219856113785,0.47272916666666664
25,0.0,closed,available,64,-0.0008073095926708351,-0.8369812326537384,0.47272916666666664
25,0.0,closed,available,65,-0.008803387917274974,-0.6426248155201937,0.47272916666666664
25,0.0,closed,mi_obs,0,-0.01097569888386013,-0.4636744683510657,0.47272916666666664
25,0.0,closed,mi_obs,1,-0.035392376109337265,-0.36755524151273833,0.47272916666666664
25,0.0,closed,mi_obs,2,0.013098201654851482,0.4290824210222657,0.47272916666666664
25,0.0,closed,mi_obs,3,0.04840730959145456,0.7630351484045055,0.47272916666666664
25,0.0,closed,mi_obs,4,-0.07048491452990857,-0.6713432513815949,0.47272916666666664
25,0.0,closed,mi_obs,5,0.015972457554952385,0.2441192348798765,0.47272916666666664
25,0.0,closed,mi_obs,6,-0.01661791444852434,-0.5093679526831894,0.47272916666666664
25,0.0,closed,mi_obs,7,-0.0027976168832176355,0.007350963379752307,0.47272916666666664
25,0.0,closed,mi_obs,8,0.044874434331395596,0.8134519079509769,0.47272916666666664
25,0.0,closed,mi_obs,9,0.01622035149470652,0.29347614939763766,0.47272916666666664
25,0.0,closed,mi_obs,10,-0.02240251644834912,-0.6808808725516706,0.47272916666666664
25,0.0,closed,mi_obs,11,-0.011273781520383025,-0.031112973677092898,0.47272916666666664
25,0.0,closed,mi_obs,12,0.007531520049970507,0.03400560555948438,0.47272916666666664
25,0.0,closed,mi_obs,13,-0.008011186266886683,-0.45157400097648903,0.47272916666666664
25,0.0,closed,mi_obs,14,0.015573254031630235,0.32028645000475153,0.47272916666666664
25,0.0,closed,mi_obs,15,0.005075526627685956,0.5617028029056353,0.47272916666666664
25,0.0,closed,mi_obs,16,0.007119752658514389,0.9162221832058017,0.47272916666666664
25,0.0,closed,mi_obs,17,0.03328297589485463,0.4709690570055174,0.47272916666666664
25,0.0,closed,mi_obs,18,-0.010097862085679199,-0.4817480528193088,0.47272916666666664
25,0.0,closed,mi_obs,19,0.00046638999390763436,0.3046389769302284,0.47272916666666664
25,0.0,closed,mi_obs,20,-0.006908859153873237,0.33498014477499855,0.47272916666666664
25,0.0,closed,mi_obs,21,-0.06159942499369986,-0.8711757478269547,0.47272916666666664
25,0.0,closed,mi_obs,22,-0.05573353846421025,-0.42011861431329306,0.47272916666666664
25,0.0,closed,mi_obs,23,0.0801969869038347,0.551199563215343,0.47272916666666664
25,0.0,closed,mi_obs,24,-0.03965340834490805,-0.5043607757362649,0.47272916666666664
25,0.0,closed,mi_obs,25,0.0148005391087348,0.14978126763063973,0.47272916666666664
25,0.0,closed,mi_obs,26,0.07097684928217268,0.2613395954788062,0.47272916666666664
25,0.0,closed,mi_obs,27,-0.021865942090201207,-0.44866507575104414,0.47272916666666664
25,0.0,closed,mi_obs,28,-0.04268716703629194,-0.6056288278982145,0.47272916666666664
25,0.0,closed,mi_obs,29,0.03364556943223529,0.5483613177316872,0.47272916666666664
25,0.0,closed,mi_obs,30,0.03811111567747277,0.4890919207223426,0.47272916666666664
25,0.0,closed,mi_obs,31,-0.09480622229011482,-0.6326680655238442,0.47272916666666664
25,0.0,closed,mi_obs,32,0.03697226581038515,0.5820304852561815,0.47272916666666664
25,0.0,closed,mi_obs,33,-0.006003409176898872,-0.17332780152604804,0.47272916666666664
25,0.0,closed,mi_obs,34,-0.039094377075101105,-0.2931515642083229,0.47272916666666664
25,0.0,closed,mi_obs,35,0.020395414585669958,0.522230548698311,0.47272916666666664
25,0.0,closed,mi_obs,36,0.0576940968477927,0.6961828927012118,0.47272916666666664
25,0.0,closed,mi_obs,37,-0.036589560585563285,-0.6342477565325064,0.47272916666666664
25,0.0,closed,mi_obs,38,-0.06685632856580692,-0.7770660716337742,0.47272916666666664
25,0.0,closed,mi_obs,39,0.019072402535899036,0.28082030186070117,0.47272916666666664
25,0.0,closed,mi_obs,40,-0.02054947539564378,-0.5897117072188991,0.47272916666666664
25,0.0,closed,mi_obs,41,-0.014489649540720744,0.011143816631088951,0.47272916666666664
25,0.0,closed,mi_obs,42,0.03178504597824483,0.9406779452055589,0.47272916666666664
25,0.0,closed,mi_obs,43,0.011612560779433234,0.33661309475376744,0.47272916666666664
25,0.0,closed,mi_obs,44,-0.02093684097976256,-0.7879517066550201,0.47272916666666664
25,0.0,closed,mi_obs,45,-0.03580329474508542,-0.3629701204497189,0.47272916666666664
25,0.0,closed,mi_obs,46,0.032763747579699576,0.4761254895656989,0.47272916666666664
25,0.0,closed,mi_obs,47,0.034154635265462974,0.07368321877986533,0.47272916666666664
25,0.0,closed,mi_obs,48,-0.05475727489509308,-0.8263628572098025,0.47272916666666664
25,0.0,closed,mi_obs,49,-0.037793690181136874,-0.4367540280853618,0.47272916666666664
25,0.0,closed,mi_obs,50,0.05068099614300481,0.7462513736412254,0.47272916666666664
25,0.0,closed,mi_obs,51,-0.0011417748425688878,0.27960558152008086,0.47272916666666664
25,0.0,closed,mi_obs,52,0.0024168664254725636,0.22898162933739755,0.47272916666666664
25,0.0,closed,mi_obs,53,0.004317477066415332,0.29846518621518897,0.47272916666666664
25,0.0,closed,mi_obs,54,0.03787502003870691,0.8284470741054853,0.47272916666666664
25,0.0,closed,mi_obs,55,-0.021820579931383866,-0.5321333006181571,0.47272916666666664
25,0.0,closed,mi_obs,56,0.025060967037256243,0.5467982488183845,0.47272916666666664
25,0.0,closed,mi_obs,57,-0.018113711436044233,-0.6275068063418455,0.47272916666666664
25,0.0,closed,mi_obs,58,-0.018338339023478936,0.025292919594403836,0.47272916666666664
25,0.0,closed,mi_obs,59,0.004192659041849511,0.5990236466697257,0.47272916666666664
25,0.0,closed,mi_obs,60,-0.018989370980632275,0.009770310840644232,0.47272916666666664
25,0.0,closed,mi_obs,61,-0.044033023278210494,-0.05325010444290764,0.47272916666666664
25,0.0,closed,mi_obs,62,0.03250586602726813,0.19988384981575608,0.47272916666666664
25,0.0,closed,mi_obs,63,-0.0033349593790668597,0.3597219856113785,0.47272916666666664
25,0.0,closed,mi_obs,64,-0.007479300393673727,-0.8369812326537384,0.47272916666666664
25,0.0,closed,mi_obs,65,-0.025316502194567825,-0.6426248155201937,0.47272916666666664
25,0.0,closed,mi_class,0,0.17080441365082794,-0.4636744683510657,0.47272916666666664
25,0.0,closed,mi_class,1,0.022249095283715048,-0.36755524151273833,0.47272916666666664
25,0.0,closed,mi_class,2,-0.10619548026129533,0.4290824210222657,0.47272916666666664
25,0.0,closed,mi_class,3,-0.3125016478314384,0.7630351484045055,0.47272916666666664
25,0.0,closed,mi_class,4,0.2581132255965609,-0.6713432513815949,0.47272916666666664
25,0.0,closed,mi_class,5,-0.010416423501797195,0.2441192348798765,0.47272916666666664
25,0.0,closed,mi_class,6,0.16842606168122742,-0.5093679526831894,0.47272916666666664
25,0.0,closed,mi_class,7,0.06182487024396343,0.007350963379752307,0.47272916666666664
25,0.0,closed,mi_class,8,-0.19382301416139514,0.8134519079509769,0.47272916666666664
25,0.0,closed,mi_class,9,-0.08893747722060796,0.29347614939763766,0.47272916666666664
25,0.0,closed,mi_class,10,0.12288092763370062,-0.6808808725516706,0.47272916666666664
25,0.0,closed,mi_class,11,-0.0028807748785389872,-0.031112973677092898,0.47272916666666664
25,0.0,closed,mi_class,12,-0.029082138389039683,0.03400560555948438,0.47272916666666664
25,0.0,closed,mi_class,13,0.13843812372899056,-0.45157400097648903,0.47272916666666664
25,0.0,closed,mi_class,14,-0.11900074098725208,0.32028645000475153,0.47272916666666664
25,0.0,closed,mi_class,15,-0.1769498466058067,0.5617028029056353,0.47272916666666664
25,0.0,closed,mi_class,16,-0.15755262132399495,0.9162221832058017,0.47272916666666664
25,0.0,closed,mi_class,17,-0.1515545598753258,0.4709690570055174,0.47272916666666664
25,0.0,closed,mi_class,18,0.05024847287695211,-0.4817480528193088,0.47272916666666664
25,0.0,closed,mi_class,19,-0.08759634897902308,0.3046389769302284,0.47272916666666664
25,0.0,closed,mi_class,20,-0.009058779020746754,0.33498014477499855,0.47272916666666664
25,0.0,closed,mi_class,21,0.04188924437861974,-0.8711757478269547,0.47272916666666664
25,0.0,closed,mi_class,22,0.07972976929939757,-0.42011861431329306,0.47272916666666664
25,0.0,closed,mi_class,23,-0.1481512726660914,0.551199563215343,0.47272916666666664
25,0.0,closed,mi_class,24,0.11819262574369455,-0.5043607757362649,0.47272916666666664
25,0.0,closed,mi_class,25,0.00654079365891555,0.14978126763063973,0.47272916666666664
25,0.0,closed,mi_class,26,-0.13218917501820437,0.2613395954788062,0.47272916666666664
25,0.0,closed,mi_class,27,-0.015491576730244816,-0.44866507575104414,0.47272916666666664
25,0.0,closed,mi_class,28,0.07855209791494944,-0.6056288278982145,0.47272916666666664
25,0.0,closed,mi_class,29,0.04790719756571982,0.5483613177316872,0.47272916666666664
25,0.0,closed,mi_class,30,-0.1402133553115626,0.4890919207223426,0.47272916666666664
25,0.0,closed,mi_class,31,0.20041163398864825,-0.6326680655238442,0.47272916666666664
25,0.0,closed,mi_class,32,-0.1867010673748235,0.5820304852561815,0.47272916666666664
25,0.0,closed,mi_class,33,0.008228010451771656,-0.17332780152604804,0.47272916666666664
25,0.0,closed,mi_class,34,0.10718277353510697,-0.2931515642083229,0.47272916666666664
25,0.0,closed,mi_class,35,-0.03503730782813852,0.522230548698311,0.47272916666666664
25,0.0,closed,mi_class,36,-0.18136909859352823,0.6961828927012118,0.47272916666666664
25,0.0,closed,mi_class,37,0.007169775274522117,-0.6342477565325064,0.47272916666666664
25,0.0,closed,mi_class,38,-0.007480215083921049,-0.7770660716337742,0.47272916666666664
25,0.0,closed,mi_class,39,0.011231324735177517,0.28082030186070117,0.47272916666666664
25,0.0,closed,mi_class,40,0.15394088307187465,-0.5897117072188991,0.47272916666666664
25,0.0,closed,mi_class,41,0.019822746361645882,0.011143816631088951,0.47272916666666664
25,0.0,closed,mi_class,42,-0.14682724068287012,0.9406779452055589,0.47272916666666664
25,0.0,closed,mi_class,43,-0.1365730352888027,0.33661309475376744,0.47272916666666664
25,0.0,closed,mi_class,44,0.16699983267926954,-0.7879517066550201,0.47272916666666664
25,0.0,closed,mi_class,45,-0.014580583324881935,-0.3629701204497189,0.47272916666666664
25,0.0,closed,mi_class,46,-0.13698701406317276,0.4761254895656989,0.47272916666666664
25,0.0,closed,mi_class,47,-0.04440685059794708,0.07368321877986533,0.47272916666666664
25,0.0,closed,mi_class,48,0.13516418258531904,-0.8263628572098025,0.47272916666666664
25,0.0,closed,mi_class,49,0.18261045714920054,-0.4367540280853618,0.47272916666666664
25,0.0,closed,mi_class,50,-0.17323911239855705,0.7462513736412254,0.47272916666666664
25,0.0,closed,mi_class,51,-0.06951042206695107,0.27960558152008086,0.47272916666666664
25,0.0,closed,mi_class,52,0.015349246566131153,0.22898162933739755,0.47272916666666664
25,0.0,closed,mi_class,53,-0.04428083844133546,0.29846518621518897,0.47272916666666664
25,0.0,closed,mi_class,54,-0.36125426270731714,0.8284470741054853,0.47272916666666664
25,0.0,closed,mi_class,55,0.12084991032565012,-0.5321333006181571,0.47272916666666664
25,0.0,closed,mi_class,56,-0.14119648874987895,0.5467982488183845,0.47272916666666664
25,0.0,closed,mi_class,57,0.14118406100237318,-0.6275068063418455,0.47272916666666664
25,0.0,closed,mi_class,58,-0.014994543579150662,0.025292919594403836,0.47272916666666664
25,0.0,closed,mi_class,59,-0.0721809939536433,0.5990236466697257,0.47272916666666664
25,0.0,closed,mi_class,60,0.019041301508781038,0.009770310840644232,0.47272916666666664
25,0.0,closed,mi_class,61,0.027208977143595534,-0.05325010444290764,0.47272916666666664
25,0.0,closed,mi_class,62,-0.05666774203448341,0.19988384981575608,0.47272916666666664
25,0.0,closed,mi_class,63,-0.10266610596481901,0.3597219856113785,0.47272916666666664
25,0.0,closed,mi_class,64,0.0422913947760194,-0.8369812326537384,0.47272916666666664
25,0.0,closed,mi_class,65,0.16524076940461208,-0.6426248155201937,0.47272916666666664
25,0.0,closed,mi_site,0,-0.009664393409088923,-0.4636744683510657,0.47272916666666664
25,0.0,closed,mi_site,1,-0.0246174939545592,-0.36755524151273833,0.47272916666666664
25,0.0,closed,mi_site,2,0.0036614984010857055,0.4290824210222657,0.47272916666666664
25,0.0,closed,mi_site,3,0.044203187574305636,0.7630351484045055,0.47272916666666664
25,0.0,closed,mi_site,4,-0.06026835506172212,-0.6713432513815949,0.47272916666666664
25,0.0,closed,mi_site,5,0.014563862046838544,0.2441192348798765,0.47272916666666664
25,0.0,closed,mi_site,6,-0.016301952856100366,-0.5093679526831894,0.47272916666666664
25,0.0,closed,mi_site,7,-0.0015305581839240197,0.007350963379752307,0.47272916666666664
25,0.0,closed,mi_site,8,0.037648651270307476,0.8134519079509769,0.47272916666666664
25,0.0,closed,mi_site,9,0.011452590174699684,0.29347614939763766,0.47272916666666664
25,0.0,closed,mi_site,10,-0.018399018579576265,-0.6808808725516706,0.47272916666666664
25,0.0,closed,mi_site,11,-0.015836033624496454,-0.031112973677092898,0.47272916666666664
25,0.0,closed,mi_site,12,0.0014016123058234534,0.03400560555948438,0.47272916666666664
25,0.0,closed,mi_site,13,-0.009350385116304927,-0.45157400097648903,0.47272916666666664
25,0.0,closed,mi_site,14,0.015247728164523244,0.32028645000475153,0.47272916666666664
25,0.0,closed,mi_site,15,0.004151500767984206,0.5617028029056353,0.47272916666666664
25,0.0,closed,mi_site,16,0.007537505607129957,0.9162221832058017,0.47272916666666664
25,0.0,closed,mi_site,17,0.032039870266665216,0.4709690570055174,0.47272916666666664
25,0.0,closed,mi_site,18,-0.011745887797604493,-0.4817480528193088,0.47272916666666664
25,0.0,closed,mi_site,19,-0.0014685555639901704,0.3046389769302284,0.47272916666666664
25,0.0,closed,mi_site,20,-0.005953261897584883,0.33498014477499855,0.47272916666666664
25,0.0,closed,mi_site,21,-0.04347780532539136,-0.8711757478269547,0.47272916666666664
25,0.0,closed,mi_site,22,-0.04586475640990767,-0.42011861431329306,0.47272916666666664
25,0.0,closed,mi_site,23,0.0696319830383948,0.551199563215343,0.47272916666666664
25,0.0,closed,mi_site,24,-0.04129961611387811,-0.5043607757362649,0.47272916666666664
25,0.0,closed,mi_site,25,0.0046252937814770245,0.14978126763063973,0.47272916666666664
25,0.0,closed,mi_site,26,0.05567555044460082,0.2613395954788062,0.47272916666666664
25,0.0,closed,mi_site,27,-0.018687406368429693,-0.44866507575104414,0.47272916666666664
25,0.0,closed,mi_site,28,-0.03911269928597583,-0.6056288278982145,0.47272916666666664
25,0.0,closed,mi_site,29,0.03123412603856368,0.5483613177316872,0.47272916666666664
25,0.0,closed,mi_site,30,0.02942905084645636,0.4890919207223426,0.47272916666666664
25,0.0,closed,mi_site,31,-0.07131080254559241,-0.6326680655238442,0.47272916666666664
25,0.0,closed,mi_site,32,0.030548280553101326,0.5820304852561815,0.47272916666666664
25,0.0,closed,mi_site,33,-0.011712526942347756,-0.17332780152604804,0.47272916666666664
25,0.0,closed,mi_site,34,-0.04478091629855707,-0.2931515642083229,0.47272916666666664
25,0.0,closed,mi_site,35,0.011719713732344483,0.522230548698311,0.47272916666666664
25,0.0,closed,mi_site,36,0.05165933647355003,0.6961828927012118,0.47272916666666664
25,0.0,closed,mi_site,37,-0.034283569344184306,-0.6342477565325064,0.47272916666666664
25,0.0,closed,mi_site,38,-0.06118684894770987,-0.7770660716337742,0.47272916666666664
25,0.0,closed,mi_site,39,0.017229559877427636,0.28082030186070117,0.47272916666666664
25,0.0,closed,mi_site,40,-0.019402281566391122,-0.5897117072188991,0.47272916666666664
25,0.0,closed,mi_site,41,-0.016315470124822942,0.011143816631088951,0.47272916666666664
25,0.0,closed,mi_site,42,0.028526898139236923,0.9406779452055589,0.47272916666666664
25,0.0,closed,mi_site,43,0.007608093228829826,0.33661309475376744,0.47272916666666664
25,0.0,closed,mi_site,44,-0.01890099587600136,-0.7879517066550201,0.47272916666666664
25,0.0,closed,mi_site,45,-0.03177881857104786,-0.3629701204497189,0.47272916666666664
25,0.0,closed,mi_site,46,0.03004540549580692,0.4761254895656989,0.47272916666666664
25,0.0,closed,mi_site,47,0.02785618475060382,0.07368321877986533,0.47272916666666664
25,0.0,closed,mi_site,48,-0.04932997354694435,-0.8263628572098025,0.47272916666666664
25,0.0,closed,mi_site,49,-0.03248515008000602,-0.4367540280853618,0.47272916666666664
25,0.0,closed,mi_site,50,0.04513577722342088,0.7462513736412254,0.47272916666666664
25,0.0,closed,mi_site,51,0.0010359538048915207,0.27960558152008086,0.47272916666666664
25,0.0,closed,mi_site,52,0.0067575396669316,0.22898162933739755,0.47272916666666664
25,0.0,closed,mi_site,53,0.004084826433909505,0.29846518621518897,0.47272916666666664
25,0.0,closed,mi_site,54,0.031665323142682666,0.8284470741054853,0.47272916666666664
25,0.0,closed,mi_site,55,-0.020600679229700214,-0.5321333006181571,0.47272916666666664
25,0.0,closed,mi_site,56,0.0229440587717199,0.5467982488183845,0.47272916666666664
25,0.0,closed,mi_site,57,-0.017269091930855573,-0.6275068063418455,0.47272916666666664
25,0.0,closed,mi_site,58,-0.015011333001628158,0.025292919594403836,0.47272916666666664
25,0.0,closed,mi_site,59,0.002322988850494756,0.5990236466697257,0.47272916666666664
25,0.0,closed,mi_site,60,-0.021147107240524956,0.009770310840644232,0.47272916666666664
25,0.0,closed,mi_site,61,-0.03955361245302231,-0.05325010444290764,0.47272916666666664
25,0.0,closed,mi_site,62,0.02831817716791299,0.19988384981575608,0.47272916666666664
25,0.0,closed,mi_site,63,-0.0028350315832564865,0.3597219856113785,0.47272916666666664
25,0.0,closed,mi_site,64,-0.006164078813540863,-0.8369812326537384,0.47272916666666664
25,0.0,closed,mi_site,65,-0.022089377407296107,-0.6426248155201937,0.47272916666666664
25,1.0,aligned,available,0,-0.0013936143588583194,-0.46667786278748596,0.47272916666666664
25,1.0,aligned,available,1,-0.0008949179533596641,-0.36873932850132907,0.47272916666666664
25,1.0,aligned,available,2,-0.005460598025581409,0.42861845866609927,0.47272916666666664
25,1.0,aligned,available,3,0.0002868407492435665,0.7637162268763182,0.47272916666666664
25,1.0,aligned,available,4,-0.009623584823566178,-0.6713400590687587,0.47272916666666664
25,1.0,aligned,available,5,0.0014125257022936655,0.24740068686092095,0.47272916666666664
25,1.0,aligned,available,6,-0.00440440993286062,-0.5125519168501814,0.47272916666666664
25,1.0,aligned,available,7,0.0041439771407445845,0.009529084883145371,0.47272916666666664
25,1.0,aligned,available,8,-0.00026445755784509917,0.8130332298322327,0.47272916666666664
25,1.0,aligned,available,9,-0.012281258810452833,0.29613978257435575,0.47272916666666664
25,1.0,aligned,available,10,-5.797861054457343e-05,-0.683356550247439,0.47272916666666664
25,1.0,aligned,available,11,0.01375793115847258,-0.034145902542802455,0.47272916666666664
25,1.0,aligned,available,12,0.03162952080788136,0.03732411074945328,0.47272916666666664
25,1.0,aligned,available,13,-0.006325463064688286,-0.45569765636325127,0.47272916666666664
25,1.0,aligned,available,14,0.012567453108973059,0.32182824362106593,0.47272916666666664
25,1.0,aligned,available,15,-0.0065559462828485016,0.5574450900387133,0.47272916666666664
25,1.0,aligned,available,16,-0.0009006959054227437,0.9161272324511118,0.47272916666666664
25,1.0,aligned,available,17,-0.0014587516055979965,0.46077844537825335,0.47272916666666664
25,1.0,aligned,available,18,-0.006577618130660989,-0.48542801890856363,0.47272916666666664
25,1.0,aligned,available,19,0.0062948018516936766,0.30305923229602505,0.47272916666666664
25,1.0,aligned,available,20,-0.002380740685642091,0.3375880382920389,0.47272916666666664
25,1.0,aligned,available,21,-0.005806182985976904,-0.8746527202648787,0.47272916666666664
25,1.0,aligned,available,22,-0.024519334481563404,-0.42067151589543916,0.47272916666666664
25,1.0,aligned,available,23,0.0052957318548412236,0.550839238560314,0.47272916666666664
25,1.0,aligned,available,24,-0.013511430919565748,-0.5122496828483706,0.47272916666666664
25,1.0,aligned,available,25,0.016629599775221715,0.14932658992830541,0.47272916666666664
25,1.0,aligned,available,26,0.007740202471802848,0.2667908559456348,0.47272916666666664
25,1.0,aligned,available,27,-0.019173705928169138,-0.44814770653803737,0.47272916666666664
25,1.0,aligned,available,28,0.0019226050650945625,-0.6134680121734694,0.47272916666666664
25,1.0,aligned,available,29,0.0033875374807572634,0.5517697624761609,0.47272916666666664
25,1.0,aligned,available,30,0.023141737841918752,0.48765823362753835,0.47272916666666664
25,1.0,aligned,available,31,0.002425604267998982,-0.6301969511018498,0.47272916666666664
25,1.0,aligned,available,32,0.02485709899159072,0.5886812366507802,0.47272916666666664
25,1.0,aligned,available,33,-0.01531640675868623,-0.17213374583220908,0.47272916666666664
25,1.0,aligned,available,34,-0.013824844303267358,-0.29831045021422226,0.47272916666666664
25,1.0,aligned,available,35,0.003094676667083962,0.5194232684570422,0.47272916666666664
25,1.0,aligned,available,36,0.0058933806634736685,0.7023588313646962,0.47272916666666664
25,1.0,aligned,available,37,0.004596532072054571,-0.6355522073220117,0.47272916666666664
25,1.0,aligned,available,38,-0.00685330550919816,-0.7786302085414789,0.47272916666666664
25,1.0,aligned,available,39,0.002095166158501416,0.2838882370091095,0.47272916666666664
25,1.0,aligned,available,40,-0.006858906821973543,-0.5951281239900039,0.47272916666666664
25,1.0,aligned,available,41,-0.001907802514455945,0.013862180497380939,0.47272916666666664
25,1.0,aligned,available,42,0.0009483689100187043,0.9423453462998945,0.47272916666666664
25,1.0,aligned,available,43,-0.009045814775636873,0.33919989290128116,0.47272916666666664
25,1.0,aligned,available,44,-0.003441415534547576,-0.7919157239778823,0.47272916666666664
25,1.0,aligned,available,45,0.0017869824994219963,-0.3666997473481324,0.47272916666666664
25,1.0,aligned,available,46,0.013303383495453402,0.47910367534832715,0.47272916666666664
25,1.0,aligned,available,47,0.005092841284545041,0.07231054885437023,0.47272916666666664
25,1.0,aligned,available,48,-0.013457093809974063,-0.826332976014617,0.47272916666666664
25,1.0,aligned,available,49,0.00880164726463234,-0.43951811606072505,0.47272916666666664
25,1.0,aligned,available,50,0.006676355204805695,0.7487512460419709,0.47272916666666664
25,1.0,aligned,available,51,-0.008489895902591471,0.274267420240348,0.47272916666666664
25,1.0,aligned,available,52,-0.0017538891214546604,0.2206113754934444,0.47272916666666664
25,1.0,aligned,available,53,0.001520259250709144,0.301026174677927,0.47272916666666664
25,1.0,aligned,available,54,0.0013410059260282603,0.830671321268253,0.47272916666666664
25,1.0,aligned,available,55,-0.004766671861526461,-0.5347751567898608,0.47272916666666664
25,1.0,aligned,available,56,0.0009080809659716138,0.5375733982426537,0.47272916666666664
25,1.0,aligned,available,57,-0.012299627730372298,-0.6321884437003232,0.47272916666666664
25,1.0,aligned,available,58,0.008056798280235564,0.022614196577200894,0.47272916666666664
25,1.0,aligned,available,59,0.002661286087308423,0.6018569990006665,0.47272916666666664
25,1.0,aligned,available,60,-0.030169034911084247,0.012803551467432115,0.47272916666666664
25,1.0,aligned,available,61,-0.005829980037110681,-0.060273940133445565,0.47272916666666664
25,1.0,aligned,available,62,-0.0013886902203917861,0.19795990634263896,0.47272916666666664
25,1.0,aligned,available,63,-0.010862213610211002,0.361585747095155,0.47272916666666664
25,1.0,aligned,available,64,-0.0021668460338899465,-0.8396431760838093,0.47272916666666664
25,1.0,aligned,available,65,0.010913846969585528,-0.6438932541363624,0.47272916666666664
25,1.0,aligned,mi_obs,0,-0.019730345107223823,-0.46667786278748596,0.47272916666666664
25,1.0,aligned,mi_obs,1,-0.010962014526948727,-0.36873932850132907,0.47272916666666664
25,1.0,aligned,mi_obs,2,0.0561237092978939,0.42861845866609927,0.47272916666666664
25,1.0,aligned,mi_obs,3,0.04982713789070392,0.7637162268763182,0.47272916666666664
25,1.0,aligned,mi_obs,4,-0.06687845714559182,-0.6713400590687587,0.47272916666666664
25,1.0,aligned,mi_obs,5,0.013574658079329477,0.24740068686092095,0.47272916666666664
25,1.0,aligned,mi_obs,6,-0.02670468531770187,-0.5125519168501814,0.47272916666666664
25,1.0,aligned,mi_obs,7,-0.007860261851222912,0.009529084883145371,0.47272916666666664
25,1.0,aligned,mi_obs,8,0.03633407827971924,0.8130332298322327,0.47272916666666664
25,1.0,aligned,mi_obs,9,-0.009495003099288302,0.29613978257435575,0.47272916666666664
25,1.0,aligned,mi_obs,10,-0.020641178178154918,-0.683356550247439,0.47272916666666664
25,1.0,aligned,mi_obs,11,-0.0031495199076910646,-0.034145902542802455,0.47272916666666664
25,1.0,aligned,mi_obs,12,0.006250611985520939,0.03732411074945328,0.47272916666666664
25,1.0,aligned,mi_obs,13,-0.014935492113194782,-0.45569765636325127,0.47272916666666664
25,1.0,aligned,mi_obs,14,0.02927739550404107,0.32182824362106593,0.47272916666666664
25,1.0,aligned,mi_obs,15,-0.002116173285863998,0.5574450900387133,0.47272916666666664
25,1.0,aligned,mi_obs,16,0.0072140793785023805,0.9161272324511118,0.47272916666666664
25,1.0,aligned,mi_obs,17,0.034936045967077944,0.46077844537825335,0.47272916666666664
25,1.0,aligned,mi_obs,18,-0.007810646763310114,-0.48542801890856363,0.47272916666666664
25,1.0,aligned,mi_obs,19,0.018876799977066205,0.30305923229602505,0.47272916666666664
25,1.0,aligned,mi_obs,20,-0.0022907868259605113,0.3375880382920389,0.47272916666666664
25,1.0,aligned,mi_obs,21,-0.05373601292235086,-0.8746527202648787,0.47272916666666664
25,1.0,aligned,mi_obs,22,-0.049500458423942406,-0.42067151589543916,0.47272916666666664
25,1.0,aligned,mi_obs,23,0.06633967283181597,0.550839238560314,0.47272916666666664
25,1.0,aligned,mi_obs,24,-0.034416312335359245,-0.5122496828483706,0.47272916666666664
25,1.0,aligned,mi_obs,25,0.01431820837395395,0.14932658992830541,0.47272916666666664
25,1.0,aligned,mi_obs,26,0.07444626203055382,0.2667908559456348,0.47272916666666664
25,1.0,aligned,mi_obs,27,-0.015187215635876938,-0.44814770653803737,0.47272916666666664
25,1.0,aligned,mi_obs,28,-0.024702641456118446,-0.6134680121734694,0.47272916666666664
25,1.0,aligned,mi_obs,29,0.022678171342161435,0.5517697624761609,0.47272916666666664
25,1.0,aligned,mi_obs,30,0.03365251256698942,0.48765823362753835,0.47272916666666664
25,1.0,aligned,mi_obs,31,-0.07538963392081521,-0.6301969511018498,0.47272916666666664
25,1.0,aligned,mi_obs,32,0.042731244941301316,0.5886812366507802,0.47272916666666664
25,1.0,aligned,mi_obs,33,-0.016314664407636903,-0.17213374583220908,0.47272916666666664
25,1.0,aligned,mi_obs,34,-0.05527718372349866,-0.29831045021422226,0.47272916666666664
25,1.0,aligned,mi_obs,35,0.02352703971124437,0.5194232684570422,0.47272916666666664
25,1.0,aligned,mi_obs,36,0.04787093887285332,0.7023588313646962,0.47272916666666664
25,1.0,aligned,mi_obs,37,-0.03180728827925994,-0.6355522073220117,0.47272916666666664
25,1.0,aligned,mi_obs,38,-0.07332016079694037,-0.7786302085414789,0.47272916666666664
25,1.0,aligned,mi_obs,39,0.018911638744760095,0.2838882370091095,0.47272916666666664
25,1.0,aligned,mi_obs,40,-0.02726986300903189,-0.5951281239900039,0.47272916666666664
25,1.0,aligned,mi_obs,41,-0.027807852116724763,0.013862180497380939,0.47272916666666664
25,1.0,aligned,mi_obs,42,0.031285528697596376,0.9423453462998945,0.47272916666666664
25,1.0,aligned,mi_obs,43,-0.0045144293679608705,0.33919989290128116,0.47272916666666664
25,1.0,aligned,mi_obs,44,-0.022264827883578753,-0.7919157239778823,0.47272916666666664
25,1.0,aligned,mi_obs,45,-0.03481097701406344,-0.3666997473481324,0.47272916666666664
25,1.0,aligned,mi_obs,46,0.04891101354612232,0.47910367534832715,0.47272916666666664
25,1.0,aligned,mi_obs,47,0.040012469981265314,0.07231054885437023,0.47272916666666664
25,1.0,aligned,mi_obs,48,-0.06582849585226325,-0.826332976014617,0.47272916666666664
25,1.0,aligned,mi_obs,49,-0.02370747889825614,-0.43951811606072505,0.47272916666666664
25,1.0,aligned,mi_obs,50,0.05178963096094902,0.7487512460419709,0.47272916666666664
25,1.0,aligned,mi_obs,51,-0.009210226371000607,0.274267420240348,0.47272916666666664
25,1.0,aligned,mi_obs,52,0.004263753639364848,0.2206113754934444,0.47272916666666664
25,1.0,aligned,mi_obs,53,0.014435011923467744,0.301026174677927,0.47272916666666664
25,1.0,aligned,mi_obs,54,0.04471404342721941,0.830671321268253,0.47272916666666664
25,1.0,aligned,mi_obs,55,-0.02245921865778977,-0.5347751567898608,0.47272916666666664
25,1.0,aligned,mi_obs,56,0.030901148658093347,0.5375733982426537,0.47272916666666664
25,1.0,aligned,mi_obs,57,-0.016970888732843248,-0.6321884437003232,0.47272916666666664
25,1.0,aligned,mi_obs,58,0.002223084740733572,0.022614196577200894,0.47272916666666664
25,1.0,aligned,mi_obs,59,0.010396189097049202,0.6018569990006665,0.47272916666666664
25,1.0,aligned,mi_obs,60,-0.02339010759457412,0.012803551467432115,0.47272916666666664
25,1.0,aligned,mi_obs,61,-0.033695079679256175,-0.060273940133445565,0.47272916666666664
25,1.0,aligned,mi_obs,62,0.033320215711079126,0.19795990634263896,0.47272916666666664
25,1.0,aligned,mi_obs,63,-0.014862421435024697,0.361585747095155,0.47272916666666664
25,1.0,aligned,mi_obs,64,-0.007046092346537858,-0.8396431760838093,0.47272916666666664
25,1.0,aligned,mi_obs,65,-0.009929352432954341,-0.6438932541363624,0.47272916666666664
25,1.0,aligned,mi_class,0,0.13067349688893282,-0.46667786278748596,0.47272916666666664
25,1.0,aligned,mi_class,1,0.04093927674746517,-0.36873932850132907,0.47272916666666664
25,1.0,aligned,mi_class,2,-0.049690976756378014,0.42861845866609927,0.47272916666666664
25,1.0,aligned,mi_class,3,-0.2439402353272072,0.7637162268763182,0.47272916666666664
25,1.0,aligned,mi_class,4,0.19602834355748466,-0.6713400590687587,0.47272916666666664
25,1.0,aligned,mi_class,5,-0.030996826060446764,0.24740068686092095,0.47272916666666664
25,1.0,aligned,mi_class,6,0.0895793160081525,-0.5125519168501814,0.47272916666666664
25,1.0,aligned,mi_class,7,-0.01294163344671009,0.009529084883145371,0.47272916666666664
25,1.0,aligned,mi_class,8,-0.14185854747053117,0.8130332298322327,0.47272916666666664
25,1.0,aligned,mi_class,9,-0.02387094103325499,0.29613978257435575,0.47272916666666664
25,1.0,aligned,mi_class,10,0.5450297942796867,-0.683356550247439,0.47272916666666664
25,1.0,aligned,mi_class,11,0.011657660933075551,-0.034145902542802455,0.47272916666666664
25,1.0,aligned,mi_class,12,-0.006917091661317355,0.03732411074945328,0.47272916666666664
25,1.0,aligned,mi_class,13,0.10399486595038443,-0.45569765636325127,0.47272916666666664
25,1.0,aligned,mi_class,14,-0.10583137030523462,0.32182824362106593,0.47272916666666664
25,1.0,aligned,mi_class,15,-0.19737781875026728,0.5574450900387133,0.47272916666666664
25,1.0,aligned,mi_class,16,-0.15141822053893883,0.9161272324511118,0.47272916666666664
25,1.0,aligned,mi_class,17,-0.15202724711371995,0.46077844537825335,0.47272916666666664
25,1.0,aligned,mi_class,18,0.07207291022119067,-0.48542801890856363,0.47272916666666664
25,1.0,aligned,mi_class,19,-0.014411098864025196,0.30305923229602505,0.47272916666666664
25,1.0,aligned,mi_class,20,-0.43085515868592705,0.3375880382920389,0.47272916666666664
25,1.0,aligned,mi_class,21,0.032922661144869414,-0.8746527202648787,0.47272916666666664
25,1.0,aligned,mi_class,22,0.12321623117608133,-0.42067151589543916,0.47272916666666664
25,1.0,aligned,mi_class,23,-0.15821235032397551,0.550839238560314,0.47272916666666664
25,1.0,aligned,mi_class,24,0.17097116400114248,-0.5122496828483706,0.47272916666666664
25,1.0,aligned,mi_class,25,0.007935848442736232,0.14932658992830541,0.47272916666666664
25,1.0,aligned,mi_class,26,-0.09106175276044787,0.2667908559456348,0.47272916666666664
25,1.0,aligned,mi_class,27,-0.015561270922470005,-0.44814770653803737,0.47272916666666664
25,1.0,aligned,mi_class,28,0.01983785625646195,-0.6134680121734694,0.47272916666666664
25,1.0,aligned,mi_class,29,-0.4274624911956912,0.5517697624761609,0.47272916666666664
25,1.0,aligned,mi_class,30,-0.21739360198773733,0.48765823362753835,0.47272916666666664
25,1.0,aligned,mi_class,31,0.20075840891540103,-0.6301969511018498,0.47272916666666664
25,1.0,aligned,mi_class,32,-0.18412072875283625,0.5886812366507802,0.47272916666666664
25,1.0,aligned,mi_class,33,0.0180650040339837,-0.17213374583220908,0.47272916666666664
25,1.0,aligned,mi_class,34,0.08898602690574517,-0.29831045021422226,0.47272916666666664
25,1.0,aligned,mi_class,35,-0.05716162410610204,0.5194232684570422,0.47272916666666664
25,1.0,aligned,mi_class,36,-0.034317020562447675,0.7023588313646962,0.47272916666666664
25,1.0,aligned,mi_class,37,0.49545462841078747,-0.6355522073220117,0.47272916666666664
25,1.0,aligned,mi_class,38,0.08985930756894522,-0.7786302085414789,0.47272916666666664
25,1.0,aligned,mi_class,39,-0.046608859591228485,0.2838882370091095,0.47272916666666664
25,1.0,aligned,mi_class,40,0.09753573271008381,-0.5951281239900039,0.47272916666666664
25,1.0,aligned,mi_class,41,-0.011377503750983996,0.013862180497380939,0.47272916666666664
25,1.0,aligned,mi_class,42,-0.22052662490577635,0.9423453462998945,0.47272916666666664
25,1.0,aligned,mi_class,43,-0.15295885265593082,0.33919989290128116,0.47272916666666664
25,1.0,aligned,mi_class,44,0.6655471231083394,-0.7919157239778823,0.47272916666666664
25,1.0,aligned,mi_class,45,-0.0010272267891518472,-0.3666997473481324,0.47272916666666664
25,1.0,aligned,mi_class,46,-0.10162338747558364,0.47910367534832715,0.47272916666666664
25,1.0,aligned,mi_class,47,0.016788344421348578,0.07231054885437023,0.47272916666666664
25,1.0,aligned,mi_class,48,0.1347047833503333,-0.826332976014617,0.47272916666666664
25,1.0,aligned,mi_class,49,0.11762655789098342,-0.43951811606072505,0.47272916666666664
25,1.0,aligned,mi_class,50,-0.6183702426825205,0.7487512460419709,0.47272916666666664
25,1.0,aligned,mi_class,51,-0.06973880690948403,0.274267420240348,0.47272916666666664
25,1.0,aligned,mi_class,52,0.0021135506787996194,0.2206113754934444,0.47272916666666664
25,1.0,aligned,mi_class,53,-0.04750480371032362,0.301026174677927,0.47272916666666664
25,1.0,aligned,mi_class,54,-0.22198889688658552,0.830671321268253,0.47272916666666664
25,1.0,aligned,mi_class,55,0.4424706816709022,-0.5347751567898608,0.47272916666666664
25,1.0,aligned,mi_class,56,-0.12044215265640135,0.5375733982426537,0.47272916666666664
25,1.0,aligned,mi_class,57,0.12857362492482338,-0.6321884437003232,0.47272916666666664
25,1.0,aligned,mi_class,58,-0.05499567297024399,0.022614196577200894,0.47272916666666664
25,1.0,aligned,mi_class,59,-0.47933101828461383,0.6018569990006665,0.47272916666666664
25,1.0,aligned,mi_class,60,-0.004317474718017926,0.012803551467432115,0.47272916666666664
25,1.0,aligned,mi_class,61,0.015798810981671747,-0.060273940133445565,0.47272916666666664
25,1.0,aligned,mi_class,62,-0.16273271121660565,0.19795990634263896,0.47272916666666664
25,1.0,aligned,mi_class,63,-0.03793084807311903,0.361585747095155,0.47272916666666664
25,1.0,aligned,mi_class,64,0.6614121766140709,-0.8396431760838093,0.47272916666666664
25,1.0,aligned,mi_class,65,0.4045773733797507,-0.6438932541363624,0.47272916666666664
25,1.0,aligned,mi_site,0,0.023795940541319394,-0.46667786278748596,0.47272916666666664
25,1.0,aligned,mi_site,1,0.0476638306665485,-0.36873932850132907,0.47272916666666664
25,1.0,aligned,mi_site,2,-0.07199817448597673,0.42861845866609927,0.47272916666666664
25,1.0,aligned,mi_site,3,-0.06276498229362992,0.7637162268763182,0.47272916666666664
25,1.0,aligned,mi_site,4,0.010637666531104095,-0.6713400590687587,0.47272916666666664
25,1.0,aligned,mi_site,5,-0.018191631381227563,0.24740068686092095,0.47272916666666664
25,1.0,aligned,mi_site,6,0.030875152348728674,-0.5125519168501814,0.47272916666666664
25,1.0,aligned,mi_site,7,-0.03557100505908348,0.009529084883145371,0.47272916666666664
25,1.0,aligned,mi_site,8,-0.054000019385830766,0.8130332298322327,0.47272916666666664
25,1.0,aligned,mi_site,9,-0.07792188537654904,0.29613978257435575,0.47272916666666664
25,1.0,aligned,mi_site,10,0.05660171971816963,-0.683356550247439,0.47272916666666664
25,1.0,aligned,mi_site,11,-0.008215929019047531,-0.034145902542802455,0.47272916666666664
25,1.0,aligned,mi_site,12,0.004230529212805839,0.03732411074945328,0.47272916666666664
25,1.0,aligned,mi_site,13,0.019754921419508298,-0.45569765636325127,0.47272916666666664
25,1.0,aligned,mi_site,14,0.01647877600080705,0.32182824362106593,0.47272916666666664
25,1.0,aligned,mi_site,15,-0.020976058869063285,0.5574450900387133,0.47272916666666664
25,1.0,aligned,mi_site,16,-0.03168680600116747,0.9161272324511118,0.47272916666666664
25,1.0,aligned,mi_site,17,0.03600182756147907,0.46077844537825335,0.47272916666666664
25,1.0,aligned,mi_site,18,0.021207994736185454,-0.48542801890856363,0.47272916666666664
25,1.0,aligned,mi_site,19,-0.07634677718916952,0.30305923229602505,0.47272916666666664
25,1.0,aligned,mi_site,20,-0.019078073693249875,0.3375880382920389,0.47272916666666664
25,1.0,aligned,mi_site,21,0.0406010462338362,-0.8746527202648787,0.47272916666666664
25,1.0,aligned,mi_site,22,-0.005416458903576615,-0.42067151589543916,0.47272916666666664
25,1.0,aligned,mi_site,23,0.009569849833316879,0.550839238560314,0.47272916666666664
25,1.0,aligned,mi_site,24,-0.026098979442438996,-0.5122496828483706,0.47272916666666664
25,1.0,aligned,mi_site,25,0.0011890088297679957,0.14932658992830541,0.47272916666666664
25,1.0,aligned,mi_site,26,0.060024305706454506,0.2667908559456348,0.47272916666666664
25,1.0,aligned,mi_site,27,-0.0037083749864855187,-0.44814770653803737,0.47272916666666664
25,1.0,aligned,mi_site,28,0.13714565164073322,-0.6134680121734694,0.47272916666666664
25,1.0,aligned,mi_site,29,-0.01954899470442306,0.5517697624761609,0.47272916666666664
25,1.0,aligned,mi_site,30,-0.0466426563552344,0.48765823362753835,0.47272916666666664
25,1.0,aligned,mi_site,31,0.043608688827828646,-0.6301969511018498,0.47272916666666664
25,1.0,aligned,mi_site,32,-0.04842947738423764,0.5886812366507802,0.47272916666666664
25,1.0,aligned,mi_site,33,0.012554241542636846,-0.17213374583220908,0.47272916666666664
25,1.0,aligned,mi_site,34,-0.012791440361790696,-0.29831045021422226,0.47272916666666664
25,1.0,aligned,mi_site,35,-0.05355802709299767,0.5194232684570422,0.47272916666666664
25,1.0,aligned,mi_site,36,-0.20230062310885644,0.7023588313646962,0.47272916666666664
25,1.0,aligned,mi_site,37,0.08280683816840384,-0.6355522073220117,0.47272916666666664
25,1.0,aligned,mi_site,38,-0.0285722579396116,-0.7786302085414789,0.47272916666666664
25,1.0,aligned,mi_site,39,0.003879836740867948,0.2838882370091095,0.47272916666666664
25,1.0,aligned,mi_site,40,-0.02117406136855715,-0.5951281239900039,0.47272916666666664
25,1.0,aligned,mi_site,41,-0.058230431071745574,0.013862180497380939,0.47272916666666664
25,1.0,aligned,mi_site,42,-0.004869271729692981,0.9423453462998945,0.47272916666666664
25,1.0,aligned,mi_site,43,-0.0731213200582741,0.33919989290128116,0.47272916666666664
25,1.0,aligned,mi_site,44,0.0113914844790316,-0.7919157239778823,0.47272916666666664
25,1.0,aligned,mi_site,45,-0.017442143856691406,-0.3666997473481324,0.47272916666666664
25,1.0,aligned,mi_site,46,0.04420526251645479,0.47910367534832715,0.47272916666666664
25,1.0,aligned,mi_site,47,0.05120192061924604,0.07231054885437023,0.47272916666666664
25,1.0,aligned,mi_site,48,-0.04209275110105104,-0.826332976014617,0.47272916666666664
25,1.0,aligned,mi_site,49,0.09433674944032006,-0.43951811606072505,0.47272916666666664
25,1.0,aligned,mi_site,50,-0.0013001656696408626,0.7487512460419709,0.47272916666666664
25,1.0,aligned,mi_site,51,-0.011076099583480103,0.274267420240348,0.47272916666666664
25,1.0,aligned,mi_site,52,-0.010999165747081208,0.2206113754934444,0.47272916666666664
25,1.0,aligned,mi_site,53,0.017308980131296225,0.301026174677927,0.47272916666666664
25,1.0,aligned,mi_site,54,-0.168671387988094,0.830671321268253,0.47272916666666664
25,1.0,aligned,mi_site,55,-0.0031852952813359314,-0.5347751567898608,0.47272916666666664
25,1.0,aligned,mi_site,56,0.03921291531514026,0.5375733982426537,0.47272916666666664
25,1.0,aligned,mi_site,57,-0.022935466449542807,-0.6321884437003232,0.47272916666666664
25,1.0,aligned,mi_site,58,-0.014297989539926632,0.022614196577200894,0.47272916666666664
25,1.0,aligned,mi_site,59,-0.008065978268933516,0.6018569990006665,0.47272916666666664
25,1.0,aligned,mi_site,60,-0.07021769733588003,0.012803551467432115,0.47272916666666664
25,1.0,aligned,mi_site,61,0.003449273675439367,-0.060273940133445565,0.47272916666666664
25,1.0,aligned,mi_site,62,0.04702103174471156,0.19795990634263896,0.47272916666666664
25,1.0,aligned,mi_site,63,-0.07535204172651866,0.361585747095155,0.47272916666666664
25,1.0,aligned,mi_site,64,0.01862559875561276,-0.8396431760838093,0.47272916666666664
25,1.0,aligned,mi_site,65,0.1461407722021998,-0.6438932541363624,0.47272916666666664
25,1.0,closed,available,0,0.00041310263148697235,-0.46667786278748596,0.47272916666666664
25,1.0,closed,available,1,0.005303326829064037,-0.36873932850132907,0.47272916666666664
25,1.0,closed,available,2,-0.01517130075824985,0.42861845866609927,0.47272916666666664
25,1.0,closed,available,3,0.006831454727559194,0.7637162268763182,0.47272916666666664
25,1.0,closed,available,4,-0.00603327122252173,-0.6713400590687587,0.47272916666666664
25,1.0,closed,available,5,-0.0038865320412400928,0.24740068686092095,0.47272916666666664
25,1.0,closed,available,6,-0.007596545672542532,-0.5125519168501814,0.47272916666666664
25,1.0,closed,available,7,-0.006909004618947451,0.009529084883145371,0.47272916666666664
25,1.0,closed,available,8,8.64933154233194e-05,0.8130332298322327,0.47272916666666664
25,1.0,closed,available,9,-0.0062819820647326274,0.29613978257435575,0.47272916666666664
25,1.0,closed,available,10,-0.00225360399681529,-0.683356550247439,0.47272916666666664
25,1.0,closed,available,11,-0.01215968773802327,-0.034145902542802455,0.47272916666666664
25,1.0,closed,available,12,0.015092414394322982,0.03732411074945328,0.47272916666666664
25,1.0,closed,available,13,0.00823843379490169,-0.45569765636325127,0.47272916666666664
25,1.0,closed,available,14,-0.012301379532800194,0.32182824362106593,0.47272916666666664
25,1.0,closed,available,15,0.009067208633576795,0.5574450900387133,0.47272916666666664
25,1.0,closed,available,16,-0.0014672485218079068,0.9161272324511118,0.47272916666666664
25,1.0,closed,available,17,-0.004027544960842844,0.46077844537825335,0.47272916666666664
25,1.0,closed,available,18,-0.0019887811316900983,-0.48542801890856363,0.47272916666666664
25,1.0,closed,available,19,0.0035324682345791447,0.30305923229602505,0.47272916666666664
25,1.0,closed,available,20,-0.013795537616960174,0.3375880382920389,0.47272916666666664
25,1.0,closed,available,21,-0.0015099532695544982,-0.8746527202648787,0.47272916666666664
25,1.0,closed,available,22,-0.01098307207621868,-0.42067151589543916,0.47272916666666664
25,1.0,closed,available,23,0.011597204597540656,0.550839238560314,0.47272916666666664
25,1.0,closed,available,24,-0.007137333198296791,-0.5122496828483706,0.47272916666666664
25,1.0,closed,available,25,0.004728309287922089,0.14932658992830541,0.47272916666666664
25,1.0,closed,available,26,0.00012490845010010299,0.2667908559456348,0.47272916666666664
25,1.0,closed,available,27,-0.01323067418428675,-0.44814770653803737,0.47272916666666664
25,1.0,closed,available,28,-0.015164308834643814,-0.6134680121734694,0.47272916666666664
25,1.0,closed,available,29,0.008298539930226223,0.5517697624761609,0.47272916666666664
25,1.0,closed,available,30,-0.006959257639782612,0.48765823362753835,0.47272916666666664
25,1.0,closed,available,31,0.01295921177894166,-0.6301969511018498,0.47272916666666664
25,1.0,closed,available,32,0.008354855523907023,0.5886812366507802,0.47272916666666664
25,1.0,closed,available,33,-0.0055482287061030255,-0.17213374583220908,0.47272916666666664
25,1.0,closed,available,34,-0.008700202091060982,-0.29831045021422226,0.47272916666666664
25,1.0,closed,available,35,-0.0021669676297809692,0.5194232684570422,0.47272916666666664
25,1.0,closed,available,36,0.013816323649507911,0.7023588313646962,0.47272916666666664
25,1.0,closed,available,37,0.006666214590714592,-0.6355522073220117,0.47272916666666664
25,1.0,closed,available,38,-0.00010755710678034269,-0.7786302085414789,0.47272916666666664
25,1.0,closed,available,39,-0.0005208884010312609,0.2838882370091095,0.47272916666666664
25,1.0,closed,available,40,0.0016606158583253317,-0.5951281239900039,0.47272916666666664
25,1.0,closed,available,41,-0.0022263141198575562,0.013862180497380939,0.47272916666666664
25,1.0,closed,available,42,-0.0007350811739473828,0.9423453462998945,0.47272916666666664
25,1.0,closed,available,43,0.004590404326947239,0.33919989290128116,0.47272916666666664
25,1.0,closed,available,44,0.00014387205914090373,-0.7919157239778823,0.47272916666666664
25,1.0,closed,available,45,-0.0014628017893729695,-0.3666997473481324,0.47272916666666664
25,1.0,closed,available,46,-0.003993163524086962,0.47910367534832715,0.47272916666666664
25,1.0,closed,available,47,0.002186389772892039,0.07231054885437023,0.47272916666666664
25,1.0,closed,available,48,-0.0035550953379933636,-0.826332976014617,0.47272916666666664
25,1.0,closed,available,49,-0.0012960549774707064,-0.43951811606072505,0.47272916666666664
25,1.0,closed,available,50,0.001533170427908237,0.7487512460419709,0.47272916666666664
25,1.0,closed,available,51,0.0023830606015117772,0.274267420240348,0.47272916666666664
25,1.0,closed,available,52,-0.0034073208127149146,0.2206113754934444,0.47272916666666664
25,1.0,closed,available,53,0.007598890689487103,0.301026174677927,0.47272916666666664
25,1.0,closed,available,54,0.004916821470358657,0.830671321268253,0.47272916666666664
25,1.0,closed,available,55,-0.0014813885367911395,-0.5347751567898608,0.47272916666666664
25,1.0,closed,available,56,-0.0005896952881038198,0.5375733982426537,0.47272916666666664
25,1.0,closed,available,57,0.0073127999467514915,-0.6321884437003232,0.47272916666666664
25,1.0,closed,available,58,0.0014050254868224407,0.022614196577200894,0.47272916666666664
25,1.0,closed,available,59,-0.005732590910956348,0.6018569990006665,0.47272916666666664
25,1.0,closed,available,60,0.007561981741071188,0.012803551467432115,0.47272916666666664
25,1.0,closed,available,61,-0.0065835593277491986,-0.060273940133445565,0.47272916666666664
25,1.0,closed,available,62,-0.005765815190311191,0.19795990634263896,0.47272916666666664
25,1.0,closed,available,63,-0.00704092766633857,0.361585747095155,0.47272916666666664
25,1.0,closed,available,64,0.0011674682870472797,-0.8396431760838093,0.47272916666666664
25,1.0,closed,available,65,-0.005350280482915748,-0.6438932541363624,0.47272916666666664
25,1.0,closed,mi_obs,0,-0.019002173191716543,-0.46667786278748596,0.47272916666666664
25,1.0,closed,mi_obs,1,-0.023260593273154107,-0.36873932850132907,0.47272916666666664
25,1.0,closed,mi_obs,2,0.04116950204271619,0.42861845866609927,0.47272916666666664
25,1.0,closed,mi_obs,3,0.05060252023497591,0.7637162268763182,0.47272916666666664
25,1.0,closed,mi_obs,4,-0.07460023674882044,-0.6713400590687587,0.47272916666666664
25,1.0,closed,mi_obs,5,0.016765484452416185,0.24740068686092095,0.47272916666666664
25,1.0,closed,mi_obs,6,-0.028448198096626243,-0.5125519168501814,0.47272916666666664
25,1.0,closed,mi_obs,7,-0.02351521866078298,0.009529084883145371,0.47272916666666664
25,1.0,closed,mi_obs,8,0.03484680293765574,0.8130332298322327,0.47272916666666664
25,1.0,closed,mi_obs,9,0.0029673417688851345,0.29613978257435575,0.47272916666666664
25,1.0,closed,mi_obs,10,-0.024317757066704804,-0.683356550247439,0.47272916666666664
25,1.0,closed,mi_obs,11,0.00427143310003808,-0.034145902542802455,0.47272916666666664
25,1.0,closed,mi_obs,12,0.002498461067458692,0.03732411074945328,0.47272916666666664
25,1.0,closed,mi_obs,13,-0.01609163957600729,-0.45569765636325127,0.47272916666666664
25,1.0,closed,mi_obs,14,0.021239029525544795,0.32182824362106593,0.47272916666666664
25,1.0,closed,mi_obs,15,-0.0006882718192594561,0.5574450900387133,0.47272916666666664
25,1.0,closed,mi_obs,16,0.007093089109029838,0.9161272324511118,0.47272916666666664
25,1.0,closed,mi_obs,17,0.03717701185874783,0.46077844537825335,0.47272916666666664
25,1.0,closed,mi_obs,18,-0.008346974309184851,-0.48542801890856363,0.47272916666666664
25,1.0,closed,mi_obs,19,0.007098079981165073,0.30305923229602505,0.47272916666666664
25,1.0,closed,mi_obs,20,-0.005680461470939924,0.3375880382920389,0.47272916666666664
25,1.0,closed,mi_obs,21,-0.06245798343189646,-0.8746527202648787,0.47272916666666664
25,1.0,closed,mi_obs,22,-0.06061565704223315,-0.42067151589543916,0.47272916666666664
25,1.0,closed,mi_obs,23,0.10664319175689363,0.550839238560314,0.47272916666666664
25,1.0,closed,mi_obs,24,-0.03965790983164408,-0.5122496828483706,0.47272916666666664
25,1.0,closed,mi_obs,25,0.01567923042362737,0.14932658992830541,0.47272916666666664
25,1.0,closed,mi_obs,26,0.05739114687237207,0.2667908559456348,0.47272916666666664
25,1.0,closed,mi_obs,27,-0.040179604620241005,-0.44814770653803737,0.47272916666666664
25,1.0,closed,mi_obs,28,-0.045977691022760614,-0.6134680121734694,0.47272916666666664
25,1.0,closed,mi_obs,29,0.04541384436699569,0.5517697624761609,0.47272916666666664
25,1.0,closed,mi_obs,30,0.034173197045046844,0.48765823362753835,0.47272916666666664
25,1.0,closed,mi_obs,31,-0.07853844033108148,-0.6301969511018498,0.47272916666666664
25,1.0,closed,mi_obs,32,0.0335987074439178,0.5886812366507802,0.47272916666666664
25,1.0,closed,mi_obs,33,-0.015727538367217297,-0.17213374583220908,0.47272916666666664
25,1.0,closed,mi_obs,34,-0.06055873223645708,-0.29831045021422226,0.47272916666666664
25,1.0,closed,mi_obs,35,0.026214600709763558,0.5194232684570422,0.47272916666666664
25,1.0,closed,mi_obs,36,0.05814639964622148,0.7023588313646962,0.47272916666666664
25,1.0,closed,mi_obs,37,-0.0332899865825369,-0.6355522073220117,0.47272916666666664
25,1.0,closed,mi_obs,38,-0.07178007634909556,-0.7786302085414789,0.47272916666666664
25,1.0,closed,mi_obs,39,0.015773506573529994,0.2838882370091095,0.47272916666666664
25,1.0,closed,mi_obs,40,-0.02574683003268885,-0.5951281239900039,0.47272916666666664
25,1.0,closed,mi_obs,41,-0.03445234910422102,0.013862180497380939,0.47272916666666664
25,1.0,closed,mi_obs,42,0.030993901253772438,0.9423453462998945,0.47272916666666664
25,1.0,closed,mi_obs,43,0.007379153897235646,0.33919989290128116,0.47272916666666664
25,1.0,closed,mi_obs,44,-0.01990610907333301,-0.7919157239778823,0.47272916666666664
25,1.0,closed,mi_obs,45,-0.03781810043696243,-0.3666997473481324,0.47272916666666664
25,1.0,closed,mi_obs,46,0.03779701922423501,0.47910367534832715,0.47272916666666664
25,1.0,closed,mi_obs,47,0.03960071501546815,0.07231054885437023,0.47272916666666664
25,1.0,closed,mi_obs,48,-0.06547912652995902,-0.826332976014617,0.47272916666666664
25,1.0,closed,mi_obs,49,-0.03977970924713242,-0.43951811606072505,0.47272916666666664
25,1.0,closed,mi_obs,50,0.04940669861066593,0.7487512460419709,0.47272916666666664
25,1.0,closed,mi_obs,51,-0.0082695359926106,0.274267420240348,0.47272916666666664
25,1.0,closed,mi_obs,52,-0.002617653035153128,0.2206113754934444,0.47272916666666664
25,1.0,closed,mi_obs,53,0.01523309746423257,0.301026174677927,0.47272916666666664
25,1.0,closed,mi_obs,54,0.04476551218349334,0.830671321268253,0.47272916666666664
25,1.0,closed,mi_obs,55,-0.0238012498682042,-0.5347751567898608,0.47272916666666664
25,1.0,closed,mi_obs,56,0.03380911609953707,0.5375733982426537,0.47272916666666664
25,1.0,closed,mi_obs,57,-0.015812162515491557,-0.6321884437003232,0.47272916666666664
25,1.0,closed,mi_obs,58,-0.010318835544191819,0.022614196577200894,0.47272916666666664
25,1.0,closed,mi_obs,59,0.007360920207515331,0.6018569990006665,0.47272916666666664
25,1.0,closed,mi_obs,60,-0.034015145261016594,0.012803551467432115,0.47272916666666664
25,1.0,closed,mi_obs,61,-0.047576571971553135,-0.060273940133445565,0.47272916666666664
25,1.0,closed,mi_obs,62,0.038876783516741675,0.19795990634263896,0.47272916666666664
25,1.0,closed,mi_obs,63,0.002078348941492114,0.361585747095155,0.47272916666666664
25,1.0,closed,mi_obs,64,-0.009494069366840496,-0.8396431760838093,0.47272916666666664
25,1.0,closed,mi_obs,65,-0.021568063109724922,-0.6438932541363624,0.47272916666666664
25,1.0,closed,mi_class,0,0.015659499515378705,-0.46667786278748596,0.47272916666666664
25,1.0,closed,mi_class,1,0.02534892072184275,-0.36873932850132907,0.47272916666666664
25,1.0,closed,mi_class,2,-0.06734335364113153,0.42861845866609927,0.47272916666666664
25,1.0,closed,mi_class,3,-0.04613941393890708,0.7637162268763182,0.47272916666666664
25,1.0,closed,mi_class,4,0.11419617417369221,-0.6713400590687587,0.47272916666666664
25,1.0,closed,mi_class,5,-0.01624470588106977,0.24740068686092095,0.47272916666666664
25,1.0,closed,mi_class,6,-0.03243302563987316,-0.5125519168501814,0.47272916666666664
25,1.0,closed,mi_class,7,-0.003066932334212318,0.009529084883145371,0.47272916666666664
25,1.0,closed,mi_class,8,-0.05298136611121029,0.8130332298322327,0.47272916666666664
25,1.0,closed,mi_class,9,0.015089563152754837,0.29613978257435575,0.47272916666666664
25,1.0,closed,mi_class,10,-0.003270410123948575,-0.683356550247439,0.47272916666666664
25,1.0,closed,mi_class,11,-0.003427748437485466,-0.034145902542802455,0.47272916666666664
25,1.0,closed,mi_class,12,-0.0019697126773337986,0.03732411074945328,0.47272916666666664
25,1.0,closed,mi_class,13,0.01721561985179404,-0.45569765636325127,0.47272916666666664
25,1.0,closed,mi_class,14,-0.13614118942769174,0.32182824362106593,0.47272916666666664
25,1.0,closed,mi_class,15,-0.17750348287093348,0.5574450900387133,0.47272916666666664
25,1.0,closed,mi_class,16,-0.10766320265232177,0.9161272324511118,0.47272916666666664
25,1.0,closed,mi_class,17,-0.1705779747247002,0.46077844537825335,0.47272916666666664
25,1.0,closed,mi_class,18,0.04897299636429209,-0.48542801890856363,0.47272916666666664
25,1.0,closed,mi_class,19,-0.0026866892435527534,0.30305923229602505,0.47272916666666664
25,1.0,closed,mi_class,20,-0.022079691761393794,0.3375880382920389,0.47272916666666664
25,1.0,closed,mi_class,21,0.05018621795772216,-0.8746527202648787,0.47272916666666664
25,1.0,closed,mi_class,22,0.018361265609245447,-0.42067151589543916,0.47272916666666664
25,1.0,closed,mi_class,23,-0.13207648546058126,0.550839238560314,0.47272916666666664
25,1.0,closed,mi_class,24,0.1122922882289406,-0.5122496828483706,0.47272916666666664
25,1.0,closed,mi_class,25,0.012698259689894159,0.14932658992830541,0.47272916666666664
25,1.0,closed,mi_class,26,-0.10451866865044215,0.2667908559456348,0.47272916666666664
25,1.0,closed,mi_class,27,-0.0307404469444284,-0.44814770653803737,0.47272916666666664
25,1.0,closed,mi_class,28,-0.055243372988900696,-0.6134680121734694,0.47272916666666664
25,1.0,closed,mi_class,29,0.029573878045517477,0.5517697624761609,0.47272916666666664
25,1.0,closed,mi_class,30,-0.12788038842732952,0.48765823362753835,0.47272916666666664
25,1.0,closed,mi_class,31,0.2635878503816669,-0.6301969511018498,0.47272916666666664
25,1.0,closed,mi_class,32,-0.2482513265699352,0.5886812366507802,0.47272916666666664
25,1.0,closed,mi_class,33,0.030998345284214135,-0.17213374583220908,0.47272916666666664
25,1.0,closed,mi_class,34,0.12995624517579155,-0.29831045021422226,0.47272916666666664
25,1.0,closed,mi_class,35,-0.06379502063236953,0.5194232684570422,0.47272916666666664
25,1.0,closed,mi_class,36,-0.030455143543764662,0.7023588313646962,0.47272916666666664
25,1.0,closed,mi_class,37,0.04439291901793241,-0.6355522073220117,0.47272916666666664
25,1.0,closed,mi_class,38,0.13100563795538056,-0.7786302085414789,0.47272916666666664
25,1.0,closed,mi_class,39,-0.048647907534285106,0.2838882370091095,0.47272916666666664
25,1.0,closed,mi_class,40,-0.03461400116358493,-0.5951281239900039,0.47272916666666664
25,1.0,closed,mi_class,41,0.00028555847649472735,0.013862180497380939,0.47272916666666664
25,1.0,closed,mi_class,42,-0.0740368701623132,0.9423453462998945,0.47272916666666664
25,1.0,closed,mi_class,43,-0.054296425985763064,0.33919989290128116,0.47272916666666664
25,1.0,closed,mi_class,44,0.09079131556737652,-0.7919157239778823,0.47272916666666664
25,1.0,closed,mi_class,45,-0.026582046996115716,-0.3666997473481324,0.47272916666666664
25,1.0,closed,mi_class,46,-0.10716868831036319,0.47910367534832715,0.47272916666666664
25,1.0,closed,mi_class,47,-0.016572453841865356,0.07231054885437023,0.47272916666666664
25,1.0,closed,mi_class,48,0.14946163581119776,-0.826332976014617,0.47272916666666664
25,1.0,closed,mi_class,49,0.08106748067043684,-0.43951811606072505,0.47272916666666664
25,1.0,closed,mi_class,50,-0.17173876190532678,0.7487512460419709,0.47272916666666664
25,1.0,closed,mi_class,51,-0.052607489264026336,0.274267420240348,0.47272916666666664
25,1.0,closed,mi_class,52,-0.011653458642382208,0.2206113754934444,0.47272916666666664
25,1.0,closed,mi_class,53,-0.04986614795428945,0.301026174677927,0.47272916666666664
25,1.0,closed,mi_class,54,-0.18413169181837163,0.830671321268253,0.47272916666666664
25,1.0,closed,mi_class,55,0.12433054384537195,-0.5347751567898608,0.47272916666666664
25,1.0,closed,mi_class,56,-0.13352237181136295,0.5375733982426537,0.47272916666666664
25,1.0,closed,mi_class,57,0.0734707796489329,-0.6321884437003232,0.47272916666666664
25,1.0,closed,mi_class,58,0.0011301354603659754,0.022614196577200894,0.47272916666666664
25,1.0,closed,mi_class,59,-0.04062787707870841,0.6018569990006665,0.47272916666666664
25,1.0,closed,mi_class,60,0.005697072751277557,0.012803551467432115,0.47272916666666664
25,1.0,closed,mi_class,61,0.023879429433270184,-0.060273940133445565,0.47272916666666664
25,1.0,closed,mi_class,62,-0.0520904977681364,0.19795990634263896,0.47272916666666664
25,1.0,closed,mi_class,63,-0.003289218127802196,0.361585747095155,0.47272916666666664
25,1.0,closed,mi_class,64,0.047812377251909566,-0.8396431760838093,0.47272916666666664
25,1.0,closed,mi_class,65,-0.01071786409785469,-0.6438932541363624,0.47272916666666664
25,1.0,closed,mi_site,0,-0.019558451197664917,-0.46667786278748596,0.47272916666666664
25,1.0,closed,mi_site,1,-0.02994708476393404,-0.36873932850132907,0.47272916666666664
25,1.0,closed,mi_site,2,0.029003270061774666,0.42861845866609927,0.47272916666666664
25,1.0,closed,mi_site,3,0.04552289695767242,0.7637162268763182,0.47272916666666664
25,1.0,closed,mi_site,4,-0.06171195377225969,-0.6713400590687587,0.47272916666666664
25,1.0,closed,mi_site,5,0.011131509994253636,0.24740068686092095,0.47272916666666664
25,1.0,closed,mi_site,6,-0.030162265151360224,-0.5125519168501814,0.47272916666666664
25,1.0,closed,mi_site,7,-0.027941543990128048,0.009529084883145371,0.47272916666666664
25,1.0,closed,mi_site,8,0.02995714329292587,0.8130332298322327,0.47272916666666664
25,1.0,closed,mi_site,9,0.006152903950847888,0.29613978257435575,0.47272916666666664
25,1.0,closed,mi_site,10,-0.022869365121018448,-0.683356550247439,0.47272916666666664
25,1.0,closed,mi_site,11,0.005858675661546606,-0.034145902542802455,0.47272916666666664
25,1.0,closed,mi_site,12,0.004033293560955498,0.03732411074945328,0.47272916666666664
25,1.0,closed,mi_site,13,-0.016852756291884097,-0.45569765636325127,0.47272916666666664
25,1.0,closed,mi_site,14,0.020504987351797344,0.32182824362106593,0.47272916666666664
25,1.0,closed,mi_site,15,0.0012279079747078425,0.5574450900387133,0.47272916666666664
25,1.0,closed,mi_site,16,0.0064673154094028185,0.9161272324511118,0.47272916666666664
25,1.0,closed,mi_site,17,0.03549664408663178,0.46077844537825335,0.47272916666666664
25,1.0,closed,mi_site,18,-0.0076200371844014625,-0.48542801890856363,0.47272916666666664
25,1.0,closed,mi_site,19,0.00536757574901725,0.30305923229602505,0.47272916666666664
25,1.0,closed,mi_site,20,-0.005985582041096005,0.3375880382920389,0.47272916666666664
25,1.0,closed,mi_site,21,-0.04401853946847012,-0.8746527202648787,0.47272916666666664
25,1.0,closed,mi_site,22,-0.04864361184373284,-0.42067151589543916,0.47272916666666664
25,1.0,closed,mi_site,23,0.08486191319676406,0.550839238560314,0.47272916666666664
25,1.0,closed,mi_site,24,-0.03672985865985501,-0.5122496828483706,0.47272916666666664
25,1.0,closed,mi_site,25,0.014702593103702144,0.14932658992830541,0.47272916666666664
25,1.0,closed,mi_site,26,0.04298911935880739,0.2667908559456348,0.47272916666666664
25,1.0,closed,mi_site,27,-0.03654005934401072,-0.44814770653803737,0.47272916666666664
25,1.0,closed,mi_site,28,-0.046018924827997965,-0.6134680121734694,0.47272916666666664
25,1.0,closed,mi_site,29,0.044322171259555176,0.5517697624761609,0.47272916666666664
25,1.0,closed,mi_site,30,0.031237074511627827,0.48765823362753835,0.47272916666666664
25,1.0,closed,mi_site,31,-0.06320809375047087,-0.6301969511018498,0.47272916666666664
25,1.0,closed,mi_site,32,0.03196379943727923,0.5886812366507802,0.47272916666666664
25,1.0,closed,mi_site,33,-0.011994109644561574,-0.17213374583220908,0.47272916666666664
25,1.0,closed,mi_site,34,-0.04891051900826643,-0.29831045021422226,0.47272916666666664
25,1.0,closed,mi_site,35,0.01578017332152193,0.5194232684570422,0.47272916666666664
25,1.0,closed,mi_site,36,0.047302637309516116,0.7023588313646962,0.47272916666666664
25,1.0,closed,mi_site,37,-0.027393225332383753,-0.6355522073220117,0.47272916666666664
25,1.0,closed,mi_site,38,-0.0670504401659231,-0.7786302085414789,0.47272916666666664
25,1.0,closed,mi_site,39,0.00846806851144577,0.2838882370091095,0.47272916666666664
25,1.0,closed,mi_site,40,-0.026241866856135942,-0.5951281239900039,0.47272916666666664
25,1.0,closed,mi_site,41,-0.03356151237291526,0.013862180497380939,0.47272916666666664
25,1.0,closed,mi_site,42,0.027609618526121316,0.9423453462998945,0.47272916666666664
25,1.0,closed,mi_site,43,0.0023418432984442794,0.33919989290128116,0.47272916666666664
25,1.0,closed,mi_site,44,-0.016465087793713917,-0.7919157239778823,0.47272916666666664
25,1.0,closed,mi_site,45,-0.029069093318009886,-0.3666997473481324,0.47272916666666664
25,1.0,closed,mi_site,46,0.03579592715038621,0.47910367534832715,0.47272916666666664
25,1.0,closed,mi_site,47,0.03366754603083297,0.07231054885437023,0.47272916666666664
25,1.0,closed,mi_site,48,-0.054948791347043335,-0.826332976014617,0.47272916666666664
25,1.0,closed,mi_site,49,-0.03254500121462145,-0.43951811606072505,0.47272916666666664
25,1.0,closed,mi_site,50,0.04162671317065347,0.7487512460419709,0.47272916666666664
25,1.0,closed,mi_site,51,-0.004734528666160032,0.274267420240348,0.47272916666666664
25,1.0,closed,mi_site,52,-0.0020898550640471303,0.2206113754934444,0.47272916666666664
25,1.0,closed,mi_site,53,0.009931930406567424,0.301026174677927,0.47272916666666664
25,1.0,closed,mi_site,54,0.03814464392594208,0.830671321268253,0.47272916666666664
25,1.0,closed,mi_site,55,-0.02064702915385297,-0.5347751567898608,0.47272916666666664
25,1.0,closed,mi_site,56,0.028412307241669543,0.5375733982426537,0.47272916666666664
25,1.0,closed,mi_site,57,-0.015729850964674608,-0.6321884437003232,0.47272916666666664
25,1.0,closed,mi_site,58,-0.008770959921439683,0.022614196577200894,0.47272916666666664
25,1.0,closed,mi_site,59,0.005664262181311774,0.6018569990006665,0.47272916666666664
25,1.0,closed,mi_site,60,-0.028430815780843118,0.012803551467432115,0.47272916666666664
25,1.0,closed,mi_site,61,-0.040620250690352404,-0.060273940133445565,0.47272916666666664
25,1.0,closed,mi_site,62,0.03390887093347414,0.19795990634263896,0.47272916666666664
25,1.0,closed,mi_site,63,0.0018757034659311334,0.361585747095155,0.47272916666666664
25,1.0,closed,mi_site,64,-0.006002924830843082,-0.8396431760838093,0.47272916666666664
25,1.0,closed,mi_site,65,-0.019472033953890633,-0.6438932541363624,0.47272916666666664
25,2.0,aligned,available,0,0.0027540215490777786,-0.4756109415219776,0.47272916666666664
25,2.0,aligned,available,1,-0.006790655309621807,-0.37082032330094694,0.47272916666666664
25,2.0,aligned,available,2,-0.005760466412862764,0.42625438265703885,0.47272916666666664
25,2.0,aligned,available,3,-0.00760176949778224,0.7649292306751199,0.47272916666666664
25,2.0,aligned,available,4,-0.005875126162546707,-0.6697992312238278,0.47272916666666664
25,2.0,aligned,available,5,0.003489488490299175,0.2540931552964952,0.47272916666666664
25,2.0,aligned,available,6,0.0030852569575392508,-0.5214132186185181,0.47272916666666664
25,2.0,aligned,available,7,-0.002133245206851389,0.011651373710294344,0.47272916666666664
25,2.0,aligned,available,8,-0.00383731149423705,0.8108894914453822,0.47272916666666664
25,2.0,aligned,available,9,-0.011314773296285108,0.3017033757000931,0.47272916666666664
25,2.0,aligned,available,10,0.005535146140256408,-0.6889931805931028,0.47272916666666664
25,2.0,aligned,available,11,0.010525531064419912,-0.041898844789328656,0.47272916666666664
25,2.0,aligned,available,12,0.045609840720757445,0.04578399586748184,0.47272916666666664
25,2.0,aligned,available,13,-0.005964848385720811,-0.46934477976661887,0.47272916666666664
25,2.0,aligned,available,14,0.00822768462642548,0.32924162446673266,0.47272916666666664
25,2.0,aligned,available,15,-0.007124905759539613,0.5460770268648198,0.47272916666666664
25,2.0,aligned,available,16,-0.0012907707882138242,0.9163263567439406,0.47272916666666664
25,2.0,aligned,available,17,0.0007686644642146967,0.43418338843832777,0.47272916666666664
25,2.0,aligned,available,18,-0.008858344811878527,-0.49780535068125087,0.47272916666666664
25,2.0,aligned,available,19,0.008924367644426057,0.29897251711922856,0.47272916666666664
25,2.0,aligned,available,20,-0.0033343587201252745,0.34683007595905835,0.47272916666666664
25,2.0,aligned,available,21,-0.00607021931922902,-0.8835006012665085,0.47272916666666664
25,2.0,aligned,available,22,-0.02702282940697215,-0.41961218605372985,0.47272916666666664
25,2.0,aligned,available,23,0.019504171227496703,0.5489800627554514,0.47272916666666664
25,2.0,aligned,available,24,-0.01672935886425575,-0.5325873479156309,0.47272916666666664
25,2.0,aligned,available,25,0.02591280660423373,0.14735858530084012,0.47272916666666664
25,2.0,aligned,available,26,0.007077434552753725,0.28239820451926584,0.47272916666666664
25,2.0,aligned,available,27,-0.014921044234759429,-0.4446933491140798,0.47272916666666664
25,2.0,aligned,available,28,0.0006458240510386348,-0.6336446759582065,0.47272916666666664
25,2.0,aligned,available,29,0.007663838452314331,0.5589039485512124,0.47272916666666664
25,2.0,aligned,available,30,0.021692636228869577,0.48114708259171696,0.47272916666666664
25,2.0,aligned,available,31,-0.0023457811359876013,-0.622148192012422,0.47272916666666664
25,2.0,aligned,available,32,0.029368517388896676,0.6056591825640183,0.47272916666666664
25,2.0,aligned,available,33,-0.020905278309389597,-0.1681282501164118,0.47272916666666664
25,2.0,aligned,available,34,-0.017415445427659826,-0.3132591194884835,0.47272916666666664
25,2.0,aligned,available,35,-0.015187266361269158,0.5098315143083997,0.47272916666666664
25,2.0,aligned,available,36,0.007446376967489954,0.7181096439732184,0.47272916666666664
25,2.0,aligned,available,37,0.008484306852720058,-0.6369899245553421,0.47272916666666664
25,2.0,aligned,available,38,-0.00945791338237345,-0.7820922738301926,0.47272916666666664
25,2.0,aligned,available,39,0.004453997240065399,0.2890110084341957,0.47272916666666664
25,2.0,aligned,available,40,-0.008264023790167774,-0.6111746398840766,0.47272916666666664
25,2.0,aligned,available,41,-0.003933801195134,0.019150661495969813,0.47272916666666664
25,2.0,aligned,available,42,0.0015446075057696795,0.9464962110318601,0.47272916666666664
25,2.0,aligned,available,43,-0.005727693078556195,0.34288394119401333,0.47272916666666664
25,2.0,aligned,available,44,-0.004915722499584829,-0.801811022787261,0.47272916666666664
25,2.0,aligned,available,45,-0.005532380976410012,-0.3736325257805315,0.47272916666666664
25,2.0,aligned,available,46,0.014323507399366608,0.4893801275695019,0.47272916666666664
25,2.0,aligned,available,47,0.009660901736587152,0.07097043745875545,0.47272916666666664
25,2.0,aligned,available,48,-0.014248371179983677,-0.8261712963589248,0.47272916666666664
25,2.0,aligned,available,49,-0.0003699323578056357,-0.4443570556132357,0.47272916666666664
25,2.0,aligned,available,50,0.010578344886063906,0.7550393592232802,0.47272916666666664
25,2.0,aligned,available,51,-0.01280588282962744,0.2608266468046845,0.47272916666666664
25,2.0,aligned,available,52,-0.0026107590544254267,0.1974152547325734,0.47272916666666664
25,2.0,aligned,available,53,0.0028439030993313574,0.30496200453040473,0.47272916666666664
25,2.0,aligned,available,54,0.002221982804966771,0.8364406626625325,0.47272916666666664
25,2.0,aligned,available,55,-0.009080400889609264,-0.5397379831447195,0.47272916666666664
25,2.0,aligned,available,56,0.004690604822592093,0.5130317462593624,0.47272916666666664
25,2.0,aligned,available,57,-0.011210976673284967,-0.6463902093749194,0.47272916666666664
25,2.0,aligned,available,58,0.0023940218574255816,0.016689927105298038,0.47272916666666664
25,2.0,aligned,available,59,0.0032570554498995152,0.610689309812563,0.47272916666666664
25,2.0,aligned,available,60,-0.032771606692526385,0.018550501885779207,0.47272916666666664
25,2.0,aligned,available,61,-0.00811446149293965,-0.08005307487485369,0.47272916666666664
25,2.0,aligned,available,62,0.001484076647062016,0.1946883895078445,0.47272916666666664
25,2.0,aligned,available,63,-0.013116622908450282,0.3635971365993897,0.47272916666666664
25,2.0,aligned,available,64,-0.0026691299255131584,-0.8463823751131347,0.47272916666666664
25,2.0,aligned,available,65,0.01067003575586245,-0.6452091772369103,0.47272916666666664
25,2.0,aligned,mi_obs,0,-0.01890739878740938,-0.4756109415219776,0.47272916666666664
25,2.0,aligned,mi_obs,1,-0.011090148044646475,-0.37082032330094694,0.47272916666666664
25,2.0,aligned,mi_obs,2,0.05381399785363383,0.42625438265703885,0.47272916666666664
25,2.0,aligned,mi_obs,3,0.04551850905098964,0.7649292306751199,0.47272916666666664
25,2.0,aligned,mi_obs,4,-0.06926882883254748,-0.6697992312238278,0.47272916666666664
25,2.0,aligned,mi_obs,5,0.013845004217125312,0.2540931552964952,0.47272916666666664
25,2.0,aligned,mi_obs,6,-0.02600369109210865,-0.5214132186185181,0.47272916666666664
25,2.0,aligned,mi_obs,7,-0.012735163537029158,0.011651373710294344,0.47272916666666664
25,2.0,aligned,mi_obs,8,0.03358855909872671,0.8108894914453822,0.47272916666666664
25,2.0,aligned,mi_obs,9,-0.007076523319874073,0.3017033757000931,0.47272916666666664
25,2.0,aligned,mi_obs,10,-0.01987627462801178,-0.6889931805931028,0.47272916666666664
25,2.0,aligned,mi_obs,11,-0.006578089410307707,-0.041898844789328656,0.47272916666666664
25,2.0,aligned,mi_obs,12,0.009290768800190322,0.04578399586748184,0.47272916666666664
25,2.0,aligned,mi_obs,13,-0.014739528503597443,-0.46934477976661887,0.47272916666666664
25,2.0,aligned,mi_obs,14,0.029582772815580083,0.32924162446673266,0.47272916666666664
25,2.0,aligned,mi_obs,15,-0.002718503236889269,0.5460770268648198,0.47272916666666664
25,2.0,aligned,mi_obs,16,0.007304517406545585,0.9163263567439406,0.47272916666666664
25,2.0,aligned,mi_obs,17,0.03564139536682681,0.43418338843832777,0.47272916666666664
25,2.0,aligned,mi_obs,18,-0.007733931763044599,-0.49780535068125087,0.47272916666666664
25,2.0,aligned,mi_obs,19,0.01800956006517157,0.29897251711922856,0.47272916666666664
25,2.0,aligned,mi_obs,20,-0.0017734607143137793,0.34683007595905835,0.47272916666666664
25,2.0,aligned,mi_obs,21,-0.050867291098512846,-0.8835006012665085,0.47272916666666664
25,2.0,aligned,mi_obs,22,-0.0448632815774575,-0.41961218605372985,0.47272916666666664
25,2.0,aligned,mi_obs,23,0.06703764119091404,0.5489800627554514,0.47272916666666664
25,2.0,aligned,mi_obs,24,-0.035467805618418335,-0.5325873479156309,0.47272916666666664
25,2.0,aligned,mi_obs,25,0.011577732132870444,0.14735858530084012,0.47272916666666664
25,2.0,aligned,mi_obs,26,0.07325189749596422,0.28239820451926584,0.47272916666666664
25,2.0,aligned,mi_obs,27,-0.012077604479616477,-0.4446933491140798,0.47272916666666664
25,2.0,aligned,mi_obs,28,-0.026409764443302897,-0.6336446759582065,0.47272916666666664
25,2.0,aligned,mi_obs,29,0.021303727622005608,0.5589039485512124,0.47272916666666664
25,2.0,aligned,mi_obs,30,0.029561616693059956,0.48114708259171696,0.47272916666666664
25,2.0,aligned,mi_obs,31,-0.07330050153412015,-0.622148192012422,0.47272916666666664
25,2.0,aligned,mi_obs,32,0.04326285869332214,0.6056591825640183,0.47272916666666664
25,2.0,aligned,mi_obs,33,-0.011446331702639034,-0.1681282501164118,0.47272916666666664
25,2.0,aligned,mi_obs,34,-0.054800467235066375,-0.3132591194884835,0.47272916666666664
25,2.0,aligned,mi_obs,35,0.01858443563140122,0.5098315143083997,0.47272916666666664
25,2.0,aligned,mi_obs,36,0.04811036008505398,0.7181096439732184,0.47272916666666664
25,2.0,aligned,mi_obs,37,-0.028159808525012542,-0.6369899245553421,0.47272916666666664
25,2.0,aligned,mi_obs,38,-0.07276191801797538,-0.7820922738301926,0.47272916666666664
25,2.0,aligned,mi_obs,39,0.01918589539611215,0.2890110084341957,0.47272916666666664
25,2.0,aligned,mi_obs,40,-0.02685888083380583,-0.6111746398840766,0.47272916666666664
25,2.0,aligned,mi_obs,41,-0.031140146834039394,0.019150661495969813,0.47272916666666664
25,2.0,aligned,mi_obs,42,0.02956852357732276,0.9464962110318601,0.47272916666666664
25,2.0,aligned,mi_obs,43,-0.00274023876584617,0.34288394119401333,0.47272916666666664
25,2.0,aligned,mi_obs,44,-0.022189713463363514,-0.801811022787261,0.47272916666666664
25,2.0,aligned,mi_obs,45,-0.03796833375992237,-0.3736325257805315,0.47272916666666664
25,2.0,aligned,mi_obs,46,0.04906475963639956,0.4893801275695019,0.47272916666666664
25,2.0,aligned,mi_obs,47,0.0433838925084213,0.07097043745875545,0.47272916666666664
25,2.0,aligned,mi_obs,48,-0.06570623407927867,-0.8261712963589248,0.47272916666666664
25,2.0,aligned,mi_obs,49,-0.02834593822952114,-0.4443570556132357,0.47272916666666664
25,2.0,aligned,mi_obs,50,0.054071885688455334,0.7550393592232802,0.47272916666666664
25,2.0,aligned,mi_obs,51,-0.009506210873361787,0.2608266468046845,0.47272916666666664
25,2.0,aligned,mi_obs,52,0.0023052130735209675,0.1974152547325734,0.47272916666666664
25,2.0,aligned,mi_obs,53,0.014881263494011365,0.30496200453040473,0.47272916666666664
25,2.0,aligned,mi_obs,54,0.04340765890442899,0.8364406626625325,0.47272916666666664
25,2.0,aligned,mi_obs,55,-0.02200411852570805,-0.5397379831447195,0.47272916666666664
25,2.0,aligned,mi_obs,56,0.03154525865581148,0.5130317462593624,0.47272916666666664
25,2.0,aligned,mi_obs,57,-0.016600857433965666,-0.6463902093749194,0.47272916666666664
25,2.0,aligned,mi_obs,58,0.002263794496087084,0.016689927105298038,0.47272916666666664
25,2.0,aligned,mi_obs,59,0.009994624907151306,0.610689309812563,0.47272916666666664
25,2.0,aligned,mi_obs,60,-0.026495384431832265,0.018550501885779207,0.47272916666666664
25,2.0,aligned,mi_obs,61,-0.034474085415500594,-0.08005307487485369,0.47272916666666664
25,2.0,aligned,mi_obs,62,0.03478284806755216,0.1946883895078445,0.47272916666666664
25,2.0,aligned,mi_obs,63,-0.012687466988533402,0.3635971365993897,0.47272916666666664
25,2.0,aligned,mi_obs,64,-0.007727636404442295,-0.8463823751131347,0.47272916666666664
25,2.0,aligned,mi_obs,65,-0.009611892495826502,-0.6452091772369103,0.47272916666666664
25,2.0,aligned,mi_class,0,0.1148199431289117,-0.4756109415219776,0.47272916666666664
25,2.0,aligned,mi_class,1,0.02806990317445679,-0.37082032330094694,0.47272916666666664
25,2.0,aligned,mi_class,2,-0.05029824089894863,0.42625438265703885,0.47272916666666664
25,2.0,aligned,mi_class,3,-0.23855650490308855,0.7649292306751199,0.47272916666666664
25,2.0,aligned,mi_class,4,0.19218392755203528,-0.6697992312238278,0.47272916666666664
25,2.0,aligned,mi_class,5,-0.02688058852268016,0.2540931552964952,0.47272916666666664
25,2.0,aligned,mi_class,6,0.0811027443829257,-0.5214132186185181,0.47272916666666664
25,2.0,aligned,mi_class,7,-0.01625859537616458,0.011651373710294344,0.47272916666666664
25,2.0,aligned,mi_class,8,-0.13431227380677646,0.8108894914453822,0.47272916666666664
25,2.0,aligned,mi_class,9,-0.0036713997425059097,0.3017033757000931,0.47272916666666664
25,2.0,aligned,mi_class,10,0.057185294031392164,-0.6889931805931028,0.47272916666666664
25,2.0,aligned,mi_class,11,0.011505070599058045,-0.041898844789328656,0.47272916666666664
25,2.0,aligned,mi_class,12,0.0017132467289629194,0.04578399586748184,0.47272916666666664
25,2.0,aligned,mi_class,13,0.10533048567736297,-0.46934477976661887,0.47272916666666664
25,2.0,aligned,mi_class,14,-0.10998532255706411,0.32924162446673266,0.47272916666666664
25,2.0,aligned,mi_class,15,-0.18697675796378105,0.5460770268648198,0.47272916666666664
25,2.0,aligned,mi_class,16,-0.12957380613464253,0.9163263567439406,0.47272916666666664
25,2.0,aligned,mi_class,17,-0.13682565185102613,0.43418338843832777,0.47272916666666664
25,2.0,aligned,mi_class,18,0.06685344638785684,-0.49780535068125087,0.47272916666666664
25,2.0,aligned,mi_class,19,0.009873439942564732,0.29897251711922856,0.47272916666666664
25,2.0,aligned,mi_class,20,-0.01809132760875909,0.34683007595905835,0.47272916666666664
25,2.0,aligned,mi_class,21,0.042262576303543686,-0.8835006012665085,0.47272916666666664
25,2.0,aligned,mi_class,22,0.11774479402712723,-0.41961218605372985,0.47272916666666664
25,2.0,aligned,mi_class,23,-0.14135603981236572,0.5489800627554514,0.47272916666666664
25,2.0,aligned,mi_class,24,0.17020839091731482,-0.5325873479156309,0.47272916666666664
25,2.0,aligned,mi_class,25,0.008102591822119282,0.14735858530084012,0.47272916666666664
25,2.0,aligned,mi_class,26,-0.09702579521104385,0.28239820451926584,0.47272916666666664
25,2.0,aligned,mi_class,27,-0.0172356683301903,-0.4446933491140798,0.47272916666666664
25,2.0,aligned,mi_class,28,0.001293566978022298,-0.6336446759582065,0.47272916666666664
25,2.0,aligned,mi_class,29,0.007646350186648276,0.5589039485512124,0.47272916666666664
25,2.0,aligned,mi_class,30,-0.20754232128084243,0.48114708259171696,0.47272916666666664
25,2.0,aligned,mi_class,31,0.1910955051616568,-0.622148192012422,0.47272916666666664
25,2.0,aligned,mi_class,32,-0.18585942898690883,0.6056591825640183,0.47272916666666664
25,2.0,aligned,mi_class,33,0.022374522102955846,-0.1681282501164118,0.47272916666666664
25,2.0,aligned,mi_class,34,0.09400962125066656,-0.3132591194884835,0.47272916666666664
25,2.0,aligned,mi_class,35,-0.062158018866503795,0.5098315143083997,0.47272916666666664
25,2.0,aligned,mi_class,36,-0.010950728688171818,0.7181096439732184,0.47272916666666664
25,2.0,aligned,mi_class,37,0.01740615587424288,-0.6369899245553421,0.47272916666666664
25,2.0,aligned,mi_class,38,0.08846610508722141,-0.7820922738301926,0.47272916666666664
25,2.0,aligned,mi_class,39,-0.03125820306932009,0.2890110084341957,0.47272916666666664
25,2.0,aligned,mi_class,40,0.09614257074683519,-0.6111746398840766,0.47272916666666664
25,2.0,aligned,mi_class,41,-0.023020954259484618,0.019150661495969813,0.47272916666666664
25,2.0,aligned,mi_class,42,-0.21846383547074832,0.9464962110318601,0.47272916666666664
25,2.0,aligned,mi_class,43,-0.1333214811675828,0.34288394119401333,0.47272916666666664
25,2.0,aligned,mi_class,44,0.22583019100005697,-0.801811022787261,0.47272916666666664
25,2.0,aligned,mi_class,45,-0.011979356426800536,-0.3736325257805315,0.47272916666666664
25,2.0,aligned,mi_class,46,-0.10039332569740728,0.4893801275695019,0.47272916666666664
25,2.0,aligned,mi_class,47,0.02287777470098397,0.07097043745875545,0.47272916666666664
25,2.0,aligned,mi_class,48,0.13367691643467738,-0.8261712963589248,0.47272916666666664
25,2.0,aligned,mi_class,49,0.08899002060027089,-0.4443570556132357,0.47272916666666664
25,2.0,aligned,mi_class,50,-0.16095914335607797,0.7550393592232802,0.47272916666666664
25,2.0,aligned,mi_class,51,-0.06961669207461355,0.2608266468046845,0.47272916666666664
25,2.0,aligned,mi_class,52,0.000928185725541153,0.1974152547325734,0.47272916666666664
25,2.0,aligned,mi_class,53,-0.043153438848331116,0.30496200453040473,0.47272916666666664
25,2.0,aligned,mi_class,54,-0.18315092822304868,0.8364406626625325,0.47272916666666664
25,2.0,aligned,mi_class,55,0.11669379773610072,-0.5397379831447195,0.47272916666666664
25,2.0,aligned,mi_class,56,-0.10740672111148275,0.5130317462593624,0.47272916666666664
25,2.0,aligned,mi_class,57,0.12397589775832107,-0.6463902093749194,0.47272916666666664
25,2.0,aligned,mi_class,58,-0.00685573289857006,0.016689927105298038,0.47272916666666664
25,2.0,aligned,mi_class,59,-0.04711110669442886,0.610689309812563,0.47272916666666664
25,2.0,aligned,mi_class,60,-0.008506766548261307,0.018550501885779207,0.47272916666666664
25,2.0,aligned,mi_class,61,0.01701204883533769,-0.08005307487485369,0.47272916666666664
25,2.0,aligned,mi_class,62,-0.0387559804147089,0.1946883895078445,0.47272916666666664
25,2.0,aligned,mi_class,63,-0.016720517370050092,0.3635971365993897,0.47272916666666664
25,2.0,aligned,mi_class,64,0.04140990319476745,-0.8463823751131347,0.47272916666666664
25,2.0,aligned,mi_class,65,0.004020257924095438,-0.6452091772369103,0.47272916666666664
25,2.0,aligned,mi_site,0,0.028441711469355424,-0.4756109415219776,0.47272916666666664
25,2.0,aligned,mi_site,1,0.04677251165690477,-0.37082032330094694,0.47272916666666664
25,2.0,aligned,mi_site,2,-0.07675996898073523,0.42625438265703885,0.47272916666666664
25,2.0,aligned,mi_site,3,-0.07396012262943308,0.7649292306751199,0.47272916666666664
25,2.0,aligned,mi_site,4,0.020580028764067393,-0.6697992312238278,0.47272916666666664
25,2.0,aligned,mi_site,5,-0.01667621254965032,0.2540931552964952,0.47272916666666664
25,2.0,aligned,mi_site,6,0.03818281105749771,-0.5214132186185181,0.47272916666666664
25,2.0,aligned,mi_site,7,-0.04045808984736493,0.011651373710294344,0.47272916666666664
25,2.0,aligned,mi_site,8,-0.06397631170182472,0.8108894914453822,0.47272916666666664
25,2.0,aligned,mi_site,9,-0.07526474845086262,0.3017033757000931,0.47272916666666664
25,2.0,aligned,mi_site,10,0.06083135061034772,-0.6889931805931028,0.47272916666666664
25,2.0,aligned,mi_site,11,-0.01377296558197974,-0.041898844789328656,0.47272916666666664
25,2.0,aligned,mi_site,12,0.011797775574650726,0.04578399586748184,0.47272916666666664
25,2.0,aligned,mi_site,13,0.02379849234917092,-0.46934477976661887,0.47272916666666664
25,2.0,aligned,mi_site,14,0.012559745749210816,0.32924162446673266,0.47272916666666664
25,2.0,aligned,mi_site,15,-0.01962265681998443,0.5460770268648198,0.47272916666666664
25,2.0,aligned,mi_site,16,-0.03416741497177456,0.9163263567439406,0.47272916666666664
25,2.0,aligned,mi_site,17,0.036510481456870136,0.43418338843832777,0.47272916666666664
25,2.0,aligned,mi_site,18,0.02551387907301894,-0.49780535068125087,0.47272916666666664
25,2.0,aligned,mi_site,19,-0.07170433237795626,0.29897251711922856,0.47272916666666664
25,2.0,aligned,mi_site,20,-0.021281814792159903,0.34683007595905835,0.47272916666666664
25,2.0,aligned,mi_site,21,0.04113778240464927,-0.8835006012665085,0.47272916666666664
25,2.0,aligned,mi_site,22,0.0011485370905670034,-0.41961218605372985,0.47272916666666664
25,2.0,aligned,mi_site,23,0.00033995491261140653,0.5489800627554514,0.47272916666666664
25,2.0,aligned,mi_site,24,-0.024844204714308926,-0.5325873479156309,0.47272916666666664
25,2.0,aligned,mi_site,25,-0.002739218468470528,0.14735858530084012,0.47272916666666664
25,2.0,aligned,mi_site,26,0.0576418974161525,0.28239820451926584,0.47272916666666664
25,2.0,aligned,mi_site,27,0.0021866851137884447,-0.4446933491140798,0.47272916666666664
25,2.0,aligned,mi_site,28,0.13775966831116337,-0.6336446759582065,0.47272916666666664
25,2.0,aligned,mi_site,29,-0.022002064212675254,0.5589039485512124,0.47272916666666664
25,2.0,aligned,mi_site,30,-0.05330642709143607,0.48114708259171696,0.47272916666666664
25,2.0,aligned,mi_site,31,0.0552712400752865,-0.622148192012422,0.47272916666666664
25,2.0,aligned,mi_site,32,-0.048952371035396625,0.6056591825640183,0.47272916666666664
25,2.0,aligned,mi_site,33,0.019124106524884416,-0.1681282501164118,0.47272916666666664
25,2.0,aligned,mi_site,34,-0.011094206457096467,-0.3132591194884835,0.47272916666666664
25,2.0,aligned,mi_site,35,-0.059264750665170285,0.5098315143083997,0.47272916666666664
25,2.0,aligned,mi_site,36,-0.20120106714239028,0.7181096439732184,0.47272916666666664
25,2.0,aligned,mi_site,37,0.08536108488558924,-0.6369899245553421,0.47272916666666664
25,2.0,aligned,mi_site,38,-0.027773545520356713,-0.7820922738301926,0.47272916666666664
25,2.0,aligned,mi_site,39,0.004127168035224504,0.2890110084341957,0.47272916666666664
25,2.0,aligned,mi_site,40,-0.021808223059730625,-0.6111746398840766,0.47272916666666664
25,2.0,aligned,mi_site,41,-0.05735501358589735,0.019150661495969813,0.47272916666666664
25,2.0,aligned,mi_site,42,-0.003555111393637289,0.9464962110318601,0.47272916666666664
25,2.0,aligned,mi_site,43,-0.07168802856057593,0.34288394119401333,0.47272916666666664
25,2.0,aligned,mi_site,44,0.010448595388985127,-0.801811022787261,0.47272916666666664
25,2.0,aligned,mi_site,45,-0.016409381600278994,-0.3736325257805315,0.47272916666666664
25,2.0,aligned,mi_site,46,0.04270993933181666,0.4893801275695019,0.47272916666666664
25,2.0,aligned,mi_site,47,0.04888732760560342,0.07097043745875545,0.47272916666666664
25,2.0,aligned,mi_site,48,-0.03824441764120168,-0.8261712963589248,0.47272916666666664
25,2.0,aligned,mi_site,49,0.0925968406471237,-0.4443570556132357,0.47272916666666664
25,2.0,aligned,mi_site,50,-0.0013564962875938225,0.7550393592232802,0.47272916666666664
25,2.0,aligned,mi_site,51,-0.011758549263151757,0.2608266468046845,0.47272916666666664
25,2.0,aligned,mi_site,52,-0.012332488941603215,0.1974152547325734,0.47272916666666664
25,2.0,aligned,mi_site,53,0.01647448071018398,0.30496200453040473,0.47272916666666664
25,2.0,aligned,mi_site,54,-0.16385467924320996,0.8364406626625325,0.47272916666666664
25,2.0,aligned,mi_site,55,-0.003915348325496448,-0.5397379831447195,0.47272916666666664
25,2.0,aligned,mi_site,56,0.037955801840616754,0.5130317462593624,0.47272916666666664
25,2.0,aligned,mi_site,57,-0.023064174812518434,-0.6463902093749194,0.47272916666666664
25,2.0,aligned,mi_site,58,-0.012630887011243395,0.016689927105298038,0.47272916666666664
25,2.0,aligned,mi_site,59,-0.008246190272457765,0.610689309812563,0.47272916666666664
25,2.0,aligned,mi_site,60,-0.06845952824634731,0.018550501885779207,0.47272916666666664
25,2.0,aligned,mi_site,61,0.006902399264400866,-0.08005307487485369,0.47272916666666664
25,2.0,aligned,mi_site,62,0.04617836081605195,0.1946883895078445,0.47272916666666664
25,2.0,aligned,mi_site,63,-0.07347355242704923,0.3635971365993897,0.47272916666666664
25,2.0,aligned,mi_site,64,0.01783901700454671,-0.8463823751131347,0.47272916666666664
25,2.0,aligned,mi_site,65,0.14160479521118507,-0.6452091772369103,0.47272916666666664
25,2.0,closed,available,0,-0.003747804775661334,-0.4756109415219776,0.47272916666666664
25,2.0,closed,available,1,-0.010867744866044804,-0.37082032330094694,0.47272916666666664
25,2.0,closed,available,2,0.008303814643278895,0.42625438265703885,0.47272916666666664
25,2.0,closed,available,3,0.0013583103842845778,0.7649292306751199,0.47272916666666664
25,2.0,closed,available,4,0.0015458384554436488,-0.6697992312238278,0.47272916666666664
25,2.0,closed,available,5,0.0061296845147373324,0.2540931552964952,0.47272916666666664
25,2.0,closed,available,6,0.0034142604961050482,-0.5214132186185181,0.47272916666666664
25,2.0,closed,available,7,0.005258993643078538,0.011651373710294344,0.47272916666666664
25,2.0,closed,available,8,0.0017894411042047587,0.8108894914453822,0.47272916666666664
25,2.0,closed,available,9,-0.004714397977702456,0.3017033757000931,0.47272916666666664
25,2.0,closed,available,10,-0.0022396237388675466,-0.6889931805931028,0.47272916666666664
25,2.0,closed,available,11,-0.0017168161309799729,-0.041898844789328656,0.47272916666666664
25,2.0,closed,available,12,0.01110873875297285,0.04578399586748184,0.47272916666666664
25,2.0,closed,available,13,0.007051296487961323,-0.46934477976661887,0.47272916666666664
25,2.0,closed,available,14,-0.0078033403076921415,0.32924162446673266,0.47272916666666664
25,2.0,closed,available,15,0.004790522085830751,0.5460770268648198,0.47272916666666664
25,2.0,closed,available,16,-0.0007116441508502325,0.9163263567439406,0.47272916666666664
25,2.0,closed,available,17,-0.00019169956482478767,0.43418338843832777,0.47272916666666664
25,2.0,closed,available,18,0.011481407448864334,-0.49780535068125087,0.47272916666666664
25,2.0,closed,available,19,-0.0013054515030418434,0.29897251711922856,0.47272916666666664
25,2.0,closed,available,20,0.00023884890907649448,0.34683007595905835,0.47272916666666664
25,2.0,closed,available,21,-0.0025497838883700163,-0.8835006012665085,0.47272916666666664
25,2.0,closed,available,22,-0.003227162383251936,-0.41961218605372985,0.47272916666666664
25,2.0,closed,available,23,0.007615160532836063,0.5489800627554514,0.47272916666666664
25,2.0,closed,available,24,-0.010134031986598013,-0.5325873479156309,0.47272916666666664
25,2.0,closed,available,25,0.003259326569220955,0.14735858530084012,0.47272916666666664
25,2.0,closed,available,26,0.005773505497148057,0.28239820451926584,0.47272916666666664
25,2.0,closed,available,27,-0.029007276065160736,-0.4446933491140798,0.47272916666666664
25,2.0,closed,available,28,-0.01532360493494267,-0.6336446759582065,0.47272916666666664
25,2.0,closed,available,29,0.011687588919774172,0.5589039485512124,0.47272916666666664
25,2.0,closed,available,30,-0.0006741575795475296,0.48114708259171696,0.47272916666666664
25,2.0,closed,available,31,-0.004278854662989273,-0.622148192012422,0.47272916666666664
25,2.0,closed,available,32,0.0014459856466060295,0.6056591825640183,0.47272916666666664
25,2.0,closed,available,33,-0.005308574868228694,-0.1681282501164118,0.47272916666666664
25,2.0,closed,available,34,-0.014311159746803026,-0.3132591194884835,0.47272916666666664
25,2.0,closed,available,35,0.014387148471867395,0.5098315143083997,0.47272916666666664
25,2.0,closed,available,36,0.02131530180704111,0.7181096439732184,0.47272916666666664
25,2.0,closed,available,37,-0.009047111310501954,-0.6369899245553421,0.47272916666666664
25,2.0,closed,available,38,-0.00027883940713191446,-0.7820922738301926,0.47272916666666664
25,2.0,closed,available,39,0.002334050655502129,0.2890110084341957,0.47272916666666664
25,2.0,closed,available,40,-0.0012531671064849315,-0.6111746398840766,0.47272916666666664
25,2.0,closed,available,41,0.0017285021838356895,0.019150661495969813,0.47272916666666664
25,2.0,closed,available,42,-0.0008665411084390895,0.9464962110318601,0.47272916666666664
25,2.0,closed,available,43,0.005810678034951833,0.34288394119401333,0.47272916666666664
25,2.0,closed,available,44,0.00016964046406331423,-0.801811022787261,0.47272916666666664
25,2.0,closed,available,45,-0.010310535727080183,-0.3736325257805315,0.47272916666666664
25,2.0,closed,available,46,-0.001737268823363669,0.4893801275695019,0.47272916666666664
25,2.0,closed,available,47,0.0002369990197632621,0.07097043745875545,0.47272916666666664
25,2.0,closed,available,48,-0.002835152372347438,-0.8261712963589248,0.47272916666666664
25,2.0,closed,available,49,-0.016005978062590465,-0.4443570556132357,0.47272916666666664
25,2.0,closed,available,50,0.004437114451323776,0.7550393592232802,0.47272916666666664
25,2.0,closed,available,51,0.005392182605871487,0.2608266468046845,0.47272916666666664
25,2.0,closed,available,52,0.006915246063748132,0.1974152547325734,0.47272916666666664
25,2.0,closed,available,53,0.02109944139979092,0.30496200453040473,0.47272916666666664
25,2.0,closed,available,54,-0.005886849303029074,0.8364406626625325,0.47272916666666664
25,2.0,closed,available,55,-0.004520469930782589,-0.5397379831447195,0.47272916666666664
25,2.0,closed,available,56,-0.0033200957130637976,0.5130317462593624,0.47272916666666664
25,2.0,closed,available,57,0.012713984387182964,-0.6463902093749194,0.47272916666666664
25,2.0,closed,available,58,-0.003970812739821521,0.016689927105298038,0.47272916666666664
25,2.0,closed,available,59,-0.005695163547056348,0.610689309812563,0.47272916666666664
25,2.0,closed,available,60,0.008638727620455314,0.018550501885779207,0.47272916666666664
25,2.0,closed,available,61,0.0018007280596584602,-0.08005307487485369,0.47272916666666664
25,2.0,closed,available,62,-0.007482341658902408,0.1946883895078445,0.47272916666666664
25,2.0,closed,available,63,-0.0018596854946469343,0.3635971365993897,0.47272916666666664
25,2.0,closed,available,64,0.002221817663631165,-0.8463823751131347,0.47272916666666664
25,2.0,closed,available,65,-0.000936432836774026,-0.6452091772369103,0.47272916666666664
25,2.0,closed,mi_obs,0,-0.021779023000564834,-0.4756109415219776,0.47272916666666664
25,2.0,closed,mi_obs,1,-0.025567210067533153,-0.37082032330094694,0.47272916666666664
25,2.0,closed,mi_obs,2,0.06150261541313756,0.42625438265703885,0.47272916666666664
25,2.0,closed,mi_obs,3,0.0501410364294429,0.7649292306751199,0.47272916666666664
25,2.0,closed,mi_obs,4,-0.060648394229768754,-0.6697992312238278,0.47272916666666664
25,2.0,closed,mi_obs,5,0.017745377000546236,0.2540931552964952,0.47272916666666664
25,2.0,closed,mi_obs,6,-0.035923884187849975,-0.5214132186185181,0.47272916666666664
25,2.0,closed,mi_obs,7,-0.02014781234510643,0.011651373710294344,0.47272916666666664
25,2.0,closed,mi_obs,8,0.035269672611291325,0.8108894914453822,0.47272916666666664
25,2.0,closed,mi_obs,9,-0.005996206594143516,0.3017033757000931,0.47272916666666664
25,2.0,closed,mi_obs,10,-0.027814926957907216,-0.6889931805931028,0.47272916666666664
25,2.0,closed,mi_obs,11,-0.004523452603212498,-0.041898844789328656,0.47272916666666664
25,2.0,closed,mi_obs,12,0.0023596260849985742,0.04578399586748184,0.47272916666666664
25,2.0,closed,mi_obs,13,-0.01420678770245315,-0.46934477976661887,0.47272916666666664
25,2.0,closed,mi_obs,14,0.01789447913825415,0.32924162446673266,0.47272916666666664
25,2.0,closed,mi_obs,15,0.0004109083676876457,0.5460770268648198,0.47272916666666664
25,2.0,closed,mi_obs,16,0.00735581726480572,0.9163263567439406,0.47272916666666664
25,2.0,closed,mi_obs,17,0.02927729485512698,0.43418338843832777,0.47272916666666664
25,2.0,closed,mi_obs,18,-0.004271347439988027,-0.49780535068125087,0.47272916666666664
25,2.0,closed,mi_obs,19,0.0065720659278006854,0.29897251711922856,0.47272916666666664
25,2.0,closed,mi_obs,20,-0.003318320525424856,0.34683007595905835,0.47272916666666664
25,2.0,closed,mi_obs,21,-0.05935298908633646,-0.8835006012665085,0.47272916666666664
25,2.0,closed,mi_obs,22,-0.04430570007086271,-0.41961218605372985,0.47272916666666664
25,2.0,closed,mi_obs,23,0.09477002082670605,0.5489800627554514,0.47272916666666664
25,2.0,closed,mi_obs,24,-0.043117728809609734,-0.5325873479156309,0.47272916666666664
25,2.0,closed,mi_obs,25,0.0153547618976147,0.14735858530084012,0.47272916666666664
25,2.0,closed,mi_obs,26,0.07617945335966397,0.28239820451926584,0.47272916666666664
25,2.0,closed,mi_obs,27,-0.02497574198677438,-0.4446933491140798,0.47272916666666664
25,2.0,closed,mi_obs,28,-0.05266217762127978,-0.6336446759582065,0.47272916666666664
25,2.0,closed,mi_obs,29,0.03687069841443347,0.5589039485512124,0.47272916666666664
25,2.0,closed,mi_obs,30,0.03719331259887354,0.48114708259171696,0.47272916666666664
25,2.0,closed,mi_obs,31,-0.08922441131234582,-0.622148192012422,0.47272916666666664
25,2.0,closed,mi_obs,32,0.032401251429792666,0.6056591825640183,0.47272916666666664
25,2.0,closed,mi_obs,33,-0.016682134876058796,-0.1681282501164118,0.47272916666666664
25,2.0,closed,mi_obs,34,-0.05221166237020475,-0.3132591194884835,0.47272916666666664
25,2.0,closed,mi_obs,35,0.031980148661948204,0.5098315143083997,0.47272916666666664
25,2.0,closed,mi_obs,36,0.050041826151737356,0.7181096439732184,0.47272916666666664
25,2.0,closed,mi_obs,37,-0.029739758378248715,-0.6369899245553421,0.47272916666666664
25,2.0,closed,mi_obs,38,-0.06601298630308505,-0.7820922738301926,0.47272916666666664
25,2.0,closed,mi_obs,39,0.019623689449164594,0.2890110084341957,0.47272916666666664
25,2.0,closed,mi_obs,40,-0.026981264476157008,-0.6111746398840766,0.47272916666666664
25,2.0,closed,mi_obs,41,-0.025884816639703087,0.019150661495969813,0.47272916666666664
25,2.0,closed,mi_obs,42,0.03080022891812295,0.9464962110318601,0.47272916666666664
25,2.0,closed,mi_obs,43,-0.003066758634831024,0.34288394119401333,0.47272916666666664
25,2.0,closed,mi_obs,44,-0.018947919831415194,-0.801811022787261,0.47272916666666664
25,2.0,closed,mi_obs,45,-0.04617050233039133,-0.3736325257805315,0.47272916666666664
25,2.0,closed,mi_obs,46,0.04360692400422439,0.4893801275695019,0.47272916666666664
25,2.0,closed,mi_obs,47,0.05009618936650179,0.07097043745875545,0.47272916666666664
25,2.0,closed,mi_obs,48,-0.05987491570610093,-0.8261712963589248,0.47272916666666664
25,2.0,closed,mi_obs,49,-0.0390906121636046,-0.4443570556132357,0.47272916666666664
25,2.0,closed,mi_obs,50,0.056085715364089794,0.7550393592232802,0.47272916666666664
25,2.0,closed,mi_obs,51,-0.0064215348443310005,0.2608266468046845,0.47272916666666664
25,2.0,closed,mi_obs,52,0.0002415560442991238,0.1974152547325734,0.47272916666666664
25,2.0,closed,mi_obs,53,0.017490143195278918,0.30496200453040473,0.47272916666666664
25,2.0,closed,mi_obs,54,0.032311728040005594,0.8364406626625325,0.47272916666666664
25,2.0,closed,mi_obs,55,-0.020581225282197968,-0.5397379831447195,0.47272916666666664
25,2.0,closed,mi_obs,56,0.026508415905344362,0.5130317462593624,0.47272916666666664
25,2.0,closed,mi_obs,57,-0.01696183728879863,-0.6463902093749194,0.47272916666666664
25,2.0,closed,mi_obs,58,-0.011034127511514346,0.016689927105298038,0.47272916666666664
25,2.0,closed,mi_obs,59,0.010077027287639817,0.610689309812563,0.47272916666666664
25,2.0,closed,mi_obs,60,-0.028327681220727364,0.018550501885779207,0.47272916666666664
25,2.0,closed,mi_obs,61,-0.056534663415584774,-0.08005307487485369,0.47272916666666664
25,2.0,closed,mi_obs,62,0.04030711323645211,0.1946883895078445,0.47272916666666664
25,2.0,closed,mi_obs,63,-0.006461773600337117,0.3635971365993897,0.47272916666666664
25,2.0,closed,mi_obs,64,-0.009295341442157268,-0.8463823751131347,0.47272916666666664
25,2.0,closed,mi_obs,65,-0.014342533449829609,-0.6452091772369103,0.47272916666666664
25,2.0,closed,mi_class,0,0.356589109027847,-0.4756109415219776,0.47272916666666664
25,2.0,closed,mi_class,1,0.14672235199130973,-0.37082032330094694,0.47272916666666664
25,2.0,closed,mi_class,2,-0.10537277345441559,0.42625438265703885,0.47272916666666664
25,2.0,closed,mi_class,3,-0.4398316355031179,0.7649292306751199,0.47272916666666664
25,2.0,closed,mi_class,4,0.25384504101847677,-0.6697992312238278,0.47272916666666664
25,2.0,closed,mi_class,5,0.10520053558157044,0.2540931552964952,0.47272916666666664
25,2.0,closed,mi_class,6,0.3005504972009266,-0.5214132186185181,0.47272916666666664
25,2.0,closed,mi_class,7,0.13471534804060664,0.011651373710294344,0.47272916666666664
25,2.0,closed,mi_class,8,-0.28834159388342995,0.8108894914453822,0.47272916666666664
25,2.0,closed,mi_class,9,0.029801443140454076,0.3017033757000931,0.47272916666666664
25,2.0,closed,mi_class,10,0.19125897123843488,-0.6889931805931028,0.47272916666666664
25,2.0,closed,mi_class,11,0.0005710861605997611,-0.041898844789328656,0.47272916666666664
25,2.0,closed,mi_class,12,2.5542503657126348e-05,0.04578399586748184,0.47272916666666664
25,2.0,closed,mi_class,13,0.26417621557210136,-0.46934477976661887,0.47272916666666664
25,2.0,closed,mi_class,14,-0.12066993056721653,0.32924162446673266,0.47272916666666664
25,2.0,closed,mi_class,15,-0.19728568209300307,0.5460770268648198,0.47272916666666664
25,2.0,closed,mi_class,16,-0.10805832317859088,0.9163263567439406,0.47272916666666664
25,2.0,closed,mi_class,17,-0.14304212569724112,0.43418338843832777,0.47272916666666664
25,2.0,closed,mi_class,18,0.06702052352015958,-0.49780535068125087,0.47272916666666664
25,2.0,closed,mi_class,19,-0.004292338810786445,0.29897251711922856,0.47272916666666664
25,2.0,closed,mi_class,20,-0.02343146068575519,0.34683007595905835,0.47272916666666664
25,2.0,closed,mi_class,21,0.010683468247123629,-0.8835006012665085,0.47272916666666664
25,2.0,closed,mi_class,22,0.1995188616230926,-0.41961218605372985,0.47272916666666664
25,2.0,closed,mi_class,23,-0.23372720120058088,0.5489800627554514,0.47272916666666664
25,2.0,closed,mi_class,24,0.24939110351289218,-0.5325873479156309,0.47272916666666664
25,2.0,closed,mi_class,25,-0.017263169067315454,0.14735858530084012,0.47272916666666664
25,2.0,closed,mi_class,26,-0.12253585206531414,0.28239820451926584,0.47272916666666664
25,2.0,closed,mi_class,27,0.040463967048312344,-0.4446933491140798,0.47272916666666664
25,2.0,closed,mi_class,28,0.0042803689135210155,-0.6336446759582065,0.47272916666666664
25,2.0,closed,mi_class,29,-0.02277471860251734,0.5589039485512124,0.47272916666666664
25,2.0,closed,mi_class,30,-0.1973331877882104,0.48114708259171696,0.47272916666666664
25,2.0,closed,mi_class,31,0.21232562029883761,-0.622148192012422,0.47272916666666664
25,2.0,closed,mi_class,32,-0.2464834801061433,0.6056591825640183,0.47272916666666664
25,2.0,closed,mi_class,33,0.02881490828304506,-0.1681282501164118,0.47272916666666664
25,2.0,closed,mi_class,34,0.12486462159164513,-0.3132591194884835,0.47272916666666664
25,2.0,closed,mi_class,35,-0.04106366040093101,0.5098315143083997,0.47272916666666664
25,2.0,closed,mi_class,36,-0.015865820841528544,0.7181096439732184,0.47272916666666664
25,2.0,closed,mi_class,37,0.04083728355894667,-0.6369899245553421,0.47272916666666664
25,2.0,closed,mi_class,38,0.14805712005208793,-0.7820922738301926,0.47272916666666664
25,2.0,closed,mi_class,39,-0.2358637620545131,0.2890110084341957,0.47272916666666664
25,2.0,closed,mi_class,40,0.24575150118561084,-0.6111746398840766,0.47272916666666664
25,2.0,closed,mi_class,41,0.00124299297185812,0.019150661495969813,0.47272916666666664
25,2.0,closed,mi_class,42,-0.3299467648753034,0.9464962110318601,0.47272916666666664
25,2.0,closed,mi_class,43,-0.11220543185130047,0.34288394119401333,0.47272916666666664
25,2.0,closed,mi_class,44,0.310914738448854,-0.801811022787261,0.47272916666666664
25,2.0,closed,mi_class,45,-0.0012789949933760258,-0.3736325257805315,0.47272916666666664
25,2.0,closed,mi_class,46,-0.08820306444544573,0.4893801275695019,0.47272916666666664
25,2.0,closed,mi_class,47,0.01195614835747165,0.07097043745875545,0.47272916666666664
25,2.0,closed,mi_class,48,0.15107892350303176,-0.8261712963589248,0.47272916666666664
25,2.0,closed,mi_class,49,0.0829720198181445,-0.4443570556132357,0.47272916666666664
25,2.0,closed,mi_class,50,-0.17027166072834576,0.7550393592232802,0.47272916666666664
25,2.0,closed,mi_class,51,-0.06103819428658083,0.2608266468046845,0.47272916666666664
25,2.0,closed,mi_class,52,-0.0010551078543275805,0.1974152547325734,0.47272916666666664
25,2.0,closed,mi_class,53,-0.06492599903451995,0.30496200453040473,0.47272916666666664
25,2.0,closed,mi_class,54,-0.21924008468447065,0.8364406626625325,0.47272916666666664
25,2.0,closed,mi_class,55,0.14327818396566339,-0.5397379831447195,0.47272916666666664
25,2.0,closed,mi_class,56,-0.0901683713744823,0.5130317462593624,0.47272916666666664
25,2.0,closed,mi_class,57,0.06903179233747692,-0.6463902093749194,0.47272916666666664
25,2.0,closed,mi_class,58,-0.009008114313482151,0.016689927105298038,0.47272916666666664
25,2.0,closed,mi_class,59,-0.019829118088109277,0.610689309812563,0.47272916666666664
25,2.0,closed,mi_class,60,0.0014878587958883985,0.018550501885779207,0.47272916666666664
25,2.0,closed,mi_class,61,0.016958194952004804,-0.08005307487485369,0.47272916666666664
25,2.0,closed,mi_class,62,-0.051132794763661005,0.1946883895078445,0.47272916666666664
25,2.0,closed,mi_class,63,-0.012006404188656894,0.3635971365993897,0.47272916666666664
25,2.0,closed,mi_class,64,0.04646237050673274,-0.8463823751131347,0.47272916666666664
25,2.0,closed,mi_class,65,-0.0022449396040782332,-0.6452091772369103,0.47272916666666664
25,2.0,closed,mi_site,0,-0.02032183562371448,-0.4756109415219776,0.47272916666666664
25,2.0,closed,mi_site,1,-0.026228265477832968,-0.37082032330094694,0.47272916666666664
25,2.0,closed,mi_site,2,0.03792169050426991,0.42625438265703885,0.47272916666666664
25,2.0,closed,mi_site,3,0.04527941715478123,0.7649292306751199,0.47272916666666664
25,2.0,closed,mi_site,4,-0.05342420832026917,-0.6697992312238278,0.47272916666666664
25,2.0,closed,mi_site,5,0.010233166712811548,0.2540931552964952,0.47272916666666664
25,2.0,closed,mi_site,6,-0.03106574619702862,-0.5214132186185181,0.47272916666666664
25,2.0,closed,mi_site,7,-0.008791305322292855,0.011651373710294344,0.47272916666666664
25,2.0,closed,mi_site,8,0.03155637183738147,0.8108894914453822,0.47272916666666664
25,2.0,closed,mi_site,9,-0.0035631923749719907,0.3017033757000931,0.47272916666666664
25,2.0,closed,mi_site,10,-0.02290656880258679,-0.6889931805931028,0.47272916666666664
25,2.0,closed,mi_site,11,-0.004486056943877048,-0.041898844789328656,0.47272916666666664
25,2.0,closed,mi_site,12,0.012461709214772194,0.04578399586748184,0.47272916666666664
25,2.0,closed,mi_site,13,-0.01402476864198382,-0.46934477976661887,0.47272916666666664
25,2.0,closed,mi_site,14,0.01800788273395021,0.32924162446673266,0.47272916666666664
25,2.0,closed,mi_site,15,0.0012899827132815123,0.5460770268648198,0.47272916666666664
25,2.0,closed,mi_site,16,0.00739716126346035,0.9163263567439406,0.47272916666666664
25,2.0,closed,mi_site,17,0.019133292913421973,0.43418338843832777,0.47272916666666664
25,2.0,closed,mi_site,18,-0.0025707110569030966,-0.49780535068125087,0.47272916666666664
25,2.0,closed,mi_site,19,0.0052215419710782696,0.29897251711922856,0.47272916666666664
25,2.0,closed,mi_site,20,-0.0034190860576295834,0.34683007595905835,0.47272916666666664
25,2.0,closed,mi_site,21,-0.04493475790337298,-0.8835006012665085,0.47272916666666664
25,2.0,closed,mi_site,22,-0.03620959373613075,-0.41961218605372985,0.47272916666666664
25,2.0,closed,mi_site,23,0.07392086792992747,0.5489800627554514,0.47272916666666664
25,2.0,closed,mi_site,24,-0.03868316514274406,-0.5325873479156309,0.47272916666666664
25,2.0,closed,mi_site,25,0.013148203656656504,0.14735858530084012,0.47272916666666664
25,2.0,closed,mi_site,26,0.07010746348311336,0.28239820451926584,0.47272916666666664
25,2.0,closed,mi_site,27,-0.023954560763182475,-0.4446933491140798,0.47272916666666664
25,2.0,closed,mi_site,28,-0.05071187669479649,-0.6336446759582065,0.47272916666666664
25,2.0,closed,mi_site,29,0.033762981333607334,0.5589039485512124,0.47272916666666664
25,2.0,closed,mi_site,30,0.030576255613738834,0.48114708259171696,0.47272916666666664
25,2.0,closed,mi_site,31,-0.05566388703721614,-0.622148192012422,0.47272916666666664
25,2.0,closed,mi_site,32,0.034754270832374146,0.6056591825640183,0.47272916666666664
25,2.0,closed,mi_site,33,-0.005003991231270516,-0.1681282501164118,0.47272916666666664
25,2.0,closed,mi_site,34,-0.04443732679967638,-0.3132591194884835,0.47272916666666664
25,2.0,closed,mi_site,35,0.017719795781126257,0.5098315143083997,0.47272916666666664
25,2.0,closed,mi_site,36,0.04413891763424571,0.7181096439732184,0.47272916666666664
25,2.0,closed,mi_site,37,-0.024123799393326983,-0.6369899245553421,0.47272916666666664
25,2.0,closed,mi_site,38,-0.06024339583212779,-0.7820922738301926,0.47272916666666664
25,2.0,closed,mi_site,39,0.016267081429652497,0.2890110084341957,0.47272916666666664
25,2.0,closed,mi_site,40,-0.026458124910393233,-0.6111746398840766,0.47272916666666664
25,2.0,closed,mi_site,41,-0.021635900695610347,0.019150661495969813,0.47272916666666664
25,2.0,closed,mi_site,42,0.02659178770533177,0.9464962110318601,0.47272916666666664
25,2.0,closed,mi_site,43,0.00025112409789684875,0.34288394119401333,0.47272916666666664
25,2.0,closed,mi_site,44,-0.017384619053240624,-0.801811022787261,0.47272916666666664
25,2.0,closed,mi_site,45,-0.037849738217058504,-0.3736325257805315,0.47272916666666664
25,2.0,closed,mi_site,46,0.03883034364669269,0.4893801275695019,0.47272916666666664
25,2.0,closed,mi_site,47,0.035470939506767135,0.07097043745875545,0.47272916666666664
25,2.0,closed,mi_site,48,-0.04993844491873978,-0.8261712963589248,0.47272916666666664
25,2.0,closed,mi_site,49,-0.03413503201188245,-0.4443570556132357,0.47272916666666664
25,2.0,closed,mi_site,50,0.04723501882770109,0.7550393592232802,0.47272916666666664
25,2.0,closed,mi_site,51,-0.003120266660523008,0.2608266468046845,0.47272916666666664
25,2.0,closed,mi_site,52,-0.00384960178660132,0.1974152547325734,0.47272916666666664
25,2.0,closed,mi_site,53,0.016947655026844588,0.30496200453040473,0.47272916666666664
25,2.0,closed,mi_site,54,0.027934652497669687,0.8364406626625325,0.47272916666666664
25,2.0,closed,mi_site,55,-0.019245886070392015,-0.5397379831447195,0.47272916666666664
25,2.0,closed,mi_site,56,0.014130323023958113,0.5130317462593624,0.47272916666666664
25,2.0,closed,mi_site,57,-0.014834580185322466,-0.6463902093749194,0.47272916666666664
25,2.0,closed,mi_site,58,-0.008770333903535156,0.016689927105298038,0.47272916666666664
25,2.0,closed,mi_site,59,0.007062063767952598,0.610689309812563,0.47272916666666664
25,2.0,closed,mi_site,60,-0.021192606200981727,0.018550501885779207,0.47272916666666664
25,2.0,closed,mi_site,61,-0.055710601323566256,-0.08005307487485369,0.47272916666666664
25,2.0,closed,mi_site,62,0.032951129920626016,0.1946883895078445,0.47272916666666664
25,2.0,closed,mi_site,63,-0.0009080018727725125,0.3635971365993897,0.47272916666666664
25,2.0,closed,mi_site,64,-0.008266273825388915,-0.8463823751131347,0.47272916666666664
25,2.0,closed,mi_site,65,-0.014992053420225915,-0.6452091772369103,0.47272916666666664
