rep,gamma,alignment,estimator,pair,signed_err,truth,miss_rate
29,0.0,aligned,available,0,0.0009037981284781837,0.4127991371295781,0.4699041666666667
29,0.0,aligned,available,1,0.003812033445181379,0.009345650984663546,0.4699041666666667
29,0.0,aligned,available,2,-0.007144405065030531,-0.013018906057951194,0.4699041666666667
29,0.0,aligned,available,3,-0.005914058831074764,-0.3868964993336438,0.4699041666666667
29,0.0,aligned,available,4,0.004649423382432238,-0.5556469042134218,0.4699041666666667
29,0.0,aligned,available,5,-0.007419666247096279,-0.40471102630586225,0.4699041666666667
29,0.0,aligned,available,6,-0.0032297482693000035,-0.8192559470888009,0.4699041666666667
29,0.0,aligned,available,7,-0.017489799162721087,-0.6791599648345747,0.4699041666666667
29,0.0,aligned,available,8,-0.0031680215420173963,-0.43709966965830316,0.4699041666666667
29,0.0,aligned,available,9,-0.011020838364913632,0.2408761807985929,0.4699041666666667
29,0.0,aligned,available,10,-0.0010173818263393697,-0.5059744674957407,0.4699041666666667
29,0.0,aligned,available,11,-0.003942485139139366,0.013910757513937548,0.4699041666666667
29,0.0,aligned,available,12,0.0008574306816939714,0.26358722944269874,0.4699041666666667
29,0.0,aligned,available,13,-0.009282784149661272,-0.21107349646381587,0.4699041666666667
29,0.0,aligned,available,14,-0.00017165435563445963,-0.13104368308842823,0.4699041666666667
29,0.0,aligned,available,15,-0.011443461988769721,-0.35910937345880695,0.4699041666666667
29,0.0,aligned,available,16,-0.0044687575136881375,-0.5028765095266715,0.4699041666666667
29,0.0,aligned,available,17,-0.007163298957225395,-0.4106817066231079,0.4699041666666667
29,0.0,aligned,available,18,0.021061177333220035,0.1027710590458375,0.4699041666666667
29,0.0,aligned,available,19,-0.006261516256257815,-0.3397282699475037,0.4699041666666667
29,0.0,aligned,available,20,0.0026238404290950257,-0.27128926864426606,0.4699041666666667
29,0.0,aligned,available,21,-0.012145104926354615,0.013104828970115891,0.4699041666666667
29,0.0,aligned,available,22,-0.003114986375525347,-0.005018703278302755,0.4699041666666667
29,0.0,aligned,available,23,0.022152328879813526,-0.00963814671845911,0.4699041666666667
29,0.0,aligned,available,24,0.018991555432452435,-0.009247627505032366,0.4699041666666667
29,0.0,aligned,available,25,0.007847663130099275,-0.010508490772976815,0.4699041666666667
29,0.0,aligned,available,26,0.0003517290717457203,-0.0038384552195971492,0.4699041666666667
29,0.0,aligned,available,27,0.0025179261805003727,0.0019839472406956073,0.4699041666666667
29,0.0,aligned,available,28,-0.008520310463941016,-0.0036870028422272163,0.4699041666666667
29,0.0,aligned,available,29,-0.0017212074460594253,-0.004719319283357938,0.4699041666666667
29,0.0,aligned,available,30,0.026323635747880478,0.006664297276341554,0.4699041666666667
29,0.0,aligned,available,31,0.021571174949929255,0.0043830070512935635,0.4699041666666667
29,0.0,aligned,available,32,0.007097369518192953,-0.42828715193663935,0.4699041666666667
29,0.0,aligned,available,33,0.005556719873956758,0.006792571957381686,0.4699041666666667
29,0.0,aligned,available,34,-0.0027208219282591588,0.0074084401037334035,0.4699041666666667
29,0.0,aligned,available,35,0.03342733628923132,0.004821760460053059,0.4699041666666667
29,0.0,aligned,available,36,-0.013053516868062498,-0.342473290958856,0.4699041666666667
29,0.0,aligned,available,37,0.0022694500746383026,0.006348680468771572,0.4699041666666667
29,0.0,aligned,available,38,-0.002380544916068844,0.18480236015030568,0.4699041666666667
29,0.0,aligned,available,39,0.009364605170357275,-0.029283022054769268,0.4699041666666667
29,0.0,aligned,available,40,0.009108108824533223,0.4712573106057261,0.4699041666666667
29,0.0,aligned,available,41,0.0060909288779903425,0.5754548314094087,0.4699041666666667
29,0.0,aligned,available,42,0.01023957406442455,0.36202923997608977,0.4699041666666667
29,0.0,aligned,available,43,0.014478589932836738,-0.43819363511504555,0.4699041666666667
29,0.0,aligned,available,44,0.0004994399999627142,0.7641723727502772,0.4699041666666667
29,0.0,aligned,available,45,0.00032212002406195595,0.7192689484699382,0.4699041666666667
29,0.0,aligned,available,46,-0.0020981601120882987,0.6830307344588792,0.4699041666666667
29,0.0,aligned,available,47,-0.004966853393275461,0.34207022780735735,0.4699041666666667
29,0.0,aligned,available,48,-0.012359635552574355,0.2194566367099218,0.4699041666666667
29,0.0,aligned,available,49,0.002545337072063558,-0.4669761353968746,0.4699041666666667
29,0.0,aligned,available,50,-0.0001031890383909051,0.24740003318855114,0.4699041666666667
29,0.0,aligned,available,51,0.0006411048185727131,0.5005363234896814,0.4699041666666667
29,0.0,aligned,available,52,6.550968060153872e-05,0.19105300196941713,0.4699041666666667
29,0.0,aligned,available,53,-0.01235664670943297,0.12236996738874177,0.4699041666666667
29,0.0,aligned,available,54,0.006739372763476997,0.1254713064627139,0.4699041666666667
29,0.0,aligned,available,55,0.00950085051118833,-0.03781393471215931,0.4699041666666667
29,0.0,aligned,available,56,0.002261343178149744,0.831536729612226,0.4699041666666667
29,0.0,aligned,available,57,-0.0033849213397371125,0.5330462187398586,0.4699041666666667
29,0.0,aligned,available,58,0.006433979173432858,-0.2990591954283798,0.4699041666666667
29,0.0,aligned,available,59,0.009647697948949374,0.6211586488047665,0.4699041666666667
29,0.0,aligned,available,60,0.005591832293342702,0.6386073290240767,0.4699041666666667
29,0.0,aligned,available,61,0.012530876091103205,-0.2751035820213876,0.4699041666666667
29,0.0,aligned,available,62,0.004518102594971984,0.7522012695668405,0.4699041666666667
29,0.0,aligned,available,63,-0.01200723783405458,-0.17359385288857573,0.4699041666666667
29,0.0,aligned,available,64,0.0056864629625758,0.47879090743628416,0.4699041666666667
29,0.0,aligned,available,65,0.0020300577988583424,-0.5772734473359297,0.4699041666666667
29,0.0,aligned,mi_obs,0,0.0273480322601396,0.4127991371295781,0.4699041666666667
29,0.0,aligned,mi_obs,1,0.09263540300071828,0.009345650984663546,0.4699041666666667
29,0.0,aligned,mi_obs,2,0.1174312927010472,-0.013018906057951194,0.4699041666666667
29,0.0,aligned,mi_obs,3,-0.06685233924758527,-0.3868964993336438,0.4699041666666667
29,0.0,aligned,mi_obs,4,-0.00022292434707860131,-0.5556469042134218,0.4699041666666667
29,0.0,aligned,mi_obs,5,0.04631866308989768,-0.40471102630586225,0.4699041666666667
29,0.0,aligned,mi_obs,6,-0.0549990133626993,-0.8192559470888009,0.4699041666666667
29,0.0,aligned,mi_obs,7,-0.0750024968674271,-0.6791599648345747,0.4699041666666667
29,0.0,aligned,mi_obs,8,-0.007741968700789803,-0.43709966965830316,0.4699041666666667
29,0.0,aligned,mi_obs,9,0.0016824693590776763,0.2408761807985929,0.4699041666666667
29,0.0,aligned,mi_obs,10,-0.020554916555934666,-0.5059744674957407,0.4699041666666667
29,0.0,aligned,mi_obs,11,0.04140984693297269,0.013910757513937548,0.4699041666666667
29,0.0,aligned,mi_obs,12,0.13041592560621024,0.26358722944269874,0.4699041666666667
29,0.0,aligned,mi_obs,13,-0.02194645004248874,-0.21107349646381587,0.4699041666666667
29,0.0,aligned,mi_obs,14,0.0009787779445170064,-0.13104368308842823,0.4699041666666667
29,0.0,aligned,mi_obs,15,-0.05038507586969382,-0.35910937345880695,0.4699041666666667
29,0.0,aligned,mi_obs,16,-0.02380232059387899,-0.5028765095266715,0.4699041666666667
29,0.0,aligned,mi_obs,17,-0.0018752381651021555,-0.4106817066231079,0.4699041666666667
29,0.0,aligned,mi_obs,18,0.03963047002493619,0.1027710590458375,0.4699041666666667
29,0.0,aligned,mi_obs,19,-0.00511365013295384,-0.3397282699475037,0.4699041666666667
29,0.0,aligned,mi_obs,20,-0.0008477734941418902,-0.27128926864426606,0.4699041666666667
29,0.0,aligned,mi_obs,21,-0.11557785656188664,0.013104828970115891,0.4699041666666667
29,0.0,aligned,mi_obs,22,0.07145806672958237,-0.005018703278302755,0.4699041666666667
29,0.0,aligned,mi_obs,23,0.001743049129144119,-0.00963814671845911,0.4699041666666667
29,0.0,aligned,mi_obs,24,0.0012384905288565888,-0.009247627505032366,0.4699041666666667
29,0.0,aligned,mi_obs,25,0.016775726932809258,-0.010508490772976815,0.4699041666666667
29,0.0,aligned,mi_obs,26,0.020011931091752495,-0.0038384552195971492,0.4699041666666667
29,0.0,aligned,mi_obs,27,-0.028109342597573958,0.0019839472406956073,0.4699041666666667
29,0.0,aligned,mi_obs,28,0.004526631680133217,-0.0036870028422272163,0.4699041666666667
29,0.0,aligned,mi_obs,29,0.0023767365175689425,-0.004719319283357938,0.4699041666666667
29,0.0,aligned,mi_obs,30,0.03438755253186481,0.006664297276341554,0.4699041666666667
29,0.0,aligned,mi_obs,31,0.05234192127074766,0.0043830070512935635,0.4699041666666667
29,0.0,aligned,mi_obs,32,-0.148792084935648,-0.42828715193663935,0.4699041666666667
29,0.0,aligned,mi_obs,33,-0.036693561718894985,0.006792571957381686,0.4699041666666667
29,0.0,aligned,mi_obs,34,-0.03172302592802909,0.0074084401037334035,0.4699041666666667
29,0.0,aligned,mi_obs,35,-0.022729129402816607,0.004821760460053059,0.4699041666666667
29,0.0,aligned,mi_obs,36,-0.07586650187423566,-0.342473290958856,0.4699041666666667
29,0.0,aligned,mi_obs,37,-0.03802008697892393,0.006348680468771572,0.4699041666666667
29,0.0,aligned,mi_obs,38,0.012307665928850103,0.18480236015030568,0.4699041666666667
29,0.0,aligned,mi_obs,39,-0.06200316355318927,-0.029283022054769268,0.4699041666666667
29,0.0,aligned,mi_obs,40,0.06771005150030257,0.4712573106057261,0.4699041666666667
29,0.0,aligned,mi_obs,41,0.08078926490262828,0.5754548314094087,0.4699041666666667
29,0.0,aligned,mi_obs,42,0.04984443401481775,0.36202923997608977,0.4699041666666667
29,0.0,aligned,mi_obs,43,-0.07408289991477729,-0.43819363511504555,0.4699041666666667
29,0.0,aligned,mi_obs,44,0.08000934683235106,0.7641723727502772,0.4699041666666667
29,0.0,aligned,mi_obs,45,-0.10621532063525418,0.7192689484699382,0.4699041666666667
29,0.0,aligned,mi_obs,46,-0.03165539693921948,0.6830307344588792,0.4699041666666667
29,0.0,aligned,mi_obs,47,0.003191204122015845,0.34207022780735735,0.4699041666666667
29,0.0,aligned,mi_obs,48,-0.014117018622191252,0.2194566367099218,0.4699041666666667
29,0.0,aligned,mi_obs,49,0.005026015470828926,-0.4669761353968746,0.4699041666666667
29,0.0,aligned,mi_obs,50,-0.013682343812019104,0.24740003318855114,0.4699041666666667
29,0.0,aligned,mi_obs,51,-0.08333039053971097,0.5005363234896814,0.4699041666666667
29,0.0,aligned,mi_obs,52,-0.05041791761068046,0.19105300196941713,0.4699041666666667
29,0.0,aligned,mi_obs,53,-0.05436364428301223,0.12236996738874177,0.4699041666666667
29,0.0,aligned,mi_obs,54,0.16249031086353846,0.1254713064627139,0.4699041666666667
29,0.0,aligned,mi_obs,55,-0.06397038314647026,-0.03781393471215931,0.4699041666666667
29,0.0,aligned,mi_obs,56,0.034560691644217156,0.831536729612226,0.4699041666666667
29,0.0,aligned,mi_obs,57,0.00778080539710424,0.5330462187398586,0.4699041666666667
29,0.0,aligned,mi_obs,58,0.02077443164671916,-0.2990591954283798,0.4699041666666667
29,0.0,aligned,mi_obs,59,0.009006584079911728,0.6211586488047665,0.4699041666666667
29,0.0,aligned,mi_obs,60,0.06954068858752804,0.6386073290240767,0.4699041666666667
29,0.0,aligned,mi_obs,61,-0.0170921281872215,-0.2751035820213876,0.4699041666666667
29,0.0,aligned,mi_obs,62,0.01752141200898849,0.7522012695668405,0.4699041666666667
29,0.0,aligned,mi_obs,63,-0.01988813319090116,-0.17359385288857573,0.4699041666666667
29,0.0,aligned,mi_obs,64,0.0050108687022200615,0.47879090743628416,0.4699041666666667
29,0.0,aligned,mi_obs,65,-0.02488515241990863,-0.5772734473359297,0.4699041666666667
29,0.0,aligned,mi_class,0,-0.0014862986688347068,0.4127991371295781,0.4699041666666667
29,0.0,aligned,mi_class,1,-0.021350024179547223,0.009345650984663546,0.4699041666666667
29,0.0,aligned,mi_class,2,0.002269030690772488,-0.013018906057951194,0.4699041666666667
29,0.0,aligned,mi_class,3,0.09770922637236545,-0.3868964993336438,0.4699041666666667
29,0.0,aligned,mi_class,4,0.21043031421545327,-0.5556469042134218,0.4699041666666667
29,0.0,aligned,mi_class,5,0.13911415148770562,-0.40471102630586225,0.4699041666666667
29,0.0,aligned,mi_class,6,0.7865549132435367,-0.8192559470888009,0.4699041666666667
29,0.0,aligned,mi_class,7,0.3590548214903035,-0.6791599648345747,0.4699041666666667
29,0.0,aligned,mi_class,8,0.12292659814931728,-0.43709966965830316,0.4699041666666667
29,0.0,aligned,mi_class,9,-0.23897114667417985,0.2408761807985929,0.4699041666666667
29,0.0,aligned,mi_class,10,0.039347494314078524,-0.5059744674957407,0.4699041666666667
29,0.0,aligned,mi_class,11,-7.00448011093438e-05,0.013910757513937548,0.4699041666666667
29,0.0,aligned,mi_class,12,0.020738264620041358,0.26358722944269874,0.4699041666666667
29,0.0,aligned,mi_class,13,0.02467279880178644,-0.21107349646381587,0.4699041666666667
29,0.0,aligned,mi_class,14,0.03700837851978116,-0.13104368308842823,0.4699041666666667
29,0.0,aligned,mi_class,15,0.09214348072121542,-0.35910937345880695,0.4699041666666667
29,0.0,aligned,mi_class,16,0.479161956793762,-0.5028765095266715,0.4699041666666667
29,0.0,aligned,mi_class,17,0.210879273327377,-0.4106817066231079,0.4699041666666667
29,0.0,aligned,mi_class,18,0.01417370918699802,0.1027710590458375,0.4699041666666667
29,0.0,aligned,mi_class,19,0.33323655167654614,-0.3397282699475037,0.4699041666666667
29,0.0,aligned,mi_class,20,0.005489160837616636,-0.27128926864426606,0.4699041666666667
29,0.0,aligned,mi_class,21,0.007474719443256011,0.013104828970115891,0.4699041666666667
29,0.0,aligned,mi_class,22,0.018052752241366987,-0.005018703278302755,0.4699041666666667
29,0.0,aligned,mi_class,23,0.017998622053804116,-0.00963814671845911,0.4699041666666667
29,0.0,aligned,mi_class,24,0.01396280148831898,-0.009247627505032366,0.4699041666666667
29,0.0,aligned,mi_class,25,0.07883237567423693,-0.010508490772976815,0.4699041666666667
29,0.0,aligned,mi_class,26,-0.028091470356063283,-0.0038384552195971492,0.4699041666666667
29,0.0,aligned,mi_class,27,-0.23966515322429865,0.0019839472406956073,0.4699041666666667
29,0.0,aligned,mi_class,28,-0.0657763713367044,-0.0036870028422272163,0.4699041666666667
29,0.0,aligned,mi_class,29,-0.0019555336997379635,-0.004719319283357938,0.4699041666666667
29,0.0,aligned,mi_class,30,0.00818884957766897,0.006664297276341554,0.4699041666666667
29,0.0,aligned,mi_class,31,-0.00604999849260618,0.0043830070512935635,0.4699041666666667
29,0.0,aligned,mi_class,32,0.01916840389935187,-0.42828715193663935,0.4699041666666667
29,0.0,aligned,mi_class,33,-0.0065195099171237985,0.006792571957381686,0.4699041666666667
29,0.0,aligned,mi_class,34,-0.03571431923325027,0.0074084401037334035,0.4699041666666667
29,0.0,aligned,mi_class,35,0.027130825881747332,0.004821760460053059,0.4699041666666667
29,0.0,aligned,mi_class,36,0.33756706678409165,-0.342473290958856,0.4699041666666667
29,0.0,aligned,mi_class,37,0.014418700250717825,0.006348680468771572,0.4699041666666667
29,0.0,aligned,mi_class,38,-0.03606584020480014,0.18480236015030568,0.4699041666666667
29,0.0,aligned,mi_class,39,0.010744869366505386,-0.029283022054769268,0.4699041666666667
29,0.0,aligned,mi_class,40,-0.4479725201674339,0.4712573106057261,0.4699041666666667
29,0.0,aligned,mi_class,41,-0.22535122790794093,0.5754548314094087,0.4699041666666667
29,0.0,aligned,mi_class,42,-0.035116691924638566,0.36202923997608977,0.4699041666666667
29,0.0,aligned,mi_class,43,0.43410569588100506,-0.43819363511504555,0.4699041666666667
29,0.0,aligned,mi_class,44,-0.19615952073963827,0.7641723727502772,0.4699041666666667
29,0.0,aligned,mi_class,45,-0.015948961468532863,0.7192689484699382,0.4699041666666667
29,0.0,aligned,mi_class,46,-0.6545401896252315,0.6830307344588792,0.4699041666666667
29,0.0,aligned,mi_class,47,-0.13849201759345636,0.34207022780735735,0.4699041666666667
29,0.0,aligned,mi_class,48,-0.03186798259281687,0.2194566367099218,0.4699041666666667
29,0.0,aligned,mi_class,49,0.46262355773470265,-0.4669761353968746,0.4699041666666667
29,0.0,aligned,mi_class,50,-0.062235469891560896,0.24740003318855114,0.4699041666666667
29,0.0,aligned,mi_class,51,-0.4789079656570352,0.5005363234896814,0.4699041666666667
29,0.0,aligned,mi_class,52,-0.0626101770066603,0.19105300196941713,0.4699041666666667
29,0.0,aligned,mi_class,53,-0.018567652438642723,0.12236996738874177,0.4699041666666667
29,0.0,aligned,mi_class,54,-0.12426828941484823,0.1254713064627139,0.4699041666666667
29,0.0,aligned,mi_class,55,0.02375070273680882,-0.03781393471215931,0.4699041666666667
29,0.0,aligned,mi_class,56,-0.80797761684825,0.831536729612226,0.4699041666666667
29,0.0,aligned,mi_class,57,-0.5120250715396911,0.5330462187398586,0.4699041666666667
29,0.0,aligned,mi_class,58,-0.6997559327338467,-0.2990591954283798,0.4699041666666667
29,0.0,aligned,mi_class,59,-0.584630938493293,0.6211586488047665,0.4699041666666667
29,0.0,aligned,mi_class,60,-0.339614009448935,0.6386073290240767,0.4699041666666667
29,0.0,aligned,mi_class,61,0.27365055819827044,-0.2751035820213876,0.4699041666666667
29,0.0,aligned,mi_class,62,-0.38594728213902396,0.7522012695668405,0.4699041666666667
29,0.0,aligned,mi_class,63,0.1713568867328016,-0.17359385288857573,0.4699041666666667
29,0.0,aligned,mi_class,64,-0.031847643784848445,0.47879090743628416,0.4699041666666667
29,0.0,aligned,mi_class,65,0.5641865668043795,-0.5772734473359297,0.4699041666666667
29,0.0,aligned,mi_site,0,-0.0063104733178044325,0.4127991371295781,0.4699041666666667
29,0.0,aligned,mi_site,1,0.018984413989369165,0.009345650984663546,0.4699041666666667
29,0.0,aligned,mi_site,2,0.04894503140212082,-0.013018906057951194,0.4699041666666667
29,0.0,aligned,mi_site,3,-0.021494029085560584,-0.3868964993336438,0.4699041666666667
29,0.0,aligned,mi_site,4,0.054578279589468814,-0.5556469042134218,0.4699041666666667
29,0.0,aligned,mi_site,5,0.07950994108402021,-0.40471102630586225,0.4699041666666667
29,0.0,aligned,mi_site,6,0.03525580236564896,-0.8192559470888009,0.4699041666666667
29,0.0,aligned,mi_site,7,0.002477351361212632,-0.6791599648345747,0.4699041666666667
29,0.0,aligned,mi_site,8,0.025807433791623535,-0.43709966965830316,0.4699041666666667
29,0.0,aligned,mi_site,9,-0.01690443654964985,0.2408761807985929,0.4699041666666667
29,0.0,aligned,mi_site,10,0.024537622358835165,-0.5059744674957407,0.4699041666666667
29,0.0,aligned,mi_site,11,0.008228714585749582,0.013910757513937548,0.4699041666666667
29,0.0,aligned,mi_site,12,0.01945989809432075,0.26358722944269874,0.4699041666666667
29,0.0,aligned,mi_site,13,-0.009235762261702862,-0.21107349646381587,0.4699041666666667
29,0.0,aligned,mi_site,14,0.020021748139011225,-0.13104368308842823,0.4699041666666667
29,0.0,aligned,mi_site,15,-0.01254545965645859,-0.35910937345880695,0.4699041666666667
29,0.0,aligned,mi_site,16,3.3156067326012284e-05,-0.5028765095266715,0.4699041666666667
29,0.0,aligned,mi_site,17,0.005914637019664493,-0.4106817066231079,0.4699041666666667
29,0.0,aligned,mi_site,18,0.021282527496180578,0.1027710590458375,0.4699041666666667
29,0.0,aligned,mi_site,19,0.005584202483926992,-0.3397282699475037,0.4699041666666667
29,0.0,aligned,mi_site,20,0.006819968862653292,-0.27128926864426606,0.4699041666666667
29,0.0,aligned,mi_site,21,-0.06673667545729489,0.013104828970115891,0.4699041666666667
29,0.0,aligned,mi_site,22,0.04341996856114775,-0.005018703278302755,0.4699041666666667
29,0.0,aligned,mi_site,23,0.015448828561157587,-0.00963814671845911,0.4699041666666667
29,0.0,aligned,mi_site,24,0.023186556603136805,-0.009247627505032366,0.4699041666666667
29,0.0,aligned,mi_site,25,0.03823469822950114,-0.010508490772976815,0.4699041666666667
29,0.0,aligned,mi_site,26,0.028424485591627465,-0.0038384552195971492,0.4699041666666667
29,0.0,aligned,mi_site,27,0.002246767367540493,0.0019839472406956073,0.4699041666666667
29,0.0,aligned,mi_site,28,-0.0056984351777699185,-0.0036870028422272163,0.4699041666666667
29,0.0,aligned,mi_site,29,0.0060776493969439856,-0.004719319283357938,0.4699041666666667
29,0.0,aligned,mi_site,30,0.02715040479228125,0.006664297276341554,0.4699041666666667
29,0.0,aligned,mi_site,31,0.03926221334562035,0.0043830070512935635,0.4699041666666667
29,0.0,aligned,mi_site,32,-0.05259493409364424,-0.42828715193663935,0.4699041666666667
29,0.0,aligned,mi_site,33,-0.0030376410385952912,0.006792571957381686,0.4699041666666667
29,0.0,aligned,mi_site,34,-0.009634852076881103,0.0074084401037334035,0.4699041666666667
29,0.0,aligned,mi_site,35,0.015511486743487481,0.004821760460053059,0.4699041666666667
29,0.0,aligned,mi_site,36,0.005425323697901885,-0.342473290958856,0.4699041666666667
29,0.0,aligned,mi_site,37,-0.02354479188587366,0.006348680468771572,0.4699041666666667
29,0.0,aligned,mi_site,38,0.017851901767246492,0.18480236015030568,0.4699041666666667
29,0.0,aligned,mi_site,39,-0.03814624348732172,-0.029283022054769268,0.4699041666666667
29,0.0,aligned,mi_site,40,0.056693048179550065,0.4712573106057261,0.4699041666666667
29,0.0,aligned,mi_site,41,0.06260486988218472,0.5754548314094087,0.4699041666666667
29,0.0,aligned,mi_site,42,0.0419937944793502,0.36202923997608977,0.4699041666666667
29,0.0,aligned,mi_site,43,-0.03510913994979681,-0.43819363511504555,0.4699041666666667
29,0.0,aligned,mi_site,44,0.044696980833103805,0.7641723727502772,0.4699041666666667
29,0.0,aligned,mi_site,45,-0.09188335436250405,0.7192689484699382,0.4699041666666667
29,0.0,aligned,mi_site,46,-0.03307548831669627,0.6830307344588792,0.4699041666666667
29,0.0,aligned,mi_site,47,0.0038327694748473418,0.34207022780735735,0.4699041666666667
29,0.0,aligned,mi_site,48,-0.017870571775173066,0.2194566367099218,0.4699041666666667
29,0.0,aligned,mi_site,49,-0.005215178504761109,-0.4669761353968746,0.4699041666666667
29,0.0,aligned,mi_site,50,-0.004050970658069947,0.24740003318855114,0.4699041666666667
29,0.0,aligned,mi_site,51,-0.0702817148033617,0.5005363234896814,0.4699041666666667
29,0.0,aligned,mi_site,52,-0.03680830509856067,0.19105300196941713,0.4699041666666667
29,0.0,aligned,mi_site,53,-0.04553276317463935,0.12236996738874177,0.4699041666666667
29,0.0,aligned,mi_site,54,0.09544803770530647,0.1254713064627139,0.4699041666666667
29,0.0,aligned,mi_site,55,-0.04659740655358115,-0.03781393471215931,0.4699041666666667
29,0.0,aligned,mi_site,56,0.031527967769864884,0.831536729612226,0.4699041666666667
29,0.0,aligned,mi_site,57,0.012379879446012265,0.5330462187398586,0.4699041666666667
29,0.0,aligned,mi_site,58,0.0025062257894733486,-0.2990591954283798,0.4699041666666667
29,0.0,aligned,mi_site,59,0.007298550837629758,0.6211586488047665,0.4699041666666667
29,0.0,aligned,mi_site,60,0.050874276490657344,0.6386073290240767,0.4699041666666667
29,0.0,aligned,mi_site,61,-0.01879568160807571,-0.2751035820213876,0.4699041666666667
29,0.0,aligned,mi_site,62,0.006936174995966438,0.7522012695668405,0.4699041666666667
29,0.0,aligned,mi_site,63,-0.021731416470587878,-0.17359385288857573,0.4699041666666667
29,0.0,aligned,mi_site,64,-0.004896490579360091,0.47879090743628416,0.4699041666666667
29,0.0,aligned,mi_site,65,-0.0011506557291405262,-0.5772734473359297,0.4699041666666667
29,0.0,closed,available,0,0.0022198153764129147,0.4127991371295781,0.4699041666666667
29,0.0,closed,available,1,-0.007920892393231715,0.009345650984663546,0.4699041666666667
29,0.0,closed,available,2,0.0007550060372109868,-0.013018906057951194,0.4699041666666667
29,0.0,closed,available,3,0.011332863409290572,-0.3868964993336438,0.4699041666666667
29,0.0,closed,available,4,0.004983375535079548,-0.5556469042134218,0.4699041666666667
29,0.0,closed,available,5,-0.0012931080319168453,-0.40471102630586225,0.4699041666666667
29,0.0,closed,available,6,0.005404542577954974,-0.8192559470888009,0.4699041666666667
29,0.0,closed,available,7,-0.0009865525359010752,-0.6791599648345747,0.4699041666666667
29,0.0,closed,available,8,0.0044404803115182245,-0.43709966965830316,0.4699041666666667
29,0.0,closed,available,9,0.001256601200185531,0.2408761807985929,0.4699041666666667
29,0.0,closed,available,10,0.0056350507189552035,-0.5059744674957407,0.4699041666666667
29,0.0,closed,available,11,0.012602111989833915,0.013910757513937548,0.4699041666666667
29,0.0,closed,available,12,0.014914506529241367,0.26358722944269874,0.4699041666666667
29,0.0,closed,available,13,-0.007621229597252865,-0.21107349646381587,0.4699041666666667
29,0.0,closed,available,14,-0.0017817345578649002,-0.13104368308842823,0.4699041666666667
29,0.0,closed,available,15,0.008017465582550953,-0.35910937345880695,0.4699041666666667
29,0.0,closed,available,16,-0.006421805919268775,-0.5028765095266715,0.4699041666666667
29,0.0,closed,available,17,-0.009134615613470898,-0.4106817066231079,0.4699041666666667
29,0.0,closed,available,18,-0.010741616923554437,0.1027710590458375,0.4699041666666667
29,0.0,closed,available,19,0.0008324515281314948,-0.3397282699475037,0.4699041666666667
29,0.0,closed,available,20,0.0026288359637383074,-0.27128926864426606,0.4699041666666667
29,0.0,closed,available,21,0.00789871441072638,0.013104828970115891,0.4699041666666667
29,0.0,closed,available,22,-0.0036203195313390737,-0.005018703278302755,0.4699041666666667
29,0.0,closed,available,23,0.0127038531384289,-0.00963814671845911,0.4699041666666667
29,0.0,closed,available,24,0.004153112172387232,-0.009247627505032366,0.4699041666666667
29,0.0,closed,available,25,0.01038056739167541,-0.010508490772976815,0.4699041666666667
29,0.0,closed,available,26,0.008360427243266385,-0.0038384552195971492,0.4699041666666667
29,0.0,closed,available,27,0.015957082730053654,0.0019839472406956073,0.4699041666666667
29,0.0,closed,available,28,-0.015103683055046665,-0.0036870028422272163,0.4699041666666667
29,0.0,closed,available,29,0.007674084542321665,-0.004719319283357938,0.4699041666666667
29,0.0,closed,available,30,0.015475299486130172,0.006664297276341554,0.4699041666666667
29,0.0,closed,available,31,-0.021459351073119068,0.0043830070512935635,0.4699041666666667
29,0.0,closed,available,32,-0.01558209288071366,-0.42828715193663935,0.4699041666666667
29,0.0,closed,available,33,-0.013343614475472313,0.006792571957381686,0.4699041666666667
29,0.0,closed,available,34,-0.003038194921402798,0.0074084401037334035,0.4699041666666667
29,0.0,closed,available,35,-0.016726409248374017,0.004821760460053059,0.4699041666666667
29,0.0,closed,available,36,-0.01271136624314173,-0.342473290958856,0.4699041666666667
29,0.0,closed,available,37,-0.017614179833933485,0.006348680468771572,0.4699041666666667
29,0.0,closed,available,38,-0.005099898287140747,0.18480236015030568,0.4699041666666667
29,0.0,closed,available,39,-0.00043250078171369957,-0.029283022054769268,0.4699041666666667
29,0.0,closed,available,40,0.00313253946304215,0.4712573106057261,0.4699041666666667
29,0.0,closed,available,41,0.0060402534154515575,0.5754548314094087,0.4699041666666667
29,0.0,closed,available,42,0.01056377456465546,0.36202923997608977,0.4699041666666667
29,0.0,closed,available,43,0.0042517042752384104,-0.43819363511504555,0.4699041666666667
29,0.0,closed,available,44,-0.0006202140723221561,0.7641723727502772,0.4699041666666667
29,0.0,closed,available,45,0.0039423838362456776,0.7192689484699382,0.4699041666666667
29,0.0,closed,available,46,0.0007484151654376658,0.6830307344588792,0.4699041666666667
29,0.0,closed,available,47,-0.002722400947000325,0.34207022780735735,0.4699041666666667
29,0.0,closed,available,48,-0.008441012750541071,0.2194566367099218,0.4699041666666667
29,0.0,closed,available,49,-0.007875771873227633,-0.4669761353968746,0.4699041666666667
29,0.0,closed,available,50,0.003974312536324853,0.24740003318855114,0.4699041666666667
29,0.0,closed,available,51,-0.0018632855807042548,0.5005363234896814,0.4699041666666667
29,0.0,closed,available,52,0.0008194818267366066,0.19105300196941713,0.4699041666666667
29,0.0,closed,available,53,-0.012525810404874355,0.12236996738874177,0.4699041666666667
29,0.0,closed,available,54,-0.012242757973210991,0.1254713064627139,0.4699041666666667
29,0.0,closed,available,55,0.0030929832234942237,-0.03781393471215931,0.4699041666666667
29,0.0,closed,available,56,0.0002819961807338789,0.831536729612226,0.4699041666666667
29,0.0,closed,available,57,-4.135385665304803e-05,0.5330462187398586,0.4699041666666667
29,0.0,closed,available,58,-0.003205683933047654,-0.2990591954283798,0.4699041666666667
29,0.0,closed,available,59,0.0016328537422847234,0.6211586488047665,0.4699041666666667
29,0.0,closed,available,60,-0.0012875672789887105,0.6386073290240767,0.4699041666666667
29,0.0,closed,available,61,-0.0009922984533348722,-0.2751035820213876,0.4699041666666667
29,0.0,closed,available,62,-0.002111687549569252,0.7522012695668405,0.4699041666666667
29,0.0,closed,available,63,0.015003984205466725,-0.17359385288857573,0.4699041666666667
29,0.0,closed,available,64,0.002961667947913582,0.47879090743628416,0.4699041666666667
29,0.0,closed,available,65,0.003166276964627901,-0.5772734473359297,0.4699041666666667
29,0.0,closed,mi_obs,0,0.026476221725389604,0.4127991371295781,0.4699041666666667
29,0.0,closed,mi_obs,1,-0.056244852480953095,0.009345650984663546,0.4699041666666667
29,0.0,closed,mi_obs,2,-0.08261202351332513,-0.013018906057951194,0.4699041666666667
29,0.0,closed,mi_obs,3,-0.046059480641489015,-0.3868964993336438,0.4699041666666667
29,0.0,closed,mi_obs,4,-0.004602874752691943,-0.5556469042134218,0.4699041666666667
29,0.0,closed,mi_obs,5,0.03552047538486813,-0.40471102630586225,0.4699041666666667
29,0.0,closed,mi_obs,6,-0.050925510100850335,-0.8192559470888009,0.4699041666666667
29,0.0,closed,mi_obs,7,-0.03881422344915242,-0.6791599648345747,0.4699041666666667
29,0.0,closed,mi_obs,8,-0.05818264138859197,-0.43709966965830316,0.4699041666666667
29,0.0,closed,mi_obs,9,-0.0023470532266165467,0.2408761807985929,0.4699041666666667
29,0.0,closed,mi_obs,10,-0.009834356521587373,-0.5059744674957407,0.4699041666666667
29,0.0,closed,mi_obs,11,0.054423870194101893,0.013910757513937548,0.4699041666666667
29,0.0,closed,mi_obs,12,0.08974986177471145,0.26358722944269874,0.4699041666666667
29,0.0,closed,mi_obs,13,-0.021271697478029233,-0.21107349646381587,0.4699041666666667
29,0.0,closed,mi_obs,14,0.011892494642163076,-0.13104368308842823,0.4699041666666667
29,0.0,closed,mi_obs,15,-0.0363908021592273,-0.35910937345880695,0.4699041666666667
29,0.0,closed,mi_obs,16,-0.03376800733071095,-0.5028765095266715,0.4699041666666667
29,0.0,closed,mi_obs,17,-0.02011678109426418,-0.4106817066231079,0.4699041666666667
29,0.0,closed,mi_obs,18,0.010946206216009446,0.1027710590458375,0.4699041666666667
29,0.0,closed,mi_obs,19,-0.0028571336579483186,-0.3397282699475037,0.4699041666666667
29,0.0,closed,mi_obs,20,-0.004835109557206396,-0.27128926864426606,0.4699041666666667
29,0.0,closed,mi_obs,21,-0.11853712771389535,0.013104828970115891,0.4699041666666667
29,0.0,closed,mi_obs,22,-0.06091333509384174,-0.005018703278302755,0.4699041666666667
29,0.0,closed,mi_obs,23,0.029717130270682728,-0.00963814671845911,0.4699041666666667
29,0.0,closed,mi_obs,24,-0.0341848560230433,-0.009247627505032366,0.4699041666666667
29,0.0,closed,mi_obs,25,0.01796650151418242,-0.010508490772976815,0.4699041666666667
29,0.0,closed,mi_obs,26,0.02802857648530706,-0.0038384552195971492,0.4699041666666667
29,0.0,closed,mi_obs,27,0.0220645001234855,0.0019839472406956073,0.4699041666666667
29,0.0,closed,mi_obs,28,-0.027906801411450338,-0.0036870028422272163,0.4699041666666667
29,0.0,closed,mi_obs,29,0.029509614671715596,-0.004719319283357938,0.4699041666666667
29,0.0,closed,mi_obs,30,-0.05354633647835932,0.006664297276341554,0.4699041666666667
29,0.0,closed,mi_obs,31,0.038242480243676755,0.0043830070512935635,0.4699041666666667
29,0.0,closed,mi_obs,32,-0.1592108243520749,-0.42828715193663935,0.4699041666666667
29,0.0,closed,mi_obs,33,0.0021907038543929674,0.006792571957381686,0.4699041666666667
29,0.0,closed,mi_obs,34,0.003932256529504067,0.0074084401037334035,0.4699041666666667
29,0.0,closed,mi_obs,35,-0.03709960999356497,0.004821760460053059,0.4699041666666667
29,0.0,closed,mi_obs,36,-0.08458555447259908,-0.342473290958856,0.4699041666666667
29,0.0,closed,mi_obs,37,-0.0001875721595689236,0.006348680468771572,0.4699041666666667
29,0.0,closed,mi_obs,38,0.007356446959878082,0.18480236015030568,0.4699041666666667
29,0.0,closed,mi_obs,39,-0.050391869407403214,-0.029283022054769268,0.4699041666666667
29,0.0,closed,mi_obs,40,0.05188901438735599,0.4712573106057261,0.4699041666666667
29,0.0,closed,mi_obs,41,0.06873939579436106,0.5754548314094087,0.4699041666666667
29,0.0,closed,mi_obs,42,0.025263328947003005,0.36202923997608977,0.4699041666666667
29,0.0,closed,mi_obs,43,-0.06098548430785944,-0.43819363511504555,0.4699041666666667
29,0.0,closed,mi_obs,44,0.083016084215921,0.7641723727502772,0.4699041666666667
29,0.0,closed,mi_obs,45,-0.10789855597617615,0.7192689484699382,0.4699041666666667
29,0.0,closed,mi_obs,46,-0.03352405895805399,0.6830307344588792,0.4699041666666667
29,0.0,closed,mi_obs,47,-0.005826696680291954,0.34207022780735735,0.4699041666666667
29,0.0,closed,mi_obs,48,-0.01896455577680156,0.2194566367099218,0.4699041666666667
29,0.0,closed,mi_obs,49,0.0011325902023050505,-0.4669761353968746,0.4699041666666667
29,0.0,closed,mi_obs,50,-0.013348737124556476,0.24740003318855114,0.4699041666666667
29,0.0,closed,mi_obs,51,-0.08447097081199723,0.5005363234896814,0.4699041666666667
29,0.0,closed,mi_obs,52,-0.057997505330716764,0.19105300196941713,0.4699041666666667
29,0.0,closed,mi_obs,53,-0.0556664098168974,0.12236996738874177,0.4699041666666667
29,0.0,closed,mi_obs,54,0.15792759705698342,0.1254713064627139,0.4699041666666667
29,0.0,closed,mi_obs,55,-0.06769633790187539,-0.03781393471215931,0.4699041666666667
29,0.0,closed,mi_obs,56,0.028772874395947,0.831536729612226,0.4699041666666667
29,0.0,closed,mi_obs,57,0.021510620236527944,0.5330462187398586,0.4699041666666667
29,0.0,closed,mi_obs,58,0.024550933313009116,-0.2990591954283798,0.4699041666666667
29,0.0,closed,mi_obs,59,0.007972919298590453,0.6211586488047665,0.4699041666666667
29,0.0,closed,mi_obs,60,0.07772179863596651,0.6386073290240767,0.4699041666666667
29,0.0,closed,mi_obs,61,-0.007530661543482808,-0.2751035820213876,0.4699041666666667
29,0.0,closed,mi_obs,62,0.01478099806385591,0.7522012695668405,0.4699041666666667
29,0.0,closed,mi_obs,63,-0.01414750562109876,-0.17359385288857573,0.4699041666666667
29,0.0,closed,mi_obs,64,0.01320836698015121,0.47879090743628416,0.4699041666666667
29,0.0,closed,mi_obs,65,-0.02374628128557299,-0.5772734473359297,0.4699041666666667
29,0.0,closed,mi_class,0,-0.0005705978731646577,0.4127991371295781,0.4699041666666667
29,0.0,closed,mi_class,1,-0.005610173015562837,0.009345650984663546,0.4699041666666667
29,0.0,closed,mi_class,2,-0.04874355882449922,-0.013018906057951194,0.4699041666666667
29,0.0,closed,mi_class,3,0.15118492565906794,-0.3868964993336438,0.4699041666666667
29,0.0,closed,mi_class,4,0.17687472205709326,-0.5556469042134218,0.4699041666666667
29,0.0,closed,mi_class,5,0.11645677975742136,-0.40471102630586225,0.4699041666666667
29,0.0,closed,mi_class,6,0.5472979099748129,-0.8192559470888009,0.4699041666666667
29,0.0,closed,mi_class,7,0.19190290694711054,-0.6791599648345747,0.4699041666666667
29,0.0,closed,mi_class,8,0.10499130224047076,-0.43709966965830316,0.4699041666666667
29,0.0,closed,mi_class,9,-0.18233355686902813,0.2408761807985929,0.4699041666666667
29,0.0,closed,mi_class,10,0.025281059708584908,-0.5059744674957407,0.4699041666666667
29,0.0,closed,mi_class,11,0.006856914622310618,0.013910757513937548,0.4699041666666667
29,0.0,closed,mi_class,12,-0.2450477900940595,0.26358722944269874,0.4699041666666667
29,0.0,closed,mi_class,13,0.07338386481416528,-0.21107349646381587,0.4699041666666667
29,0.0,closed,mi_class,14,0.04281643092103765,-0.13104368308842823,0.4699041666666667
29,0.0,closed,mi_class,15,0.11108572764785271,-0.35910937345880695,0.4699041666666667
29,0.0,closed,mi_class,16,0.34190556676405304,-0.5028765095266715,0.4699041666666667
29,0.0,closed,mi_class,17,0.11338104675807475,-0.4106817066231079,0.4699041666666667
29,0.0,closed,mi_class,18,-0.04112573934178254,0.1027710590458375,0.4699041666666667
29,0.0,closed,mi_class,19,0.23042173498488738,-0.3397282699475037,0.4699041666666667
29,0.0,closed,mi_class,20,0.018191208623870747,-0.27128926864426606,0.4699041666666667
29,0.0,closed,mi_class,21,-0.07497902554365177,0.013104828970115891,0.4699041666666667
29,0.0,closed,mi_class,22,0.025569360797193897,-0.005018703278302755,0.4699041666666667
29,0.0,closed,mi_class,23,0.011569177415057568,-0.00963814671845911,0.4699041666666667
29,0.0,closed,mi_class,24,0.007779789125143203,-0.009247627505032366,0.4699041666666667
29,0.0,closed,mi_class,25,-0.10322631744871365,-0.010508490772976815,0.4699041666666667
29,0.0,closed,mi_class,26,-0.0010373120996696977,-0.0038384552195971492,0.4699041666666667
29,0.0,closed,mi_class,27,-0.028014717732984876,0.0019839472406956073,0.4699041666666667
29,0.0,closed,mi_class,28,0.11759358805237163,-0.0036870028422272163,0.4699041666666667
29,0.0,closed,mi_class,29,0.010290292080563583,-0.004719319283357938,0.4699041666666667
29,0.0,closed,mi_class,30,0.002183323624108449,0.006664297276341554,0.4699041666666667
29,0.0,closed,mi_class,31,0.0017573709339844968,0.0043830070512935635,0.4699041666666667
29,0.0,closed,mi_class,32,0.3995708351865989,-0.42828715193663935,0.4699041666666667
29,0.0,closed,mi_class,33,0.002141420979316901,0.006792571957381686,0.4699041666666667
29,0.0,closed,mi_class,34,0.009546777509595584,0.0074084401037334035,0.4699041666666667
29,0.0,closed,mi_class,35,0.5688092038995642,0.004821760460053059,0.4699041666666667
29,0.0,closed,mi_class,36,0.33417191730179396,-0.342473290958856,0.4699041666666667
29,0.0,closed,mi_class,37,-0.0007100853204631639,0.006348680468771572,0.4699041666666667
29,0.0,closed,mi_class,38,-0.017874579201613283,0.18480236015030568,0.4699041666666667
29,0.0,closed,mi_class,39,0.003265155821732743,-0.029283022054769268,0.4699041666666667
29,0.0,closed,mi_class,40,-0.3188443383641004,0.4712573106057261,0.4699041666666667
29,0.0,closed,mi_class,41,-0.05053577593230196,0.5754548314094087,0.4699041666666667
29,0.0,closed,mi_class,42,-0.0624280376642572,0.36202923997608977,0.4699041666666667
29,0.0,closed,mi_class,43,0.35137557853616536,-0.43819363511504555,0.4699041666666667
29,0.0,closed,mi_class,44,-0.2443739503965735,0.7641723727502772,0.4699041666666667
29,0.0,closed,mi_class,45,-0.018665461017948193,0.7192689484699382,0.4699041666666667
29,0.0,closed,mi_class,46,-0.45871070860863405,0.6830307344588792,0.4699041666666667
29,0.0,closed,mi_class,47,-0.007590304150138172,0.34207022780735735,0.4699041666666667
29,0.0,closed,mi_class,48,-0.048171690717660004,0.2194566367099218,0.4699041666666667
29,0.0,closed,mi_class,49,0.3657462012218489,-0.4669761353968746,0.4699041666666667
29,0.0,closed,mi_class,50,-0.054631645678667795,0.24740003318855114,0.4699041666666667
29,0.0,closed,mi_class,51,-0.3320989297410821,0.5005363234896814,0.4699041666666667
29,0.0,closed,mi_class,52,0.028676187677626475,0.19105300196941713,0.4699041666666667
29,0.0,closed,mi_class,53,-0.023297113514361964,0.12236996738874177,0.4699041666666667
29,0.0,closed,mi_class,54,-0.10031087090513105,0.1254713064627139,0.4699041666666667
29,0.0,closed,mi_class,55,0.013492827330936583,-0.03781393471215931,0.4699041666666667
29,0.0,closed,mi_class,56,-0.5496195753217314,0.831536729612226,0.4699041666666667
29,0.0,closed,mi_class,57,-0.3674782425930102,0.5330462187398586,0.4699041666666667
29,0.0,closed,mi_class,58,-0.5425672474990262,-0.2990591954283798,0.4699041666666667
29,0.0,closed,mi_class,59,-0.3801809627724061,0.6211586488047665,0.4699041666666667
29,0.0,closed,mi_class,60,-0.20949177716672024,0.6386073290240767,0.4699041666666667
29,0.0,closed,mi_class,61,0.21530408420640762,-0.2751035820213876,0.4699041666666667
29,0.0,closed,mi_class,62,-0.19706059769864848,0.7522012695668405,0.4699041666666667
29,0.0,closed,mi_class,63,0.12748632261931847,-0.17359385288857573,0.4699041666666667
29,0.0,closed,mi_class,64,-0.09486059714092304,0.47879090743628416,0.4699041666666667
29,0.0,closed,mi_class,65,0.406216629230189,-0.5772734473359297,0.4699041666666667
29,0.0,closed,mi_site,0,0.02298877259127957,0.4127991371295781,0.4699041666666667
29,0.0,closed,mi_site,1,-0.030810874947515172,0.009345650984663546,0.4699041666666667
29,0.0,closed,mi_site,2,-0.034757568221302444,-0.013018906057951194,0.4699041666666667
29,0.0,closed,mi_site,3,-0.03817682289826052,-0.3868964993336438,0.4699041666666667
29,0.0,closed,mi_site,4,0.01101324264996073,-0.5556469042134218,0.4699041666666667
29,0.0,closed,mi_site,5,0.0782097360660966,-0.40471102630586225,0.4699041666666667
29,0.0,closed,mi_site,6,-0.04033375446062759,-0.8192559470888009,0.4699041666666667
29,0.0,closed,mi_site,7,-0.04458411831271958,-0.6791599648345747,0.4699041666666667
29,0.0,closed,mi_site,8,-0.04075878198656785,-0.43709966965830316,0.4699041666666667
29,0.0,closed,mi_site,9,0.0009154814437182524,0.2408761807985929,0.4699041666666667
29,0.0,closed,mi_site,10,-0.013373003923777271,-0.5059744674957407,0.4699041666666667
29,0.0,closed,mi_site,11,0.04628187036595242,0.013910757513937548,0.4699041666666667
29,0.0,closed,mi_site,12,0.05284964666006092,0.26358722944269874,0.4699041666666667
29,0.0,closed,mi_site,13,-0.02422693816437277,-0.21107349646381587,0.4699041666666667
29,0.0,closed,mi_site,14,0.016048178034261756,-0.13104368308842823,0.4699041666666667
29,0.0,closed,mi_site,15,-0.02232766571733319,-0.35910937345880695,0.4699041666666667
29,0.0,closed,mi_site,16,-0.03006513323071147,-0.5028765095266715,0.4699041666666667
29,0.0,closed,mi_site,17,-0.017385970331038614,-0.4106817066231079,0.4699041666666667
29,0.0,closed,mi_site,18,0.003303692028002403,0.1027710590458375,0.4699041666666667
29,0.0,closed,mi_site,19,-0.004535842795151124,-0.3397282699475037,0.4699041666666667
29,0.0,closed,mi_site,20,-0.001784070751152722,-0.27128926864426606,0.4699041666666667
29,0.0,closed,mi_site,21,-0.0727419457401459,0.013104828970115891,0.4699041666666667
29,0.0,closed,mi_site,22,0.010989759566002646,-0.005018703278302755,0.4699041666666667
29,0.0,closed,mi_site,23,0.02571357165389935,-0.00963814671845911,0.4699041666666667
29,0.0,closed,mi_site,24,-0.009338897050747448,-0.009247627505032366,0.4699041666666667
29,0.0,closed,mi_site,25,0.012208551961385055,-0.010508490772976815,0.4699041666666667
29,0.0,closed,mi_site,26,0.026857504878555493,-0.0038384552195971492,0.4699041666666667
29,0.0,closed,mi_site,27,0.03259785656357592,0.0019839472406956073,0.4699041666666667
29,0.0,closed,mi_site,28,-0.033501797460690735,-0.0036870028422272163,0.4699041666666667
29,0.0,closed,mi_site,29,0.028910076856133768,-0.004719319283357938,0.4699041666666667
29,0.0,closed,mi_site,30,-0.0037888323017146,0.006664297276341554,0.4699041666666667
29,0.0,closed,mi_site,31,0.028298253494594496,0.0043830070512935635,0.4699041666666667
29,0.0,closed,mi_site,32,-0.13346125287187105,-0.42828715193663935,0.4699041666666667
29,0.0,closed,mi_site,33,0.013136659742008554,0.006792571957381686,0.4699041666666667
29,0.0,closed,mi_site,34,0.011941473392279817,0.0074084401037334035,0.4699041666666667
29,0.0,closed,mi_site,35,-0.015506310952553427,0.004821760460053059,0.4699041666666667
29,0.0,closed,mi_site,36,-0.07907825626498527,-0.342473290958856,0.4699041666666667
29,0.0,closed,mi_site,37,0.01855979664278129,0.006348680468771572,0.4699041666666667
29,0.0,closed,mi_site,38,-0.00041814333370265855,0.18480236015030568,0.4699041666666667
29,0.0,closed,mi_site,39,-0.06877533128642001,-0.029283022054769268,0.4699041666666667
29,0.0,closed,mi_site,40,0.046062394393136474,0.4712573106057261,0.4699041666666667
29,0.0,closed,mi_site,41,0.0643457246009509,0.5754548314094087,0.4699041666666667
29,0.0,closed,mi_site,42,0.04254607735688415,0.36202923997608977,0.4699041666666667
29,0.0,closed,mi_site,43,-0.053755342113951,-0.43819363511504555,0.4699041666666667
29,0.0,closed,mi_site,44,0.07341111223577423,0.7641723727502772,0.4699041666666667
29,0.0,closed,mi_site,45,-0.10813657745986005,0.7192689484699382,0.4699041666666667
29,0.0,closed,mi_site,46,-0.039098773160455735,0.6830307344588792,0.4699041666666667
29,0.0,closed,mi_site,47,-0.015917861457081905,0.34207022780735735,0.4699041666666667
29,0.0,closed,mi_site,48,-0.03025356033028931,0.2194566367099218,0.4699041666666667
29,0.0,closed,mi_site,49,0.006363624667907297,-0.4669761353968746,0.4699041666666667
29,0.0,closed,mi_site,50,-0.019954162903214778,0.24740003318855114,0.4699041666666667
29,0.0,closed,mi_site,51,-0.09240217558934438,0.5005363234896814,0.4699041666666667
29,0.0,closed,mi_site,52,-0.0671023472152617,0.19105300196941713,0.4699041666666667
29,0.0,closed,mi_site,53,-0.06602341288525104,0.12236996738874177,0.4699041666666667
29,0.0,closed,mi_site,54,0.16437376756760683,0.1254713064627139,0.4699041666666667
29,0.0,closed,mi_site,55,-0.08456074036792054,-0.03781393471215931,0.4699041666666667
29,0.0,closed,mi_site,56,0.022622925932069937,0.831536729612226,0.4699041666666667
29,0.0,closed,mi_site,57,0.016351747987518928,0.5330462187398586,0.4699041666666667
29,0.0,closed,mi_site,58,0.029336868627424295,-0.2990591954283798,0.4699041666666667
29,0.0,closed,mi_site,59,0.0029934201072335798,0.6211586488047665,0.4699041666666667
29,0.0,closed,mi_site,60,0.0630158486626774,0.6386073290240767,0.4699041666666667
29,0.0,closed,mi_site,61,-0.0064518801302381745,-0.2751035820213876,0.4699041666666667
29,0.0,closed,mi_site,62,0.01529034919196448,0.7522012695668405,0.4699041666666667
29,0.0,closed,mi_site,63,-0.011432146137064475,-0.17359385288857573,0.4699041666666667
29,0.0,closed,mi_site,64,0.011755835843388573,0.47879090743628416,0.4699041666666667
29,0.0,closed,mi_site,65,-0.021939831147820277,-0.5772734473359297,0.4699041666666667
29,1.0,aligned,available,0,0.00015656723500417913,0.4192725100602547,0.4699041666666667
29,1.0,aligned,available,1,0.003990121636440436,0.009866882811655667,0.4699041666666667
29,1.0,aligned,available,2,0.00207536150419586,-0.013452998127140571,0.4699041666666667
29,1.0,aligned,available,3,-0.00015504403350058427,-0.3926936571229403,0.4699041666666667
29,1.0,aligned,available,4,0.0067724309515255765,-0.5619732083453655,0.4699041666666667
29,1.0,aligned,available,5,-0.009167080030756003,-0.4090587064722536,0.4699041666666667
29,1.0,aligned,available,6,-0.0020277786445964674,-0.8240549254527976,0.4699041666666667
29,1.0,aligned,available,7,-0.012042793425718679,-0.685344220998958,0.4699041666666667
29,1.0,aligned,available,8,-0.0038214044435047057,-0.44557545426710793,0.4699041666666667
29,1.0,aligned,available,9,-0.01182563317290955,0.24550514333646786,0.4699041666666667
29,1.0,aligned,available,10,0.0034344167347972743,-0.509421818282508,0.4699041666666667
29,1.0,aligned,available,11,-0.004106655919180146,0.01428901702727484,0.4699041666666667
29,1.0,aligned,available,12,0.006902451951609545,0.2660948815955005,0.4699041666666667
29,1.0,aligned,available,13,-0.006665144683875468,-0.21619728151186637,0.4699041666666667
29,1.0,aligned,available,14,-0.0011400856301988227,-0.13936896064279028,0.4699041666666667
29,1.0,aligned,available,15,-0.011757318522097049,-0.3650617511409745,0.4699041666666667
29,1.0,aligned,available,16,-0.004683881400929457,-0.5079689017144244,0.4699041666666667
29,1.0,aligned,available,17,-0.00635960735239538,-0.4164793402858325,0.4699041666666667
29,1.0,aligned,available,18,0.021698462061368703,0.09181085015185098,0.4699041666666667
29,1.0,aligned,available,19,-0.0057267497684483915,-0.3325837636186404,0.4699041666666667
29,1.0,aligned,available,20,0.0046678310218948305,-0.276052714209799,0.4699041666666667
29,1.0,aligned,available,21,-0.010041784776922852,0.013766016782877309,0.4699041666666667
29,1.0,aligned,available,22,-0.002476491563363766,-0.007104359450318329,0.4699041666666667
29,1.0,aligned,available,23,0.024130488293659567,-0.009660991294203312,0.4699041666666667
29,1.0,aligned,available,24,0.02094743490749864,-0.008744463004389195,0.4699041666666667
29,1.0,aligned,available,25,0.01112447869227385,-0.01109900886537986,0.4699041666666667
29,1.0,aligned,available,26,0.001439986318468452,-0.004964497800649943,0.4699041666666667
29,1.0,aligned,available,27,0.0017425067624726454,0.001204996799757602,0.4699041666666667
29,1.0,aligned,available,28,-0.009387017765128593,-0.0020378514186708122,0.4699041666666667
29,1.0,aligned,available,29,-0.002434312995451218,-0.007415907350267931,0.4699041666666667
29,1.0,aligned,available,30,0.023769976751799662,0.0006379203285397214,0.4699041666666667
29,1.0,aligned,available,31,0.026492088556068008,0.006306615537891892,0.4699041666666667
29,1.0,aligned,available,32,0.0002462182778065758,-0.4276075818947899,0.4699041666666667
29,1.0,aligned,available,33,-0.002126186421973912,0.006954434021222473,0.4699041666666667
29,1.0,aligned,available,34,-0.01480609632788369,0.004770086442021769,0.4699041666666667
29,1.0,aligned,available,35,0.025913591861330604,0.004067980742929035,0.4699041666666667
29,1.0,aligned,available,36,-0.017736982638352827,-0.3389458782728499,0.4699041666666667
29,1.0,aligned,available,37,-0.00446205867341096,-0.002314199920530646,0.4699041666666667
29,1.0,aligned,available,38,-0.0044504068371381544,0.1877630783005345,0.4699041666666667
29,1.0,aligned,available,39,0.010473789035371824,-0.027508953660065855,0.4699041666666667
29,1.0,aligned,available,40,0.008816577907762913,0.4753995000724072,0.4699041666666667
29,1.0,aligned,available,41,0.00696901490597146,0.5806834594359429,0.4699041666666667
29,1.0,aligned,available,42,0.014141146994331388,0.368953539294774,0.4699041666666667
29,1.0,aligned,available,43,0.012747376779563335,-0.44553893837855235,0.4699041666666667
29,1.0,aligned,available,44,0.0008697414860360242,0.77035447244076,0.4699041666666667
29,1.0,aligned,available,45,0.0010769602356126562,0.7203799946942885,0.4699041666666667
29,1.0,aligned,available,46,-0.002228138943760949,0.687032952228856,0.4699041666666667
29,1.0,aligned,available,47,-0.010864303157148814,0.34715398449741536,0.4699041666666667
29,1.0,aligned,available,48,-0.013399870691114951,0.22471190197309374,0.4699041666666667
29,1.0,aligned,available,49,0.0034952444931591886,-0.4651966560568951,0.4699041666666667
29,1.0,aligned,available,50,-0.004677125377966773,0.24912650714325899,0.4699041666666667
29,1.0,aligned,available,51,0.004090654553486006,0.5033436651308288,0.4699041666666667
29,1.0,aligned,available,52,0.00037418962672622347,0.19532194667416272,0.4699041666666667
29,1.0,aligned,available,53,-0.007270655788850625,0.12605356547088792,0.4699041666666667
29,1.0,aligned,available,54,0.008658225583103335,0.12602355711728422,0.4699041666666667
29,1.0,aligned,available,55,0.008810622604112146,-0.034862913052861655,0.4699041666666667
29,1.0,aligned,available,56,6.274219749602405e-05,0.8335767229648138,0.4699041666666667
29,1.0,aligned,available,57,-0.0013249274982948256,0.5398883360117985,0.4699041666666667
29,1.0,aligned,available,58,0.007242687204514431,-0.3027557871069849,0.4699041666666667
29,1.0,aligned,available,59,0.007062769200533392,0.6213982588479169,0.4699041666666667
29,1.0,aligned,available,60,0.007237837256711899,0.6457120694879631,0.4699041666666667
29,1.0,aligned,available,61,0.01241788584276815,-0.279482183959143,0.4699041666666667
29,1.0,aligned,available,62,0.003967089013673819,0.7529479500814447,0.4699041666666667
29,1.0,aligned,available,63,-0.014596698634378125,-0.17790317826178292,0.4699041666666667
29,1.0,aligned,available,64,0.008938821039812916,0.48382419660924614,0.4699041666666667
29,1.0,aligned,available,65,-0.0007005060807284691,-0.5818206029998115,0.4699041666666667
29,1.0,aligned,mi_obs,0,0.028275094385824262,0.4192725100602547,0.4699041666666667
29,1.0,aligned,mi_obs,1,0.0893192604567891,0.009866882811655667,0.4699041666666667
29,1.0,aligned,mi_obs,2,0.12449552925454344,-0.013452998127140571,0.4699041666666667
29,1.0,aligned,mi_obs,3,-0.06711725715165612,-0.3926936571229403,0.4699041666666667
29,1.0,aligned,mi_obs,4,-0.002029084632741651,-0.5619732083453655,0.4699041666666667
29,1.0,aligned,mi_obs,5,0.04142672541727499,-0.4090587064722536,0.4699041666666667
29,1.0,aligned,mi_obs,6,-0.05410149769093919,-0.8240549254527976,0.4699041666666667
29,1.0,aligned,mi_obs,7,-0.07199461019167241,-0.685344220998958,0.4699041666666667
29,1.0,aligned,mi_obs,8,-0.008408672843870257,-0.44557545426710793,0.4699041666666667
29,1.0,aligned,mi_obs,9,0.000782529372427121,0.24550514333646786,0.4699041666666667
29,1.0,aligned,mi_obs,10,-0.01918015425800046,-0.509421818282508,0.4699041666666667
29,1.0,aligned,mi_obs,11,0.040270734154822796,0.01428901702727484,0.4699041666666667
29,1.0,aligned,mi_obs,12,0.13373594694506657,0.2660948815955005,0.4699041666666667
29,1.0,aligned,mi_obs,13,-0.022605320741379276,-0.21619728151186637,0.4699041666666667
29,1.0,aligned,mi_obs,14,0.0004341911817971611,-0.13936896064279028,0.4699041666666667
29,1.0,aligned,mi_obs,15,-0.05009375035979907,-0.3650617511409745,0.4699041666666667
29,1.0,aligned,mi_obs,16,-0.023633499525046564,-0.5079689017144244,0.4699041666666667
29,1.0,aligned,mi_obs,17,-0.002265163533747616,-0.4164793402858325,0.4699041666666667
29,1.0,aligned,mi_obs,18,0.03713340379323657,0.09181085015185098,0.4699041666666667
29,1.0,aligned,mi_obs,19,-0.0045668377062145216,-0.3325837636186404,0.4699041666666667
29,1.0,aligned,mi_obs,20,-0.0007901690660723215,-0.276052714209799,0.4699041666666667
29,1.0,aligned,mi_obs,21,-0.10762059199987054,0.013766016782877309,0.4699041666666667
29,1.0,aligned,mi_obs,22,0.06481625998225049,-0.007104359450318329,0.4699041666666667
29,1.0,aligned,mi_obs,23,0.003966776714584254,-0.009660991294203312,0.4699041666666667
29,1.0,aligned,mi_obs,24,0.001463831753589731,-0.008744463004389195,0.4699041666666667
29,1.0,aligned,mi_obs,25,0.02028792072545225,-0.01109900886537986,0.4699041666666667
29,1.0,aligned,mi_obs,26,0.02389489348436052,-0.004964497800649943,0.4699041666666667
29,1.0,aligned,mi_obs,27,-0.027090989419668476,0.001204996799757602,0.4699041666666667
29,1.0,aligned,mi_obs,28,0.004003069670559247,-0.0020378514186708122,0.4699041666666667
29,1.0,aligned,mi_obs,29,0.002829716062941433,-0.007415907350267931,0.4699041666666667
29,1.0,aligned,mi_obs,30,0.0248111858480143,0.0006379203285397214,0.4699041666666667
29,1.0,aligned,mi_obs,31,0.05120429018620684,0.006306615537891892,0.4699041666666667
29,1.0,aligned,mi_obs,32,-0.14690630709847957,-0.4276075818947899,0.4699041666666667
29,1.0,aligned,mi_obs,33,-0.041762740879307404,0.006954434021222473,0.4699041666666667
29,1.0,aligned,mi_obs,34,-0.04004959771215899,0.004770086442021769,0.4699041666666667
29,1.0,aligned,mi_obs,35,-0.03201171228833587,0.004067980742929035,0.4699041666666667
29,1.0,aligned,mi_obs,36,-0.0751205892680969,-0.3389458782728499,0.4699041666666667
29,1.0,aligned,mi_obs,37,-0.04187454185819661,-0.002314199920530646,0.4699041666666667
29,1.0,aligned,mi_obs,38,0.011904509345546765,0.1877630783005345,0.4699041666666667
29,1.0,aligned,mi_obs,39,-0.05940135359592058,-0.027508953660065855,0.4699041666666667
29,1.0,aligned,mi_obs,40,0.06642332166604842,0.4753995000724072,0.4699041666666667
29,1.0,aligned,mi_obs,41,0.08015618390439094,0.5806834594359429,0.4699041666666667
29,1.0,aligned,mi_obs,42,0.050365887933825404,0.368953539294774,0.4699041666666667
29,1.0,aligned,mi_obs,43,-0.0736723684246468,-0.44553893837855235,0.4699041666666667
29,1.0,aligned,mi_obs,44,0.07957571612902137,0.77035447244076,0.4699041666666667
29,1.0,aligned,mi_obs,45,-0.1038611764317725,0.7203799946942885,0.4699041666666667
29,1.0,aligned,mi_obs,46,-0.02953054564142088,0.687032952228856,0.4699041666666667
29,1.0,aligned,mi_obs,47,0.0025541931150944164,0.34715398449741536,0.4699041666666667
29,1.0,aligned,mi_obs,48,-0.016185170888466077,0.22471190197309374,0.4699041666666667
29,1.0,aligned,mi_obs,49,0.006426654484149863,-0.4651966560568951,0.4699041666666667
29,1.0,aligned,mi_obs,50,-0.014561857453994131,0.24912650714325899,0.4699041666666667
29,1.0,aligned,mi_obs,51,-0.07904424724434628,0.5033436651308288,0.4699041666666667
29,1.0,aligned,mi_obs,52,-0.047923223086846545,0.19532194667416272,0.4699041666666667
29,1.0,aligned,mi_obs,53,-0.05132014295393572,0.12605356547088792,0.4699041666666667
29,1.0,aligned,mi_obs,54,0.16050870193359532,0.12602355711728422,0.4699041666666667
29,1.0,aligned,mi_obs,55,-0.06260561203875382,-0.034862913052861655,0.4699041666666667
29,1.0,aligned,mi_obs,56,0.03238538313287753,0.8335767229648138,0.4699041666666667
29,1.0,aligned,mi_obs,57,0.005560673846894404,0.5398883360117985,0.4699041666666667
29,1.0,aligned,mi_obs,58,0.020949135463806168,-0.3027557871069849,0.4699041666666667
29,1.0,aligned,mi_obs,59,0.007010082053940714,0.6213982588479169,0.4699041666666667
29,1.0,aligned,mi_obs,60,0.06948717891558742,0.6457120694879631,0.4699041666666667
29,1.0,aligned,mi_obs,61,-0.016362808524651495,-0.279482183959143,0.4699041666666667
29,1.0,aligned,mi_obs,62,0.016249545844000735,0.7529479500814447,0.4699041666666667
29,1.0,aligned,mi_obs,63,-0.017211774467177643,-0.17790317826178292,0.4699041666666667
29,1.0,aligned,mi_obs,64,0.004505576377687059,0.48382419660924614,0.4699041666666667
29,1.0,aligned,mi_obs,65,-0.02512833090972255,-0.5818206029998115,0.4699041666666667
29,1.0,aligned,mi_class,0,0.0015132943802987908,0.4192725100602547,0.4699041666666667
29,1.0,aligned,mi_class,1,-0.046053812535358125,0.009866882811655667,0.4699041666666667
29,1.0,aligned,mi_class,2,-0.0023314200017135103,-0.013452998127140571,0.4699041666666667
29,1.0,aligned,mi_class,3,0.0974407944598526,-0.3926936571229403,0.4699041666666667
29,1.0,aligned,mi_class,4,0.20613694092117452,-0.5619732083453655,0.4699041666666667
29,1.0,aligned,mi_class,5,0.1336276353476396,-0.4090587064722536,0.4699041666666667
29,1.0,aligned,mi_class,6,0.8029114835382979,-0.8240549254527976,0.4699041666666667
29,1.0,aligned,mi_class,7,0.3306863676079076,-0.685344220998958,0.4699041666666667
29,1.0,aligned,mi_class,8,0.1247121883523426,-0.44557545426710793,0.4699041666666667
29,1.0,aligned,mi_class,9,-0.24344515210758505,0.24550514333646786,0.4699041666666667
29,1.0,aligned,mi_class,10,0.040097895493322044,-0.509421818282508,0.4699041666666667
29,1.0,aligned,mi_class,11,0.0023016691988415987,0.01428901702727484,0.4699041666666667
29,1.0,aligned,mi_class,12,0.01923673649233726,0.2660948815955005,0.4699041666666667
29,1.0,aligned,mi_class,13,0.03887042375816255,-0.21619728151186637,0.4699041666666667
29,1.0,aligned,mi_class,14,0.038709524525147074,-0.13936896064279028,0.4699041666666667
29,1.0,aligned,mi_class,15,0.09321149568198533,-0.3650617511409745,0.4699041666666667
29,1.0,aligned,mi_class,16,0.49372872912464155,-0.5079689017144244,0.4699041666666667
29,1.0,aligned,mi_class,17,0.21661836141228413,-0.4164793402858325,0.4699041666666667
29,1.0,aligned,mi_class,18,0.01477567115029671,0.09181085015185098,0.4699041666666667
29,1.0,aligned,mi_class,19,0.3268310737790454,-0.3325837636186404,0.4699041666666667
29,1.0,aligned,mi_class,20,0.009754741975389558,-0.276052714209799,0.4699041666666667
29,1.0,aligned,mi_class,21,0.0190618642842469,0.013766016782877309,0.4699041666666667
29,1.0,aligned,mi_class,22,0.015784553097888038,-0.007104359450318329,0.4699041666666667
29,1.0,aligned,mi_class,23,0.019894900230590713,-0.009660991294203312,0.4699041666666667
29,1.0,aligned,mi_class,24,0.015309393036987133,-0.008744463004389195,0.4699041666666667
29,1.0,aligned,mi_class,25,0.08169202257783169,-0.01109900886537986,0.4699041666666667
29,1.0,aligned,mi_class,26,-0.02827026924732268,-0.004964497800649943,0.4699041666666667
29,1.0,aligned,mi_class,27,-0.2423547025160656,0.001204996799757602,0.4699041666666667
29,1.0,aligned,mi_class,28,-0.06950779590931316,-0.0020378514186708122,0.4699041666666667
29,1.0,aligned,mi_class,29,-0.003551080876995609,-0.007415907350267931,0.4699041666666667
29,1.0,aligned,mi_class,30,0.011366286731414247,0.0006379203285397214,0.4699041666666667
29,1.0,aligned,mi_class,31,-0.005108087287911093,0.006306615537891892,0.4699041666666667
29,1.0,aligned,mi_class,32,0.022631841841964262,-0.4276075818947899,0.4699041666666667
29,1.0,aligned,mi_class,33,-0.0070019109566872816,0.006954434021222473,0.4699041666666667
29,1.0,aligned,mi_class,34,-0.021223300453381964,0.004770086442021769,0.4699041666666667
29,1.0,aligned,mi_class,35,0.02097333028297199,0.004067980742929035,0.4699041666666667
29,1.0,aligned,mi_class,36,0.33450588932244296,-0.3389458782728499,0.4699041666666667
29,1.0,aligned,mi_class,37,0.008941100817453917,-0.002314199920530646,0.4699041666666667
29,1.0,aligned,mi_class,38,-0.03491960963426269,0.1877630783005345,0.4699041666666667
29,1.0,aligned,mi_class,39,0.011033091979583957,-0.027508953660065855,0.4699041666666667
29,1.0,aligned,mi_class,40,-0.46099031349327013,0.4753995000724072,0.4699041666666667
29,1.0,aligned,mi_class,41,-0.24122907209485434,0.5806834594359429,0.4699041666666667
29,1.0,aligned,mi_class,42,-0.039365088103137824,0.368953539294774,0.4699041666666667
29,1.0,aligned,mi_class,43,0.4416767075800585,-0.44553893837855235,0.4699041666666667
29,1.0,aligned,mi_class,44,-0.19188275210818795,0.77035447244076,0.4699041666666667
29,1.0,aligned,mi_class,45,-0.015253345862229706,0.7203799946942885,0.4699041666666667
29,1.0,aligned,mi_class,46,-0.6689929119776016,0.687032952228856,0.4699041666666667
29,1.0,aligned,mi_class,47,-0.1510842623342499,0.34715398449741536,0.4699041666666667
29,1.0,aligned,mi_class,48,-0.03656302290509783,0.22471190197309374,0.4699041666666667
29,1.0,aligned,mi_class,49,0.46125632730924926,-0.4651966560568951,0.4699041666666667
29,1.0,aligned,mi_class,50,-0.0672793999201986,0.24912650714325899,0.4699041666666667
29,1.0,aligned,mi_class,51,-0.48957359711090204,0.5033436651308288,0.4699041666666667
29,1.0,aligned,mi_class,52,-0.07315907847413634,0.19532194667416272,0.4699041666666667
29,1.0,aligned,mi_class,53,-0.02082696440150579,0.12605356547088792,0.4699041666666667
29,1.0,aligned,mi_class,54,-0.12493155733833969,0.12602355711728422,0.4699041666666667
29,1.0,aligned,mi_class,55,0.020358681405565772,-0.034862913052861655,0.4699041666666667
29,1.0,aligned,mi_class,56,-0.8190548466906074,0.8335767229648138,0.4699041666666667
29,1.0,aligned,mi_class,57,-0.5265990743829674,0.5398883360117985,0.4699041666666667
29,1.0,aligned,mi_class,58,-0.6967811564442171,-0.3027557871069849,0.4699041666666667
29,1.0,aligned,mi_class,59,-0.596847310128011,0.6213982588479169,0.4699041666666667
29,1.0,aligned,mi_class,60,-0.3619018844752463,0.6457120694879631,0.4699041666666667
29,1.0,aligned,mi_class,61,0.2781899560723249,-0.279482183959143,0.4699041666666667
29,1.0,aligned,mi_class,62,-0.41329188607334966,0.7529479500814447,0.4699041666666667
29,1.0,aligned,mi_class,63,0.17583899817526125,-0.17790317826178292,0.4699041666666667
29,1.0,aligned,mi_class,64,-0.033122047085444584,0.48382419660924614,0.4699041666666667
29,1.0,aligned,mi_class,65,0.5700312277042983,-0.5818206029998115,0.4699041666666667
29,1.0,aligned,mi_site,0,-0.006551229858699048,0.4192725100602547,0.4699041666666667
29,1.0,aligned,mi_site,1,0.017632698252068965,0.009866882811655667,0.4699041666666667
29,1.0,aligned,mi_site,2,0.05515042990125404,-0.013452998127140571,0.4699041666666667
29,1.0,aligned,mi_site,3,-0.018798280748939522,-0.3926936571229403,0.4699041666666667
29,1.0,aligned,mi_site,4,0.05313035713275838,-0.5619732083453655,0.4699041666666667
29,1.0,aligned,mi_site,5,0.07725235430433003,-0.4090587064722536,0.4699041666666667
29,1.0,aligned,mi_site,6,0.03805097467260454,-0.8240549254527976,0.4699041666666667
29,1.0,aligned,mi_site,7,0.00786921871112789,-0.685344220998958,0.4699041666666667
29,1.0,aligned,mi_site,8,0.027167528720299206,-0.44557545426710793,0.4699041666666667
29,1.0,aligned,mi_site,9,-0.01862709351918307,0.24550514333646786,0.4699041666666667
29,1.0,aligned,mi_site,10,0.028483822968659922,-0.509421818282508,0.4699041666666667
29,1.0,aligned,mi_site,11,0.008798152830358154,0.01428901702727484,0.4699041666666667
29,1.0,aligned,mi_site,12,0.019673864035792465,0.2660948815955005,0.4699041666666667
29,1.0,aligned,mi_site,13,-0.00676096095685777,-0.21619728151186637,0.4699041666666667
29,1.0,aligned,mi_site,14,0.02004011828584787,-0.13936896064279028,0.4699041666666667
29,1.0,aligned,mi_site,15,-0.011224103238884842,-0.3650617511409745,0.4699041666666667
29,1.0,aligned,mi_site,16,0.0037977916452648364,-0.5079689017144244,0.4699041666666667
29,1.0,aligned,mi_site,17,0.010043195872545874,-0.4164793402858325,0.4699041666666667
29,1.0,aligned,mi_site,18,0.021914732171583656,0.09181085015185098,0.4699041666666667
29,1.0,aligned,mi_site,19,0.005118875157065272,-0.3325837636186404,0.4699041666666667
29,1.0,aligned,mi_site,20,0.009430745089822834,-0.276052714209799,0.4699041666666667
29,1.0,aligned,mi_site,21,-0.05947430241820751,0.013766016782877309,0.4699041666666667
29,1.0,aligned,mi_site,22,0.03721249686002488,-0.007104359450318329,0.4699041666666667
29,1.0,aligned,mi_site,23,0.015851335941177692,-0.009660991294203312,0.4699041666666667
29,1.0,aligned,mi_site,24,0.02295929267999721,-0.008744463004389195,0.4699041666666667
29,1.0,aligned,mi_site,25,0.03734403055788637,-0.01109900886537986,0.4699041666666667
29,1.0,aligned,mi_site,26,0.02758263173750575,-0.004964497800649943,0.4699041666666667
29,1.0,aligned,mi_site,27,0.001410626574638104,0.001204996799757602,0.4699041666666667
29,1.0,aligned,mi_site,28,-0.004335916731201511,-0.0020378514186708122,0.4699041666666667
29,1.0,aligned,mi_site,29,0.002198277390523528,-0.007415907350267931,0.4699041666666667
29,1.0,aligned,mi_site,30,0.019377444980058618,0.0006379203285397214,0.4699041666666667
29,1.0,aligned,mi_site,31,0.043825174390923136,0.006306615537891892,0.4699041666666667
29,1.0,aligned,mi_site,32,-0.049606683845292876,-0.4276075818947899,0.4699041666666667
29,1.0,aligned,mi_site,33,-0.005944847418341094,0.006954434021222473,0.4699041666666667
29,1.0,aligned,mi_site,34,-0.015327468729779938,0.004770086442021769,0.4699041666666667
29,1.0,aligned,mi_site,35,0.008270380538042212,0.004067980742929035,0.4699041666666667
29,1.0,aligned,mi_site,36,0.005759096238745209,-0.3389458782728499,0.4699041666666667
29,1.0,aligned,mi_site,37,-0.026919469964989798,-0.002314199920530646,0.4699041666666667
29,1.0,aligned,mi_site,38,0.015643514755801835,0.1877630783005345,0.4699041666666667
29,1.0,aligned,mi_site,39,-0.03556162406785743,-0.027508953660065855,0.4699041666666667
29,1.0,aligned,mi_site,40,0.056678971797081645,0.4753995000724072,0.4699041666666667
29,1.0,aligned,mi_site,41,0.06275101787596482,0.5806834594359429,0.4699041666666667
29,1.0,aligned,mi_site,42,0.04264202355172769,0.368953539294774,0.4699041666666667
29,1.0,aligned,mi_site,43,-0.03548232462711415,-0.44553893837855235,0.4699041666666667
29,1.0,aligned,mi_site,44,0.044161441430591086,0.77035447244076,0.4699041666666667
29,1.0,aligned,mi_site,45,-0.09050783418634878,0.7203799946942885,0.4699041666666667
29,1.0,aligned,mi_site,46,-0.0340096539186161,0.687032952228856,0.4699041666666667
29,1.0,aligned,mi_site,47,-9.228570078900766e-05,0.34715398449741536,0.4699041666666667
29,1.0,aligned,mi_site,48,-0.02082272037476332,0.22471190197309374,0.4699041666666667
29,1.0,aligned,mi_site,49,-0.0027612412820481325,-0.4651966560568951,0.4699041666666667
29,1.0,aligned,mi_site,50,-0.007835895162150885,0.24912650714325899,0.4699041666666667
29,1.0,aligned,mi_site,51,-0.06710939949919992,0.5033436651308288,0.4699041666666667
29,1.0,aligned,mi_site,52,-0.03593013465528519,0.19532194667416272,0.4699041666666667
29,1.0,aligned,mi_site,53,-0.04423977622451801,0.12605356547088792,0.4699041666666667
29,1.0,aligned,mi_site,54,0.0947097488626325,0.12602355711728422,0.4699041666666667
29,1.0,aligned,mi_site,55,-0.046200378683738885,-0.034862913052861655,0.4699041666666667
29,1.0,aligned,mi_site,56,0.030260972783382467,0.8335767229648138,0.4699041666666667
29,1.0,aligned,mi_site,57,0.012583600628837344,0.5398883360117985,0.4699041666666667
29,1.0,aligned,mi_site,58,0.002748378020346609,-0.3027557871069849,0.4699041666666667
29,1.0,aligned,mi_site,59,0.005702805656558341,0.6213982588479169,0.4699041666666667
29,1.0,aligned,mi_site,60,0.05223939769525843,0.6457120694879631,0.4699041666666667
29,1.0,aligned,mi_site,61,-0.01847368781824138,-0.279482183959143,0.4699041666666667
29,1.0,aligned,mi_site,62,0.0052946393136174,0.7529479500814447,0.4699041666666667
29,1.0,aligned,mi_site,63,-0.020233128806827816,-0.17790317826178292,0.4699041666666667
29,1.0,aligned,mi_site,64,-0.004988180639168671,0.48382419660924614,0.4699041666666667
29,1.0,aligned,mi_site,65,-0.0023238518101069694,-0.5818206029998115,0.4699041666666667
29,1.0,closed,available,0,-0.0029319502683876064,0.4192725100602547,0.4699041666666667
29,1.0,closed,available,1,0.022438022059477737,0.009866882811655667,0.4699041666666667
29,1.0,closed,available,2,-0.023845386762620276,-0.013452998127140571,0.4699041666666667
29,1.0,closed,available,3,0.00025386388476572597,-0.3926936571229403,0.4699041666666667
29,1.0,closed,available,4,0.003491282443796151,-0.5619732083453655,0.4699041666666667
29,1.0,closed,available,5,-0.008511618316620229,-0.4090587064722536,0.4699041666666667
29,1.0,closed,available,6,0.00034345768866883564,-0.8240549254527976,0.4699041666666667
29,1.0,closed,available,7,0.0036926308454182655,-0.685344220998958,0.4699041666666667
29,1.0,closed,available,8,-0.0017183559327582643,-0.44557545426710793,0.4699041666666667
29,1.0,closed,available,9,0.008961087570604015,0.24550514333646786,0.4699041666666667
29,1.0,closed,available,10,0.0047434010861273634,-0.509421818282508,0.4699041666666667
29,1.0,closed,available,11,0.00567878593081211,0.01428901702727484,0.4699041666666667
29,1.0,closed,available,12,0.010832933111876886,0.2660948815955005,0.4699041666666667
29,1.0,closed,available,13,-0.011124716748732666,-0.21619728151186637,0.4699041666666667
29,1.0,closed,available,14,0.006714688580435668,-0.13936896064279028,0.4699041666666667
29,1.0,closed,available,15,0.0036055611303399404,-0.3650617511409745,0.4699041666666667
29,1.0,closed,available,16,0.0022413594972502393,-0.5079689017144244,0.4699041666666667
29,1.0,closed,available,17,0.0018013526947265324,-0.4164793402858325,0.4699041666666667
29,1.0,closed,available,18,-0.019266194837656472,0.09181085015185098,0.4699041666666667
29,1.0,closed,available,19,0.002532992670533585,-0.3325837636186404,0.4699041666666667
29,1.0,closed,available,20,-0.003248340245311454,-0.276052714209799,0.4699041666666667
29,1.0,closed,available,21,0.022281470064653634,0.013766016782877309,0.4699041666666667
29,1.0,closed,available,22,-0.008826087746269532,-0.007104359450318329,0.4699041666666667
29,1.0,closed,available,23,0.0064633288568616025,-0.009660991294203312,0.4699041666666667
29,1.0,closed,available,24,-0.023852659788234126,-0.008744463004389195,0.4699041666666667
29,1.0,closed,available,25,-0.00831466083174656,-0.01109900886537986,0.4699041666666667
29,1.0,closed,available,26,-0.016565095519006173,-0.004964497800649943,0.4699041666666667
29,1.0,closed,available,27,-0.009716932628437192,0.001204996799757602,0.4699041666666667
29,1.0,closed,available,28,0.015727608941753003,-0.0020378514186708122,0.4699041666666667
29,1.0,closed,available,29,-0.012079834329190436,-0.007415907350267931,0.4699041666666667
29,1.0,closed,available,30,0.022328664665293426,0.0006379203285397214,0.4699041666666667
29,1.0,closed,available,31,-0.02331290426482883,0.006306615537891892,0.4699041666666667
29,1.0,closed,available,32,0.0044954488086458855,-0.4276075818947899,0.4699041666666667
29,1.0,closed,available,33,0.006855726655434077,0.006954434021222473,0.4699041666666667
29,1.0,closed,available,34,0.012867785689014137,0.004770086442021769,0.4699041666666667
29,1.0,closed,available,35,0.0008379245291733695,0.004067980742929035,0.4699041666666667
29,1.0,closed,available,36,-0.00468715113605761,-0.3389458782728499,0.4699041666666667
29,1.0,closed,available,37,-0.0007438472559664895,-0.002314199920530646,0.4699041666666667
29,1.0,closed,available,38,-0.00511454239514636,0.1877630783005345,0.4699041666666667
29,1.0,closed,available,39,-0.002184468333384166,-0.027508953660065855,0.4699041666666667
29,1.0,closed,available,40,0.007380240735646193,0.4753995000724072,0.4699041666666667
29,1.0,closed,available,41,0.010086133818803855,0.5806834594359429,0.4699041666666667
29,1.0,closed,available,42,0.012440015145363581,0.368953539294774,0.4699041666666667
29,1.0,closed,available,43,0.013523359002613256,-0.44553893837855235,0.4699041666666667
29,1.0,closed,available,44,0.001611614136002193,0.77035447244076,0.4699041666666667
29,1.0,closed,available,45,0.0019104797386556571,0.7203799946942885,0.4699041666666667
29,1.0,closed,available,46,-0.004815966384979831,0.687032952228856,0.4699041666666667
29,1.0,closed,available,47,-0.010797386896816474,0.34715398449741536,0.4699041666666667
29,1.0,closed,available,48,0.007186518898410321,0.22471190197309374,0.4699041666666667
29,1.0,closed,available,49,0.004081449888691302,-0.4651966560568951,0.4699041666666667
29,1.0,closed,available,50,-0.0019591976828252644,0.24912650714325899,0.4699041666666667
29,1.0,closed,available,51,-0.0038362357115755974,0.5033436651308288,0.4699041666666667
29,1.0,closed,available,52,-0.01326324176826707,0.19532194667416272,0.4699041666666667
29,1.0,closed,available,53,0.004671658262425521,0.12605356547088792,0.4699041666666667
29,1.0,closed,available,54,-0.003229381326744718,0.12602355711728422,0.4699041666666667
29,1.0,closed,available,55,-0.003868023555778491,-0.034862913052861655,0.4699041666666667
29,1.0,closed,available,56,-0.0012343187425188917,0.8335767229648138,0.4699041666666667
29,1.0,closed,available,57,0.007391259486932089,0.5398883360117985,0.4699041666666667
29,1.0,closed,available,58,-0.0023901670669289055,-0.3027557871069849,0.4699041666666667
29,1.0,closed,available,59,0.002394857935653638,0.6213982588479169,0.4699041666666667
29,1.0,closed,available,60,0.013266939670117273,0.6457120694879631,0.4699041666666667
29,1.0,closed,available,61,0.0009186936396426426,-0.279482183959143,0.4699041666666667
29,1.0,closed,available,62,0.005640091323187657,0.7529479500814447,0.4699041666666667
29,1.0,closed,available,63,0.0047892468042305125,-0.17790317826178292,0.4699041666666667
29,1.0,closed,available,64,-0.006430938477555437,0.48382419660924614,0.4699041666666667
29,1.0,closed,available,65,-0.004428391100611995,-0.5818206029998115,0.4699041666666667
29,1.0,closed,mi_obs,0,0.01749595520716768,0.4192725100602547,0.4699041666666667
29,1.0,closed,mi_obs,1,0.10961191364711476,0.009866882811655667,0.4699041666666667
29,1.0,closed,mi_obs,2,-0.08064391947925552,-0.013452998127140571,0.4699041666666667
29,1.0,closed,mi_obs,3,-0.04834501273932218,-0.3926936571229403,0.4699041666666667
29,1.0,closed,mi_obs,4,-0.009258341895064581,-0.5619732083453655,0.4699041666666667
29,1.0,closed,mi_obs,5,0.027123479468024736,-0.4090587064722536,0.4699041666666667
29,1.0,closed,mi_obs,6,-0.04875565145996752,-0.8240549254527976,0.4699041666666667
29,1.0,closed,mi_obs,7,-0.0210233641809624,-0.685344220998958,0.4699041666666667
29,1.0,closed,mi_obs,8,-0.050528416080517724,-0.44557545426710793,0.4699041666666667
29,1.0,closed,mi_obs,9,0.01356079403292973,0.24550514333646786,0.4699041666666667
29,1.0,closed,mi_obs,10,-0.014774222844222251,-0.509421818282508,0.4699041666666667
29,1.0,closed,mi_obs,11,0.00430214509252775,0.01428901702727484,0.4699041666666667
29,1.0,closed,mi_obs,12,0.09314319540450916,0.2660948815955005,0.4699041666666667
29,1.0,closed,mi_obs,13,-0.03928043470787665,-0.21619728151186637,0.4699041666666667
29,1.0,closed,mi_obs,14,0.007463856735564628,-0.13936896064279028,0.4699041666666667
29,1.0,closed,mi_obs,15,-0.048950040047839094,-0.3650617511409745,0.4699041666666667
29,1.0,closed,mi_obs,16,-0.02916390728105489,-0.5079689017144244,0.4699041666666667
29,1.0,closed,mi_obs,17,-0.0053680017587333095,-0.4164793402858325,0.4699041666666667
29,1.0,closed,mi_obs,18,0.012668193133285918,0.09181085015185098,0.4699041666666667
29,1.0,closed,mi_obs,19,-0.00116689736459491,-0.3325837636186404,0.4699041666666667
29,1.0,closed,mi_obs,20,-0.006304962102189338,-0.276052714209799,0.4699041666666667
29,1.0,closed,mi_obs,21,0.12245542294683756,0.013766016782877309,0.4699041666666667
29,1.0,closed,mi_obs,22,-0.1281282077045967,-0.007104359450318329,0.4699041666666667
29,1.0,closed,mi_obs,23,-0.011554590445635532,-0.009660991294203312,0.4699041666666667
29,1.0,closed,mi_obs,24,0.004020248309057555,-0.008744463004389195,0.4699041666666667
29,1.0,closed,mi_obs,25,-0.020217434498911717,-0.01109900886537986,0.4699041666666667
29,1.0,closed,mi_obs,26,-0.05032395479883239,-0.004964497800649943,0.4699041666666667
29,1.0,closed,mi_obs,27,-0.0019084747381697242,0.001204996799757602,0.4699041666666667
29,1.0,closed,mi_obs,28,0.004146868214976493,-0.0020378514186708122,0.4699041666666667
29,1.0,closed,mi_obs,29,-0.027738728866604966,-0.007415907350267931,0.4699041666666667
29,1.0,closed,mi_obs,30,0.058211784511354815,0.0006379203285397214,0.4699041666666667
29,1.0,closed,mi_obs,31,0.02988326839780707,0.006306615537891892,0.4699041666666667
29,1.0,closed,mi_obs,32,-0.13778243302065635,-0.4276075818947899,0.4699041666666667
29,1.0,closed,mi_obs,33,0.008700712835722085,0.006954434021222473,0.4699041666666667
29,1.0,closed,mi_obs,34,0.015042813723984905,0.004770086442021769,0.4699041666666667
29,1.0,closed,mi_obs,35,-0.020411965970127705,0.004067980742929035,0.4699041666666667
29,1.0,closed,mi_obs,36,-0.06099192933602848,-0.3389458782728499,0.4699041666666667
29,1.0,closed,mi_obs,37,-0.018179891046851027,-0.002314199920530646,0.4699041666666667
29,1.0,closed,mi_obs,38,0.008690225295693382,0.1877630783005345,0.4699041666666667
29,1.0,closed,mi_obs,39,-0.06804274484261263,-0.027508953660065855,0.4699041666666667
29,1.0,closed,mi_obs,40,0.0659320509220655,0.4753995000724072,0.4699041666666667
29,1.0,closed,mi_obs,41,0.0805982955414476,0.5806834594359429,0.4699041666666667
29,1.0,closed,mi_obs,42,0.04585527689487945,0.368953539294774,0.4699041666666667
29,1.0,closed,mi_obs,43,-0.06255775938038394,-0.44553893837855235,0.4699041666666667
29,1.0,closed,mi_obs,44,0.07596156896731487,0.77035447244076,0.4699041666666667
29,1.0,closed,mi_obs,45,-0.10182630937790105,0.7203799946942885,0.4699041666666667
29,1.0,closed,mi_obs,46,-0.03357891292799586,0.687032952228856,0.4699041666666667
29,1.0,closed,mi_obs,47,-0.01252312596751165,0.34715398449741536,0.4699041666666667
29,1.0,closed,mi_obs,48,-0.028450563895597497,0.22471190197309374,0.4699041666666667
29,1.0,closed,mi_obs,49,0.0023885585278894395,-0.4651966560568951,0.4699041666666667
29,1.0,closed,mi_obs,50,-0.01483744076497956,0.24912650714325899,0.4699041666666667
29,1.0,closed,mi_obs,51,-0.07833763554272871,0.5033436651308288,0.4699041666666667
29,1.0,closed,mi_obs,52,-0.0647509977363375,0.19532194667416272,0.4699041666666667
29,1.0,closed,mi_obs,53,-0.055592267011005975,0.12605356547088792,0.4699041666666667
29,1.0,closed,mi_obs,54,0.1596375339210044,0.12602355711728422,0.4699041666666667
29,1.0,closed,mi_obs,55,-0.06643631174673996,-0.034862913052861655,0.4699041666666667
29,1.0,closed,mi_obs,56,0.02353771778516578,0.8335767229648138,0.4699041666666667
29,1.0,closed,mi_obs,57,0.019897371560913757,0.5398883360117985,0.4699041666666667
29,1.0,closed,mi_obs,58,0.013194045808033295,-0.3027557871069849,0.4699041666666667
29,1.0,closed,mi_obs,59,0.014456159063854557,0.6213982588479169,0.4699041666666667
29,1.0,closed,mi_obs,60,0.0849318759551072,0.6457120694879631,0.4699041666666667
29,1.0,closed,mi_obs,61,-0.02276715541829838,-0.279482183959143,0.4699041666666667
29,1.0,closed,mi_obs,62,0.020591784483494302,0.7529479500814447,0.4699041666666667
29,1.0,closed,mi_obs,63,-0.01055737211435176,-0.17790317826178292,0.4699041666666667
29,1.0,closed,mi_obs,64,0.0055591561711545445,0.48382419660924614,0.4699041666666667
29,1.0,closed,mi_obs,65,-0.02536763385071772,-0.5818206029998115,0.4699041666666667
29,1.0,closed,mi_class,0,-0.02669469958441939,0.4192725100602547,0.4699041666666667
29,1.0,closed,mi_class,1,-0.01862020373143771,0.009866882811655667,0.4699041666666667
29,1.0,closed,mi_class,2,0.009897619386728807,-0.013452998127140571,0.4699041666666667
29,1.0,closed,mi_class,3,0.14115465175903408,-0.3926936571229403,0.4699041666666667
29,1.0,closed,mi_class,4,0.2278816558831786,-0.5619732083453655,0.4699041666666667
29,1.0,closed,mi_class,5,0.15554835153579788,-0.4090587064722536,0.4699041666666667
29,1.0,closed,mi_class,6,0.315967840072482,-0.8240549254527976,0.4699041666666667
29,1.0,closed,mi_class,7,0.2925632244035555,-0.685344220998958,0.4699041666666667
29,1.0,closed,mi_class,8,0.12719763464094092,-0.44557545426710793,0.4699041666666667
29,1.0,closed,mi_class,9,-0.036426664775212336,0.24550514333646786,0.4699041666666667
29,1.0,closed,mi_class,10,0.076801936019812,-0.509421818282508,0.4699041666666667
29,1.0,closed,mi_class,11,-0.01509202995560814,0.01428901702727484,0.4699041666666667
29,1.0,closed,mi_class,12,0.08480817391650208,0.2660948815955005,0.4699041666666667
29,1.0,closed,mi_class,13,0.06661657044610764,-0.21619728151186637,0.4699041666666667
29,1.0,closed,mi_class,14,0.051340260691491654,-0.13936896064279028,0.4699041666666667
29,1.0,closed,mi_class,15,0.11040660408011721,-0.3650617511409745,0.4699041666666667
29,1.0,closed,mi_class,16,-0.025169908483759884,-0.5079689017144244,0.4699041666666667
29,1.0,closed,mi_class,17,0.13580293934608145,-0.4164793402858325,0.4699041666666667
29,1.0,closed,mi_class,18,-0.06006438316825407,0.09181085015185098,0.4699041666666667
29,1.0,closed,mi_class,19,-0.003690888896831279,-0.3325837636186404,0.4699041666666667
29,1.0,closed,mi_class,20,0.005337642811152232,-0.276052714209799,0.4699041666666667
29,1.0,closed,mi_class,21,0.005102139087626847,0.013766016782877309,0.4699041666666667
29,1.0,closed,mi_class,22,0.009392574910424386,-0.007104359450318329,0.4699041666666667
29,1.0,closed,mi_class,23,0.013945509959487352,-0.009660991294203312,0.4699041666666667
29,1.0,closed,mi_class,24,0.010039647305585521,-0.008744463004389195,0.4699041666666667
29,1.0,closed,mi_class,25,0.24862251174139116,-0.01109900886537986,0.4699041666666667
29,1.0,closed,mi_class,26,0.0069776487488410616,-0.004964497800649943,0.4699041666666667
29,1.0,closed,mi_class,27,-0.03188561932717848,0.001204996799757602,0.4699041666666667
29,1.0,closed,mi_class,28,0.14393110573010093,-0.0020378514186708122,0.4699041666666667
29,1.0,closed,mi_class,29,0.007029362893028192,-0.007415907350267931,0.4699041666666667
29,1.0,closed,mi_class,30,0.047067680882665205,0.0006379203285397214,0.4699041666666667
29,1.0,closed,mi_class,31,-0.02803692768519114,0.006306615537891892,0.4699041666666667
29,1.0,closed,mi_class,32,-0.013722511982492247,-0.4276075818947899,0.4699041666666667
29,1.0,closed,mi_class,33,0.012233075216206143,0.006954434021222473,0.4699041666666667
29,1.0,closed,mi_class,34,-0.008564820573979927,0.004770086442021769,0.4699041666666667
29,1.0,closed,mi_class,35,0.0061255746742574484,0.004067980742929035,0.4699041666666667
29,1.0,closed,mi_class,36,-0.09432601063688928,-0.3389458782728499,0.4699041666666667
29,1.0,closed,mi_class,37,0.01285724319807055,-0.002314199920530646,0.4699041666666667
29,1.0,closed,mi_class,38,-0.01077621565914541,0.1877630783005345,0.4699041666666667
29,1.0,closed,mi_class,39,-0.00017411255257862926,-0.027508953660065855,0.4699041666666667
29,1.0,closed,mi_class,40,-0.12105367366793479,0.4753995000724072,0.4699041666666667
29,1.0,closed,mi_class,41,-0.03457910502173889,0.5806834594359429,0.4699041666666667
29,1.0,closed,mi_class,42,-0.0048016639081362444,0.368953539294774,0.4699041666666667
29,1.0,closed,mi_class,43,0.0922678916550842,-0.44553893837855235,0.4699041666666667
29,1.0,closed,mi_class,44,-0.1792771010776818,0.77035447244076,0.4699041666666667
29,1.0,closed,mi_class,45,-0.018274127570962806,0.7203799946942885,0.4699041666666667
29,1.0,closed,mi_class,46,-0.25633370203024997,0.687032952228856,0.4699041666666667
29,1.0,closed,mi_class,47,-0.030333035576339373,0.34715398449741536,0.4699041666666667
29,1.0,closed,mi_class,48,-0.05130628131600931,0.22471190197309374,0.4699041666666667
29,1.0,closed,mi_class,49,0.112462433763659,-0.4651966560568951,0.4699041666666667
29,1.0,closed,mi_class,50,-0.06699203798588302,0.24912650714325899,0.4699041666666667
29,1.0,closed,mi_class,51,-0.17805302759591968,0.5033436651308288,0.4699041666666667
29,1.0,closed,mi_class,52,0.004921353009743917,0.19532194667416272,0.4699041666666667
29,1.0,closed,mi_class,53,-0.029188169418862722,0.12605356547088792,0.4699041666666667
29,1.0,closed,mi_class,54,-0.028650252899245873,0.12602355711728422,0.4699041666666667
29,1.0,closed,mi_class,55,0.002258778883816613,-0.034862913052861655,0.4699041666666667
29,1.0,closed,mi_class,56,-0.31895043616251373,0.8335767229648138,0.4699041666666667
29,1.0,closed,mi_class,57,-0.17279031426181585,0.5398883360117985,0.4699041666666667
29,1.0,closed,mi_class,58,0.2538047024791601,-0.3027557871069849,0.4699041666666667
29,1.0,closed,mi_class,59,-0.222650054268888,0.6213982588479169,0.4699041666666667
29,1.0,closed,mi_class,60,-0.11006195612675274,0.6457120694879631,0.4699041666666667
29,1.0,closed,mi_class,61,0.0687326048922558,-0.279482183959143,0.4699041666666667
29,1.0,closed,mi_class,62,-0.19875089470374752,0.7529479500814447,0.4699041666666667
29,1.0,closed,mi_class,63,-0.013260162923095453,-0.17790317826178292,0.4699041666666667
29,1.0,closed,mi_class,64,0.00032613390127977926,0.48382419660924614,0.4699041666666667
29,1.0,closed,mi_class,65,-0.026353904668784955,-0.5818206029998115,0.4699041666666667
29,1.0,closed,mi_site,0,0.02214416611446468,0.4192725100602547,0.4699041666666667
29,1.0,closed,mi_site,1,0.07557757180328978,0.009866882811655667,0.4699041666666667
29,1.0,closed,mi_site,2,-0.03868509124842841,-0.013452998127140571,0.4699041666666667
29,1.0,closed,mi_site,3,-0.04452801579887644,-0.3926936571229403,0.4699041666666667
29,1.0,closed,mi_site,4,0.0026808254542478593,-0.5619732083453655,0.4699041666666667
29,1.0,closed,mi_site,5,0.05359825086183012,-0.4090587064722536,0.4699041666666667
29,1.0,closed,mi_site,6,-0.037404921752782205,-0.8240549254527976,0.4699041666666667
29,1.0,closed,mi_site,7,-0.025029099184736947,-0.685344220998958,0.4699041666666667
29,1.0,closed,mi_site,8,-0.03284292468200134,-0.44557545426710793,0.4699041666666667
29,1.0,closed,mi_site,9,0.008463605675800706,0.24550514333646786,0.4699041666666667
29,1.0,closed,mi_site,10,-0.011878833356641194,-0.509421818282508,0.4699041666666667
29,1.0,closed,mi_site,11,0.02537284525979121,0.01428901702727484,0.4699041666666667
29,1.0,closed,mi_site,12,0.06731232910686868,0.2660948815955005,0.4699041666666667
29,1.0,closed,mi_site,13,-0.03320757974893537,-0.21619728151186637,0.4699041666666667
29,1.0,closed,mi_site,14,0.007793241347384433,-0.13936896064279028,0.4699041666666667
29,1.0,closed,mi_site,15,-0.03542990193300177,-0.3650617511409745,0.4699041666666667
29,1.0,closed,mi_site,16,-0.029674179451414373,-0.5079689017144244,0.4699041666666667
29,1.0,closed,mi_site,17,-0.006810709567546758,-0.4164793402858325,0.4699041666666667
29,1.0,closed,mi_site,18,0.00513093745814687,0.09181085015185098,0.4699041666666667
29,1.0,closed,mi_site,19,0.0008986212223835999,-0.3325837636186404,0.4699041666666667
29,1.0,closed,mi_site,20,-0.00720978796871502,-0.276052714209799,0.4699041666666667
29,1.0,closed,mi_site,21,0.0688409543003427,0.013766016782877309,0.4699041666666667
29,1.0,closed,mi_site,22,-0.06621819207792595,-0.007104359450318329,0.4699041666666667
29,1.0,closed,mi_site,23,0.003449205201843758,-0.009660991294203312,0.4699041666666667
29,1.0,closed,mi_site,24,-0.0055371537567127805,-0.008744463004389195,0.4699041666666667
29,1.0,closed,mi_site,25,-0.028921927377735426,-0.01109900886537986,0.4699041666666667
29,1.0,closed,mi_site,26,-0.042156344942159904,-0.004964497800649943,0.4699041666666667
29,1.0,closed,mi_site,27,-0.010966813870494233,0.001204996799757602,0.4699041666666667
29,1.0,closed,mi_site,28,0.003279911220660088,-0.0020378514186708122,0.4699041666666667
29,1.0,closed,mi_site,29,-0.027946919860444355,-0.007415907350267931,0.4699041666666667
29,1.0,closed,mi_site,30,0.007073280152652407,0.0006379203285397214,0.4699041666666667
29,1.0,closed,mi_site,31,0.039212164114088476,0.006306615537891892,0.4699041666666667
29,1.0,closed,mi_site,32,-0.08407850558244617,-0.4276075818947899,0.4699041666666667
29,1.0,closed,mi_site,33,0.007087936964248647,0.006954434021222473,0.4699041666666667
29,1.0,closed,mi_site,34,-0.006146120101537503,0.004770086442021769,0.4699041666666667
29,1.0,closed,mi_site,35,-0.0035854490927224552,0.004067980742929035,0.4699041666666667
29,1.0,closed,mi_site,36,-0.03426401653573491,-0.3389458782728499,0.4699041666666667
29,1.0,closed,mi_site,37,-0.027077321846497505,-0.002314199920530646,0.4699041666666667
29,1.0,closed,mi_site,38,-0.0009817344176812903,0.1877630783005345,0.4699041666666667
29,1.0,closed,mi_site,39,-0.07461759778854919,-0.027508953660065855,0.4699041666666667
29,1.0,closed,mi_site,40,0.057287630998710315,0.4753995000724072,0.4699041666666667
29,1.0,closed,mi_site,41,0.07460649845659095,0.5806834594359429,0.4699041666666667
29,1.0,closed,mi_site,42,0.04546914333301494,0.368953539294774,0.4699041666666667
29,1.0,closed,mi_site,43,-0.05347997227357287,-0.44553893837855235,0.4699041666666667
29,1.0,closed,mi_site,44,0.06885449527764387,0.77035447244076,0.4699041666666667
29,1.0,closed,mi_site,45,-0.1017510118067676,0.7203799946942885,0.4699041666666667
29,1.0,closed,mi_site,46,-0.03787899545439577,0.687032952228856,0.4699041666666667
29,1.0,closed,mi_site,47,-0.019580659272584844,0.34715398449741536,0.4699041666666667
29,1.0,closed,mi_site,48,-0.04027097638591509,0.22471190197309374,0.4699041666666667
29,1.0,closed,mi_site,49,0.011593043215256893,-0.4651966560568951,0.4699041666666667
29,1.0,closed,mi_site,50,-0.02199117267923112,0.24912650714325899,0.4699041666666667
29,1.0,closed,mi_site,51,-0.08845675696565752,0.5033436651308288,0.4699041666666667
29,1.0,closed,mi_site,52,-0.06886344427079671,0.19532194667416272,0.4699041666666667
29,1.0,closed,mi_site,53,-0.06791836225398683,0.12605356547088792,0.4699041666666667
29,1.0,closed,mi_site,54,0.16661881216241428,0.12602355711728422,0.4699041666666667
29,1.0,closed,mi_site,55,-0.08163632847982857,-0.034862913052861655,0.4699041666666667
29,1.0,closed,mi_site,56,0.019727544210970116,0.8335767229648138,0.4699041666666667
29,1.0,closed,mi_site,57,0.011599419653861798,0.5398883360117985,0.4699041666666667
29,1.0,closed,mi_site,58,0.018001234108393382,-0.3027557871069849,0.4699041666666667
29,1.0,closed,mi_site,59,0.011801397635487043,0.6213982588479169,0.4699041666666667
29,1.0,closed,mi_site,60,0.0717327036906642,0.6457120694879631,0.4699041666666667
29,1.0,closed,mi_site,61,-0.019352018735094678,-0.279482183959143,0.4699041666666667
29,1.0,closed,mi_site,62,0.020681219893070923,0.7529479500814447,0.4699041666666667
29,1.0,closed,mi_site,63,-0.008458316172683389,-0.17790317826178292,0.4699041666666667
29,1.0,closed,mi_site,64,0.006150092859495804,0.48382419660924614,0.4699041666666667
29,1.0,closed,mi_site,65,-0.023336815285025625,-0.5818206029998115,0.4699041666666667
29,2.0,aligned,available,0,-0.002529905764509066,0.4389164678253367,0.4699041666666667
29,2.0,aligned,available,1,0.004094523763833241,0.010141931627150587,0.4699041666666667
29,2.0,aligned,available,2,0.018469389936792185,-0.014568964489786888,0.4699041666666667
29,2.0,aligned,available,3,0.009955726838025314,-0.41084034994245555,0.4699041666666667
29,2.0,aligned,available,4,0.008676664290529601,-0.580273392039603,0.4699041666666667
29,2.0,aligned,available,5,-0.0120430352452775,-0.41981461606526926,0.4699041666666667
29,2.0,aligned,available,6,-0.0003897988786517592,-0.8370372101604989,0.4699041666666667
29,2.0,aligned,available,7,-0.002301193714057015,-0.7017214746942884,0.4699041666666667
29,2.0,aligned,available,8,-0.003907175269764085,-0.46899188791315577,0.4699041666666667
29,2.0,aligned,available,9,-0.009196016729542233,0.26061552740608196,0.4699041666666667
29,2.0,aligned,available,10,0.010679412229460117,-0.5212237583835075,0.4699041666666667
29,2.0,aligned,available,11,-0.004205153700785719,0.014509333207218535,0.4699041666666667
29,2.0,aligned,available,12,0.013398965764994608,0.27217177460729386,0.4699041666666667
29,2.0,aligned,available,13,-0.0006666012194889159,-0.23274999737849528,0.4699041666666667
29,2.0,aligned,available,14,-0.0021233172070432016,-0.16458843453873107,0.4699041666666667
29,2.0,aligned,available,15,-0.011669292405959986,-0.38152850278367423,0.4699041666666667
29,2.0,aligned,available,16,-0.0034290592114094576,-0.5237387665027468,0.4699041666666667
29,2.0,aligned,available,17,-0.002384287906194049,-0.4334516279538374,0.4699041666666667
29,2.0,aligned,available,18,0.025844983014131996,0.05976221586620226,0.4699041666666667
29,2.0,aligned,available,19,-0.003743963239178638,-0.3096096293512937,0.4699041666666667
29,2.0,aligned,available,20,0.009763504057048289,-0.29139717639340496,0.4699041666666667
29,2.0,aligned,available,21,-0.007858841884646795,0.01396216268028759,0.4699041666666667
29,2.0,aligned,available,22,-0.0018123811779614165,-0.008934407439985874,0.4699041666666667
29,2.0,aligned,available,23,0.0256393246097994,-0.009519025889820506,0.4699041666666667
29,2.0,aligned,available,24,0.022463477041852177,-0.008115601583271558,0.4699041666666667
29,2.0,aligned,available,25,0.013876264661973637,-0.011297047267083686,0.4699041666666667
29,2.0,aligned,available,26,0.0024070284974840287,-0.005857094173210743,0.4699041666666667
29,2.0,aligned,available,27,0.0009751624474097581,0.00043187986386214797,0.4699041666666667
29,2.0,aligned,available,28,-0.010063533346387727,-0.0004076485636791199,0.4699041666666667
29,2.0,aligned,available,29,-0.0029699476254495174,-0.009641239046974795,0.4699041666666667
29,2.0,aligned,available,30,0.008539102131280722,-0.013351375966292593,0.4699041666666667
29,2.0,aligned,available,31,0.0337782230074242,0.009980398633150617,0.4699041666666667
29,2.0,aligned,available,32,-0.009036085606125788,-0.4274798141573781,0.4699041666666667
29,2.0,aligned,available,33,-0.02250263515754233,0.008377065138278511,0.4699041666666667
29,2.0,aligned,available,34,-0.04548707011991272,0.0022392053508836778,0.4699041666666667
29,2.0,aligned,available,35,0.0050935921223400436,0.0032521425666014645,0.4699041666666667
29,2.0,aligned,available,36,-0.018071630856718812,-0.3316646747779277,0.4699041666666667
29,2.0,aligned,available,37,-0.020697743502000078,-0.020571267694610318,0.4699041666666667
29,2.0,aligned,available,38,-0.009469083638708409,0.19905492872099048,0.4699041666666667
29,2.0,aligned,available,39,0.011782851105471517,-0.022829770543002045,0.4699041666666667
29,2.0,aligned,available,40,0.007732659445850776,0.4896028162478125,0.4699041666666667
29,2.0,aligned,available,41,0.008447407336793722,0.596372042976082,0.4699041666666667
29,2.0,aligned,available,42,0.01892014751684995,0.3900691254083613,0.4699041666666667
29,2.0,aligned,available,43,0.009323545074996165,-0.4675897651163579,0.4699041666666667
29,2.0,aligned,available,44,0.0017525727236347155,0.787727651806803,0.4699041666666667
29,2.0,aligned,available,45,0.003059085047358967,0.7226464045704571,0.4699041666666667
29,2.0,aligned,available,46,-0.0022118939302353535,0.6983303708375298,0.4699041666666667
29,2.0,aligned,available,47,-0.021501803357395044,0.3625459629372762,0.4699041666666667
29,2.0,aligned,available,48,-0.015226576912648115,0.24104104384490516,0.4699041666666667
29,2.0,aligned,available,49,0.006844125043338367,-0.4611410605632683,0.4699041666666667
29,2.0,aligned,available,50,-0.014248603784200509,0.25764207588942545,0.4699041666666667
29,2.0,aligned,available,51,0.009440889219867854,0.5085499286161872,0.4699041666666667
29,2.0,aligned,available,52,0.00021488286424803382,0.20390799368908122,0.4699041666666667
29,2.0,aligned,available,53,-0.0006816252826145897,0.1350474532586796,0.4699041666666667
29,2.0,aligned,available,54,0.010589475539860282,0.1288741852774412,0.4699041666666667
29,2.0,aligned,available,55,0.006681123948750721,-0.027864229150586506,0.4699041666666667
29,2.0,aligned,available,56,-0.003971442809730941,0.8395520141636731,0.4699041666666667
29,2.0,aligned,available,57,0.0006799902470092656,0.5592042012453419,0.4699041666666667
29,2.0,aligned,available,58,0.008917791423523835,-0.315749253313805,0.4699041666666667
29,2.0,aligned,available,59,0.0032861996877853183,0.6253631650787578,0.4699041666666667
29,2.0,aligned,available,60,0.008401826654503397,0.664656615048986,0.4699041666666667
29,2.0,aligned,available,61,0.013165153920259798,-0.2952828680947698,0.4699041666666667
29,2.0,aligned,available,62,0.004361604082791959,0.7562970096404311,0.4699041666666667
29,2.0,aligned,available,63,-0.020648027820675208,-0.19329042950009628,0.4699041666666667
29,2.0,aligned,available,64,0.014176132313953538,0.49968039395605,0.4699041666666667
29,2.0,aligned,available,65,-0.006367100063261799,-0.5965231657463435,0.4699041666666667
29,2.0,aligned,mi_obs,0,0.02835086594834524,0.4389164678253367,0.4699041666666667
29,2.0,aligned,mi_obs,1,0.08424431933649348,0.010141931627150587,0.4699041666666667
29,2.0,aligned,mi_obs,2,0.1320930720745696,-0.014568964489786888,0.4699041666666667
29,2.0,aligned,mi_obs,3,-0.06549976305175814,-0.41084034994245555,0.4699041666666667
29,2.0,aligned,mi_obs,4,-0.0036200782470480197,-0.580273392039603,0.4699041666666667
29,2.0,aligned,mi_obs,5,0.037376241843823876,-0.41981461606526926,0.4699041666666667
29,2.0,aligned,mi_obs,6,-0.05099527713609464,-0.8370372101604989,0.4699041666666667
29,2.0,aligned,mi_obs,7,-0.06557190528588419,-0.7017214746942884,0.4699041666666667
29,2.0,aligned,mi_obs,8,-0.009516207557279055,-0.46899188791315577,0.4699041666666667
29,2.0,aligned,mi_obs,9,0.0012189198768471354,0.26061552740608196,0.4699041666666667
29,2.0,aligned,mi_obs,10,-0.017369154799260267,-0.5212237583835075,0.4699041666666667
29,2.0,aligned,mi_obs,11,0.03835937747850959,0.014509333207218535,0.4699041666666667
29,2.0,aligned,mi_obs,12,0.13649142467417574,0.27217177460729386,0.4699041666666667
29,2.0,aligned,mi_obs,13,-0.02333225929761723,-0.23274999737849528,0.4699041666666667
29,2.0,aligned,mi_obs,14,-0.0008612263419317534,-0.16458843453873107,0.4699041666666667
29,2.0,aligned,mi_obs,15,-0.04793150970794757,-0.38152850278367423,0.4699041666666667
29,2.0,aligned,mi_obs,16,-0.022233541063429563,-0.5237387665027468,0.4699041666666667
29,2.0,aligned,mi_obs,17,-0.0017722756649228288,-0.4334516279538374,0.4699041666666667
29,2.0,aligned,mi_obs,18,0.033241405694199484,0.05976221586620226,0.4699041666666667
29,2.0,aligned,mi_obs,19,-0.002529482606928035,-0.3096096293512937,0.4699041666666667
29,2.0,aligned,mi_obs,20,-0.0004851875997393673,-0.29139717639340496,0.4699041666666667
29,2.0,aligned,mi_obs,21,-0.09853205233306836,0.01396216268028759,0.4699041666666667
29,2.0,aligned,mi_obs,22,0.05396935570331182,-0.008934407439985874,0.4699041666666667
29,2.0,aligned,mi_obs,23,0.006556214404237913,-0.009519025889820506,0.4699041666666667
29,2.0,aligned,mi_obs,24,0.002878226025761442,-0.008115601583271558,0.4699041666666667
29,2.0,aligned,mi_obs,25,0.023163521853618536,-0.011297047267083686,0.4699041666666667
29,2.0,aligned,mi_obs,26,0.025876121665093482,-0.005857094173210743,0.4699041666666667
29,2.0,aligned,mi_obs,27,-0.026282332312552722,0.00043187986386214797,0.4699041666666667
29,2.0,aligned,mi_obs,28,0.003993965778081886,-0.0004076485636791199,0.4699041666666667
29,2.0,aligned,mi_obs,29,0.00223505965873109,-0.009641239046974795,0.4699041666666667
29,2.0,aligned,mi_obs,30,0.004334070482574098,-0.013351375966292593,0.4699041666666667
29,2.0,aligned,mi_obs,31,0.04880891255196662,0.009980398633150617,0.4699041666666667
29,2.0,aligned,mi_obs,32,-0.13817980654825612,-0.4274798141573781,0.4699041666666667
29,2.0,aligned,mi_obs,33,-0.0517684877031639,0.008377065138278511,0.4699041666666667
29,2.0,aligned,mi_obs,34,-0.058370347218557765,0.0022392053508836778,0.4699041666666667
29,2.0,aligned,mi_obs,35,-0.050040042441282365,0.0032521425666014645,0.4699041666666667
29,2.0,aligned,mi_obs,36,-0.0655568574734453,-0.3316646747779277,0.4699041666666667
29,2.0,aligned,mi_obs,37,-0.0537519447626045,-0.020571267694610318,0.4699041666666667
29,2.0,aligned,mi_obs,38,0.009888686223285426,0.19905492872099048,0.4699041666666667
29,2.0,aligned,mi_obs,39,-0.057591839827060176,-0.022829770543002045,0.4699041666666667
29,2.0,aligned,mi_obs,40,0.06236785359852254,0.4896028162478125,0.4699041666666667
29,2.0,aligned,mi_obs,41,0.07742354097958182,0.596372042976082,0.4699041666666667
29,2.0,aligned,mi_obs,42,0.050656148515777544,0.3900691254083613,0.4699041666666667
29,2.0,aligned,mi_obs,43,-0.07274206027426561,-0.4675897651163579,0.4699041666666667
29,2.0,aligned,mi_obs,44,0.07672959196257123,0.787727651806803,0.4699041666666667
29,2.0,aligned,mi_obs,45,-0.0994826951466189,0.7226464045704571,0.4699041666666667
29,2.0,aligned,mi_obs,46,-0.0256930785324353,0.6983303708375298,0.4699041666666667
29,2.0,aligned,mi_obs,47,0.0003018560246753066,0.3625459629372762,0.4699041666666667
29,2.0,aligned,mi_obs,48,-0.01981817364267971,0.24104104384490516,0.4699041666666667
29,2.0,aligned,mi_obs,49,0.00960779117386873,-0.4611410605632683,0.4699041666666667
29,2.0,aligned,mi_obs,50,-0.016905836837997956,0.25764207588942545,0.4699041666666667
29,2.0,aligned,mi_obs,51,-0.0734476500128553,0.5085499286161872,0.4699041666666667
29,2.0,aligned,mi_obs,52,-0.04619451984477996,0.20390799368908122,0.4699041666666667
29,2.0,aligned,mi_obs,53,-0.048604138587398746,0.1350474532586796,0.4699041666666667
29,2.0,aligned,mi_obs,54,0.1568893076327611,0.1288741852774412,0.4699041666666667
29,2.0,aligned,mi_obs,55,-0.06232524225273317,-0.027864229150586506,0.4699041666666667
29,2.0,aligned,mi_obs,56,0.027788079141267574,0.8395520141636731,0.4699041666666667
29,2.0,aligned,mi_obs,57,0.0029204831823158584,0.5592042012453419,0.4699041666666667
29,2.0,aligned,mi_obs,58,0.01923322828853047,-0.315749253313805,0.4699041666666667
29,2.0,aligned,mi_obs,59,0.004065714529785991,0.6253631650787578,0.4699041666666667
29,2.0,aligned,mi_obs,60,0.06872211072735301,0.664656615048986,0.4699041666666667
29,2.0,aligned,mi_obs,61,-0.016732189384484675,-0.2952828680947698,0.4699041666666667
29,2.0,aligned,mi_obs,62,0.015026421200084794,0.7562970096404311,0.4699041666666667
29,2.0,aligned,mi_obs,63,-0.015172259926641951,-0.19329042950009628,0.4699041666666667
29,2.0,aligned,mi_obs,64,0.0052617905168368395,0.49968039395605,0.4699041666666667
29,2.0,aligned,mi_obs,65,-0.025663111212526957,-0.5965231657463435,0.4699041666666667
29,2.0,aligned,mi_class,0,-0.0011314052977753342,0.4389164678253367,0.4699041666666667
29,2.0,aligned,mi_class,1,-0.028215787597592433,0.010141931627150587,0.4699041666666667
29,2.0,aligned,mi_class,2,0.006579083650760225,-0.014568964489786888,0.4699041666666667
29,2.0,aligned,mi_class,3,0.11632872055918608,-0.41084034994245555,0.4699041666666667
29,2.0,aligned,mi_class,4,0.21676670150254246,-0.580273392039603,0.4699041666666667
29,2.0,aligned,mi_class,5,0.13873420168984352,-0.41981461606526926,0.4699041666666667
29,2.0,aligned,mi_class,6,0.2089395350376061,-0.8370372101604989,0.4699041666666667
29,2.0,aligned,mi_class,7,0.3165650648737608,-0.7017214746942884,0.4699041666666667
29,2.0,aligned,mi_class,8,0.13865037075078546,-0.46899188791315577,0.4699041666666667
29,2.0,aligned,mi_class,9,-0.037860534183510125,0.26061552740608196,0.4699041666666667
29,2.0,aligned,mi_class,10,0.05240331639331525,-0.5212237583835075,0.4699041666666667
29,2.0,aligned,mi_class,11,0.002557076766681104,0.014509333207218535,0.4699041666666667
29,2.0,aligned,mi_class,12,0.02933165875941035,0.27217177460729386,0.4699041666666667
29,2.0,aligned,mi_class,13,0.05956496268342881,-0.23274999737849528,0.4699041666666667
29,2.0,aligned,mi_class,14,0.04415299671066507,-0.16458843453873107,0.4699041666666667
29,2.0,aligned,mi_class,15,0.0961199712327021,-0.38152850278367423,0.4699041666666667
29,2.0,aligned,mi_class,16,0.08141540153757632,-0.5237387665027468,0.4699041666666667
29,2.0,aligned,mi_class,17,0.2260622835513504,-0.4334516279538374,0.4699041666666667
29,2.0,aligned,mi_class,18,0.018920482033379322,0.05976221586620226,0.4699041666666667
29,2.0,aligned,mi_class,19,-0.004559298389738176,-0.3096096293512937,0.4699041666666667
29,2.0,aligned,mi_class,20,0.016516857447901212,-0.29139717639340496,0.4699041666666667
29,2.0,aligned,mi_class,21,0.05875064552791012,0.01396216268028759,0.4699041666666667
29,2.0,aligned,mi_class,22,0.012843163393300674,-0.008934407439985874,0.4699041666666667
29,2.0,aligned,mi_class,23,0.016202141429456182,-0.009519025889820506,0.4699041666666667
29,2.0,aligned,mi_class,24,0.016199029876114587,-0.008115601583271558,0.4699041666666667
29,2.0,aligned,mi_class,25,0.09962016417488784,-0.011297047267083686,0.4699041666666667
29,2.0,aligned,mi_class,26,-0.02576557541816342,-0.005857094173210743,0.4699041666666667
29,2.0,aligned,mi_class,27,-0.23340361675066956,0.00043187986386214797,0.4699041666666667
29,2.0,aligned,mi_class,28,-0.1445179566505837,-0.0004076485636791199,0.4699041666666667
29,2.0,aligned,mi_class,29,-0.005000709148388677,-0.009641239046974795,0.4699041666666667
29,2.0,aligned,mi_class,30,0.039240094257688124,-0.013351375966292593,0.4699041666666667
29,2.0,aligned,mi_class,31,-0.005062753546395205,0.009980398633150617,0.4699041666666667
29,2.0,aligned,mi_class,32,0.025208711812518603,-0.4274798141573781,0.4699041666666667
29,2.0,aligned,mi_class,33,-0.015355532357638146,0.008377065138278511,0.4699041666666667
29,2.0,aligned,mi_class,34,-0.010696725194887619,0.0022392053508836778,0.4699041666666667
29,2.0,aligned,mi_class,35,0.007254341657249445,0.0032521425666014645,0.4699041666666667
29,2.0,aligned,mi_class,36,-0.06731216363909942,-0.3316646747779277,0.4699041666666667
29,2.0,aligned,mi_class,37,-0.0034593682504835688,-0.020571267694610318,0.4699041666666667
29,2.0,aligned,mi_class,38,-0.03559961523078889,0.19905492872099048,0.4699041666666667
29,2.0,aligned,mi_class,39,0.009056650123981094,-0.022829770543002045,0.4699041666666667
29,2.0,aligned,mi_class,40,-0.11448321443969889,0.4896028162478125,0.4699041666666667
29,2.0,aligned,mi_class,41,-0.25369963518131866,0.596372042976082,0.4699041666666667
29,2.0,aligned,mi_class,42,-0.04736071682532056,0.3900691254083613,0.4699041666666667
29,2.0,aligned,mi_class,43,0.09325768777489485,-0.4675897651163579,0.4699041666666667
29,2.0,aligned,mi_class,44,-0.19337771120911362,0.787727651806803,0.4699041666666667
29,2.0,aligned,mi_class,45,-0.013518873298579814,0.7226464045704571,0.4699041666666667
29,2.0,aligned,mi_class,46,-0.1599798379598416,0.6983303708375298,0.4699041666666667
29,2.0,aligned,mi_class,47,-0.1643589403546052,0.3625459629372762,0.4699041666666667
29,2.0,aligned,mi_class,48,-0.044851595711152825,0.24104104384490516,0.4699041666666667
29,2.0,aligned,mi_class,49,0.11072913844274296,-0.4611410605632683,0.4699041666666667
29,2.0,aligned,mi_class,50,-0.07426574813968015,0.25764207588942545,0.4699041666666667
29,2.0,aligned,mi_class,51,-0.09691444357285267,0.5085499286161872,0.4699041666666667
29,2.0,aligned,mi_class,52,-0.08308781263695188,0.20390799368908122,0.4699041666666667
29,2.0,aligned,mi_class,53,-0.024163855934313944,0.1350474532586796,0.4699041666666667
29,2.0,aligned,mi_class,54,-0.02818541803322476,0.1288741852774412,0.4699041666666667
29,2.0,aligned,mi_class,55,0.015849139146380982,-0.027864229150586506,0.4699041666666667
29,2.0,aligned,mi_class,56,-0.4310473100465744,0.8395520141636731,0.4699041666666667
29,2.0,aligned,mi_class,57,-0.15363948396371402,0.5592042012453419,0.4699041666666667
29,2.0,aligned,mi_class,58,-0.07242859396154955,-0.315749253313805,0.4699041666666667
29,2.0,aligned,mi_class,59,-0.0030535076031783515,0.6253631650787578,0.4699041666666667
29,2.0,aligned,mi_class,60,-0.38086915580091657,0.664656615048986,0.4699041666666667
29,2.0,aligned,mi_class,61,0.17462327797442728,-0.2952828680947698,0.4699041666666667
29,2.0,aligned,mi_class,62,-0.4324810844270608,0.7562970096404311,0.4699041666666667
29,2.0,aligned,mi_class,63,-0.008747271640524107,-0.19329042950009628,0.4699041666666667
29,2.0,aligned,mi_class,64,-0.030648907595082542,0.49968039395605,0.4699041666666667
29,2.0,aligned,mi_class,65,-0.013742213861892671,-0.5965231657463435,0.4699041666666667
29,2.0,aligned,mi_site,0,-0.008991779870518801,0.4389164678253367,0.4699041666666667
29,2.0,aligned,mi_site,1,0.015784481974942234,0.010141931627150587,0.4699041666666667
29,2.0,aligned,mi_site,2,0.06606051382057515,-0.014568964489786888,0.4699041666666667
29,2.0,aligned,mi_site,3,-0.010863959870907103,-0.41084034994245555,0.4699041666666667
29,2.0,aligned,mi_site,4,0.049350017304591876,-0.580273392039603,0.4699041666666667
29,2.0,aligned,mi_site,5,0.07476878827800015,-0.41981461606526926,0.4699041666666667
29,2.0,aligned,mi_site,6,0.04430536181139666,-0.8370372101604989,0.4699041666666667
29,2.0,aligned,mi_site,7,0.018943202159177552,-0.7017214746942884,0.4699041666666667
29,2.0,aligned,mi_site,8,0.029814731759132962,-0.46899188791315577,0.4699041666666667
29,2.0,aligned,mi_site,9,-0.01849605231845608,0.26061552740608196,0.4699041666666667
29,2.0,aligned,mi_site,10,0.034500077544350305,-0.5212237583835075,0.4699041666666667
29,2.0,aligned,mi_site,11,0.008877603034084516,0.014509333207218535,0.4699041666666667
29,2.0,aligned,mi_site,12,0.020532754354960714,0.27217177460729386,0.4699041666666667
29,2.0,aligned,mi_site,13,-0.00047450206991234145,-0.23274999737849528,0.4699041666666667
29,2.0,aligned,mi_site,14,0.01926101807316405,-0.16458843453873107,0.4699041666666667
29,2.0,aligned,mi_site,15,-0.007232422438062824,-0.38152850278367423,0.4699041666666667
29,2.0,aligned,mi_site,16,0.012728691378838808,-0.5237387665027468,0.4699041666666667
29,2.0,aligned,mi_site,17,0.01987370155195811,-0.4334516279538374,0.4699041666666667
29,2.0,aligned,mi_site,18,0.02424307937616276,0.05976221586620226,0.4699041666666667
29,2.0,aligned,mi_site,19,0.00484874033004401,-0.3096096293512937,0.4699041666666667
29,2.0,aligned,mi_site,20,0.015361166319253605,-0.29139717639340496,0.4699041666666667
29,2.0,aligned,mi_site,21,-0.05193468895254297,0.01396216268028759,0.4699041666666667
29,2.0,aligned,mi_site,22,0.029141791393321903,-0.008934407439985874,0.4699041666666667
29,2.0,aligned,mi_site,23,0.016423272704760142,-0.009519025889820506,0.4699041666666667
29,2.0,aligned,mi_site,24,0.023305127034064337,-0.008115601583271558,0.4699041666666667
29,2.0,aligned,mi_site,25,0.035517903112113725,-0.011297047267083686,0.4699041666666667
29,2.0,aligned,mi_site,26,0.02553343745636638,-0.005857094173210743,0.4699041666666667
29,2.0,aligned,mi_site,27,0.0004692152003002777,0.00043187986386214797,0.4699041666666667
29,2.0,aligned,mi_site,28,-0.0025243235949379923,-0.0004076485636791199,0.4699041666666667
29,2.0,aligned,mi_site,29,-0.001801207402137326,-0.009641239046974795,0.4699041666666667
29,2.0,aligned,mi_site,30,-9.491781000077124e-05,-0.013351375966292593,0.4699041666666667
29,2.0,aligned,mi_site,31,0.044614793430282726,0.009980398633150617,0.4699041666666667
29,2.0,aligned,mi_site,32,-0.046089778529697034,-0.4274798141573781,0.4699041666666667
29,2.0,aligned,mi_site,33,-0.022079981594720334,0.008377065138278511,0.4699041666666667
29,2.0,aligned,mi_site,34,-0.03623324257209289,0.0022392053508836778,0.4699041666666667
29,2.0,aligned,mi_site,35,-0.010476695096396321,0.0032521425666014645,0.4699041666666667
29,2.0,aligned,mi_site,36,0.013566533341061948,-0.3316646747779277,0.4699041666666667
29,2.0,aligned,mi_site,37,-0.039262692333230625,-0.020571267694610318,0.4699041666666667
29,2.0,aligned,mi_site,38,0.009980238186729384,0.19905492872099048,0.4699041666666667
29,2.0,aligned,mi_site,39,-0.03175915016675182,-0.022829770543002045,0.4699041666666667
29,2.0,aligned,mi_site,40,0.05363178218119097,0.4896028162478125,0.4699041666666667
29,2.0,aligned,mi_site,41,0.05988678568162076,0.596372042976082,0.4699041666666667
29,2.0,aligned,mi_site,42,0.04336868188025633,0.3900691254083613,0.4699041666666667
29,2.0,aligned,mi_site,43,-0.03587978783893703,-0.4675897651163579,0.4699041666666667
29,2.0,aligned,mi_site,44,0.042585726676283575,0.787727651806803,0.4699041666666667
29,2.0,aligned,mi_site,45,-0.08773459557468943,0.7226464045704571,0.4699041666666667
29,2.0,aligned,mi_site,46,-0.03417574695085712,0.6983303708375298,0.4699041666666667
29,2.0,aligned,mi_site,47,-0.005492274963549371,0.3625459629372762,0.4699041666666667
29,2.0,aligned,mi_site,48,-0.02351979401576698,0.24104104384490516,0.4699041666666667
29,2.0,aligned,mi_site,49,0.00016735308448079245,-0.4611410605632683,0.4699041666666667
29,2.0,aligned,mi_site,50,-0.012952389679604492,0.25764207588942545,0.4699041666666667
29,2.0,aligned,mi_site,51,-0.059792910976788904,0.5085499286161872,0.4699041666666667
29,2.0,aligned,mi_site,52,-0.031401968248640555,0.20390799368908122,0.4699041666666667
29,2.0,aligned,mi_site,53,-0.039684468707238615,0.1350474532586796,0.4699041666666667
29,2.0,aligned,mi_site,54,0.09051594628376297,0.1288741852774412,0.4699041666666667
29,2.0,aligned,mi_site,55,-0.04341532780981658,-0.027864229150586506,0.4699041666666667
29,2.0,aligned,mi_site,56,0.027944690188887233,0.8395520141636731,0.4699041666666667
29,2.0,aligned,mi_site,57,0.014704024052877407,0.5592042012453419,0.4699041666666667
29,2.0,aligned,mi_site,58,0.0008270972863111958,-0.315749253313805,0.4699041666666667
29,2.0,aligned,mi_site,59,0.0048332178388387215,0.6253631650787578,0.4699041666666667
29,2.0,aligned,mi_site,60,0.05377568720075243,0.664656615048986,0.4699041666666667
29,2.0,aligned,mi_site,61,-0.01940103382852354,-0.2952828680947698,0.4699041666666667
29,2.0,aligned,mi_site,62,0.004042070062336922,0.7562970096404311,0.4699041666666667
29,2.0,aligned,mi_site,63,-0.020089306130781526,-0.19329042950009628,0.4699041666666667
29,2.0,aligned,mi_site,64,-0.0026333961728120525,0.49968039395605,0.4699041666666667
29,2.0,aligned,mi_site,65,-0.0045721277813020045,-0.5965231657463435,0.4699041666666667
29,2.0,closed,available,0,0.00153987489545665,0.4389164678253367,0.4699041666666667
29,2.0,closed,available,1,-0.015936020191500828,0.010141931627150587,0.4699041666666667
29,2.0,closed,available,2,0.020564292146758124,-0.014568964489786888,0.4699041666666667
29,2.0,closed,available,3,-0.02127203684082063,-0.41084034994245555,0.4699041666666667
29,2.0,closed,available,4,-0.00397004985440752,-0.580273392039603,0.4699041666666667
29,2.0,closed,available,5,-0.003494246727385686,-0.41981461606526926,0.4699041666666667
29,2.0,closed,available,6,-0.0019262678675965317,-0.8370372101604989,0.4699041666666667
29,2.0,closed,available,7,-0.009911049484707557,-0.7017214746942884,0.4699041666666667
29,2.0,closed,available,8,-0.0005599475061440762,-0.46899188791315577,0.4699041666666667
29,2.0,closed,available,9,0.013375328404037046,0.26061552740608196,0.4699041666666667
29,2.0,closed,available,10,-0.010500575108385535,-0.5212237583835075,0.4699041666666667
29,2.0,closed,available,11,-0.007732545391307849,0.014509333207218535,0.4699041666666667
29,2.0,closed,available,12,0.013309583155429128,0.27217177460729386,0.4699041666666667
29,2.0,closed,available,13,-0.012156796287135202,-0.23274999737849528,0.4699041666666667
29,2.0,closed,available,14,-0.004767250604823942,-0.16458843453873107,0.4699041666666667
29,2.0,closed,available,15,-0.002470769345820245,-0.38152850278367423,0.4699041666666667
29,2.0,closed,available,16,-0.0038405303438597826,-0.5237387665027468,0.4699041666666667
29,2.0,closed,available,17,-0.00021173829494836038,-0.4334516279538374,0.4699041666666667
29,2.0,closed,available,18,-0.011799420491194701,0.05976221586620226,0.4699041666666667
29,2.0,closed,available,19,0.006854548256830684,-0.3096096293512937,0.4699041666666667
29,2.0,closed,available,20,-0.005655025149402804,-0.29139717639340496,0.4699041666666667
29,2.0,closed,available,21,0.0010181695740867549,0.01396216268028759,0.4699041666666667
29,2.0,closed,available,22,0.009972949633025563,-0.008934407439985874,0.4699041666666667
29,2.0,closed,available,23,0.0023849669040330625,-0.009519025889820506,0.4699041666666667
29,2.0,closed,available,24,-0.0016363704957308278,-0.008115601583271558,0.4699041666666667
29,2.0,closed,available,25,0.019477581696467624,-0.011297047267083686,0.4699041666666667
29,2.0,closed,available,26,0.01870641107068452,-0.005857094173210743,0.4699041666666667
29,2.0,closed,available,27,0.010052025946745313,0.00043187986386214797,0.4699041666666667
29,2.0,closed,available,28,0.00023120785696772376,-0.0004076485636791199,0.4699041666666667
29,2.0,closed,available,29,0.009206169409039296,-0.009641239046974795,0.4699041666666667
29,2.0,closed,available,30,-0.014427555406324278,-0.013351375966292593,0.4699041666666667
29,2.0,closed,available,31,0.019835758399276676,0.009980398633150617,0.4699041666666667
29,2.0,closed,available,32,0.011498616085294788,-0.4274798141573781,0.4699041666666667
29,2.0,closed,available,33,-0.01343559512543443,0.008377065138278511,0.4699041666666667
29,2.0,closed,available,34,-0.02326127572270264,0.0022392053508836778,0.4699041666666667
29,2.0,closed,available,35,-0.022151959938166554,0.0032521425666014645,0.4699041666666667
29,2.0,closed,available,36,-0.007261943434405782,-0.3316646747779277,0.4699041666666667
29,2.0,closed,available,37,-0.010940854179191252,-0.020571267694610318,0.4699041666666667
29,2.0,closed,available,38,0.009016422036593086,0.19905492872099048,0.4699041666666667
29,2.0,closed,available,39,0.011326258154722818,-0.022829770543002045,0.4699041666666667
29,2.0,closed,available,40,0.0059726470039621615,0.4896028162478125,0.4699041666666667
29,2.0,closed,available,41,0.008374553152288189,0.596372042976082,0.4699041666666667
29,2.0,closed,available,42,0.004942514041705981,0.3900691254083613,0.4699041666666667
29,2.0,closed,available,43,-0.013201028080382093,-0.4675897651163579,0.4699041666666667
29,2.0,closed,available,44,0.0072232833428825804,0.787727651806803,0.4699041666666667
29,2.0,closed,available,45,0.0051570422754040335,0.7226464045704571,0.4699041666666667
29,2.0,closed,available,46,0.003913589116608995,0.6983303708375298,0.4699041666666667
29,2.0,closed,available,47,0.006361118211843875,0.3625459629372762,0.4699041666666667
29,2.0,closed,available,48,-0.0015935227035588917,0.24104104384490516,0.4699041666666667
29,2.0,closed,available,49,5.109568320338376e-05,-0.4611410605632683,0.4699041666666667
29,2.0,closed,available,50,0.01054672292707104,0.25764207588942545,0.4699041666666667
29,2.0,closed,available,51,0.006851180032937609,0.5085499286161872,0.4699041666666667
29,2.0,closed,available,52,0.008485253816002264,0.20390799368908122,0.4699041666666667
29,2.0,closed,available,53,-0.002342242571243963,0.1350474532586796,0.4699041666666667
29,2.0,closed,available,54,-0.009596536153567689,0.1288741852774412,0.4699041666666667
29,2.0,closed,available,55,0.016879509756132297,-0.027864229150586506,0.4699041666666667
29,2.0,closed,available,56,0.0010933511923766348,0.8395520141636731,0.4699041666666667
29,2.0,closed,available,57,-0.004652368636588022,0.5592042012453419,0.4699041666666667
29,2.0,closed,available,58,-0.01088431692090619,-0.315749253313805,0.4699041666666667
29,2.0,closed,available,59,0.007437167292240088,0.6253631650787578,0.4699041666666667
29,2.0,closed,available,60,0.01311175006549914,0.664656615048986,0.4699041666666667
29,2.0,closed,available,61,-0.01019158262049552,-0.2952828680947698,0.4699041666666667
29,2.0,closed,available,62,0.005529441592739159,0.7562970096404311,0.4699041666666667
29,2.0,closed,available,63,0.006308051635282003,-0.19329042950009628,0.4699041666666667
29,2.0,closed,available,64,-0.005241616123078163,0.49968039395605,0.4699041666666667
29,2.0,closed,available,65,-0.001647147584085129,-0.5965231657463435,0.4699041666666667
29,2.0,closed,mi_obs,0,0.023459993414420788,0.4389164678253367,0.4699041666666667
29,2.0,closed,mi_obs,1,-0.06211574260814259,0.010141931627150587,0.4699041666666667
29,2.0,closed,mi_obs,2,0.09229687749468793,-0.014568964489786888,0.4699041666666667
29,2.0,closed,mi_obs,3,-0.06287151185510359,-0.41084034994245555,0.4699041666666667
29,2.0,closed,mi_obs,4,-0.004077553894000108,-0.580273392039603,0.4699041666666667
29,2.0,closed,mi_obs,5,0.055166778522717896,-0.41981461606526926,0.4699041666666667
29,2.0,closed,mi_obs,6,-0.04842893943292326,-0.8370372101604989,0.4699041666666667
29,2.0,closed,mi_obs,7,-0.06182381807695503,-0.7017214746942884,0.4699041666666667
29,2.0,closed,mi_obs,8,-0.02013395210814367,-0.46899188791315577,0.4699041666666667
29,2.0,closed,mi_obs,9,0.008981573383707975,0.26061552740608196,0.4699041666666667
29,2.0,closed,mi_obs,10,-0.02134378584269958,-0.5212237583835075,0.4699041666666667
29,2.0,closed,mi_obs,11,-0.025787007626146698,0.014509333207218535,0.4699041666666667
29,2.0,closed,mi_obs,12,0.08901797427148239,0.27217177460729386,0.4699041666666667
29,2.0,closed,mi_obs,13,-0.025717764738639015,-0.23274999737849528,0.4699041666666667
29,2.0,closed,mi_obs,14,-0.0037335061996167374,-0.16458843453873107,0.4699041666666667
29,2.0,closed,mi_obs,15,-0.049726592560072835,-0.38152850278367423,0.4699041666666667
29,2.0,closed,mi_obs,16,-0.027190299596311918,-0.5237387665027468,0.4699041666666667
29,2.0,closed,mi_obs,17,-0.006652142922396742,-0.4334516279538374,0.4699041666666667
29,2.0,closed,mi_obs,18,0.015047159136023051,0.05976221586620226,0.4699041666666667
29,2.0,closed,mi_obs,19,0.003929928502205249,-0.3096096293512937,0.4699041666666667
29,2.0,closed,mi_obs,20,-0.006879458384210946,-0.29139717639340496,0.4699041666666667
29,2.0,closed,mi_obs,21,0.10327314217198355,0.01396216268028759,0.4699041666666667
29,2.0,closed,mi_obs,22,-0.027509436846730954,-0.008934407439985874,0.4699041666666667
29,2.0,closed,mi_obs,23,-0.011088546321101733,-0.009519025889820506,0.4699041666666667
29,2.0,closed,mi_obs,24,0.007440703865303449,-0.008115601583271558,0.4699041666666667
29,2.0,closed,mi_obs,25,-0.007856509922187935,-0.011297047267083686,0.4699041666666667
29,2.0,closed,mi_obs,26,-0.02763647511087225,-0.005857094173210743,0.4699041666666667
29,2.0,closed,mi_obs,27,0.0240421375897257,0.00043187986386214797,0.4699041666666667
29,2.0,closed,mi_obs,28,0.0015811496850001799,-0.0004076485636791199,0.4699041666666667
29,2.0,closed,mi_obs,29,1.804373929912423e-05,-0.009641239046974795,0.4699041666666667
29,2.0,closed,mi_obs,30,0.02913376848455397,-0.013351375966292593,0.4699041666666667
29,2.0,closed,mi_obs,31,0.059791996229897934,0.009980398633150617,0.4699041666666667
29,2.0,closed,mi_obs,32,-0.11850287820365113,-0.4274798141573781,0.4699041666666667
29,2.0,closed,mi_obs,33,-0.02934035222314159,0.008377065138278511,0.4699041666666667
29,2.0,closed,mi_obs,34,-0.04240395903717633,0.0022392053508836778,0.4699041666666667
29,2.0,closed,mi_obs,35,-0.08209281501755651,0.0032521425666014645,0.4699041666666667
29,2.0,closed,mi_obs,36,-0.07072553234116263,-0.3316646747779277,0.4699041666666667
29,2.0,closed,mi_obs,37,-0.046813219743418136,-0.020571267694610318,0.4699041666666667
29,2.0,closed,mi_obs,38,0.013464808436644521,0.19905492872099048,0.4699041666666667
29,2.0,closed,mi_obs,39,-0.06316875849834015,-0.022829770543002045,0.4699041666666667
29,2.0,closed,mi_obs,40,0.05588815125512242,0.4896028162478125,0.4699041666666667
29,2.0,closed,mi_obs,41,0.06868143938139037,0.596372042976082,0.4699041666666667
29,2.0,closed,mi_obs,42,0.05336477493884878,0.3900691254083613,0.4699041666666667
29,2.0,closed,mi_obs,43,-0.07354177199647599,-0.4675897651163579,0.4699041666666667
29,2.0,closed,mi_obs,44,0.07779416348555002,0.787727651806803,0.4699041666666667
29,2.0,closed,mi_obs,45,-0.0993363868856203,0.7226464045704571,0.4699041666666667
29,2.0,closed,mi_obs,46,-0.02475970648642367,0.6983303708375298,0.4699041666666667
29,2.0,closed,mi_obs,47,0.009006601913367662,0.3625459629372762,0.4699041666666667
29,2.0,closed,mi_obs,48,-0.020261124342337344,0.24104104384490516,0.4699041666666667
29,2.0,closed,mi_obs,49,0.00030844400378843284,-0.4611410605632683,0.4699041666666667
29,2.0,closed,mi_obs,50,-0.0012433356739434687,0.25764207588942545,0.4699041666666667
29,2.0,closed,mi_obs,51,-0.07390623574468974,0.5085499286161872,0.4699041666666667
29,2.0,closed,mi_obs,52,-0.042848161594006534,0.20390799368908122,0.4699041666666667
29,2.0,closed,mi_obs,53,-0.06187146937340379,0.1350474532586796,0.4699041666666667
29,2.0,closed,mi_obs,54,0.15031388650564914,0.1288741852774412,0.4699041666666667
29,2.0,closed,mi_obs,55,-0.05541040753626275,-0.027864229150586506,0.4699041666666667
29,2.0,closed,mi_obs,56,0.030049724988023052,0.8395520141636731,0.4699041666666667
29,2.0,closed,mi_obs,57,0.018542890996239625,0.5592042012453419,0.4699041666666667
29,2.0,closed,mi_obs,58,0.01992438553609477,-0.315749253313805,0.4699041666666667
29,2.0,closed,mi_obs,59,0.010895688073659482,0.6253631650787578,0.4699041666666667
29,2.0,closed,mi_obs,60,0.07977312617512966,0.664656615048986,0.4699041666666667
29,2.0,closed,mi_obs,61,-0.013073182434762243,-0.2952828680947698,0.4699041666666667
29,2.0,closed,mi_obs,62,0.015561744747125461,0.7562970096404311,0.4699041666666667
29,2.0,closed,mi_obs,63,-0.012226478353436376,-0.19329042950009628,0.4699041666666667
29,2.0,closed,mi_obs,64,0.014952476859906305,0.49968039395605,0.4699041666666667
29,2.0,closed,mi_obs,65,-0.024378293917397875,-0.5965231657463435,0.4699041666666667
29,2.0,closed,mi_class,0,-0.18018004256018588,0.4389164678253367,0.4699041666666667
29,2.0,closed,mi_class,1,0.022922551578900434,0.010141931627150587,0.4699041666666667
29,2.0,closed,mi_class,2,0.37334290935228415,-0.014568964489786888,0.4699041666666667
29,2.0,closed,mi_class,3,0.28509133512691026,-0.41084034994245555,0.4699041666666667
29,2.0,closed,mi_class,4,0.36477882770959213,-0.580273392039603,0.4699041666666667
29,2.0,closed,mi_class,5,0.24582415827995452,-0.41981461606526926,0.4699041666666667
29,2.0,closed,mi_class,6,0.4931813788551909,-0.8370372101604989,0.4699041666666667
29,2.0,closed,mi_class,7,0.5083685754030648,-0.7017214746942884,0.4699041666666667
29,2.0,closed,mi_class,8,0.1951977847180918,-0.46899188791315577,0.4699041666666667
29,2.0,closed,mi_class,9,-0.11813982205470211,0.26061552740608196,0.4699041666666667
29,2.0,closed,mi_class,10,0.2412044572849707,-0.5212237583835075,0.4699041666666667
29,2.0,closed,mi_class,11,-0.00710401975184329,0.014509333207218535,0.4699041666666667
29,2.0,closed,mi_class,12,-0.011428802231968016,0.27217177460729386,0.4699041666666667
29,2.0,closed,mi_class,13,0.06539917561277186,-0.23274999737849528,0.4699041666666667
29,2.0,closed,mi_class,14,0.04527045617100095,-0.16458843453873107,0.4699041666666667
29,2.0,closed,mi_class,15,0.10871684484848526,-0.38152850278367423,0.4699041666666667
29,2.0,closed,mi_class,16,0.05787576531242439,-0.5237387665027468,0.4699041666666667
29,2.0,closed,mi_class,17,0.21223752135631338,-0.4334516279538374,0.4699041666666667
29,2.0,closed,mi_class,18,0.02183545700936374,0.05976221586620226,0.4699041666666667
29,2.0,closed,mi_class,19,-4.612084956251428e-05,-0.3096096293512937,0.4699041666666667
29,2.0,closed,mi_class,20,0.001633955914581875,-0.29139717639340496,0.4699041666666667
29,2.0,closed,mi_class,21,-0.00502373483195543,0.01396216268028759,0.4699041666666667
29,2.0,closed,mi_class,22,0.020478895469720884,-0.008934407439985874,0.4699041666666667
29,2.0,closed,mi_class,23,0.010996294314753782,-0.009519025889820506,0.4699041666666667
29,2.0,closed,mi_class,24,0.0036660458618841298,-0.008115601583271558,0.4699041666666667
29,2.0,closed,mi_class,25,0.09304408018012092,-0.011297047267083686,0.4699041666666667
29,2.0,closed,mi_class,26,-0.0005574282006582717,-0.005857094173210743,0.4699041666666667
29,2.0,closed,mi_class,27,0.010518978356845302,0.00043187986386214797,0.4699041666666667
29,2.0,closed,mi_class,28,-0.1090767077379319,-0.0004076485636791199,0.4699041666666667
29,2.0,closed,mi_class,29,0.015356830930310227,-0.009641239046974795,0.4699041666666667
29,2.0,closed,mi_class,30,0.010413452336042024,-0.013351375966292593,0.4699041666666667
29,2.0,closed,mi_class,31,0.015365590357037232,0.009980398633150617,0.4699041666666667
29,2.0,closed,mi_class,32,0.07486127142592558,-0.4274798141573781,0.4699041666666667
29,2.0,closed,mi_class,33,0.10938832078252587,0.008377065138278511,0.4699041666666667
29,2.0,closed,mi_class,34,-0.025874166138847476,0.0022392053508836778,0.4699041666666667
29,2.0,closed,mi_class,35,-0.016713223618652635,0.0032521425666014645,0.4699041666666667
29,2.0,closed,mi_class,36,-0.03090551336381553,-0.3316646747779277,0.4699041666666667
29,2.0,closed,mi_class,37,-0.002243371744521147,-0.020571267694610318,0.4699041666666667
29,2.0,closed,mi_class,38,-0.015011488418427671,0.19905492872099048,0.4699041666666667
29,2.0,closed,mi_class,39,0.003539435305148695,-0.022829770543002045,0.4699041666666667
29,2.0,closed,mi_class,40,-0.09938381635606997,0.4896028162478125,0.4699041666666667
29,2.0,closed,mi_class,41,-0.28589045453883544,0.596372042976082,0.4699041666666667
29,2.0,closed,mi_class,42,-0.039808335656670246,0.3900691254083613,0.4699041666666667
29,2.0,closed,mi_class,43,0.12483822611920325,-0.4675897651163579,0.4699041666666667
29,2.0,closed,mi_class,44,-0.21150392628199588,0.787727651806803,0.4699041666666667
29,2.0,closed,mi_class,45,-0.014553945640307098,0.7226464045704571,0.4699041666666667
29,2.0,closed,mi_class,46,-0.20928397521286723,0.6983303708375298,0.4699041666666667
29,2.0,closed,mi_class,47,-0.12073651598078713,0.3625459629372762,0.4699041666666667
29,2.0,closed,mi_class,48,-0.0498497218056379,0.24104104384490516,0.4699041666666667
29,2.0,closed,mi_class,49,0.11070759728820229,-0.4611410605632683,0.4699041666666667
29,2.0,closed,mi_class,50,-0.07534508547255989,0.25764207588942545,0.4699041666666667
29,2.0,closed,mi_class,51,-0.13805870235180112,0.5085499286161872,0.4699041666666667
29,2.0,closed,mi_class,52,-0.048255022789547075,0.20390799368908122,0.4699041666666667
29,2.0,closed,mi_class,53,-0.05425532483830395,0.1350474532586796,0.4699041666666667
29,2.0,closed,mi_class,54,-0.03959283290772811,0.1288741852774412,0.4699041666666667
29,2.0,closed,mi_class,55,0.001681453613454422,-0.027864229150586506,0.4699041666666667
29,2.0,closed,mi_class,56,-0.46301940763091987,0.8395520141636731,0.4699041666666667
29,2.0,closed,mi_class,57,-0.1295961867924464,0.5592042012453419,0.4699041666666667
29,2.0,closed,mi_class,58,0.06351273388407036,-0.315749253313805,0.4699041666666667
29,2.0,closed,mi_class,59,-0.11471774580430993,0.6253631650787578,0.4699041666666667
29,2.0,closed,mi_class,60,-0.2997102224012599,0.664656615048986,0.4699041666666667
29,2.0,closed,mi_class,61,0.1351270938040663,-0.2952828680947698,0.4699041666666667
29,2.0,closed,mi_class,62,-0.3582019237994964,0.7562970096404311,0.4699041666666667
29,2.0,closed,mi_class,63,-0.0600203494555373,-0.19329042950009628,0.4699041666666667
29,2.0,closed,mi_class,64,-0.009035230890220292,0.49968039395605,0.4699041666666667
29,2.0,closed,mi_class,65,-0.01148604817576071,-0.5965231657463435,0.4699041666666667
29,2.0,closed,mi_site,0,0.019241044604101587,0.4389164678253367,0.4699041666666667
29,2.0,closed,mi_site,1,-0.046596517428042376,0.010141931627150587,0.4699041666666667
29,2.0,closed,mi_site,2,0.06012942076457255,-0.014568964489786888,0.4699041666666667
29,2.0,closed,mi_site,3,-0.05369364789464487,-0.41084034994245555,0.4699041666666667
29,2.0,closed,mi_site,4,-0.0011756491646531808,-0.580273392039603,0.4699041666666667
29,2.0,closed,mi_site,5,0.06209042454946978,-0.41981461606526926,0.4699041666666667
29,2.0,closed,mi_site,6,-0.03743590724007373,-0.8370372101604989,0.4699041666666667
29,2.0,closed,mi_site,7,-0.04658684212863773,-0.7017214746942884,0.4699041666666667
29,2.0,closed,mi_site,8,-0.03241482740752338,-0.46899188791315577,0.4699041666666667
29,2.0,closed,mi_site,9,0.013118240892794064,0.26061552740608196,0.4699041666666667
29,2.0,closed,mi_site,10,-0.022384174184651662,-0.5212237583835075,0.4699041666666667
29,2.0,closed,mi_site,11,-0.0030685996109772323,0.014509333207218535,0.4699041666666667
29,2.0,closed,mi_site,12,0.05369374462668103,0.27217177460729386,0.4699041666666667
29,2.0,closed,mi_site,13,-0.023036646024068852,-0.23274999737849528,0.4699041666666667
29,2.0,closed,mi_site,14,-0.0024486940599603713,-0.16458843453873107,0.4699041666666667
29,2.0,closed,mi_site,15,-0.04249545080911038,-0.38152850278367423,0.4699041666666667
29,2.0,closed,mi_site,16,-0.02581489897427436,-0.5237387665027468,0.4699041666666667
29,2.0,closed,mi_site,17,-0.009800511004398604,-0.4334516279538374,0.4699041666666667
29,2.0,closed,mi_site,18,0.004089720616394725,0.05976221586620226,0.4699041666666667
29,2.0,closed,mi_site,19,0.006851652696480803,-0.3096096293512937,0.4699041666666667
29,2.0,closed,mi_site,20,-0.007503702392182288,-0.29139717639340496,0.4699041666666667
29,2.0,closed,mi_site,21,0.043726028221561,0.01396216268028759,0.4699041666666667
29,2.0,closed,mi_site,22,0.014809516290460007,-0.008934407439985874,0.4699041666666667
29,2.0,closed,mi_site,23,-0.00215435647795789,-0.009519025889820506,0.4699041666666667
29,2.0,closed,mi_site,24,0.0036098504422496904,-0.008115601583271558,0.4699041666666667
29,2.0,closed,mi_site,25,0.009467396218272582,-0.011297047267083686,0.4699041666666667
29,2.0,closed,mi_site,26,0.001823153074670002,-0.005857094173210743,0.4699041666666667
29,2.0,closed,mi_site,27,0.02534779760575576,0.00043187986386214797,0.4699041666666667
29,2.0,closed,mi_site,28,-0.005478925146522786,-0.0004076485636791199,0.4699041666666667
29,2.0,closed,mi_site,29,0.003381936259380316,-0.009641239046974795,0.4699041666666667
29,2.0,closed,mi_site,30,0.00582830659670348,-0.013351375966292593,0.4699041666666667
29,2.0,closed,mi_site,31,0.052346790132499196,0.009980398633150617,0.4699041666666667
29,2.0,closed,mi_site,32,-0.08045348738539226,-0.4274798141573781,0.4699041666666667
29,2.0,closed,mi_site,33,-0.01420283313167046,0.008377065138278511,0.4699041666666667
29,2.0,closed,mi_site,34,-0.03526343047991143,0.0022392053508836778,0.4699041666666667
29,2.0,closed,mi_site,35,-0.06960620314077681,0.0032521425666014645,0.4699041666666667
29,2.0,closed,mi_site,36,-0.04028146416173328,-0.3316646747779277,0.4699041666666667
29,2.0,closed,mi_site,37,-0.03997826036561733,-0.020571267694610318,0.4699041666666667
29,2.0,closed,mi_site,38,0.010239785525541945,0.19905492872099048,0.4699041666666667
29,2.0,closed,mi_site,39,-0.059520150809263636,-0.022829770543002045,0.4699041666666667
29,2.0,closed,mi_site,40,0.049434488792429565,0.4896028162478125,0.4699041666666667
29,2.0,closed,mi_site,41,0.06234262355462694,0.596372042976082,0.4699041666666667
29,2.0,closed,mi_site,42,0.04568452073298174,0.3900691254083613,0.4699041666666667
29,2.0,closed,mi_site,43,-0.06243744843465565,-0.4675897651163579,0.4699041666666667
29,2.0,closed,mi_site,44,0.07051197435589551,0.787727651806803,0.4699041666666667
29,2.0,closed,mi_site,45,-0.09661883027384777,0.7226464045704571,0.4699041666666667
29,2.0,closed,mi_site,46,-0.023389880420671583,0.6983303708375298,0.4699041666666667
29,2.0,closed,mi_site,47,0.0036978957045461502,0.3625459629372762,0.4699041666666667
29,2.0,closed,mi_site,48,-0.025015076615132414,0.24104104384490516,0.4699041666666667
29,2.0,closed,mi_site,49,0.0010922441960025675,-0.4611410605632683,0.4699041666666667
29,2.0,closed,mi_site,50,0.0015812824731292752,0.25764207588942545,0.4699041666666667
29,2.0,closed,mi_site,51,-0.07378419371324496,0.5085499286161872,0.4699041666666667
29,2.0,closed,mi_site,52,-0.04324075730382035,0.20390799368908122,0.4699041666666667
29,2.0,closed,mi_site,53,-0.06376152272058187,0.1350474532586796,0.4699041666666667
29,2.0,closed,mi_site,54,0.14385212798682462,0.1288741852774412,0.4699041666666667
29,2.0,closed,mi_site,55,-0.05491563747056369,-0.027864229150586506,0.4699041666666667
29,2.0,closed,mi_site,56,0.024083084930639043,0.8395520141636731,0.4699041666666667
29,2.0,closed,mi_site,57,0.014907450009349676,0.5592042012453419,0.4699041666666667
29,2.0,closed,mi_site,58,0.016494697089155963,-0.315749253313805,0.4699041666666667
29,2.0,closed,mi_site,59,0.011935860106372598,0.6253631650787578,0.4699041666666667
29,2.0,closed,mi_site,60,0.06946865136241365,0.664656615048986,0.4699041666666667
29,2.0,closed,mi_site,61,-0.012209512922546961,-0.2952828680947698,0.4699041666666667
29,2.0,closed,mi_site,62,0.014854640316085299,0.7562970096404311,0.4699041666666667
29,2.0,closed,mi_site,63,-0.011968688143521478,-0.19329042950009628,0.4699041666666667
29,2.0,closed,mi_site,64,0.013623299124846722,0.49968039395605,0.4699041666666667
29,2.0,closed,mi_site,65,-0.02506508386677231,-0.5965231657463435,0.4699041666666667
