rep,gamma,alignment,estimator,pair,signed_err,truth,miss_rate
24,0.0,aligned,available,0,-0.0034863941695725195,-0.001424791454142334,0.468775
24,0.0,aligned,available,1,-0.004554071058803079,0.008385584234714777,0.468775
24,0.0,aligned,available,2,-0.006078428538992764,0.33490291431585717,0.468775
24,0.0,aligned,available,3,0.0017489898433021844,0.5528533610505076,0.468775
24,0.0,aligned,available,4,-0.009049272558884991,-0.36061836414039095,0.468775
24,0.0,aligned,available,5,0.01187984432254969,-0.003769328010638385,0.468775
24,0.0,aligned,available,6,0.003963678885021443,-0.0073739202184373446,0.468775
24,0.0,aligned,available,7,-0.009049642554513576,0.001995635035718277,0.468775
24,0.0,aligned,available,8,0.0152177630099859,-0.011988662981634667,0.468775
24,0.0,aligned,available,9,0.006183130657150027,-0.008524461336924083,0.468775
24,0.0,aligned,available,10,-0.00017299063596268142,-0.006217018847503278,0.468775
24,0.0,aligned,available,11,0.008611092132242452,0.0037808418420022696,0.468775
24,0.0,aligned,available,12,2.7991921207198844e-05,-0.1052006145999035,0.468775
24,0.0,aligned,available,13,-0.0033955825083834545,-0.28306770765977773,0.468775
24,0.0,aligned,available,14,0.006420906590292258,-0.0010844036209963705,0.468775
24,0.0,aligned,available,15,-0.005118411540305984,-0.15258399439434467,0.468775
24,0.0,aligned,available,16,-0.0015570942038653501,-0.20047669562465031,0.468775
24,0.0,aligned,available,17,0.0023271677187463938,-0.001244769768210623,0.468775
24,0.0,aligned,available,18,0.0025156647287461016,0.0016933982812697458,0.468775
24,0.0,aligned,available,19,-0.0008809711579175761,0.27238731572695857,0.468775
24,0.0,aligned,available,20,-0.0045588748335705365,0.497562113842251,0.468775
24,0.0,aligned,available,21,0.005944562253854868,0.6440570245597669,0.468775
24,0.0,aligned,available,22,0.018026769114623975,0.27424105454469777,0.468775
24,0.0,aligned,available,23,0.002883876926386475,0.4905411220423381,0.468775
24,0.0,aligned,available,24,-0.01285797140037348,-0.26242372663322966,0.468775
24,0.0,aligned,available,25,-0.018420339983380274,-0.3412777505458406,0.468775
24,0.0,aligned,available,26,0.0014477154224697975,0.6636052456046282,0.468775
24,0.0,aligned,available,27,-0.004604219038514601,-0.49145794210313076,0.468775
24,0.0,aligned,available,28,-0.009247312642033602,-0.0035213860231896534,0.468775
24,0.0,aligned,available,29,-0.010675890537534722,-0.0039005812297935065,0.468775
24,0.0,aligned,available,30,0.002564537331520844,0.7224303748820734,0.468775
24,0.0,aligned,available,31,0.0008894860083591416,0.6318272322658667,0.468775
24,0.0,aligned,available,32,-0.019869546485694112,-0.36578401317951525,0.468775
24,0.0,aligned,available,33,-0.043780550149409736,-0.3891186743148186,0.468775
24,0.0,aligned,available,34,0.008418195490700775,0.7879588787659358,0.468775
24,0.0,aligned,available,35,-0.016205319281261232,-0.6235651907484062,0.468775
24,0.0,aligned,available,36,0.014663927137745142,-0.22534496440834387,0.468775
24,0.0,aligned,available,37,0.011204132692782226,-0.21552298373330928,0.468775
24,0.0,aligned,available,38,-0.0007480412807622933,0.0999872707704779,0.468775
24,0.0,aligned,available,39,-0.010272982672705794,0.013600988851553593,0.468775
24,0.0,aligned,available,40,-0.016047684170066228,0.014301643749558194,0.468775
24,0.0,aligned,available,41,0.01130743089518016,0.4025073569379575,0.468775
24,0.0,aligned,available,42,-0.003456792867888525,-0.3051654711283341,0.468775
24,0.0,aligned,available,43,0.003839833055990116,-0.5425145937510529,0.468775
24,0.0,aligned,available,44,0.006844096799931365,-0.5701269993767544,0.468775
24,0.0,aligned,available,45,0.005046226044873425,-0.28726320028289937,0.468775
24,0.0,aligned,available,46,-0.001524830391342713,-0.37327233596627724,0.468775
24,0.0,aligned,available,47,-0.0005274919078676055,0.7448428668965553,0.468775
24,0.0,aligned,available,48,-0.0015189724120792114,-0.5458961253150577,0.468775
24,0.0,aligned,available,49,0.009619324038875682,0.00524805381620834,0.468775
24,0.0,aligned,available,50,-3.151694191748204e-05,0.00433286464805875,0.468775
24,0.0,aligned,available,51,0.0016985178951154367,0.7629600901698291,0.468775
24,0.0,aligned,available,52,0.0015789374162042402,-0.3912208016777697,0.468775
24,0.0,aligned,available,53,0.025192023502102368,0.5167459083194529,0.468775
24,0.0,aligned,available,54,0.005928387993070217,-0.1665448157465729,0.468775
24,0.0,aligned,available,55,0.001936976165011095,-0.30800019081797947,0.468775
24,0.0,aligned,available,56,-0.005845963851251801,-0.5092656813538579,0.468775
24,0.0,aligned,available,57,0.022433748818246446,0.6812646090267269,0.468775
24,0.0,aligned,available,58,0.00013946806509651521,-0.21248140263615337,0.468775
24,0.0,aligned,available,59,0.007903100111519956,-0.39180579682043576,0.468775
24,0.0,aligned,available,60,-0.004854079788886967,-0.7405280880938585,0.468775
24,0.0,aligned,available,61,-0.0002164831663640735,-0.0018244957510572517,0.468775
24,0.0,aligned,available,62,-0.004671252514110288,0.0005238720039695554,0.468775
24,0.0,aligned,available,63,0.002663205314814979,-0.0010505365651244348,0.468775
24,0.0,aligned,available,64,-0.001601252634268044,0.004509306581344341,0.468775
24,0.0,aligned,available,65,0.0007242268781861849,0.5416886811894985,0.468775
24,0.0,aligned,mi_obs,0,0.003155934275674609,-0.001424791454142334,0.468775
24,0.0,aligned,mi_obs,1,-0.009714328732711604,0.008385584234714777,0.468775
24,0.0,aligned,mi_obs,2,0.010268387511436272,0.33490291431585717,0.468775
24,0.0,aligned,mi_obs,3,0.046357125659688525,0.5528533610505076,0.468775
24,0.0,aligned,mi_obs,4,-0.09312644909352669,-0.36061836414039095,0.468775
24,0.0,aligned,mi_obs,5,-0.029975186331436806,-0.003769328010638385,0.468775
24,0.0,aligned,mi_obs,6,-0.009868104129825528,-0.0073739202184373446,0.468775
24,0.0,aligned,mi_obs,7,-0.00826886036324748,0.001995635035718277,0.468775
24,0.0,aligned,mi_obs,8,0.014213532283995755,-0.011988662981634667,0.468775
24,0.0,aligned,mi_obs,9,0.02798300829137723,-0.008524461336924083,0.468775
24,0.0,aligned,mi_obs,10,0.012648832792682325,-0.006217018847503278,0.468775
24,0.0,aligned,mi_obs,11,0.043468864501846005,0.0037808418420022696,0.468775
24,0.0,aligned,mi_obs,12,-0.03130975653464081,-0.1052006145999035,0.468775
24,0.0,aligned,mi_obs,13,-0.012199195156311626,-0.28306770765977773,0.468775
24,0.0,aligned,mi_obs,14,0.021441744433867798,-0.0010844036209963705,0.468775
24,0.0,aligned,mi_obs,15,-0.02240324578735098,-0.15258399439434467,0.468775
24,0.0,aligned,mi_obs,16,-0.0018059981202246944,-0.20047669562465031,0.468775
24,0.0,aligned,mi_obs,17,0.008200261589718778,-0.001244769768210623,0.468775
24,0.0,aligned,mi_obs,18,-0.012218726194685848,0.0016933982812697458,0.468775
24,0.0,aligned,mi_obs,19,0.030061307657399783,0.27238731572695857,0.468775
24,0.0,aligned,mi_obs,20,0.02891217848426675,0.497562113842251,0.468775
24,0.0,aligned,mi_obs,21,0.027087124901471027,0.6440570245597669,0.468775
24,0.0,aligned,mi_obs,22,-0.006781888012707238,0.27424105454469777,0.468775
24,0.0,aligned,mi_obs,23,0.07324233350697734,0.4905411220423381,0.468775
24,0.0,aligned,mi_obs,24,-0.0544651854802819,-0.26242372663322966,0.468775
24,0.0,aligned,mi_obs,25,-0.010072032597864322,-0.3412777505458406,0.468775
24,0.0,aligned,mi_obs,26,0.10067184370690252,0.6636052456046282,0.468775
24,0.0,aligned,mi_obs,27,-0.07389471026998828,-0.49145794210313076,0.468775
24,0.0,aligned,mi_obs,28,0.01956568904997696,-0.0035213860231896534,0.468775
24,0.0,aligned,mi_obs,29,0.00428845847801437,-0.0039005812297935065,0.468775
24,0.0,aligned,mi_obs,30,-0.008487151277486227,0.7224303748820734,0.468775
24,0.0,aligned,mi_obs,31,-0.0589090549397977,0.6318272322658667,0.468775
24,0.0,aligned,mi_obs,32,-0.09782330577284437,-0.36578401317951525,0.468775
24,0.0,aligned,mi_obs,33,0.000703098657691692,-0.3891186743148186,0.468775
24,0.0,aligned,mi_obs,34,-0.07308979428357942,0.7879588787659358,0.468775
24,0.0,aligned,mi_obs,35,-0.03907710403725362,-0.6235651907484062,0.468775
24,0.0,aligned,mi_obs,36,-0.02823519767581381,-0.22534496440834387,0.468775
24,0.0,aligned,mi_obs,37,0.0027716656724868227,-0.21552298373330928,0.468775
24,0.0,aligned,mi_obs,38,-0.12319389866277772,0.0999872707704779,0.468775
24,0.0,aligned,mi_obs,39,-0.01573696257928854,0.013600988851553593,0.468775
24,0.0,aligned,mi_obs,40,0.01989623505090822,0.014301643749558194,0.468775
24,0.0,aligned,mi_obs,41,-0.0839229258125585,0.4025073569379575,0.468775
24,0.0,aligned,mi_obs,42,0.027200473543843084,-0.3051654711283341,0.468775
24,0.0,aligned,mi_obs,43,-0.04095717775854657,-0.5425145937510529,0.468775
24,0.0,aligned,mi_obs,44,-0.008938582257349115,-0.5701269993767544,0.468775
24,0.0,aligned,mi_obs,45,-0.07100406126474762,-0.28726320028289937,0.468775
24,0.0,aligned,mi_obs,46,-0.014358555429397568,-0.37327233596627724,0.468775
24,0.0,aligned,mi_obs,47,-0.039221170371142144,0.7448428668965553,0.468775
24,0.0,aligned,mi_obs,48,-0.00613160917053357,-0.5458961253150577,0.468775
24,0.0,aligned,mi_obs,49,0.06594708163408382,0.00524805381620834,0.468775
24,0.0,aligned,mi_obs,50,0.04422836087225095,0.00433286464805875,0.468775
24,0.0,aligned,mi_obs,51,0.011302463138030405,0.7629600901698291,0.468775
24,0.0,aligned,mi_obs,52,-0.027646383739120206,-0.3912208016777697,0.468775
24,0.0,aligned,mi_obs,53,0.12317599488058828,0.5167459083194529,0.468775
24,0.0,aligned,mi_obs,54,-0.013488849786163964,-0.1665448157465729,0.468775
24,0.0,aligned,mi_obs,55,-0.012707367560433391,-0.30800019081797947,0.468775
24,0.0,aligned,mi_obs,56,-0.0444840222942704,-0.5092656813538579,0.468775
24,0.0,aligned,mi_obs,57,0.10739213646080226,0.6812646090267269,0.468775
24,0.0,aligned,mi_obs,58,-0.01524980103715845,-0.21248140263615337,0.468775
24,0.0,aligned,mi_obs,59,-0.01658672078399509,-0.39180579682043576,0.468775
24,0.0,aligned,mi_obs,60,-0.03108143081601089,-0.7405280880938585,0.468775
24,0.0,aligned,mi_obs,61,0.07491204975658448,-0.0018244957510572517,0.468775
24,0.0,aligned,mi_obs,62,0.05124892985620384,0.0005238720039695554,0.468775
24,0.0,aligned,mi_obs,63,-0.01971284729174001,-0.0010505365651244348,0.468775
24,0.0,aligned,mi_obs,64,0.01944182140213515,0.004509306581344341,0.468775
24,0.0,aligned,mi_obs,65,0.04959360417495251,0.5416886811894985,0.468775
24,0.0,aligned,mi_class,0,-0.006601891823235977,-0.001424791454142334,0.468775
24,0.0,aligned,mi_class,1,-0.027214184341908892,0.008385584234714777,0.468775
24,0.0,aligned,mi_class,2,-0.12558716778799264,0.33490291431585717,0.468775
24,0.0,aligned,mi_class,3,-0.19443512294071852,0.5528533610505076,0.468775
24,0.0,aligned,mi_class,4,0.1041762807557457,-0.36061836414039095,0.468775
24,0.0,aligned,mi_class,5,0.0007672779968237414,-0.003769328010638385,0.468775
24,0.0,aligned,mi_class,6,-0.08050262399066564,-0.0073739202184373446,0.468775
24,0.0,aligned,mi_class,7,0.005030556288928739,0.001995635035718277,0.468775
24,0.0,aligned,mi_class,8,0.04523314902268298,-0.011988662981634667,0.468775
24,0.0,aligned,mi_class,9,-0.19794124955151474,-0.008524461336924083,0.468775
24,0.0,aligned,mi_class,10,-0.003750782442532195,-0.006217018847503278,0.468775
24,0.0,aligned,mi_class,11,-0.04185407716701942,0.0037808418420022696,0.468775
24,0.0,aligned,mi_class,12,0.03575286508331167,-0.1052006145999035,0.468775
24,0.0,aligned,mi_class,13,0.24927865876740074,-0.28306770765977773,0.468775
24,0.0,aligned,mi_class,14,-0.002305337836416341,-0.0010844036209963705,0.468775
24,0.0,aligned,mi_class,15,0.08099782272226087,-0.15258399439434467,0.468775
24,0.0,aligned,mi_class,16,0.1257154921325266,-0.20047669562465031,0.468775
24,0.0,aligned,mi_class,17,-0.0176941595150335,-0.001244769768210623,0.468775
24,0.0,aligned,mi_class,18,-0.01351895710815597,0.0016933982812697458,0.468775
24,0.0,aligned,mi_class,19,-0.21092963282540556,0.27238731572695857,0.468775
24,0.0,aligned,mi_class,20,-0.2009261904191238,0.497562113842251,0.468775
24,0.0,aligned,mi_class,21,-0.07865984598617637,0.6440570245597669,0.468775
24,0.0,aligned,mi_class,22,-0.11297924995181624,0.27424105454469777,0.468775
24,0.0,aligned,mi_class,23,-0.14817488997251566,0.4905411220423381,0.468775
24,0.0,aligned,mi_class,24,0.08475051043777962,-0.26242372663322966,0.468775
24,0.0,aligned,mi_class,25,0.12711559917345935,-0.3412777505458406,0.468775
24,0.0,aligned,mi_class,26,-0.272077057396622,0.6636052456046282,0.468775
24,0.0,aligned,mi_class,27,-0.07339538062724027,-0.49145794210313076,0.468775
24,0.0,aligned,mi_class,28,-0.008918604156902684,-0.0035213860231896534,0.468775
24,0.0,aligned,mi_class,29,-0.018958574460450864,-0.0039005812297935065,0.468775
24,0.0,aligned,mi_class,30,-0.236306618642237,0.7224303748820734,0.468775
24,0.0,aligned,mi_class,31,-0.12678666627195678,0.6318272322658667,0.468775
24,0.0,aligned,mi_class,32,0.06841697725666224,-0.36578401317951525,0.468775
24,0.0,aligned,mi_class,33,0.25950358638897514,-0.3891186743148186,0.468775
24,0.0,aligned,mi_class,34,-0.21581876194631222,0.7879588787659358,0.468775
24,0.0,aligned,mi_class,35,0.0415014795487747,-0.6235651907484062,0.468775
24,0.0,aligned,mi_class,36,0.3105941683379096,-0.22534496440834387,0.468775
24,0.0,aligned,mi_class,37,-0.024890359612156215,-0.21552298373330928,0.468775
24,0.0,aligned,mi_class,38,0.011498334057352441,0.0999872707704779,0.468775
24,0.0,aligned,mi_class,39,-0.009460284870625564,0.013600988851553593,0.468775
24,0.0,aligned,mi_class,40,0.033024597497550504,0.014301643749558194,0.468775
24,0.0,aligned,mi_class,41,-0.04729658820376548,0.4025073569379575,0.468775
24,0.0,aligned,mi_class,42,0.1012498310154081,-0.3051654711283341,0.468775
24,0.0,aligned,mi_class,43,0.4259976217546985,-0.5425145937510529,0.468775
24,0.0,aligned,mi_class,44,0.20663574614639246,-0.5701269993767544,0.468775
24,0.0,aligned,mi_class,45,-0.015280252114094617,-0.28726320028289937,0.468775
24,0.0,aligned,mi_class,46,0.09755920915735594,-0.37327233596627724,0.468775
24,0.0,aligned,mi_class,47,-0.06477202178511043,0.7448428668965553,0.468775
24,0.0,aligned,mi_class,48,0.17495041613028306,-0.5458961253150577,0.468775
24,0.0,aligned,mi_class,49,-0.001052148422437533,0.00524805381620834,0.468775
24,0.0,aligned,mi_class,50,-0.014507137464115728,0.00433286464805875,0.468775
24,0.0,aligned,mi_class,51,-0.21951703177183912,0.7629600901698291,0.468775
24,0.0,aligned,mi_class,52,0.04161829993966376,-0.3912208016777697,0.468775
24,0.0,aligned,mi_class,53,-0.169141282372121,0.5167459083194529,0.468775
24,0.0,aligned,mi_class,54,0.12481391734430886,-0.1665448157465729,0.468775
24,0.0,aligned,mi_class,55,0.08744874850515538,-0.30800019081797947,0.468775
24,0.0,aligned,mi_class,56,0.18980490689084806,-0.5092656813538579,0.468775
24,0.0,aligned,mi_class,57,-0.2370826490917629,0.6812646090267269,0.468775
24,0.0,aligned,mi_class,58,0.11823680707556705,-0.21248140263615337,0.468775
24,0.0,aligned,mi_class,59,0.06402373927902588,-0.39180579682043576,0.468775
24,0.0,aligned,mi_class,60,0.3113126112164087,-0.7405280880938585,0.468775
24,0.0,aligned,mi_class,61,0.0009425110528666675,-0.0018244957510572517,0.468775
24,0.0,aligned,mi_class,62,-0.024054918540333488,0.0005238720039695554,0.468775
24,0.0,aligned,mi_class,63,-0.10336044617173555,-0.0010505365651244348,0.468775
24,0.0,aligned,mi_class,64,-0.013239409003803767,0.004509306581344341,0.468775
24,0.0,aligned,mi_class,65,-0.3521395527124749,0.5416886811894985,0.468775
24,0.0,aligned,mi_site,0,-0.00039150350752974487,-0.001424791454142334,0.468775
24,0.0,aligned,mi_site,1,-0.014970643314983259,0.008385584234714777,0.468775
24,0.0,aligned,mi_site,2,-0.07144613342853007,0.33490291431585717,0.468775
24,0.0,aligned,mi_site,3,-0.028595991328268067,0.5528533610505076,0.468775
24,0.0,aligned,mi_site,4,-0.03823337015308598,-0.36061836414039095,0.468775
24,0.0,aligned,mi_site,5,-0.013421323325409247,-0.003769328010638385,0.468775
24,0.0,aligned,mi_site,6,-0.011573270552597138,-0.0073739202184373446,0.468775
24,0.0,aligned,mi_site,7,-0.0031222729596909237,0.001995635035718277,0.468775
24,0.0,aligned,mi_site,8,0.013076607877501884,-0.011988662981634667,0.468775
24,0.0,aligned,mi_site,9,0.006546150504810999,-0.008524461336924083,0.468775
24,0.0,aligned,mi_site,10,0.005238984894589004,-0.006217018847503278,0.468775
24,0.0,aligned,mi_site,11,0.01949055067599695,0.0037808418420022696,0.468775
24,0.0,aligned,mi_site,12,0.0015485744781511546,-0.1052006145999035,0.468775
24,0.0,aligned,mi_site,13,0.010963135270779634,-0.28306770765977773,0.468775
24,0.0,aligned,mi_site,14,0.01702273503566433,-0.0010844036209963705,0.468775
24,0.0,aligned,mi_site,15,-0.005222067838957095,-0.15258399439434467,0.468775
24,0.0,aligned,mi_site,16,0.005024213393407251,-0.20047669562465031,0.468775
24,0.0,aligned,mi_site,17,-0.0017032456358918042,-0.001244769768210623,0.468775
24,0.0,aligned,mi_site,18,-0.0006329424307384855,0.0016933982812697458,0.468775
24,0.0,aligned,mi_site,19,-0.20063640861191054,0.27238731572695857,0.468775
24,0.0,aligned,mi_site,20,-0.010833376189119337,0.497562113842251,0.468775
24,0.0,aligned,mi_site,21,-0.02653957384522787,0.6440570245597669,0.468775
24,0.0,aligned,mi_site,22,-0.00783869100248813,0.27424105454469777,0.468775
24,0.0,aligned,mi_site,23,0.0557146851081613,0.4905411220423381,0.468775
24,0.0,aligned,mi_site,24,-0.032822485195221796,-0.26242372663322966,0.468775
24,0.0,aligned,mi_site,25,-0.015692907344854956,-0.3412777505458406,0.468775
24,0.0,aligned,mi_site,26,0.06975580804546411,0.6636052456046282,0.468775
24,0.0,aligned,mi_site,27,-0.04757918117452198,-0.49145794210313076,0.468775
24,0.0,aligned,mi_site,28,0.017577015627049265,-0.0035213860231896534,0.468775
24,0.0,aligned,mi_site,29,-0.0012418930712613874,-0.0039005812297935065,0.468775
24,0.0,aligned,mi_site,30,-0.08793121875417809,0.7224303748820734,0.468775
24,0.0,aligned,mi_site,31,-0.12550746930454415,0.6318272322658667,0.468775
24,0.0,aligned,mi_site,32,-0.023764164556317358,-0.36578401317951525,0.468775
24,0.0,aligned,mi_site,33,0.03284907238541224,-0.3891186743148186,0.468775
24,0.0,aligned,mi_site,34,-0.11767203514873148,0.7879588787659358,0.468775
24,0.0,aligned,mi_site,35,0.02140758729546144,-0.6235651907484062,0.468775
24,0.0,aligned,mi_site,36,0.17245103801218642,-0.22534496440834387,0.468775
24,0.0,aligned,mi_site,37,0.02768041549394676,-0.21552298373330928,0.468775
24,0.0,aligned,mi_site,38,-0.05941754282008987,0.0999872707704779,0.468775
24,0.0,aligned,mi_site,39,-0.01962431569311393,0.013600988851553593,0.468775
24,0.0,aligned,mi_site,40,-0.0026054168982730438,0.014301643749558194,0.468775
24,0.0,aligned,mi_site,41,-0.031351763333977545,0.4025073569379575,0.468775
24,0.0,aligned,mi_site,42,-0.004125343089308009,-0.3051654711283341,0.468775
24,0.0,aligned,mi_site,43,0.40616663777418294,-0.5425145937510529,0.468775
24,0.0,aligned,mi_site,44,0.0007651058671712674,-0.5701269993767544,0.468775
24,0.0,aligned,mi_site,45,-0.04888544617239221,-0.28726320028289937,0.468775
24,0.0,aligned,mi_site,46,-0.015101293242610725,-0.37327233596627724,0.468775
24,0.0,aligned,mi_site,47,-0.022720657649262344,0.7448428668965553,0.468775
24,0.0,aligned,mi_site,48,-0.014851851791508719,-0.5458961253150577,0.468775
24,0.0,aligned,mi_site,49,0.03270441989360436,0.00524805381620834,0.468775
24,0.0,aligned,mi_site,50,0.013796282844833762,0.00433286464805875,0.468775
24,0.0,aligned,mi_site,51,0.019406887117933924,0.7629600901698291,0.468775
24,0.0,aligned,mi_site,52,-0.043319555914799246,-0.3912208016777697,0.468775
24,0.0,aligned,mi_site,53,0.1038190803363448,0.5167459083194529,0.468775
24,0.0,aligned,mi_site,54,0.09795699674651154,-0.1665448157465729,0.468775
24,0.0,aligned,mi_site,55,-0.0016051822544350114,-0.30800019081797947,0.468775
24,0.0,aligned,mi_site,56,-0.05018710838732332,-0.5092656813538579,0.468775
24,0.0,aligned,mi_site,57,0.09566685461923685,0.6812646090267269,0.468775
24,0.0,aligned,mi_site,58,0.1407967865430383,-0.21248140263615337,0.468775
24,0.0,aligned,mi_site,59,0.001285862177493713,-0.39180579682043576,0.468775
24,0.0,aligned,mi_site,60,-0.040601038867660755,-0.7405280880938585,0.468775
24,0.0,aligned,mi_site,61,0.021312437449156528,-0.0018244957510572517,0.468775
24,0.0,aligned,mi_site,62,0.006847096688553518,0.0005238720039695554,0.468775
24,0.0,aligned,mi_site,63,-0.011646050056874715,-0.0010505365651244348,0.468775
24,0.0,aligned,mi_site,64,0.011831364130472928,0.004509306581344341,0.468775
24,0.0,aligned,mi_site,65,-0.40011500651089094,0.5416886811894985,0.468775
24,0.0,closed,available,0,-0.0050221635163209145,-0.001424791454142334,0.468775
24,0.0,closed,available,1,0.01082059607724644,0.008385584234714777,0.468775
24,0.0,closed,available,2,0.013545495048625789,0.33490291431585717,0.468775
24,0.0,closed,available,3,0.008573473442075819,0.5528533610505076,0.468775
24,0.0,closed,available,4,-0.013812791735870356,-0.36061836414039095,0.468775
24,0.0,closed,available,5,0.026475054196710906,-0.003769328010638385,0.468775
24,0.0,closed,available,6,0.028024670760871496,-0.0073739202184373446,0.468775
24,0.0,closed,available,7,-0.0055057393694309805,0.001995635035718277,0.468775
24,0.0,closed,available,8,-0.020394138567084316,-0.011988662981634667,0.468775
24,0.0,closed,available,9,-0.01622407095044812,-0.008524461336924083,0.468775
24,0.0,closed,available,10,-0.012959588278863107,-0.006217018847503278,0.468775
24,0.0,closed,available,11,-0.01450670538224141,0.0037808418420022696,0.468775
24,0.0,closed,available,12,-0.004076661639088333,-0.1052006145999035,0.468775
24,0.0,closed,available,13,0.0001334665125691803,-0.28306770765977773,0.468775
24,0.0,closed,available,14,-0.007095080985331561,-0.0010844036209963705,0.468775
24,0.0,closed,available,15,0.012306702438524997,-0.15258399439434467,0.468775
24,0.0,closed,available,16,0.013880619884334783,-0.20047669562465031,0.468775
24,0.0,closed,available,17,-0.007347788171179695,-0.001244769768210623,0.468775
24,0.0,closed,available,18,-0.00815701102271709,0.0016933982812697458,0.468775
24,0.0,closed,available,19,-0.0050410588297221115,0.27238731572695857,0.468775
24,0.0,closed,available,20,0.00203885144207111,0.497562113842251,0.468775
24,0.0,closed,available,21,-0.016851255259292208,0.6440570245597669,0.468775
24,0.0,closed,available,22,0.00041836266621653184,0.27424105454469777,0.468775
24,0.0,closed,available,23,-0.016984589332079802,0.4905411220423381,0.468775
24,0.0,closed,available,24,0.01758647444209588,-0.26242372663322966,0.468775
24,0.0,closed,available,25,0.007192714580901538,-0.3412777505458406,0.468775
24,0.0,closed,available,26,-0.007847616849502526,0.6636052456046282,0.468775
24,0.0,closed,available,27,-0.000545463495396914,-0.49145794210313076,0.468775
24,0.0,closed,available,28,-0.0097860914848364,-0.0035213860231896534,0.468775
24,0.0,closed,available,29,-0.009591947270089742,-0.0039005812297935065,0.468775
24,0.0,closed,available,30,-0.011023187349324948,0.7224303748820734,0.468775
24,0.0,closed,available,31,-0.009411432908174255,0.6318272322658667,0.468775
24,0.0,closed,available,32,0.03648110723315573,-0.36578401317951525,0.468775
24,0.0,closed,available,33,0.03250069356199059,-0.3891186743148186,0.468775
24,0.0,closed,available,34,-0.017010775926940225,0.7879588787659358,0.468775
24,0.0,closed,available,35,0.0011015689369677784,-0.6235651907484062,0.468775
24,0.0,closed,available,36,0.004894404759481885,-0.22534496440834387,0.468775
24,0.0,closed,available,37,-0.0018156440392126383,-0.21552298373330928,0.468775
24,0.0,closed,available,38,-0.021402581729805498,0.0999872707704779,0.468775
24,0.0,closed,available,39,0.02223428815681911,0.013600988851553593,0.468775
24,0.0,closed,available,40,0.021316628793085338,0.014301643749558194,0.468775
24,0.0,closed,available,41,-0.017254258960728297,0.4025073569379575,0.468775
24,0.0,closed,available,42,0.01137461340191842,-0.3051654711283341,0.468775
24,0.0,closed,available,43,0.0034048749920921884,-0.5425145937510529,0.468775
24,0.0,closed,available,44,-0.004985430752899922,-0.5701269993767544,0.468775
24,0.0,closed,available,45,-0.0038009995775981076,-0.28726320028289937,0.468775
24,0.0,closed,available,46,-0.0036945767389818807,-0.37327233596627724,0.468775
24,0.0,closed,available,47,0.0030526504254251297,0.7448428668965553,0.468775
24,0.0,closed,available,48,0.006962693852101354,-0.5458961253150577,0.468775
24,0.0,closed,available,49,3.500961695068142e-05,0.00524805381620834,0.468775
24,0.0,closed,available,50,0.0066193898055418735,0.00433286464805875,0.468775
24,0.0,closed,available,51,0.0005848281310273373,0.7629600901698291,0.468775
24,0.0,closed,available,52,0.008059580746585582,-0.3912208016777697,0.468775
24,0.0,closed,available,53,0.0011419455305673454,0.5167459083194529,0.468775
24,0.0,closed,available,54,0.018152945477947657,-0.1665448157465729,0.468775
24,0.0,closed,available,55,0.002546730614548298,-0.30800019081797947,0.468775
24,0.0,closed,available,56,0.009952741293539957,-0.5092656813538579,0.468775
24,0.0,closed,available,57,0.012261298647842644,0.6812646090267269,0.468775
24,0.0,closed,available,58,0.008242014418538862,-0.21248140263615337,0.468775
24,0.0,closed,available,59,0.00023951389548348967,-0.39180579682043576,0.468775
24,0.0,closed,available,60,0.00457838659654386,-0.7405280880938585,0.468775
24,0.0,closed,available,61,0.005619747563678412,-0.0018244957510572517,0.468775
24,0.0,closed,available,62,0.0030481769588275635,0.0005238720039695554,0.468775
24,0.0,closed,available,63,0.00046094148099277423,-0.0010505365651244348,0.468775
24,0.0,closed,available,64,-0.00688847563433263,0.004509306581344341,0.468775
24,0.0,closed,available,65,0.0017123187260351669,0.5416886811894985,0.468775
24,0.0,closed,mi_obs,0,-0.00472450989720633,-0.001424791454142334,0.468775
24,0.0,closed,mi_obs,1,-0.01437691070388276,0.008385584234714777,0.468775
24,0.0,closed,mi_obs,2,0.03192048559017008,0.33490291431585717,0.468775
24,0.0,closed,mi_obs,3,0.06391846806641055,0.5528533610505076,0.468775
24,0.0,closed,mi_obs,4,-0.08791653016105938,-0.36061836414039095,0.468775
24,0.0,closed,mi_obs,5,-0.0018536183190557536,-0.003769328010638385,0.468775
24,0.0,closed,mi_obs,6,0.013140322479347634,-0.0073739202184373446,0.468775
24,0.0,closed,mi_obs,7,0.00625464892466779,0.001995635035718277,0.468775
24,0.0,closed,mi_obs,8,0.021539030574353274,-0.011988662981634667,0.468775
24,0.0,closed,mi_obs,9,0.0007256817822125922,-0.008524461336924083,0.468775
24,0.0,closed,mi_obs,10,-0.005518964003756367,-0.006217018847503278,0.468775
24,0.0,closed,mi_obs,11,-0.05023573924229696,0.0037808418420022696,0.468775
24,0.0,closed,mi_obs,12,0.011839705046491608,-0.1052006145999035,0.468775
24,0.0,closed,mi_obs,13,-0.02844251894778682,-0.28306770765977773,0.468775
24,0.0,closed,mi_obs,14,0.014370992125775365,-0.0010844036209963705,0.468775
24,0.0,closed,mi_obs,15,0.007566418021782678,-0.15258399439434467,0.468775
24,0.0,closed,mi_obs,16,-0.032021419511041344,-0.20047669562465031,0.468775
24,0.0,closed,mi_obs,17,0.037312412000501935,-0.001244769768210623,0.468775
24,0.0,closed,mi_obs,18,0.032112903282714295,0.0016933982812697458,0.468775
24,0.0,closed,mi_obs,19,0.02403147261382771,0.27238731572695857,0.468775
24,0.0,closed,mi_obs,20,0.028748484523899,0.497562113842251,0.468775
24,0.0,closed,mi_obs,21,0.025260511524074825,0.6440570245597669,0.468775
24,0.0,closed,mi_obs,22,-0.015356292771246116,0.27424105454469777,0.468775
24,0.0,closed,mi_obs,23,0.06982825383661767,0.4905411220423381,0.468775
24,0.0,closed,mi_obs,24,-0.031145686732914513,-0.26242372663322966,0.468775
24,0.0,closed,mi_obs,25,-0.012059309522439665,-0.3412777505458406,0.468775
24,0.0,closed,mi_obs,26,0.09870921869608718,0.6636052456046282,0.468775
24,0.0,closed,mi_obs,27,-0.07551030545200355,-0.49145794210313076,0.468775
24,0.0,closed,mi_obs,28,-0.022112821316812324,-0.0035213860231896534,0.468775
24,0.0,closed,mi_obs,29,0.0024228793966614686,-0.0039005812297935065,0.468775
24,0.0,closed,mi_obs,30,-0.02513982459299169,0.7224303748820734,0.468775
24,0.0,closed,mi_obs,31,-0.0578414410168997,0.6318272322658667,0.468775
24,0.0,closed,mi_obs,32,-0.08288006745028825,-0.36578401317951525,0.468775
24,0.0,closed,mi_obs,33,0.018234224919478736,-0.3891186743148186,0.468775
24,0.0,closed,mi_obs,34,-0.07463761971723426,0.7879588787659358,0.468775
24,0.0,closed,mi_obs,35,-0.03356490890063435,-0.6235651907484062,0.468775
24,0.0,closed,mi_obs,36,0.0032903272768451675,-0.22534496440834387,0.468775
24,0.0,closed,mi_obs,37,-0.0008242458351824522,-0.21552298373330928,0.468775
24,0.0,closed,mi_obs,38,-0.1341824216302005,0.0999872707704779,0.468775
24,0.0,closed,mi_obs,39,0.005914348537837389,0.013600988851553593,0.468775
24,0.0,closed,mi_obs,40,0.04683228981802653,0.014301643749558194,0.468775
24,0.0,closed,mi_obs,41,-0.10257049603765195,0.4025073569379575,0.468775
24,0.0,closed,mi_obs,42,0.04134091607057633,-0.3051654711283341,0.468775
24,0.0,closed,mi_obs,43,-0.051617196202776494,-0.5425145937510529,0.468775
24,0.0,closed,mi_obs,44,-0.019142033732841846,-0.5701269993767544,0.468775
24,0.0,closed,mi_obs,45,-0.07901673983015695,-0.28726320028289937,0.468775
24,0.0,closed,mi_obs,46,-0.01898594069209575,-0.37327233596627724,0.468775
24,0.0,closed,mi_obs,47,-0.046934689889417514,0.7448428668965553,0.468775
24,0.0,closed,mi_obs,48,-0.011305750366309097,-0.5458961253150577,0.468775
24,0.0,closed,mi_obs,49,0.04280982145221451,0.00524805381620834,0.468775
24,0.0,closed,mi_obs,50,0.044624552674203864,0.00433286464805875,0.468775
24,0.0,closed,mi_obs,51,0.004494160372242373,0.7629600901698291,0.468775
24,0.0,closed,mi_obs,52,-0.011838697524261865,-0.3912208016777697,0.468775
24,0.0,closed,mi_obs,53,0.11811741418914545,0.5167459083194529,0.468775
24,0.0,closed,mi_obs,54,0.00737722991475126,-0.1665448157465729,0.468775
24,0.0,closed,mi_obs,55,-0.006650920228270019,-0.30800019081797947,0.468775
24,0.0,closed,mi_obs,56,-0.03536655567434588,-0.5092656813538579,0.468775
24,0.0,closed,mi_obs,57,0.11018871697678445,0.6812646090267269,0.468775
24,0.0,closed,mi_obs,58,-0.017799939635887302,-0.21248140263615337,0.468775
24,0.0,closed,mi_obs,59,-0.02396396777572629,-0.39180579682043576,0.468775
24,0.0,closed,mi_obs,60,-0.027114626694698885,-0.7405280880938585,0.468775
24,0.0,closed,mi_obs,61,0.08414198010942225,-0.0018244957510572517,0.468775
24,0.0,closed,mi_obs,62,0.05920657835319825,0.0005238720039695554,0.468775
24,0.0,closed,mi_obs,63,-0.0028238505790156455,-0.0010505365651244348,0.468775
24,0.0,closed,mi_obs,64,0.004446854090210623,0.004509306581344341,0.468775
24,0.0,closed,mi_obs,65,0.04501215475208653,0.5416886811894985,0.468775
24,0.0,closed,mi_class,0,0.03501412125223573,-0.001424791454142334,0.468775
24,0.0,closed,mi_class,1,-0.013100959350921006,0.008385584234714777,0.468775
24,0.0,closed,mi_class,2,0.03033075936922952,0.33490291431585717,0.468775
24,0.0,closed,mi_class,3,-0.25164431551643357,0.5528533610505076,0.468775
24,0.0,closed,mi_class,4,0.08847905548484003,-0.36061836414039095,0.468775
24,0.0,closed,mi_class,5,0.022856670916543434,-0.003769328010638385,0.468775
24,0.0,closed,mi_class,6,0.013906506397165605,-0.0073739202184373446,0.468775
24,0.0,closed,mi_class,7,0.006185769324818933,0.001995635035718277,0.468775
24,0.0,closed,mi_class,8,0.0012536221939535123,-0.011988662981634667,0.468775
24,0.0,closed,mi_class,9,0.0004503748748777691,-0.008524461336924083,0.468775
24,0.0,closed,mi_class,10,-0.012047780630739541,-0.006217018847503278,0.468775
24,0.0,closed,mi_class,11,-0.006709298121250679,0.0037808418420022696,0.468775
24,0.0,closed,mi_class,12,-0.009526861849257134,-0.1052006145999035,0.468775
24,0.0,closed,mi_class,13,0.11911577107811566,-0.28306770765977773,0.468775
24,0.0,closed,mi_class,14,-0.004050357936245277,-0.0010844036209963705,0.468775
24,0.0,closed,mi_class,15,0.09158922579042936,-0.15258399439434467,0.468775
24,0.0,closed,mi_class,16,0.20053809726165367,-0.20047669562465031,0.468775
24,0.0,closed,mi_class,17,-0.0029336074069207588,-0.001244769768210623,0.468775
24,0.0,closed,mi_class,18,-0.0029588611744951736,0.0016933982812697458,0.468775
24,0.0,closed,mi_class,19,-0.252435682266719,0.27238731572695857,0.468775
24,0.0,closed,mi_class,20,0.06554580395388265,0.497562113842251,0.468775
24,0.0,closed,mi_class,21,-0.6267134028650083,0.6440570245597669,0.468775
24,0.0,closed,mi_class,22,-0.27064544748256825,0.27424105454469777,0.468775
24,0.0,closed,mi_class,23,-0.4815208853053692,0.4905411220423381,0.468775
24,0.0,closed,mi_class,24,0.25733076421615153,-0.26242372663322966,0.468775
24,0.0,closed,mi_class,25,-0.6579382749930782,-0.3412777505458406,0.468775
24,0.0,closed,mi_class,26,-0.6507669144802698,0.6636052456046282,0.468775
24,0.0,closed,mi_class,27,0.3783172807038473,-0.49145794210313076,0.468775
24,0.0,closed,mi_class,28,0.996557985548945,-0.0035213860231896534,0.468775
24,0.0,closed,mi_class,29,0.01121509741661712,-0.0039005812297935065,0.468775
24,0.0,closed,mi_class,30,-0.2971650500507502,0.7224303748820734,0.468775
24,0.0,closed,mi_class,31,-0.12186242821865301,0.6318272322658667,0.468775
24,0.0,closed,mi_class,32,0.06336188167691875,-0.36578401317951525,0.468775
24,0.0,closed,mi_class,33,0.37881866150148324,-0.3891186743148186,0.468775
24,0.0,closed,mi_class,34,-0.14141354067985867,0.7879588787659358,0.468775
24,0.0,closed,mi_class,35,0.02285177353926504,-0.6235651907484062,0.468775
24,0.0,closed,mi_class,36,0.1987357919823507,-0.22534496440834387,0.468775
24,0.0,closed,mi_class,37,-0.03826719760537631,-0.21552298373330928,0.468775
24,0.0,closed,mi_class,38,-0.04973988808932476,0.0999872707704779,0.468775
24,0.0,closed,mi_class,39,0.015186774011015858,0.013600988851553593,0.468775
24,0.0,closed,mi_class,40,-0.01350794591520223,0.014301643749558194,0.468775
24,0.0,closed,mi_class,41,-0.10595961745543853,0.4025073569379575,0.468775
24,0.0,closed,mi_class,42,0.23036309715442263,-0.3051654711283341,0.468775
24,0.0,closed,mi_class,43,0.5118045267652201,-0.5425145937510529,0.468775
24,0.0,closed,mi_class,44,0.24379683161659793,-0.5701269993767544,0.468775
24,0.0,closed,mi_class,45,0.0042809984646724475,-0.28726320028289937,0.468775
24,0.0,closed,mi_class,46,0.36299479591335027,-0.37327233596627724,0.468775
24,0.0,closed,mi_class,47,-0.042470102948733546,0.7448428668965553,0.468775
24,0.0,closed,mi_class,48,0.22302736558871872,-0.5458961253150577,0.468775
24,0.0,closed,mi_class,49,-0.005249330038525317,0.00524805381620834,0.468775
24,0.0,closed,mi_class,50,0.0026448962621412886,0.00433286464805875,0.468775
24,0.0,closed,mi_class,51,-0.7412108832033627,0.7629600901698291,0.468775
24,0.0,closed,mi_class,52,0.0054484656743238324,-0.3912208016777697,0.468775
24,0.0,closed,mi_class,53,-0.18235937167710753,0.5167459083194529,0.468775
24,0.0,closed,mi_class,54,0.15489002368058866,-0.1665448157465729,0.468775
24,0.0,closed,mi_class,55,0.0921819811868407,-0.30800019081797947,0.468775
24,0.0,closed,mi_class,56,0.49439090053568324,-0.5092656813538579,0.468775
24,0.0,closed,mi_class,57,-0.5683525598281006,0.6812646090267269,0.468775
24,0.0,closed,mi_class,58,-0.7810915421766882,-0.21248140263615337,0.468775
24,0.0,closed,mi_class,59,0.375499634671563,-0.39180579682043576,0.468775
24,0.0,closed,mi_class,60,0.2893522102116796,-0.7405280880938585,0.468775
24,0.0,closed,mi_class,61,0.0016904839037121457,-0.0018244957510572517,0.468775
24,0.0,closed,mi_class,62,-0.004386079947973009,0.0005238720039695554,0.468775
24,0.0,closed,mi_class,63,-0.09430957205783289,-0.0010505365651244348,0.468775
24,0.0,closed,mi_class,64,-0.012482139445092928,0.004509306581344341,0.468775
24,0.0,closed,mi_class,65,-0.4818117176721549,0.5416886811894985,0.468775
24,0.0,closed,mi_site,0,0.00535200461569848,-0.001424791454142334,0.468775
24,0.0,closed,mi_site,1,-0.004265124470744683,0.008385584234714777,0.468775
24,0.0,closed,mi_site,2,0.02798151169743457,0.33490291431585717,0.468775
24,0.0,closed,mi_site,3,0.05721551153349935,0.5528533610505076,0.468775
24,0.0,closed,mi_site,4,-0.07326971464434678,-0.36061836414039095,0.468775
24,0.0,closed,mi_site,5,-0.004564623169906119,-0.003769328010638385,0.468775
24,0.0,closed,mi_site,6,0.006398766898585214,-0.0073739202184373446,0.468775
24,0.0,closed,mi_site,7,0.017792276166401392,0.001995635035718277,0.468775
24,0.0,closed,mi_site,8,0.013728208293424205,-0.011988662981634667,0.468775
24,0.0,closed,mi_site,9,-0.0011315092626193544,-0.008524461336924083,0.468775
24,0.0,closed,mi_site,10,-0.005081476983414848,-0.006217018847503278,0.468775
24,0.0,closed,mi_site,11,-0.022208195008089748,0.0037808418420022696,0.468775
24,0.0,closed,mi_site,12,0.005061419484048757,-0.1052006145999035,0.468775
24,0.0,closed,mi_site,13,-0.01687466284858319,-0.28306770765977773,0.468775
24,0.0,closed,mi_site,14,0.010120601241039006,-0.0010844036209963705,0.468775
24,0.0,closed,mi_site,15,0.001004424371147672,-0.15258399439434467,0.468775
24,0.0,closed,mi_site,16,-0.019651527384763973,-0.20047669562465031,0.468775
24,0.0,closed,mi_site,17,0.03198306612168072,-0.001244769768210623,0.468775
24,0.0,closed,mi_site,18,0.010905771847923025,0.0016933982812697458,0.468775
24,0.0,closed,mi_site,19,0.020963123215542834,0.27238731572695857,0.468775
24,0.0,closed,mi_site,20,0.01991576440788212,0.497562113842251,0.468775
24,0.0,closed,mi_site,21,0.012279718623327107,0.6440570245597669,0.468775
24,0.0,closed,mi_site,22,-0.022309598106825368,0.27424105454469777,0.468775
24,0.0,closed,mi_site,23,0.042791955881117116,0.4905411220423381,0.468775
24,0.0,closed,mi_site,24,-0.016967075308332136,-0.26242372663322966,0.468775
24,0.0,closed,mi_site,25,-0.008970686418418528,-0.3412777505458406,0.468775
24,0.0,closed,mi_site,26,0.08290109775645482,0.6636052456046282,0.468775
24,0.0,closed,mi_site,27,-0.06611794124356163,-0.49145794210313076,0.468775
24,0.0,closed,mi_site,28,-0.002839270083861012,-0.0035213860231896534,0.468775
24,0.0,closed,mi_site,29,0.00835530724935728,-0.0039005812297935065,0.468775
24,0.0,closed,mi_site,30,-0.025607000987665773,0.7224303748820734,0.468775
24,0.0,closed,mi_site,31,-0.0569564909201995,0.6318272322658667,0.468775
24,0.0,closed,mi_site,32,-0.05591324759145455,-0.36578401317951525,0.468775
24,0.0,closed,mi_site,33,0.024512329731778026,-0.3891186743148186,0.468775
24,0.0,closed,mi_site,34,-0.06316670906250221,0.7879588787659358,0.468775
24,0.0,closed,mi_site,35,-0.01314605782183087,-0.6235651907484062,0.468775
24,0.0,closed,mi_site,36,-0.0013524268010499108,-0.22534496440834387,0.468775
24,0.0,closed,mi_site,37,-0.0008787050513031913,-0.21552298373330928,0.468775
24,0.0,closed,mi_site,38,-0.11823743102407,0.0999872707704779,0.468775
24,0.0,closed,mi_site,39,0.005638889134483748,0.013600988851553593,0.468775
24,0.0,closed,mi_site,40,0.043670973551870024,0.014301643749558194,0.468775
24,0.0,closed,mi_site,41,-0.08756134597798926,0.4025073569379575,0.468775
24,0.0,closed,mi_site,42,0.03736925488539866,-0.3051654711283341,0.468775
24,0.0,closed,mi_site,43,-0.04774211363184333,-0.5425145937510529,0.468775
24,0.0,closed,mi_site,44,-0.020703137308784036,-0.5701269993767544,0.468775
24,0.0,closed,mi_site,45,-0.059306583916903854,-0.28726320028289937,0.468775
24,0.0,closed,mi_site,46,-0.012042296696407495,-0.37327233596627724,0.468775
24,0.0,closed,mi_site,47,-0.045842926675131346,0.7448428668965553,0.468775
24,0.0,closed,mi_site,48,0.0014641796333592083,-0.5458961253150577,0.468775
24,0.0,closed,mi_site,49,0.03153581391871909,0.00524805381620834,0.468775
24,0.0,closed,mi_site,50,0.036293287930489,0.00433286464805875,0.468775
24,0.0,closed,mi_site,51,0.0019958878003997205,0.7629600901698291,0.468775
24,0.0,closed,mi_site,52,-0.013843989609693741,-0.3912208016777697,0.468775
24,0.0,closed,mi_site,53,0.08160981919435484,0.5167459083194529,0.468775
24,0.0,closed,mi_site,54,0.006858395777557008,-0.1665448157465729,0.468775
24,0.0,closed,mi_site,55,-0.003378713855404447,-0.30800019081797947,0.468775
24,0.0,closed,mi_site,56,-0.025982575511167783,-0.5092656813538579,0.468775
24,0.0,closed,mi_site,57,0.08943709487403484,0.6812646090267269,0.468775
24,0.0,closed,mi_site,58,-0.014684091593345466,-0.21248140263615337,0.468775
24,0.0,closed,mi_site,59,-0.0214424163042663,-0.39180579682043576,0.468775
24,0.0,closed,mi_site,60,-0.021041567483799928,-0.7405280880938585,0.468775
24,0.0,closed,mi_site,61,0.06861043083069354,-0.0018244957510572517,0.468775
24,0.0,closed,mi_site,62,0.04820444550128131,0.0005238720039695554,0.468775
24,0.0,closed,mi_site,63,-0.008854545154104219,-0.0010505365651244348,0.468775
24,0.0,closed,mi_site,64,-0.004794835510897069,0.004509306581344341,0.468775
24,0.0,closed,mi_site,65,0.04074947592979705,0.5416886811894985,0.468775
24,1.0,aligned,available,0,-0.002152384072018308,0.00033004799913412757,0.468775
24,1.0,aligned,available,1,0.000891911609981956,0.008700551140945659,0.468775
24,1.0,aligned,available,2,-0.004855428347092183,0.33619069813867286,0.468775
24,1.0,aligned,available,3,0.004766342884455987,0.55488045737718,0.468775
24,1.0,aligned,available,4,-0.008362141356936581,-0.3649885686681358,0.468775
24,1.0,aligned,available,5,0.013948892314849103,-0.003909483671250203,0.468775
24,1.0,aligned,available,6,0.006948219313804334,-0.00882254910971161,0.468775
24,1.0,aligned,available,7,-0.00929671673443379,0.0007662911178714804,0.468775
24,1.0,aligned,available,8,0.01370526528370435,-0.011496276843073923,0.468775
24,1.0,aligned,available,9,0.007818705418549423,-0.007483200661530452,0.468775
24,1.0,aligned,available,10,0.00010465049056253761,-0.0027139810069705442,0.468775
24,1.0,aligned,available,11,0.00650275558470139,0.0011731942713152411,0.468775
24,1.0,aligned,available,12,-0.004925318086803895,-0.10516912670530947,0.468775
24,1.0,aligned,available,13,-0.002073142717951948,-0.2821932927299256,0.468775
24,1.0,aligned,available,14,0.005369223667927278,-0.002442110431475432,0.468775
24,1.0,aligned,available,15,-0.005407582729373167,-0.15340320892625212,0.468775
24,1.0,aligned,available,16,-0.00039819391749712496,-0.19978790692816378,0.468775
24,1.0,aligned,available,17,0.0007839467466080054,-0.00164999571873184,0.468775
24,1.0,aligned,available,18,-0.0008266365053756193,0.0028625061663540238,0.468775
24,1.0,aligned,available,19,-0.0004785816794349862,0.2730217562113658,0.468775
24,1.0,aligned,available,20,-0.004753532634744206,0.4961885571727477,0.468775
24,1.0,aligned,available,21,0.007332334301244692,0.6471454885108412,0.468775
24,1.0,aligned,available,22,0.01834452041081608,0.27627934079733363,0.468775
24,1.0,aligned,available,23,0.004409671593556819,0.49452895981005496,0.468775
24,1.0,aligned,available,24,-0.014105098662439253,-0.2691501824795885,0.468775
24,1.0,aligned,available,25,-0.021030051171891162,-0.3489356900667374,0.468775
24,1.0,aligned,available,26,0.003704343400402932,0.6677214964976835,0.468775
24,1.0,aligned,available,27,-0.003260463974709915,-0.49895531672932913,0.468775
24,1.0,aligned,available,28,-0.008488060841797332,-0.0047526048127454435,0.468775
24,1.0,aligned,available,29,-0.01158368637036968,-0.0036326546322225117,0.468775
24,1.0,aligned,available,30,0.002934453895985345,0.7232324083071623,0.468775
24,1.0,aligned,available,31,-0.0005150862264875489,0.6293930768779602,0.468775
24,1.0,aligned,available,32,-0.02032943331041731,-0.370658042941941,0.468775
24,1.0,aligned,available,33,-0.04405080929327293,-0.3957763028055654,0.468775
24,1.0,aligned,available,34,0.009868003736164588,0.789208080704584,0.468775
24,1.0,aligned,available,35,-0.016486491238414502,-0.6292966176902053,0.468775
24,1.0,aligned,available,36,0.012361083245872012,-0.22631519751573112,0.468775
24,1.0,aligned,available,37,0.005698049196352639,-0.21395834759780552,0.468775
24,1.0,aligned,available,38,-0.004934317084057477,0.09689829744056283,0.468775
24,1.0,aligned,available,39,-0.00862502605762646,0.012001396473142183,0.468775
24,1.0,aligned,available,40,-0.015405164719152886,0.011728272470417602,0.468775
24,1.0,aligned,available,41,0.010033322636891162,0.401001130851628,0.468775
24,1.0,aligned,available,42,-0.003380906302217379,-0.30699006204850293,0.468775
24,1.0,aligned,available,43,0.004594889217185982,-0.5435919344389522,0.468775
24,1.0,aligned,available,44,0.005738552985244061,-0.5696896557073293,0.468775
24,1.0,aligned,available,45,0.004726495869197045,-0.29400480724213024,0.468775
24,1.0,aligned,available,46,-0.0024670113409502314,-0.3803944476430519,0.468775
24,1.0,aligned,available,47,-0.0011826737244388097,0.7468427617483261,0.468775
24,1.0,aligned,available,48,0.003377566367687934,-0.5521416730591194,0.468775
24,1.0,aligned,available,49,0.008347257955707958,0.004231647900426562,0.468775
24,1.0,aligned,available,50,-0.0004162239763280942,0.004672786833576867,0.468775
24,1.0,aligned,available,51,0.0014710485720634825,0.7661464139672898,0.468775
24,1.0,aligned,available,52,0.002015318128707533,-0.3995465059185315,0.468775
24,1.0,aligned,available,53,0.022957223202976773,0.5231104452987784,0.468775
24,1.0,aligned,available,54,0.00771891012166423,-0.1682587454800342,0.468775
24,1.0,aligned,available,55,0.003064921460616765,-0.31032752171340994,0.468775
24,1.0,aligned,available,56,-0.0062616413159279904,-0.5184891646297878,0.468775
24,1.0,aligned,available,57,0.021482554602386572,0.6871987161740097,0.468775
24,1.0,aligned,available,58,0.003986022528997435,-0.214301471595336,0.468775
24,1.0,aligned,available,59,0.010597165785951934,-0.3942098831932255,0.468775
24,1.0,aligned,available,60,-0.004188781272700615,-0.747178704052833,0.468775
24,1.0,aligned,available,61,-0.0041637140673405435,-0.002561269023946708,0.468775
24,1.0,aligned,available,62,-0.00817154695728251,0.0028566633217625564,0.468775
24,1.0,aligned,available,63,7.965784818039605e-05,0.00067646276475373,0.468775
24,1.0,aligned,available,64,-0.0013387014471108291,0.002465506644593658,0.468775
24,1.0,aligned,available,65,0.0006673921466310295,0.5477463129899919,0.468775
24,1.0,aligned,mi_obs,0,0.004660147733409795,0.00033004799913412757,0.468775
24,1.0,aligned,mi_obs,1,-0.006685676390264536,0.008700551140945659,0.468775
24,1.0,aligned,mi_obs,2,0.014216182986154569,0.33619069813867286,0.468775
24,1.0,aligned,mi_obs,3,0.048150162429272836,0.55488045737718,0.468775
24,1.0,aligned,mi_obs,4,-0.09246998861044498,-0.3649885686681358,0.468775
24,1.0,aligned,mi_obs,5,-0.0285533086827895,-0.003909483671250203,0.468775
24,1.0,aligned,mi_obs,6,-0.009885611036327919,-0.00882254910971161,0.468775
24,1.0,aligned,mi_obs,7,-0.004349243046350533,0.0007662911178714804,0.468775
24,1.0,aligned,mi_obs,8,0.013100008535612445,-0.011496276843073923,0.468775
24,1.0,aligned,mi_obs,9,0.02621528244320939,-0.007483200661530452,0.468775
24,1.0,aligned,mi_obs,10,0.011205877015253734,-0.0027139810069705442,0.468775
24,1.0,aligned,mi_obs,11,0.041738101567252994,0.0011731942713152411,0.468775
24,1.0,aligned,mi_obs,12,-0.03138944878591417,-0.10516912670530947,0.468775
24,1.0,aligned,mi_obs,13,-0.011677119484906628,-0.2821932927299256,0.468775
24,1.0,aligned,mi_obs,14,0.018725122916597052,-0.002442110431475432,0.468775
24,1.0,aligned,mi_obs,15,-0.021453744924960966,-0.15340320892625212,0.468775
24,1.0,aligned,mi_obs,16,-0.0019105970584711307,-0.19978790692816378,0.468775
24,1.0,aligned,mi_obs,17,0.006634234284474245,-0.00164999571873184,0.468775
24,1.0,aligned,mi_obs,18,-0.013612444604027009,0.0028625061663540238,0.468775
24,1.0,aligned,mi_obs,19,0.029678631189406335,0.2730217562113658,0.468775
24,1.0,aligned,mi_obs,20,0.02883845022023168,0.4961885571727477,0.468775
24,1.0,aligned,mi_obs,21,0.0268683360479538,0.6471454885108412,0.468775
24,1.0,aligned,mi_obs,22,-0.007316283189370831,0.27627934079733363,0.468775
24,1.0,aligned,mi_obs,23,0.07166197763904802,0.49452895981005496,0.468775
24,1.0,aligned,mi_obs,24,-0.05348703740948535,-0.2691501824795885,0.468775
24,1.0,aligned,mi_obs,25,-0.009301407850388854,-0.3489356900667374,0.468775
24,1.0,aligned,mi_obs,26,0.09995429887154428,0.6677214964976835,0.468775
24,1.0,aligned,mi_obs,27,-0.07439259426391498,-0.49895531672932913,0.468775
24,1.0,aligned,mi_obs,28,0.019695569941761113,-0.0047526048127454435,0.468775
24,1.0,aligned,mi_obs,29,0.003332169411052353,-0.0036326546322225117,0.468775
24,1.0,aligned,mi_obs,30,-0.006731230379748432,0.7232324083071623,0.468775
24,1.0,aligned,mi_obs,31,-0.06226555075367979,0.6293930768779602,0.468775
24,1.0,aligned,mi_obs,32,-0.09459095828737657,-0.370658042941941,0.468775
24,1.0,aligned,mi_obs,33,0.0036663299811469097,-0.3957763028055654,0.468775
24,1.0,aligned,mi_obs,34,-0.07131365165081949,0.789208080704584,0.468775
24,1.0,aligned,mi_obs,35,-0.03681190890423658,-0.6292966176902053,0.468775
24,1.0,aligned,mi_obs,36,-0.02981380792179697,-0.22631519751573112,0.468775
24,1.0,aligned,mi_obs,37,0.0005113241145154601,-0.21395834759780552,0.468775
24,1.0,aligned,mi_obs,38,-0.12343432557142589,0.09689829744056283,0.468775
24,1.0,aligned,mi_obs,39,-0.01477853720325228,0.012001396473142183,0.468775
24,1.0,aligned,mi_obs,40,0.02027243690541908,0.011728272470417602,0.468775
24,1.0,aligned,mi_obs,41,-0.08069890008153568,0.401001130851628,0.468775
24,1.0,aligned,mi_obs,42,0.02769017803401358,-0.30699006204850293,0.468775
24,1.0,aligned,mi_obs,43,-0.040377421420939696,-0.5435919344389522,0.468775
24,1.0,aligned,mi_obs,44,-0.008903058898803273,-0.5696896557073293,0.468775
24,1.0,aligned,mi_obs,45,-0.06901652699412464,-0.29400480724213024,0.468775
24,1.0,aligned,mi_obs,46,-0.012008266492178343,-0.3803944476430519,0.468775
24,1.0,aligned,mi_obs,47,-0.04029210227852875,0.7468427617483261,0.468775
24,1.0,aligned,mi_obs,48,-0.005107250459269741,-0.5521416730591194,0.468775
24,1.0,aligned,mi_obs,49,0.06332044546183221,0.004231647900426562,0.468775
24,1.0,aligned,mi_obs,50,0.04125828996354336,0.004672786833576867,0.468775
24,1.0,aligned,mi_obs,51,0.010402776006546821,0.7661464139672898,0.468775
24,1.0,aligned,mi_obs,52,-0.026918606554862223,-0.3995465059185315,0.468775
24,1.0,aligned,mi_obs,53,0.12162291481206389,0.5231104452987784,0.468775
24,1.0,aligned,mi_obs,54,-0.013497376041818415,-0.1682587454800342,0.468775
24,1.0,aligned,mi_obs,55,-0.011358643988504391,-0.31032752171340994,0.468775
24,1.0,aligned,mi_obs,56,-0.04287894799146208,-0.5184891646297878,0.468775
24,1.0,aligned,mi_obs,57,0.10327591984308848,0.6871987161740097,0.468775
24,1.0,aligned,mi_obs,58,-0.015198204077938315,-0.214301471595336,0.468775
24,1.0,aligned,mi_obs,59,-0.015983488706550253,-0.3942098831932255,0.468775
24,1.0,aligned,mi_obs,60,-0.030996809434445827,-0.747178704052833,0.468775
24,1.0,aligned,mi_obs,61,0.07148418218459711,-0.002561269023946708,0.468775
24,1.0,aligned,mi_obs,62,0.047607980645042534,0.0028566633217625564,0.468775
24,1.0,aligned,mi_obs,63,-0.020188948209855236,0.00067646276475373,0.468775
24,1.0,aligned,mi_obs,64,0.01954023207557212,0.002465506644593658,0.468775
24,1.0,aligned,mi_obs,65,0.05038769153839229,0.5477463129899919,0.468775
24,1.0,aligned,mi_class,0,-0.0030928245283859536,0.00033004799913412757,0.468775
24,1.0,aligned,mi_class,1,0.6789122157029812,0.008700551140945659,0.468775
24,1.0,aligned,mi_class,2,0.6614171465679212,0.33619069813867286,0.468775
24,1.0,aligned,mi_class,3,-0.5527702505886966,0.55488045737718,0.468775
24,1.0,aligned,mi_class,4,0.363479090063929,-0.3649885686681358,0.468775
24,1.0,aligned,mi_class,5,0.0038988944314252635,-0.003909483671250203,0.468775
24,1.0,aligned,mi_class,6,0.3784750585803824,-0.00882254910971161,0.468775
24,1.0,aligned,mi_class,7,-0.0006865947160687635,0.0007662911178714804,0.468775
24,1.0,aligned,mi_class,8,0.1141461226309988,-0.011496276843073923,0.468775
24,1.0,aligned,mi_class,9,-0.33064635155598254,-0.007483200661530452,0.468775
24,1.0,aligned,mi_class,10,-0.003425758794009142,-0.0027139810069705442,0.468775
24,1.0,aligned,mi_class,11,-0.02895569168888437,0.0011731942713152411,0.468775
24,1.0,aligned,mi_class,12,0.09811695676054788,-0.10516912670530947,0.468775
24,1.0,aligned,mi_class,13,0.27018924558801866,-0.2821932927299256,0.468775
24,1.0,aligned,mi_class,14,0.0033991412176098096,-0.002442110431475432,0.468775
24,1.0,aligned,mi_class,15,0.08486645027238882,-0.15340320892625212,0.468775
24,1.0,aligned,mi_class,16,0.11894586158259449,-0.19978790692816378,0.468775
24,1.0,aligned,mi_class,17,-0.011977799079982499,-0.00164999571873184,0.468775
24,1.0,aligned,mi_class,18,-0.013269603997509311,0.0028625061663540238,0.468775
24,1.0,aligned,mi_class,19,-0.11916534548268248,0.2730217562113658,0.468775
24,1.0,aligned,mi_class,20,-0.25541007832224055,0.4961885571727477,0.468775
24,1.0,aligned,mi_class,21,0.06822213475473748,0.6471454885108412,0.468775
24,1.0,aligned,mi_class,22,-0.15989388105043478,0.27627934079733363,0.468775
24,1.0,aligned,mi_class,23,-0.2452431265874842,0.49452895981005496,0.468775
24,1.0,aligned,mi_class,24,0.1402470522183563,-0.2691501824795885,0.468775
24,1.0,aligned,mi_class,25,0.4163655466859233,-0.3489356900667374,0.468775
24,1.0,aligned,mi_class,26,-0.38631283582613113,0.6677214964976835,0.468775
24,1.0,aligned,mi_class,27,0.15588555437773105,-0.49895531672932913,0.468775
24,1.0,aligned,mi_class,28,-0.25795694662224705,-0.0047526048127454435,0.468775
24,1.0,aligned,mi_class,29,-0.016147362599919703,-0.0036326546322225117,0.468775
24,1.0,aligned,mi_class,30,-0.6881774677235112,0.7232324083071623,0.468775
24,1.0,aligned,mi_class,31,-0.5936211495694587,0.6293930768779602,0.468775
24,1.0,aligned,mi_class,32,0.3490618436596895,-0.370658042941941,0.468775
24,1.0,aligned,mi_class,33,0.7447238734293237,-0.3957763028055654,0.468775
24,1.0,aligned,mi_class,34,-0.7480704273494878,0.789208080704584,0.468775
24,1.0,aligned,mi_class,35,0.6907872023372371,-0.6292966176902053,0.468775
24,1.0,aligned,mi_class,36,-0.13033562932190515,-0.22631519751573112,0.468775
24,1.0,aligned,mi_class,37,0.19021890693789778,-0.21395834759780552,0.468775
24,1.0,aligned,mi_class,38,0.0030808646205400803,0.09689829744056283,0.468775
24,1.0,aligned,mi_class,39,-0.005113822715079498,0.012001396473142183,0.468775
24,1.0,aligned,mi_class,40,0.04397063879564682,0.011728272470417602,0.468775
24,1.0,aligned,mi_class,41,-0.04672277851261908,0.401001130851628,0.468775
24,1.0,aligned,mi_class,42,0.10926034032530052,-0.30699006204850293,0.468775
24,1.0,aligned,mi_class,43,0.19870809100888753,-0.5435919344389522,0.468775
24,1.0,aligned,mi_class,44,0.19657581123944307,-0.5696896557073293,0.468775
24,1.0,aligned,mi_class,45,-0.010892910662816224,-0.29400480724213024,0.468775
24,1.0,aligned,mi_class,46,0.058604347776987586,-0.3803944476430519,0.468775
24,1.0,aligned,mi_class,47,-0.08118286692158627,0.7468427617483261,0.468775
24,1.0,aligned,mi_class,48,0.18083437004695835,-0.5521416730591194,0.468775
24,1.0,aligned,mi_class,49,0.011748011171521328,0.004231647900426562,0.468775
24,1.0,aligned,mi_class,50,-0.012862651658476094,0.004672786833576867,0.468775
24,1.0,aligned,mi_class,51,-0.13659196316912403,0.7661464139672898,0.468775
24,1.0,aligned,mi_class,52,0.04370425165737302,-0.3995465059185315,0.468775
24,1.0,aligned,mi_class,53,-0.17051659937659253,0.5231104452987784,0.468775
24,1.0,aligned,mi_class,54,0.04583501648258689,-0.1682587454800342,0.468775
24,1.0,aligned,mi_class,55,0.0947947108857081,-0.31032752171340994,0.468775
24,1.0,aligned,mi_class,56,0.14689330300143516,-0.5184891646297878,0.468775
24,1.0,aligned,mi_class,57,-0.13500596566753453,0.6871987161740097,0.468775
24,1.0,aligned,mi_class,58,-0.11869988757278285,-0.214301471595336,0.468775
24,1.0,aligned,mi_class,59,0.08826342759115796,-0.3942098831932255,0.468775
24,1.0,aligned,mi_class,60,0.31727365584037787,-0.747178704052833,0.468775
24,1.0,aligned,mi_class,61,7.959849677115736e-05,-0.002561269023946708,0.468775
24,1.0,aligned,mi_class,62,-0.03648899992355579,0.0028566633217625564,0.468775
24,1.0,aligned,mi_class,63,-0.05433959231427514,0.00067646276475373,0.468775
24,1.0,aligned,mi_class,64,-0.011713179349541362,0.002465506644593658,0.468775
24,1.0,aligned,mi_class,65,-0.010252743287297417,0.5477463129899919,0.468775
24,1.0,aligned,mi_site,0,0.0021147922225022626,0.00033004799913412757,0.468775
24,1.0,aligned,mi_site,1,-0.014216014898563547,0.008700551140945659,0.468775
24,1.0,aligned,mi_site,2,-0.0684790441963718,0.33619069813867286,0.468775
24,1.0,aligned,mi_site,3,-0.026916681106077922,0.55488045737718,0.468775
24,1.0,aligned,mi_site,4,-0.03808216529501379,-0.3649885686681358,0.468775
24,1.0,aligned,mi_site,5,-0.013229904194474635,-0.003909483671250203,0.468775
24,1.0,aligned,mi_site,6,-0.012062540742257478,-0.00882254910971161,0.468775
24,1.0,aligned,mi_site,7,-0.0031764523799814133,0.0007662911178714804,0.468775
24,1.0,aligned,mi_site,8,0.01491954820150793,-0.011496276843073923,0.468775
24,1.0,aligned,mi_site,9,0.005521503310978802,-0.007483200661530452,0.468775
24,1.0,aligned,mi_site,10,0.005351617687845874,-0.0027139810069705442,0.468775
24,1.0,aligned,mi_site,11,0.01862476836497734,0.0011731942713152411,0.468775
24,1.0,aligned,mi_site,12,0.001185076226146664,-0.10516912670530947,0.468775
24,1.0,aligned,mi_site,13,0.012378548244069199,-0.2821932927299256,0.468775
24,1.0,aligned,mi_site,14,0.016264078026401646,-0.002442110431475432,0.468775
24,1.0,aligned,mi_site,15,-0.006279283809730474,-0.15340320892625212,0.468775
24,1.0,aligned,mi_site,16,0.004146791330950056,-0.19978790692816378,0.468775
24,1.0,aligned,mi_site,17,-0.0015626280327965157,-0.00164999571873184,0.468775
24,1.0,aligned,mi_site,18,-0.004052721982769619,0.0028625061663540238,0.468775
24,1.0,aligned,mi_site,19,-0.20086608354841828,0.2730217562113658,0.468775
24,1.0,aligned,mi_site,20,-0.01129225177076243,0.4961885571727477,0.468775
24,1.0,aligned,mi_site,21,-0.02980896309618597,0.6471454885108412,0.468775
24,1.0,aligned,mi_site,22,-0.006344698240927482,0.27627934079733363,0.468775
24,1.0,aligned,mi_site,23,0.054677731357199444,0.49452895981005496,0.468775
24,1.0,aligned,mi_site,24,-0.03260759919547018,-0.2691501824795885,0.468775
24,1.0,aligned,mi_site,25,-0.015645179787942165,-0.3489356900667374,0.468775
24,1.0,aligned,mi_site,26,0.06875404490979908,0.6677214964976835,0.468775
24,1.0,aligned,mi_site,27,-0.04777223977656997,-0.49895531672932913,0.468775
24,1.0,aligned,mi_site,28,0.018003278046163657,-0.0047526048127454435,0.468775
24,1.0,aligned,mi_site,29,-0.0031855504414602122,-0.0036326546322225117,0.468775
24,1.0,aligned,mi_site,30,-0.08706150010580427,0.7232324083071623,0.468775
24,1.0,aligned,mi_site,31,-0.1327727800818131,0.6293930768779602,0.468775
24,1.0,aligned,mi_site,32,-0.020072064892291352,-0.370658042941941,0.468775
24,1.0,aligned,mi_site,33,0.03827003440864474,-0.3957763028055654,0.468775
24,1.0,aligned,mi_site,34,-0.12307040573796457,0.789208080704584,0.468775
24,1.0,aligned,mi_site,35,0.02950350092925602,-0.6292966176902053,0.468775
24,1.0,aligned,mi_site,36,0.17276858687500582,-0.22631519751573112,0.468775
24,1.0,aligned,mi_site,37,0.02576962989780915,-0.21395834759780552,0.468775
24,1.0,aligned,mi_site,38,-0.062023714140775656,0.09689829744056283,0.468775
24,1.0,aligned,mi_site,39,-0.01928853438883931,0.012001396473142183,0.468775
24,1.0,aligned,mi_site,40,-0.0038644072875099467,0.011728272470417602,0.468775
24,1.0,aligned,mi_site,41,-0.03169158493058383,0.401001130851628,0.468775
24,1.0,aligned,mi_site,42,-0.0016862439320560751,-0.30699006204850293,0.468775
24,1.0,aligned,mi_site,43,0.40609191939833555,-0.5435919344389522,0.468775
24,1.0,aligned,mi_site,44,0.002852588788781696,-0.5696896557073293,0.468775
24,1.0,aligned,mi_site,45,-0.04966885864416465,-0.29400480724213024,0.468775
24,1.0,aligned,mi_site,46,-0.016017567496902363,-0.3803944476430519,0.468775
24,1.0,aligned,mi_site,47,-0.02250244990530259,0.7468427617483261,0.468775
24,1.0,aligned,mi_site,48,-0.015648826667033044,-0.5521416730591194,0.468775
24,1.0,aligned,mi_site,49,0.032958061105928096,0.004231647900426562,0.468775
24,1.0,aligned,mi_site,50,0.012217139752473365,0.004672786833576867,0.468775
24,1.0,aligned,mi_site,51,0.01924712975442311,0.7661464139672898,0.468775
24,1.0,aligned,mi_site,52,-0.044422430044258276,-0.3995465059185315,0.468775
24,1.0,aligned,mi_site,53,0.1030673664652898,0.5231104452987784,0.468775
24,1.0,aligned,mi_site,54,0.0989539168821306,-0.1682587454800342,0.468775
24,1.0,aligned,mi_site,55,-0.0003711972882011194,-0.31032752171340994,0.468775
24,1.0,aligned,mi_site,56,-0.05163625575061015,-0.5184891646297878,0.468775
24,1.0,aligned,mi_site,57,0.0941702339109346,0.6871987161740097,0.468775
24,1.0,aligned,mi_site,58,0.14201462881436716,-0.214301471595336,0.468775
24,1.0,aligned,mi_site,59,0.00305857416030203,-0.3942098831932255,0.468775
24,1.0,aligned,mi_site,60,-0.04150435775479788,-0.747178704052833,0.468775
24,1.0,aligned,mi_site,61,0.02143308896603673,-0.002561269023946708,0.468775
24,1.0,aligned,mi_site,62,0.005225211540478773,0.0028566633217625564,0.468775
24,1.0,aligned,mi_site,63,-0.012851241625277525,0.00067646276475373,0.468775
24,1.0,aligned,mi_site,64,0.010657321008780911,0.002465506644593658,0.468775
24,1.0,aligned,mi_site,65,-0.40389321022969027,0.5477463129899919,0.468775
24,1.0,closed,available,0,0.00030118092208816983,0.00033004799913412757,0.468775
24,1.0,closed,available,1,-0.004283441785422294,0.008700551140945659,0.468775
24,1.0,closed,available,2,-0.0018593801889475459,0.33619069813867286,0.468775
24,1.0,closed,available,3,-0.006323776892590116,0.55488045737718,0.468775
24,1.0,closed,available,4,-0.011283578323425414,-0.3649885686681358,0.468775
24,1.0,closed,available,5,0.002729282706797634,-0.003909483671250203,0.468775
24,1.0,closed,available,6,0.00862558227790863,-0.00882254910971161,0.468775
24,1.0,closed,available,7,-0.007431943564070838,0.0007662911178714804,0.468775
24,1.0,closed,available,8,0.01237787929886918,-0.011496276843073923,0.468775
24,1.0,closed,available,9,0.006423585716583814,-0.007483200661530452,0.468775
24,1.0,closed,available,10,0.0011173075289596125,-0.0027139810069705442,0.468775
24,1.0,closed,available,11,-0.007921881629692878,0.0011731942713152411,0.468775
24,1.0,closed,available,12,0.004468250006092786,-0.10516912670530947,0.468775
24,1.0,closed,available,13,0.005467694629262776,-0.2821932927299256,0.468775
24,1.0,closed,available,14,-0.010646806452574136,-0.002442110431475432,0.468775
24,1.0,closed,available,15,-0.003565577112348478,-0.15340320892625212,0.468775
24,1.0,closed,available,16,0.0025074742504553327,-0.19978790692816378,0.468775
24,1.0,closed,available,17,-0.005681255691393279,-0.00164999571873184,0.468775
24,1.0,closed,available,18,0.016333205677891618,0.0028625061663540238,0.468775
24,1.0,closed,available,19,-0.010045366330885874,0.2730217562113658,0.468775
24,1.0,closed,available,20,-0.002396250127356947,0.4961885571727477,0.468775
24,1.0,closed,available,21,-0.00910462599583417,0.6471454885108412,0.468775
24,1.0,closed,available,22,-0.017933107437656248,0.27627934079733363,0.468775
24,1.0,closed,available,23,-0.01881488095689482,0.49452895981005496,0.468775
24,1.0,closed,available,24,0.005034090196130936,-0.2691501824795885,0.468775
24,1.0,closed,available,25,0.015634658433069604,-0.3489356900667374,0.468775
24,1.0,closed,available,26,-0.005858163736167321,0.6677214964976835,0.468775
24,1.0,closed,available,27,-0.006039658055695174,-0.49895531672932913,0.468775
24,1.0,closed,available,28,0.0006900803028634956,-0.0047526048127454435,0.468775
24,1.0,closed,available,29,0.007940622507491923,-0.0036326546322225117,0.468775
24,1.0,closed,available,30,-0.003226658944210703,0.7232324083071623,0.468775
24,1.0,closed,available,31,0.0018455480412340464,0.6293930768779602,0.468775
24,1.0,closed,available,32,0.020029723488289464,-0.370658042941941,0.468775
24,1.0,closed,available,33,0.012604590746206568,-0.3957763028055654,0.468775
24,1.0,closed,available,34,-0.0011093377931008508,0.789208080704584,0.468775
24,1.0,closed,available,35,0.001356851664225056,-0.6292966176902053,0.468775
24,1.0,closed,available,36,-0.0034112016587010408,-0.22631519751573112,0.468775
24,1.0,closed,available,37,-0.009681984510275382,-0.21395834759780552,0.468775
24,1.0,closed,available,38,-0.009349324779237542,0.09689829744056283,0.468775
24,1.0,closed,available,39,-0.0036056003773276054,0.012001396473142183,0.468775
24,1.0,closed,available,40,-0.003978680517067357,0.011728272470417602,0.468775
24,1.0,closed,available,41,-0.002345911106033327,0.401001130851628,0.468775
24,1.0,closed,available,42,-0.008438488840520508,-0.30699006204850293,0.468775
24,1.0,closed,available,43,0.011764790485453092,-0.5435919344389522,0.468775
24,1.0,closed,available,44,0.008496069601744205,-0.5696896557073293,0.468775
24,1.0,closed,available,45,0.002306917045789225,-0.29400480724213024,0.468775
24,1.0,closed,available,46,0.004960226765075182,-0.3803944476430519,0.468775
24,1.0,closed,available,47,-0.005396194729947235,0.7468427617483261,0.468775
24,1.0,closed,available,48,0.001653372197405023,-0.5521416730591194,0.468775
24,1.0,closed,available,49,-0.005218239664639534,0.004231647900426562,0.468775
24,1.0,closed,available,50,-0.0005955407959235886,0.004672786833576867,0.468775
24,1.0,closed,available,51,-0.006215562058337953,0.7661464139672898,0.468775
24,1.0,closed,available,52,0.0033891679530756447,-0.3995465059185315,0.468775
24,1.0,closed,available,53,-0.007749717127371714,0.5231104452987784,0.468775
24,1.0,closed,available,54,0.004357790033589853,-0.1682587454800342,0.468775
24,1.0,closed,available,55,0.0013770107162278111,-0.31032752171340994,0.468775
24,1.0,closed,available,56,0.004190873576706888,-0.5184891646297878,0.468775
24,1.0,closed,available,57,-0.0019749972141681615,0.6871987161740097,0.468775
24,1.0,closed,available,58,0.01139360250875368,-0.214301471595336,0.468775
24,1.0,closed,available,59,-0.002875146688927077,-0.3942098831932255,0.468775
24,1.0,closed,available,60,0.0035567366887855334,-0.747178704052833,0.468775
24,1.0,closed,available,61,0.003434411667723119,-0.002561269023946708,0.468775
24,1.0,closed,available,62,0.0032942216244957884,0.0028566633217625564,0.468775
24,1.0,closed,available,63,0.0009259795954024608,0.00067646276475373,0.468775
24,1.0,closed,available,64,0.003485044055659017,0.002465506644593658,0.468775
24,1.0,closed,available,65,-0.0005041010590883799,0.5477463129899919,0.468775
24,1.0,closed,mi_obs,0,0.010219251588383507,0.00033004799913412757,0.468775
24,1.0,closed,mi_obs,1,-0.009636306152762179,0.008700551140945659,0.468775
24,1.0,closed,mi_obs,2,0.013144238160278765,0.33619069813867286,0.468775
24,1.0,closed,mi_obs,3,0.0374788766281714,0.55488045737718,0.468775
24,1.0,closed,mi_obs,4,-0.08808877284863886,-0.3649885686681358,0.468775
24,1.0,closed,mi_obs,5,-0.03592987699288111,-0.003909483671250203,0.468775
24,1.0,closed,mi_obs,6,-0.00174708271986475,-0.00882254910971161,0.468775
24,1.0,closed,mi_obs,7,-0.020107767509417077,0.0007662911178714804,0.468775
24,1.0,closed,mi_obs,8,0.013769151049753556,-0.011496276843073923,0.468775
24,1.0,closed,mi_obs,9,0.021427972870698222,-0.007483200661530452,0.468775
24,1.0,closed,mi_obs,10,0.015279154543717971,-0.0027139810069705442,0.468775
24,1.0,closed,mi_obs,11,0.031733369806862706,0.0011731942713152411,0.468775
24,1.0,closed,mi_obs,12,-0.02427070476075692,-0.10516912670530947,0.468775
24,1.0,closed,mi_obs,13,-0.013539575570130191,-0.2821932927299256,0.468775
24,1.0,closed,mi_obs,14,0.01803784378468832,-0.002442110431475432,0.468775
24,1.0,closed,mi_obs,15,-0.033429674983208396,-0.15340320892625212,0.468775
24,1.0,closed,mi_obs,16,-0.002857652709265912,-0.19978790692816378,0.468775
24,1.0,closed,mi_obs,17,0.013416850524147404,-0.00164999571873184,0.468775
24,1.0,closed,mi_obs,18,-0.01344754619155844,0.0028625061663540238,0.468775
24,1.0,closed,mi_obs,19,0.01798704773270493,0.2730217562113658,0.468775
24,1.0,closed,mi_obs,20,0.028505051582963015,0.4961885571727477,0.468775
24,1.0,closed,mi_obs,21,0.03355426301428466,0.6471454885108412,0.468775
24,1.0,closed,mi_obs,22,-0.013745157027368116,0.27627934079733363,0.468775
24,1.0,closed,mi_obs,23,0.07037715756775309,0.49452895981005496,0.468775
24,1.0,closed,mi_obs,24,-0.06171740943046489,-0.2691501824795885,0.468775
24,1.0,closed,mi_obs,25,-0.027740812287454397,-0.3489356900667374,0.468775
24,1.0,closed,mi_obs,26,0.11372025355227444,0.6677214964976835,0.468775
24,1.0,closed,mi_obs,27,-0.059444594929687566,-0.49895531672932913,0.468775
24,1.0,closed,mi_obs,28,0.03225837021656742,-0.0047526048127454435,0.468775
24,1.0,closed,mi_obs,29,0.02665073450834204,-0.0036326546322225117,0.468775
24,1.0,closed,mi_obs,30,-0.016332495262416424,0.7232324083071623,0.468775
24,1.0,closed,mi_obs,31,-0.04660639710874803,0.6293930768779602,0.468775
24,1.0,closed,mi_obs,32,-0.08357446393294765,-0.370658042941941,0.468775
24,1.0,closed,mi_obs,33,0.004199344521315984,-0.3957763028055654,0.468775
24,1.0,closed,mi_obs,34,-0.06553377900875124,0.789208080704584,0.468775
24,1.0,closed,mi_obs,35,-0.035176761330036,-0.6292966176902053,0.468775
24,1.0,closed,mi_obs,36,-0.017437411223059862,-0.22631519751573112,0.468775
24,1.0,closed,mi_obs,37,0.0029343886530473207,-0.21395834759780552,0.468775
24,1.0,closed,mi_obs,38,-0.12041120746479285,0.09689829744056283,0.468775
24,1.0,closed,mi_obs,39,-0.0022945336687088484,0.012001396473142183,0.468775
24,1.0,closed,mi_obs,40,0.02976545320890264,0.011728272470417602,0.468775
24,1.0,closed,mi_obs,41,-0.09273905973953495,0.401001130851628,0.468775
24,1.0,closed,mi_obs,42,0.024618572380246284,-0.30699006204850293,0.468775
24,1.0,closed,mi_obs,43,-0.05137996790797639,-0.5435919344389522,0.468775
24,1.0,closed,mi_obs,44,-0.017370768047111573,-0.5696896557073293,0.468775
24,1.0,closed,mi_obs,45,-0.0826838725322655,-0.29400480724213024,0.468775
24,1.0,closed,mi_obs,46,-0.021462008756214956,-0.3803944476430519,0.468775
24,1.0,closed,mi_obs,47,-0.04422296148501892,0.7468427617483261,0.468775
24,1.0,closed,mi_obs,48,-0.001944836310864062,-0.5521416730591194,0.468775
24,1.0,closed,mi_obs,49,0.04831702939899965,0.004231647900426562,0.468775
24,1.0,closed,mi_obs,50,0.04394164733513979,0.004672786833576867,0.468775
24,1.0,closed,mi_obs,51,0.009628109623739722,0.7661464139672898,0.468775
24,1.0,closed,mi_obs,52,-0.03343818030863399,-0.3995465059185315,0.468775
24,1.0,closed,mi_obs,53,0.11063811196603357,0.5231104452987784,0.468775
24,1.0,closed,mi_obs,54,-0.017019732592819775,-0.1682587454800342,0.468775
24,1.0,closed,mi_obs,55,-0.027461902180550612,-0.31032752171340994,0.468775
24,1.0,closed,mi_obs,56,-0.04679883731331258,-0.5184891646297878,0.468775
24,1.0,closed,mi_obs,57,0.10716985311373028,0.6871987161740097,0.468775
24,1.0,closed,mi_obs,58,-0.009665032075779706,-0.214301471595336,0.468775
24,1.0,closed,mi_obs,59,-0.02648014776937846,-0.3942098831932255,0.468775
24,1.0,closed,mi_obs,60,-0.02952528731864501,-0.747178704052833,0.468775
24,1.0,closed,mi_obs,61,0.07253406919675956,-0.002561269023946708,0.468775
24,1.0,closed,mi_obs,62,0.054014058669747615,0.0028566633217625564,0.468775
24,1.0,closed,mi_obs,63,-0.02858952917290261,0.00067646276475373,0.468775
24,1.0,closed,mi_obs,64,0.007127962015752339,0.002465506644593658,0.468775
24,1.0,closed,mi_obs,65,0.040871248412077565,0.5477463129899919,0.468775
24,1.0,closed,mi_class,0,-0.00565618472709168,0.00033004799913412757,0.468775
24,1.0,closed,mi_class,1,0.08345783453686227,0.008700551140945659,0.468775
24,1.0,closed,mi_class,2,-0.0671340182170228,0.33619069813867286,0.468775
24,1.0,closed,mi_class,3,-0.19346905758819394,0.55488045737718,0.468775
24,1.0,closed,mi_class,4,0.09718162122124402,-0.3649885686681358,0.468775
24,1.0,closed,mi_class,5,0.00035060118547239555,-0.003909483671250203,0.468775
24,1.0,closed,mi_class,6,0.037300901056436936,-0.00882254910971161,0.468775
24,1.0,closed,mi_class,7,-0.009311041587415862,0.0007662911178714804,0.468775
24,1.0,closed,mi_class,8,0.05434396955150085,-0.011496276843073923,0.468775
24,1.0,closed,mi_class,9,0.014374203377853216,-0.007483200661530452,0.468775
24,1.0,closed,mi_class,10,-0.0011831269778405894,-0.0027139810069705442,0.468775
24,1.0,closed,mi_class,11,-0.03668450600684215,0.0011731942713152411,0.468775
24,1.0,closed,mi_class,12,0.07149831919047281,-0.10516912670530947,0.468775
24,1.0,closed,mi_class,13,0.2309237557477914,-0.2821932927299256,0.468775
24,1.0,closed,mi_class,14,0.01661628720646348,-0.002442110431475432,0.468775
24,1.0,closed,mi_class,15,0.06733936724448675,-0.15340320892625212,0.468775
24,1.0,closed,mi_class,16,0.10333283132188584,-0.19978790692816378,0.468775
24,1.0,closed,mi_class,17,0.004940450207857276,-0.00164999571873184,0.468775
24,1.0,closed,mi_class,18,-0.02259302467981733,0.0028625061663540238,0.468775
24,1.0,closed,mi_class,19,-0.06911583422775491,0.2730217562113658,0.468775
24,1.0,closed,mi_class,20,-0.005606631468201562,0.4961885571727477,0.468775
24,1.0,closed,mi_class,21,-0.13995831444031703,0.6471454885108412,0.468775
24,1.0,closed,mi_class,22,-0.13865739868322713,0.27627934079733363,0.468775
24,1.0,closed,mi_class,23,-0.2138173279134719,0.49452895981005496,0.468775
24,1.0,closed,mi_class,24,0.10908091510727794,-0.2691501824795885,0.468775
24,1.0,closed,mi_class,25,0.15593838455896203,-0.3489356900667374,0.468775
24,1.0,closed,mi_class,26,-0.2999005042426569,0.6677214964976835,0.468775
24,1.0,closed,mi_class,27,0.04625964438616764,-0.49895531672932913,0.468775
24,1.0,closed,mi_class,28,-0.037911737453464586,-0.0047526048127454435,0.468775
24,1.0,closed,mi_class,29,-0.005339461750431951,-0.0036326546322225117,0.468775
24,1.0,closed,mi_class,30,-0.1847760482763724,0.7232324083071623,0.468775
24,1.0,closed,mi_class,31,-0.10717304414510731,0.6293930768779602,0.468775
24,1.0,closed,mi_class,32,0.04070301576577212,-0.370658042941941,0.468775
24,1.0,closed,mi_class,33,-0.04863296768891723,-0.3957763028055654,0.468775
24,1.0,closed,mi_class,34,-0.18066692442599264,0.789208080704584,0.468775
24,1.0,closed,mi_class,35,0.02792703007834174,-0.6292966176902053,0.468775
24,1.0,closed,mi_class,36,0.030890881988930696,-0.22631519751573112,0.468775
24,1.0,closed,mi_class,37,0.04591672756513926,-0.21395834759780552,0.468775
24,1.0,closed,mi_class,38,-0.015775969548156132,0.09689829744056283,0.468775
24,1.0,closed,mi_class,39,-0.00369798860925526,0.012001396473142183,0.468775
24,1.0,closed,mi_class,40,-0.05265974713812584,0.011728272470417602,0.468775
24,1.0,closed,mi_class,41,-0.02966268488795404,0.401001130851628,0.468775
24,1.0,closed,mi_class,42,0.10933726819551345,-0.30699006204850293,0.468775
24,1.0,closed,mi_class,43,0.18564766324001641,-0.5435919344389522,0.468775
24,1.0,closed,mi_class,44,0.22614649256357705,-0.5696896557073293,0.468775
24,1.0,closed,mi_class,45,-0.010712566598450601,-0.29400480724213024,0.468775
24,1.0,closed,mi_class,46,0.03763494852475968,-0.3803944476430519,0.468775
24,1.0,closed,mi_class,47,-0.0593782593926403,0.7468427617483261,0.468775
24,1.0,closed,mi_class,48,0.19899202510211367,-0.5521416730591194,0.468775
24,1.0,closed,mi_class,49,0.004475806122494037,0.004231647900426562,0.468775
24,1.0,closed,mi_class,50,0.015064787724402852,0.004672786833576867,0.468775
24,1.0,closed,mi_class,51,-0.10822346722080167,0.7661464139672898,0.468775
24,1.0,closed,mi_class,52,0.038084197322786395,-0.3995465059185315,0.468775
24,1.0,closed,mi_class,53,-0.19197060790995324,0.5231104452987784,0.468775
24,1.0,closed,mi_class,54,0.047161107359669135,-0.1682587454800342,0.468775
24,1.0,closed,mi_class,55,0.07643960960704685,-0.31032752171340994,0.468775
24,1.0,closed,mi_class,56,0.09425875324799687,-0.5184891646297878,0.468775
24,1.0,closed,mi_class,57,-0.1681982036163362,0.6871987161740097,0.468775
24,1.0,closed,mi_class,58,-0.011989355330017881,-0.214301471595336,0.468775
24,1.0,closed,mi_class,59,0.09513218128373524,-0.3942098831932255,0.468775
24,1.0,closed,mi_class,60,0.32223357437907396,-0.747178704052833,0.468775
24,1.0,closed,mi_class,61,-0.01855576842047931,-0.002561269023946708,0.468775
24,1.0,closed,mi_class,62,-0.00738055850619364,0.0028566633217625564,0.468775
24,1.0,closed,mi_class,63,0.018552540666375752,0.00067646276475373,0.468775
24,1.0,closed,mi_class,64,-0.010266554795092732,0.002465506644593658,0.468775
24,1.0,closed,mi_class,65,-0.0005776611508576668,0.5477463129899919,0.468775
24,1.0,closed,mi_site,0,0.006840622014502741,0.00033004799913412757,0.468775
24,1.0,closed,mi_site,1,0.0015896613860697378,0.008700551140945659,0.468775
24,1.0,closed,mi_site,2,0.017951533967142275,0.33619069813867286,0.468775
24,1.0,closed,mi_site,3,0.03698618522260155,0.55488045737718,0.468775
24,1.0,closed,mi_site,4,-0.08090809841035568,-0.3649885686681358,0.468775
24,1.0,closed,mi_site,5,-0.034141197101671183,-0.003909483671250203,0.468775
24,1.0,closed,mi_site,6,-0.008891867841356146,-0.00882254910971161,0.468775
24,1.0,closed,mi_site,7,-0.0067265368154733485,0.0007662911178714804,0.468775
24,1.0,closed,mi_site,8,0.0195895177325646,-0.011496276843073923,0.468775
24,1.0,closed,mi_site,9,0.01028007642054813,-0.007483200661530452,0.468775
24,1.0,closed,mi_site,10,0.011189107191546694,-0.0027139810069705442,0.468775
24,1.0,closed,mi_site,11,0.007465282837728141,0.0011731942713152411,0.468775
24,1.0,closed,mi_site,12,-0.019734056167969083,-0.10516912670530947,0.468775
24,1.0,closed,mi_site,13,-0.011488410513896596,-0.2821932927299256,0.468775
24,1.0,closed,mi_site,14,0.012759507037269158,-0.002442110431475432,0.468775
24,1.0,closed,mi_site,15,-0.01816091443564327,-0.15340320892625212,0.468775
24,1.0,closed,mi_site,16,-0.000539290413605592,-0.19978790692816378,0.468775
24,1.0,closed,mi_site,17,0.012759664251671955,-0.00164999571873184,0.468775
24,1.0,closed,mi_site,18,0.007387855529750711,0.0028625061663540238,0.468775
24,1.0,closed,mi_site,19,0.011703083241693057,0.2730217562113658,0.468775
24,1.0,closed,mi_site,20,0.0172931102144388,0.4961885571727477,0.468775
24,1.0,closed,mi_site,21,0.020620626423502375,0.6471454885108412,0.468775
24,1.0,closed,mi_site,22,-0.007300658058565224,0.27627934079733363,0.468775
24,1.0,closed,mi_site,23,0.04246159084516177,0.49452895981005496,0.468775
24,1.0,closed,mi_site,24,-0.0368655125446804,-0.2691501824795885,0.468775
24,1.0,closed,mi_site,25,-0.01924391221918309,-0.3489356900667374,0.468775
24,1.0,closed,mi_site,26,0.08663421314753683,0.6677214964976835,0.468775
24,1.0,closed,mi_site,27,-0.058681450770527555,-0.49895531672932913,0.468775
24,1.0,closed,mi_site,28,0.01960127336542044,-0.0047526048127454435,0.468775
24,1.0,closed,mi_site,29,0.012288030953651519,-0.0036326546322225117,0.468775
24,1.0,closed,mi_site,30,-0.024321062245324043,0.7232324083071623,0.468775
24,1.0,closed,mi_site,31,-0.05781899351727071,0.6293930768779602,0.468775
24,1.0,closed,mi_site,32,-0.0643410524646707,-0.370658042941941,0.468775
24,1.0,closed,mi_site,33,0.011785603595475314,-0.3957763028055654,0.468775
24,1.0,closed,mi_site,34,-0.06951462914193351,0.789208080704584,0.468775
24,1.0,closed,mi_site,35,-0.014453988531432649,-0.6292966176902053,0.468775
24,1.0,closed,mi_site,36,-0.011945999164808652,-0.22631519751573112,0.468775
24,1.0,closed,mi_site,37,0.007743364261428992,-0.21395834759780552,0.468775
24,1.0,closed,mi_site,38,-0.11149212937333337,0.09689829744056283,0.468775
24,1.0,closed,mi_site,39,-0.0057308846961371274,0.012001396473142183,0.468775
24,1.0,closed,mi_site,40,0.025021434815391073,0.011728272470417602,0.468775
24,1.0,closed,mi_site,41,-0.08162755616387024,0.401001130851628,0.468775
24,1.0,closed,mi_site,42,0.029183289468557083,-0.30699006204850293,0.468775
24,1.0,closed,mi_site,43,-0.04916726447355968,-0.5435919344389522,0.468775
24,1.0,closed,mi_site,44,-0.012282397689359348,-0.5696896557073293,0.468775
24,1.0,closed,mi_site,45,-0.059533846679612756,-0.29400480724213024,0.468775
24,1.0,closed,mi_site,46,-0.016134690993890588,-0.3803944476430519,0.468775
24,1.0,closed,mi_site,47,-0.04373876588391645,0.7468427617483261,0.468775
24,1.0,closed,mi_site,48,-0.0039061327236815657,-0.5521416730591194,0.468775
24,1.0,closed,mi_site,49,0.04382608548836777,0.004231647900426562,0.468775
24,1.0,closed,mi_site,50,0.04029553589681089,0.004672786833576867,0.468775
24,1.0,closed,mi_site,51,-0.011922662444889376,0.7661464139672898,0.468775
24,1.0,closed,mi_site,52,-0.02409978666861118,-0.3995465059185315,0.468775
24,1.0,closed,mi_site,53,0.06086389850736862,0.5231104452987784,0.468775
24,1.0,closed,mi_site,54,-0.012197247670449246,-0.1682587454800342,0.468775
24,1.0,closed,mi_site,55,-0.01236022970021905,-0.31032752171340994,0.468775
24,1.0,closed,mi_site,56,-0.04018160936540227,-0.5184891646297878,0.468775
24,1.0,closed,mi_site,57,0.08198634800514859,0.6871987161740097,0.468775
24,1.0,closed,mi_site,58,-0.010856306877382788,-0.214301471595336,0.468775
24,1.0,closed,mi_site,59,-0.019647739585697654,-0.3942098831932255,0.468775
24,1.0,closed,mi_site,60,-0.029096367679803392,-0.747178704052833,0.468775
24,1.0,closed,mi_site,61,0.06603223282345085,-0.002561269023946708,0.468775
24,1.0,closed,mi_site,62,0.053044576520848,0.0028566633217625564,0.468775
24,1.0,closed,mi_site,63,-0.017250617758295825,0.00067646276475373,0.468775
24,1.0,closed,mi_site,64,0.007614942570029052,0.002465506644593658,0.468775
24,1.0,closed,mi_site,65,0.039814240365710574,0.5477463129899919,0.468775
24,2.0,aligned,available,0,0.005133571719721975,0.011652833515858272,0.468775
24,2.0,aligned,available,1,0.008590742693337223,0.008022268835919295,0.468775
24,2.0,aligned,available,2,0.0045591588369729985,0.34277392415589325,0.468775
24,2.0,aligned,available,3,0.010338787433480823,0.5634344524198136,0.468775
24,2.0,aligned,available,4,-0.008237271836365134,-0.37733968744909063,0.468775
24,2.0,aligned,available,5,0.020588502325701027,-0.0036929720593957545,0.468775
24,2.0,aligned,available,6,0.01597457081775404,-0.00942926364655552,0.468775
24,2.0,aligned,available,7,-0.011894809199917823,-0.0012440959200402076,0.468775
24,2.0,aligned,available,8,0.01066934884312662,-0.009180623582741847,0.468775
24,2.0,aligned,available,9,0.012724811144830189,-0.0053929191420865824,0.468775
24,2.0,aligned,available,10,0.004236456144873152,0.0019782359089073323,0.468775
24,2.0,aligned,available,11,0.005596619839167066,-0.003026506997880618,0.468775
24,2.0,aligned,available,12,-0.01505847670732012,-0.10446790851883184,0.468775
24,2.0,aligned,available,13,0.0028480221634731295,-0.276723194344813,0.468775
24,2.0,aligned,available,14,0.005619253539831795,-0.009157498915265171,0.468775
24,2.0,aligned,available,15,-0.006218113435200123,-0.15391553361317928,0.468775
24,2.0,aligned,available,16,-0.00032818866787767687,-0.1972920533275482,0.468775
24,2.0,aligned,available,17,0.0011515319271372133,-0.004508607520526287,0.468775
24,2.0,aligned,available,18,-0.00913899875136249,0.007093635370264672,0.468775
24,2.0,aligned,available,19,0.0012320223272808128,0.2773488422168016,0.468775
24,2.0,aligned,available,20,-0.002962390535929893,0.4922180721628556,0.468775
24,2.0,aligned,available,21,0.0070883668613604955,0.6533073291920632,0.468775
24,2.0,aligned,available,22,0.017623270058572726,0.2789354369075618,0.468775
24,2.0,aligned,available,23,0.0052709476505198305,0.5049922741983551,0.468775
24,2.0,aligned,available,24,-0.014117854677236252,-0.28710371465759293,0.468775
24,2.0,aligned,available,25,-0.021923373578100758,-0.3683775472343933,0.468775
24,2.0,aligned,available,26,0.005625274584885709,0.6782874735861828,0.468775
24,2.0,aligned,available,27,-0.0010081635993609561,-0.5179101752202366,0.468775
24,2.0,aligned,available,28,-0.010745129690701224,-0.005868332219018208,0.468775
24,2.0,aligned,available,29,-0.015821627000191043,-0.003268650180896198,0.468775
24,2.0,aligned,available,30,0.0017063522671312281,0.726421650552952,0.468775
24,2.0,aligned,available,31,-0.0073293980328524855,0.6200007416797136,0.468775
24,2.0,aligned,available,32,-0.016158109956945,-0.3815768867005674,0.468775
24,2.0,aligned,available,33,-0.03787347065811775,-0.409533043222687,0.468775
24,2.0,aligned,available,34,0.008650611948979314,0.7918886902370976,0.468775
24,2.0,aligned,available,35,-0.014803253137355532,-0.6426693629364728,0.468775
24,2.0,aligned,available,36,0.009770758873699797,-0.22768773140290485,0.468775
24,2.0,aligned,available,37,-0.0006699515859831251,-0.214300292863894,0.468775
24,2.0,aligned,available,38,-0.013383553368700951,0.08619539058747683,0.468775
24,2.0,aligned,available,39,-0.004148276626740821,0.009960601281474128,0.468775
24,2.0,aligned,available,40,-0.010730046039704394,0.008700647477999758,0.468775
24,2.0,aligned,available,41,0.006308351551247426,0.3971259905003403,0.468775
24,2.0,aligned,available,42,0.00011595851500489918,-0.31016790485812307,0.468775
24,2.0,aligned,available,43,0.005166306581184776,-0.5447451663075431,0.468775
24,2.0,aligned,available,44,0.0023587149892400072,-0.5713199161507901,0.468775
24,2.0,aligned,available,45,0.0038643821376210252,-0.31121231232480945,0.468775
24,2.0,aligned,available,46,-0.003789381245957457,-0.39815353135707854,0.468775
24,2.0,aligned,available,47,-0.0021731564400736536,0.751073143091623,0.468775
24,2.0,aligned,available,48,0.010058865167276942,-0.5677935538273344,0.468775
24,2.0,aligned,available,49,0.0048140847939369385,0.0028574471696311246,0.468775
24,2.0,aligned,available,50,-4.0518966662139895e-05,0.004241875543521843,0.468775
24,2.0,aligned,available,51,0.0013891432938782922,0.7751741826013597,0.468775
24,2.0,aligned,available,52,0.002400107617696434,-0.4204776660044415,0.468775
24,2.0,aligned,available,53,0.01970075680786254,0.5395324463672684,0.468775
24,2.0,aligned,available,54,0.010899004154732939,-0.17591757616351775,0.468775
24,2.0,aligned,available,55,0.004482489982691185,-0.31727121823197524,0.468775
24,2.0,aligned,available,56,-0.006241230677354048,-0.5400016137832032,0.468775
24,2.0,aligned,available,57,0.01928167537434311,0.7006514802560518,0.468775
24,2.0,aligned,available,58,0.009540468060950907,-0.2222477150794461,0.468775
24,2.0,aligned,available,59,0.01330040560025253,-0.3999092878533881,0.468775
24,2.0,aligned,available,60,-0.0023429732798950775,-0.7634601967018771,0.468775
24,2.0,aligned,available,61,-0.011220785292959553,-0.0031995410261266765,0.468775
24,2.0,aligned,available,62,-0.01309787110285443,0.004834822836086904,0.468775
24,2.0,aligned,available,63,-0.003487361560167505,0.0022483010788108835,0.468775
24,2.0,aligned,available,64,-0.0006186004193468491,0.0005402026030760714,0.468775
24,2.0,aligned,available,65,-4.705102466540101e-05,0.5641061083551906,0.468775
24,2.0,aligned,mi_obs,0,0.011265417928227111,0.011652833515858272,0.468775
24,2.0,aligned,mi_obs,1,-0.0017750004794198568,0.008022268835919295,0.468775
24,2.0,aligned,mi_obs,2,0.019576109980549206,0.34277392415589325,0.468775
24,2.0,aligned,mi_obs,3,0.04893992826029414,0.5634344524198136,0.468775
24,2.0,aligned,mi_obs,4,-0.09114064911973235,-0.37733968744909063,0.468775
24,2.0,aligned,mi_obs,5,-0.02801677034565122,-0.0036929720593957545,0.468775
24,2.0,aligned,mi_obs,6,-0.010009641356177384,-0.00942926364655552,0.468775
24,2.0,aligned,mi_obs,7,0.0016002889198443585,-0.0012440959200402076,0.468775
24,2.0,aligned,mi_obs,8,0.00996503568230541,-0.009180623582741847,0.468775
24,2.0,aligned,mi_obs,9,0.024271358631080774,-0.0053929191420865824,0.468775
24,2.0,aligned,mi_obs,10,0.011357992350871291,0.0019782359089073323,0.468775
24,2.0,aligned,mi_obs,11,0.042093271737425476,-0.003026506997880618,0.468775
24,2.0,aligned,mi_obs,12,-0.0290890653567559,-0.10446790851883184,0.468775
24,2.0,aligned,mi_obs,13,-0.007258176776083813,-0.276723194344813,0.468775
24,2.0,aligned,mi_obs,14,0.016830252608005147,-0.009157498915265171,0.468775
24,2.0,aligned,mi_obs,15,-0.023454830298662993,-0.15391553361317928,0.468775
24,2.0,aligned,mi_obs,16,-0.007848495738942807,-0.1972920533275482,0.468775
24,2.0,aligned,mi_obs,17,0.009875908604459948,-0.004508607520526287,0.468775
24,2.0,aligned,mi_obs,18,-0.01831042064262971,0.007093635370264672,0.468775
24,2.0,aligned,mi_obs,19,0.03029752497437027,0.2773488422168016,0.468775
24,2.0,aligned,mi_obs,20,0.03020205414769539,0.4922180721628556,0.468775
24,2.0,aligned,mi_obs,21,0.024906911061601922,0.6533073291920632,0.468775
24,2.0,aligned,mi_obs,22,-0.00918594940603612,0.2789354369075618,0.468775
24,2.0,aligned,mi_obs,23,0.0657028950629106,0.5049922741983551,0.468775
24,2.0,aligned,mi_obs,24,-0.05203767037866558,-0.28710371465759293,0.468775
24,2.0,aligned,mi_obs,25,-0.0070196323322663234,-0.3683775472343933,0.468775
24,2.0,aligned,mi_obs,26,0.09478525963579743,0.6782874735861828,0.468775
24,2.0,aligned,mi_obs,27,-0.07440956982922953,-0.5179101752202366,0.468775
24,2.0,aligned,mi_obs,28,0.019311382931613875,-0.005868332219018208,0.468775
24,2.0,aligned,mi_obs,29,0.00226837381911224,-0.003268650180896198,0.468775
24,2.0,aligned,mi_obs,30,-0.004424335516264644,0.726421650552952,0.468775
24,2.0,aligned,mi_obs,31,-0.0690537621961751,0.6200007416797136,0.468775
24,2.0,aligned,mi_obs,32,-0.08865126609229512,-0.3815768867005674,0.468775
24,2.0,aligned,mi_obs,33,0.009388086229429271,-0.409533043222687,0.468775
24,2.0,aligned,mi_obs,34,-0.07012319845139414,0.7918886902370976,0.468775
24,2.0,aligned,mi_obs,35,-0.032913464170295836,-0.6426693629364728,0.468775
24,2.0,aligned,mi_obs,36,-0.03080061769765871,-0.22768773140290485,0.468775
24,2.0,aligned,mi_obs,37,-0.003221019105234202,-0.214300292863894,0.468775
24,2.0,aligned,mi_obs,38,-0.12420619869161001,0.08619539058747683,0.468775
24,2.0,aligned,mi_obs,39,-0.013600995350450484,0.009960601281474128,0.468775
24,2.0,aligned,mi_obs,40,0.021432495613986316,0.008700647477999758,0.468775
24,2.0,aligned,mi_obs,41,-0.07563320947835955,0.3971259905003403,0.468775
24,2.0,aligned,mi_obs,42,0.027956000767287603,-0.31016790485812307,0.468775
24,2.0,aligned,mi_obs,43,-0.037763622985268475,-0.5447451663075431,0.468775
24,2.0,aligned,mi_obs,44,-0.007465158754648704,-0.5713199161507901,0.468775
24,2.0,aligned,mi_obs,45,-0.0633891172299258,-0.31121231232480945,0.468775
24,2.0,aligned,mi_obs,46,-0.007011485980836785,-0.39815353135707854,0.468775
24,2.0,aligned,mi_obs,47,-0.04316326452463404,0.751073143091623,0.468775
24,2.0,aligned,mi_obs,48,-0.001383973774216729,-0.5677935538273344,0.468775
24,2.0,aligned,mi_obs,49,0.05911833818728392,0.0028574471696311246,0.468775
24,2.0,aligned,mi_obs,50,0.03625585070219919,0.004241875543521843,0.468775
24,2.0,aligned,mi_obs,51,0.009075921116409535,0.7751741826013597,0.468775
24,2.0,aligned,mi_obs,52,-0.024212301799018066,-0.4204776660044415,0.468775
24,2.0,aligned,mi_obs,53,0.1181890986830243,0.5395324463672684,0.468775
24,2.0,aligned,mi_obs,54,-0.013897310720050876,-0.17591757616351775,0.468775
24,2.0,aligned,mi_obs,55,-0.009260529737397216,-0.31727121823197524,0.468775
24,2.0,aligned,mi_obs,56,-0.038673354336632104,-0.5400016137832032,0.468775
24,2.0,aligned,mi_obs,57,0.0944684249835328,0.7006514802560518,0.468775
24,2.0,aligned,mi_obs,58,-0.016452067139625354,-0.2222477150794461,0.468775
24,2.0,aligned,mi_obs,59,-0.015035685213743044,-0.3999092878533881,0.468775
24,2.0,aligned,mi_obs,60,-0.027654387414499992,-0.7634601967018771,0.468775
24,2.0,aligned,mi_obs,61,0.06766195808630567,-0.0031995410261266765,0.468775
24,2.0,aligned,mi_obs,62,0.04253196711430414,0.004834822836086904,0.468775
24,2.0,aligned,mi_obs,63,-0.020581991337797253,0.0022483010788108835,0.468775
24,2.0,aligned,mi_obs,64,0.0191758665620035,0.0005402026030760714,0.468775
24,2.0,aligned,mi_obs,65,0.050997881860438965,0.5641061083551906,0.468775
24,2.0,aligned,mi_class,0,-0.004745791487569979,0.011652833515858272,0.468775
24,2.0,aligned,mi_class,1,-0.018782376570129468,0.008022268835919295,0.468775
24,2.0,aligned,mi_class,2,-0.20450664087350198,0.34277392415589325,0.468775
24,2.0,aligned,mi_class,3,-0.2156742391012052,0.5634344524198136,0.468775
24,2.0,aligned,mi_class,4,0.12262993982904286,-0.37733968744909063,0.468775
24,2.0,aligned,mi_class,5,0.004900316502566552,-0.0036929720593957545,0.468775
24,2.0,aligned,mi_class,6,-0.021356387330953498,-0.00942926364655552,0.468775
24,2.0,aligned,mi_class,7,0.0186976275633199,-0.0012440959200402076,0.468775
24,2.0,aligned,mi_class,8,0.01608579543752346,-0.009180623582741847,0.468775
24,2.0,aligned,mi_class,9,-0.009531030650614863,-0.0053929191420865824,0.468775
24,2.0,aligned,mi_class,10,-0.008107746323583446,0.0019782359089073323,0.468775
24,2.0,aligned,mi_class,11,-0.015270608840173535,-0.003026506997880618,0.468775
24,2.0,aligned,mi_class,12,0.07368204376938751,-0.10446790851883184,0.468775
24,2.0,aligned,mi_class,13,0.28045790947890475,-0.276723194344813,0.468775
24,2.0,aligned,mi_class,14,0.009927962871486727,-0.009157498915265171,0.468775
24,2.0,aligned,mi_class,15,0.08795500079666078,-0.15391553361317928,0.468775
24,2.0,aligned,mi_class,16,0.11980373350360136,-0.1972920533275482,0.468775
24,2.0,aligned,mi_class,17,-0.004987915384237871,-0.004508607520526287,0.468775
24,2.0,aligned,mi_class,18,-0.018140377936483293,0.007093635370264672,0.468775
24,2.0,aligned,mi_class,19,-0.21795650445660716,0.2773488422168016,0.468775
24,2.0,aligned,mi_class,20,-0.2633720369907227,0.4922180721628556,0.468775
24,2.0,aligned,mi_class,21,-0.21511159247097666,0.6533073291920632,0.468775
24,2.0,aligned,mi_class,22,-0.11897563640077602,0.2789354369075618,0.468775
24,2.0,aligned,mi_class,23,-0.1644228996880312,0.5049922741983551,0.468775
24,2.0,aligned,mi_class,24,0.09704258605174518,-0.28710371465759293,0.468775
24,2.0,aligned,mi_class,25,0.1310571923909075,-0.3683775472343933,0.468775
24,2.0,aligned,mi_class,26,-0.29519215119501774,0.6782874735861828,0.468775
24,2.0,aligned,mi_class,27,-0.06640824451148619,-0.5179101752202366,0.468775
24,2.0,aligned,mi_class,28,0.14514950784915776,-0.005868332219018208,0.468775
24,2.0,aligned,mi_class,29,-0.019130534779987725,-0.003268650180896198,0.468775
24,2.0,aligned,mi_class,30,-0.4230486779000965,0.726421650552952,0.468775
24,2.0,aligned,mi_class,31,-0.3257408475248634,0.6200007416797136,0.468775
24,2.0,aligned,mi_class,32,0.19334104609172256,-0.3815768867005674,0.468775
24,2.0,aligned,mi_class,33,0.5383083945868062,-0.409533043222687,0.468775
24,2.0,aligned,mi_class,34,-0.4398507377527511,0.7918886902370976,0.468775
24,2.0,aligned,mi_class,35,0.34297264856918575,-0.6426693629364728,0.468775
24,2.0,aligned,mi_class,36,0.1588889747404288,-0.22768773140290485,0.468775
24,2.0,aligned,mi_class,37,0.05546248741558191,-0.214300292863894,0.468775
24,2.0,aligned,mi_class,38,-0.008741177305409506,0.08619539058747683,0.468775
24,2.0,aligned,mi_class,39,0.0002636939992161011,0.009960601281474128,0.468775
24,2.0,aligned,mi_class,40,0.04234972714852025,0.008700647477999758,0.468775
24,2.0,aligned,mi_class,41,-0.0437246301174265,0.3971259905003403,0.468775
24,2.0,aligned,mi_class,42,0.11793770459609715,-0.31016790485812307,0.468775
24,2.0,aligned,mi_class,43,0.40280252995155663,-0.5447451663075431,0.468775
24,2.0,aligned,mi_class,44,0.19033393616531852,-0.5713199161507901,0.468775
24,2.0,aligned,mi_class,45,-0.008707956454803989,-0.31121231232480945,0.468775
24,2.0,aligned,mi_class,46,0.058563726220953294,-0.39815353135707854,0.468775
24,2.0,aligned,mi_class,47,-0.09222726753151445,0.751073143091623,0.468775
24,2.0,aligned,mi_class,48,0.19462956773902262,-0.5677935538273344,0.468775
24,2.0,aligned,mi_class,49,0.004688607604574244,0.0028574471696311246,0.468775
24,2.0,aligned,mi_class,50,-0.01483988132342884,0.004241875543521843,0.468775
24,2.0,aligned,mi_class,51,-0.12486020481380045,0.7751741826013597,0.468775
24,2.0,aligned,mi_class,52,0.04618103035528154,-0.4204776660044415,0.468775
24,2.0,aligned,mi_class,53,-0.1779543718481651,0.5395324463672684,0.468775
24,2.0,aligned,mi_class,54,0.12439437998119561,-0.17591757616351775,0.468775
24,2.0,aligned,mi_class,55,0.10340986687646897,-0.31727121823197524,0.468775
24,2.0,aligned,mi_class,56,0.14685878211717646,-0.5400016137832032,0.468775
24,2.0,aligned,mi_class,57,-0.13073244878278623,0.7006514802560518,0.468775
24,2.0,aligned,mi_class,58,0.09987932009788462,-0.2222477150794461,0.468775
24,2.0,aligned,mi_class,59,0.1248174521939795,-0.3999092878533881,0.468775
24,2.0,aligned,mi_class,60,0.329276308769013,-0.7634601967018771,0.468775
24,2.0,aligned,mi_class,61,0.0020457717000226475,-0.0031995410261266765,0.468775
24,2.0,aligned,mi_class,62,-0.052116382804208494,0.004834822836086904,0.468775
24,2.0,aligned,mi_class,63,-0.10355469990687242,0.0022483010788108835,0.468775
24,2.0,aligned,mi_class,64,-0.010348411810040948,0.0005402026030760714,0.468775
24,2.0,aligned,mi_class,65,-0.3427112953673691,0.5641061083551906,0.468775
24,2.0,aligned,mi_site,0,0.010049543534491926,0.011652833515858272,0.468775
24,2.0,aligned,mi_site,1,-0.012631854429848585,0.008022268835919295,0.468775
24,2.0,aligned,mi_site,2,-0.06417396636166389,0.34277392415589325,0.468775
24,2.0,aligned,mi_site,3,-0.028514322792524416,0.5634344524198136,0.468775
24,2.0,aligned,mi_site,4,-0.03832840711336433,-0.37733968744909063,0.468775
24,2.0,aligned,mi_site,5,-0.012741155579902394,-0.0036929720593957545,0.468775
24,2.0,aligned,mi_site,6,-0.01088228477739017,-0.00942926364655552,0.468775
24,2.0,aligned,mi_site,7,-0.005965338937758601,-0.0012440959200402076,0.468775
24,2.0,aligned,mi_site,8,0.01921142612170197,-0.009180623582741847,0.468775
24,2.0,aligned,mi_site,9,0.004129864219338032,-0.0053929191420865824,0.468775
24,2.0,aligned,mi_site,10,0.009429933574946682,0.0019782359089073323,0.468775
24,2.0,aligned,mi_site,11,0.018736787301290917,-0.003026506997880618,0.468775
24,2.0,aligned,mi_site,12,0.000318766165843129,-0.10446790851883184,0.468775
24,2.0,aligned,mi_site,13,0.0164079015286539,-0.276723194344813,0.468775
24,2.0,aligned,mi_site,14,0.01639920875728683,-0.009157498915265171,0.468775
24,2.0,aligned,mi_site,15,-0.010128721708845795,-0.15391553361317928,0.468775
24,2.0,aligned,mi_site,16,-0.0012675932865721107,-0.1972920533275482,0.468775
24,2.0,aligned,mi_site,17,0.002846169445453116,-0.004508607520526287,0.468775
24,2.0,aligned,mi_site,18,-0.01136775262777706,0.007093635370264672,0.468775
24,2.0,aligned,mi_site,19,-0.20292853559895607,0.2773488422168016,0.468775
24,2.0,aligned,mi_site,20,-0.008977407198080156,0.4922180721628556,0.468775
24,2.0,aligned,mi_site,21,-0.03876183688754342,0.6533073291920632,0.468775
24,2.0,aligned,mi_site,22,-0.003193549087145142,0.2789354369075618,0.468775
24,2.0,aligned,mi_site,23,0.05058750476851914,0.5049922741983551,0.468775
24,2.0,aligned,mi_site,24,-0.033260770048611665,-0.28710371465759293,0.468775
24,2.0,aligned,mi_site,25,-0.014954486839684589,-0.3683775472343933,0.468775
24,2.0,aligned,mi_site,26,0.0647720673540444,0.6782874735861828,0.468775
24,2.0,aligned,mi_site,27,-0.047828135901122004,-0.5179101752202366,0.468775
24,2.0,aligned,mi_site,28,0.017580235660800275,-0.005868332219018208,0.468775
24,2.0,aligned,mi_site,29,-0.009761421503642752,-0.003268650180896198,0.468775
24,2.0,aligned,mi_site,30,-0.085849385384144,0.726421650552952,0.468775
24,2.0,aligned,mi_site,31,-0.1485671012796802,0.6200007416797136,0.468775
24,2.0,aligned,mi_site,32,-0.01032522745733655,-0.3815768867005674,0.468775
24,2.0,aligned,mi_site,33,0.052072091364613715,-0.409533043222687,0.468775
24,2.0,aligned,mi_site,34,-0.1368963457180582,0.7918886902370976,0.468775
24,2.0,aligned,mi_site,35,0.050041984443212395,-0.6426693629364728,0.468775
24,2.0,aligned,mi_site,36,0.17263561876726585,-0.22768773140290485,0.468775
24,2.0,aligned,mi_site,37,0.02286004017694568,-0.214300292863894,0.468775
24,2.0,aligned,mi_site,38,-0.06574305065488668,0.08619539058747683,0.468775
24,2.0,aligned,mi_site,39,-0.018842764657992467,0.009960601281474128,0.468775
24,2.0,aligned,mi_site,40,-0.004119058757088412,0.008700647477999758,0.468775
24,2.0,aligned,mi_site,41,-0.03265645332711742,0.3971259905003403,0.468775
24,2.0,aligned,mi_site,42,0.0018937524316068877,-0.31016790485812307,0.468775
24,2.0,aligned,mi_site,43,0.4048300210080109,-0.5447451663075431,0.468775
24,2.0,aligned,mi_site,44,0.007130204152752784,-0.5713199161507901,0.468775
24,2.0,aligned,mi_site,45,-0.05100554321663858,-0.31121231232480945,0.468775
24,2.0,aligned,mi_site,46,-0.017928515952819746,-0.39815353135707854,0.468775
24,2.0,aligned,mi_site,47,-0.021793391577357824,0.751073143091623,0.468775
24,2.0,aligned,mi_site,48,-0.01756988898577072,-0.5677935538273344,0.468775
24,2.0,aligned,mi_site,49,0.03252902818740408,0.0028574471696311246,0.468775
24,2.0,aligned,mi_site,50,0.007466906795025452,0.004241875543521843,0.468775
24,2.0,aligned,mi_site,51,0.020067617717166253,0.7751741826013597,0.468775
24,2.0,aligned,mi_site,52,-0.04732788494725715,-0.4204776660044415,0.468775
24,2.0,aligned,mi_site,53,0.10192310270078653,0.5395324463672684,0.468775
24,2.0,aligned,mi_site,54,0.10431905145227802,-0.17591757616351775,0.468775
24,2.0,aligned,mi_site,55,0.0033588281696404487,-0.31727121823197524,0.468775
24,2.0,aligned,mi_site,56,-0.05369799658741348,-0.5400016137832032,0.468775
24,2.0,aligned,mi_site,57,0.08916805338723255,0.7006514802560518,0.468775
24,2.0,aligned,mi_site,58,0.14755121553259082,-0.2222477150794461,0.468775
24,2.0,aligned,mi_site,59,0.007887913571058447,-0.3999092878533881,0.468775
24,2.0,aligned,mi_site,60,-0.04178598649223375,-0.7634601967018771,0.468775
24,2.0,aligned,mi_site,61,0.02100707139114671,-0.0031995410261266765,0.468775
24,2.0,aligned,mi_site,62,0.0017925497882940516,0.004834822836086904,0.468775
24,2.0,aligned,mi_site,63,-0.013292319277077923,0.0022483010788108835,0.468775
24,2.0,aligned,mi_site,64,0.011933889448280225,0.0005402026030760714,0.468775
24,2.0,aligned,mi_site,65,-0.4144675881745195,0.5641061083551906,0.468775
24,2.0,closed,available,0,-0.003653861764412361,0.011652833515858272,0.468775
24,2.0,closed,available,1,-0.003400990199041741,0.008022268835919295,0.468775
24,2.0,closed,available,2,-0.00861559342695295,0.34277392415589325,0.468775
24,2.0,closed,available,3,0.0040532669036345,0.5634344524198136,0.468775
24,2.0,closed,available,4,0.00544331442876872,-0.37733968744909063,0.468775
24,2.0,closed,available,5,0.02158039267722375,-0.0036929720593957545,0.468775
24,2.0,closed,available,6,0.025255014574602948,-0.00942926364655552,0.468775
24,2.0,closed,available,7,0.009024214361455028,-0.0012440959200402076,0.468775
24,2.0,closed,available,8,-0.007316931467545775,-0.009180623582741847,0.468775
24,2.0,closed,available,9,-0.0037010292951516555,-0.0053929191420865824,0.468775
24,2.0,closed,available,10,-0.007285642162452136,0.0019782359089073323,0.468775
24,2.0,closed,available,11,-0.015546639709901134,-0.003026506997880618,0.468775
24,2.0,closed,available,12,0.01775977670362104,-0.10446790851883184,0.468775
24,2.0,closed,available,13,0.01278740756855784,-0.276723194344813,0.468775
24,2.0,closed,available,14,-0.013907796864821126,-0.009157498915265171,0.468775
24,2.0,closed,available,15,-0.0017030897845007609,-0.15391553361317928,0.468775
24,2.0,closed,available,16,-0.004100012455052399,-0.1972920533275482,0.468775
24,2.0,closed,available,17,-0.0030269291621288176,-0.004508607520526287,0.468775
24,2.0,closed,available,18,0.0008703286108432771,0.007093635370264672,0.468775
24,2.0,closed,available,19,-0.010954816679656254,0.2773488422168016,0.468775
24,2.0,closed,available,20,-0.0058265766199375735,0.4922180721628556,0.468775
24,2.0,closed,available,21,0.010464024987829723,0.6533073291920632,0.468775
24,2.0,closed,available,22,0.016754839833165835,0.2789354369075618,0.468775
24,2.0,closed,available,23,-0.007052693771574525,0.5049922741983551,0.468775
24,2.0,closed,available,24,-0.008126896899438796,-0.28710371465759293,0.468775
24,2.0,closed,available,25,-0.006773046037250041,-0.3683775472343933,0.468775
24,2.0,closed,available,26,0.0023275991033389065,0.6782874735861828,0.468775
24,2.0,closed,available,27,-0.002157848514119376,-0.5179101752202366,0.468775
24,2.0,closed,available,28,-0.004466024845159513,-0.005868332219018208,0.468775
24,2.0,closed,available,29,-0.012066878015916199,-0.003268650180896198,0.468775
24,2.0,closed,available,30,-0.0008826559052309557,0.726421650552952,0.468775
24,2.0,closed,available,31,-0.02652096778257207,0.6200007416797136,0.468775
24,2.0,closed,available,32,0.019425925271841282,-0.3815768867005674,0.468775
24,2.0,closed,available,33,-0.0019883889932191257,-0.409533043222687,0.468775
24,2.0,closed,available,34,-0.012728104655591044,0.7918886902370976,0.468775
24,2.0,closed,available,35,-0.0018395387255984996,-0.6426693629364728,0.468775
24,2.0,closed,available,36,0.00889360181232629,-0.22768773140290485,0.468775
24,2.0,closed,available,37,0.007951443912226908,-0.214300292863894,0.468775
24,2.0,closed,available,38,0.005486730910979495,0.08619539058747683,0.468775
24,2.0,closed,available,39,0.01276708436994406,0.009960601281474128,0.468775
24,2.0,closed,available,40,0.006725246147412248,0.008700647477999758,0.468775
24,2.0,closed,available,41,-0.0042436051563020105,0.3971259905003403,0.468775
24,2.0,closed,available,42,-0.012181844779719064,-0.31016790485812307,0.468775
24,2.0,closed,available,43,-0.009809140192081123,-0.5447451663075431,0.468775
24,2.0,closed,available,44,-0.0026565170261917403,-0.5713199161507901,0.468775
24,2.0,closed,available,45,-0.004443742143696805,-0.31121231232480945,0.468775
24,2.0,closed,available,46,-0.002908285047044379,-0.39815353135707854,0.468775
24,2.0,closed,available,47,-0.0011744142134938462,0.751073143091623,0.468775
24,2.0,closed,available,48,-0.006548444468079229,-0.5677935538273344,0.468775
24,2.0,closed,available,49,-0.0011765174510520206,0.0028574471696311246,0.468775
24,2.0,closed,available,50,-0.0031852879415221642,0.004241875543521843,0.468775
24,2.0,closed,available,51,0.00013139259844807682,0.7751741826013597,0.468775
24,2.0,closed,available,52,-0.004322899095607846,-0.4204776660044415,0.468775
24,2.0,closed,available,53,-0.0026010278154837696,0.5395324463672684,0.468775
24,2.0,closed,available,54,-0.0009264507493198793,-0.17591757616351775,0.468775
24,2.0,closed,available,55,-0.004771059098111985,-0.31727121823197524,0.468775
24,2.0,closed,available,56,-0.0021013737338622107,-0.5400016137832032,0.468775
24,2.0,closed,available,57,-0.0023299590795229363,0.7006514802560518,0.468775
24,2.0,closed,available,58,-0.00044718350292147213,-0.2222477150794461,0.468775
24,2.0,closed,available,59,-0.0011496099771120538,-0.3999092878533881,0.468775
24,2.0,closed,available,60,-0.004430300957776634,-0.7634601967018771,0.468775
24,2.0,closed,available,61,-0.010035980422738035,-0.0031995410261266765,0.468775
24,2.0,closed,available,62,5.519625542035542e-07,0.004834822836086904,0.468775
24,2.0,closed,available,63,-0.0053951868680768515,0.0022483010788108835,0.468775
24,2.0,closed,available,64,0.00532857685046816,0.0005402026030760714,0.468775
24,2.0,closed,available,65,-0.003857790370997094,0.5641061083551906,0.468775
24,2.0,closed,mi_obs,0,0.0032264645737531614,0.011652833515858272,0.468775
24,2.0,closed,mi_obs,1,-0.004633344990674192,0.008022268835919295,0.468775
24,2.0,closed,mi_obs,2,0.022882021476912984,0.34277392415589325,0.468775
24,2.0,closed,mi_obs,3,0.047363664420692175,0.5634344524198136,0.468775
24,2.0,closed,mi_obs,4,-0.07739076174640463,-0.37733968744909063,0.468775
24,2.0,closed,mi_obs,5,-0.02140645892479005,-0.0036929720593957545,0.468775
24,2.0,closed,mi_obs,6,0.00804591932265012,-0.00942926364655552,0.468775
24,2.0,closed,mi_obs,7,-0.006772084454386039,-0.0012440959200402076,0.468775
24,2.0,closed,mi_obs,8,0.00875490182543439,-0.009180623582741847,0.468775
24,2.0,closed,mi_obs,9,0.018612581156815244,-0.0053929191420865824,0.468775
24,2.0,closed,mi_obs,10,-0.000765447335649497,0.0019782359089073323,0.468775
24,2.0,closed,mi_obs,11,-0.05437565993452878,-0.003026506997880618,0.468775
24,2.0,closed,mi_obs,12,0.02617163769774912,-0.10446790851883184,0.468775
24,2.0,closed,mi_obs,13,-0.016927495891402466,-0.276723194344813,0.468775
24,2.0,closed,mi_obs,14,0.008731342502704402,-0.009157498915265171,0.468775
24,2.0,closed,mi_obs,15,0.006020808554003471,-0.15391553361317928,0.468775
24,2.0,closed,mi_obs,16,-0.02923639107285944,-0.1972920533275482,0.468775
24,2.0,closed,mi_obs,17,0.022951130064391628,-0.004508607520526287,0.468775
24,2.0,closed,mi_obs,18,0.034462475941228206,0.007093635370264672,0.468775
24,2.0,closed,mi_obs,19,0.024942461338877786,0.2773488422168016,0.468775
24,2.0,closed,mi_obs,20,0.023206332189059764,0.4922180721628556,0.468775
24,2.0,closed,mi_obs,21,0.04185732048083368,0.6533073291920632,0.468775
24,2.0,closed,mi_obs,22,0.009443165479018023,0.2789354369075618,0.468775
24,2.0,closed,mi_obs,23,0.07102229819532457,0.5049922741983551,0.468775
24,2.0,closed,mi_obs,24,-0.05186598649535923,-0.28710371465759293,0.468775
24,2.0,closed,mi_obs,25,-0.008112825483524544,-0.3683775472343933,0.468775
24,2.0,closed,mi_obs,26,0.11181878681135582,0.6782874735861828,0.468775
24,2.0,closed,mi_obs,27,-0.07854455615406664,-0.5179101752202366,0.468775
24,2.0,closed,mi_obs,28,0.016418997390862063,-0.005868332219018208,0.468775
24,2.0,closed,mi_obs,29,-0.005406553873026011,-0.003268650180896198,0.468775
24,2.0,closed,mi_obs,30,-0.008517219205690596,0.726421650552952,0.468775
24,2.0,closed,mi_obs,31,-0.05647611129697616,0.6200007416797136,0.468775
24,2.0,closed,mi_obs,32,-0.10418330207449822,-0.3815768867005674,0.468775
24,2.0,closed,mi_obs,33,-0.01376309955328131,-0.409533043222687,0.468775
24,2.0,closed,mi_obs,34,-0.051552451568714686,0.7918886902370976,0.468775
24,2.0,closed,mi_obs,35,-0.05664690047452381,-0.6426693629364728,0.468775
24,2.0,closed,mi_obs,36,-0.010885519772653285,-0.22768773140290485,0.468775
24,2.0,closed,mi_obs,37,0.0016489290263171086,-0.214300292863894,0.468775
24,2.0,closed,mi_obs,38,-0.11083691509820864,0.08619539058747683,0.468775
24,2.0,closed,mi_obs,39,-0.007472943239413778,0.009960601281474128,0.468775
24,2.0,closed,mi_obs,40,0.029250659608887952,0.008700647477999758,0.468775
24,2.0,closed,mi_obs,41,-0.08536078662767915,0.3971259905003403,0.468775
24,2.0,closed,mi_obs,42,0.008107095376098383,-0.31016790485812307,0.468775
24,2.0,closed,mi_obs,43,-0.0506188713151946,-0.5447451663075431,0.468775
24,2.0,closed,mi_obs,44,-0.013289564989393154,-0.5713199161507901,0.468775
24,2.0,closed,mi_obs,45,-0.08412725363580209,-0.31121231232480945,0.468775
24,2.0,closed,mi_obs,46,-0.023970609164685852,-0.39815353135707854,0.468775
24,2.0,closed,mi_obs,47,-0.037947361944612235,0.751073143091623,0.468775
24,2.0,closed,mi_obs,48,-0.012383420248847421,-0.5677935538273344,0.468775
24,2.0,closed,mi_obs,49,0.04826987415359254,0.0028574471696311246,0.468775
24,2.0,closed,mi_obs,50,0.04199102887922289,0.004241875543521843,0.468775
24,2.0,closed,mi_obs,51,0.015618073151140277,0.7751741826013597,0.468775
24,2.0,closed,mi_obs,52,-0.04589674510218589,-0.4204776660044415,0.468775
24,2.0,closed,mi_obs,53,0.09802719220528233,0.5395324463672684,0.468775
24,2.0,closed,mi_obs,54,-0.02402577503317288,-0.17591757616351775,0.468775
24,2.0,closed,mi_obs,55,-0.015849804550059465,-0.31727121823197524,0.468775
24,2.0,closed,mi_obs,56,-0.05026194982967258,-0.5400016137832032,0.468775
24,2.0,closed,mi_obs,57,0.08599805265077509,0.7006514802560518,0.468775
24,2.0,closed,mi_obs,58,-0.025222381004012945,-0.2222477150794461,0.468775
24,2.0,closed,mi_obs,59,-0.026632230809413793,-0.3999092878533881,0.468775
24,2.0,closed,mi_obs,60,-0.051379422270502184,-0.7634601967018771,0.468775
24,2.0,closed,mi_obs,61,0.07084779020906684,-0.0031995410261266765,0.468775
24,2.0,closed,mi_obs,62,0.05795393962281336,0.004834822836086904,0.468775
24,2.0,closed,mi_obs,63,-0.01971388640074779,0.0022483010788108835,0.468775
24,2.0,closed,mi_obs,64,0.01539317867708605,0.0005402026030760714,0.468775
24,2.0,closed,mi_obs,65,0.0477971875470955,0.5641061083551906,0.468775
24,2.0,closed,mi_class,0,-0.019313593815334845,0.011652833515858272,0.468775
24,2.0,closed,mi_class,1,0.043449914629747385,0.008022268835919295,0.468775
24,2.0,closed,mi_class,2,-0.004873787877208879,0.34277392415589325,0.468775
24,2.0,closed,mi_class,3,-0.12137866502349348,0.5634344524198136,0.468775
24,2.0,closed,mi_class,4,0.06928696482784402,-0.37733968744909063,0.468775
24,2.0,closed,mi_class,5,0.018621094456014974,-0.0036929720593957545,0.468775
24,2.0,closed,mi_class,6,0.04589777534056823,-0.00942926364655552,0.468775
24,2.0,closed,mi_class,7,-0.014626127964991693,-0.0012440959200402076,0.468775
24,2.0,closed,mi_class,8,-0.01581428932820117,-0.009180623582741847,0.468775
24,2.0,closed,mi_class,9,-0.00652209125483078,-0.0053929191420865824,0.468775
24,2.0,closed,mi_class,10,-0.0020835178946646514,0.0019782359089073323,0.468775
24,2.0,closed,mi_class,11,-0.0013133595524956192,-0.003026506997880618,0.468775
24,2.0,closed,mi_class,12,0.01674325662276821,-0.10446790851883184,0.468775
24,2.0,closed,mi_class,13,0.09800397495105442,-0.276723194344813,0.468775
24,2.0,closed,mi_class,14,-0.0016993719488667056,-0.009157498915265171,0.468775
24,2.0,closed,mi_class,15,0.04174904362235271,-0.15391553361317928,0.468775
24,2.0,closed,mi_class,16,0.06321475908130098,-0.1972920533275482,0.468775
24,2.0,closed,mi_class,17,0.018841506638139584,-0.004508607520526287,0.468775
24,2.0,closed,mi_class,18,-0.002859095184492325,0.007093635370264672,0.468775
24,2.0,closed,mi_class,19,-0.024074580186040195,0.2773488422168016,0.468775
24,2.0,closed,mi_class,20,-0.4457788347238222,0.4922180721628556,0.468775
24,2.0,closed,mi_class,21,-0.46240029049085973,0.6533073291920632,0.468775
24,2.0,closed,mi_class,22,-0.24443538984647517,0.2789354369075618,0.468775
24,2.0,closed,mi_class,23,-0.4490874779222094,0.5049922741983551,0.468775
24,2.0,closed,mi_class,24,0.2518970501140708,-0.28710371465759293,0.468775
24,2.0,closed,mi_class,25,0.4093465980741903,-0.3683775472343933,0.468775
24,2.0,closed,mi_class,26,-0.6003061338963644,0.6782874735861828,0.468775
24,2.0,closed,mi_class,27,0.1438017638800657,-0.5179101752202366,0.468775
24,2.0,closed,mi_class,28,0.0902558528421042,-0.005868332219018208,0.468775
24,2.0,closed,mi_class,29,0.011662792383376266,-0.003268650180896198,0.468775
24,2.0,closed,mi_class,30,-0.10718407367566318,0.726421650552952,0.468775
24,2.0,closed,mi_class,31,-0.13129172499366798,0.6200007416797136,0.468775
24,2.0,closed,mi_class,32,0.06546247102513725,-0.3815768867005674,0.468775
24,2.0,closed,mi_class,33,0.0021199239977408024,-0.409533043222687,0.468775
24,2.0,closed,mi_class,34,-0.16378443006706045,0.7918886902370976,0.468775
24,2.0,closed,mi_class,35,0.019076298164696692,-0.6426693629364728,0.468775
24,2.0,closed,mi_class,36,0.015201824872144054,-0.22768773140290485,0.468775
24,2.0,closed,mi_class,37,0.20383296836879264,-0.214300292863894,0.468775
24,2.0,closed,mi_class,38,-0.018305566754208136,0.08619539058747683,0.468775
24,2.0,closed,mi_class,39,0.014061790631369392,0.009960601281474128,0.468775
24,2.0,closed,mi_class,40,0.005999817262591826,0.008700647477999758,0.468775
24,2.0,closed,mi_class,41,-0.03754949483818404,0.3971259905003403,0.468775
24,2.0,closed,mi_class,42,0.10891513966832458,-0.31016790485812307,0.468775
24,2.0,closed,mi_class,43,0.14085204687394093,-0.5447451663075431,0.468775
24,2.0,closed,mi_class,44,0.55025016353678,-0.5713199161507901,0.468775
24,2.0,closed,mi_class,45,0.013957453762758198,-0.31121231232480945,0.468775
24,2.0,closed,mi_class,46,0.052678332722721655,-0.39815353135707854,0.468775
24,2.0,closed,mi_class,47,-0.0468301185370571,0.751073143091623,0.468775
24,2.0,closed,mi_class,48,0.2440191346783943,-0.5677935538273344,0.468775
24,2.0,closed,mi_class,49,0.006530878581055012,0.0028574471696311246,0.468775
24,2.0,closed,mi_class,50,-0.003644079973134879,0.004241875543521843,0.468775
24,2.0,closed,mi_class,51,-0.06812001567708348,0.7751741826013597,0.468775
24,2.0,closed,mi_class,52,0.0027248364626861754,-0.4204776660044415,0.468775
24,2.0,closed,mi_class,53,-0.2048640160766783,0.5395324463672684,0.468775
24,2.0,closed,mi_class,54,0.049551325076961555,-0.17591757616351775,0.468775
24,2.0,closed,mi_class,55,0.3051884903202865,-0.31727121823197524,0.468775
24,2.0,closed,mi_class,56,0.05809846293648446,-0.5400016137832032,0.468775
24,2.0,closed,mi_class,57,-0.17981186450873643,0.7006514802560518,0.468775
24,2.0,closed,mi_class,58,0.021836482691016068,-0.2222477150794461,0.468775
24,2.0,closed,mi_class,59,0.3827632647712196,-0.3999092878533881,0.468775
24,2.0,closed,mi_class,60,0.3202066297208676,-0.7634601967018771,0.468775
24,2.0,closed,mi_class,61,0.015451970349910298,-0.0031995410261266765,0.468775
24,2.0,closed,mi_class,62,-0.0029333505084655122,0.004834822836086904,0.468775
24,2.0,closed,mi_class,63,-0.025268684309211767,0.0022483010788108835,0.468775
24,2.0,closed,mi_class,64,-0.0008859325473911501,0.0005402026030760714,0.468775
24,2.0,closed,mi_class,65,-0.868390262089989,0.5641061083551906,0.468775
24,2.0,closed,mi_site,0,0.009113456913655423,0.011652833515858272,0.468775
24,2.0,closed,mi_site,1,-0.012987664950317102,0.008022268835919295,0.468775
24,2.0,closed,mi_site,2,0.017804954274230733,0.34277392415589325,0.468775
24,2.0,closed,mi_site,3,0.04595156905682274,0.5634344524198136,0.468775
24,2.0,closed,mi_site,4,-0.0671846581679601,-0.37733968744909063,0.468775
24,2.0,closed,mi_site,5,-0.008734579035052575,-0.0036929720593957545,0.468775
24,2.0,closed,mi_site,6,0.014573342334529208,-0.00942926364655552,0.468775
24,2.0,closed,mi_site,7,-0.006171228805882844,-0.0012440959200402076,0.468775
24,2.0,closed,mi_site,8,0.010270881152703653,-0.009180623582741847,0.468775
24,2.0,closed,mi_site,9,0.010698377962874941,-0.0053929191420865824,0.468775
24,2.0,closed,mi_site,10,-0.0026361418213313404,0.0019782359089073323,0.468775
24,2.0,closed,mi_site,11,-0.045301564581896686,-0.003026506997880618,0.468775
24,2.0,closed,mi_site,12,0.009704208139118098,-0.10446790851883184,0.468775
24,2.0,closed,mi_site,13,-0.006613258140153733,-0.276723194344813,0.468775
24,2.0,closed,mi_site,14,0.0023304993079538254,-0.009157498915265171,0.468775
24,2.0,closed,mi_site,15,0.005753700214320895,-0.15391553361317928,0.468775
24,2.0,closed,mi_site,16,-0.018609426314121602,-0.1972920533275482,0.468775
24,2.0,closed,mi_site,17,0.016013624744566756,-0.004508607520526287,0.468775
24,2.0,closed,mi_site,18,0.019186329264439216,0.007093635370264672,0.468775
24,2.0,closed,mi_site,19,0.01736263453426684,0.2773488422168016,0.468775
24,2.0,closed,mi_site,20,0.016042292630178867,0.4922180721628556,0.468775
24,2.0,closed,mi_site,21,0.029516077398284546,0.6533073291920632,0.468775
24,2.0,closed,mi_site,22,0.0020286125372938613,0.2789354369075618,0.468775
24,2.0,closed,mi_site,23,0.05971115322865872,0.5049922741983551,0.468775
24,2.0,closed,mi_site,24,-0.04214679555006695,-0.28710371465759293,0.468775
24,2.0,closed,mi_site,25,-0.02167511945200712,-0.3683775472343933,0.468775
24,2.0,closed,mi_site,26,0.09576747524997509,0.6782874735861828,0.468775
24,2.0,closed,mi_site,27,-0.08069419542060052,-0.5179101752202366,0.468775
24,2.0,closed,mi_site,28,0.011303263949381094,-0.005868332219018208,0.468775
24,2.0,closed,mi_site,29,-0.0008189509649556585,-0.003268650180896198,0.468775
24,2.0,closed,mi_site,30,-0.011359372463465078,0.726421650552952,0.468775
24,2.0,closed,mi_site,31,-0.05959680838952408,0.6200007416797136,0.468775
24,2.0,closed,mi_site,32,-0.07249102932507667,-0.3815768867005674,0.468775
24,2.0,closed,mi_site,33,0.006492337321489128,-0.409533043222687,0.468775
24,2.0,closed,mi_site,34,-0.049668388771640815,0.7918886902370976,0.468775
24,2.0,closed,mi_site,35,-0.04208099628267137,-0.6426693629364728,0.468775
24,2.0,closed,mi_site,36,-0.006260824160163159,-0.22768773140290485,0.468775
24,2.0,closed,mi_site,37,-0.0034741794693188555,-0.214300292863894,0.468775
24,2.0,closed,mi_site,38,-0.09687283426079521,0.08619539058747683,0.468775
24,2.0,closed,mi_site,39,-0.00022767658223035378,0.009960601281474128,0.468775
24,2.0,closed,mi_site,40,0.03297026025034316,0.008700647477999758,0.468775
24,2.0,closed,mi_site,41,-0.07940408979438601,0.3971259905003403,0.468775
24,2.0,closed,mi_site,42,0.009067863890413919,-0.31016790485812307,0.468775
24,2.0,closed,mi_site,43,-0.04515135912643431,-0.5447451663075431,0.468775
24,2.0,closed,mi_site,44,-0.010764257284779033,-0.5713199161507901,0.468775
24,2.0,closed,mi_site,45,-0.07313270709049308,-0.31121231232480945,0.468775
24,2.0,closed,mi_site,46,-0.023457033953658557,-0.39815353135707854,0.468775
24,2.0,closed,mi_site,47,-0.027051140129979112,0.751073143091623,0.468775
24,2.0,closed,mi_site,48,-0.01307531264475481,-0.5677935538273344,0.468775
24,2.0,closed,mi_site,49,0.0395638226965407,0.0028574471696311246,0.468775
24,2.0,closed,mi_site,50,0.036386395434403467,0.004241875543521843,0.468775
24,2.0,closed,mi_site,51,-0.004655583056888402,0.7751741826013597,0.468775
24,2.0,closed,mi_site,52,-0.045689114946774634,-0.4204776660044415,0.468775
24,2.0,closed,mi_site,53,0.06059694003866878,0.5395324463672684,0.468775
24,2.0,closed,mi_site,54,-0.023317747468546868,-0.17591757616351775,0.468775
24,2.0,closed,mi_site,55,-0.013745435372656323,-0.31727121823197524,0.468775
24,2.0,closed,mi_site,56,-0.04551006386357159,-0.5400016137832032,0.468775
24,2.0,closed,mi_site,57,0.06152221627934085,0.7006514802560518,0.468775
24,2.0,closed,mi_site,58,-0.032347772945453684,-0.2222477150794461,0.468775
24,2.0,closed,mi_site,59,-0.023256930033046852,-0.3999092878533881,0.468775
24,2.0,closed,mi_site,60,-0.0361995894752154,-0.7634601967018771,0.468775
24,2.0,closed,mi_site,61,0.06581192399355891,-0.0031995410261266765,0.468775
24,2.0,closed,mi_site,62,0.05646094400021115,0.004834822836086904,0.468775
24,2.0,closed,mi_site,63,-0.011797005483027562,0.0022483010788108835,0.468775
24,2.0,closed,mi_site,64,0.0057932966206059614,0.0005402026030760714,0.468775
24,2.0,closed,mi_site,65,0.041728501154958075,0.5641061083551906,0.468775
