rep,gamma,alignment,estimator,pair,signed_err,truth,miss_rate
26,0.0,aligned,available,0,0.002011368506537603,0.7514566730814222,0.4725875
26,0.0,aligned,available,1,0.00871690215922732,-0.0030256453742906575,0.4725875
26,0.0,aligned,available,2,-0.01428794515837404,0.0027689694757071404,0.4725875
26,0.0,aligned,available,3,-0.011838475890117994,0.5308089335606444,0.4725875
26,0.0,aligned,available,4,-0.003182599662151453,0.37334912962849776,0.4725875
26,0.0,aligned,available,5,0.004926157046500179,0.28363088289577865,0.4725875
26,0.0,aligned,available,6,-0.0015741278633363276,-0.30031754406218497,0.4725875
26,0.0,aligned,available,7,-0.0006937130966654381,0.5847160740239649,0.4725875
26,0.0,aligned,available,8,-0.023484317558885026,-0.004499052537345707,0.4725875
26,0.0,aligned,available,9,0.018333389853278606,-0.0006828638141797025,0.4725875
26,0.0,aligned,available,10,0.004624654470534617,-0.5978705579848117,0.4725875
26,0.0,aligned,available,11,-0.007791878099859907,-0.002469031573536116,0.4725875
26,0.0,aligned,available,12,-0.000788885984514664,-0.0018129967662619984,0.4725875
26,0.0,aligned,available,13,-0.0039849625311642045,0.7439779256721911,0.4725875
26,0.0,aligned,available,14,0.0013037179366237606,0.6482981631633483,0.4725875
26,0.0,aligned,available,15,-0.000384668763043966,0.21011378256641983,0.4725875
26,0.0,aligned,available,16,0.003577782614993613,-0.22349942697774852,0.4725875
26,0.0,aligned,available,17,-0.00010628971999138148,0.78025173759893,0.4725875
26,0.0,aligned,available,18,-0.0052847768562646405,-0.008192143261629675,0.4725875
26,0.0,aligned,available,19,0.013292833621666946,-0.005917629279101266,0.4725875
26,0.0,aligned,available,20,0.0024438895683629447,-0.7037378495899416,0.4725875
26,0.0,aligned,available,21,0.015599402742622875,-0.00398564272648318,0.4725875
26,0.0,aligned,available,22,-0.011002984018087525,-0.1969547193826914,0.4725875
26,0.0,aligned,available,23,-0.01484205589976429,-0.04955472298189847,0.4725875
26,0.0,aligned,available,24,-0.006741537859231039,-0.5694206134503447,0.4725875
26,0.0,aligned,available,25,0.000432764614095027,0.5983190814957705,0.4725875
26,0.0,aligned,available,26,8.700915530936463e-05,-0.003415965317922858,0.4725875
26,0.0,aligned,available,27,0.014064097340822593,-0.0062806879084567925,0.4725875
26,0.0,aligned,available,28,0.004022705721781698,0.007781244198011137,0.4725875
26,0.0,aligned,available,29,0.002576966830864613,0.31972074103073633,0.4725875
26,0.0,aligned,available,30,0.009279355531234434,0.3586099400940416,0.4725875
26,0.0,aligned,available,31,-0.003210033727700068,0.4953764499231896,0.4725875
26,0.0,aligned,available,32,0.007711778565858492,-0.002476926882077877,0.4725875
26,0.0,aligned,available,33,-0.009285079979507806,0.0009285786053374501,0.4725875
26,0.0,aligned,available,34,0.005004200884262733,0.3707867789808959,0.4725875
26,0.0,aligned,available,35,0.020609115543569916,-0.0032138156772717153,0.4725875
26,0.0,aligned,available,36,0.0374408654465146,-0.009036926782209099,0.4725875
26,0.0,aligned,available,37,0.004475698712063603,-0.3433353025716143,0.4725875
26,0.0,aligned,available,38,0.0003054597067106979,0.9306857557209652,0.4725875
26,0.0,aligned,available,39,-0.00939208788826068,0.3892950000755561,0.4725875
26,0.0,aligned,available,40,0.008715726028005966,-0.4119665693550162,0.4725875
26,0.0,aligned,available,41,3.8364386443112686e-05,0.9030917740790307,0.4725875
26,0.0,aligned,available,42,-0.015741858190327487,-0.010883895864262185,0.4725875
26,0.0,aligned,available,43,0.0014839502612855188,0.11091041697318012,0.4725875
26,0.0,aligned,available,44,0.0015265511957871514,-0.9384425940491924,0.4725875
26,0.0,aligned,available,45,-0.0037112438007525506,0.0963012799528384,0.4725875
26,0.0,aligned,available,46,0.002039616065241834,-0.10479392633160543,0.4725875
26,0.0,aligned,available,47,0.0006534167516869527,0.89078043399244,0.4725875
26,0.0,aligned,available,48,-0.013668429925891507,-0.012485779861658651,0.4725875
26,0.0,aligned,available,49,0.012334862342980021,-0.09477853595572804,0.4725875
26,0.0,aligned,available,50,0.00043310899372850375,-0.7764274238308018,0.4725875
26,0.0,aligned,available,51,-3.383216481733786e-05,-0.9532068942744585,0.4725875
26,0.0,aligned,available,52,-0.005126175211379286,0.16325414019736376,0.4725875
26,0.0,aligned,available,53,-0.012361431138778349,0.00037367343735064895,0.4725875
26,0.0,aligned,available,54,-0.0010417372547298909,0.5614160585506335,0.4725875
26,0.0,aligned,available,55,0.0005308161994926897,-0.627382778465439,0.4725875
26,0.0,aligned,available,56,0.004401507097060192,-0.17506492444055421,0.4725875
26,0.0,aligned,available,57,0.011119779279783141,-0.0010554886856498893,0.4725875
26,0.0,aligned,available,58,-0.0002098810697090947,-0.5891898292794587,0.4725875
26,0.0,aligned,available,59,-0.0014532736684155223,0.6613096286713842,0.4725875
26,0.0,aligned,available,60,-0.021515241048504285,-0.007121289257407393,0.4725875
26,0.0,aligned,available,61,0.003310766552342922,-0.006169642904318134,0.4725875
26,0.0,aligned,available,62,0.0016196637817866844,-0.8169191740273065,0.4725875
26,0.0,aligned,available,63,0.013028185003409184,-0.002830496663690054,0.4725875
26,0.0,aligned,available,64,0.014159289263655051,0.006579896860346844,0.4725875
26,0.0,aligned,available,65,-0.006614936212560929,-0.3073727734317815,0.4725875
26,0.0,aligned,mi_obs,0,0.024263099632387708,0.7514566730814222,0.4725875
26,0.0,aligned,mi_obs,1,0.056375224275151944,-0.0030256453742906575,0.4725875
26,0.0,aligned,mi_obs,2,-0.027291625492054782,0.0027689694757071404,0.4725875
26,0.0,aligned,mi_obs,3,0.0025075091261833604,0.5308089335606444,0.4725875
26,0.0,aligned,mi_obs,4,-0.000443919946483351,0.37334912962849776,0.4725875
26,0.0,aligned,mi_obs,5,0.039419661864400934,0.28363088289577865,0.4725875
26,0.0,aligned,mi_obs,6,-0.035353894134814934,-0.30031754406218497,0.4725875
26,0.0,aligned,mi_obs,7,0.05657432505381621,0.5847160740239649,0.4725875
26,0.0,aligned,mi_obs,8,0.008588525880126045,-0.004499052537345707,0.4725875
26,0.0,aligned,mi_obs,9,0.0027305744580680045,-0.0006828638141797025,0.4725875
26,0.0,aligned,mi_obs,10,-0.0003924433305936281,-0.5978705579848117,0.4725875
26,0.0,aligned,mi_obs,11,0.0017630506558628592,-0.002469031573536116,0.4725875
26,0.0,aligned,mi_obs,12,-0.023342728928961023,-0.0018129967662619984,0.4725875
26,0.0,aligned,mi_obs,13,-0.006660007733334972,0.7439779256721911,0.4725875
26,0.0,aligned,mi_obs,14,-0.0056192309807532315,0.6482981631633483,0.4725875
26,0.0,aligned,mi_obs,15,0.07494593685909118,0.21011378256641983,0.4725875
26,0.0,aligned,mi_obs,16,-0.07848715689837901,-0.22349942697774852,0.4725875
26,0.0,aligned,mi_obs,17,0.024169470118480252,0.78025173759893,0.4725875
26,0.0,aligned,mi_obs,18,-0.002666293601172917,-0.008192143261629675,0.4725875
26,0.0,aligned,mi_obs,19,0.010990901437032255,-0.005917629279101266,0.4725875
26,0.0,aligned,mi_obs,20,-3.696250820983682e-05,-0.7037378495899416,0.4725875
26,0.0,aligned,mi_obs,21,-0.011635100109754102,-0.00398564272648318,0.4725875
26,0.0,aligned,mi_obs,22,-0.07157595189216806,-0.1969547193826914,0.4725875
26,0.0,aligned,mi_obs,23,-0.09384654168451198,-0.04955472298189847,0.4725875
26,0.0,aligned,mi_obs,24,-0.057627094722418115,-0.5694206134503447,0.4725875
26,0.0,aligned,mi_obs,25,0.04413644144238105,0.5983190814957705,0.4725875
26,0.0,aligned,mi_obs,26,-0.06135975784682392,-0.003415965317922858,0.4725875
26,0.0,aligned,mi_obs,27,-0.000380213892171662,-0.0062806879084567925,0.4725875
26,0.0,aligned,mi_obs,28,-0.01344675435471848,0.007781244198011137,0.4725875
26,0.0,aligned,mi_obs,29,0.04012694888790663,0.31972074103073633,0.4725875
26,0.0,aligned,mi_obs,30,0.04660266003571045,0.3586099400940416,0.4725875
26,0.0,aligned,mi_obs,31,0.06017899851702718,0.4953764499231896,0.4725875
26,0.0,aligned,mi_obs,32,0.10319486348747789,-0.002476926882077877,0.4725875
26,0.0,aligned,mi_obs,33,-0.1139978665430956,0.0009285786053374501,0.4725875
26,0.0,aligned,mi_obs,34,0.03437120935419152,0.3707867789808959,0.4725875
26,0.0,aligned,mi_obs,35,0.09876150571461415,-0.0032138156772717153,0.4725875
26,0.0,aligned,mi_obs,36,0.00745036555815476,-0.009036926782209099,0.4725875
26,0.0,aligned,mi_obs,37,-0.06365808882964313,-0.3433353025716143,0.4725875
26,0.0,aligned,mi_obs,38,0.006865085453536701,0.9306857557209652,0.4725875
26,0.0,aligned,mi_obs,39,0.1391013938948788,0.3892950000755561,0.4725875
26,0.0,aligned,mi_obs,40,-0.139955579695915,-0.4119665693550162,0.4725875
26,0.0,aligned,mi_obs,41,0.011155775599037132,0.9030917740790307,0.4725875
26,0.0,aligned,mi_obs,42,-0.019720588209594395,-0.010883895864262185,0.4725875
26,0.0,aligned,mi_obs,43,0.05714843392726156,0.11091041697318012,0.4725875
26,0.0,aligned,mi_obs,44,-0.014285767683715811,-0.9384425940491924,0.4725875
26,0.0,aligned,mi_obs,45,0.17253960677791175,0.0963012799528384,0.4725875
26,0.0,aligned,mi_obs,46,-0.1794461715013405,-0.10479392633160543,0.4725875
26,0.0,aligned,mi_obs,47,0.0016713378476266305,0.89078043399244,0.4725875
26,0.0,aligned,mi_obs,48,-0.015224636457890546,-0.012485779861658651,0.4725875
26,0.0,aligned,mi_obs,49,0.06182782389068768,-0.09477853595572804,0.4725875
26,0.0,aligned,mi_obs,50,-0.038556484037449934,-0.7764274238308018,0.4725875
26,0.0,aligned,mi_obs,51,-0.013303360723787683,-0.9532068942744585,0.4725875
26,0.0,aligned,mi_obs,52,0.16072831267971174,0.16325414019736376,0.4725875
26,0.0,aligned,mi_obs,53,-0.03709339295372651,0.00037367343735064895,0.4725875
26,0.0,aligned,mi_obs,54,0.013103931632796995,0.5614160585506335,0.4725875
26,0.0,aligned,mi_obs,55,-0.08701317072638559,-0.627382778465439,0.4725875
26,0.0,aligned,mi_obs,56,-0.16708397241058104,-0.17506492444055421,0.4725875
26,0.0,aligned,mi_obs,57,0.051610567349871184,-0.0010554886856498893,0.4725875
26,0.0,aligned,mi_obs,58,-0.005748800052142844,-0.5891898292794587,0.4725875
26,0.0,aligned,mi_obs,59,0.08237699874326132,0.6613096286713842,0.4725875
26,0.0,aligned,mi_obs,60,-0.1308274125764569,-0.007121289257407393,0.4725875
26,0.0,aligned,mi_obs,61,0.06459804587731609,-0.006169642904318134,0.4725875
26,0.0,aligned,mi_obs,62,-0.035841131921617864,-0.8169191740273065,0.4725875
26,0.0,aligned,mi_obs,63,0.006770809020214834,-0.002830496663690054,0.4725875
26,0.0,aligned,mi_obs,64,0.02152479197891646,0.006579896860346844,0.4725875
26,0.0,aligned,mi_obs,65,-0.028874268787571322,-0.3073727734317815,0.4725875
26,0.0,aligned,mi_class,0,-0.008253463025443164,0.7514566730814222,0.4725875
26,0.0,aligned,mi_class,1,0.016039750595724673,-0.0030256453742906575,0.4725875
26,0.0,aligned,mi_class,2,-0.02470942552024604,0.0027689694757071404,0.4725875
26,0.0,aligned,mi_class,3,-0.49075531954605645,0.5308089335606444,0.4725875
26,0.0,aligned,mi_class,4,-0.1022627320634924,0.37334912962849776,0.4725875
26,0.0,aligned,mi_class,5,-0.06081635190879259,0.28363088289577865,0.4725875
26,0.0,aligned,mi_class,6,-0.05506407353620185,-0.30031754406218497,0.4725875
26,0.0,aligned,mi_class,7,-0.11919639591465286,0.5847160740239649,0.4725875
26,0.0,aligned,mi_class,8,-0.036821594153650106,-0.004499052537345707,0.4725875
26,0.0,aligned,mi_class,9,0.02386214179311054,-0.0006828638141797025,0.4725875
26,0.0,aligned,mi_class,10,-0.011210528796882002,-0.5978705579848117,0.4725875
26,0.0,aligned,mi_class,11,0.001159245170373179,-0.002469031573536116,0.4725875
26,0.0,aligned,mi_class,12,0.004491020467960423,-0.0018129967662619984,0.4725875
26,0.0,aligned,mi_class,13,-0.7259061837639856,0.7439779256721911,0.4725875
26,0.0,aligned,mi_class,14,-0.25015288709685807,0.6482981631633483,0.4725875
26,0.0,aligned,mi_class,15,-0.07815214149203809,0.21011378256641983,0.4725875
26,0.0,aligned,mi_class,16,-0.06643992716324656,-0.22349942697774852,0.4725875
26,0.0,aligned,mi_class,17,-0.2728870301040869,0.78025173759893,0.4725875
26,0.0,aligned,mi_class,18,0.003339928825453974,-0.008192143261629675,0.4725875
26,0.0,aligned,mi_class,19,0.0031415955311505524,-0.005917629279101266,0.4725875
26,0.0,aligned,mi_class,20,0.05655446236172745,-0.7037378495899416,0.4725875
26,0.0,aligned,mi_class,21,0.003602797061074676,-0.00398564272648318,0.4725875
26,0.0,aligned,mi_class,22,0.19345643090303083,-0.1969547193826914,0.4725875
26,0.0,aligned,mi_class,23,0.051095360690192666,-0.04955472298189847,0.4725875
26,0.0,aligned,mi_class,24,0.23103861831617917,-0.5694206134503447,0.4725875
26,0.0,aligned,mi_class,25,-0.08914532048274015,0.5983190814957705,0.4725875
26,0.0,aligned,mi_class,26,0.0022820861861367727,-0.003415965317922858,0.4725875
26,0.0,aligned,mi_class,27,0.04872366574995958,-0.0062806879084567925,0.4725875
26,0.0,aligned,mi_class,28,-0.010771950952891306,0.007781244198011137,0.4725875
26,0.0,aligned,mi_class,29,0.004705210149393901,0.31972074103073633,0.4725875
26,0.0,aligned,mi_class,30,-1.3572569162494705,0.3586099400940416,0.4725875
26,0.0,aligned,mi_class,31,-0.49598595496988646,0.4953764499231896,0.4725875
26,0.0,aligned,mi_class,32,0.007429540678685137,-0.002476926882077877,0.4725875
26,0.0,aligned,mi_class,33,-0.008156540764664339,0.0009285786053374501,0.4725875
26,0.0,aligned,mi_class,34,-0.3664512821959117,0.3707867789808959,0.4725875
26,0.0,aligned,mi_class,35,-0.009448295756471398,-0.0032138156772717153,0.4725875
26,0.0,aligned,mi_class,36,-0.9879297521360065,-0.009036926782209099,0.4725875
26,0.0,aligned,mi_class,37,0.3383058835977108,-0.3433353025716143,0.4725875
26,0.0,aligned,mi_class,38,-0.8886696395056077,0.9306857557209652,0.4725875
26,0.0,aligned,mi_class,39,-0.3782710427031345,0.3892950000755561,0.4725875
26,0.0,aligned,mi_class,40,0.40448421702343246,-0.4119665693550162,0.4725875
26,0.0,aligned,mi_class,41,-0.8652161745421023,0.9030917740790307,0.4725875
26,0.0,aligned,mi_class,42,0.025425130998335807,-0.010883895864262185,0.4725875
26,0.0,aligned,mi_class,43,0.8853022875063595,0.11091041697318012,0.4725875
26,0.0,aligned,mi_class,44,0.9076752422240574,-0.9384425940491924,0.4725875
26,0.0,aligned,mi_class,45,-0.058759840013092576,0.0963012799528384,0.4725875
26,0.0,aligned,mi_class,46,0.06597783045355003,-0.10479392633160543,0.4725875
26,0.0,aligned,mi_class,47,-0.06186497582326311,0.89078043399244,0.4725875
26,0.0,aligned,mi_class,48,0.0058567246285990224,-0.012485779861658651,0.4725875
26,0.0,aligned,mi_class,49,0.0934460801022497,-0.09477853595572804,0.4725875
26,0.0,aligned,mi_class,50,0.23766514799201177,-0.7764274238308018,0.4725875
26,0.0,aligned,mi_class,51,0.17962681165228134,-0.9532068942744585,0.4725875
26,0.0,aligned,mi_class,52,-0.007395983984522458,0.16325414019736376,0.4725875
26,0.0,aligned,mi_class,53,-0.005923865395155821,0.00037367343735064895,0.4725875
26,0.0,aligned,mi_class,54,-0.5325776357084459,0.5614160585506335,0.4725875
26,0.0,aligned,mi_class,55,0.1430469735661798,-0.627382778465439,0.4725875
26,0.0,aligned,mi_class,56,0.03832626515204382,-0.17506492444055421,0.4725875
26,0.0,aligned,mi_class,57,0.06780337988085013,-0.0010554886856498893,0.4725875
26,0.0,aligned,mi_class,58,0.551968996185525,-0.5891898292794587,0.4725875
26,0.0,aligned,mi_class,59,0.05718606706498319,0.6613096286713842,0.4725875
26,0.0,aligned,mi_class,60,-0.00045067908220150065,-0.007121289257407393,0.4725875
26,0.0,aligned,mi_class,61,0.005231540672626455,-0.006169642904318134,0.4725875
26,0.0,aligned,mi_class,62,0.18630893768770396,-0.8169191740273065,0.4725875
26,0.0,aligned,mi_class,63,0.0005378750460515898,-0.002830496663690054,0.4725875
26,0.0,aligned,mi_class,64,-0.0006971864948352542,0.006579896860346844,0.4725875
26,0.0,aligned,mi_class,65,0.28218860632889065,-0.3073727734317815,0.4725875
26,0.0,aligned,mi_site,0,-0.04771723057387767,0.7514566730814222,0.4725875
26,0.0,aligned,mi_site,1,0.023642736727261422,-0.0030256453742906575,0.4725875
26,0.0,aligned,mi_site,2,-0.004013573889774013,0.0027689694757071404,0.4725875
26,0.0,aligned,mi_site,3,-0.06089251554776559,0.5308089335606444,0.4725875
26,0.0,aligned,mi_site,4,-0.035707789969852244,0.37334912962849776,0.4725875
26,0.0,aligned,mi_site,5,0.011312456337886356,0.28363088289577865,0.4725875
26,0.0,aligned,mi_site,6,-0.007496896515325313,-0.30031754406218497,0.4725875
26,0.0,aligned,mi_site,7,-0.021385840309235737,0.5847160740239649,0.4725875
26,0.0,aligned,mi_site,8,-0.028915319718745544,-0.004499052537345707,0.4725875
26,0.0,aligned,mi_site,9,0.00776016850540717,-0.0006828638141797025,0.4725875
26,0.0,aligned,mi_site,10,0.0539066741925609,-0.5978705579848117,0.4725875
26,0.0,aligned,mi_site,11,-0.006961603715181144,-0.002469031573536116,0.4725875
26,0.0,aligned,mi_site,12,-0.011671510435625695,-0.0018129967662619984,0.4725875
26,0.0,aligned,mi_site,13,-0.07627663697700016,0.7439779256721911,0.4725875
26,0.0,aligned,mi_site,14,-0.022192110855261626,0.6482981631633483,0.4725875
26,0.0,aligned,mi_site,15,0.06791778108014329,0.21011378256641983,0.4725875
26,0.0,aligned,mi_site,16,-0.06416584554645718,-0.22349942697774852,0.4725875
26,0.0,aligned,mi_site,17,-0.008940372323446133,0.78025173759893,0.4725875
26,0.0,aligned,mi_site,18,-0.02208169101380347,-0.008192143261629675,0.4725875
26,0.0,aligned,mi_site,19,0.01497057949635619,-0.005917629279101266,0.4725875
26,0.0,aligned,mi_site,20,0.020811163472507,-0.7037378495899416,0.4725875
26,0.0,aligned,mi_site,21,0.0029031582901683233,-0.00398564272648318,0.4725875
26,0.0,aligned,mi_site,22,-0.03207649338364807,-0.1969547193826914,0.4725875
26,0.0,aligned,mi_site,23,-0.06466693424131018,-0.04955472298189847,0.4725875
26,0.0,aligned,mi_site,24,-0.016640120861654895,-0.5694206134503447,0.4725875
26,0.0,aligned,mi_site,25,0.011212584704280215,0.5983190814957705,0.4725875
26,0.0,aligned,mi_site,26,-0.04249616175707041,-0.003415965317922858,0.4725875
26,0.0,aligned,mi_site,27,0.011756934093084578,-0.0062806879084567925,0.4725875
26,0.0,aligned,mi_site,28,-0.019555064742951447,0.007781244198011137,0.4725875
26,0.0,aligned,mi_site,29,0.001570268208214931,0.31972074103073633,0.4725875
26,0.0,aligned,mi_site,30,-0.06974425852632732,0.3586099400940416,0.4725875
26,0.0,aligned,mi_site,31,-0.10464830322445878,0.4953764499231896,0.4725875
26,0.0,aligned,mi_site,32,0.06630138618032307,-0.002476926882077877,0.4725875
26,0.0,aligned,mi_site,33,-0.07482637147403298,0.0009285786053374501,0.4725875
26,0.0,aligned,mi_site,34,-0.06082237589507755,0.3707867789808959,0.4725875
26,0.0,aligned,mi_site,35,0.052749301034990884,-0.0032138156772717153,0.4725875
26,0.0,aligned,mi_site,36,0.010827637445520118,-0.009036926782209099,0.4725875
26,0.0,aligned,mi_site,37,0.05831786378006898,-0.3433353025716143,0.4725875
26,0.0,aligned,mi_site,38,-0.051885899358338206,0.9306857557209652,0.4725875
26,0.0,aligned,mi_site,39,0.09054466030966363,0.3892950000755561,0.4725875
26,0.0,aligned,mi_site,40,-0.09095626488099684,-0.4119665693550162,0.4725875
26,0.0,aligned,mi_site,41,-0.03349059669499632,0.9030917740790307,0.4725875
26,0.0,aligned,mi_site,42,-0.027834886239484144,-0.010883895864262185,0.4725875
26,0.0,aligned,mi_site,43,-0.019721482887942246,0.11091041697318012,0.4725875
26,0.0,aligned,mi_site,44,0.04085172034433471,-0.9384425940491924,0.4725875
26,0.0,aligned,mi_site,45,0.15363745286830255,0.0963012799528384,0.4725875
26,0.0,aligned,mi_site,46,-0.15789969761555622,-0.10479392633160543,0.4725875
26,0.0,aligned,mi_site,47,-0.003009373890653033,0.89078043399244,0.4725875
26,0.0,aligned,mi_site,48,-0.02261525932943398,-0.012485779861658651,0.4725875
26,0.0,aligned,mi_site,49,0.09777787741328248,-0.09477853595572804,0.4725875
26,0.0,aligned,mi_site,50,-0.013504913771827498,-0.7764274238308018,0.4725875
26,0.0,aligned,mi_site,51,-0.003521011248281969,-0.9532068942744585,0.4725875
26,0.0,aligned,mi_site,52,0.14154938869629127,0.16325414019736376,0.4725875
26,0.0,aligned,mi_site,53,-0.02949610736621198,0.00037367343735064895,0.4725875
26,0.0,aligned,mi_site,54,-0.29226582369800463,0.5614160585506335,0.4725875
26,0.0,aligned,mi_site,55,-0.05771871764223169,-0.627382778465439,0.4725875
26,0.0,aligned,mi_site,56,-0.1440931051653534,-0.17506492444055421,0.4725875
26,0.0,aligned,mi_site,57,0.05043865398739245,-0.0010554886856498893,0.4725875
26,0.0,aligned,mi_site,58,0.3027927899340619,-0.5891898292794587,0.4725875
26,0.0,aligned,mi_site,59,0.052879487302077366,0.6613096286713842,0.4725875
26,0.0,aligned,mi_site,60,-0.08706864631622349,-0.007121289257407393,0.4725875
26,0.0,aligned,mi_site,61,0.04201300988289486,-0.006169642904318134,0.4725875
26,0.0,aligned,mi_site,62,-0.01865214320157016,-0.8169191740273065,0.4725875
26,0.0,aligned,mi_site,63,-0.02749670421660554,-0.002830496663690054,0.4725875
26,0.0,aligned,mi_site,64,0.032894898758482324,0.006579896860346844,0.4725875
26,0.0,aligned,mi_site,65,0.14050432015050013,-0.3073727734317815,0.4725875
26,0.0,closed,available,0,0.0039210680221967165,0.7514566730814222,0.4725875
26,0.0,closed,available,1,-0.007773795233560178,-0.0030256453742906575,0.4725875
26,0.0,closed,available,2,0.012093519433444586,0.0027689694757071404,0.4725875
26,0.0,closed,available,3,-0.008470996516183216,0.5308089335606444,0.4725875
26,0.0,closed,available,4,-0.00792211724003028,0.37334912962849776,0.4725875
26,0.0,closed,available,5,0.013138183312070117,0.28363088289577865,0.4725875
26,0.0,closed,available,6,-0.011805297405438175,-0.30031754406218497,0.4725875
26,0.0,closed,available,7,-0.0053590486104860835,0.5847160740239649,0.4725875
26,0.0,closed,available,8,0.004154581594799887,-0.004499052537345707,0.4725875
26,0.0,closed,available,9,-0.0034859745733305846,-0.0006828638141797025,0.4725875
26,0.0,closed,available,10,-3.184799486333212e-05,-0.5978705579848117,0.4725875
26,0.0,closed,available,11,-0.009794306652118678,-0.002469031573536116,0.4725875
26,0.0,closed,available,12,-0.004214511810450272,-0.0018129967662619984,0.4725875
26,0.0,closed,available,13,-0.006329061254472745,0.7439779256721911,0.4725875
26,0.0,closed,available,14,-0.00739288580894315,0.6482981631633483,0.4725875
26,0.0,closed,available,15,0.014464126977612901,0.21011378256641983,0.4725875
26,0.0,closed,available,16,-0.01458492014203236,-0.22349942697774852,0.4725875
26,0.0,closed,available,17,-0.006906867724122856,0.78025173759893,0.4725875
26,0.0,closed,available,18,-0.0028988948251913987,-0.008192143261629675,0.4725875
26,0.0,closed,available,19,-0.0036880740521717916,-0.005917629279101266,0.4725875
26,0.0,closed,available,20,-0.002322131721609999,-0.7037378495899416,0.4725875
26,0.0,closed,available,21,0.023240753005783824,-0.00398564272648318,0.4725875
26,0.0,closed,available,22,-0.0005688377741346062,-0.1969547193826914,0.4725875
26,0.0,closed,available,23,0.003662228389282797,-0.04955472298189847,0.4725875
26,0.0,closed,available,24,0.017885662480330522,-0.5694206134503447,0.4725875
26,0.0,closed,available,25,-0.016727091679763384,0.5983190814957705,0.4725875
26,0.0,closed,available,26,0.006241528727337835,-0.003415965317922858,0.4725875
26,0.0,closed,available,27,0.004190900328570682,-0.0062806879084567925,0.4725875
26,0.0,closed,available,28,-0.020772264331244492,0.007781244198011137,0.4725875
26,0.0,closed,available,29,-0.006142271545371669,0.31972074103073633,0.4725875
26,0.0,closed,available,30,-0.017134336802988592,0.3586099400940416,0.4725875
26,0.0,closed,available,31,0.008763223312395041,0.4953764499231896,0.4725875
26,0.0,closed,available,32,-0.0034759323648597233,-0.002476926882077877,0.4725875
26,0.0,closed,available,33,0.007487010121049426,0.0009285786053374501,0.4725875
26,0.0,closed,available,34,-0.030095984271020115,0.3707867789808959,0.4725875
26,0.0,closed,available,35,0.002099754354596712,-0.0032138156772717153,0.4725875
26,0.0,closed,available,36,0.0065637402228576605,-0.009036926782209099,0.4725875
26,0.0,closed,available,37,0.005961068452269014,-0.3433353025716143,0.4725875
26,0.0,closed,available,38,-0.003084817464201417,0.9306857557209652,0.4725875
26,0.0,closed,available,39,0.005301426741744886,0.3892950000755561,0.4725875
26,0.0,closed,available,40,-0.007261167210450059,-0.4119665693550162,0.4725875
26,0.0,closed,available,41,-0.004540687795631659,0.9030917740790307,0.4725875
26,0.0,closed,available,42,0.011753900521579949,-0.010883895864262185,0.4725875
26,0.0,closed,available,43,0.01091262351018589,0.11091041697318012,0.4725875
26,0.0,closed,available,44,0.0007311231984736821,-0.9384425940491924,0.4725875
26,0.0,closed,available,45,0.0019062996277823957,0.0963012799528384,0.4725875
26,0.0,closed,available,46,-0.0014790320532987733,-0.10479392633160543,0.4725875
26,0.0,closed,available,47,-0.0031814615707919103,0.89078043399244,0.4725875
26,0.0,closed,available,48,0.0015609449435166223,-0.012485779861658651,0.4725875
26,0.0,closed,available,49,0.0002360975203492266,-0.09477853595572804,0.4725875
26,0.0,closed,available,50,0.004186126255075195,-0.7764274238308018,0.4725875
26,0.0,closed,available,51,-0.0003821229773491863,-0.9532068942744585,0.4725875
26,0.0,closed,available,52,-0.0010916252108403302,0.16325414019736376,0.4725875
26,0.0,closed,available,53,0.0042923000860698125,0.00037367343735064895,0.4725875
26,0.0,closed,available,54,0.011077841216443618,0.5614160585506335,0.4725875
26,0.0,closed,available,55,-0.009098969340000096,-0.627382778465439,0.4725875
26,0.0,closed,available,56,-0.0001966917356705511,-0.17506492444055421,0.4725875
26,0.0,closed,available,57,-0.006009046088453643,-0.0010554886856498893,0.4725875
26,0.0,closed,available,58,-0.009048882225336952,-0.5891898292794587,0.4725875
26,0.0,closed,available,59,0.008600528082432501,0.6613096286713842,0.4725875
26,0.0,closed,available,60,0.01432759563855944,-0.007121289257407393,0.4725875
26,0.0,closed,available,61,0.008588024199362793,-0.006169642904318134,0.4725875
26,0.0,closed,available,62,0.0033788723959995437,-0.8169191740273065,0.4725875
26,0.0,closed,available,63,-0.005359062125146082,-0.002830496663690054,0.4725875
26,0.0,closed,available,64,-0.0014780956753049782,0.006579896860346844,0.4725875
26,0.0,closed,available,65,-0.0006702312068189165,-0.3073727734317815,0.4725875
26,0.0,closed,mi_obs,0,0.02870128360698676,0.7514566730814222,0.4725875
26,0.0,closed,mi_obs,1,0.04309493185630696,-0.0030256453742906575,0.4725875
26,0.0,closed,mi_obs,2,-0.04162097870311773,0.0027689694757071404,0.4725875
26,0.0,closed,mi_obs,3,0.009861642412371974,0.5308089335606444,0.4725875
26,0.0,closed,mi_obs,4,0.006408219139448557,0.37334912962849776,0.4725875
26,0.0,closed,mi_obs,5,0.04299850642556868,0.28363088289577865,0.4725875
26,0.0,closed,mi_obs,6,-0.042320451337429454,-0.30031754406218497,0.4725875
26,0.0,closed,mi_obs,7,0.06252381477753133,0.5847160740239649,0.4725875
26,0.0,closed,mi_obs,8,-0.031984579668419146,-0.004499052537345707,0.4725875
26,0.0,closed,mi_obs,9,-0.0007287400590041018,-0.0006828638141797025,0.4725875
26,0.0,closed,mi_obs,10,-0.007749368362713893,-0.5978705579848117,0.4725875
26,0.0,closed,mi_obs,11,0.010072030023146876,-0.002469031573536116,0.4725875
26,0.0,closed,mi_obs,12,-0.05150813742463163,-0.0018129967662619984,0.4725875
26,0.0,closed,mi_obs,13,-0.006186150505150256,0.7439779256721911,0.4725875
26,0.0,closed,mi_obs,14,-0.007692195759505416,0.6482981631633483,0.4725875
26,0.0,closed,mi_obs,15,0.0855268343380477,0.21011378256641983,0.4725875
26,0.0,closed,mi_obs,16,-0.08858306567746918,-0.22349942697774852,0.4725875
26,0.0,closed,mi_obs,17,0.01913557003527744,0.78025173759893,0.4725875
26,0.0,closed,mi_obs,18,-0.01422781897220654,-0.008192143261629675,0.4725875
26,0.0,closed,mi_obs,19,0.0029271181356335476,-0.005917629279101266,0.4725875
26,0.0,closed,mi_obs,20,-0.001705812247377425,-0.7037378495899416,0.4725875
26,0.0,closed,mi_obs,21,-0.032427819033570504,-0.00398564272648318,0.4725875
26,0.0,closed,mi_obs,22,-0.0739151456179806,-0.1969547193826914,0.4725875
26,0.0,closed,mi_obs,23,-0.10858009334268612,-0.04955472298189847,0.4725875
26,0.0,closed,mi_obs,24,-0.04098961328895767,-0.5694206134503447,0.4725875
26,0.0,closed,mi_obs,25,0.038734797213954675,0.5983190814957705,0.4725875
26,0.0,closed,mi_obs,26,-0.07817498157126347,-0.003415965317922858,0.4725875
26,0.0,closed,mi_obs,27,0.01274085313408476,-0.0062806879084567925,0.4725875
26,0.0,closed,mi_obs,28,-0.010034689548661402,0.007781244198011137,0.4725875
26,0.0,closed,mi_obs,29,0.04060971623064419,0.31972074103073633,0.4725875
26,0.0,closed,mi_obs,30,0.01935003274948538,0.3586099400940416,0.4725875
26,0.0,closed,mi_obs,31,0.029548318974528864,0.4953764499231896,0.4725875
26,0.0,closed,mi_obs,32,0.10369669622530077,-0.002476926882077877,0.4725875
26,0.0,closed,mi_obs,33,-0.10737613218575304,0.0009285786053374501,0.4725875
26,0.0,closed,mi_obs,34,-0.004761987498772657,0.3707867789808959,0.4725875
26,0.0,closed,mi_obs,35,-0.06724777347803614,-0.0032138156772717153,0.4725875
26,0.0,closed,mi_obs,36,0.017699791362463885,-0.009036926782209099,0.4725875
26,0.0,closed,mi_obs,37,-0.04133077268108598,-0.3433353025716143,0.4725875
26,0.0,closed,mi_obs,38,0.0072046038314050875,0.9306857557209652,0.4725875
26,0.0,closed,mi_obs,39,0.14853092392479444,0.3892950000755561,0.4725875
26,0.0,closed,mi_obs,40,-0.14651324014828948,-0.4119665693550162,0.4725875
26,0.0,closed,mi_obs,41,0.013483789795543877,0.9030917740790307,0.4725875
26,0.0,closed,mi_obs,42,-0.012654472256559716,-0.010883895864262185,0.4725875
26,0.0,closed,mi_obs,43,0.05063872849982774,0.11091041697318012,0.4725875
26,0.0,closed,mi_obs,44,-0.015776781670391427,-0.9384425940491924,0.4725875
26,0.0,closed,mi_obs,45,0.1850531120787497,0.0963012799528384,0.4725875
26,0.0,closed,mi_obs,46,-0.1884958738230097,-0.10479392633160543,0.4725875
26,0.0,closed,mi_obs,47,0.0016264386704636369,0.89078043399244,0.4725875
26,0.0,closed,mi_obs,48,4.111987654220606e-05,-0.012485779861658651,0.4725875
26,0.0,closed,mi_obs,49,0.05683083317713244,-0.09477853595572804,0.4725875
26,0.0,closed,mi_obs,50,-0.041344483835008994,-0.7764274238308018,0.4725875
26,0.0,closed,mi_obs,51,-0.012517086570289493,-0.9532068942744585,0.4725875
26,0.0,closed,mi_obs,52,0.17333468231687224,0.16325414019736376,0.4725875
26,0.0,closed,mi_obs,53,-0.026692987185987775,0.00037367343735064895,0.4725875
26,0.0,closed,mi_obs,54,0.01219358568021034,0.5614160585506335,0.4725875
26,0.0,closed,mi_obs,55,-0.09088499004690875,-0.627382778465439,0.4725875
26,0.0,closed,mi_obs,56,-0.1786948331237702,-0.17506492444055421,0.4725875
26,0.0,closed,mi_obs,57,-0.017069727831460824,-0.0010554886856498893,0.4725875
26,0.0,closed,mi_obs,58,-0.00235103451775176,-0.5891898292794587,0.4725875
26,0.0,closed,mi_obs,59,0.08389065201568158,0.6613096286713842,0.4725875
26,0.0,closed,mi_obs,60,0.07954726817398454,-0.007121289257407393,0.4725875
26,0.0,closed,mi_obs,61,0.07192752838105997,-0.006169642904318134,0.4725875
26,0.0,closed,mi_obs,62,-0.039934390488692184,-0.8169191740273065,0.4725875
26,0.0,closed,mi_obs,63,-0.014753104271902665,-0.002830496663690054,0.4725875
26,0.0,closed,mi_obs,64,0.003691734028064322,0.006579896860346844,0.4725875
26,0.0,closed,mi_obs,65,-0.02214461003889001,-0.3073727734317815,0.4725875
26,0.0,closed,mi_class,0,-0.011730947659585711,0.7514566730814222,0.4725875
26,0.0,closed,mi_class,1,-0.017701082728826277,-0.0030256453742906575,0.4725875
26,0.0,closed,mi_class,2,0.00046697004864743,0.0027689694757071404,0.4725875
26,0.0,closed,mi_class,3,-0.4903044878665596,0.5308089335606444,0.4725875
26,0.0,closed,mi_class,4,-0.08683932116482906,0.37334912962849776,0.4725875
26,0.0,closed,mi_class,5,-0.04509090337084942,0.28363088289577865,0.4725875
26,0.0,closed,mi_class,6,-0.02083661656450264,-0.30031754406218497,0.4725875
26,0.0,closed,mi_class,7,-0.125533303628801,0.5847160740239649,0.4725875
26,0.0,closed,mi_class,8,-0.004695595270276833,-0.004499052537345707,0.4725875
26,0.0,closed,mi_class,9,0.00934225215660052,-0.0006828638141797025,0.4725875
26,0.0,closed,mi_class,10,0.48411229318454696,-0.5978705579848117,0.4725875
26,0.0,closed,mi_class,11,-0.0180313484496381,-0.002469031573536116,0.4725875
26,0.0,closed,mi_class,12,-0.0033526108494749086,-0.0018129967662619984,0.4725875
26,0.0,closed,mi_class,13,-0.6839896500609337,0.7439779256721911,0.4725875
26,0.0,closed,mi_class,14,-0.21887264151371072,0.6482981631633483,0.4725875
26,0.0,closed,mi_class,15,-0.061793204218207165,0.21011378256641983,0.4725875
26,0.0,closed,mi_class,16,-0.04419726728088472,-0.22349942697774852,0.4725875
26,0.0,closed,mi_class,17,-0.26488169815012086,0.78025173759893,0.4725875
26,0.0,closed,mi_class,18,-0.002215851750988351,-0.008192143261629675,0.4725875
26,0.0,closed,mi_class,19,-0.005833035722961175,-0.005917629279101266,0.4725875
26,0.0,closed,mi_class,20,0.7262637604943996,-0.7037378495899416,0.4725875
26,0.0,closed,mi_class,21,0.003263898926173958,-0.00398564272648318,0.4725875
26,0.0,closed,mi_class,22,0.18332320835567512,-0.1969547193826914,0.4725875
26,0.0,closed,mi_class,23,0.015846748046656485,-0.04955472298189847,0.4725875
26,0.0,closed,mi_class,24,0.2536558483971196,-0.5694206134503447,0.4725875
26,0.0,closed,mi_class,25,-0.16263759188348936,0.5983190814957705,0.4725875
26,0.0,closed,mi_class,26,-0.0016607968532786725,-0.003415965317922858,0.4725875
26,0.0,closed,mi_class,27,0.03764526748118856,-0.0062806879084567925,0.4725875
26,0.0,closed,mi_class,28,-0.05222434772365429,0.007781244198011137,0.4725875
26,0.0,closed,mi_class,29,-0.32426868076748594,0.31972074103073633,0.4725875
26,0.0,closed,mi_class,30,-1.3495955931194594,0.3586099400940416,0.4725875
26,0.0,closed,mi_class,31,-0.48539208729522704,0.4953764499231896,0.4725875
26,0.0,closed,mi_class,32,0.001821680480338167,-0.002476926882077877,0.4725875
26,0.0,closed,mi_class,33,-8.855434538673215e-05,0.0009285786053374501,0.4725875
26,0.0,closed,mi_class,34,-0.3620779002826466,0.3707867789808959,0.4725875
26,0.0,closed,mi_class,35,0.050703670468335425,-0.0032138156772717153,0.4725875
26,0.0,closed,mi_class,36,0.007636272221849127,-0.009036926782209099,0.4725875
26,0.0,closed,mi_class,37,0.34165590213423563,-0.3433353025716143,0.4725875
26,0.0,closed,mi_class,38,-0.8201277441057171,0.9306857557209652,0.4725875
26,0.0,closed,mi_class,39,-0.34301516916930647,0.3892950000755561,0.4725875
26,0.0,closed,mi_class,40,0.3554274192808965,-0.4119665693550162,0.4725875
26,0.0,closed,mi_class,41,-0.7980767055549449,0.9030917740790307,0.4725875
26,0.0,closed,mi_class,42,-0.0365276053474852,-0.010883895864262185,0.4725875
26,0.0,closed,mi_class,43,-0.1024053716092754,0.11091041697318012,0.4725875
26,0.0,closed,mi_class,44,0.9227530598668585,-0.9384425940491924,0.4725875
26,0.0,closed,mi_class,45,0.005179955337234116,0.0963012799528384,0.4725875
26,0.0,closed,mi_class,46,0.010542836377710502,-0.10479392633160543,0.4725875
26,0.0,closed,mi_class,47,0.0007743813382815601,0.89078043399244,0.4725875
26,0.0,closed,mi_class,48,0.004900052664636057,-0.012485779861658651,0.4725875
26,0.0,closed,mi_class,49,-0.0015063423143593796,-0.09477853595572804,0.4725875
26,0.0,closed,mi_class,50,0.6661807173371073,-0.7764274238308018,0.4725875
26,0.0,closed,mi_class,51,0.14762387499985097,-0.9532068942744585,0.4725875
26,0.0,closed,mi_class,52,0.00762977452790814,0.16325414019736376,0.4725875
26,0.0,closed,mi_class,53,-0.0008056369629849765,0.00037367343735064895,0.4725875
26,0.0,closed,mi_class,54,-0.10056198307302533,0.5614160585506335,0.4725875
26,0.0,closed,mi_class,55,0.5370723685671553,-0.627382778465439,0.4725875
26,0.0,closed,mi_class,56,0.021480477303863293,-0.17506492444055421,0.4725875
26,0.0,closed,mi_class,57,-0.019188799950348445,-0.0010554886856498893,0.4725875
26,0.0,closed,mi_class,58,0.0668094819953381,-0.5891898292794587,0.4725875
26,0.0,closed,mi_class,59,-0.5399610140033332,0.6613096286713842,0.4725875
26,0.0,closed,mi_class,60,-0.0017426197741893055,-0.007121289257407393,0.4725875
26,0.0,closed,mi_class,61,-0.01612080308954129,-0.006169642904318134,0.4725875
26,0.0,closed,mi_class,62,0.7008762909898342,-0.8169191740273065,0.4725875
26,0.0,closed,mi_class,63,0.0022418367060090066,-0.002830496663690054,0.4725875
26,0.0,closed,mi_class,64,-0.003956103177401934,0.006579896860346844,0.4725875
26,0.0,closed,mi_class,65,0.2696944213592001,-0.3073727734317815,0.4725875
26,0.0,closed,mi_site,0,0.025556456370883884,0.7514566730814222,0.4725875
26,0.0,closed,mi_site,1,0.032867182435763864,-0.0030256453742906575,0.4725875
26,0.0,closed,mi_site,2,-0.03557944873981825,0.0027689694757071404,0.4725875
26,0.0,closed,mi_site,3,0.010185015257927477,0.5308089335606444,0.4725875
26,0.0,closed,mi_site,4,0.0024325817904801705,0.37334912962849776,0.4725875
26,0.0,closed,mi_site,5,0.05502310499326146,0.28363088289577865,0.4725875
26,0.0,closed,mi_site,6,-0.05367105286801621,-0.30031754406218497,0.4725875
26,0.0,closed,mi_site,7,0.053136114314081495,0.5847160740239649,0.4725875
26,0.0,closed,mi_site,8,-0.02293065082399359,-0.004499052537345707,0.4725875
26,0.0,closed,mi_site,9,-0.0006545666766560156,-0.0006828638141797025,0.4725875
26,0.0,closed,mi_site,10,-0.00699492536944657,-0.5978705579848117,0.4725875
26,0.0,closed,mi_site,11,0.004815847709521874,-0.002469031573536116,0.4725875
26,0.0,closed,mi_site,12,-0.05077478796949107,-0.0018129967662619984,0.4725875
26,0.0,closed,mi_site,13,-0.008809490343126058,0.7439779256721911,0.4725875
26,0.0,closed,mi_site,14,-0.016262921354015192,0.6482981631633483,0.4725875
26,0.0,closed,mi_site,15,0.0975376155946342,0.21011378256641983,0.4725875
26,0.0,closed,mi_site,16,-0.1036873013351581,-0.22349942697774852,0.4725875
26,0.0,closed,mi_site,17,0.011126141325853878,0.78025173759893,0.4725875
26,0.0,closed,mi_site,18,-0.014187085932208063,-0.008192143261629675,0.4725875
26,0.0,closed,mi_site,19,0.004945319963500816,-0.005917629279101266,0.4725875
26,0.0,closed,mi_site,20,-0.0003195498994229551,-0.7037378495899416,0.4725875
26,0.0,closed,mi_site,21,-0.04597858548672214,-0.00398564272648318,0.4725875
26,0.0,closed,mi_site,22,-0.07917155713845855,-0.1969547193826914,0.4725875
26,0.0,closed,mi_site,23,-0.10694358910301183,-0.04955472298189847,0.4725875
26,0.0,closed,mi_site,24,-0.020214534951968344,-0.5694206134503447,0.4725875
26,0.0,closed,mi_site,25,0.01877762830271501,0.5983190814957705,0.4725875
26,0.0,closed,mi_site,26,-0.07262235756024445,-0.003415965317922858,0.4725875
26,0.0,closed,mi_site,27,0.010362840729477919,-0.0062806879084567925,0.4725875
26,0.0,closed,mi_site,28,-0.020886794548558435,0.007781244198011137,0.4725875
26,0.0,closed,mi_site,29,0.039782951283614754,0.31972074103073633,0.4725875
26,0.0,closed,mi_site,30,0.007723609157809674,0.3586099400940416,0.4725875
26,0.0,closed,mi_site,31,0.010664450405713788,0.4953764499231896,0.4725875
26,0.0,closed,mi_site,32,0.10900681928684572,-0.002476926882077877,0.4725875
26,0.0,closed,mi_site,33,-0.11744025608807959,0.0009285786053374501,0.4725875
26,0.0,closed,mi_site,34,-0.025974452601669473,0.3707867789808959,0.4725875
26,0.0,closed,mi_site,35,-0.02951441380747728,-0.0032138156772717153,0.4725875
26,0.0,closed,mi_site,36,0.02193628494095462,-0.009036926782209099,0.4725875
26,0.0,closed,mi_site,37,-0.03200861286269191,-0.3433353025716143,0.4725875
26,0.0,closed,mi_site,38,0.0037223112262380065,0.9306857557209652,0.4725875
26,0.0,closed,mi_site,39,0.15107946644095333,0.3892950000755561,0.4725875
26,0.0,closed,mi_site,40,-0.15484440259622634,-0.4119665693550162,0.4725875
26,0.0,closed,mi_site,41,0.011388334553451007,0.9030917740790307,0.4725875
26,0.0,closed,mi_site,42,-0.008417552804670764,-0.010883895864262185,0.4725875
26,0.0,closed,mi_site,43,0.052777796612891045,0.11091041697318012,0.4725875
26,0.0,closed,mi_site,44,-0.014910411365718357,-0.9384425940491924,0.4725875
26,0.0,closed,mi_site,45,0.18053619564752454,0.0963012799528384,0.4725875
26,0.0,closed,mi_site,46,-0.18925893189049975,-0.10479392633160543,0.4725875
26,0.0,closed,mi_site,47,-0.0023762866489999146,0.89078043399244,0.4725875
26,0.0,closed,mi_site,48,0.0007094115183325263,-0.012485779861658651,0.4725875
26,0.0,closed,mi_site,49,0.05834003827561426,-0.09477853595572804,0.4725875
26,0.0,closed,mi_site,50,-0.03449208537265347,-0.7764274238308018,0.4725875
26,0.0,closed,mi_site,51,-0.00790989967121647,-0.9532068942744585,0.4725875
26,0.0,closed,mi_site,52,0.17738398878419717,0.16325414019736376,0.4725875
26,0.0,closed,mi_site,53,-0.020535929603311232,0.00037367343735064895,0.4725875
26,0.0,closed,mi_site,54,-0.001619946350757795,0.5614160585506335,0.4725875
26,0.0,closed,mi_site,55,-0.0936120932584823,-0.627382778465439,0.4725875
26,0.0,closed,mi_site,56,-0.18520046051040373,-0.17506492444055421,0.4725875
26,0.0,closed,mi_site,57,-0.0041986781375356694,-0.0010554886856498893,0.4725875
26,0.0,closed,mi_site,58,0.008807471873396255,-0.5891898292794587,0.4725875
26,0.0,closed,mi_site,59,0.09222553603414863,0.6613096286713842,0.4725875
26,0.0,closed,mi_site,60,0.040584892703835335,-0.007121289257407393,0.4725875
26,0.0,closed,mi_site,61,0.07297871656212833,-0.006169642904318134,0.4725875
26,0.0,closed,mi_site,62,-0.035860361903808924,-0.8169191740273065,0.4725875
26,0.0,closed,mi_site,63,-0.014020746297683328,-0.002830496663690054,0.4725875
26,0.0,closed,mi_site,64,0.006356017148059508,0.006579896860346844,0.4725875
26,0.0,closed,mi_site,65,-0.02173095975022249,-0.3073727734317815,0.4725875
26,1.0,aligned,available,0,0.002566054013410035,0.7560688609612205,0.4725875
26,1.0,aligned,available,1,0.010067771186273236,-0.002721982028404921,0.4725875
26,1.0,aligned,available,2,-0.016917579381092902,0.0005674002330084416,0.4725875
26,1.0,aligned,available,3,-0.005805172503516531,0.5343784242247376,0.4725875
26,1.0,aligned,available,4,0.0013504275974872693,0.3750573144298147,0.4725875
26,1.0,aligned,available,5,0.008014387150443725,0.28615371464178707,0.4725875
26,1.0,aligned,available,6,-0.005389218801770457,-0.3031854666212807,0.4725875
26,1.0,aligned,available,7,0.002724604456377455,0.5880091927346858,0.4725875
26,1.0,aligned,available,8,-0.010527219989438608,-0.005028924090073485,0.4725875
26,1.0,aligned,available,9,0.015793888857522496,0.0006568429901251286,0.4725875
26,1.0,aligned,available,10,0.0012411845306271596,-0.6010982607710077,0.4725875
26,1.0,aligned,available,11,-0.006362597102549033,-0.0022532030271800794,0.4725875
26,1.0,aligned,available,12,0.0010569428552068003,-0.0026705340160914173,0.4725875
26,1.0,aligned,available,13,-0.0016496461028222553,0.7447241740515242,0.4725875
26,1.0,aligned,available,14,0.0028085241061949207,0.646782555378252,0.4725875
26,1.0,aligned,available,15,0.0007636877966941957,0.21375267723577807,0.4725875
26,1.0,aligned,available,16,0.0019888277904192286,-0.22748631482260392,0.4725875
26,1.0,aligned,available,17,0.0011731718569992777,0.7808476153350475,0.4725875
26,1.0,aligned,available,18,-0.0015459884280700012,-0.009000017022283051,0.4725875
26,1.0,aligned,available,19,0.00999984395282624,-0.004106395286933176,0.4725875
26,1.0,aligned,available,20,0.0012408561785482997,-0.7052581774560726,0.4725875
26,1.0,aligned,available,21,0.015220101702094303,-0.0034526243465832934,0.4725875
26,1.0,aligned,available,22,-0.009775523215273058,-0.19558096762902233,0.4725875
26,1.0,aligned,available,23,-0.014140563666340922,-0.04890546466871107,0.4725875
26,1.0,aligned,available,24,-0.005698677350218784,-0.5658625258272143,0.4725875
26,1.0,aligned,available,25,-0.0008500670607635152,0.5940517265136727,0.4725875
26,1.0,aligned,available,26,0.0015655280746770008,-0.003060872857688508,0.4725875
26,1.0,aligned,available,27,0.012277026435936133,-0.0050883489923912225,0.4725875
26,1.0,aligned,available,28,0.0008091999766609665,0.0070406488649049056,0.4725875
26,1.0,aligned,available,29,0.001757866167865496,0.31694070397482477,0.4725875
26,1.0,aligned,available,30,0.004868368881480123,0.36047466266835204,0.4725875
26,1.0,aligned,available,31,-0.0054404742569536535,0.49965609071604355,0.4725875
26,1.0,aligned,available,32,0.002651298934403752,-0.004528200389284387,0.4725875
26,1.0,aligned,available,33,-0.005076674740242631,0.0034978717738189456,0.4725875
26,1.0,aligned,available,34,0.003899985763502145,0.3731072690501284,0.4725875
26,1.0,aligned,available,35,0.02003962076456951,0.003814277260834969,0.4725875
26,1.0,aligned,available,36,0.03454594291553923,-0.012158657543605332,0.4725875
26,1.0,aligned,available,37,0.006292051645688079,-0.34344049863251586,0.4725875
26,1.0,aligned,available,38,0.00029458654989222843,0.929935822657865,0.4725875
26,1.0,aligned,available,39,-0.007670260554430375,0.3912017062659551,0.4725875
26,1.0,aligned,available,40,0.006662526530659685,-0.41372507194529407,0.4725875
26,1.0,aligned,available,41,0.0005155032012483796,0.9039374595533785,0.4725875
26,1.0,aligned,available,42,-0.014803623815945303,-0.008517652640711498,0.4725875
26,1.0,aligned,available,43,0.0007008674970323259,0.11325917883659065,0.4725875
26,1.0,aligned,available,44,0.0011197969882509318,-0.9386525792584901,0.4725875
26,1.0,aligned,available,45,-0.003473455984718793,0.09630943643459272,0.4725875
26,1.0,aligned,available,46,0.0018143225387951961,-0.1046777603159659,0.4725875
26,1.0,aligned,available,47,0.0006787200119917625,0.8910253689669588,0.4725875
26,1.0,aligned,available,48,-0.014585216176006414,-0.00986961246136883,0.4725875
26,1.0,aligned,available,49,0.008720356418430858,-0.09526688459453811,0.4725875
26,1.0,aligned,available,50,0.0003915672436975992,-0.775460429922405,0.4725875
26,1.0,aligned,available,51,1.5514041905806408e-05,-0.9538491341818806,0.4725875
26,1.0,aligned,available,52,-0.004299027058005528,0.16569090346503892,0.4725875
26,1.0,aligned,available,53,-0.012706325319512955,0.0034948343968346117,0.4725875
26,1.0,aligned,available,54,-0.002720441319624567,0.5677048771381366,0.4725875
26,1.0,aligned,available,55,0.0005846105099188703,-0.628931156366721,0.4725875
26,1.0,aligned,available,56,0.0032633388660556206,-0.17759904149348466,0.4725875
26,1.0,aligned,available,57,0.010801025113399455,-0.00349754266746587,0.4725875
26,1.0,aligned,available,58,0.0010372139926786428,-0.5953330396037184,0.4725875
26,1.0,aligned,available,59,-0.0011268916159218323,0.6625253650640162,0.4725875
26,1.0,aligned,available,60,-0.021553203588485472,-0.004862738936284358,0.4725875
26,1.0,aligned,available,61,0.0007910047861731202,-0.005547071760827103,0.4725875
26,1.0,aligned,available,62,0.0005757141356479423,-0.8178954916802433,0.4725875
26,1.0,aligned,available,63,0.010854885764704926,0.0009567676086224339,0.4725875
26,1.0,aligned,available,64,0.01175420642063932,0.003240203906090382,0.4725875
26,1.0,aligned,available,65,-0.0040386674230241115,-0.3106706148693898,0.4725875
26,1.0,aligned,mi_obs,0,0.024224167754250847,0.7560688609612205,0.4725875
26,1.0,aligned,mi_obs,1,0.05701750073027046,-0.002721982028404921,0.4725875
26,1.0,aligned,mi_obs,2,-0.028870933352004136,0.0005674002330084416,0.4725875
26,1.0,aligned,mi_obs,3,0.0036072148566020923,0.5343784242247376,0.4725875
26,1.0,aligned,mi_obs,4,0.00047659393679599926,0.3750573144298147,0.4725875
26,1.0,aligned,mi_obs,5,0.04105902059232491,0.28615371464178707,0.4725875
26,1.0,aligned,mi_obs,6,-0.03799623540305558,-0.3031854666212807,0.4725875
26,1.0,aligned,mi_obs,7,0.05649578515959608,0.5880091927346858,0.4725875
26,1.0,aligned,mi_obs,8,0.020334867679954235,-0.005028924090073485,0.4725875
26,1.0,aligned,mi_obs,9,0.003162210944780272,0.0006568429901251286,0.4725875
26,1.0,aligned,mi_obs,10,-0.001843206869631131,-0.6010982607710077,0.4725875
26,1.0,aligned,mi_obs,11,0.0019363981452881814,-0.0022532030271800794,0.4725875
26,1.0,aligned,mi_obs,12,-0.02444914057598385,-0.0026705340160914173,0.4725875
26,1.0,aligned,mi_obs,13,-0.005858613964993542,0.7447241740515242,0.4725875
26,1.0,aligned,mi_obs,14,-0.0048776302789055315,0.646782555378252,0.4725875
26,1.0,aligned,mi_obs,15,0.07595825799464251,0.21375267723577807,0.4725875
26,1.0,aligned,mi_obs,16,-0.07956108156528766,-0.22748631482260392,0.4725875
26,1.0,aligned,mi_obs,17,0.024452251056553242,0.7808476153350475,0.4725875
26,1.0,aligned,mi_obs,18,0.0005115360803412388,-0.009000017022283051,0.4725875
26,1.0,aligned,mi_obs,19,0.010685862484398618,-0.004106395286933176,0.4725875
26,1.0,aligned,mi_obs,20,-0.001182462724289124,-0.7052581774560726,0.4725875
26,1.0,aligned,mi_obs,21,-0.010768831306229429,-0.0034526243465832934,0.4725875
26,1.0,aligned,mi_obs,22,-0.069395729438531,-0.19558096762902233,0.4725875
26,1.0,aligned,mi_obs,23,-0.0917418909969529,-0.04890546466871107,0.4725875
26,1.0,aligned,mi_obs,24,-0.05750115397481348,-0.5658625258272143,0.4725875
26,1.0,aligned,mi_obs,25,0.0440705912479864,0.5940517265136727,0.4725875
26,1.0,aligned,mi_obs,26,-0.061671236557520215,-0.003060872857688508,0.4725875
26,1.0,aligned,mi_obs,27,-1.7154249553520337e-05,-0.0050883489923912225,0.4725875
26,1.0,aligned,mi_obs,28,-0.015543780949748287,0.0070406488649049056,0.4725875
26,1.0,aligned,mi_obs,29,0.03853751691878726,0.31694070397482477,0.4725875
26,1.0,aligned,mi_obs,30,0.04404179903557642,0.36047466266835204,0.4725875
26,1.0,aligned,mi_obs,31,0.058123141888533514,0.49965609071604355,0.4725875
26,1.0,aligned,mi_obs,32,0.10096138399537576,-0.004528200389284387,0.4725875
26,1.0,aligned,mi_obs,33,-0.1117303433166987,0.0034978717738189456,0.4725875
26,1.0,aligned,mi_obs,34,0.03234913989440702,0.3731072690501284,0.4725875
26,1.0,aligned,mi_obs,35,0.10087553684119314,0.003814277260834969,0.4725875
26,1.0,aligned,mi_obs,36,0.0039246626006873946,-0.012158657543605332,0.4725875
26,1.0,aligned,mi_obs,37,-0.06075944586877435,-0.34344049863251586,0.4725875
26,1.0,aligned,mi_obs,38,0.006947836993662526,0.929935822657865,0.4725875
26,1.0,aligned,mi_obs,39,0.13852243626254523,0.3912017062659551,0.4725875
26,1.0,aligned,mi_obs,40,-0.1392938232432257,-0.41372507194529407,0.4725875
26,1.0,aligned,mi_obs,41,0.011900239536292823,0.9039374595533785,0.4725875
26,1.0,aligned,mi_obs,42,-0.011085554964173412,-0.008517652640711498,0.4725875
26,1.0,aligned,mi_obs,43,0.05602535819878243,0.11325917883659065,0.4725875
26,1.0,aligned,mi_obs,44,-0.014367920801714118,-0.9386525792584901,0.4725875
26,1.0,aligned,mi_obs,45,0.17235622193286848,0.09630943643459272,0.4725875
26,1.0,aligned,mi_obs,46,-0.17902140791417773,-0.1046777603159659,0.4725875
26,1.0,aligned,mi_obs,47,0.0023302717675921514,0.8910253689669588,0.4725875
26,1.0,aligned,mi_obs,48,-0.007903485812505535,-0.00986961246136883,0.4725875
26,1.0,aligned,mi_obs,49,0.06081347131304605,-0.09526688459453811,0.4725875
26,1.0,aligned,mi_obs,50,-0.03895012036179135,-0.775460429922405,0.4725875
26,1.0,aligned,mi_obs,51,-0.013009809992659216,-0.9538491341818806,0.4725875
26,1.0,aligned,mi_obs,52,0.16090167255840307,0.16569090346503892,0.4725875
26,1.0,aligned,mi_obs,53,-0.0312239575438661,0.0034948343968346117,0.4725875
26,1.0,aligned,mi_obs,54,0.010578730288049454,0.5677048771381366,0.4725875
26,1.0,aligned,mi_obs,55,-0.0860652420042608,-0.628931156366721,0.4725875
26,1.0,aligned,mi_obs,56,-0.16744155635792152,-0.17759904149348466,0.4725875
26,1.0,aligned,mi_obs,57,0.04752811108472127,-0.00349754266746587,0.4725875
26,1.0,aligned,mi_obs,58,-0.004147939214955376,-0.5953330396037184,0.4725875
26,1.0,aligned,mi_obs,59,0.08156824007436636,0.6625253650640162,0.4725875
26,1.0,aligned,mi_obs,60,-0.11507251686783468,-0.004862738936284358,0.4725875
26,1.0,aligned,mi_obs,61,0.06316000837773256,-0.005547071760827103,0.4725875
26,1.0,aligned,mi_obs,62,-0.03677107255983625,-0.8178954916802433,0.4725875
26,1.0,aligned,mi_obs,63,0.0006859290896775572,0.0009567676086224339,0.4725875
26,1.0,aligned,mi_obs,64,0.013476041634031809,0.003240203906090382,0.4725875
26,1.0,aligned,mi_obs,65,-0.026466511907095647,-0.3106706148693898,0.4725875
26,1.0,aligned,mi_class,0,-0.015192992032009855,0.7560688609612205,0.4725875
26,1.0,aligned,mi_class,1,0.019474629871494474,-0.002721982028404921,0.4725875
26,1.0,aligned,mi_class,2,-0.04408608500795317,0.0005674002330084416,0.4725875
26,1.0,aligned,mi_class,3,-0.47456493310369047,0.5343784242247376,0.4725875
26,1.0,aligned,mi_class,4,-0.09732704471905479,0.3750573144298147,0.4725875
26,1.0,aligned,mi_class,5,-0.05782365835059941,0.28615371464178707,0.4725875
26,1.0,aligned,mi_class,6,-0.06056753873191739,-0.3031854666212807,0.4725875
26,1.0,aligned,mi_class,7,-0.12054713472723882,0.5880091927346858,0.4725875
26,1.0,aligned,mi_class,8,-0.04190092591226736,-0.005028924090073485,0.4725875
26,1.0,aligned,mi_class,9,0.04424292814607714,0.0006568429901251286,0.4725875
26,1.0,aligned,mi_class,10,-0.00910938592289523,-0.6010982607710077,0.4725875
26,1.0,aligned,mi_class,11,0.0028150924908444752,-0.0022532030271800794,0.4725875
26,1.0,aligned,mi_class,12,0.005453867861391088,-0.0026705340160914173,0.4725875
26,1.0,aligned,mi_class,13,-0.7291292059027593,0.7447241740515242,0.4725875
26,1.0,aligned,mi_class,14,-0.24697677835666632,0.646782555378252,0.4725875
26,1.0,aligned,mi_class,15,-0.07797659548770547,0.21375267723577807,0.4725875
26,1.0,aligned,mi_class,16,-0.07551732596656094,-0.22748631482260392,0.4725875
26,1.0,aligned,mi_class,17,-0.26945617591969584,0.7808476153350475,0.4725875
26,1.0,aligned,mi_class,18,0.005329023947342302,-0.009000017022283051,0.4725875
26,1.0,aligned,mi_class,19,0.000971506841011589,-0.004106395286933176,0.4725875
26,1.0,aligned,mi_class,20,0.05453353463128319,-0.7052581774560726,0.4725875
26,1.0,aligned,mi_class,21,0.003183355677809167,-0.0034526243465832934,0.4725875
26,1.0,aligned,mi_class,22,0.1925936247219496,-0.19558096762902233,0.4725875
26,1.0,aligned,mi_class,23,0.05137540679734622,-0.04890546466871107,0.4725875
26,1.0,aligned,mi_class,24,0.23125546957747717,-0.5658625258272143,0.4725875
26,1.0,aligned,mi_class,25,-0.07487283287408497,0.5940517265136727,0.4725875
26,1.0,aligned,mi_class,26,0.0032185470036949285,-0.003060872857688508,0.4725875
26,1.0,aligned,mi_class,27,0.04556373183511913,-0.0050883489923912225,0.4725875
26,1.0,aligned,mi_class,28,-0.011091340875022608,0.0070406488649049056,0.4725875
26,1.0,aligned,mi_class,29,0.0030743972690979726,0.31694070397482477,0.4725875
26,1.0,aligned,mi_class,30,-1.3594466281608688,0.36047466266835204,0.4725875
26,1.0,aligned,mi_class,31,-0.5016884705305785,0.49965609071604355,0.4725875
26,1.0,aligned,mi_class,32,0.00963256298786758,-0.004528200389284387,0.4725875
26,1.0,aligned,mi_class,33,-0.0106156955651955,0.0034978717738189456,0.4725875
26,1.0,aligned,mi_class,34,-0.3698013458050552,0.3731072690501284,0.4725875
26,1.0,aligned,mi_class,35,-0.0168415338130794,0.003814277260834969,0.4725875
26,1.0,aligned,mi_class,36,-0.9830462967378516,-0.012158657543605332,0.4725875
26,1.0,aligned,mi_class,37,0.33995750429219357,-0.34344049863251586,0.4725875
26,1.0,aligned,mi_class,38,-0.8924734650220165,0.929935822657865,0.4725875
26,1.0,aligned,mi_class,39,-0.382203975234972,0.3912017062659551,0.4725875
26,1.0,aligned,mi_class,40,0.4080013832622769,-0.41372507194529407,0.4725875
26,1.0,aligned,mi_class,41,-0.870931744682831,0.9039374595533785,0.4725875
26,1.0,aligned,mi_class,42,0.02266959064750066,-0.008517652640711498,0.4725875
26,1.0,aligned,mi_class,43,0.8814120626903152,0.11325917883659065,0.4725875
26,1.0,aligned,mi_class,44,0.9114153993680297,-0.9386525792584901,0.4725875
26,1.0,aligned,mi_class,45,-0.05774287674110514,0.09630943643459272,0.4725875
26,1.0,aligned,mi_class,46,0.06535060392258546,-0.1046777603159659,0.4725875
26,1.0,aligned,mi_class,47,-0.05862632000387347,0.8910253689669588,0.4725875
26,1.0,aligned,mi_class,48,0.004184252181586653,-0.00986961246136883,0.4725875
26,1.0,aligned,mi_class,49,0.09145470575287636,-0.09526688459453811,0.4725875
26,1.0,aligned,mi_class,50,0.23435044525714976,-0.775460429922405,0.4725875
26,1.0,aligned,mi_class,51,0.18160175012202784,-0.9538491341818806,0.4725875
26,1.0,aligned,mi_class,52,-0.006711455999792226,0.16569090346503892,0.4725875
26,1.0,aligned,mi_class,53,-0.008338037372961193,0.0034948343968346117,0.4725875
26,1.0,aligned,mi_class,54,-0.5292865346749148,0.5677048771381366,0.4725875
26,1.0,aligned,mi_class,55,0.1429366500373766,-0.628931156366721,0.4725875
26,1.0,aligned,mi_class,56,0.03805887282194395,-0.17759904149348466,0.4725875
26,1.0,aligned,mi_class,57,0.1021235549312625,-0.00349754266746587,0.4725875
26,1.0,aligned,mi_class,58,0.5453655488730198,-0.5953330396037184,0.4725875
26,1.0,aligned,mi_class,59,0.06042135631944212,0.6625253650640162,0.4725875
26,1.0,aligned,mi_class,60,-0.0014337389292398053,-0.004862738936284358,0.4725875
26,1.0,aligned,mi_class,61,0.003795298724044319,-0.005547071760827103,0.4725875
26,1.0,aligned,mi_class,62,0.18525808394857168,-0.8178954916802433,0.4725875
26,1.0,aligned,mi_class,63,-0.008359756703505453,0.0009567676086224339,0.4725875
26,1.0,aligned,mi_class,64,0.0013789841517932314,0.003240203906090382,0.4725875
26,1.0,aligned,mi_class,65,0.278869805712401,-0.3106706148693898,0.4725875
26,1.0,aligned,mi_site,0,-0.04607203065506149,0.7560688609612205,0.4725875
26,1.0,aligned,mi_site,1,0.023879080099481885,-0.002721982028404921,0.4725875
26,1.0,aligned,mi_site,2,-0.006592851425675453,0.0005674002330084416,0.4725875
26,1.0,aligned,mi_site,3,-0.05751216290963984,0.5343784242247376,0.4725875
26,1.0,aligned,mi_site,4,-0.03309627610556931,0.3750573144298147,0.4725875
26,1.0,aligned,mi_site,5,0.01217965578843827,0.28615371464178707,0.4725875
26,1.0,aligned,mi_site,6,-0.008888836150274304,-0.3031854666212807,0.4725875
26,1.0,aligned,mi_site,7,-0.01957044277274078,0.5880091927346858,0.4725875
26,1.0,aligned,mi_site,8,-0.011789504501655963,-0.005028924090073485,0.4725875
26,1.0,aligned,mi_site,9,0.006328769781895231,0.0006568429901251286,0.4725875
26,1.0,aligned,mi_site,10,0.05081386089470652,-0.6010982607710077,0.4725875
26,1.0,aligned,mi_site,11,-0.005963266133764397,-0.0022532030271800794,0.4725875
26,1.0,aligned,mi_site,12,-0.0038930637134249936,-0.0026705340160914173,0.4725875
26,1.0,aligned,mi_site,13,-0.07432349278227268,0.7447241740515242,0.4725875
26,1.0,aligned,mi_site,14,-0.02050250071215043,0.646782555378252,0.4725875
26,1.0,aligned,mi_site,15,0.06824488551653857,0.21375267723577807,0.4725875
26,1.0,aligned,mi_site,16,-0.06466797074461847,-0.22748631482260392,0.4725875
26,1.0,aligned,mi_site,17,-0.007456041475543129,0.7808476153350475,0.4725875
26,1.0,aligned,mi_site,18,-0.017051131710969565,-0.009000017022283051,0.4725875
26,1.0,aligned,mi_site,19,0.013805623978055681,-0.004106395286933176,0.4725875
26,1.0,aligned,mi_site,20,0.01837539683929501,-0.7052581774560726,0.4725875
26,1.0,aligned,mi_site,21,0.003678679581007613,-0.0034526243465832934,0.4725875
26,1.0,aligned,mi_site,22,-0.03141594375653234,-0.19558096762902233,0.4725875
26,1.0,aligned,mi_site,23,-0.06313272972087185,-0.04890546466871107,0.4725875
26,1.0,aligned,mi_site,24,-0.01661952215731588,-0.5658625258272143,0.4725875
26,1.0,aligned,mi_site,25,0.011133819875618234,0.5940517265136727,0.4725875
26,1.0,aligned,mi_site,26,-0.042133648847023926,-0.003060872857688508,0.4725875
26,1.0,aligned,mi_site,27,0.01313773877739757,-0.0050883489923912225,0.4725875
26,1.0,aligned,mi_site,28,-0.019599349687143955,0.0070406488649049056,0.4725875
26,1.0,aligned,mi_site,29,0.0004318710357125721,0.31694070397482477,0.4725875
26,1.0,aligned,mi_site,30,-0.06498134924302107,0.36047466266835204,0.4725875
26,1.0,aligned,mi_site,31,-0.10551538721017517,0.49965609071604355,0.4725875
26,1.0,aligned,mi_site,32,0.07366518701558641,-0.004528200389284387,0.4725875
26,1.0,aligned,mi_site,33,-0.08286561230536935,0.0034978717738189456,0.4725875
26,1.0,aligned,mi_site,34,-0.056755205353178406,0.3731072690501284,0.4725875
26,1.0,aligned,mi_site,35,0.036169587045039246,0.003814277260834969,0.4725875
26,1.0,aligned,mi_site,36,0.01594856556024315,-0.012158657543605332,0.4725875
26,1.0,aligned,mi_site,37,0.051890006111977194,-0.34344049863251586,0.4725875
26,1.0,aligned,mi_site,38,-0.049574276300870856,0.929935822657865,0.4725875
26,1.0,aligned,mi_site,39,0.08636453280769851,0.3912017062659551,0.4725875
26,1.0,aligned,mi_site,40,-0.08652683406892192,-0.41372507194529407,0.4725875
26,1.0,aligned,mi_site,41,-0.03218785104194477,0.9039374595533785,0.4725875
26,1.0,aligned,mi_site,42,-0.01876724103254597,-0.008517652640711498,0.4725875
26,1.0,aligned,mi_site,43,-0.021037083879216364,0.11325917883659065,0.4725875
26,1.0,aligned,mi_site,44,0.04097046984061292,-0.9386525792584901,0.4725875
26,1.0,aligned,mi_site,45,0.15103514519680344,0.09630943643459272,0.4725875
26,1.0,aligned,mi_site,46,-0.15499887347788224,-0.1046777603159659,0.4725875
26,1.0,aligned,mi_site,47,-0.002420129551545469,0.8910253689669588,0.4725875
26,1.0,aligned,mi_site,48,-0.015026198945213386,-0.00986961246136883,0.4725875
26,1.0,aligned,mi_site,49,0.09567805487504764,-0.09526688459453811,0.4725875
26,1.0,aligned,mi_site,50,-0.013790871665339322,-0.775460429922405,0.4725875
26,1.0,aligned,mi_site,51,-0.003607428634774368,-0.9538491341818806,0.4725875
26,1.0,aligned,mi_site,52,0.1390052451392043,0.16569090346503892,0.4725875
26,1.0,aligned,mi_site,53,-0.023185850030330364,0.0034948343968346117,0.4725875
26,1.0,aligned,mi_site,54,-0.29268312050459433,0.5677048771381366,0.4725875
26,1.0,aligned,mi_site,55,-0.05571724725739802,-0.628931156366721,0.4725875
26,1.0,aligned,mi_site,56,-0.1415199632709196,-0.17759904149348466,0.4725875
26,1.0,aligned,mi_site,57,0.04494184216941732,-0.00349754266746587,0.4725875
26,1.0,aligned,mi_site,58,0.30301411535659356,-0.5953330396037184,0.4725875
26,1.0,aligned,mi_site,59,0.05084481914962913,0.6625253650640162,0.4725875
26,1.0,aligned,mi_site,60,-0.07433465961061388,-0.004862738936284358,0.4725875
26,1.0,aligned,mi_site,61,0.040117860816953954,-0.005547071760827103,0.4725875
26,1.0,aligned,mi_site,62,-0.01948600001253764,-0.8178954916802433,0.4725875
26,1.0,aligned,mi_site,63,-0.030976164302920533,0.0009567676086224339,0.4725875
26,1.0,aligned,mi_site,64,0.026322758139055845,0.003240203906090382,0.4725875
26,1.0,aligned,mi_site,65,0.14179173486443486,-0.3106706148693898,0.4725875
26,1.0,closed,available,0,-0.0009286771603894683,0.7560688609612205,0.4725875
26,1.0,closed,available,1,-0.004202246455760392,-0.002721982028404921,0.4725875
26,1.0,closed,available,2,-0.013170927406590153,0.0005674002330084416,0.4725875
26,1.0,closed,available,3,0.0029315728922058026,0.5343784242247376,0.4725875
26,1.0,closed,available,4,-0.008709841017600084,0.3750573144298147,0.4725875
26,1.0,closed,available,5,0.016961401383448482,0.28615371464178707,0.4725875
26,1.0,closed,available,6,-0.0155353976960807,-0.3031854666212807,0.4725875
26,1.0,closed,available,7,-0.005775615135512724,0.5880091927346858,0.4725875
26,1.0,closed,available,8,-0.007287395861734546,-0.005028924090073485,0.4725875
26,1.0,closed,available,9,0.01130964190042251,0.0006568429901251286,0.4725875
26,1.0,closed,available,10,-0.0015900188666264636,-0.6010982607710077,0.4725875
26,1.0,closed,available,11,-0.026438751059307482,-0.0022532030271800794,0.4725875
26,1.0,closed,available,12,0.00716925974404004,-0.0026705340160914173,0.4725875
26,1.0,closed,available,13,-0.009454675702954662,0.7447241740515242,0.4725875
26,1.0,closed,available,14,-0.009508409844325771,0.646782555378252,0.4725875
26,1.0,closed,available,15,0.002545407986733972,0.21375267723577807,0.4725875
26,1.0,closed,available,16,0.0014530437770217675,-0.22748631482260392,0.4725875
26,1.0,closed,available,17,-0.00593944060366447,0.7808476153350475,0.4725875
26,1.0,closed,available,18,0.015004798855555848,-0.009000017022283051,0.4725875
26,1.0,closed,available,19,-0.0003479352991652678,-0.004106395286933176,0.4725875
26,1.0,closed,available,20,0.003962869226230681,-0.7052581774560726,0.4725875
26,1.0,closed,available,21,-0.013569859186142922,-0.0034526243465832934,0.4725875
26,1.0,closed,available,22,-0.014971088503004076,-0.19558096762902233,0.4725875
26,1.0,closed,available,23,-0.009701077026741674,-0.04890546466871107,0.4725875
26,1.0,closed,available,24,-0.014656323652948111,-0.5658625258272143,0.4725875
26,1.0,closed,available,25,0.013952974615636493,0.5940517265136727,0.4725875
26,1.0,closed,available,26,-0.0335406221438189,-0.003060872857688508,0.4725875
26,1.0,closed,available,27,0.009744014027192714,-0.0050883489923912225,0.4725875
26,1.0,closed,available,28,-0.013275178320857815,0.0070406488649049056,0.4725875
26,1.0,closed,available,29,0.017783246349599935,0.31694070397482477,0.4725875
26,1.0,closed,available,30,-0.021197064404896604,0.36047466266835204,0.4725875
26,1.0,closed,available,31,-0.02328312699645968,0.49965609071604355,0.4725875
26,1.0,closed,available,32,-0.001719769060845592,-0.004528200389284387,0.4725875
26,1.0,closed,available,33,0.00270889856786923,0.0034978717738189456,0.4725875
26,1.0,closed,available,34,-0.019654682508467913,0.3731072690501284,0.4725875
26,1.0,closed,available,35,-0.008809464827768653,0.003814277260834969,0.4725875
26,1.0,closed,available,36,0.008465634089746835,-0.012158657543605332,0.4725875
26,1.0,closed,available,37,0.0118330945089975,-0.34344049863251586,0.4725875
26,1.0,closed,available,38,0.0019569662949864286,0.929935822657865,0.4725875
26,1.0,closed,available,39,-0.002505018458650754,0.3912017062659551,0.4725875
26,1.0,closed,available,40,0.002475886564676233,-0.41372507194529407,0.4725875
26,1.0,closed,available,41,-6.173339750592532e-05,0.9039374595533785,0.4725875
26,1.0,closed,available,42,0.0036621608000059723,-0.008517652640711498,0.4725875
26,1.0,closed,available,43,-0.004508166433295893,0.11325917883659065,0.4725875
26,1.0,closed,available,44,0.00042942112545996114,-0.9386525792584901,0.4725875
26,1.0,closed,available,45,0.004683544115039892,0.09630943643459272,0.4725875
26,1.0,closed,available,46,-0.0029498637685693024,-0.1046777603159659,0.4725875
26,1.0,closed,available,47,-0.0006909066046928425,0.8910253689669588,0.4725875
26,1.0,closed,available,48,-0.006461711785390548,-0.00986961246136883,0.4725875
26,1.0,closed,available,49,0.0028828047737888135,-0.09526688459453811,0.4725875
26,1.0,closed,available,50,-0.0014019166932305316,-0.775460429922405,0.4725875
26,1.0,closed,available,51,0.0007689491408274796,-0.9538491341818806,0.4725875
26,1.0,closed,available,52,0.004406939035099172,0.16569090346503892,0.4725875
26,1.0,closed,available,53,0.01657738044649257,0.0034948343968346117,0.4725875
26,1.0,closed,available,54,-0.003804985983018705,0.5677048771381366,0.4725875
26,1.0,closed,available,55,-0.0008388784835076102,-0.628931156366721,0.4725875
26,1.0,closed,available,56,-0.0020626240370010263,-0.17759904149348466,0.4725875
26,1.0,closed,available,57,-0.015691635596945818,-0.00349754266746587,0.4725875
26,1.0,closed,available,58,0.0014752336835917035,-0.5953330396037184,0.4725875
26,1.0,closed,available,59,0.0004990944088167915,0.6625253650640162,0.4725875
26,1.0,closed,available,60,-0.0070400293805033,-0.004862738936284358,0.4725875
26,1.0,closed,available,61,-0.0007644710093675398,-0.005547071760827103,0.4725875
26,1.0,closed,available,62,-0.000567690063775661,-0.8178954916802433,0.4725875
26,1.0,closed,available,63,0.016777022352165934,0.0009567676086224339,0.4725875
26,1.0,closed,available,64,-0.018935876757021818,0.003240203906090382,0.4725875
26,1.0,closed,available,65,-0.003836390938701195,-0.3106706148693898,0.4725875
26,1.0,closed,mi_obs,0,0.026191804958400344,0.7560688609612205,0.4725875
26,1.0,closed,mi_obs,1,0.0387566316531425,-0.002721982028404921,0.4725875
26,1.0,closed,mi_obs,2,-0.035555210360980326,0.0005674002330084416,0.4725875
26,1.0,closed,mi_obs,3,0.01338556394476953,0.5343784242247376,0.4725875
26,1.0,closed,mi_obs,4,0.014210804403824717,0.3750573144298147,0.4725875
26,1.0,closed,mi_obs,5,0.038879597375294506,0.28615371464178707,0.4725875
26,1.0,closed,mi_obs,6,-0.036060645148017656,-0.3031854666212807,0.4725875
26,1.0,closed,mi_obs,7,0.06408061360604078,0.5880091927346858,0.4725875
26,1.0,closed,mi_obs,8,-0.07536799302797928,-0.005028924090073485,0.4725875
26,1.0,closed,mi_obs,9,-0.000785955663422946,0.0006568429901251286,0.4725875
26,1.0,closed,mi_obs,10,-0.007829755440170172,-0.6010982607710077,0.4725875
26,1.0,closed,mi_obs,11,0.004435900462957946,-0.0022532030271800794,0.4725875
26,1.0,closed,mi_obs,12,-0.0462120963157179,-0.0026705340160914173,0.4725875
26,1.0,closed,mi_obs,13,-0.007504465455082321,0.7447241740515242,0.4725875
26,1.0,closed,mi_obs,14,-0.005823189620839053,0.646782555378252,0.4725875
26,1.0,closed,mi_obs,15,0.0881209655466541,0.21375267723577807,0.4725875
26,1.0,closed,mi_obs,16,-0.0824567673378486,-0.22748631482260392,0.4725875
26,1.0,closed,mi_obs,17,0.027531856446517233,0.7808476153350475,0.4725875
26,1.0,closed,mi_obs,18,-0.02033618419902304,-0.009000017022283051,0.4725875
26,1.0,closed,mi_obs,19,0.000680757699900664,-0.004106395286933176,0.4725875
26,1.0,closed,mi_obs,20,-0.0005383208782892002,-0.7052581774560726,0.4725875
26,1.0,closed,mi_obs,21,-0.021053329733028512,-0.0034526243465832934,0.4725875
26,1.0,closed,mi_obs,22,-0.06340916502359029,-0.19558096762902233,0.4725875
26,1.0,closed,mi_obs,23,-0.09092286528994545,-0.04890546466871107,0.4725875
26,1.0,closed,mi_obs,24,-0.048756124993131755,-0.5658625258272143,0.4725875
26,1.0,closed,mi_obs,25,0.046893978787410306,0.5940517265136727,0.4725875
26,1.0,closed,mi_obs,26,-0.059892023451977944,-0.003060872857688508,0.4725875
26,1.0,closed,mi_obs,27,0.00010018563123657172,-0.0050883489923912225,0.4725875
26,1.0,closed,mi_obs,28,-0.005015915436725191,0.0070406488649049056,0.4725875
26,1.0,closed,mi_obs,29,0.03385897105661123,0.31694070397482477,0.4725875
26,1.0,closed,mi_obs,30,0.016585851854682032,0.36047466266835204,0.4725875
26,1.0,closed,mi_obs,31,0.026259823856467523,0.49965609071604355,0.4725875
26,1.0,closed,mi_obs,32,0.10089224659861991,-0.004528200389284387,0.4725875
26,1.0,closed,mi_obs,33,-0.10613257431527379,0.0034978717738189456,0.4725875
26,1.0,closed,mi_obs,34,-0.0004315747370073342,0.3731072690501284,0.4725875
26,1.0,closed,mi_obs,35,-0.0556993380443644,0.003814277260834969,0.4725875
26,1.0,closed,mi_obs,36,0.015169933355758667,-0.012158657543605332,0.4725875
26,1.0,closed,mi_obs,37,-0.03977171843301747,-0.34344049863251586,0.4725875
26,1.0,closed,mi_obs,38,0.009981200382597977,0.929935822657865,0.4725875
26,1.0,closed,mi_obs,39,0.14668245912231903,0.3912017062659551,0.4725875
26,1.0,closed,mi_obs,40,-0.14155258621144273,-0.41372507194529407,0.4725875
26,1.0,closed,mi_obs,41,0.014667959576805112,0.9039374595533785,0.4725875
26,1.0,closed,mi_obs,42,-0.020930258310611325,-0.008517652640711498,0.4725875
26,1.0,closed,mi_obs,43,0.05350890309162218,0.11325917883659065,0.4725875
26,1.0,closed,mi_obs,44,-0.015730066791907915,-0.9386525792584901,0.4725875
26,1.0,closed,mi_obs,45,0.19066656301284274,0.09630943643459272,0.4725875
26,1.0,closed,mi_obs,46,-0.1908245176247889,-0.1046777603159659,0.4725875
26,1.0,closed,mi_obs,47,0.00395192293014357,0.8910253689669588,0.4725875
26,1.0,closed,mi_obs,48,-0.013928312460373867,-0.00986961246136883,0.4725875
26,1.0,closed,mi_obs,49,0.07032608194602875,-0.09526688459453811,0.4725875
26,1.0,closed,mi_obs,50,-0.046104409195442786,-0.775460429922405,0.4725875
26,1.0,closed,mi_obs,51,-0.012221475949888205,-0.9538491341818806,0.4725875
26,1.0,closed,mi_obs,52,0.1735142447807558,0.16569090346503892,0.4725875
26,1.0,closed,mi_obs,53,0.05606100798411301,0.0034948343968346117,0.4725875
26,1.0,closed,mi_obs,54,0.003979982151314343,0.5677048771381366,0.4725875
26,1.0,closed,mi_obs,55,-0.08896362724080165,-0.628931156366721,0.4725875
26,1.0,closed,mi_obs,56,-0.17254298116434624,-0.17759904149348466,0.4725875
26,1.0,closed,mi_obs,57,-0.03501707532092628,-0.00349754266746587,0.4725875
26,1.0,closed,mi_obs,58,-0.0034801384205030983,-0.5953330396037184,0.4725875
26,1.0,closed,mi_obs,59,0.0796604228686153,0.6625253650640162,0.4725875
26,1.0,closed,mi_obs,60,0.05834943768564691,-0.004862738936284358,0.4725875
26,1.0,closed,mi_obs,61,0.07154131200148042,-0.005547071760827103,0.4725875
26,1.0,closed,mi_obs,62,-0.04135300457656643,-0.8178954916802433,0.4725875
26,1.0,closed,mi_obs,63,0.03942331749787477,0.0009567676086224339,0.4725875
26,1.0,closed,mi_obs,64,-0.0028219950888884156,0.003240203906090382,0.4725875
26,1.0,closed,mi_obs,65,-0.023784141924736713,-0.3106706148693898,0.4725875
26,1.0,closed,mi_class,0,-0.014805311986326064,0.7560688609612205,0.4725875
26,1.0,closed,mi_class,1,-0.02271176158583025,-0.002721982028404921,0.4725875
26,1.0,closed,mi_class,2,-0.041540443349163535,0.0005674002330084416,0.4725875
26,1.0,closed,mi_class,3,-0.15371421555931197,0.5343784242247376,0.4725875
26,1.0,closed,mi_class,4,-0.06885938608772757,0.3750573144298147,0.4725875
26,1.0,closed,mi_class,5,-0.05449316335049606,0.28615371464178707,0.4725875
26,1.0,closed,mi_class,6,0.026262059040915497,-0.3031854666212807,0.4725875
26,1.0,closed,mi_class,7,-0.1119156588126714,0.5880091927346858,0.4725875
26,1.0,closed,mi_class,8,-0.012890135919378622,-0.005028924090073485,0.4725875
26,1.0,closed,mi_class,9,0.008142885250790375,0.0006568429901251286,0.4725875
26,1.0,closed,mi_class,10,-0.022767333099029785,-0.6010982607710077,0.4725875
26,1.0,closed,mi_class,11,-0.0352500799134739,-0.0022532030271800794,0.4725875
26,1.0,closed,mi_class,12,0.01650559678412653,-0.0026705340160914173,0.4725875
26,1.0,closed,mi_class,13,-0.3274548905080438,0.7447241740515242,0.4725875
26,1.0,closed,mi_class,14,-0.22296421108692888,0.646782555378252,0.4725875
26,1.0,closed,mi_class,15,-0.06909409058180443,0.21375267723577807,0.4725875
26,1.0,closed,mi_class,16,-0.0022052118210473537,-0.22748631482260392,0.4725875
26,1.0,closed,mi_class,17,-0.2706998052238918,0.7808476153350475,0.4725875
26,1.0,closed,mi_class,18,-0.006665440498418789,-0.009000017022283051,0.4725875
26,1.0,closed,mi_class,19,0.004760090853018822,-0.004106395286933176,0.4725875
26,1.0,closed,mi_class,20,0.05557429745598286,-0.7052581774560726,0.4725875
26,1.0,closed,mi_class,21,-0.02327668748856263,-0.0034526243465832934,0.4725875
26,1.0,closed,mi_class,22,0.09677128241620482,-0.19558096762902233,0.4725875
26,1.0,closed,mi_class,23,0.021329245123245275,-0.04890546466871107,0.4725875
26,1.0,closed,mi_class,24,0.23300649278054897,-0.5658625258272143,0.4725875
26,1.0,closed,mi_class,25,-0.10113655967809232,0.5940517265136727,0.4725875
26,1.0,closed,mi_class,26,-0.013051945914753843,-0.003060872857688508,0.4725875
26,1.0,closed,mi_class,27,0.0181723945466617,-0.0050883489923912225,0.4725875
26,1.0,closed,mi_class,28,-0.13197358748682925,0.0070406488649049056,0.4725875
26,1.0,closed,mi_class,29,0.03453164023991462,0.31694070397482477,0.4725875
26,1.0,closed,mi_class,30,0.056395126556693154,0.36047466266835204,0.4725875
26,1.0,closed,mi_class,31,-0.2766923793523547,0.49965609071604355,0.4725875
26,1.0,closed,mi_class,32,-0.003507944114698909,-0.004528200389284387,0.4725875
26,1.0,closed,mi_class,33,-0.023319609364493846,0.0034978717738189456,0.4725875
26,1.0,closed,mi_class,34,-0.19607475414911402,0.3731072690501284,0.4725875
26,1.0,closed,mi_class,35,-0.06558048877458984,0.003814277260834969,0.4725875
26,1.0,closed,mi_class,36,0.01465300467658642,-0.012158657543605332,0.4725875
26,1.0,closed,mi_class,37,0.14908774669003444,-0.34344049863251586,0.4725875
26,1.0,closed,mi_class,38,-0.1270446274870779,0.929935822657865,0.4725875
26,1.0,closed,mi_class,39,-0.05089944798353574,0.3912017062659551,0.4725875
26,1.0,closed,mi_class,40,0.16537494676845657,-0.41372507194529407,0.4725875
26,1.0,closed,mi_class,41,-0.12122974568428269,0.9039374595533785,0.4725875
26,1.0,closed,mi_class,42,-0.03531547804727788,-0.008517652640711498,0.4725875
26,1.0,closed,mi_class,43,-0.06172259990543716,0.11325917883659065,0.4725875
26,1.0,closed,mi_class,44,0.31613803805175,-0.9386525792584901,0.4725875
26,1.0,closed,mi_class,45,0.0012764290686145402,0.09630943643459272,0.4725875
26,1.0,closed,mi_class,46,0.015079604784847767,-0.1046777603159659,0.4725875
26,1.0,closed,mi_class,47,0.0034035147047580816,0.8910253689669588,0.4725875
26,1.0,closed,mi_class,48,-0.012961673019320377,-0.00986961246136883,0.4725875
26,1.0,closed,mi_class,49,0.054731155061005475,-0.09526688459453811,0.4725875
26,1.0,closed,mi_class,50,0.178870355946688,-0.775460429922405,0.4725875
26,1.0,closed,mi_class,51,0.14041551195172475,-0.9538491341818806,0.4725875
26,1.0,closed,mi_class,52,0.00400922640673812,0.16569090346503892,0.4725875
26,1.0,closed,mi_class,53,-0.002701803847517996,0.0034948343968346117,0.4725875
26,1.0,closed,mi_class,54,-0.2944653850824158,0.5677048771381366,0.4725875
26,1.0,closed,mi_class,55,0.14368161485067515,-0.628931156366721,0.4725875
26,1.0,closed,mi_class,56,0.02323748803572498,-0.17759904149348466,0.4725875
26,1.0,closed,mi_class,57,-0.06603631018140625,-0.00349754266746587,0.4725875
26,1.0,closed,mi_class,58,0.1821330109669138,-0.5953330396037184,0.4725875
26,1.0,closed,mi_class,59,-0.020658878976804407,0.6625253650640162,0.4725875
26,1.0,closed,mi_class,60,-0.010952134900608139,-0.004862738936284358,0.4725875
26,1.0,closed,mi_class,61,0.00803087387037058,-0.005547071760827103,0.4725875
26,1.0,closed,mi_class,62,0.18548229531108296,-0.8178954916802433,0.4725875
26,1.0,closed,mi_class,63,0.217690100519158,0.0009567676086224339,0.4725875
26,1.0,closed,mi_class,64,0.031540131973108176,0.003240203906090382,0.4725875
26,1.0,closed,mi_class,65,0.10504309050200389,-0.3106706148693898,0.4725875
26,1.0,closed,mi_site,0,0.022641595969235206,0.7560688609612205,0.4725875
26,1.0,closed,mi_site,1,0.021085356417104666,-0.002721982028404921,0.4725875
26,1.0,closed,mi_site,2,-0.026448653289060518,0.0005674002330084416,0.4725875
26,1.0,closed,mi_site,3,0.012704768210438644,0.5343784242247376,0.4725875
26,1.0,closed,mi_site,4,0.009050586137267835,0.3750573144298147,0.4725875
26,1.0,closed,mi_site,5,0.04608964515313879,0.28615371464178707,0.4725875
26,1.0,closed,mi_site,6,-0.04318125403838646,-0.3031854666212807,0.4725875
26,1.0,closed,mi_site,7,0.050833392150721024,0.5880091927346858,0.4725875
26,1.0,closed,mi_site,8,-0.03454228796877979,-0.005028924090073485,0.4725875
26,1.0,closed,mi_site,9,-0.0011383613484524113,0.0006568429901251286,0.4725875
26,1.0,closed,mi_site,10,-0.0059691137245800885,-0.6010982607710077,0.4725875
26,1.0,closed,mi_site,11,-0.006347035636505632,-0.0022532030271800794,0.4725875
26,1.0,closed,mi_site,12,-0.038735241826974534,-0.0026705340160914173,0.4725875
26,1.0,closed,mi_site,13,-0.010622252406395583,0.7447241740515242,0.4725875
26,1.0,closed,mi_site,14,-0.014075936508848197,0.646782555378252,0.4725875
26,1.0,closed,mi_site,15,0.09459209216473397,0.21375267723577807,0.4725875
26,1.0,closed,mi_site,16,-0.09219719858265277,-0.22748631482260392,0.4725875
26,1.0,closed,mi_site,17,0.01853209997972427,0.7808476153350475,0.4725875
26,1.0,closed,mi_site,18,-0.01617442059129861,-0.009000017022283051,0.4725875
26,1.0,closed,mi_site,19,-0.0014668819068860304,-0.004106395286933176,0.4725875
26,1.0,closed,mi_site,20,0.0012598499863895052,-0.7052581774560726,0.4725875
26,1.0,closed,mi_site,21,-0.03915125789455957,-0.0034526243465832934,0.4725875
26,1.0,closed,mi_site,22,-0.07165374672918423,-0.19558096762902233,0.4725875
26,1.0,closed,mi_site,23,-0.1000696740228339,-0.04890546466871107,0.4725875
26,1.0,closed,mi_site,24,-0.022266092197075205,-0.5658625258272143,0.4725875
26,1.0,closed,mi_site,25,0.028616390799575897,0.5940517265136727,0.4725875
26,1.0,closed,mi_site,26,-0.06626632653299658,-0.003060872857688508,0.4725875
26,1.0,closed,mi_site,27,0.0011093243145162265,-0.0050883489923912225,0.4725875
26,1.0,closed,mi_site,28,-0.010716289001176934,0.0070406488649049056,0.4725875
26,1.0,closed,mi_site,29,0.03997744010718024,0.31694070397482477,0.4725875
26,1.0,closed,mi_site,30,0.010987205598381733,0.36047466266835204,0.4725875
26,1.0,closed,mi_site,31,0.01792409279842122,0.49965609071604355,0.4725875
26,1.0,closed,mi_site,32,0.10437975584350896,-0.004528200389284387,0.4725875
26,1.0,closed,mi_site,33,-0.1008945874255452,0.0034978717738189456,0.4725875
26,1.0,closed,mi_site,34,-0.0008512806945732421,0.3731072690501284,0.4725875
26,1.0,closed,mi_site,35,-0.00022801932028951267,0.003814277260834969,0.4725875
26,1.0,closed,mi_site,36,0.022338440387233247,-0.012158657543605332,0.4725875
26,1.0,closed,mi_site,37,-0.03048144000436137,-0.34344049863251586,0.4725875
26,1.0,closed,mi_site,38,0.007464118698127131,0.929935822657865,0.4725875
26,1.0,closed,mi_site,39,0.1461912603606087,0.3912017062659551,0.4725875
26,1.0,closed,mi_site,40,-0.14471361099180458,-0.41372507194529407,0.4725875
26,1.0,closed,mi_site,41,0.013220469064302853,0.9039374595533785,0.4725875
26,1.0,closed,mi_site,42,-0.007742864805875542,-0.008517652640711498,0.4725875
26,1.0,closed,mi_site,43,0.05077723727920877,0.11325917883659065,0.4725875
26,1.0,closed,mi_site,44,-0.014806644845650085,-0.9386525792584901,0.4725875
26,1.0,closed,mi_site,45,0.18662994716419445,0.09630943643459272,0.4725875
26,1.0,closed,mi_site,46,-0.18811444914363204,-0.1046777603159659,0.4725875
26,1.0,closed,mi_site,47,0.0019279005913299674,0.8910253689669588,0.4725875
26,1.0,closed,mi_site,48,-0.0017133955323733723,-0.00986961246136883,0.4725875
26,1.0,closed,mi_site,49,0.0675678776869155,-0.09526688459453811,0.4725875
26,1.0,closed,mi_site,50,-0.04040803549696925,-0.775460429922405,0.4725875
26,1.0,closed,mi_site,51,-0.006738537220160601,-0.9538491341818806,0.4725875
26,1.0,closed,mi_site,52,0.17399376989922585,0.16569090346503892,0.4725875
26,1.0,closed,mi_site,53,0.03579450388898568,0.0034948343968346117,0.4725875
26,1.0,closed,mi_site,54,-0.011508762655571103,0.5677048771381366,0.4725875
26,1.0,closed,mi_site,55,-0.08899238627361428,-0.628931156366721,0.4725875
26,1.0,closed,mi_site,56,-0.17447267350320173,-0.17759904149348466,0.4725875
26,1.0,closed,mi_site,57,-0.027338387460246426,-0.00349754266746587,0.4725875
26,1.0,closed,mi_site,58,0.006866414198172133,-0.5953330396037184,0.4725875
26,1.0,closed,mi_site,59,0.08406666232686866,0.6625253650640162,0.4725875
26,1.0,closed,mi_site,60,0.027488103239347045,-0.004862738936284358,0.4725875
26,1.0,closed,mi_site,61,0.06581224951421577,-0.005547071760827103,0.4725875
26,1.0,closed,mi_site,62,-0.03776014099056013,-0.8178954916802433,0.4725875
26,1.0,closed,mi_site,63,0.0358806082672381,0.0009567676086224339,0.4725875
26,1.0,closed,mi_site,64,-0.0054767571353345045,0.003240203906090382,0.4725875
26,1.0,closed,mi_site,65,-0.021008170685309024,-0.3106706148693898,0.4725875
26,2.0,aligned,available,0,0.002707082303219588,0.7699662620419416,0.4725875
26,2.0,aligned,available,1,0.01107220164194236,-0.0023565186460374663,0.4725875
26,2.0,aligned,available,2,-0.022468033468391612,-0.004776324985795568,0.4725875
26,2.0,aligned,available,3,0.006416648276437287,0.5471599861392891,0.4725875
26,2.0,aligned,available,4,0.010067792972695777,0.3828959383863494,0.4725875
26,2.0,aligned,available,5,0.01782901582188051,0.2942044986132119,0.4725875
26,2.0,aligned,available,6,-0.016314184031549384,-0.3113084016722326,0.4725875
26,2.0,aligned,available,7,0.009836262228251624,0.6001985943008705,0.4725875
26,2.0,aligned,available,8,0.010478506875841972,-0.009584559670517613,0.4725875
26,2.0,aligned,available,9,0.012263158534142986,0.0026328977296593233,0.4725875
26,2.0,aligned,available,10,-0.0059765252769437005,-0.6123082199553338,0.4725875
26,2.0,aligned,available,11,-0.0049028108143610895,-0.0020056015754110804,0.4725875
26,2.0,aligned,available,12,0.009808332043134868,-0.0059251432306188425,0.4725875
26,2.0,aligned,available,13,0.002065699562639689,0.7480023872497321,0.4725875
26,2.0,aligned,available,14,0.005085198140073133,0.6436246521161257,0.4725875
26,2.0,aligned,available,15,0.003461837766098319,0.22440610024850222,0.4725875
26,2.0,aligned,available,16,-0.0012353318519936762,-0.23841706851656147,0.4725875
26,2.0,aligned,available,17,0.0031128914498580462,0.7837921896261827,0.4725875
26,2.0,aligned,available,18,0.011557455731703983,-0.01266196458692252,0.4725875
26,2.0,aligned,available,19,0.004232822670402882,-0.0016314333627221328,0.4725875
26,2.0,aligned,available,20,-0.0006092058999580541,-0.710566675944583,0.4725875
26,2.0,aligned,available,21,0.014540967895758039,-0.00286326789389654,0.4725875
26,2.0,aligned,available,22,-0.00849347550126514,-0.1919475866370659,0.4725875
26,2.0,aligned,available,23,-0.01344647042780999,-0.04774643582854444,0.4725875
26,2.0,aligned,available,24,-0.003829341258438701,-0.5550866936416046,0.4725875
26,2.0,aligned,available,25,-0.002968304241650177,0.581465685565677,0.4725875
26,2.0,aligned,available,26,0.002988949761756191,-0.0026736938629737883,0.4725875
26,2.0,aligned,available,27,0.01021529656770069,-0.0038053444722879423,0.4725875
26,2.0,aligned,available,28,-0.0022154165871522326,0.006136375956212512,0.4725875
26,2.0,aligned,available,29,0.001417233683937369,0.30926709349830817,0.4725875
26,2.0,aligned,available,30,-0.009424568885466833,0.36395485781586645,0.4725875
26,2.0,aligned,available,31,-0.010945798411906016,0.5101218803778932,0.4725875
26,2.0,aligned,available,32,-0.012804863858355983,-0.012494266287362773,0.4725875
26,2.0,aligned,available,33,0.01024885606706789,0.012273802044226866,0.4725875
26,2.0,aligned,available,34,-0.0035743777010277533,0.37726800045971426,0.4725875
26,2.0,aligned,available,35,0.020010268688315583,0.021800481324528595,0.4725875
26,2.0,aligned,available,36,0.020587153457040715,-0.02322324956543297,0.4725875
26,2.0,aligned,available,37,0.01494106373018983,-0.3416356754533318,0.4725875
26,2.0,aligned,available,38,0.00020587706135422046,0.9278106926168341,0.4725875
26,2.0,aligned,available,39,-0.0032579085514660155,0.39528451387088015,0.4725875
26,2.0,aligned,available,40,0.001885545982605319,-0.4171553408304528,0.4725875
26,2.0,aligned,available,41,0.0012605444980566816,0.9066294591540995,0.4725875
26,2.0,aligned,available,42,-0.012219494542599092,-0.003720748705480046,0.4725875
26,2.0,aligned,available,43,0.0014887393340589222,0.1151202608864307,0.4725875
26,2.0,aligned,available,44,0.0004624649449140872,-0.9391331704332692,0.4725875
26,2.0,aligned,available,45,-0.0016709521813177558,0.09468131409717952,0.4725875
26,2.0,aligned,available,46,-7.412211556756532e-07,-0.10263040828834928,0.4725875
26,2.0,aligned,available,47,0.0003339779478652716,0.8916610353605187,0.4725875
26,2.0,aligned,available,48,-0.014697649228905447,-0.0029041966568171115,0.4725875
26,2.0,aligned,available,49,0.004959296243690514,-0.10153802966885307,0.4725875
26,2.0,aligned,available,50,0.0008047238716796246,-0.7724282685163991,0.4725875
26,2.0,aligned,available,51,-2.0889468266616085e-05,-0.9556738530299593,0.4725875
26,2.0,aligned,available,52,-0.0014230328810248827,0.17212193216084354,0.4725875
26,2.0,aligned,available,53,-0.014726578483426933,0.006299296023057179,0.4725875
26,2.0,aligned,available,54,-0.004290108671410664,0.5842486865219776,0.4725875
26,2.0,aligned,available,55,-0.0008879404656847445,-0.632647053169379,0.4725875
26,2.0,aligned,available,56,4.513745767320554e-05,-0.18398702996853963,0.4725875
26,2.0,aligned,available,57,0.012538430861799971,-0.005683568594240173,0.4725875
26,2.0,aligned,available,58,0.0023569287185328802,-0.6114931206691417,0.4725875
26,2.0,aligned,available,59,0.0006937625158918159,0.6650988322268273,0.4725875
26,2.0,aligned,available,60,-0.021499058587535324,-0.0007507050627068341,0.4725875
26,2.0,aligned,available,61,-0.0012157480305399473,-0.007604796655113014,0.4725875
26,2.0,aligned,available,62,-0.0010092051105612398,-0.8208768049659017,0.4725875
26,2.0,aligned,available,63,0.004177493459760824,0.006687159502452649,0.4725875
26,2.0,aligned,available,64,0.004762972632389968,-0.002193724942281095,0.4725875
26,2.0,aligned,available,65,0.0007027168816737817,-0.31623510032802826,0.4725875
26,2.0,aligned,mi_obs,0,0.024002216267089982,0.7699662620419416,0.4725875
26,2.0,aligned,mi_obs,1,0.057166940363797256,-0.0023565186460374663,0.4725875
26,2.0,aligned,mi_obs,2,-0.0282683869831291,-0.004776324985795568,0.4725875
26,2.0,aligned,mi_obs,3,0.00636435271545599,0.5471599861392891,0.4725875
26,2.0,aligned,mi_obs,4,0.0029097272860660883,0.3828959383863494,0.4725875
26,2.0,aligned,mi_obs,5,0.04548712054107851,0.2942044986132119,0.4725875
26,2.0,aligned,mi_obs,6,-0.0434693810306101,-0.3113084016722326,0.4725875
26,2.0,aligned,mi_obs,7,0.056738008540089035,0.6001985943008705,0.4725875
26,2.0,aligned,mi_obs,8,0.03853122109653859,-0.009584559670517613,0.4725875
26,2.0,aligned,mi_obs,9,0.004460542964256367,0.0026328977296593233,0.4725875
26,2.0,aligned,mi_obs,10,-0.004938011866984393,-0.6123082199553338,0.4725875
26,2.0,aligned,mi_obs,11,0.0030590246570932718,-0.0020056015754110804,0.4725875
26,2.0,aligned,mi_obs,12,-0.026354604983390005,-0.0059251432306188425,0.4725875
26,2.0,aligned,mi_obs,13,-0.004158023368695529,0.7480023872497321,0.4725875
26,2.0,aligned,mi_obs,14,-0.003855419126744919,0.6436246521161257,0.4725875
26,2.0,aligned,mi_obs,15,0.07861053039964927,0.22440610024850222,0.4725875
26,2.0,aligned,mi_obs,16,-0.08207814562835514,-0.23841706851656147,0.4725875
26,2.0,aligned,mi_obs,17,0.024418533402759457,0.7837921896261827,0.4725875
26,2.0,aligned,mi_obs,18,0.006214218367433165,-0.01266196458692252,0.4725875
26,2.0,aligned,mi_obs,19,0.010816130334499819,-0.0016314333627221328,0.4725875
26,2.0,aligned,mi_obs,20,-0.0031759300242714117,-0.710566675944583,0.4725875
26,2.0,aligned,mi_obs,21,-0.009431607051427957,-0.00286326789389654,0.4725875
26,2.0,aligned,mi_obs,22,-0.06583265054230719,-0.1919475866370659,0.4725875
26,2.0,aligned,mi_obs,23,-0.08764818904123745,-0.04774643582854444,0.4725875
26,2.0,aligned,mi_obs,24,-0.05743820406146827,-0.5550866936416046,0.4725875
26,2.0,aligned,mi_obs,25,0.04443692321876602,0.581465685565677,0.4725875
26,2.0,aligned,mi_obs,26,-0.05989733663918182,-0.0026736938629737883,0.4725875
26,2.0,aligned,mi_obs,27,0.0027434865872885076,-0.0038053444722879423,0.4725875
26,2.0,aligned,mi_obs,28,-0.020421388079675386,0.006136375956212512,0.4725875
26,2.0,aligned,mi_obs,29,0.036151024769113305,0.30926709349830817,0.4725875
26,2.0,aligned,mi_obs,30,0.0369543272975143,0.36395485781586645,0.4725875
26,2.0,aligned,mi_obs,31,0.052279723363729436,0.5101218803778932,0.4725875
26,2.0,aligned,mi_obs,32,0.09700454915494877,-0.012494266287362773,0.4725875
26,2.0,aligned,mi_obs,33,-0.10728257343673861,0.012273802044226866,0.4725875
26,2.0,aligned,mi_obs,34,0.0254637643487185,0.37726800045971426,0.4725875
26,2.0,aligned,mi_obs,35,0.11214361519207909,0.021800481324528595,0.4725875
26,2.0,aligned,mi_obs,36,-0.0014624017270526493,-0.02322324956543297,0.4725875
26,2.0,aligned,mi_obs,37,-0.0542203172602419,-0.3416356754533318,0.4725875
26,2.0,aligned,mi_obs,38,0.007053497230928074,0.9278106926168341,0.4725875
26,2.0,aligned,mi_obs,39,0.1380624203417603,0.39528451387088015,0.4725875
26,2.0,aligned,mi_obs,40,-0.13883027255532054,-0.4171553408304528,0.4725875
26,2.0,aligned,mi_obs,41,0.012254745326660266,0.9066294591540995,0.4725875
26,2.0,aligned,mi_obs,42,0.0014309627188990198,-0.003720748705480046,0.4725875
26,2.0,aligned,mi_obs,43,0.05533110269185186,0.1151202608864307,0.4725875
26,2.0,aligned,mi_obs,44,-0.014598332614999654,-0.9391331704332692,0.4725875
26,2.0,aligned,mi_obs,45,0.1730567288463658,0.09468131409717952,0.4725875
26,2.0,aligned,mi_obs,46,-0.17945596569332295,-0.10263040828834928,0.4725875
26,2.0,aligned,mi_obs,47,0.0023661349111405716,0.8916610353605187,0.4725875
26,2.0,aligned,mi_obs,48,0.003080846221013268,-0.0029041966568171115,0.4725875
26,2.0,aligned,mi_obs,49,0.06132420535588109,-0.10153802966885307,0.4725875
26,2.0,aligned,mi_obs,50,-0.04010891439848574,-0.7724282685163991,0.4725875
26,2.0,aligned,mi_obs,51,-0.012322629356246506,-0.9556738530299593,0.4725875
26,2.0,aligned,mi_obs,52,0.1615070525987119,0.17212193216084354,0.4725875
26,2.0,aligned,mi_obs,53,-0.023902719912356776,0.006299296023057179,0.4725875
26,2.0,aligned,mi_obs,54,0.0056481254467413144,0.5842486865219776,0.4725875
26,2.0,aligned,mi_obs,55,-0.08446670127197298,-0.632647053169379,0.4725875
26,2.0,aligned,mi_obs,56,-0.16791200362439349,-0.18398702996853963,0.4725875
26,2.0,aligned,mi_obs,57,0.039961674594702165,-0.005683568594240173,0.4725875
26,2.0,aligned,mi_obs,58,0.0001197295663356579,-0.6114931206691417,0.4725875
26,2.0,aligned,mi_obs,59,0.08029084854356083,0.6650988322268273,0.4725875
26,2.0,aligned,mi_obs,60,-0.09498218581999675,-0.0007507050627068341,0.4725875
26,2.0,aligned,mi_obs,61,0.06243392389443014,-0.007604796655113014,0.4725875
26,2.0,aligned,mi_obs,62,-0.037707432522476436,-0.8208768049659017,0.4725875
26,2.0,aligned,mi_obs,63,-0.013988593908410748,0.006687159502452649,0.4725875
26,2.0,aligned,mi_obs,64,0.002780358099933903,-0.002193724942281095,0.4725875
26,2.0,aligned,mi_obs,65,-0.022264777240523337,-0.31623510032802826,0.4725875
26,2.0,aligned,mi_class,0,-0.0217537527278312,0.7699662620419416,0.4725875
26,2.0,aligned,mi_class,1,0.021025446011383415,-0.0023565186460374663,0.4725875
26,2.0,aligned,mi_class,2,-0.005154904536437139,-0.004776324985795568,0.4725875
26,2.0,aligned,mi_class,3,-0.5339181893413371,0.5471599861392891,0.4725875
26,2.0,aligned,mi_class,4,-0.09294280632950053,0.3828959383863494,0.4725875
26,2.0,aligned,mi_class,5,-0.049791180702804166,0.2942044986132119,0.4725875
26,2.0,aligned,mi_class,6,-0.052215665612982354,-0.3113084016722326,0.4725875
26,2.0,aligned,mi_class,7,-0.11717022157057189,0.6001985943008705,0.4725875
26,2.0,aligned,mi_class,8,-0.009748297049622868,-0.009584559670517613,0.4725875
26,2.0,aligned,mi_class,9,0.00888231113248155,0.0026328977296593233,0.4725875
26,2.0,aligned,mi_class,10,-0.013545680083958955,-0.6123082199553338,0.4725875
26,2.0,aligned,mi_class,11,0.0032076774950975705,-0.0020056015754110804,0.4725875
26,2.0,aligned,mi_class,12,0.008669324945456514,-0.0059251432306188425,0.4725875
26,2.0,aligned,mi_class,13,-0.7471009460789156,0.7480023872497321,0.4725875
26,2.0,aligned,mi_class,14,-0.24211825797345715,0.6436246521161257,0.4725875
26,2.0,aligned,mi_class,15,-0.07923068494977681,0.22440610024850222,0.4725875
26,2.0,aligned,mi_class,16,-0.07224727758996302,-0.23841706851656147,0.4725875
26,2.0,aligned,mi_class,17,-0.2662607842324183,0.7837921896261827,0.4725875
26,2.0,aligned,mi_class,18,0.008806046572502698,-0.01266196458692252,0.4725875
26,2.0,aligned,mi_class,19,-0.00170479225936036,-0.0016314333627221328,0.4725875
26,2.0,aligned,mi_class,20,0.053847068888955185,-0.710566675944583,0.4725875
26,2.0,aligned,mi_class,21,0.0026441422458325834,-0.00286326789389654,0.4725875
26,2.0,aligned,mi_class,22,0.1914030769247564,-0.1919475866370659,0.4725875
26,2.0,aligned,mi_class,23,0.05117543362029157,-0.04774643582854444,0.4725875
26,2.0,aligned,mi_class,24,0.23058932246660846,-0.5550866936416046,0.4725875
26,2.0,aligned,mi_class,25,-0.0613565684819094,0.581465685565677,0.4725875
26,2.0,aligned,mi_class,26,0.004278362440941335,-0.0026736938629737883,0.4725875
26,2.0,aligned,mi_class,27,-0.038478316884373885,-0.0038053444722879423,0.4725875
26,2.0,aligned,mi_class,28,-0.010440750869757692,0.006136375956212512,0.4725875
26,2.0,aligned,mi_class,29,-8.982307502802822e-05,0.30926709349830817,0.4725875
26,2.0,aligned,mi_class,30,-1.3638810856104004,0.36395485781586645,0.4725875
26,2.0,aligned,mi_class,31,-0.5123880618389901,0.5101218803778932,0.4725875
26,2.0,aligned,mi_class,32,0.017358625190491726,-0.012494266287362773,0.4725875
26,2.0,aligned,mi_class,33,-0.019037864132166814,0.012273802044226866,0.4725875
26,2.0,aligned,mi_class,34,-0.3741974442277008,0.37726800045971426,0.4725875
26,2.0,aligned,mi_class,35,-0.07450189662570193,0.021800481324528595,0.4725875
26,2.0,aligned,mi_class,36,-0.9727018342493304,-0.02322324956543297,0.4725875
26,2.0,aligned,mi_class,37,0.338797792658378,-0.3416356754533318,0.4725875
26,2.0,aligned,mi_class,38,-0.9164110738839831,0.9278106926168341,0.4725875
26,2.0,aligned,mi_class,39,-0.39757886643991364,0.39528451387088015,0.4725875
26,2.0,aligned,mi_class,40,0.42110444776428735,-0.4171553408304528,0.4725875
26,2.0,aligned,mi_class,41,-0.9009345203020727,0.9066294591540995,0.4725875
26,2.0,aligned,mi_class,42,0.05621600093274886,-0.003720748705480046,0.4725875
26,2.0,aligned,mi_class,43,0.8808339880766936,0.1151202608864307,0.4725875
26,2.0,aligned,mi_class,44,0.9339508747404616,-0.9391331704332692,0.4725875
26,2.0,aligned,mi_class,45,-0.055910667335117556,0.09468131409717952,0.4725875
26,2.0,aligned,mi_class,46,0.0641485311215712,-0.10263040828834928,0.4725875
26,2.0,aligned,mi_class,47,-0.056472447652330504,0.8916610353605187,0.4725875
26,2.0,aligned,mi_class,48,-0.00988480179628928,-0.0029041966568171115,0.4725875
26,2.0,aligned,mi_class,49,0.09732750791107674,-0.10153802966885307,0.4725875
26,2.0,aligned,mi_class,50,0.23077836272137586,-0.7724282685163991,0.4725875
26,2.0,aligned,mi_class,51,0.20655904086235333,-0.9556738530299593,0.4725875
26,2.0,aligned,mi_class,52,-0.0034315741463692706,0.17212193216084354,0.4725875
26,2.0,aligned,mi_class,53,-0.025206038011989958,0.006299296023057179,0.4725875
26,2.0,aligned,mi_class,54,-0.5479330120566389,0.5842486865219776,0.4725875
26,2.0,aligned,mi_class,55,0.14137491314960432,-0.632647053169379,0.4725875
26,2.0,aligned,mi_class,56,0.04031395620177369,-0.18398702996853963,0.4725875
26,2.0,aligned,mi_class,57,0.04388570640937328,-0.005683568594240173,0.4725875
26,2.0,aligned,mi_class,58,0.566025740212781,-0.6114931206691417,0.4725875
26,2.0,aligned,mi_class,59,0.06060779264485128,0.6650988322268273,0.4725875
26,2.0,aligned,mi_class,60,-0.014971120731198894,-0.0007507050627068341,0.4725875
26,2.0,aligned,mi_class,61,0.005357773410364147,-0.007604796655113014,0.4725875
26,2.0,aligned,mi_class,62,0.18343290619936992,-0.8208768049659017,0.4725875
26,2.0,aligned,mi_class,63,0.05485631887463426,0.006687159502452649,0.4725875
26,2.0,aligned,mi_class,64,0.015117635246690672,-0.002193724942281095,0.4725875
26,2.0,aligned,mi_class,65,0.2870312163464934,-0.31623510032802826,0.4725875
26,2.0,aligned,mi_site,0,-0.04447231189277878,0.7699662620419416,0.4725875
26,2.0,aligned,mi_site,1,0.02423616933440068,-0.0023565186460374663,0.4725875
26,2.0,aligned,mi_site,2,-0.011857431455722038,-0.004776324985795568,0.4725875
26,2.0,aligned,mi_site,3,-0.05028237664503915,0.5471599861392891,0.4725875
26,2.0,aligned,mi_site,4,-0.025902412580144252,0.3828959383863494,0.4725875
26,2.0,aligned,mi_site,5,0.012681262828388329,0.2942044986132119,0.4725875
26,2.0,aligned,mi_site,6,-0.009787777968510825,-0.3113084016722326,0.4725875
26,2.0,aligned,mi_site,7,-0.015364765986017326,0.6001985943008705,0.4725875
26,2.0,aligned,mi_site,8,0.015182855122614095,-0.009584559670517613,0.4725875
26,2.0,aligned,mi_site,9,0.004224324082935936,0.0026328977296593233,0.4725875
26,2.0,aligned,mi_site,10,0.04495506910936109,-0.6123082199553338,0.4725875
26,2.0,aligned,mi_site,11,-0.004029059562116549,-0.0020056015754110804,0.4725875
26,2.0,aligned,mi_site,12,0.00042413951236237434,-0.0059251432306188425,0.4725875
26,2.0,aligned,mi_site,13,-0.06918206815413075,0.7480023872497321,0.4725875
26,2.0,aligned,mi_site,14,-0.016868883176361926,0.6436246521161257,0.4725875
26,2.0,aligned,mi_site,15,0.0684153185195217,0.22440610024850222,0.4725875
26,2.0,aligned,mi_site,16,-0.06494611696469788,-0.23841706851656147,0.4725875
26,2.0,aligned,mi_site,17,-0.005062389995479366,0.7837921896261827,0.4725875
26,2.0,aligned,mi_site,18,-0.007045786471911239,-0.01266196458692252,0.4725875
26,2.0,aligned,mi_site,19,0.012461348339311359,-0.0016314333627221328,0.4725875
26,2.0,aligned,mi_site,20,0.01393759986080001,-0.710566675944583,0.4725875
26,2.0,aligned,mi_site,21,0.004626050088851561,-0.00286326789389654,0.4725875
26,2.0,aligned,mi_site,22,-0.02948919062081337,-0.1919475866370659,0.4725875
26,2.0,aligned,mi_site,23,-0.06001936434662399,-0.04774643582854444,0.4725875
26,2.0,aligned,mi_site,24,-0.01527556610350933,-0.5550866936416046,0.4725875
26,2.0,aligned,mi_site,25,0.00983632844164617,0.581465685565677,0.4725875
26,2.0,aligned,mi_site,26,-0.04023551414321853,-0.0026736938629737883,0.4725875
26,2.0,aligned,mi_site,27,0.015109348735547956,-0.0038053444722879423,0.4725875
26,2.0,aligned,mi_site,28,-0.02035034764582777,0.006136375956212512,0.4725875
26,2.0,aligned,mi_site,29,-0.0011522996225331594,0.30926709349830817,0.4725875
26,2.0,aligned,mi_site,30,-0.06610497146797234,0.36395485781586645,0.4725875
26,2.0,aligned,mi_site,31,-0.11305548733125492,0.5101218803778932,0.4725875
26,2.0,aligned,mi_site,32,0.0752567035993095,-0.012494266287362773,0.4725875
26,2.0,aligned,mi_site,33,-0.08454033510421541,0.012273802044226866,0.4725875
26,2.0,aligned,mi_site,34,-0.05898632735691006,0.37726800045971426,0.4725875
26,2.0,aligned,mi_site,35,0.026523383847038944,0.021800481324528595,0.4725875
26,2.0,aligned,mi_site,36,0.023519766903214976,-0.02322324956543297,0.4725875
26,2.0,aligned,mi_site,37,0.051308859305031984,-0.3416356754533318,0.4725875
26,2.0,aligned,mi_site,38,-0.04613011846247472,0.9278106926168341,0.4725875
26,2.0,aligned,mi_site,39,0.0809914906140482,0.39528451387088015,0.4725875
26,2.0,aligned,mi_site,40,-0.0807780335037564,-0.4171553408304528,0.4725875
26,2.0,aligned,mi_site,41,-0.02979771687796995,0.9066294591540995,0.4725875
26,2.0,aligned,mi_site,42,-0.004956637004314225,-0.003720748705480046,0.4725875
26,2.0,aligned,mi_site,43,-0.022119612877549835,0.1151202608864307,0.4725875
26,2.0,aligned,mi_site,44,0.039737035136482524,-0.9391331704332692,0.4725875
26,2.0,aligned,mi_site,45,0.14631860185560125,0.09468131409717952,0.4725875
26,2.0,aligned,mi_site,46,-0.1498140192630571,-0.10263040828834928,0.4725875
26,2.0,aligned,mi_site,47,-0.0017039980815560796,0.8916610353605187,0.4725875
26,2.0,aligned,mi_site,48,-0.0024819373626244956,-0.0029041966568171115,0.4725875
26,2.0,aligned,mi_site,49,0.09411749351212668,-0.10153802966885307,0.4725875
26,2.0,aligned,mi_site,50,-0.014326352705624323,-0.7724282685163991,0.4725875
26,2.0,aligned,mi_site,51,-0.00379622483385178,-0.9556738530299593,0.4725875
26,2.0,aligned,mi_site,52,0.13426821515213105,0.17212193216084354,0.4725875
26,2.0,aligned,mi_site,53,-0.015744651054953013,0.006299296023057179,0.4725875
26,2.0,aligned,mi_site,54,-0.2922014566878009,0.5842486865219776,0.4725875
26,2.0,aligned,mi_site,55,-0.051277519514689174,-0.632647053169379,0.4725875
26,2.0,aligned,mi_site,56,-0.13643605909564974,-0.18398702996853963,0.4725875
26,2.0,aligned,mi_site,57,0.03650725718787255,-0.005683568594240173,0.4725875
26,2.0,aligned,mi_site,58,0.3022463511259527,-0.6114931206691417,0.4725875
26,2.0,aligned,mi_site,59,0.04629087180346003,0.6650988322268273,0.4725875
26,2.0,aligned,mi_site,60,-0.056353689891975506,-0.0007507050627068341,0.4725875
26,2.0,aligned,mi_site,61,0.03841782848611267,-0.007604796655113014,0.4725875
26,2.0,aligned,mi_site,62,-0.02022583960493063,-0.8208768049659017,0.4725875
26,2.0,aligned,mi_site,63,-0.03705812277301021,0.006687159502452649,0.4725875
26,2.0,aligned,mi_site,64,0.016303222224652376,-0.002193724942281095,0.4725875
26,2.0,aligned,mi_site,65,0.1422239138675445,-0.31623510032802826,0.4725875
26,2.0,closed,available,0,0.0023220695323965534,0.7699662620419416,0.4725875
26,2.0,closed,available,1,-0.0039107773812623505,-0.0023565186460374663,0.4725875
26,2.0,closed,available,2,-0.000924913313543778,-0.004776324985795568,0.4725875
26,2.0,closed,available,3,-0.0003244893632688983,0.5471599861392891,0.4725875
26,2.0,closed,available,4,0.0005588978707212755,0.3828959383863494,0.4725875
26,2.0,closed,available,5,-0.014540520143691504,0.2942044986132119,0.4725875
26,2.0,closed,available,6,0.012095000914608633,-0.3113084016722326,0.4725875
26,2.0,closed,available,7,-0.004328292148768953,0.6001985943008705,0.4725875
26,2.0,closed,available,8,-0.006246845904189658,-0.009584559670517613,0.4725875
26,2.0,closed,available,9,-0.0015250765812773021,0.0026328977296593233,0.4725875
26,2.0,closed,available,10,0.0009599863180842494,-0.6123082199553338,0.4725875
26,2.0,closed,available,11,-0.013800819534257757,-0.0020056015754110804,0.4725875
26,2.0,closed,available,12,-0.009561810977773097,-0.0059251432306188425,0.4725875
26,2.0,closed,available,13,0.0016297739901762753,0.7480023872497321,0.4725875
26,2.0,closed,available,14,0.0008177954029144896,0.6436246521161257,0.4725875
26,2.0,closed,available,15,-0.00034637341841842195,0.22440610024850222,0.4725875
26,2.0,closed,available,16,-0.0023860451990586895,-0.23841706851656147,0.4725875
26,2.0,closed,available,17,0.0031369417975000147,0.7837921896261827,0.4725875
26,2.0,closed,available,18,-0.005988150909026253,-0.01266196458692252,0.4725875
26,2.0,closed,available,19,-0.008765064907258101,-0.0016314333627221328,0.4725875
26,2.0,closed,available,20,-0.0019152180967528798,-0.710566675944583,0.4725875
26,2.0,closed,available,21,-0.012171368038172307,-0.00286326789389654,0.4725875
26,2.0,closed,available,22,0.005887920980706118,-0.1919475866370659,0.4725875
26,2.0,closed,available,23,-0.0026554695251987254,-0.04774643582854444,0.4725875
26,2.0,closed,available,24,0.003944911796659567,-0.5550866936416046,0.4725875
26,2.0,closed,available,25,-0.006104111786268462,0.581465685565677,0.4725875
26,2.0,closed,available,26,-0.0033969199101153294,-0.0026736938629737883,0.4725875
26,2.0,closed,available,27,-0.0069898828897633925,-0.0038053444722879423,0.4725875
26,2.0,closed,available,28,-0.002233278202313927,0.006136375956212512,0.4725875
26,2.0,closed,available,29,0.0049938886035168495,0.30926709349830817,0.4725875
26,2.0,closed,available,30,0.011625848212251544,0.36395485781586645,0.4725875
26,2.0,closed,available,31,0.004749374623054803,0.5101218803778932,0.4725875
26,2.0,closed,available,32,0.02983107039698684,-0.012494266287362773,0.4725875
26,2.0,closed,available,33,-0.024713801413069163,0.012273802044226866,0.4725875
26,2.0,closed,available,34,0.020886803474436888,0.37726800045971426,0.4725875
26,2.0,closed,available,35,0.018643230562223424,0.021800481324528595,0.4725875
26,2.0,closed,available,36,-0.019576630566992406,-0.02322324956543297,0.4725875
26,2.0,closed,available,37,0.0007467607031645951,-0.3416356754533318,0.4725875
26,2.0,closed,available,38,0.00172493814083019,0.9278106926168341,0.4725875
26,2.0,closed,available,39,-0.007107865363621013,0.39528451387088015,0.4725875
26,2.0,closed,available,40,0.003702262551780744,-0.4171553408304528,0.4725875
26,2.0,closed,available,41,0.0016377771899183102,0.9066294591540995,0.4725875
26,2.0,closed,available,42,-0.037589605234098135,-0.003720748705480046,0.4725875
26,2.0,closed,available,43,-0.012242059305908687,0.1151202608864307,0.4725875
26,2.0,closed,available,44,-0.0007046773796874906,-0.9391331704332692,0.4725875
26,2.0,closed,available,45,0.0007322580389709094,0.09468131409717952,0.4725875
26,2.0,closed,available,46,-0.0025483768125343503,-0.10263040828834928,0.4725875
26,2.0,closed,available,47,-0.00016060460098099583,0.8916610353605187,0.4725875
26,2.0,closed,available,48,-0.02193093772404866,-0.0029041966568171115,0.4725875
26,2.0,closed,available,49,-0.010844824298190434,-0.10153802966885307,0.4725875
26,2.0,closed,available,50,-0.001904435408549121,-0.7724282685163991,0.4725875
26,2.0,closed,available,51,0.0006589485639031389,-0.9556738530299593,0.4725875
26,2.0,closed,available,52,-0.004171707457791968,0.17212193216084354,0.4725875
26,2.0,closed,available,53,-0.023608563399600692,0.006299296023057179,0.4725875
26,2.0,closed,available,54,-0.0015548223461299138,0.5842486865219776,0.4725875
26,2.0,closed,available,55,0.004923719877035437,-0.632647053169379,0.4725875
26,2.0,closed,available,56,0.0004684026102897698,-0.18398702996853963,0.4725875
26,2.0,closed,available,57,0.022567779627842822,-0.005683568594240173,0.4725875
26,2.0,closed,available,58,0.003111714777668917,-0.6114931206691417,0.4725875
26,2.0,closed,available,59,-0.0018866984252020602,0.6650988322268273,0.4725875
26,2.0,closed,available,60,-0.010773289202394846,-0.0007507050627068341,0.4725875
26,2.0,closed,available,61,-0.01222314625893044,-0.007604796655113014,0.4725875
26,2.0,closed,available,62,-0.0012946798167580154,-0.8208768049659017,0.4725875
26,2.0,closed,available,63,-0.012480232772891068,0.006687159502452649,0.4725875
26,2.0,closed,available,64,0.0034782766303766924,-0.002193724942281095,0.4725875
26,2.0,closed,available,65,0.010606926347745682,-0.31623510032802826,0.4725875
26,2.0,closed,mi_obs,0,0.023528589451156212,0.7699662620419416,0.4725875
26,2.0,closed,mi_obs,1,0.03183713937974698,-0.0023565186460374663,0.4725875
26,2.0,closed,mi_obs,2,-0.02117439641121291,-0.004776324985795568,0.4725875
26,2.0,closed,mi_obs,3,0.016448914228247458,0.5471599861392891,0.4725875
26,2.0,closed,mi_obs,4,0.016407890877417786,0.3828959383863494,0.4725875
26,2.0,closed,mi_obs,5,0.0334078001863829,0.2942044986132119,0.4725875
26,2.0,closed,mi_obs,6,-0.03794894656383779,-0.3113084016722326,0.4725875
26,2.0,closed,mi_obs,7,0.0446095129265327,0.6001985943008705,0.4725875
26,2.0,closed,mi_obs,8,-0.01238770768931886,-0.009584559670517613,0.4725875
26,2.0,closed,mi_obs,9,0.001081785037956791,0.0026328977296593233,0.4725875
26,2.0,closed,mi_obs,10,-0.009010407580867463,-0.6123082199553338,0.4725875
26,2.0,closed,mi_obs,11,-0.00943826468996645,-0.0020056015754110804,0.4725875
26,2.0,closed,mi_obs,12,-0.03873063475805758,-0.0059251432306188425,0.4725875
26,2.0,closed,mi_obs,13,0.0016407419649663302,0.7480023872497321,0.4725875
26,2.0,closed,mi_obs,14,0.0020786607898954923,0.6436246521161257,0.4725875
26,2.0,closed,mi_obs,15,0.07927685925148553,0.22440610024850222,0.4725875
26,2.0,closed,mi_obs,16,-0.08426346956228792,-0.23841706851656147,0.4725875
26,2.0,closed,mi_obs,17,0.031171123700281633,0.7837921896261827,0.4725875
26,2.0,closed,mi_obs,18,-0.030002472979681477,-0.01266196458692252,0.4725875
26,2.0,closed,mi_obs,19,-0.000930193905408257,-0.0016314333627221328,0.4725875
26,2.0,closed,mi_obs,20,-0.005398003682313801,-0.710566675944583,0.4725875
26,2.0,closed,mi_obs,21,-0.05372383174783778,-0.00286326789389654,0.4725875
26,2.0,closed,mi_obs,22,-0.06734898106609305,-0.1919475866370659,0.4725875
26,2.0,closed,mi_obs,23,-0.10430509582073832,-0.04774643582854444,0.4725875
26,2.0,closed,mi_obs,24,-0.04744179469778964,-0.5550866936416046,0.4725875
26,2.0,closed,mi_obs,25,0.03164722218050531,0.581465685565677,0.4725875
26,2.0,closed,mi_obs,26,-0.05244879840302175,-0.0026736938629737883,0.4725875
26,2.0,closed,mi_obs,27,-0.054357529891748566,-0.0038053444722879423,0.4725875
26,2.0,closed,mi_obs,28,0.01478202729457279,0.006136375956212512,0.4725875
26,2.0,closed,mi_obs,29,0.03934057089078269,0.30926709349830817,0.4725875
26,2.0,closed,mi_obs,30,0.023775420148797355,0.36395485781586645,0.4725875
26,2.0,closed,mi_obs,31,0.031219520948470136,0.5101218803778932,0.4725875
26,2.0,closed,mi_obs,32,0.09341003963129937,-0.012494266287362773,0.4725875
26,2.0,closed,mi_obs,33,-0.1016207442393223,0.012273802044226866,0.4725875
26,2.0,closed,mi_obs,34,0.013056538296956854,0.37726800045971426,0.4725875
26,2.0,closed,mi_obs,35,0.08675364129125103,0.021800481324528595,0.4725875
26,2.0,closed,mi_obs,36,-0.012044464600611007,-0.02322324956543297,0.4725875
26,2.0,closed,mi_obs,37,-0.042275100698769885,-0.3416356754533318,0.4725875
26,2.0,closed,mi_obs,38,0.008901765258816141,0.9278106926168341,0.4725875
26,2.0,closed,mi_obs,39,0.13864019280849116,0.39528451387088015,0.4725875
26,2.0,closed,mi_obs,40,-0.1429608732929195,-0.4171553408304528,0.4725875
26,2.0,closed,mi_obs,41,0.01696049303815017,0.9066294591540995,0.4725875
26,2.0,closed,mi_obs,42,-0.017765558946076614,-0.003720748705480046,0.4725875
26,2.0,closed,mi_obs,43,0.05264286749067583,0.1151202608864307,0.4725875
26,2.0,closed,mi_obs,44,-0.016021128864350143,-0.9391331704332692,0.4725875
26,2.0,closed,mi_obs,45,0.18156554829539212,0.09468131409717952,0.4725875
26,2.0,closed,mi_obs,46,-0.19051421249799083,-0.10263040828834928,0.4725875
26,2.0,closed,mi_obs,47,0.004734336643364534,0.8916610353605187,0.4725875
26,2.0,closed,mi_obs,48,-0.04550759940908033,-0.0029041966568171115,0.4725875
26,2.0,closed,mi_obs,49,0.0647972176854841,-0.10153802966885307,0.4725875
26,2.0,closed,mi_obs,50,-0.04447594677560329,-0.7724282685163991,0.4725875
26,2.0,closed,mi_obs,51,-0.01190230880028842,-0.9556738530299593,0.4725875
26,2.0,closed,mi_obs,52,0.16201339266406678,0.17212193216084354,0.4725875
26,2.0,closed,mi_obs,53,-0.008580166660458317,0.006299296023057179,0.4725875
26,2.0,closed,mi_obs,54,0.008821580889786351,0.5842486865219776,0.4725875
26,2.0,closed,mi_obs,55,-0.0833179460954907,-0.632647053169379,0.4725875
26,2.0,closed,mi_obs,56,-0.17230465865628938,-0.18398702996853963,0.4725875
26,2.0,closed,mi_obs,57,-0.009759529222935796,-0.005683568594240173,0.4725875
26,2.0,closed,mi_obs,58,0.004579310649048374,-0.6114931206691417,0.4725875
26,2.0,closed,mi_obs,59,0.08197389301802283,0.6650988322268273,0.4725875
26,2.0,closed,mi_obs,60,0.09104773878207209,-0.0007507050627068341,0.4725875
26,2.0,closed,mi_obs,61,0.06380766819677784,-0.007604796655113014,0.4725875
26,2.0,closed,mi_obs,62,-0.04078895717723596,-0.8208768049659017,0.4725875
26,2.0,closed,mi_obs,63,-0.005015454360379246,0.006687159502452649,0.4725875
26,2.0,closed,mi_obs,64,0.01501700150717386,-0.002193724942281095,0.4725875
26,2.0,closed,mi_obs,65,-0.022672014480670688,-0.31623510032802826,0.4725875
26,2.0,closed,mi_class,0,-0.003912997275997809,0.7699662620419416,0.4725875
26,2.0,closed,mi_class,1,-0.0418585197699988,-0.0023565186460374663,0.4725875
26,2.0,closed,mi_class,2,0.03929481363661576,-0.004776324985795568,0.4725875
26,2.0,closed,mi_class,3,-0.25554423445613944,0.5471599861392891,0.4725875
26,2.0,closed,mi_class,4,-0.0719063480162781,0.3828959383863494,0.4725875
26,2.0,closed,mi_class,5,-0.06651028861110794,0.2942044986132119,0.4725875
26,2.0,closed,mi_class,6,0.03250333413494583,-0.3113084016722326,0.4725875
26,2.0,closed,mi_class,7,-0.1301275705513072,0.6001985943008705,0.4725875
26,2.0,closed,mi_class,8,-0.03407530676345562,-0.009584559670517613,0.4725875
26,2.0,closed,mi_class,9,-0.0029942932289616243,0.0026328977296593233,0.4725875
26,2.0,closed,mi_class,10,-0.02585054971246925,-0.6123082199553338,0.4725875
26,2.0,closed,mi_class,11,-0.06459734025639625,-0.0020056015754110804,0.4725875
26,2.0,closed,mi_class,12,0.008789827910102854,-0.0059251432306188425,0.4725875
26,2.0,closed,mi_class,13,-0.43610774341889214,0.7480023872497321,0.4725875
26,2.0,closed,mi_class,14,-0.20393130735110498,0.6436246521161257,0.4725875
26,2.0,closed,mi_class,15,-0.06743207239320093,0.22440610024850222,0.4725875
26,2.0,closed,mi_class,16,0.0016121818745101213,-0.23841706851656147,0.4725875
26,2.0,closed,mi_class,17,-0.2530324647115938,0.7837921896261827,0.4725875
26,2.0,closed,mi_class,18,-0.023900702948777247,-0.01266196458692252,0.4725875
26,2.0,closed,mi_class,19,-0.008792688243383527,-0.0016314333627221328,0.4725875
26,2.0,closed,mi_class,20,0.04090898291534595,-0.710566675944583,0.4725875
26,2.0,closed,mi_class,21,-0.012378427182817703,-0.00286326789389654,0.4725875
26,2.0,closed,mi_class,22,0.11744850101406053,-0.1919475866370659,0.4725875
26,2.0,closed,mi_class,23,0.013120327800902713,-0.04774643582854444,0.4725875
26,2.0,closed,mi_class,24,0.22978671834272751,-0.5550866936416046,0.4725875
26,2.0,closed,mi_class,25,-0.11120822337340791,0.581465685565677,0.4725875
26,2.0,closed,mi_class,26,-4.3120958226551716e-05,-0.0026736938629737883,0.4725875
26,2.0,closed,mi_class,27,0.0401564254058703,-0.0038053444722879423,0.4725875
26,2.0,closed,mi_class,28,-0.1203530338176068,0.006136375956212512,0.4725875
26,2.0,closed,mi_class,29,0.03311195112887794,0.30926709349830817,0.4725875
26,2.0,closed,mi_class,30,0.4378509910007098,0.36395485781586645,0.4725875
26,2.0,closed,mi_class,31,-0.3556089892302873,0.5101218803778932,0.4725875
26,2.0,closed,mi_class,32,0.0016123020728009557,-0.012494266287362773,0.4725875
26,2.0,closed,mi_class,33,-0.03667338694290451,0.012273802044226866,0.4725875
26,2.0,closed,mi_class,34,-0.2585063751850364,0.37726800045971426,0.4725875
26,2.0,closed,mi_class,35,0.03801303809733301,0.021800481324528595,0.4725875
26,2.0,closed,mi_class,36,0.02213774373673301,-0.02322324956543297,0.4725875
26,2.0,closed,mi_class,37,0.21659135467155313,-0.3416356754533318,0.4725875
26,2.0,closed,mi_class,38,-0.35051453509261676,0.9278106926168341,0.4725875
26,2.0,closed,mi_class,39,-0.16545674663361543,0.39528451387088015,0.4725875
26,2.0,closed,mi_class,40,0.1929594719307468,-0.4171553408304528,0.4725875
26,2.0,closed,mi_class,41,-0.34564317676927014,0.9066294591540995,0.4725875
26,2.0,closed,mi_class,42,0.029733896235323277,-0.003720748705480046,0.4725875
26,2.0,closed,mi_class,43,-0.0973931213274144,0.1151202608864307,0.4725875
26,2.0,closed,mi_class,44,0.4952434255198706,-0.9391331704332692,0.4725875
26,2.0,closed,mi_class,45,0.014458606617825484,0.09468131409717952,0.4725875
26,2.0,closed,mi_class,46,0.0057065617092602605,-0.10263040828834928,0.4725875
26,2.0,closed,mi_class,47,-0.0029423050569071796,0.8916610353605187,0.4725875
26,2.0,closed,mi_class,48,-0.006347064697006146,-0.0029041966568171115,0.4725875
26,2.0,closed,mi_class,49,0.062456333199739034,-0.10153802966885307,0.4725875
26,2.0,closed,mi_class,50,0.16910998436412228,-0.7724282685163991,0.4725875
26,2.0,closed,mi_class,51,0.19034045801417743,-0.9556738530299593,0.4725875
26,2.0,closed,mi_class,52,0.0015197638823128412,0.17212193216084354,0.4725875
26,2.0,closed,mi_class,53,-0.02856230500764373,0.006299296023057179,0.4725875
26,2.0,closed,mi_class,54,-0.3739010914637749,0.5842486865219776,0.4725875
26,2.0,closed,mi_class,55,0.14646131766873238,-0.632647053169379,0.4725875
26,2.0,closed,mi_class,56,0.030953797365468133,-0.18398702996853963,0.4725875
26,2.0,closed,mi_class,57,0.07469044244537709,-0.005683568594240173,0.4725875
26,2.0,closed,mi_class,58,0.20651078109975263,-0.6114931206691417,0.4725875
26,2.0,closed,mi_class,59,-0.009712475478108273,0.6650988322268273,0.4725875
26,2.0,closed,mi_class,60,-0.0035973804722711383,-0.0007507050627068341,0.4725875
26,2.0,closed,mi_class,61,-0.0030140347866458974,-0.007604796655113014,0.4725875
26,2.0,closed,mi_class,62,0.18831532478408397,-0.8208768049659017,0.4725875
26,2.0,closed,mi_class,63,-0.33324658711980454,0.006687159502452649,0.4725875
26,2.0,closed,mi_class,64,0.02598486655673499,-0.002193724942281095,0.4725875
26,2.0,closed,mi_class,65,0.1701783982309167,-0.31623510032802826,0.4725875
26,2.0,closed,mi_site,0,0.02343363551344313,0.7699662620419416,0.4725875
26,2.0,closed,mi_site,1,0.019255244006473368,-0.0023565186460374663,0.4725875
26,2.0,closed,mi_site,2,-0.010852071447327107,-0.004776324985795568,0.4725875
26,2.0,closed,mi_site,3,0.021115867797173893,0.5471599861392891,0.4725875
26,2.0,closed,mi_site,4,0.016645637812123804,0.3828959383863494,0.4725875
26,2.0,closed,mi_site,5,0.05012802690596446,0.2942044986132119,0.4725875
26,2.0,closed,mi_site,6,-0.05324069828023337,-0.3113084016722326,0.4725875
26,2.0,closed,mi_site,7,0.04617240234494946,0.6001985943008705,0.4725875
26,2.0,closed,mi_site,8,0.000938095448445142,-0.009584559670517613,0.4725875
26,2.0,closed,mi_site,9,0.0032022738213046092,0.0026328977296593233,0.4725875
26,2.0,closed,mi_site,10,-0.013852592860947754,-0.6123082199553338,0.4725875
26,2.0,closed,mi_site,11,-0.014092850032132788,-0.0020056015754110804,0.4725875
26,2.0,closed,mi_site,12,-0.02397938030107273,-0.0059251432306188425,0.4725875
26,2.0,closed,mi_site,13,0.0012410339165890294,0.7480023872497321,0.4725875
26,2.0,closed,mi_site,14,-0.005756455381154213,0.6436246521161257,0.4725875
26,2.0,closed,mi_site,15,0.0972732837991444,0.22440610024850222,0.4725875
26,2.0,closed,mi_site,16,-0.09945196370866177,-0.23841706851656147,0.4725875
26,2.0,closed,mi_site,17,0.022648141189803628,0.7837921896261827,0.4725875
26,2.0,closed,mi_site,18,-0.00953499613077279,-0.01266196458692252,0.4725875
26,2.0,closed,mi_site,19,-0.0015671352394885844,-0.0016314333627221328,0.4725875
26,2.0,closed,mi_site,20,-0.006969340596592377,-0.710566675944583,0.4725875
26,2.0,closed,mi_site,21,-0.04615562689872996,-0.00286326789389654,0.4725875
26,2.0,closed,mi_site,22,-0.06286654900018745,-0.1919475866370659,0.4725875
26,2.0,closed,mi_site,23,-0.09208129859634842,-0.04774643582854444,0.4725875
26,2.0,closed,mi_site,24,-0.024985146946074677,-0.5550866936416046,0.4725875
26,2.0,closed,mi_site,25,0.017549465969341038,0.581465685565677,0.4725875
26,2.0,closed,mi_site,26,-0.0558080686905949,-0.0026736938629737883,0.4725875
26,2.0,closed,mi_site,27,-0.010140397652465407,-0.0038053444722879423,0.4725875
26,2.0,closed,mi_site,28,-0.00033714971359809914,0.006136375956212512,0.4725875
26,2.0,closed,mi_site,29,0.033496893669358596,0.30926709349830817,0.4725875
26,2.0,closed,mi_site,30,0.016636703893773752,0.36395485781586645,0.4725875
26,2.0,closed,mi_site,31,0.02648058757911953,0.5101218803778932,0.4725875
26,2.0,closed,mi_site,32,0.09396263636264023,-0.012494266287362773,0.4725875
26,2.0,closed,mi_site,33,-0.0963579879991742,0.012273802044226866,0.4725875
26,2.0,closed,mi_site,34,0.0038377597110635375,0.37726800045971426,0.4725875
26,2.0,closed,mi_site,35,0.04383473212865309,0.021800481324528595,0.4725875
26,2.0,closed,mi_site,36,-0.007845725477560024,-0.02322324956543297,0.4725875
26,2.0,closed,mi_site,37,-0.030260149863528207,-0.3416356754533318,0.4725875
26,2.0,closed,mi_site,38,0.005790917380935734,0.9278106926168341,0.4725875
26,2.0,closed,mi_site,39,0.13766168231018772,0.39528451387088015,0.4725875
26,2.0,closed,mi_site,40,-0.14241719010366027,-0.4171553408304528,0.4725875
26,2.0,closed,mi_site,41,0.015547761628551426,0.9066294591540995,0.4725875
26,2.0,closed,mi_site,42,-0.002654783087745512,-0.003720748705480046,0.4725875
26,2.0,closed,mi_site,43,0.04732654328323389,0.1151202608864307,0.4725875
26,2.0,closed,mi_site,44,-0.014509434909037,-0.9391331704332692,0.4725875
26,2.0,closed,mi_site,45,0.17209195188024917,0.09468131409717952,0.4725875
26,2.0,closed,mi_site,46,-0.18081858860332933,-0.10263040828834928,0.4725875
26,2.0,closed,mi_site,47,0.0017316887890654886,0.8916610353605187,0.4725875
26,2.0,closed,mi_site,48,-0.015035924865608705,-0.0029041966568171115,0.4725875
26,2.0,closed,mi_site,49,0.05635819030599278,-0.10153802966885307,0.4725875
26,2.0,closed,mi_site,50,-0.03690513073097734,-0.7724282685163991,0.4725875
26,2.0,closed,mi_site,51,-0.008128619233142564,-0.9556738530299593,0.4725875
26,2.0,closed,mi_site,52,0.1652475166213917,0.17212193216084354,0.4725875
26,2.0,closed,mi_site,53,-0.012972422836903221,0.006299296023057179,0.4725875
26,2.0,closed,mi_site,54,0.0026575530570676076,0.5842486865219776,0.4725875
26,2.0,closed,mi_site,55,-0.08483179409309338,-0.632647053169379,0.4725875
26,2.0,closed,mi_site,56,-0.1752409721070349,-0.18398702996853963,0.4725875
26,2.0,closed,mi_site,57,0.005918885207105844,-0.005683568594240173,0.4725875
26,2.0,closed,mi_site,58,0.009253902559685834,-0.6114931206691417,0.4725875
26,2.0,closed,mi_site,59,0.08473720664909268,0.6650988322268273,0.4725875
26,2.0,closed,mi_site,60,0.06446459895093559,-0.0007507050627068341,0.4725875
26,2.0,closed,mi_site,61,0.0632901999967633,-0.007604796655113014,0.4725875
26,2.0,closed,mi_site,62,-0.03824182452180602,-0.8208768049659017,0.4725875
26,2.0,closed,mi_site,63,0.009904594400545303,0.006687159502452649,0.4725875
26,2.0,closed,mi_site,64,0.0011668090056566813,-0.002193724942281095,0.4725875
26,2.0,closed,mi_site,65,-0.01817911596770727,-0.31623510032802826,0.4725875
