rep,gamma,alignment,estimator,pair,signed_err,truth,miss_rate
28,0.0,aligned,available,0,-0.01271702132687122,0.18660571157808584,0.47226666666666667
28,0.0,aligned,available,1,0.0072821923836855484,0.7764576608079464,0.47226666666666667
28,0.0,aligned,available,2,-0.004967273736083688,-0.3178279988951146,0.47226666666666667
28,0.0,aligned,available,3,0.0009888897897474824,-0.31291461756841077,0.47226666666666667
28,0.0,aligned,available,4,-0.0031943127764566537,0.3159381608444937,0.47226666666666667
28,0.0,aligned,available,5,8.691759986567682e-05,-0.7967403783791721,0.47226666666666667
28,0.0,aligned,available,6,0.0024483828263691665,0.5738608995666062,0.47226666666666667
28,0.0,aligned,available,7,0.008557400850302932,0.4135513473212942,0.47226666666666667
28,0.0,aligned,available,8,0.001724220610968219,-0.5889104427902838,0.47226666666666667
28,0.0,aligned,available,9,-0.001205764377346763,-0.6775006277871005,0.47226666666666667
28,0.0,aligned,available,10,0.004456111904789383,0.014297854432083269,0.47226666666666667
28,0.0,aligned,available,11,-0.013384837069321531,0.1847599646548602,0.47226666666666667
28,0.0,aligned,available,12,0.026122862638633122,0.0005628068237755552,0.47226666666666667
28,0.0,aligned,available,13,0.008100422004868102,-0.16987340589049793,0.47226666666666667
28,0.0,aligned,available,14,-0.0019449623781516157,0.43921143307566524,0.47226666666666667
28,0.0,aligned,available,15,0.013168845303208387,-0.20675123677303944,0.47226666666666667
28,0.0,aligned,available,16,-0.009713837866111547,0.2146391887898116,0.47226666666666667
28,0.0,aligned,available,17,-0.006047694388317081,-0.007187997347833557,0.47226666666666667
28,0.0,aligned,available,18,0.010009476212593064,0.03640211212009467,0.47226666666666667
28,0.0,aligned,available,19,-0.0028407490735831153,-0.37490336488939874,0.47226666666666667
28,0.0,aligned,available,20,0.0006487467566641408,0.0015921450678801957,0.47226666666666667
28,0.0,aligned,available,21,0.018718933237969942,0.18105391060613918,0.47226666666666667
28,0.0,aligned,available,22,0.010454050957635908,-0.48954004405022383,0.47226666666666667
28,0.0,aligned,available,23,-0.016215512684953415,0.4626874580898261,0.47226666666666667
28,0.0,aligned,available,24,-0.00031537608304788023,-0.8799023101507145,0.47226666666666667
28,0.0,aligned,available,25,-0.0004975454362434739,0.7367536063335156,0.47226666666666667
28,0.0,aligned,available,26,0.004230259924099977,0.6028598787259221,0.47226666666666667
28,0.0,aligned,available,27,0.0037237944913976473,-0.361109035795923,0.47226666666666667
28,0.0,aligned,available,28,-0.009717563528384932,-0.501110536211644,0.47226666666666667
28,0.0,aligned,available,29,-0.0035356133468779083,0.35464701030080087,0.47226666666666667
28,0.0,aligned,available,30,-0.006302247902337299,-0.3828187698111788,0.47226666666666667
28,0.0,aligned,available,31,0.027151691846012127,0.32072552372237056,0.47226666666666667
28,0.0,aligned,available,32,-0.009410910654842904,0.0020840481387939622,0.47226666666666667
28,0.0,aligned,available,33,0.007057357126972752,0.27633054819369235,0.47226666666666667
28,0.0,aligned,available,34,-0.029921499890482497,0.00428169010597986,0.47226666666666667
28,0.0,aligned,available,35,-0.017485891822394857,0.009371840968572022,0.47226666666666667
28,0.0,aligned,available,36,-0.024360737994159783,0.01034503856941767,0.47226666666666667
28,0.0,aligned,available,37,-0.000637109195175678,0.5162036120783413,0.47226666666666667
28,0.0,aligned,available,38,0.000167818605038339,-0.8872573575921353,0.47226666666666667
28,0.0,aligned,available,39,-0.004574829993089502,0.2569899462494393,0.47226666666666667
28,0.0,aligned,available,40,0.0016577451068385818,-0.8315201188265409,0.47226666666666667
28,0.0,aligned,available,41,-0.009945771777904705,-0.010926387607890484,0.47226666666666667
28,0.0,aligned,available,42,-0.01955185857728109,0.3087225954817766,0.47226666666666667
28,0.0,aligned,available,43,-0.0033649298313525033,0.43735806878847405,0.47226666666666667
28,0.0,aligned,available,44,0.0007377820087395293,-0.7343685508759192,0.47226666666666667
28,0.0,aligned,available,45,-0.0011732932298936793,-0.2748097467661602,0.47226666666666667
28,0.0,aligned,available,46,-0.0017200519106105316,0.7592021120326832,0.47226666666666667
28,0.0,aligned,available,47,0.007078127447064128,0.0012492504918377922,0.47226666666666667
28,0.0,aligned,available,48,0.01965219004030072,-0.24781927475004825,0.47226666666666667
28,0.0,aligned,available,49,0.008309440625348441,-0.4795615114847223,0.47226666666666667
28,0.0,aligned,available,50,-0.004511060687812818,0.6158866205361203,0.47226666666666667
28,0.0,aligned,available,51,-0.001028894089784016,-0.6209452566232786,0.47226666666666667
28,0.0,aligned,available,52,-0.002150229808178583,-0.6796842185998772,0.47226666666666667
28,0.0,aligned,available,53,-0.019449326431358993,0.4133844852643958,0.47226666666666667
28,0.0,aligned,available,54,-0.000445254411381768,0.5731631021183724,0.47226666666666667
28,0.0,aligned,available,55,-0.0031541702655905053,0.000611785908295345,0.47226666666666667
28,0.0,aligned,available,56,0.011829805043184538,0.30412195372995826,0.47226666666666667
28,0.0,aligned,available,57,0.0218168598113751,-0.4056965356046922,0.47226666666666667
28,0.0,aligned,available,58,0.003206893634421726,-0.5663806655683834,0.47226666666666667
28,0.0,aligned,available,59,-0.0016596602462829457,0.5281436569393374,0.47226666666666667
28,0.0,aligned,available,60,0.01924737452888844,0.0018365987094311454,0.47226666666666667
28,0.0,aligned,available,61,-0.005751065381376347,0.0010574948245530803,0.47226666666666667
28,0.0,aligned,available,62,0.01641087333429885,0.00948115858188487,0.47226666666666667
28,0.0,aligned,available,63,-0.0066796123444300415,0.7148293915231547,0.47226666666666667
28,0.0,aligned,available,64,0.009725582131921347,0.010100702647588564,0.47226666666666667
28,0.0,aligned,available,65,-0.007669523144201286,0.011139026461038093,0.47226666666666667
28,0.0,aligned,mi_obs,0,-0.0043306764785490115,0.18660571157808584,0.47226666666666667
28,0.0,aligned,mi_obs,1,0.025712210538484492,0.7764576608079464,0.47226666666666667
28,0.0,aligned,mi_obs,2,-0.008971419471462627,-0.3178279988951146,0.47226666666666667
28,0.0,aligned,mi_obs,3,0.012131230751696642,-0.31291461756841077,0.47226666666666667
28,0.0,aligned,mi_obs,4,-0.01163802822444343,0.3159381608444937,0.47226666666666667
28,0.0,aligned,mi_obs,5,-0.03301269692424358,-0.7967403783791721,0.47226666666666667
28,0.0,aligned,mi_obs,6,0.03286144412154812,0.5738608995666062,0.47226666666666667
28,0.0,aligned,mi_obs,7,0.047863953217798294,0.4135513473212942,0.47226666666666667
28,0.0,aligned,mi_obs,8,-0.0363784613944792,-0.5889104427902838,0.47226666666666667
28,0.0,aligned,mi_obs,9,-0.03129334991862909,-0.6775006277871005,0.47226666666666667
28,0.0,aligned,mi_obs,10,0.004652966885601665,0.014297854432083269,0.47226666666666667
28,0.0,aligned,mi_obs,11,-0.006737860747848212,0.1847599646548602,0.47226666666666667
28,0.0,aligned,mi_obs,12,0.010318720403558919,0.0005628068237755552,0.47226666666666667
28,0.0,aligned,mi_obs,13,0.06097867833678988,-0.16987340589049793,0.47226666666666667
28,0.0,aligned,mi_obs,14,0.0223805127191527,0.43921143307566524,0.47226666666666667
28,0.0,aligned,mi_obs,15,-0.004456250509801085,-0.20675123677303944,0.47226666666666667
28,0.0,aligned,mi_obs,16,-0.037623730151911866,0.2146391887898116,0.47226666666666667
28,0.0,aligned,mi_obs,17,-0.0054647000287619315,-0.007187997347833557,0.47226666666666667
28,0.0,aligned,mi_obs,18,0.05103305174429737,0.03640211212009467,0.47226666666666667
28,0.0,aligned,mi_obs,19,-0.01935155804379135,-0.37490336488939874,0.47226666666666667
28,0.0,aligned,mi_obs,20,-0.019831929892096832,0.0015921450678801957,0.47226666666666667
28,0.0,aligned,mi_obs,21,0.00347594953806174,0.18105391060613918,0.47226666666666667
28,0.0,aligned,mi_obs,22,0.0059569171520098,-0.48954004405022383,0.47226666666666667
28,0.0,aligned,mi_obs,23,-0.004100284092892037,0.4626874580898261,0.47226666666666667
28,0.0,aligned,mi_obs,24,-0.025725911543488023,-0.8799023101507145,0.47226666666666667
28,0.0,aligned,mi_obs,25,0.031317507845738835,0.7367536063335156,0.47226666666666667
28,0.0,aligned,mi_obs,26,0.05627176181273763,0.6028598787259221,0.47226666666666667
28,0.0,aligned,mi_obs,27,-0.007219812859519281,-0.361109035795923,0.47226666666666667
28,0.0,aligned,mi_obs,28,-0.01107645665157353,-0.501110536211644,0.47226666666666667
28,0.0,aligned,mi_obs,29,0.02363666879613807,0.35464701030080087,0.47226666666666667
28,0.0,aligned,mi_obs,30,-0.04574654876010231,-0.3828187698111788,0.47226666666666667
28,0.0,aligned,mi_obs,31,0.02650412378363226,0.32072552372237056,0.47226666666666667
28,0.0,aligned,mi_obs,32,-0.010280567805544266,0.0020840481387939622,0.47226666666666667
28,0.0,aligned,mi_obs,33,0.007689121043654212,0.27633054819369235,0.47226666666666667
28,0.0,aligned,mi_obs,34,0.05541481620473423,0.00428169010597986,0.47226666666666667
28,0.0,aligned,mi_obs,35,0.0127767807443581,0.009371840968572022,0.47226666666666667
28,0.0,aligned,mi_obs,36,0.00816526277902908,0.01034503856941767,0.47226666666666667
28,0.0,aligned,mi_obs,37,0.05288130328827023,0.5162036120783413,0.47226666666666667
28,0.0,aligned,mi_obs,38,0.011217969342735445,-0.8872573575921353,0.47226666666666667
28,0.0,aligned,mi_obs,39,-0.010480335510639871,0.2569899462494393,0.47226666666666667
28,0.0,aligned,mi_obs,40,0.006811130891846262,-0.8315201188265409,0.47226666666666667
28,0.0,aligned,mi_obs,41,-0.008173194320273355,-0.010926387607890484,0.47226666666666667
28,0.0,aligned,mi_obs,42,-0.030657451222646404,0.3087225954817766,0.47226666666666667
28,0.0,aligned,mi_obs,43,-0.02971065394390149,0.43735806878847405,0.47226666666666667
28,0.0,aligned,mi_obs,44,-0.018101902669565906,-0.7343685508759192,0.47226666666666667
28,0.0,aligned,mi_obs,45,0.0035950666335954895,-0.2748097467661602,0.47226666666666667
28,0.0,aligned,mi_obs,46,-0.006352708053416034,0.7592021120326832,0.47226666666666667
28,0.0,aligned,mi_obs,47,-0.010081610696075192,0.0012492504918377922,0.47226666666666667
28,0.0,aligned,mi_obs,48,0.00033780389074539174,-0.24781927475004825,0.47226666666666667
28,0.0,aligned,mi_obs,49,0.006162231941653773,-0.4795615114847223,0.47226666666666667
28,0.0,aligned,mi_obs,50,0.013694050439877925,0.6158866205361203,0.47226666666666667
28,0.0,aligned,mi_obs,51,-0.02576009341747032,-0.6209452566232786,0.47226666666666667
28,0.0,aligned,mi_obs,52,-0.009358271851169886,-0.6796842185998772,0.47226666666666667
28,0.0,aligned,mi_obs,53,0.022427025557591573,0.4133844852643958,0.47226666666666667
28,0.0,aligned,mi_obs,54,0.03248737518762179,0.5731631021183724,0.47226666666666667
28,0.0,aligned,mi_obs,55,-0.008863183370593787,0.000611785908295345,0.47226666666666667
28,0.0,aligned,mi_obs,56,0.03370102991197782,0.30412195372995826,0.47226666666666667
28,0.0,aligned,mi_obs,57,-0.033981884933930784,-0.4056965356046922,0.47226666666666667
28,0.0,aligned,mi_obs,58,-0.00507700458680449,-0.5663806655683834,0.47226666666666667
28,0.0,aligned,mi_obs,59,0.005777279640170052,0.5281436569393374,0.47226666666666667
28,0.0,aligned,mi_obs,60,0.02711325315558471,0.0018365987094311454,0.47226666666666667
28,0.0,aligned,mi_obs,61,0.028671554008676447,0.0010574948245530803,0.47226666666666667
28,0.0,aligned,mi_obs,62,0.04523731394480519,0.00948115858188487,0.47226666666666667
28,0.0,aligned,mi_obs,63,0.04136921880741684,0.7148293915231547,0.47226666666666667
28,0.0,aligned,mi_obs,64,0.02319216863583292,0.010100702647588564,0.47226666666666667
28,0.0,aligned,mi_obs,65,0.024530142631116615,0.011139026461038093,0.47226666666666667
28,0.0,aligned,mi_class,0,-0.05796741512029149,0.18660571157808584,0.47226666666666667
28,0.0,aligned,mi_class,1,-0.6162070974798958,0.7764576608079464,0.47226666666666667
28,0.0,aligned,mi_class,2,0.2919050830645384,-0.3178279988951146,0.47226666666666667
28,0.0,aligned,mi_class,3,-0.004350408174393694,-0.31291461756841077,0.47226666666666667
28,0.0,aligned,mi_class,4,-0.056814990745502836,0.3159381608444937,0.47226666666666667
28,0.0,aligned,mi_class,5,0.1731356969753709,-0.7967403783791721,0.47226666666666667
28,0.0,aligned,mi_class,6,-0.0742416625289758,0.5738608995666062,0.47226666666666667
28,0.0,aligned,mi_class,7,-0.028514904511320716,0.4135513473212942,0.47226666666666667
28,0.0,aligned,mi_class,8,-0.03278720081858855,-0.5889104427902838,0.47226666666666667
28,0.0,aligned,mi_class,9,-0.01362948873003944,-0.6775006277871005,0.47226666666666667
28,0.0,aligned,mi_class,10,0.008829103227655384,0.014297854432083269,0.47226666666666667
28,0.0,aligned,mi_class,11,-0.21236455298587004,0.1847599646548602,0.47226666666666667
28,0.0,aligned,mi_class,12,-0.0591175796040763,0.0005628068237755552,0.47226666666666667
28,0.0,aligned,mi_class,13,0.03269167515700472,-0.16987340589049793,0.47226666666666667
28,0.0,aligned,mi_class,14,-0.12402160169269144,0.43921143307566524,0.47226666666666667
28,0.0,aligned,mi_class,15,0.08773280475143196,-0.20675123677303944,0.47226666666666667
28,0.0,aligned,mi_class,16,-0.04955428035923032,0.2146391887898116,0.47226666666666667
28,0.0,aligned,mi_class,17,-0.015462538999238518,-0.007187997347833557,0.47226666666666667
28,0.0,aligned,mi_class,18,-0.014519331395191449,0.03640211212009467,0.47226666666666667
28,0.0,aligned,mi_class,19,0.02107055764838983,-0.37490336488939874,0.47226666666666667
28,0.0,aligned,mi_class,20,0.0012906841922944534,0.0015921450678801957,0.47226666666666667
28,0.0,aligned,mi_class,21,0.7903480904157048,0.18105391060613918,0.47226666666666667
28,0.0,aligned,mi_class,22,0.4076560529823689,-0.48954004405022383,0.47226666666666667
28,0.0,aligned,mi_class,23,-0.4006103618324319,0.4626874580898261,0.47226666666666667
28,0.0,aligned,mi_class,24,0.7696936057717797,-0.8799023101507145,0.47226666666666667
28,0.0,aligned,mi_class,25,-0.6253660590616161,0.7367536063335156,0.47226666666666667
28,0.0,aligned,mi_class,26,-0.5131605415519769,0.6028598787259221,0.47226666666666667
28,0.0,aligned,mi_class,27,0.27600259778250674,-0.361109035795923,0.47226666666666667
28,0.0,aligned,mi_class,28,0.5445176242199239,-0.501110536211644,0.47226666666666667
28,0.0,aligned,mi_class,29,-0.21507480678416377,0.35464701030080087,0.47226666666666667
28,0.0,aligned,mi_class,30,0.34834674478759353,-0.3828187698111788,0.47226666666666667
28,0.0,aligned,mi_class,31,-0.29286746322391627,0.32072552372237056,0.47226666666666667
28,0.0,aligned,mi_class,32,-0.0021797196925285563,0.0020840481387939622,0.47226666666666667
28,0.0,aligned,mi_class,33,-0.25060033618504896,0.27633054819369235,0.47226666666666667
28,0.0,aligned,mi_class,34,-0.007635835994605089,0.00428169010597986,0.47226666666666667
28,0.0,aligned,mi_class,35,-0.010679324795784581,0.009371840968572022,0.47226666666666667
28,0.0,aligned,mi_class,36,0.13856734474942517,0.01034503856941767,0.47226666666666667
28,0.0,aligned,mi_class,37,-0.3981137812859211,0.5162036120783413,0.47226666666666667
28,0.0,aligned,mi_class,38,0.1390343252006545,-0.8872573575921353,0.47226666666666667
28,0.0,aligned,mi_class,39,-0.019007771426852005,0.2569899462494393,0.47226666666666667
28,0.0,aligned,mi_class,40,0.18136835483393332,-0.8315201188265409,0.47226666666666667
28,0.0,aligned,mi_class,41,-0.010050954533635068,-0.010926387607890484,0.47226666666666667
28,0.0,aligned,mi_class,42,0.03643978902943806,0.3087225954817766,0.47226666666666667
28,0.0,aligned,mi_class,43,-0.022828041960027523,0.43735806878847405,0.47226666666666667
28,0.0,aligned,mi_class,44,0.1823973746340949,-0.7343685508759192,0.47226666666666667
28,0.0,aligned,mi_class,45,0.021824554741212032,-0.2748097467661602,0.47226666666666667
28,0.0,aligned,mi_class,46,-0.12301263233727555,0.7592021120326832,0.47226666666666667
28,0.0,aligned,mi_class,47,0.039067525595972985,0.0012492504918377922,0.47226666666666667
28,0.0,aligned,mi_class,48,0.0490591088688721,-0.24781927475004825,0.47226666666666667
28,0.0,aligned,mi_class,49,0.11915859897344883,-0.4795615114847223,0.47226666666666667
28,0.0,aligned,mi_class,50,-0.09453660800372232,0.6158866205361203,0.47226666666666667
28,0.0,aligned,mi_class,51,0.1014413676154109,-0.6209452566232786,0.47226666666666667
28,0.0,aligned,mi_class,52,0.025055369987020848,-0.6796842185998772,0.47226666666666667
28,0.0,aligned,mi_class,53,-0.06694814837109897,0.4133844852643958,0.47226666666666667
28,0.0,aligned,mi_class,54,-0.13120482123681027,0.5731631021183724,0.47226666666666667
28,0.0,aligned,mi_class,55,-0.002399880877111813,0.000611785908295345,0.47226666666666667
28,0.0,aligned,mi_class,56,0.01689070981390345,0.30412195372995826,0.47226666666666667
28,0.0,aligned,mi_class,57,0.06807086290891362,-0.4056965356046922,0.47226666666666667
28,0.0,aligned,mi_class,58,0.12540152983448077,-0.5663806655683834,0.47226666666666667
28,0.0,aligned,mi_class,59,-0.09341841961800934,0.5281436569393374,0.47226666666666667
28,0.0,aligned,mi_class,60,-0.04093753083341491,0.0018365987094311454,0.47226666666666667
28,0.0,aligned,mi_class,61,-0.004373427370712523,0.0010574948245530803,0.47226666666666667
28,0.0,aligned,mi_class,62,0.02800615822107571,0.00948115858188487,0.47226666666666667
28,0.0,aligned,mi_class,63,-0.0024163706836021204,0.7148293915231547,0.47226666666666667
28,0.0,aligned,mi_class,64,0.01045274240704421,0.010100702647588564,0.47226666666666667
28,0.0,aligned,mi_class,65,0.003582263219964568,0.011139026461038093,0.47226666666666667
28,0.0,aligned,mi_site,0,-0.008538023680983192,0.18660571157808584,0.47226666666666667
28,0.0,aligned,mi_site,1,-0.07568315778198287,0.7764576608079464,0.47226666666666667
28,0.0,aligned,mi_site,2,0.07978547628972465,-0.3178279988951146,0.47226666666666667
28,0.0,aligned,mi_site,3,0.03008483461273781,-0.31291461756841077,0.47226666666666667
28,0.0,aligned,mi_site,4,-0.019597975468023943,0.3159381608444937,0.47226666666666667
28,0.0,aligned,mi_site,5,0.033243288145814565,-0.7967403783791721,0.47226666666666667
28,0.0,aligned,mi_site,6,-0.02010902889941335,0.5738608995666062,0.47226666666666667
28,0.0,aligned,mi_site,7,0.012948280178724847,0.4135513473212942,0.47226666666666667
28,0.0,aligned,mi_site,8,0.16498852313091644,-0.5889104427902838,0.47226666666666667
28,0.0,aligned,mi_site,9,0.05130010462065748,-0.6775006277871005,0.47226666666666667
28,0.0,aligned,mi_site,10,0.004263328407495987,0.014297854432083269,0.47226666666666667
28,0.0,aligned,mi_site,11,-0.014823504655156305,0.1847599646548602,0.47226666666666667
28,0.0,aligned,mi_site,12,0.02880917294384884,0.0005628068237755552,0.47226666666666667
28,0.0,aligned,mi_site,13,0.03989381250344684,-0.16987340589049793,0.47226666666666667
28,0.0,aligned,mi_site,14,0.013919836914882189,0.43921143307566524,0.47226666666666667
28,0.0,aligned,mi_site,15,0.004159885572314531,-0.20675123677303944,0.47226666666666667
28,0.0,aligned,mi_site,16,-0.021750076246557754,0.2146391887898116,0.47226666666666667
28,0.0,aligned,mi_site,17,-0.016070509808181054,-0.007187997347833557,0.47226666666666667
28,0.0,aligned,mi_site,18,0.016350980509112698,0.03640211212009467,0.47226666666666667
28,0.0,aligned,mi_site,19,0.011467338875726374,-0.37490336488939874,0.47226666666666667
28,0.0,aligned,mi_site,20,-0.013011050823126728,0.0015921450678801957,0.47226666666666667
28,0.0,aligned,mi_site,21,-0.001895997327072324,0.18105391060613918,0.47226666666666667
28,0.0,aligned,mi_site,22,0.027545878046722705,-0.48954004405022383,0.47226666666666667
28,0.0,aligned,mi_site,23,-0.011004215923118066,0.4626874580898261,0.47226666666666667
28,0.0,aligned,mi_site,24,0.01278535646026202,-0.8799023101507145,0.47226666666666667
28,0.0,aligned,mi_site,25,0.009285500653690715,0.7367536063335156,0.47226666666666667
28,0.0,aligned,mi_site,26,0.018653884171061175,0.6028598787259221,0.47226666666666667
28,0.0,aligned,mi_site,27,0.10160587112412178,-0.361109035795923,0.47226666666666667
28,0.0,aligned,mi_site,28,0.02791887606042215,-0.501110536211644,0.47226666666666667
28,0.0,aligned,mi_site,29,-0.007348639833384629,0.35464701030080087,0.47226666666666667
28,0.0,aligned,mi_site,30,0.023103911692652745,-0.3828187698111788,0.47226666666666667
28,0.0,aligned,mi_site,31,-0.0027568462193746646,0.32072552372237056,0.47226666666666667
28,0.0,aligned,mi_site,32,-0.01169016869443919,0.0020840481387939622,0.47226666666666667
28,0.0,aligned,mi_site,33,-0.02763737760563681,0.27633054819369235,0.47226666666666667
28,0.0,aligned,mi_site,34,0.015377438084113721,0.00428169010597986,0.47226666666666667
28,0.0,aligned,mi_site,35,0.0046706527298153045,0.009371840968572022,0.47226666666666667
28,0.0,aligned,mi_site,36,-0.009281830634316757,0.01034503856941767,0.47226666666666667
28,0.0,aligned,mi_site,37,-0.05453684960392374,0.5162036120783413,0.47226666666666667
28,0.0,aligned,mi_site,38,0.03903021995726974,-0.8872573575921353,0.47226666666666667
28,0.0,aligned,mi_site,39,2.531223156626572e-05,0.2569899462494393,0.47226666666666667
28,0.0,aligned,mi_site,40,0.024005057764199034,-0.8315201188265409,0.47226666666666667
28,0.0,aligned,mi_site,41,-0.01256057417581018,-0.010926387607890484,0.47226666666666667
28,0.0,aligned,mi_site,42,-0.11702160690726959,0.3087225954817766,0.47226666666666667
28,0.0,aligned,mi_site,43,-0.05086562918631915,0.43735806878847405,0.47226666666666667
28,0.0,aligned,mi_site,44,0.006241324155985661,-0.7343685508759192,0.47226666666666667
28,0.0,aligned,mi_site,45,-0.01649981394685207,-0.2748097467661602,0.47226666666666667
28,0.0,aligned,mi_site,46,-0.008180867006595816,0.7592021120326832,0.47226666666666667
28,0.0,aligned,mi_site,47,0.004605422218628338,0.0012492504918377922,0.47226666666666667
28,0.0,aligned,mi_site,48,0.07821098486853761,-0.24781927475004825,0.47226666666666667
28,0.0,aligned,mi_site,49,0.02231608360497961,-0.4795615114847223,0.47226666666666667
28,0.0,aligned,mi_site,50,-0.021099276015017376,0.6158866205361203,0.47226666666666667
28,0.0,aligned,mi_site,51,-0.032232112462318385,-0.6209452566232786,0.47226666666666667
28,0.0,aligned,mi_site,52,-0.005039381288233558,-0.6796842185998772,0.47226666666666667
28,0.0,aligned,mi_site,53,-0.09422946303454643,0.4133844852643958,0.47226666666666667
28,0.0,aligned,mi_site,54,0.0053543007517795616,0.5731631021183724,0.47226666666666667
28,0.0,aligned,mi_site,55,-0.002880200504125877,0.000611785908295345,0.47226666666666667
28,0.0,aligned,mi_site,56,0.02839059572083963,0.30412195372995826,0.47226666666666667
28,0.0,aligned,mi_site,57,0.09469914480636299,-0.4056965356046922,0.47226666666666667
28,0.0,aligned,mi_site,58,0.016709386978020713,-0.5663806655683834,0.47226666666666667
28,0.0,aligned,mi_site,59,-0.008919864966683066,0.5281436569393374,0.47226666666666667
28,0.0,aligned,mi_site,60,0.023088541227585545,0.0018365987094311454,0.47226666666666667
28,0.0,aligned,mi_site,61,-0.0038918811648496606,0.0010574948245530803,0.47226666666666667
28,0.0,aligned,mi_site,62,0.014921323022079463,0.00948115858188487,0.47226666666666667
28,0.0,aligned,mi_site,63,-0.3917179053470044,0.7148293915231547,0.47226666666666667
28,0.0,aligned,mi_site,64,0.01882393007865784,0.010100702647588564,0.47226666666666667
28,0.0,aligned,mi_site,65,0.012491247599769162,0.011139026461038093,0.47226666666666667
28,0.0,closed,available,0,0.006073107636859143,0.18660571157808584,0.47226666666666667
28,0.0,closed,available,1,-0.00017856520312020674,0.7764576608079464,0.47226666666666667
28,0.0,closed,available,2,-0.004619196938622616,-0.3178279988951146,0.47226666666666667
28,0.0,closed,available,3,-0.0041336341443571345,-0.31291461756841077,0.47226666666666667
28,0.0,closed,available,4,-0.0025760003323837544,0.3159381608444937,0.47226666666666667
28,0.0,closed,available,5,-0.002596495473375371,-0.7967403783791721,0.47226666666666667
28,0.0,closed,available,6,0.004682084377931273,0.5738608995666062,0.47226666666666667
28,0.0,closed,available,7,0.009109389802014978,0.4135513473212942,0.47226666666666667
28,0.0,closed,available,8,-0.005007100301017253,-0.5889104427902838,0.47226666666666667
28,0.0,closed,available,9,0.0024502800896184507,-0.6775006277871005,0.47226666666666667
28,0.0,closed,available,10,0.0013575252897289319,0.014297854432083269,0.47226666666666667
28,0.0,closed,available,11,-0.002318066353744652,0.1847599646548602,0.47226666666666667
28,0.0,closed,available,12,-0.011877816657620244,0.0005628068237755552,0.47226666666666667
28,0.0,closed,available,13,-0.004238185366958108,-0.16987340589049793,0.47226666666666667
28,0.0,closed,available,14,-0.013168483104006978,0.43921143307566524,0.47226666666666667
28,0.0,closed,available,15,0.011082329413670378,-0.20675123677303944,0.47226666666666667
28,0.0,closed,available,16,-0.005294986606675434,0.2146391887898116,0.47226666666666667
28,0.0,closed,available,17,-0.01214361568325808,-0.007187997347833557,0.47226666666666667
28,0.0,closed,available,18,-0.022751316145962142,0.03640211212009467,0.47226666666666667
28,0.0,closed,available,19,-0.005380471057473746,-0.37490336488939874,0.47226666666666667
28,0.0,closed,available,20,4.085574260408241e-05,0.0015921450678801957,0.47226666666666667
28,0.0,closed,available,21,-0.01130790853821731,0.18105391060613918,0.47226666666666667
28,0.0,closed,available,22,0.003184373150584008,-0.48954004405022383,0.47226666666666667
28,0.0,closed,available,23,-0.013153616400464752,0.4626874580898261,0.47226666666666667
28,0.0,closed,available,24,0.004956474552143875,-0.8799023101507145,0.47226666666666667
28,0.0,closed,available,25,0.003913807264696589,0.7367536063335156,0.47226666666666667
28,0.0,closed,available,26,-0.005812358135262707,0.6028598787259221,0.47226666666666667
28,0.0,closed,available,27,-0.0027753280025858973,-0.361109035795923,0.47226666666666667
28,0.0,closed,available,28,0.013035531132215672,-0.501110536211644,0.47226666666666667
28,0.0,closed,available,29,-0.01666263664921952,0.35464701030080087,0.47226666666666667
28,0.0,closed,available,30,-0.00011912101830341415,-0.3828187698111788,0.47226666666666667
28,0.0,closed,available,31,-0.013797483404271393,0.32072552372237056,0.47226666666666667
28,0.0,closed,available,32,0.02925777148528652,0.0020840481387939622,0.47226666666666667
28,0.0,closed,available,33,-0.018146743927988374,0.27633054819369235,0.47226666666666667
28,0.0,closed,available,34,-0.016643114718737646,0.00428169010597986,0.47226666666666667
28,0.0,closed,available,35,0.01071074429488546,0.009371840968572022,0.47226666666666667
28,0.0,closed,available,36,0.017963969772793763,0.01034503856941767,0.47226666666666667
28,0.0,closed,available,37,-0.011040776060347368,0.5162036120783413,0.47226666666666667
28,0.0,closed,available,38,-9.915999897469607e-05,-0.8872573575921353,0.47226666666666667
28,0.0,closed,available,39,0.0037457381486991626,0.2569899462494393,0.47226666666666667
28,0.0,closed,available,40,0.001986244334171494,-0.8315201188265409,0.47226666666666667
28,0.0,closed,available,41,-0.013524211006099716,-0.010926387607890484,0.47226666666666667
28,0.0,closed,available,42,-0.0038357695230289424,0.3087225954817766,0.47226666666666667
28,0.0,closed,available,43,0.010249115441697598,0.43735806878847405,0.47226666666666667
28,0.0,closed,available,44,-0.0014828081945130744,-0.7343685508759192,0.47226666666666667
28,0.0,closed,available,45,0.005875524175392555,-0.2748097467661602,0.47226666666666667
28,0.0,closed,available,46,-0.004551847344195448,0.7592021120326832,0.47226666666666667
28,0.0,closed,available,47,0.0030364520749869657,0.0012492504918377922,0.47226666666666667
28,0.0,closed,available,48,-0.0035695060491525987,-0.24781927475004825,0.47226666666666667
28,0.0,closed,available,49,0.0002438711894248713,-0.4795615114847223,0.47226666666666667
28,0.0,closed,available,50,-4.524394779825691e-05,0.6158866205361203,0.47226666666666667
28,0.0,closed,available,51,-0.005367702421507969,-0.6209452566232786,0.47226666666666667
28,0.0,closed,available,52,-0.0007150864388725253,-0.6796842185998772,0.47226666666666667
28,0.0,closed,available,53,-0.0018455388776151271,0.4133844852643958,0.47226666666666667
28,0.0,closed,available,54,-0.004772831842065672,0.5731631021183724,0.47226666666666667
28,0.0,closed,available,55,0.000719025234460538,0.000611785908295345,0.47226666666666667
28,0.0,closed,available,56,0.01459989389133548,0.30412195372995826,0.47226666666666667
28,0.0,closed,available,57,0.00022415994032115583,-0.4056965356046922,0.47226666666666667
28,0.0,closed,available,58,-0.00239282039127231,-0.5663806655683834,0.47226666666666667
28,0.0,closed,available,59,-0.002240367605864879,0.5281436569393374,0.47226666666666667
28,0.0,closed,available,60,0.0101595184790324,0.0018365987094311454,0.47226666666666667
28,0.0,closed,available,61,-0.0019935699994795596,0.0010574948245530803,0.47226666666666667
28,0.0,closed,available,62,0.009647154321426227,0.00948115858188487,0.47226666666666667
28,0.0,closed,available,63,0.00068839598817938,0.7148293915231547,0.47226666666666667
28,0.0,closed,available,64,0.0010112691069096222,0.010100702647588564,0.47226666666666667
28,0.0,closed,available,65,-0.0034851017711494446,0.011139026461038093,0.47226666666666667
28,0.0,closed,mi_obs,0,0.001667286337693752,0.18660571157808584,0.47226666666666667
28,0.0,closed,mi_obs,1,0.020294443307318,0.7764576608079464,0.47226666666666667
28,0.0,closed,mi_obs,2,-0.027305578257803387,-0.3178279988951146,0.47226666666666667
28,0.0,closed,mi_obs,3,0.018067112847797828,-0.31291461756841077,0.47226666666666667
28,0.0,closed,mi_obs,4,-0.01338892809603287,0.3159381608444937,0.47226666666666667
28,0.0,closed,mi_obs,5,-0.03467719567183569,-0.7967403783791721,0.47226666666666667
28,0.0,closed,mi_obs,6,0.03047726519932048,0.5738608995666062,0.47226666666666667
28,0.0,closed,mi_obs,7,0.04732992076993647,0.4135513473212942,0.47226666666666667
28,0.0,closed,mi_obs,8,-0.044581791571526974,-0.5889104427902838,0.47226666666666667
28,0.0,closed,mi_obs,9,-0.03237806791956743,-0.6775006277871005,0.47226666666666667
28,0.0,closed,mi_obs,10,0.005253256634208401,0.014297854432083269,0.47226666666666667
28,0.0,closed,mi_obs,11,-0.007910491523872715,0.1847599646548602,0.47226666666666667
28,0.0,closed,mi_obs,12,-0.009978829137969165,0.0005628068237755552,0.47226666666666667
28,0.0,closed,mi_obs,13,0.0598059288720104,-0.16987340589049793,0.47226666666666667
28,0.0,closed,mi_obs,14,0.017992670245537246,0.43921143307566524,0.47226666666666667
28,0.0,closed,mi_obs,15,0.0008400719368916176,-0.20675123677303944,0.47226666666666667
28,0.0,closed,mi_obs,16,-0.03714893009381734,0.2146391887898116,0.47226666666666667
28,0.0,closed,mi_obs,17,-0.011338329770844124,-0.007187997347833557,0.47226666666666667
28,0.0,closed,mi_obs,18,0.018236118119891155,0.03640211212009467,0.47226666666666667
28,0.0,closed,mi_obs,19,-0.022559404524553406,-0.37490336488939874,0.47226666666666667
28,0.0,closed,mi_obs,20,-0.014685565908972137,0.0015921450678801957,0.47226666666666667
28,0.0,closed,mi_obs,21,-0.021773591305470325,0.18105391060613918,0.47226666666666667
28,0.0,closed,mi_obs,22,0.005215300285445756,-0.48954004405022383,0.47226666666666667
28,0.0,closed,mi_obs,23,-0.004640383586060948,0.4626874580898261,0.47226666666666667
28,0.0,closed,mi_obs,24,-0.019700286790516164,-0.8799023101507145,0.47226666666666667
28,0.0,closed,mi_obs,25,0.027983560485651093,0.7367536063335156,0.47226666666666667
28,0.0,closed,mi_obs,26,0.054584970777919906,0.6028598787259221,0.47226666666666667
28,0.0,closed,mi_obs,27,-0.016941727176942534,-0.361109035795923,0.47226666666666667
28,0.0,closed,mi_obs,28,-0.006817495113109917,-0.501110536211644,0.47226666666666667
28,0.0,closed,mi_obs,29,0.02531980082252544,0.35464701030080087,0.47226666666666667
28,0.0,closed,mi_obs,30,-0.05075174986620873,-0.3828187698111788,0.47226666666666667
28,0.0,closed,mi_obs,31,0.014240277511573807,0.32072552372237056,0.47226666666666667
28,0.0,closed,mi_obs,32,0.02138993978696989,0.0020840481387939622,0.47226666666666667
28,0.0,closed,mi_obs,33,-0.00158325995053199,0.27633054819369235,0.47226666666666667
28,0.0,closed,mi_obs,34,0.02830576301034738,0.00428169010597986,0.47226666666666667
28,0.0,closed,mi_obs,35,-0.0051823981815993314,0.009371840968572022,0.47226666666666667
28,0.0,closed,mi_obs,36,0.0022988855902260283,0.01034503856941767,0.47226666666666667
28,0.0,closed,mi_obs,37,0.025651567772030703,0.5162036120783413,0.47226666666666667
28,0.0,closed,mi_obs,38,0.007038468544830145,-0.8872573575921353,0.47226666666666667
28,0.0,closed,mi_obs,39,-0.01746056099151183,0.2569899462494393,0.47226666666666667
28,0.0,closed,mi_obs,40,0.00853219666739724,-0.8315201188265409,0.47226666666666667
28,0.0,closed,mi_obs,41,-0.002336848828179621,-0.010926387607890484,0.47226666666666667
28,0.0,closed,mi_obs,42,-0.006240611507306593,0.3087225954817766,0.47226666666666667
28,0.0,closed,mi_obs,43,-0.01727649244550039,0.43735806878847405,0.47226666666666667
28,0.0,closed,mi_obs,44,-0.01929515805082216,-0.7343685508759192,0.47226666666666667
28,0.0,closed,mi_obs,45,0.014778227027663626,-0.2748097467661602,0.47226666666666667
28,0.0,closed,mi_obs,46,-0.008076171502619967,0.7592021120326832,0.47226666666666667
28,0.0,closed,mi_obs,47,-0.022461526138129306,0.0012492504918377922,0.47226666666666667
28,0.0,closed,mi_obs,48,-0.022188249180714742,-0.24781927475004825,0.47226666666666667
28,0.0,closed,mi_obs,49,-0.00698047749913816,-0.4795615114847223,0.47226666666666667
28,0.0,closed,mi_obs,50,0.014922614462199224,0.6158866205361203,0.47226666666666667
28,0.0,closed,mi_obs,51,-0.02354340486562667,-0.6209452566232786,0.47226666666666667
28,0.0,closed,mi_obs,52,-0.006741402689480869,-0.6796842185998772,0.47226666666666667
28,0.0,closed,mi_obs,53,0.04130894817546166,0.4133844852643958,0.47226666666666667
28,0.0,closed,mi_obs,54,0.03221685817021369,0.5731631021183724,0.47226666666666667
28,0.0,closed,mi_obs,55,0.007191155172474735,0.000611785908295345,0.47226666666666667
28,0.0,closed,mi_obs,56,0.02862213115485923,0.30412195372995826,0.47226666666666667
28,0.0,closed,mi_obs,57,-0.059893845016098346,-0.4056965356046922,0.47226666666666667
28,0.0,closed,mi_obs,58,-0.013842711974082378,-0.5663806655683834,0.47226666666666667
28,0.0,closed,mi_obs,59,-0.0020932018129097285,0.5281436569393374,0.47226666666666667
28,0.0,closed,mi_obs,60,0.03206775353240111,0.0018365987094311454,0.47226666666666667
28,0.0,closed,mi_obs,61,0.02712839386054536,0.0010574948245530803,0.47226666666666667
28,0.0,closed,mi_obs,62,0.03590789425523689,0.00948115858188487,0.47226666666666667
28,0.0,closed,mi_obs,63,0.05132051980739538,0.7148293915231547,0.47226666666666667
28,0.0,closed,mi_obs,64,0.00816697758684975,0.010100702647588564,0.47226666666666667
28,0.0,closed,mi_obs,65,0.02232612630417257,0.011139026461038093,0.47226666666666667
28,0.0,closed,mi_class,0,-0.14242307234713147,0.18660571157808584,0.47226666666666667
28,0.0,closed,mi_class,1,-0.5415004372852301,0.7764576608079464,0.47226666666666667
28,0.0,closed,mi_class,2,0.2913946973519202,-0.3178279988951146,0.47226666666666667
28,0.0,closed,mi_class,3,-0.07772585817509314,-0.31291461756841077,0.47226666666666667
28,0.0,closed,mi_class,4,-0.08720392013483133,0.3159381608444937,0.47226666666666667
28,0.0,closed,mi_class,5,0.2807236391715551,-0.7967403783791721,0.47226666666666667
28,0.0,closed,mi_class,6,-0.11443726114830544,0.5738608995666062,0.47226666666666667
28,0.0,closed,mi_class,7,-0.08359791139997041,0.4135513473212942,0.47226666666666667
28,0.0,closed,mi_class,8,0.05675238811584227,-0.5889104427902838,0.47226666666666667
28,0.0,closed,mi_class,9,0.18057279460032077,-0.6775006277871005,0.47226666666666667
28,0.0,closed,mi_class,10,-0.09647279923297068,0.014297854432083269,0.47226666666666667
28,0.0,closed,mi_class,11,-0.18134406405736941,0.1847599646548602,0.47226666666666667
28,0.0,closed,mi_class,12,-0.070511874244355,0.0005628068237755552,0.47226666666666667
28,0.0,closed,mi_class,13,0.111400399351367,-0.16987340589049793,0.47226666666666667
28,0.0,closed,mi_class,14,-0.12405225668897235,0.43921143307566524,0.47226666666666667
28,0.0,closed,mi_class,15,0.07990670903295044,-0.20675123677303944,0.47226666666666667
28,0.0,closed,mi_class,16,-0.10003189136507296,0.2146391887898116,0.47226666666666667
28,0.0,closed,mi_class,17,0.04397307129438794,-0.007187997347833557,0.47226666666666667
28,0.0,closed,mi_class,18,-0.019539136629239874,0.03640211212009467,0.47226666666666667
28,0.0,closed,mi_class,19,0.053990102652418936,-0.37490336488939874,0.47226666666666667
28,0.0,closed,mi_class,20,0.04594170173233408,0.0015921450678801957,0.47226666666666667
28,0.0,closed,mi_class,21,0.7210640154822558,0.18105391060613918,0.47226666666666667
28,0.0,closed,mi_class,22,0.38029632424426224,-0.48954004405022383,0.47226666666666667
28,0.0,closed,mi_class,23,-0.3394559020596548,0.4626874580898261,0.47226666666666667
28,0.0,closed,mi_class,24,0.6714731179227693,-0.8799023101507145,0.47226666666666667
28,0.0,closed,mi_class,25,-0.4924782849385513,0.7367536063335156,0.47226666666666667
28,0.0,closed,mi_class,26,-0.42685468231099616,0.6028598787259221,0.47226666666666667
28,0.0,closed,mi_class,27,0.18484139893019852,-0.361109035795923,0.47226666666666667
28,0.0,closed,mi_class,28,0.45344695974527255,-0.501110536211644,0.47226666666666667
28,0.0,closed,mi_class,29,-0.13960581973576944,0.35464701030080087,0.47226666666666667
28,0.0,closed,mi_class,30,0.3481401321662162,-0.3828187698111788,0.47226666666666667
28,0.0,closed,mi_class,31,-0.2945044996489759,0.32072552372237056,0.47226666666666667
28,0.0,closed,mi_class,32,-0.0009274435807846467,0.0020840481387939622,0.47226666666666667
28,0.0,closed,mi_class,33,-0.24591701507108144,0.27633054819369235,0.47226666666666667
28,0.0,closed,mi_class,34,-0.0010814684129000184,0.00428169010597986,0.47226666666666667
28,0.0,closed,mi_class,35,-0.0066490259687216925,0.009371840968572022,0.47226666666666667
28,0.0,closed,mi_class,36,0.12641934612662162,0.01034503856941767,0.47226666666666667
28,0.0,closed,mi_class,37,-0.3635691422382927,0.5162036120783413,0.47226666666666667
28,0.0,closed,mi_class,38,0.15766595141838824,-0.8872573575921353,0.47226666666666667
28,0.0,closed,mi_class,39,-0.013372735350015985,0.2569899462494393,0.47226666666666667
28,0.0,closed,mi_class,40,0.1723160762737882,-0.8315201188265409,0.47226666666666667
28,0.0,closed,mi_class,41,-0.007237262204137115,-0.010926387607890484,0.47226666666666667
28,0.0,closed,mi_class,42,-0.06043148929577083,0.3087225954817766,0.47226666666666667
28,0.0,closed,mi_class,43,-0.14267687156279824,0.43735806878847405,0.47226666666666667
28,0.0,closed,mi_class,44,0.25841258839083064,-0.7343685508759192,0.47226666666666667
28,0.0,closed,mi_class,45,0.041485971797382976,-0.2748097467661602,0.47226666666666667
28,0.0,closed,mi_class,46,-0.14102324753091877,0.7592021120326832,0.47226666666666667
28,0.0,closed,mi_class,47,0.058403536111463455,0.0012492504918377922,0.47226666666666667
28,0.0,closed,mi_class,48,0.010086741086277162,-0.24781927475004825,0.47226666666666667
28,0.0,closed,mi_class,49,0.10947447338665095,-0.4795615114847223,0.47226666666666667
28,0.0,closed,mi_class,50,-0.13081236568160337,0.6158866205361203,0.47226666666666667
28,0.0,closed,mi_class,51,0.09327946615617289,-0.6209452566232786,0.47226666666666667
28,0.0,closed,mi_class,52,0.02029833605623088,-0.6796842185998772,0.47226666666666667
28,0.0,closed,mi_class,53,-0.07101904146559146,0.4133844852643958,0.47226666666666667
28,0.0,closed,mi_class,54,-0.17522561424006022,0.5731631021183724,0.47226666666666667
28,0.0,closed,mi_class,55,0.0011753892210444074,0.000611785908295345,0.47226666666666667
28,0.0,closed,mi_class,56,0.011375683095686873,0.30412195372995826,0.47226666666666667
28,0.0,closed,mi_class,57,-0.05602290642864943,-0.4056965356046922,0.47226666666666667
28,0.0,closed,mi_class,58,0.07134052452138151,-0.5663806655683834,0.47226666666666667
28,0.0,closed,mi_class,59,-0.03309759334930468,0.5281436569393374,0.47226666666666667
28,0.0,closed,mi_class,60,-0.061232758122901534,0.0018365987094311454,0.47226666666666667
28,0.0,closed,mi_class,61,-0.033598927290836376,0.0010574948245530803,0.47226666666666667
28,0.0,closed,mi_class,62,0.021523069402271597,0.00948115858188487,0.47226666666666667
28,0.0,closed,mi_class,63,-0.002728730511124655,0.7148293915231547,0.47226666666666667
28,0.0,closed,mi_class,64,0.006488398636588474,0.010100702647588564,0.47226666666666667
28,0.0,closed,mi_class,65,0.000240624513402515,0.011139026461038093,0.47226666666666667
28,0.0,closed,mi_site,0,0.0009952178287060964,0.18660571157808584,0.47226666666666667
28,0.0,closed,mi_site,1,0.022443611495816973,0.7764576608079464,0.47226666666666667
28,0.0,closed,mi_site,2,-0.010483108742800562,-0.3178279988951146,0.47226666666666667
28,0.0,closed,mi_site,3,0.02900795158151459,-0.31291461756841077,0.47226666666666667
28,0.0,closed,mi_site,4,-0.022247746572490235,0.3159381608444937,0.47226666666666667
28,0.0,closed,mi_site,5,-0.0310758839143368,-0.7967403783791721,0.47226666666666667
28,0.0,closed,mi_site,6,0.013998135057235461,0.5738608995666062,0.47226666666666667
28,0.0,closed,mi_site,7,0.02577354976645574,0.4135513473212942,0.47226666666666667
28,0.0,closed,mi_site,8,-0.04250258217097935,-0.5889104427902838,0.47226666666666667
28,0.0,closed,mi_site,9,-0.031541076660503875,-0.6775006277871005,0.47226666666666667
28,0.0,closed,mi_site,10,0.007998159163156953,0.014297854432083269,0.47226666666666667
28,0.0,closed,mi_site,11,-0.007436085678054538,0.1847599646548602,0.47226666666666667
28,0.0,closed,mi_site,12,-0.015827778397479945,0.0005628068237755552,0.47226666666666667
28,0.0,closed,mi_site,13,0.06640436613522255,-0.16987340589049793,0.47226666666666667
28,0.0,closed,mi_site,14,0.00812306798456025,0.43921143307566524,0.47226666666666667
28,0.0,closed,mi_site,15,-0.002572708461025419,-0.20675123677303944,0.47226666666666667
28,0.0,closed,mi_site,16,-0.04364738599069565,0.2146391887898116,0.47226666666666667
28,0.0,closed,mi_site,17,-0.0161130264220493,-0.007187997347833557,0.47226666666666667
28,0.0,closed,mi_site,18,0.01106363867311818,0.03640211212009467,0.47226666666666667
28,0.0,closed,mi_site,19,-0.016908631609694025,-0.37490336488939874,0.47226666666666667
28,0.0,closed,mi_site,20,-0.01320684781690965,0.0015921450678801957,0.47226666666666667
28,0.0,closed,mi_site,21,-0.020432798669738517,0.18105391060613918,0.47226666666666667
28,0.0,closed,mi_site,22,0.01913780247311636,-0.48954004405022383,0.47226666666666667
28,0.0,closed,mi_site,23,-0.0170727643859096,0.4626874580898261,0.47226666666666667
28,0.0,closed,mi_site,24,-0.012558108178776783,-0.8799023101507145,0.47226666666666667
28,0.0,closed,mi_site,25,0.010955790887426486,0.7367536063335156,0.47226666666666667
28,0.0,closed,mi_site,26,0.026453088210514397,0.6028598787259221,0.47226666666666667
28,0.0,closed,mi_site,27,-0.02063790857690445,-0.361109035795923,0.47226666666666667
28,0.0,closed,mi_site,28,-0.010500303819379386,-0.501110536211644,0.47226666666666667
28,0.0,closed,mi_site,29,0.022474116322808546,0.35464701030080087,0.47226666666666667
28,0.0,closed,mi_site,30,-0.04512601138599426,-0.3828187698111788,0.47226666666666667
28,0.0,closed,mi_site,31,0.008131684481623491,0.32072552372237056,0.47226666666666667
28,0.0,closed,mi_site,32,0.01240983765311537,0.0020840481387939622,0.47226666666666667
28,0.0,closed,mi_site,33,0.001681285372483854,0.27633054819369235,0.47226666666666667
28,0.0,closed,mi_site,34,0.00029650035575785015,0.00428169010597986,0.47226666666666667
28,0.0,closed,mi_site,35,0.008871741544503436,0.009371840968572022,0.47226666666666667
28,0.0,closed,mi_site,36,0.0014852319180975512,0.01034503856941767,0.47226666666666667
28,0.0,closed,mi_site,37,0.021397818953139525,0.5162036120783413,0.47226666666666667
28,0.0,closed,mi_site,38,0.012439969394110184,-0.8872573575921353,0.47226666666666667
28,0.0,closed,mi_site,39,-0.02473105519397975,0.2569899462494393,0.47226666666666667
28,0.0,closed,mi_site,40,0.013845592256655603,-0.8315201188265409,0.47226666666666667
28,0.0,closed,mi_site,41,0.012186814795351813,-0.010926387607890484,0.47226666666666667
28,0.0,closed,mi_site,42,-0.017795253416693302,0.3087225954817766,0.47226666666666667
28,0.0,closed,mi_site,43,-0.031600273314150606,0.43735806878847405,0.47226666666666667
28,0.0,closed,mi_site,44,-0.0037237649179882037,-0.7343685508759192,0.47226666666666667
28,0.0,closed,mi_site,45,0.018636734976639258,-0.2748097467661602,0.47226666666666667
28,0.0,closed,mi_site,46,-0.016818529283222805,0.7592021120326832,0.47226666666666667
28,0.0,closed,mi_site,47,-0.028728896371423014,0.0012492504918377922,0.47226666666666667
28,0.0,closed,mi_site,48,-0.002066621023685017,-0.24781927475004825,0.47226666666666667
28,0.0,closed,mi_site,49,0.00639625943758465,-0.4795615114847223,0.47226666666666667
28,0.0,closed,mi_site,50,-0.0034718384153237247,0.6158866205361203,0.47226666666666667
28,0.0,closed,mi_site,51,-0.012475892335528815,-0.6209452566232786,0.47226666666666667
28,0.0,closed,mi_site,52,0.01527860812860693,-0.6796842185998772,0.47226666666666667
28,0.0,closed,mi_site,53,0.0340313483115226,0.4133844852643958,0.47226666666666667
28,0.0,closed,mi_site,54,0.03330109891922395,0.5731631021183724,0.47226666666666667
28,0.0,closed,mi_site,55,0.00898894399858743,0.000611785908295345,0.47226666666666667
28,0.0,closed,mi_site,56,0.009730715922044109,0.30412195372995826,0.47226666666666667
28,0.0,closed,mi_site,57,-0.034613866782414904,-0.4056965356046922,0.47226666666666667
28,0.0,closed,mi_site,58,0.002595069954899998,-0.5663806655683834,0.47226666666666667
28,0.0,closed,mi_site,59,-0.017191970227356523,0.5281436569393374,0.47226666666666667
28,0.0,closed,mi_site,60,0.03192140503718673,0.0018365987094311454,0.47226666666666667
28,0.0,closed,mi_site,61,0.044260957306421614,0.0010574948245530803,0.47226666666666667
28,0.0,closed,mi_site,62,0.021236993261622757,0.00948115858188487,0.47226666666666667
28,0.0,closed,mi_site,63,0.04561184061751522,0.7148293915231547,0.47226666666666667
28,0.0,closed,mi_site,64,0.017664934805002676,0.010100702647588564,0.47226666666666667
28,0.0,closed,mi_site,65,0.01947530801837781,0.011139026461038093,0.47226666666666667
28,1.0,aligned,available,0,-0.016682463805461706,0.19204322820885456,0.47226666666666667
28,1.0,aligned,available,1,0.00737086095551609,0.7797792971284435,0.47226666666666667
28,1.0,aligned,available,2,-0.0011684718603868216,-0.31092421983127166,0.47226666666666667
28,1.0,aligned,available,3,0.0032958662858625365,-0.3211678760263505,0.47226666666666667
28,1.0,aligned,available,4,-0.005348800730811343,0.32425982719844004,0.47226666666666667
28,1.0,aligned,available,5,0.0013149290035877614,-0.7999272722616524,0.47226666666666667
28,1.0,aligned,available,6,-0.00033648065742730715,0.5819330665373303,0.47226666666666667
28,1.0,aligned,available,7,0.003953765152270028,0.42547590131763563,0.47226666666666667
28,1.0,aligned,available,8,0.00013049681170596017,-0.5906845797623672,0.47226666666666667
28,1.0,aligned,available,9,0.0005055239875333406,-0.6790849939261122,0.47226666666666667
28,1.0,aligned,available,10,-0.0008117429196596512,0.02450488930603594,0.47226666666666667
28,1.0,aligned,available,11,-0.014921326302979737,0.18919431946542647,0.47226666666666667
28,1.0,aligned,available,12,0.027534225974420852,0.002604076353716459,0.47226666666666667
28,1.0,aligned,available,13,0.006336484610320825,-0.17294578932580656,0.47226666666666667
28,1.0,aligned,available,14,-0.0013621266657501407,0.4396930812057038,0.47226666666666667
28,1.0,aligned,available,15,0.012411645324738235,-0.2114228755855585,0.47226666666666667
28,1.0,aligned,available,16,-0.008595325431887929,0.21887907720406907,0.47226666666666667
28,1.0,aligned,available,17,-0.004185116527093126,-0.0017060520238576645,0.47226666666666667
28,1.0,aligned,available,18,0.01079072415910659,0.028738051421089678,0.47226666666666667
28,1.0,aligned,available,19,-0.001649861222798532,-0.3792131786712543,0.47226666666666667
28,1.0,aligned,available,20,0.0022853226133973483,0.0031168556984988278,0.47226666666666667
28,1.0,aligned,available,21,0.010381230673522923,0.18610021978054878,0.47226666666666667
28,1.0,aligned,available,22,0.009779038472333745,-0.49704607360767755,0.47226666666666667
28,1.0,aligned,available,23,-0.01958626390606044,0.4703049404200793,0.47226666666666667
28,1.0,aligned,available,24,-0.00043859119532030366,-0.882974797306703,0.47226666666666667
28,1.0,aligned,available,25,-0.0018775729087407989,0.7438618382725841,0.47226666666666667
28,1.0,aligned,available,26,0.004278493200728373,0.6156924605055377,0.47226666666666667
28,1.0,aligned,available,27,0.0035232583383336125,-0.3655749999351683,0.47226666666666667
28,1.0,aligned,available,28,-0.007667119960570679,-0.5042581787102374,0.47226666666666667
28,1.0,aligned,available,29,-0.004009880401676713,0.36180731225599183,0.47226666666666667
28,1.0,aligned,available,30,-0.002189792383358369,-0.38298729860103436,0.47226666666666667
28,1.0,aligned,available,31,0.02359947592996381,0.32219976011221835,0.47226666666666667
28,1.0,aligned,available,32,-0.005248826407355769,-0.006470234237275534,0.47226666666666667
28,1.0,aligned,available,33,0.0011388446573121214,0.27909800059210216,0.47226666666666667
28,1.0,aligned,available,34,-0.04112388585934026,0.011383942129178511,0.47226666666666667
28,1.0,aligned,available,35,-0.01834634482085968,0.004359124652695807,0.47226666666666667
28,1.0,aligned,available,36,-0.024907425342737377,0.004165724497387132,0.47226666666666667
28,1.0,aligned,available,37,-0.003817921874818664,0.5108576987184644,0.47226666666666667
28,1.0,aligned,available,38,-0.0003013476212747612,-0.8895029677318896,0.47226666666666667
28,1.0,aligned,available,39,-0.0016283702138782385,0.26551344402280713,0.47226666666666667
28,1.0,aligned,available,40,0.0005664903730256965,-0.8334544732695384,0.47226666666666667
28,1.0,aligned,available,41,-0.015586355099930914,-0.024378891121782056,0.47226666666666667
28,1.0,aligned,available,42,-0.01657477233106608,0.3126223598163892,0.47226666666666667
28,1.0,aligned,available,43,-0.00453396018959723,0.43940344686794214,0.47226666666666667
28,1.0,aligned,available,44,-0.00046532152271849814,-0.738579541915017,0.47226666666666667
28,1.0,aligned,available,45,-0.002457226625094011,-0.2828303760467349,0.47226666666666667
28,1.0,aligned,available,46,-0.0004088894883862437,0.7627945561119992,0.47226666666666667
28,1.0,aligned,available,47,0.010215121840288935,0.01361503885546887,0.47226666666666667
28,1.0,aligned,available,48,0.01695808415213021,-0.2539962787611315,0.47226666666666667
28,1.0,aligned,available,49,0.009545704462205096,-0.48239209428497043,0.47226666666666667
28,1.0,aligned,available,50,-0.0027552252546284572,0.6211040474109001,0.47226666666666667
28,1.0,aligned,available,51,-0.000932445996661424,-0.6282719174256711,0.47226666666666667
28,1.0,aligned,available,52,-0.0043944531114012975,-0.689592204512008,0.47226666666666667
28,1.0,aligned,available,53,-0.021403676429926577,0.4179248982133968,0.47226666666666667
28,1.0,aligned,available,54,-0.0016861616361211196,0.5761562905262506,0.47226666666666667
28,1.0,aligned,available,55,-0.00392423532220912,-0.009390781781821626,0.47226666666666667
28,1.0,aligned,available,56,0.01313119090275594,0.3189057387169452,0.47226666666666667
28,1.0,aligned,available,57,0.021331444522352472,-0.41053831173284655,0.47226666666666667
28,1.0,aligned,available,58,0.003963951990062831,-0.5692657866728931,0.47226666666666667
28,1.0,aligned,available,59,0.00019772365629244781,0.5337044347883543,0.47226666666666667
28,1.0,aligned,available,60,0.0170849229420008,-0.005379328863199313,0.47226666666666667
28,1.0,aligned,available,61,-0.0037855726073469844,-0.00951861090872905,0.47226666666666667
28,1.0,aligned,available,62,0.01617059301399882,0.021868256720523026,0.47226666666666667
28,1.0,aligned,available,63,-0.0075298013169454725,0.7196761021565696,0.47226666666666667
28,1.0,aligned,available,64,0.004985716472941319,0.007862182359524763,0.47226666666666667
28,1.0,aligned,available,65,-0.007235415413033904,0.008457366195743443,0.47226666666666667
28,1.0,aligned,mi_obs,0,-0.005675983294009562,0.19204322820885456,0.47226666666666667
28,1.0,aligned,mi_obs,1,0.02658477333667919,0.7797792971284435,0.47226666666666667
28,1.0,aligned,mi_obs,2,-0.00975081278506279,-0.31092421983127166,0.47226666666666667
28,1.0,aligned,mi_obs,3,0.014170144301084098,-0.3211678760263505,0.47226666666666667
28,1.0,aligned,mi_obs,4,-0.011788296066717885,0.32425982719844004,0.47226666666666667
28,1.0,aligned,mi_obs,5,-0.032599081682683995,-0.7999272722616524,0.47226666666666667
28,1.0,aligned,mi_obs,6,0.03174481218016012,0.5819330665373303,0.47226666666666667
28,1.0,aligned,mi_obs,7,0.050041770764622684,0.42547590131763563,0.47226666666666667
28,1.0,aligned,mi_obs,8,-0.03349102568193707,-0.5906845797623672,0.47226666666666667
28,1.0,aligned,mi_obs,9,-0.028736538989606597,-0.6790849939261122,0.47226666666666667
28,1.0,aligned,mi_obs,10,0.004574507985627127,0.02450488930603594,0.47226666666666667
28,1.0,aligned,mi_obs,11,-0.0062158873834188,0.18919431946542647,0.47226666666666667
28,1.0,aligned,mi_obs,12,0.012218685389849979,0.002604076353716459,0.47226666666666667
28,1.0,aligned,mi_obs,13,0.06046673986880674,-0.17294578932580656,0.47226666666666667
28,1.0,aligned,mi_obs,14,0.021985955307160965,0.4396930812057038,0.47226666666666667
28,1.0,aligned,mi_obs,15,-0.004093934185802867,-0.2114228755855585,0.47226666666666667
28,1.0,aligned,mi_obs,16,-0.03698416876259478,0.21887907720406907,0.47226666666666667
28,1.0,aligned,mi_obs,17,-0.004956911376324716,-0.0017060520238576645,0.47226666666666667
28,1.0,aligned,mi_obs,18,0.05230702531425403,0.028738051421089678,0.47226666666666667
28,1.0,aligned,mi_obs,19,-0.01845334232434076,-0.3792131786712543,0.47226666666666667
28,1.0,aligned,mi_obs,20,-0.018624881167889334,0.0031168556984988278,0.47226666666666667
28,1.0,aligned,mi_obs,21,-0.002165105519041116,0.18610021978054878,0.47226666666666667
28,1.0,aligned,mi_obs,22,0.007934392516488253,-0.49704607360767755,0.47226666666666667
28,1.0,aligned,mi_obs,23,-0.003839327684041216,0.4703049404200793,0.47226666666666667
28,1.0,aligned,mi_obs,24,-0.02477142764685114,-0.882974797306703,0.47226666666666667
28,1.0,aligned,mi_obs,25,0.029769367481983222,0.7438618382725841,0.47226666666666667
28,1.0,aligned,mi_obs,26,0.05605468570745187,0.6156924605055377,0.47226666666666667
28,1.0,aligned,mi_obs,27,-0.003928136179956854,-0.3655749999351683,0.47226666666666667
28,1.0,aligned,mi_obs,28,-0.009554781912016863,-0.5042581787102374,0.47226666666666667
28,1.0,aligned,mi_obs,29,0.021780846838650558,0.36180731225599183,0.47226666666666667
28,1.0,aligned,mi_obs,30,-0.04572975509862898,-0.38298729860103436,0.47226666666666667
28,1.0,aligned,mi_obs,31,0.02680752558612698,0.32219976011221835,0.47226666666666667
28,1.0,aligned,mi_obs,32,-0.007289471605721824,-0.006470234237275534,0.47226666666666667
28,1.0,aligned,mi_obs,33,0.005503361598070411,0.27909800059210216,0.47226666666666667
28,1.0,aligned,mi_obs,34,0.04653281495279992,0.011383942129178511,0.47226666666666667
28,1.0,aligned,mi_obs,35,0.012260961416445077,0.004359124652695807,0.47226666666666667
28,1.0,aligned,mi_obs,36,0.005205499523829458,0.004165724497387132,0.47226666666666667
28,1.0,aligned,mi_obs,37,0.049015358090705896,0.5108576987184644,0.47226666666666667
28,1.0,aligned,mi_obs,38,0.010763837916971997,-0.8895029677318896,0.47226666666666667
28,1.0,aligned,mi_obs,39,-0.011815404655716455,0.26551344402280713,0.47226666666666667
28,1.0,aligned,mi_obs,40,0.006904415081850024,-0.8334544732695384,0.47226666666666667
28,1.0,aligned,mi_obs,41,-0.008130106710717691,-0.024378891121782056,0.47226666666666667
28,1.0,aligned,mi_obs,42,-0.03363955849582018,0.3126223598163892,0.47226666666666667
28,1.0,aligned,mi_obs,43,-0.031591203098713716,0.43940344686794214,0.47226666666666667
28,1.0,aligned,mi_obs,44,-0.018141885845642802,-0.738579541915017,0.47226666666666667
28,1.0,aligned,mi_obs,45,0.0029428152967324595,-0.2828303760467349,0.47226666666666667
28,1.0,aligned,mi_obs,46,-0.005228060651003008,0.7627945561119992,0.47226666666666667
28,1.0,aligned,mi_obs,47,-0.007386717633724641,0.01361503885546887,0.47226666666666667
28,1.0,aligned,mi_obs,48,0.0027177997047222457,-0.2539962787611315,0.47226666666666667
28,1.0,aligned,mi_obs,49,0.006751920026753067,-0.48239209428497043,0.47226666666666667
28,1.0,aligned,mi_obs,50,0.014256857910832532,0.6211040474109001,0.47226666666666667
28,1.0,aligned,mi_obs,51,-0.024590867631877233,-0.6282719174256711,0.47226666666666667
28,1.0,aligned,mi_obs,52,-0.010429317313192077,-0.689592204512008,0.47226666666666667
28,1.0,aligned,mi_obs,53,0.018382391977919132,0.4179248982133968,0.47226666666666667
28,1.0,aligned,mi_obs,54,0.030664542339235656,0.5761562905262506,0.47226666666666667
28,1.0,aligned,mi_obs,55,-0.008187414067779744,-0.009390781781821626,0.47226666666666667
28,1.0,aligned,mi_obs,56,0.03399745922874953,0.3189057387169452,0.47226666666666667
28,1.0,aligned,mi_obs,57,-0.028996870356453763,-0.41053831173284655,0.47226666666666667
28,1.0,aligned,mi_obs,58,-0.0036325051899332994,-0.5692657866728931,0.47226666666666667
28,1.0,aligned,mi_obs,59,0.006207852583158258,0.5337044347883543,0.47226666666666667
28,1.0,aligned,mi_obs,60,0.02750272795496395,-0.005379328863199313,0.47226666666666667
28,1.0,aligned,mi_obs,61,0.027554778377306216,-0.00951861090872905,0.47226666666666667
28,1.0,aligned,mi_obs,62,0.04317552319320466,0.021868256720523026,0.47226666666666667
28,1.0,aligned,mi_obs,63,0.03943472622549282,0.7196761021565696,0.47226666666666667
28,1.0,aligned,mi_obs,64,0.023465640721624586,0.007862182359524763,0.47226666666666667
28,1.0,aligned,mi_obs,65,0.023830181414500072,0.008457366195743443,0.47226666666666667
28,1.0,aligned,mi_class,0,-0.044829651788379915,0.19204322820885456,0.47226666666666667
28,1.0,aligned,mi_class,1,-0.5400651445566903,0.7797792971284435,0.47226666666666667
28,1.0,aligned,mi_class,2,0.2886448966976297,-0.31092421983127166,0.47226666666666667
28,1.0,aligned,mi_class,3,-0.031118243831462722,-0.3211678760263505,0.47226666666666667
28,1.0,aligned,mi_class,4,-0.04602706666378886,0.32425982719844004,0.47226666666666667
28,1.0,aligned,mi_class,5,0.1698009240582321,-0.7999272722616524,0.47226666666666667
28,1.0,aligned,mi_class,6,-0.06609641685854273,0.5819330665373303,0.47226666666666667
28,1.0,aligned,mi_class,7,-0.028261673773327667,0.42547590131763563,0.47226666666666667
28,1.0,aligned,mi_class,8,-0.07269692023665597,-0.5906845797623672,0.47226666666666667
28,1.0,aligned,mi_class,9,0.003245722507166482,-0.6790849939261122,0.47226666666666667
28,1.0,aligned,mi_class,10,0.013617918912305363,0.02450488930603594,0.47226666666666667
28,1.0,aligned,mi_class,11,-0.19940858802436956,0.18919431946542647,0.47226666666666667
28,1.0,aligned,mi_class,12,-0.06422392871362693,0.002604076353716459,0.47226666666666667
28,1.0,aligned,mi_class,13,0.04505879051098441,-0.17294578932580656,0.47226666666666667
28,1.0,aligned,mi_class,14,-0.11868034944358202,0.4396930812057038,0.47226666666666667
28,1.0,aligned,mi_class,15,0.08638331340412606,-0.2114228755855585,0.47226666666666667
28,1.0,aligned,mi_class,16,-0.05113174778441129,0.21887907720406907,0.47226666666666667
28,1.0,aligned,mi_class,17,-0.013204510516513217,-0.0017060520238576645,0.47226666666666667
28,1.0,aligned,mi_class,18,-0.02095484152689315,0.028738051421089678,0.47226666666666667
28,1.0,aligned,mi_class,19,0.02131089758480459,-0.3792131786712543,0.47226666666666667
28,1.0,aligned,mi_class,20,0.003978828935067005,0.0031168556984988278,0.47226666666666667
28,1.0,aligned,mi_class,21,0.7572734904603535,0.18610021978054878,0.47226666666666667
28,1.0,aligned,mi_class,22,0.3647135590285337,-0.49704607360767755,0.47226666666666667
28,1.0,aligned,mi_class,23,-0.37702787690683653,0.4703049404200793,0.47226666666666667
28,1.0,aligned,mi_class,24,0.7200415615511143,-0.882974797306703,0.47226666666666667
28,1.0,aligned,mi_class,25,-0.579512066145194,0.7438618382725841,0.47226666666666667
28,1.0,aligned,mi_class,26,-0.4815246562386489,0.6156924605055377,0.47226666666666667
28,1.0,aligned,mi_class,27,0.2327939401767327,-0.3655749999351683,0.47226666666666667
28,1.0,aligned,mi_class,28,0.48936953128834154,-0.5042581787102374,0.47226666666666667
28,1.0,aligned,mi_class,29,-0.15344642998464322,0.36180731225599183,0.47226666666666667
28,1.0,aligned,mi_class,30,0.35330011892239,-0.38298729860103436,0.47226666666666667
28,1.0,aligned,mi_class,31,-0.29778373082694387,0.32219976011221835,0.47226666666666667
28,1.0,aligned,mi_class,32,0.006051034041695745,-0.006470234237275534,0.47226666666666667
28,1.0,aligned,mi_class,33,-0.2572714001586621,0.27909800059210216,0.47226666666666667
28,1.0,aligned,mi_class,34,-0.014236006832008097,0.011383942129178511,0.47226666666666667
28,1.0,aligned,mi_class,35,-0.005918206809660728,0.004359124652695807,0.47226666666666667
28,1.0,aligned,mi_class,36,0.14052204120199768,0.004165724497387132,0.47226666666666667
28,1.0,aligned,mi_class,37,-0.3579156941260002,0.5108576987184644,0.47226666666666667
28,1.0,aligned,mi_class,38,0.18320554595947147,-0.8895029677318896,0.47226666666666667
28,1.0,aligned,mi_class,39,-0.031440735417523374,0.26551344402280713,0.47226666666666667
28,1.0,aligned,mi_class,40,0.23253672945514836,-0.8334544732695384,0.47226666666666667
28,1.0,aligned,mi_class,41,-0.007718264082847266,-0.024378891121782056,0.47226666666666667
28,1.0,aligned,mi_class,42,0.02386935583401678,0.3126223598163892,0.47226666666666667
28,1.0,aligned,mi_class,43,-0.03280413825285983,0.43940344686794214,0.47226666666666667
28,1.0,aligned,mi_class,44,0.19204470073390179,-0.738579541915017,0.47226666666666667
28,1.0,aligned,mi_class,45,0.019357609613093907,-0.2828303760467349,0.47226666666666667
28,1.0,aligned,mi_class,46,-0.1273923292262984,0.7627945561119992,0.47226666666666667
28,1.0,aligned,mi_class,47,0.04298535458252064,0.01361503885546887,0.47226666666666667
28,1.0,aligned,mi_class,48,0.03765786159020121,-0.2539962787611315,0.47226666666666667
28,1.0,aligned,mi_class,49,0.10465349813645447,-0.48239209428497043,0.47226666666666667
28,1.0,aligned,mi_class,50,-0.0912634516171007,0.6211040474109001,0.47226666666666667
28,1.0,aligned,mi_class,51,0.10605026150439734,-0.6282719174256711,0.47226666666666667
28,1.0,aligned,mi_class,52,0.020515200767142527,-0.689592204512008,0.47226666666666667
28,1.0,aligned,mi_class,53,-0.08156257570662673,0.4179248982133968,0.47226666666666667
28,1.0,aligned,mi_class,54,-0.1419390440393587,0.5761562905262506,0.47226666666666667
28,1.0,aligned,mi_class,55,-0.0005738761267796624,-0.009390781781821626,0.47226666666666667
28,1.0,aligned,mi_class,56,0.013726783229118467,0.3189057387169452,0.47226666666666667
28,1.0,aligned,mi_class,57,0.05560212463004899,-0.41053831173284655,0.47226666666666667
28,1.0,aligned,mi_class,58,0.14191547820619105,-0.5692657866728931,0.47226666666666667
28,1.0,aligned,mi_class,59,-0.108442655427604,0.5337044347883543,0.47226666666666667
28,1.0,aligned,mi_class,60,-0.03447342543873669,-0.005379328863199313,0.47226666666666667
28,1.0,aligned,mi_class,61,-0.007536422506668684,-0.00951861090872905,0.47226666666666667
28,1.0,aligned,mi_class,62,0.02493971127662438,0.021868256720523026,0.47226666666666667
28,1.0,aligned,mi_class,63,0.035962026864044594,0.7196761021565696,0.47226666666666667
28,1.0,aligned,mi_class,64,0.001720830577515202,0.007862182359524763,0.47226666666666667
28,1.0,aligned,mi_class,65,-0.00039746071661293965,0.008457366195743443,0.47226666666666667
28,1.0,aligned,mi_site,0,-0.009250414652801242,0.19204322820885456,0.47226666666666667
28,1.0,aligned,mi_site,1,-0.08066770516399124,0.7797792971284435,0.47226666666666667
28,1.0,aligned,mi_site,2,0.07841778416712722,-0.31092421983127166,0.47226666666666667
28,1.0,aligned,mi_site,3,0.034585287482457816,-0.3211678760263505,0.47226666666666667
28,1.0,aligned,mi_site,4,-0.02293497471215966,0.32425982719844004,0.47226666666666667
28,1.0,aligned,mi_site,5,0.03832961458693229,-0.7999272722616524,0.47226666666666667
28,1.0,aligned,mi_site,6,-0.025258685911149215,0.5819330665373303,0.47226666666666667
28,1.0,aligned,mi_site,7,0.005977845692541117,0.42547590131763563,0.47226666666666667
28,1.0,aligned,mi_site,8,0.16397861748681425,-0.5906845797623672,0.47226666666666667
28,1.0,aligned,mi_site,9,0.05021554127023442,-0.6790849939261122,0.47226666666666667
28,1.0,aligned,mi_site,10,-0.00048585595032562406,0.02450488930603594,0.47226666666666667
28,1.0,aligned,mi_site,11,-0.013933601695575837,0.18919431946542647,0.47226666666666667
28,1.0,aligned,mi_site,12,0.029923233030302445,0.002604076353716459,0.47226666666666667
28,1.0,aligned,mi_site,13,0.039001913822878875,-0.17294578932580656,0.47226666666666667
28,1.0,aligned,mi_site,14,0.013488457580459579,0.4396930812057038,0.47226666666666667
28,1.0,aligned,mi_site,15,0.004151022862412118,-0.2114228755855585,0.47226666666666667
28,1.0,aligned,mi_site,16,-0.020970461608429136,0.21887907720406907,0.47226666666666667
28,1.0,aligned,mi_site,17,-0.013076939903058114,-0.0017060520238576645,0.47226666666666667
28,1.0,aligned,mi_site,18,0.018640984085214113,0.028738051421089678,0.47226666666666667
28,1.0,aligned,mi_site,19,0.011347305440260136,-0.3792131786712543,0.47226666666666667
28,1.0,aligned,mi_site,20,-0.011855091561541518,0.0031168556984988278,0.47226666666666667
28,1.0,aligned,mi_site,21,-0.011912572780258535,0.18610021978054878,0.47226666666666667
28,1.0,aligned,mi_site,22,0.029648257079643858,-0.49704607360767755,0.47226666666666667
28,1.0,aligned,mi_site,23,-0.01151077227572811,0.4703049404200793,0.47226666666666667
28,1.0,aligned,mi_site,24,0.013026260157119385,-0.882974797306703,0.47226666666666667
28,1.0,aligned,mi_site,25,0.008066934361863343,0.7438618382725841,0.47226666666666667
28,1.0,aligned,mi_site,26,0.020743788096421856,0.6156924605055377,0.47226666666666667
28,1.0,aligned,mi_site,27,0.10236904874191405,-0.3655749999351683,0.47226666666666667
28,1.0,aligned,mi_site,28,0.027253289403841197,-0.5042581787102374,0.47226666666666667
28,1.0,aligned,mi_site,29,-0.010486432055996253,0.36180731225599183,0.47226666666666667
28,1.0,aligned,mi_site,30,0.023533261830413765,-0.38298729860103436,0.47226666666666667
28,1.0,aligned,mi_site,31,-0.004031541591401511,0.32219976011221835,0.47226666666666667
28,1.0,aligned,mi_site,32,-0.002810055814445359,-0.006470234237275534,0.47226666666666667
28,1.0,aligned,mi_site,33,-0.03182718416323499,0.27909800059210216,0.47226666666666667
28,1.0,aligned,mi_site,34,0.0025366367432096623,0.011383942129178511,0.47226666666666667
28,1.0,aligned,mi_site,35,0.006702714928777783,0.004359124652695807,0.47226666666666667
28,1.0,aligned,mi_site,36,-0.00885336299754411,0.004165724497387132,0.47226666666666667
28,1.0,aligned,mi_site,37,-0.054579903276364305,0.5108576987184644,0.47226666666666667
28,1.0,aligned,mi_site,38,0.037515953820050574,-0.8895029677318896,0.47226666666666667
28,1.0,aligned,mi_site,39,-0.002267772004378943,0.26551344402280713,0.47226666666666667
28,1.0,aligned,mi_site,40,0.02332637736929566,-0.8334544732695384,0.47226666666666667
28,1.0,aligned,mi_site,41,-0.012939873348818902,-0.024378891121782056,0.47226666666666667
28,1.0,aligned,mi_site,42,-0.11875020639099129,0.3126223598163892,0.47226666666666667
28,1.0,aligned,mi_site,43,-0.05118254353948415,0.43940344686794214,0.47226666666666667
28,1.0,aligned,mi_site,44,0.0069731802714533275,-0.738579541915017,0.47226666666666667
28,1.0,aligned,mi_site,45,-0.015301366577634756,-0.2828303760467349,0.47226666666666667
28,1.0,aligned,mi_site,46,-0.006518319417350371,0.7627945561119992,0.47226666666666667
28,1.0,aligned,mi_site,47,0.006550121607953657,0.01361503885546887,0.47226666666666667
28,1.0,aligned,mi_site,48,0.08009801367330899,-0.2539962787611315,0.47226666666666667
28,1.0,aligned,mi_site,49,0.022034386345698154,-0.48239209428497043,0.47226666666666667
28,1.0,aligned,mi_site,50,-0.019424481878860256,0.6211040474109001,0.47226666666666667
28,1.0,aligned,mi_site,51,-0.029699729000839836,-0.6282719174256711,0.47226666666666667
28,1.0,aligned,mi_site,52,-0.009707559151923673,-0.689592204512008,0.47226666666666667
28,1.0,aligned,mi_site,53,-0.09544577556045708,0.4179248982133968,0.47226666666666667
28,1.0,aligned,mi_site,54,0.004231128586710153,0.5761562905262506,0.47226666666666667
28,1.0,aligned,mi_site,55,-0.0024236855064819728,-0.009390781781821626,0.47226666666666667
28,1.0,aligned,mi_site,56,0.030173741147155486,0.3189057387169452,0.47226666666666667
28,1.0,aligned,mi_site,57,0.09758594261392817,-0.41053831173284655,0.47226666666666667
28,1.0,aligned,mi_site,58,0.017453477807016338,-0.5692657866728931,0.47226666666666667
28,1.0,aligned,mi_site,59,-0.007948455225041284,0.5337044347883543,0.47226666666666667
28,1.0,aligned,mi_site,60,0.020242973551292755,-0.005379328863199313,0.47226666666666667
28,1.0,aligned,mi_site,61,-0.008295654214045704,-0.00951861090872905,0.47226666666666667
28,1.0,aligned,mi_site,62,0.012445468503561416,0.021868256720523026,0.47226666666666667
28,1.0,aligned,mi_site,63,-0.3884483522276861,0.7196761021565696,0.47226666666666667
28,1.0,aligned,mi_site,64,0.019555668934790355,0.007862182359524763,0.47226666666666667
28,1.0,aligned,mi_site,65,0.01223508660637285,0.008457366195743443,0.47226666666666667
28,1.0,closed,available,0,0.0047017051831827195,0.19204322820885456,0.47226666666666667
28,1.0,closed,available,1,0.008317908860232759,0.7797792971284435,0.47226666666666667
28,1.0,closed,available,2,0.018684824810861256,-0.31092421983127166,0.47226666666666667
28,1.0,closed,available,3,-0.007455934887209026,-0.3211678760263505,0.47226666666666667
28,1.0,closed,available,4,0.005972003960640071,0.32425982719844004,0.47226666666666667
28,1.0,closed,available,5,-0.0004586040970132599,-0.7999272722616524,0.47226666666666667
28,1.0,closed,available,6,0.005196733509152507,0.5819330665373303,0.47226666666666667
28,1.0,closed,available,7,-0.00258655835205418,0.42547590131763563,0.47226666666666667
28,1.0,closed,available,8,0.021409181351215834,-0.5906845797623672,0.47226666666666667
28,1.0,closed,available,9,-0.006828375074564019,-0.6790849939261122,0.47226666666666667
28,1.0,closed,available,10,0.0021481168954248335,0.02450488930603594,0.47226666666666667
28,1.0,closed,available,11,0.01289148144369115,0.18919431946542647,0.47226666666666667
28,1.0,closed,available,12,-0.013567571996511861,0.002604076353716459,0.47226666666666667
28,1.0,closed,available,13,-0.005885838657840897,-0.17294578932580656,0.47226666666666667
28,1.0,closed,available,14,0.0006090039038467721,0.4396930812057038,0.47226666666666667
28,1.0,closed,available,15,0.0021499118222867986,-0.2114228755855585,0.47226666666666667
28,1.0,closed,available,16,0.00041722159692181293,0.21887907720406907,0.47226666666666667
28,1.0,closed,available,17,0.004103627237076646,-0.0017060520238576645,0.47226666666666667
28,1.0,closed,available,18,0.006767966365502753,0.028738051421089678,0.47226666666666667
28,1.0,closed,available,19,0.0019343932667152952,-0.3792131786712543,0.47226666666666667
28,1.0,closed,available,20,-0.008338662931728368,0.0031168556984988278,0.47226666666666667
28,1.0,closed,available,21,-0.026077531005674892,0.18610021978054878,0.47226666666666667
28,1.0,closed,available,22,-0.006857085343905223,-0.49704607360767755,0.47226666666666667
28,1.0,closed,available,23,0.0056011407945686376,0.4703049404200793,0.47226666666666667
28,1.0,closed,available,24,-0.000888616442234702,-0.882974797306703,0.47226666666666667
28,1.0,closed,available,25,0.0027538714176605916,0.7438618382725841,0.47226666666666667
28,1.0,closed,available,26,-0.003047756434122695,0.6156924605055377,0.47226666666666667
28,1.0,closed,available,27,-0.0035395359928822034,-0.3655749999351683,0.47226666666666667
28,1.0,closed,available,28,-0.01486550752471838,-0.5042581787102374,0.47226666666666667
28,1.0,closed,available,29,0.006806140565102536,0.36180731225599183,0.47226666666666667
28,1.0,closed,available,30,0.0008493377706697003,-0.38298729860103436,0.47226666666666667
28,1.0,closed,available,31,0.002173141106897314,0.32219976011221835,0.47226666666666667
28,1.0,closed,available,32,0.024651704679661737,-0.006470234237275534,0.47226666666666667
28,1.0,closed,available,33,-0.009016140966117914,0.27909800059210216,0.47226666666666667
28,1.0,closed,available,34,-0.010093891458408631,0.011383942129178511,0.47226666666666667
28,1.0,closed,available,35,-0.011910341969617513,0.004359124652695807,0.47226666666666667
28,1.0,closed,available,36,0.008675000050841672,0.004165724497387132,0.47226666666666667
28,1.0,closed,available,37,0.00998899265549813,0.5108576987184644,0.47226666666666667
28,1.0,closed,available,38,-0.0014140592949956066,-0.8895029677318896,0.47226666666666667
28,1.0,closed,available,39,-0.005596907468792267,0.26551344402280713,0.47226666666666667
28,1.0,closed,available,40,-0.0014325243849230285,-0.8334544732695384,0.47226666666666667
28,1.0,closed,available,41,0.0017122147984856007,-0.024378891121782056,0.47226666666666667
28,1.0,closed,available,42,-0.00046088820427148125,0.3126223598163892,0.47226666666666667
28,1.0,closed,available,43,-0.010588434104428168,0.43940344686794214,0.47226666666666667
28,1.0,closed,available,44,8.572646748650214e-05,-0.738579541915017,0.47226666666666667
28,1.0,closed,available,45,0.00620074054516262,-0.2828303760467349,0.47226666666666667
28,1.0,closed,available,46,5.922440225514247e-05,0.7627945561119992,0.47226666666666667
28,1.0,closed,available,47,-0.005527931784298449,0.01361503885546887,0.47226666666666667
28,1.0,closed,available,48,0.015167081531780174,-0.2539962787611315,0.47226666666666667
28,1.0,closed,available,49,0.011997513586028963,-0.48239209428497043,0.47226666666666667
28,1.0,closed,available,50,0.005207858037831747,0.6211040474109001,0.47226666666666667
28,1.0,closed,available,51,0.004757084388440025,-0.6282719174256711,0.47226666666666667
28,1.0,closed,available,52,0.006482253946815453,-0.689592204512008,0.47226666666666667
28,1.0,closed,available,53,-0.022421365016778938,0.4179248982133968,0.47226666666666667
28,1.0,closed,available,54,0.008040591578145184,0.5761562905262506,0.47226666666666667
28,1.0,closed,available,55,0.002285868750889513,-0.009390781781821626,0.47226666666666667
28,1.0,closed,available,56,-0.011689777202758211,0.3189057387169452,0.47226666666666667
28,1.0,closed,available,57,0.013095247823794065,-0.41053831173284655,0.47226666666666667
28,1.0,closed,available,58,-0.0022371101554446993,-0.5692657866728931,0.47226666666666667
28,1.0,closed,available,59,0.0018701314250365586,0.5337044347883543,0.47226666666666667
28,1.0,closed,available,60,0.015180159672048263,-0.005379328863199313,0.47226666666666667
28,1.0,closed,available,61,0.00039958517327335664,-0.00951861090872905,0.47226666666666667
28,1.0,closed,available,62,0.0027363218338938046,0.021868256720523026,0.47226666666666667
28,1.0,closed,available,63,-0.001426330124435049,0.7196761021565696,0.47226666666666667
28,1.0,closed,available,64,0.006086397802277807,0.007862182359524763,0.47226666666666667
28,1.0,closed,available,65,0.014523081744579721,0.008457366195743443,0.47226666666666667
28,1.0,closed,mi_obs,0,0.010793300648870352,0.19204322820885456,0.47226666666666667
28,1.0,closed,mi_obs,1,0.02265719072262662,0.7797792971284435,0.47226666666666667
28,1.0,closed,mi_obs,2,-0.017766563551521453,-0.31092421983127166,0.47226666666666667
28,1.0,closed,mi_obs,3,0.0004271269119769383,-0.3211678760263505,0.47226666666666667
28,1.0,closed,mi_obs,4,0.007390364122799198,0.32425982719844004,0.47226666666666667
28,1.0,closed,mi_obs,5,-0.03794149126441415,-0.7999272722616524,0.47226666666666667
28,1.0,closed,mi_obs,6,0.03882453847498624,0.5819330665373303,0.47226666666666667
28,1.0,closed,mi_obs,7,0.032924099653666994,0.42547590131763563,0.47226666666666667
28,1.0,closed,mi_obs,8,-0.026615367317928462,-0.5906845797623672,0.47226666666666667
28,1.0,closed,mi_obs,9,-0.03327959883540377,-0.6790849939261122,0.47226666666666667
28,1.0,closed,mi_obs,10,0.003372084850124999,0.02450488930603594,0.47226666666666667
28,1.0,closed,mi_obs,11,-0.0003083611380896578,0.18919431946542647,0.47226666666666667
28,1.0,closed,mi_obs,12,0.002101342827802953,0.002604076353716459,0.47226666666666667
28,1.0,closed,mi_obs,13,0.04839823496741337,-0.17294578932580656,0.47226666666666667
28,1.0,closed,mi_obs,14,0.02506000455596119,0.4396930812057038,0.47226666666666667
28,1.0,closed,mi_obs,15,-0.021865060995897384,-0.2114228755855585,0.47226666666666667
28,1.0,closed,mi_obs,16,-0.01936565592613332,0.21887907720406907,0.47226666666666667
28,1.0,closed,mi_obs,17,-0.006041793192440648,-0.0017060520238576645,0.47226666666666667
28,1.0,closed,mi_obs,18,0.04742392782461895,0.028738051421089678,0.47226666666666667
28,1.0,closed,mi_obs,19,-0.02191916896238455,-0.3792131786712543,0.47226666666666667
28,1.0,closed,mi_obs,20,-0.027054701592417293,0.0031168556984988278,0.47226666666666667
28,1.0,closed,mi_obs,21,-0.011899664038586999,0.18610021978054878,0.47226666666666667
28,1.0,closed,mi_obs,22,-0.00882482979607585,-0.49704607360767755,0.47226666666666667
28,1.0,closed,mi_obs,23,0.012017818645078171,0.4703049404200793,0.47226666666666667
28,1.0,closed,mi_obs,24,-0.023054353033695074,-0.882974797306703,0.47226666666666667
28,1.0,closed,mi_obs,25,0.027799492888399557,0.7438618382725841,0.47226666666666667
28,1.0,closed,mi_obs,26,0.03642307121450106,0.6156924605055377,0.47226666666666667
28,1.0,closed,mi_obs,27,-0.0072919740427596635,-0.3655749999351683,0.47226666666666667
28,1.0,closed,mi_obs,28,-0.009462054790049135,-0.5042581787102374,0.47226666666666667
28,1.0,closed,mi_obs,29,0.030103508704893867,0.36180731225599183,0.47226666666666667
28,1.0,closed,mi_obs,30,-0.06357055626165653,-0.38298729860103436,0.47226666666666667
28,1.0,closed,mi_obs,31,0.034255048019367795,0.32219976011221835,0.47226666666666667
28,1.0,closed,mi_obs,32,0.02578519678989782,-0.006470234237275534,0.47226666666666667
28,1.0,closed,mi_obs,33,0.01036289803308077,0.27909800059210216,0.47226666666666667
28,1.0,closed,mi_obs,34,0.05084694383938524,0.011383942129178511,0.47226666666666667
28,1.0,closed,mi_obs,35,-0.01138493490276276,0.004359124652695807,0.47226666666666667
28,1.0,closed,mi_obs,36,0.019649639450723254,0.004165724497387132,0.47226666666666667
28,1.0,closed,mi_obs,37,0.08128205485796558,0.5108576987184644,0.47226666666666667
28,1.0,closed,mi_obs,38,0.006587476775772205,-0.8895029677318896,0.47226666666666667
28,1.0,closed,mi_obs,39,0.0072343222087645764,0.26551344402280713,0.47226666666666667
28,1.0,closed,mi_obs,40,-0.00579544719309133,-0.8334544732695384,0.47226666666666667
28,1.0,closed,mi_obs,41,-0.00036542413420717276,-0.024378891121782056,0.47226666666666667
28,1.0,closed,mi_obs,42,-0.01624546469719179,0.3126223598163892,0.47226666666666667
28,1.0,closed,mi_obs,43,-0.0180640825195163,0.43940344686794214,0.47226666666666667
28,1.0,closed,mi_obs,44,-0.02057876293663341,-0.738579541915017,0.47226666666666667
28,1.0,closed,mi_obs,45,-0.014157548426317612,-0.2828303760467349,0.47226666666666667
28,1.0,closed,mi_obs,46,0.00653547910695873,0.7627945561119992,0.47226666666666667
28,1.0,closed,mi_obs,47,-0.023941308681060765,0.01361503885546887,0.47226666666666667
28,1.0,closed,mi_obs,48,-0.0042556006041582495,-0.2539962787611315,0.47226666666666667
28,1.0,closed,mi_obs,49,0.0006504758903179142,-0.48239209428497043,0.47226666666666667
28,1.0,closed,mi_obs,50,0.01982569473914908,0.6211040474109001,0.47226666666666667
28,1.0,closed,mi_obs,51,-0.026077323950834952,-0.6282719174256711,0.47226666666666667
28,1.0,closed,mi_obs,52,0.012034184993033104,-0.689592204512008,0.47226666666666667
28,1.0,closed,mi_obs,53,0.0381949363172307,0.4179248982133968,0.47226666666666667
28,1.0,closed,mi_obs,54,0.03976474508319161,0.5761562905262506,0.47226666666666667
28,1.0,closed,mi_obs,55,-0.013776239918101708,-0.009390781781821626,0.47226666666666667
28,1.0,closed,mi_obs,56,0.004404049055370174,0.3189057387169452,0.47226666666666667
28,1.0,closed,mi_obs,57,-0.03881576147513022,-0.41053831173284655,0.47226666666666667
28,1.0,closed,mi_obs,58,-0.01863566152435081,-0.5692657866728931,0.47226666666666667
28,1.0,closed,mi_obs,59,0.014969943980220335,0.5337044347883543,0.47226666666666667
28,1.0,closed,mi_obs,60,0.02643149710092794,-0.005379328863199313,0.47226666666666667
28,1.0,closed,mi_obs,61,0.034833537933362024,-0.00951861090872905,0.47226666666666667
28,1.0,closed,mi_obs,62,0.036480422261456466,0.021868256720523026,0.47226666666666667
28,1.0,closed,mi_obs,63,0.042041746222235554,0.7196761021565696,0.47226666666666667
28,1.0,closed,mi_obs,64,0.02498538115361516,0.007862182359524763,0.47226666666666667
28,1.0,closed,mi_obs,65,0.034373601558685005,0.008457366195743443,0.47226666666666667
28,1.0,closed,mi_class,0,-0.23310935514732853,0.19204322820885456,0.47226666666666667
28,1.0,closed,mi_class,1,-0.7106471884174708,0.7797792971284435,0.47226666666666667
28,1.0,closed,mi_class,2,0.28034504712185937,-0.31092421983127166,0.47226666666666667
28,1.0,closed,mi_class,3,0.47911341090425014,-0.3211678760263505,0.47226666666666667
28,1.0,closed,mi_class,4,-0.19902171387262377,0.32425982719844004,0.47226666666666667
28,1.0,closed,mi_class,5,0.5223752136108111,-0.7999272722616524,0.47226666666666667
28,1.0,closed,mi_class,6,-0.34777832449105045,0.5819330665373303,0.47226666666666667
28,1.0,closed,mi_class,7,-0.28443765891986006,0.42547590131763563,0.47226666666666667
28,1.0,closed,mi_class,8,0.30770216007299167,-0.5906845797623672,0.47226666666666667
28,1.0,closed,mi_class,9,0.4056889229552541,-0.6790849939261122,0.47226666666666667
28,1.0,closed,mi_class,10,-0.11290284160930497,0.02450488930603594,0.47226666666666667
28,1.0,closed,mi_class,11,-0.2103679065881811,0.18919431946542647,0.47226666666666667
28,1.0,closed,mi_class,12,-0.06359244103692999,0.002604076353716459,0.47226666666666667
28,1.0,closed,mi_class,13,0.023375253117080358,-0.17294578932580656,0.47226666666666667
28,1.0,closed,mi_class,14,-0.08914390070319789,0.4396930812057038,0.47226666666666667
28,1.0,closed,mi_class,15,0.07608593588635018,-0.2114228755855585,0.47226666666666667
28,1.0,closed,mi_class,16,-0.042843583286145015,0.21887907720406907,0.47226666666666667
28,1.0,closed,mi_class,17,-0.00034687272631832126,-0.0017060520238576645,0.47226666666666667
28,1.0,closed,mi_class,18,-0.04255211630468677,0.028738051421089678,0.47226666666666667
28,1.0,closed,mi_class,19,0.03222726188100755,-0.3792131786712543,0.47226666666666667
28,1.0,closed,mi_class,20,-0.007180374425496253,0.0031168556984988278,0.47226666666666667
28,1.0,closed,mi_class,21,0.7683836008296032,0.18610021978054878,0.47226666666666667
28,1.0,closed,mi_class,22,0.43692993745648756,-0.49704607360767755,0.47226666666666667
28,1.0,closed,mi_class,23,-0.4018627500427405,0.4703049404200793,0.47226666666666667
28,1.0,closed,mi_class,24,0.7744694061553916,-0.882974797306703,0.47226666666666667
28,1.0,closed,mi_class,25,-0.6234707799280997,0.7438618382725841,0.47226666666666667
28,1.0,closed,mi_class,26,-0.5421882502592779,0.6156924605055377,0.47226666666666667
28,1.0,closed,mi_class,27,0.26093439391661505,-0.3655749999351683,0.47226666666666667
28,1.0,closed,mi_class,28,0.5413211778264583,-0.5042581787102374,0.47226666666666667
28,1.0,closed,mi_class,29,-0.18427651144618587,0.36180731225599183,0.47226666666666667
28,1.0,closed,mi_class,30,0.31311661166165144,-0.38298729860103436,0.47226666666666667
28,1.0,closed,mi_class,31,-0.2669159690924524,0.32219976011221835,0.47226666666666667
28,1.0,closed,mi_class,32,0.012496494742174406,-0.006470234237275534,0.47226666666666667
28,1.0,closed,mi_class,33,-0.23973496262528102,0.27909800059210216,0.47226666666666667
28,1.0,closed,mi_class,34,-0.012953336091381492,0.011383942129178511,0.47226666666666667
28,1.0,closed,mi_class,35,-0.005974785977710148,0.004359124652695807,0.47226666666666667
28,1.0,closed,mi_class,36,0.13750074651057972,0.004165724497387132,0.47226666666666667
28,1.0,closed,mi_class,37,-0.2982124497180463,0.5108576987184644,0.47226666666666667
28,1.0,closed,mi_class,38,0.09965936543956655,-0.8895029677318896,0.47226666666666667
28,1.0,closed,mi_class,39,-0.01319432039403845,0.26551344402280713,0.47226666666666667
28,1.0,closed,mi_class,40,0.20756911579825843,-0.8334544732695384,0.47226666666666667
28,1.0,closed,mi_class,41,0.0026061362940425666,-0.024378891121782056,0.47226666666666667
28,1.0,closed,mi_class,42,-0.1171087661227764,0.3126223598163892,0.47226666666666667
28,1.0,closed,mi_class,43,-0.13670213914149904,0.43940344686794214,0.47226666666666667
28,1.0,closed,mi_class,44,0.15690857033268202,-0.738579541915017,0.47226666666666667
28,1.0,closed,mi_class,45,0.027094480181545366,-0.2828303760467349,0.47226666666666667
28,1.0,closed,mi_class,46,-0.0843199388111543,0.7627945561119992,0.47226666666666667
28,1.0,closed,mi_class,47,0.002967334176371043,0.01361503885546887,0.47226666666666667
28,1.0,closed,mi_class,48,0.03719611843194917,-0.2539962787611315,0.47226666666666667
28,1.0,closed,mi_class,49,0.13830554940459905,-0.48239209428497043,0.47226666666666667
28,1.0,closed,mi_class,50,-0.09970884870826746,0.6211040474109001,0.47226666666666667
28,1.0,closed,mi_class,51,0.1277703873564464,-0.6282719174256711,0.47226666666666667
28,1.0,closed,mi_class,52,0.0004689525174418341,-0.689592204512008,0.47226666666666667
28,1.0,closed,mi_class,53,-0.1547462798931991,0.4179248982133968,0.47226666666666667
28,1.0,closed,mi_class,54,-0.16053312597491037,0.5761562905262506,0.47226666666666667
28,1.0,closed,mi_class,55,0.0020115196717023073,-0.009390781781821626,0.47226666666666667
28,1.0,closed,mi_class,56,-0.08400743682857889,0.3189057387169452,0.47226666666666667
28,1.0,closed,mi_class,57,-0.05521802285457411,-0.41053831173284655,0.47226666666666667
28,1.0,closed,mi_class,58,0.11369977505843326,-0.5692657866728931,0.47226666666666667
28,1.0,closed,mi_class,59,-0.07890038922641313,0.5337044347883543,0.47226666666666667
28,1.0,closed,mi_class,60,0.036517993428397705,-0.005379328863199313,0.47226666666666667
28,1.0,closed,mi_class,61,0.014932890181365815,-0.00951861090872905,0.47226666666666667
28,1.0,closed,mi_class,62,0.009043759307903274,0.021868256720523026,0.47226666666666667
28,1.0,closed,mi_class,63,-0.06433182557444583,0.7196761021565696,0.47226666666666667
28,1.0,closed,mi_class,64,-0.0036941854221109313,0.007862182359524763,0.47226666666666667
28,1.0,closed,mi_class,65,0.032136061120336734,0.008457366195743443,0.47226666666666667
28,1.0,closed,mi_site,0,0.01494135736834043,0.19204322820885456,0.47226666666666667
28,1.0,closed,mi_site,1,0.021933557776723234,0.7797792971284435,0.47226666666666667
28,1.0,closed,mi_site,2,-0.012571949001757066,-0.31092421983127166,0.47226666666666667
28,1.0,closed,mi_site,3,0.01573379875181935,-0.3211678760263505,0.47226666666666667
28,1.0,closed,mi_site,4,-0.005906762610246308,0.32425982719844004,0.47226666666666667
28,1.0,closed,mi_site,5,-0.034305833319146384,-0.7999272722616524,0.47226666666666667
28,1.0,closed,mi_site,6,0.021232951301379255,0.5819330665373303,0.47226666666666667
28,1.0,closed,mi_site,7,0.012428189344197982,0.42547590131763563,0.47226666666666667
28,1.0,closed,mi_site,8,-0.022556156385294734,-0.5906845797623672,0.47226666666666667
28,1.0,closed,mi_site,9,-0.032919348927849534,-0.6790849939261122,0.47226666666666667
28,1.0,closed,mi_site,10,0.0005609181442910172,0.02450488930603594,0.47226666666666667
28,1.0,closed,mi_site,11,0.006117293889679021,0.18919431946542647,0.47226666666666667
28,1.0,closed,mi_site,12,-0.011885590766409451,0.002604076353716459,0.47226666666666667
28,1.0,closed,mi_site,13,0.05291111334098228,-0.17294578932580656,0.47226666666666667
28,1.0,closed,mi_site,14,0.022327742069691126,0.4396930812057038,0.47226666666666667
28,1.0,closed,mi_site,15,-0.023856692381480832,-0.2114228755855585,0.47226666666666667
28,1.0,closed,mi_site,16,-0.024283719595864783,0.21887907720406907,0.47226666666666667
28,1.0,closed,mi_site,17,-0.003983176350267098,-0.0017060520238576645,0.47226666666666667
28,1.0,closed,mi_site,18,0.03384698329111674,0.028738051421089678,0.47226666666666667
28,1.0,closed,mi_site,19,-0.019438297255481796,-0.3792131786712543,0.47226666666666667
28,1.0,closed,mi_site,20,-0.02294581842272985,0.0031168556984988278,0.47226666666666667
28,1.0,closed,mi_site,21,-0.019321300064230024,0.18610021978054878,0.47226666666666667
28,1.0,closed,mi_site,22,0.008346886032860323,-0.49704607360767755,0.47226666666666667
28,1.0,closed,mi_site,23,-0.004630130538772537,0.4703049404200793,0.47226666666666667
28,1.0,closed,mi_site,24,-0.015069885150955642,-0.882974797306703,0.47226666666666667
28,1.0,closed,mi_site,25,1.0313417640461786e-05,0.7438618382725841,0.47226666666666667
28,1.0,closed,mi_site,26,0.017275634420675257,0.6156924605055377,0.47226666666666667
28,1.0,closed,mi_site,27,-0.009350583230904375,-0.3655749999351683,0.47226666666666667
28,1.0,closed,mi_site,28,-0.009321003943350448,-0.5042581787102374,0.47226666666666667
28,1.0,closed,mi_site,29,0.026904097537328975,0.36180731225599183,0.47226666666666667
28,1.0,closed,mi_site,30,-0.03571184938301791,-0.38298729860103436,0.47226666666666667
28,1.0,closed,mi_site,31,0.010208276863632681,0.32219976011221835,0.47226666666666667
28,1.0,closed,mi_site,32,0.02907834275373919,-0.006470234237275534,0.47226666666666667
28,1.0,closed,mi_site,33,-0.009771160222860953,0.27909800059210216,0.47226666666666667
28,1.0,closed,mi_site,34,0.02814919428899068,0.011383942129178511,0.47226666666666667
28,1.0,closed,mi_site,35,0.0035024648673109412,0.004359124652695807,0.47226666666666667
28,1.0,closed,mi_site,36,0.02639176083376224,0.004165724497387132,0.47226666666666667
28,1.0,closed,mi_site,37,0.06406294563002457,0.5108576987184644,0.47226666666666667
28,1.0,closed,mi_site,38,0.014834938145198429,-0.8895029677318896,0.47226666666666667
28,1.0,closed,mi_site,39,-0.0023916857295971927,0.26551344402280713,0.47226666666666667
28,1.0,closed,mi_site,40,0.002717147379396989,-0.8334544732695384,0.47226666666666667
28,1.0,closed,mi_site,41,0.00398018056496267,-0.024378891121782056,0.47226666666666667
28,1.0,closed,mi_site,42,-0.019399336949015855,0.3126223598163892,0.47226666666666667
28,1.0,closed,mi_site,43,-0.035179338308669095,0.43940344686794214,0.47226666666666667
28,1.0,closed,mi_site,44,-0.004920191655176986,-0.738579541915017,0.47226666666666667
28,1.0,closed,mi_site,45,-0.005997089104390341,-0.2828303760467349,0.47226666666666667
28,1.0,closed,mi_site,46,-0.006104403970439765,0.7627945561119992,0.47226666666666667
28,1.0,closed,mi_site,47,-0.019619019505843268,0.01361503885546887,0.47226666666666667
28,1.0,closed,mi_site,48,0.02006763007928347,-0.2539962787611315,0.47226666666666667
28,1.0,closed,mi_site,49,0.019088841123835854,-0.48239209428497043,0.47226666666666667
28,1.0,closed,mi_site,50,-0.004593329389796397,0.6211040474109001,0.47226666666666667
28,1.0,closed,mi_site,51,-0.01210947530451889,-0.6282719174256711,0.47226666666666667
28,1.0,closed,mi_site,52,0.02647288233939793,-0.689592204512008,0.47226666666666667
28,1.0,closed,mi_site,53,0.024065346935537357,0.4179248982133968,0.47226666666666667
28,1.0,closed,mi_site,54,0.03870133021827182,0.5761562905262506,0.47226666666666667
28,1.0,closed,mi_site,55,-0.012394014580821532,-0.009390781781821626,0.47226666666666667
28,1.0,closed,mi_site,56,-0.0068388468653826084,0.3189057387169452,0.47226666666666667
28,1.0,closed,mi_site,57,-0.014694449896249295,-0.41053831173284655,0.47226666666666667
28,1.0,closed,mi_site,58,0.0015217441681103505,-0.5692657866728931,0.47226666666666667
28,1.0,closed,mi_site,59,-0.008651578693898987,0.5337044347883543,0.47226666666666667
28,1.0,closed,mi_site,60,0.020528721940040556,-0.005379328863199313,0.47226666666666667
28,1.0,closed,mi_site,61,0.04377050571668885,-0.00951861090872905,0.47226666666666667
28,1.0,closed,mi_site,62,0.0334755901326103,0.021868256720523026,0.47226666666666667
28,1.0,closed,mi_site,63,0.03230632116553189,0.7196761021565696,0.47226666666666667
28,1.0,closed,mi_site,64,0.019525127244317313,0.007862182359524763,0.47226666666666667
28,1.0,closed,mi_site,65,0.03249669750617371,0.008457366195743443,0.47226666666666667
28,2.0,aligned,available,0,-0.021578805076703372,0.20598058689655332,0.47226666666666667
28,2.0,aligned,available,1,0.005548892701170316,0.7868251555929315,0.47226666666666667
28,2.0,aligned,available,2,0.003567328878921916,-0.2953084462535409,0.47226666666666667
28,2.0,aligned,available,3,0.009663703051094319,-0.33800160969679993,0.47226666666666667
28,2.0,aligned,available,4,-0.012163848256490084,0.34272180521356993,0.47226666666666667
28,2.0,aligned,available,5,0.004562390120892323,-0.8077028873019005,0.47226666666666667
28,2.0,aligned,available,6,-0.007448724234680237,0.5999665724005577,0.47226666666666667
28,2.0,aligned,available,7,-0.008206281326310072,0.4539207607503773,0.47226666666666667
28,2.0,aligned,available,8,-0.000537637031014726,-0.5971961073600103,0.47226666666666667
28,2.0,aligned,available,9,0.004119071226761806,-0.6846307854323515,0.47226666666666667
28,2.0,aligned,available,10,-0.011487528814431207,0.04264533954832029,0.47226666666666667
28,2.0,aligned,available,11,-0.016084881483009184,0.20011568063399118,0.47226666666666667
28,2.0,aligned,available,12,0.028891292983421343,0.007448370493869108,0.47226666666666667
28,2.0,aligned,available,13,0.004311866293610245,-0.17967191973274693,0.47226666666666667
28,2.0,aligned,available,14,-0.0011753676153972714,0.439645656073546,0.47226666666666667
28,2.0,aligned,available,15,0.012062257174793312,-0.2234174578331425,0.47226666666666667
28,2.0,aligned,available,16,-0.0073860906223951195,0.2291622621334756,0.47226666666666667
28,2.0,aligned,available,17,-0.0026950694343855722,0.011337894519681304,0.47226666666666667
28,2.0,aligned,available,18,0.011003215050482362,0.007711562794029795,0.47226666666666667
28,2.0,aligned,available,19,-0.0009424917447954373,-0.39116523378790935,0.47226666666666667
28,2.0,aligned,available,20,0.00519196747305133,0.0045898384852276495,0.47226666666666667
28,2.0,aligned,available,21,-0.010872787205777112,0.19968293250902452,0.47226666666666667
28,2.0,aligned,available,22,0.0057356672697206346,-0.5151628020227647,0.47226666666666667
28,2.0,aligned,available,23,-0.023114232779565203,0.4899183059314943,0.47226666666666667
28,2.0,aligned,available,24,-8.95286898772163e-05,-0.889659084840983,0.47226666666666667
28,2.0,aligned,available,25,-0.0038070286626781247,0.7618241131859033,0.47226666666666667
28,2.0,aligned,available,26,0.0024267721163104827,0.6447657348425683,0.47226666666666667
28,2.0,aligned,available,27,0.0026226297043007163,-0.3788534942136324,0.47226666666666667
28,2.0,aligned,available,28,-0.004736824862909272,-0.5140214115483613,0.47226666666666667
28,2.0,aligned,available,29,-0.0028647918363740588,0.3755237510614751,0.47226666666666667
28,2.0,aligned,available,30,0.006933510846149904,-0.3870493763095191,0.47226666666666667
28,2.0,aligned,available,31,0.014569310609695574,0.3290852267994168,0.47226666666666667
28,2.0,aligned,available,32,0.014310335430350853,-0.026531981933324573,0.47226666666666667
28,2.0,aligned,available,33,-0.01627676517039789,0.2887253099506245,0.47226666666666667
28,2.0,aligned,available,34,-0.06851917366890456,0.029341066266185597,0.47226666666666667
28,2.0,aligned,available,35,-0.020314880431616115,-0.0060681661749037675,0.47226666666666667
28,2.0,aligned,available,36,-0.02227647459865027,-0.009272919293216237,0.47226666666666667
28,2.0,aligned,available,37,-0.007587494008507223,0.5024018313729028,0.47226666666666667
28,2.0,aligned,available,38,-0.0009750592181795303,-0.895540361393167,0.47226666666666667
28,2.0,aligned,available,39,0.00489102406232822,0.2842358709091088,0.47226666666666667
28,2.0,aligned,available,40,-0.0012441194912458098,-0.838050863386913,0.47226666666666667
28,2.0,aligned,available,41,-0.025878360354794842,-0.055125624029277516,0.47226666666666667
28,2.0,aligned,available,42,-0.01121123358370979,0.3209617435687611,0.47226666666666667
28,2.0,aligned,available,43,-0.004673376850284516,0.4425853558706972,0.47226666666666667
28,2.0,aligned,available,44,-0.00214795294815473,-0.7494638161921591,0.47226666666666667
28,2.0,aligned,available,45,-0.00402334240617519,-0.30182774888056774,0.47226666666666667
28,2.0,aligned,available,46,0.001172497017674079,0.7724085790067747,0.47226666666666667
28,2.0,aligned,available,47,0.014693896611817005,0.04339339610718874,0.47226666666666667
28,2.0,aligned,available,48,0.012584017030637495,-0.26893093655086936,0.47226666666666667
28,2.0,aligned,available,49,0.009949576719112618,-0.48820007963942186,0.47226666666666667
28,2.0,aligned,available,50,0.0005591747250648371,0.6345486193554521,0.47226666666666667
28,2.0,aligned,available,51,-0.0014269653297022122,-0.6456213515079918,0.47226666666666667
28,2.0,aligned,available,52,-0.006983116967491876,-0.7130209183621499,0.47226666666666667
28,2.0,aligned,available,53,-0.024974069489959616,0.43201812478787976,0.47226666666666667
28,2.0,aligned,available,54,-0.003848845442928628,0.5860176812255162,0.47226666666666667
28,2.0,aligned,available,55,-0.0059082413165029365,-0.027992523528557696,0.47226666666666667
28,2.0,aligned,available,56,0.015130229494540182,0.354575777836166,0.47226666666666667
28,2.0,aligned,available,57,0.020416108775370423,-0.4232288124285649,0.47226666666666667
28,2.0,aligned,available,58,0.004334723047156097,-0.5766869523234751,0.47226666666666667
28,2.0,aligned,available,59,0.0029755470215694357,0.545884546818838,0.47226666666666667
28,2.0,aligned,available,60,0.017042020094163758,-0.02653957497051283,0.47226666666666667
28,2.0,aligned,available,61,-0.000325446990026991,-0.0385476011479808,0.47226666666666667
28,2.0,aligned,available,62,0.016159608858631026,0.04588359950556797,0.47226666666666667
28,2.0,aligned,available,63,-0.008081060477329594,0.7324163902447516,0.47226666666666667
28,2.0,aligned,available,64,-0.0061157600013416885,0.00518748699232029,0.47226666666666667
28,2.0,aligned,available,65,-0.007124008282256369,0.005212554080494501,0.47226666666666667
28,2.0,aligned,mi_obs,0,-0.0074063333238296725,0.20598058689655332,0.47226666666666667
28,2.0,aligned,mi_obs,1,0.027501681162848568,0.7868251555929315,0.47226666666666667
28,2.0,aligned,mi_obs,2,-0.011914334137969884,-0.2953084462535409,0.47226666666666667
28,2.0,aligned,mi_obs,3,0.016385861207200092,-0.33800160969679993,0.47226666666666667
28,2.0,aligned,mi_obs,4,-0.011673874583106425,0.34272180521356993,0.47226666666666667
28,2.0,aligned,mi_obs,5,-0.03135105989120257,-0.8077028873019005,0.47226666666666667
28,2.0,aligned,mi_obs,6,0.029482039877918975,0.5999665724005577,0.47226666666666667
28,2.0,aligned,mi_obs,7,0.050560164905740945,0.4539207607503773,0.47226666666666667
28,2.0,aligned,mi_obs,8,-0.028766188797758274,-0.5971961073600103,0.47226666666666667
28,2.0,aligned,mi_obs,9,-0.024171943799773943,-0.6846307854323515,0.47226666666666667
28,2.0,aligned,mi_obs,10,0.006106029569678761,0.04264533954832029,0.47226666666666667
28,2.0,aligned,mi_obs,11,-0.005610708755681759,0.20011568063399118,0.47226666666666667
28,2.0,aligned,mi_obs,12,0.015225783709430934,0.007448370493869108,0.47226666666666667
28,2.0,aligned,mi_obs,13,0.05904534908239943,-0.17967191973274693,0.47226666666666667
28,2.0,aligned,mi_obs,14,0.0206123903772365,0.439645656073546,0.47226666666666667
28,2.0,aligned,mi_obs,15,-0.003412283816445927,-0.2234174578331425,0.47226666666666667
28,2.0,aligned,mi_obs,16,-0.03564925111939654,0.2291622621334756,0.47226666666666667
28,2.0,aligned,mi_obs,17,-0.005731375266835405,0.011337894519681304,0.47226666666666667
28,2.0,aligned,mi_obs,18,0.0516585759720022,0.007711562794029795,0.47226666666666667
28,2.0,aligned,mi_obs,19,-0.01729521525575628,-0.39116523378790935,0.47226666666666667
28,2.0,aligned,mi_obs,20,-0.016172479286625244,0.0045898384852276495,0.47226666666666667
28,2.0,aligned,mi_obs,21,-0.013109381502480116,0.19968293250902452,0.47226666666666667
28,2.0,aligned,mi_obs,22,0.010359855827016151,-0.5151628020227647,0.47226666666666667
28,2.0,aligned,mi_obs,23,-0.0037369160055549244,0.4899183059314943,0.47226666666666667
28,2.0,aligned,mi_obs,24,-0.02203953250613433,-0.889659084840983,0.47226666666666667
28,2.0,aligned,mi_obs,25,0.026084297912233767,0.7618241131859033,0.47226666666666667
28,2.0,aligned,mi_obs,26,0.05212914196226204,0.6447657348425683,0.47226666666666667
28,2.0,aligned,mi_obs,27,0.00024654475986551905,-0.3788534942136324,0.47226666666666667
28,2.0,aligned,mi_obs,28,-0.007174201008242509,-0.5140214115483613,0.47226666666666667
28,2.0,aligned,mi_obs,29,0.020644257983180814,0.3755237510614751,0.47226666666666667
28,2.0,aligned,mi_obs,30,-0.04522496446698521,-0.3870493763095191,0.47226666666666667
28,2.0,aligned,mi_obs,31,0.02707311195878742,0.3290852267994168,0.47226666666666667
28,2.0,aligned,mi_obs,32,0.001958551749244815,-0.026531981933324573,0.47226666666666667
28,2.0,aligned,mi_obs,33,0.0008027467738960237,0.2887253099506245,0.47226666666666667
28,2.0,aligned,mi_obs,34,0.026368651137081364,0.029341066266185597,0.47226666666666667
28,2.0,aligned,mi_obs,35,0.011781241336315761,-0.0060681661749037675,0.47226666666666667
28,2.0,aligned,mi_obs,36,0.001514578878630238,-0.009272919293216237,0.47226666666666667
28,2.0,aligned,mi_obs,37,0.044678641049795464,0.5024018313729028,0.47226666666666667
28,2.0,aligned,mi_obs,38,0.009840639932548134,-0.895540361393167,0.47226666666666667
28,2.0,aligned,mi_obs,39,-0.012899725067648915,0.2842358709091088,0.47226666666666667
28,2.0,aligned,mi_obs,40,0.00692927740129623,-0.838050863386913,0.47226666666666667
28,2.0,aligned,mi_obs,41,-0.00733760298613037,-0.055125624029277516,0.47226666666666667
28,2.0,aligned,mi_obs,42,-0.03736176894400517,0.3209617435687611,0.47226666666666667
28,2.0,aligned,mi_obs,43,-0.03448898485721463,0.4425853558706972,0.47226666666666667
28,2.0,aligned,mi_obs,44,-0.017391876269205797,-0.7494638161921591,0.47226666666666667
28,2.0,aligned,mi_obs,45,0.0018950295246442095,-0.30182774888056774,0.47226666666666667
28,2.0,aligned,mi_obs,46,-0.0037145831442351174,0.7724085790067747,0.47226666666666667
28,2.0,aligned,mi_obs,47,-0.004128004974983668,0.04339339610718874,0.47226666666666667
28,2.0,aligned,mi_obs,48,0.005464985700901037,-0.26893093655086936,0.47226666666666667
28,2.0,aligned,mi_obs,49,0.007725432252948694,-0.48820007963942186,0.47226666666666667
28,2.0,aligned,mi_obs,50,0.014310424915346398,0.6345486193554521,0.47226666666666667
28,2.0,aligned,mi_obs,51,-0.022641097149145195,-0.6456213515079918,0.47226666666666667
28,2.0,aligned,mi_obs,52,-0.009605187568641371,-0.7130209183621499,0.47226666666666667
28,2.0,aligned,mi_obs,53,0.01308248587396238,0.43201812478787976,0.47226666666666667
28,2.0,aligned,mi_obs,54,0.027471300404097287,0.5860176812255162,0.47226666666666667
28,2.0,aligned,mi_obs,55,-0.00867802062976935,-0.027992523528557696,0.47226666666666667
28,2.0,aligned,mi_obs,56,0.03279988137607054,0.354575777836166,0.47226666666666667
28,2.0,aligned,mi_obs,57,-0.021699889541940243,-0.4232288124285649,0.47226666666666667
28,2.0,aligned,mi_obs,58,-0.001554927424938679,-0.5766869523234751,0.47226666666666667
28,2.0,aligned,mi_obs,59,0.006586624863529678,0.545884546818838,0.47226666666666667
28,2.0,aligned,mi_obs,60,0.027126818010850894,-0.02653957497051283,0.47226666666666667
28,2.0,aligned,mi_obs,61,0.02764082999924802,-0.0385476011479808,0.47226666666666667
28,2.0,aligned,mi_obs,62,0.04117117467199476,0.04588359950556797,0.47226666666666667
28,2.0,aligned,mi_obs,63,0.03677034627116971,0.7324163902447516,0.47226666666666667
28,2.0,aligned,mi_obs,64,0.022409385283518317,0.00518748699232029,0.47226666666666667
28,2.0,aligned,mi_obs,65,0.021734491714098147,0.005212554080494501,0.47226666666666667
28,2.0,aligned,mi_class,0,-0.03582109825794225,0.20598058689655332,0.47226666666666667
28,2.0,aligned,mi_class,1,-0.46818225087938364,0.7868251555929315,0.47226666666666667
28,2.0,aligned,mi_class,2,0.2776813149742704,-0.2953084462535409,0.47226666666666667
28,2.0,aligned,mi_class,3,-0.027565784559442308,-0.33800160969679993,0.47226666666666667
28,2.0,aligned,mi_class,4,-0.04584561878325327,0.34272180521356993,0.47226666666666667
28,2.0,aligned,mi_class,5,0.16566682515609799,-0.8077028873019005,0.47226666666666667
28,2.0,aligned,mi_class,6,-0.07441524764957974,0.5999665724005577,0.47226666666666667
28,2.0,aligned,mi_class,7,-0.026983630676782222,0.4539207607503773,0.47226666666666667
28,2.0,aligned,mi_class,8,-0.08065182673547722,-0.5971961073600103,0.47226666666666667
28,2.0,aligned,mi_class,9,0.0026711363927278686,-0.6846307854323515,0.47226666666666667
28,2.0,aligned,mi_class,10,0.0120238571744299,0.04264533954832029,0.47226666666666667
28,2.0,aligned,mi_class,11,-0.18814848635042508,0.20011568063399118,0.47226666666666667
28,2.0,aligned,mi_class,12,-0.07179557492721192,0.007448370493869108,0.47226666666666667
28,2.0,aligned,mi_class,13,0.05004225840976484,-0.17967191973274693,0.47226666666666667
28,2.0,aligned,mi_class,14,-0.1160771385306627,0.439645656073546,0.47226666666666667
28,2.0,aligned,mi_class,15,0.08751341959745088,-0.2234174578331425,0.47226666666666667
28,2.0,aligned,mi_class,16,-0.05103700642049763,0.2291622621334756,0.47226666666666667
28,2.0,aligned,mi_class,17,-0.013061207387767912,0.011337894519681304,0.47226666666666667
28,2.0,aligned,mi_class,18,-0.023856319517119026,0.007711562794029795,0.47226666666666667
28,2.0,aligned,mi_class,19,0.0118484248157944,-0.39116523378790935,0.47226666666666667
28,2.0,aligned,mi_class,20,0.031152798338071823,0.0045898384852276495,0.47226666666666667
28,2.0,aligned,mi_class,21,0.700371585859771,0.19968293250902452,0.47226666666666667
28,2.0,aligned,mi_class,22,0.3384337382506323,-0.5151628020227647,0.47226666666666667
28,2.0,aligned,mi_class,23,-0.36400413203632204,0.4899183059314943,0.47226666666666667
28,2.0,aligned,mi_class,24,0.6740448808533881,-0.889659084840983,0.47226666666666667
28,2.0,aligned,mi_class,25,-0.5460750213081957,0.7618241131859033,0.47226666666666667
28,2.0,aligned,mi_class,26,-0.46236451175292803,0.6447657348425683,0.47226666666666667
28,2.0,aligned,mi_class,27,0.1905754035298274,-0.3788534942136324,0.47226666666666667
28,2.0,aligned,mi_class,28,0.43947659333800254,-0.5140214115483613,0.47226666666666667
28,2.0,aligned,mi_class,29,-0.057214167078892764,0.3755237510614751,0.47226666666666667
28,2.0,aligned,mi_class,30,0.3622696228728355,-0.3870493763095191,0.47226666666666667
28,2.0,aligned,mi_class,31,-0.30841981082285214,0.3290852267994168,0.47226666666666667
28,2.0,aligned,mi_class,32,0.025714068049795976,-0.026531981933324573,0.47226666666666667
28,2.0,aligned,mi_class,33,-0.2711291032437627,0.2887253099506245,0.47226666666666667
28,2.0,aligned,mi_class,34,-0.03134633063011998,0.029341066266185597,0.47226666666666667
28,2.0,aligned,mi_class,35,0.004087440847631267,-0.0060681661749037675,0.47226666666666667
28,2.0,aligned,mi_class,36,0.1533849455018782,-0.009272919293216237,0.47226666666666667
28,2.0,aligned,mi_class,37,-0.26935143714330567,0.5024018313729028,0.47226666666666667
28,2.0,aligned,mi_class,38,0.18830226240824666,-0.895540361393167,0.47226666666666667
28,2.0,aligned,mi_class,39,-0.03341870635758354,0.2842358709091088,0.47226666666666667
28,2.0,aligned,mi_class,40,0.25187058810181373,-0.838050863386913,0.47226666666666667
28,2.0,aligned,mi_class,41,-0.004872145380612224,-0.055125624029277516,0.47226666666666667
28,2.0,aligned,mi_class,42,0.006968726626787769,0.3209617435687611,0.47226666666666667
28,2.0,aligned,mi_class,43,-0.03963487622747275,0.4425853558706972,0.47226666666666667
28,2.0,aligned,mi_class,44,0.2153798697251721,-0.7494638161921591,0.47226666666666667
28,2.0,aligned,mi_class,45,0.017739302054512074,-0.30182774888056774,0.47226666666666667
28,2.0,aligned,mi_class,46,-0.13615110300447886,0.7724085790067747,0.47226666666666667
28,2.0,aligned,mi_class,47,0.05540886660307582,0.04339339610718874,0.47226666666666667
28,2.0,aligned,mi_class,48,0.04171904002104074,-0.26893093655086936,0.47226666666666667
28,2.0,aligned,mi_class,49,0.10642656123605226,-0.48820007963942186,0.47226666666666667
28,2.0,aligned,mi_class,50,-0.1121366256749392,0.6345486193554521,0.47226666666666667
28,2.0,aligned,mi_class,51,0.10570336435006411,-0.6456213515079918,0.47226666666666667
28,2.0,aligned,mi_class,52,0.01817045244004245,-0.7130209183621499,0.47226666666666667
28,2.0,aligned,mi_class,53,-0.09355926824809169,0.43201812478787976,0.47226666666666667
28,2.0,aligned,mi_class,54,-0.14253626655962626,0.5860176812255162,0.47226666666666667
28,2.0,aligned,mi_class,55,0.0031350921149279135,-0.027992523528557696,0.47226666666666667
28,2.0,aligned,mi_class,56,0.0009535843376453634,0.354575777836166,0.47226666666666667
28,2.0,aligned,mi_class,57,0.06730096152241177,-0.4232288124285649,0.47226666666666667
28,2.0,aligned,mi_class,58,0.14174562548733205,-0.5766869523234751,0.47226666666666667
28,2.0,aligned,mi_class,59,-0.14442600218011664,0.545884546818838,0.47226666666666667
28,2.0,aligned,mi_class,60,-0.05490308491585501,-0.02653957497051283,0.47226666666666667
28,2.0,aligned,mi_class,61,-0.012573190257752345,-0.0385476011479808,0.47226666666666667
28,2.0,aligned,mi_class,62,0.020259237003462126,0.04588359950556797,0.47226666666666667
28,2.0,aligned,mi_class,63,0.033440497292926086,0.7324163902447516,0.47226666666666667
28,2.0,aligned,mi_class,64,-0.000335211659476916,0.00518748699232029,0.47226666666666667
28,2.0,aligned,mi_class,65,-0.003308803035274025,0.005212554080494501,0.47226666666666667
28,2.0,aligned,mi_site,0,-0.010053788697655608,0.20598058689655332,0.47226666666666667
28,2.0,aligned,mi_site,1,-0.09122984341482632,0.7868251555929315,0.47226666666666667
28,2.0,aligned,mi_site,2,0.07438254093754784,-0.2953084462535409,0.47226666666666667
28,2.0,aligned,mi_site,3,0.04273963643708539,-0.33800160969679993,0.47226666666666667
28,2.0,aligned,mi_site,4,-0.028363744775213695,0.34272180521356993,0.47226666666666667
28,2.0,aligned,mi_site,5,0.05046244440912784,-0.8077028873019005,0.47226666666666667
28,2.0,aligned,mi_site,6,-0.03587443391533629,0.5999665724005577,0.47226666666666667
28,2.0,aligned,mi_site,7,-0.012254372820091508,0.4539207607503773,0.47226666666666667
28,2.0,aligned,mi_site,8,0.1612533292203287,-0.5971961073600103,0.47226666666666667
28,2.0,aligned,mi_site,9,0.04896280424610522,-0.6846307854323515,0.47226666666666667
28,2.0,aligned,mi_site,10,-0.008451050165947604,0.04264533954832029,0.47226666666666667
28,2.0,aligned,mi_site,11,-0.012115460512498066,0.20011568063399118,0.47226666666666667
28,2.0,aligned,mi_site,12,0.030274601460315125,0.007448370493869108,0.47226666666666667
28,2.0,aligned,mi_site,13,0.0369490965443347,-0.17967191973274693,0.47226666666666667
28,2.0,aligned,mi_site,14,0.012461186969490001,0.439645656073546,0.47226666666666667
28,2.0,aligned,mi_site,15,0.0039041857092435295,-0.2234174578331425,0.47226666666666667
28,2.0,aligned,mi_site,16,-0.018715167887255024,0.2291622621334756,0.47226666666666667
28,2.0,aligned,mi_site,17,-0.009396913341480864,0.011337894519681304,0.47226666666666667
28,2.0,aligned,mi_site,18,0.02251508526449601,0.007711562794029795,0.47226666666666667
28,2.0,aligned,mi_site,19,0.010501403904002227,-0.39116523378790935,0.47226666666666667
28,2.0,aligned,mi_site,20,-0.009144016937999076,0.0045898384852276495,0.47226666666666667
28,2.0,aligned,mi_site,21,-0.03340775462837073,0.19968293250902452,0.47226666666666667
28,2.0,aligned,mi_site,22,0.033843657893695145,-0.5151628020227647,0.47226666666666667
28,2.0,aligned,mi_site,23,-0.011193265212167236,0.4899183059314943,0.47226666666666667
28,2.0,aligned,mi_site,24,0.014888771060079464,-0.889659084840983,0.47226666666666667
28,2.0,aligned,mi_site,25,0.004948565303833807,0.7618241131859033,0.47226666666666667
28,2.0,aligned,mi_site,26,0.019387369226963047,0.6447657348425683,0.47226666666666667
28,2.0,aligned,mi_site,27,0.10204534429282924,-0.3788534942136324,0.47226666666666667
28,2.0,aligned,mi_site,28,0.024992118489475634,-0.5140214115483613,0.47226666666666667
28,2.0,aligned,mi_site,29,-0.016139659481279434,0.3755237510614751,0.47226666666666667
28,2.0,aligned,mi_site,30,0.02296542531795509,-0.3870493763095191,0.47226666666666667
28,2.0,aligned,mi_site,31,-0.0062784293441472405,0.3290852267994168,0.47226666666666667
28,2.0,aligned,mi_site,32,0.020222494135617778,-0.026531981933324573,0.47226666666666667
28,2.0,aligned,mi_site,33,-0.04251101907469654,0.2887253099506245,0.47226666666666667
28,2.0,aligned,mi_site,34,-0.027945320406557207,0.029341066266185597,0.47226666666666667
28,2.0,aligned,mi_site,35,0.01218200698722522,-0.0060681661749037675,0.47226666666666667
28,2.0,aligned,mi_site,36,-0.004476482004754931,-0.009272919293216237,0.47226666666666667
28,2.0,aligned,mi_site,37,-0.051904480696682354,0.5024018313729028,0.47226666666666667
28,2.0,aligned,mi_site,38,0.03471993776661553,-0.895540361393167,0.47226666666666667
28,2.0,aligned,mi_site,39,-0.006067357319215372,0.2842358709091088,0.47226666666666667
28,2.0,aligned,mi_site,40,0.023545126214491452,-0.838050863386913,0.47226666666666667
28,2.0,aligned,mi_site,41,-0.013499544499760686,-0.055125624029277516,0.47226666666666667
28,2.0,aligned,mi_site,42,-0.12084335414883246,0.3209617435687611,0.47226666666666667
28,2.0,aligned,mi_site,43,-0.051155973323922854,0.4425853558706972,0.47226666666666667
28,2.0,aligned,mi_site,44,0.009044587264885773,-0.7494638161921591,0.47226666666666667
28,2.0,aligned,mi_site,45,-0.015592168401183493,-0.30182774888056774,0.47226666666666667
28,2.0,aligned,mi_site,46,-0.0031540730883912182,0.7724085790067747,0.47226666666666667
28,2.0,aligned,mi_site,47,0.012571587492451741,0.04339339610718874,0.47226666666666667
28,2.0,aligned,mi_site,48,0.08178979278614049,-0.26893093655086936,0.47226666666666667
28,2.0,aligned,mi_site,49,0.01991091409959389,-0.48820007963942186,0.47226666666666667
28,2.0,aligned,mi_site,50,-0.017124777375786215,0.6345486193554521,0.47226666666666667
28,2.0,aligned,mi_site,51,-0.027521246622799533,-0.6456213515079918,0.47226666666666667
28,2.0,aligned,mi_site,52,-0.014561189939246821,-0.7130209183621499,0.47226666666666667
28,2.0,aligned,mi_site,53,-0.09537628818930693,0.43201812478787976,0.47226666666666667
28,2.0,aligned,mi_site,54,0.0031019591610580433,0.5860176812255162,0.47226666666666667
28,2.0,aligned,mi_site,55,-0.002010864879422432,-0.027992523528557696,0.47226666666666667
28,2.0,aligned,mi_site,56,0.03459881684114485,0.354575777836166,0.47226666666666667
28,2.0,aligned,mi_site,57,0.09997874678979102,-0.4232288124285649,0.47226666666666667
28,2.0,aligned,mi_site,58,0.01657886485910809,-0.5766869523234751,0.47226666666666667
28,2.0,aligned,mi_site,59,-0.008220124309785026,0.545884546818838,0.47226666666666667
28,2.0,aligned,mi_site,60,0.01740778924248715,-0.02653957497051283,0.47226666666666667
28,2.0,aligned,mi_site,61,-0.012925794342514625,-0.0385476011479808,0.47226666666666667
28,2.0,aligned,mi_site,62,0.009561307243953973,0.04588359950556797,0.47226666666666667
28,2.0,aligned,mi_site,63,-0.3767104602599233,0.7324163902447516,0.47226666666666667
28,2.0,aligned,mi_site,64,0.019355670357172543,0.00518748699232029,0.47226666666666667
28,2.0,aligned,mi_site,65,0.011022666895283681,0.005212554080494501,0.47226666666666667
28,2.0,closed,available,0,-0.003188446458526506,0.20598058689655332,0.47226666666666667
28,2.0,closed,available,1,-0.0015751985548401182,0.7868251555929315,0.47226666666666667
28,2.0,closed,available,2,-0.03536417853295021,-0.2953084462535409,0.47226666666666667
28,2.0,closed,available,3,-0.004884010937562966,-0.33800160969679993,0.47226666666666667
28,2.0,closed,available,4,0.0008061159132902729,0.34272180521356993,0.47226666666666667
28,2.0,closed,available,5,0.002671754348498312,-0.8077028873019005,0.47226666666666667
28,2.0,closed,available,6,-0.0013620712964462767,0.5999665724005577,0.47226666666666667
28,2.0,closed,available,7,-0.020141857167734034,0.4539207607503773,0.47226666666666667
28,2.0,closed,available,8,0.01132095273992817,-0.5971961073600103,0.47226666666666667
28,2.0,closed,available,9,-0.002564140034124418,-0.6846307854323515,0.47226666666666667
28,2.0,closed,available,10,-0.00938515969135794,0.04264533954832029,0.47226666666666667
28,2.0,closed,available,11,-0.00230330022129277,0.20011568063399118,0.47226666666666667
28,2.0,closed,available,12,-0.009105001456799672,0.007448370493869108,0.47226666666666667
28,2.0,closed,available,13,-0.009139982065735824,-0.17967191973274693,0.47226666666666667
28,2.0,closed,available,14,0.003896167860177435,0.439645656073546,0.47226666666666667
28,2.0,closed,available,15,0.000952586785785775,-0.2234174578331425,0.47226666666666667
28,2.0,closed,available,16,0.003159937029275889,0.2291622621334756,0.47226666666666667
28,2.0,closed,available,17,-0.012025064487535446,0.011337894519681304,0.47226666666666667
28,2.0,closed,available,18,0.0011645127558233166,0.007711562794029795,0.47226666666666667
28,2.0,closed,available,19,-0.00886290969987552,-0.39116523378790935,0.47226666666666667
28,2.0,closed,available,20,-0.0026218303931447415,0.0045898384852276495,0.47226666666666667
28,2.0,closed,available,21,-0.009746626550629495,0.19968293250902452,0.47226666666666667
28,2.0,closed,available,22,-0.01701022053966894,-0.5151628020227647,0.47226666666666667
28,2.0,closed,available,23,0.020807480308588255,0.4899183059314943,0.47226666666666667
28,2.0,closed,available,24,-0.001866308978938691,-0.889659084840983,0.47226666666666667
28,2.0,closed,available,25,0.010175025866896559,0.7618241131859033,0.47226666666666667
28,2.0,closed,available,26,-0.015966354196593646,0.6447657348425683,0.47226666666666667
28,2.0,closed,available,27,0.01256377427277977,-0.3788534942136324,0.47226666666666667
28,2.0,closed,available,28,0.0023863589824655307,-0.5140214115483613,0.47226666666666667
28,2.0,closed,available,29,0.0028692871455543445,0.3755237510614751,0.47226666666666667
28,2.0,closed,available,30,0.0014125622235365842,-0.3870493763095191,0.47226666666666667
28,2.0,closed,available,31,-0.009457966055241185,0.3290852267994168,0.47226666666666667
28,2.0,closed,available,32,0.016821489531633326,-0.026531981933324573,0.47226666666666667
28,2.0,closed,available,33,-0.005182024407984931,0.2887253099506245,0.47226666666666667
28,2.0,closed,available,34,-0.01265967778892408,0.029341066266185597,0.47226666666666667
28,2.0,closed,available,35,0.02705969941016277,-0.0060681661749037675,0.47226666666666667
28,2.0,closed,available,36,0.024877703935498104,-0.009272919293216237,0.47226666666666667
28,2.0,closed,available,37,0.004488820067471311,0.5024018313729028,0.47226666666666667
28,2.0,closed,available,38,-0.0016512925212132101,-0.895540361393167,0.47226666666666667
28,2.0,closed,available,39,0.011530188034509059,0.2842358709091088,0.47226666666666667
28,2.0,closed,available,40,-0.005576621075652488,-0.838050863386913,0.47226666666666667
28,2.0,closed,available,41,0.01249517074845459,-0.055125624029277516,0.47226666666666667
28,2.0,closed,available,42,-0.0043617394788511565,0.3209617435687611,0.47226666666666667
28,2.0,closed,available,43,0.01965409886106534,0.4425853558706972,0.47226666666666667
28,2.0,closed,available,44,-0.0030622695262301214,-0.7494638161921591,0.47226666666666667
28,2.0,closed,available,45,-0.00943573061498093,-0.30182774888056774,0.47226666666666667
28,2.0,closed,available,46,0.0057395057315136055,0.7724085790067747,0.47226666666666667
28,2.0,closed,available,47,-0.015983966267155147,0.04339339610718874,0.47226666666666667
28,2.0,closed,available,48,0.0023144332936476664,-0.26893093655086936,0.47226666666666667
28,2.0,closed,available,49,-0.014122403595306865,-0.48820007963942186,0.47226666666666667
28,2.0,closed,available,50,5.035075227599606e-05,0.6345486193554521,0.47226666666666667
28,2.0,closed,available,51,-0.002208480255824874,-0.6456213515079918,0.47226666666666667
28,2.0,closed,available,52,0.013569471191928306,-0.7130209183621499,0.47226666666666667
28,2.0,closed,available,53,-0.0005340848585636548,0.43201812478787976,0.47226666666666667
28,2.0,closed,available,54,0.010002222874474609,0.5860176812255162,0.47226666666666667
28,2.0,closed,available,55,-0.008163842027137248,-0.027992523528557696,0.47226666666666667
28,2.0,closed,available,56,-0.01536812784465652,0.354575777836166,0.47226666666666667
28,2.0,closed,available,57,0.00797095075610288,-0.4232288124285649,0.47226666666666667
28,2.0,closed,available,58,-0.010468582082251321,-0.5766869523234751,0.47226666666666667
28,2.0,closed,available,59,0.0066927966334849875,0.545884546818838,0.47226666666666667
28,2.0,closed,available,60,0.011171521048407296,-0.02653957497051283,0.47226666666666667
28,2.0,closed,available,61,0.006036018746342776,-0.0385476011479808,0.47226666666666667
28,2.0,closed,available,62,-0.008392452343748857,0.04588359950556797,0.47226666666666667
28,2.0,closed,available,63,0.00017901164040512452,0.7324163902447516,0.47226666666666667
28,2.0,closed,available,64,-0.006428600727089541,0.00518748699232029,0.47226666666666667
28,2.0,closed,available,65,-0.0056801559438200405,0.005212554080494501,0.47226666666666667
28,2.0,closed,mi_obs,0,0.002557623890734606,0.20598058689655332,0.47226666666666667
28,2.0,closed,mi_obs,1,0.0187309495007999,0.7868251555929315,0.47226666666666667
28,2.0,closed,mi_obs,2,-0.02057189384892466,-0.2953084462535409,0.47226666666666667
28,2.0,closed,mi_obs,3,0.016705481840128045,-0.33800160969679993,0.47226666666666667
28,2.0,closed,mi_obs,4,-0.009174625908948353,0.34272180521356993,0.47226666666666667
28,2.0,closed,mi_obs,5,-0.029322554390740274,-0.8077028873019005,0.47226666666666667
28,2.0,closed,mi_obs,6,0.025697404544567704,0.5999665724005577,0.47226666666666667
28,2.0,closed,mi_obs,7,0.015456322883438178,0.4539207607503773,0.47226666666666667
28,2.0,closed,mi_obs,8,-0.02664052690712937,-0.5971961073600103,0.47226666666666667
28,2.0,closed,mi_obs,9,-0.030119998269096948,-0.6846307854323515,0.47226666666666667
28,2.0,closed,mi_obs,10,-0.0033969236877461964,0.04264533954832029,0.47226666666666667
28,2.0,closed,mi_obs,11,-0.009667507634795763,0.20011568063399118,0.47226666666666667
28,2.0,closed,mi_obs,12,0.004973813228807834,0.007448370493869108,0.47226666666666667
28,2.0,closed,mi_obs,13,0.06522696656994938,-0.17967191973274693,0.47226666666666667
28,2.0,closed,mi_obs,14,0.014464375294187537,0.439645656073546,0.47226666666666667
28,2.0,closed,mi_obs,15,-0.008754357296389181,-0.2234174578331425,0.47226666666666667
28,2.0,closed,mi_obs,16,-0.036081966735373505,0.2291622621334756,0.47226666666666667
28,2.0,closed,mi_obs,17,-0.01423986871066666,0.011337894519681304,0.47226666666666667
28,2.0,closed,mi_obs,18,0.050433906245795065,0.007711562794029795,0.47226666666666667
28,2.0,closed,mi_obs,19,-0.020578426175441145,-0.39116523378790935,0.47226666666666667
28,2.0,closed,mi_obs,20,-0.027298035645891113,0.0045898384852276495,0.47226666666666667
28,2.0,closed,mi_obs,21,-0.0122294354079725,0.19968293250902452,0.47226666666666667
28,2.0,closed,mi_obs,22,0.008804105949123398,-0.5151628020227647,0.47226666666666667
28,2.0,closed,mi_obs,23,0.002811685779452955,0.4899183059314943,0.47226666666666667
28,2.0,closed,mi_obs,24,-0.019322608999782664,-0.889659084840983,0.47226666666666667
28,2.0,closed,mi_obs,25,0.020989417482519035,0.7618241131859033,0.47226666666666667
28,2.0,closed,mi_obs,26,0.024982042602683996,0.6447657348425683,0.47226666666666667
28,2.0,closed,mi_obs,27,-0.0010935178951492208,-0.3788534942136324,0.47226666666666667
28,2.0,closed,mi_obs,28,1.1085186953141424e-05,-0.5140214115483613,0.47226666666666667
28,2.0,closed,mi_obs,29,0.0257807721535131,0.3755237510614751,0.47226666666666667
28,2.0,closed,mi_obs,30,-0.0701666872653472,-0.3870493763095191,0.47226666666666667
28,2.0,closed,mi_obs,31,0.055352558231174465,0.3290852267994168,0.47226666666666667
28,2.0,closed,mi_obs,32,0.0031401500149966406,-0.026531981933324573,0.47226666666666667
28,2.0,closed,mi_obs,33,0.041973313428781356,0.2887253099506245,0.47226666666666667
28,2.0,closed,mi_obs,34,0.03801468272440037,0.029341066266185597,0.47226666666666667
28,2.0,closed,mi_obs,35,0.003696489099849595,-0.0060681661749037675,0.47226666666666667
28,2.0,closed,mi_obs,36,0.007274067374321748,-0.009272919293216237,0.47226666666666667
28,2.0,closed,mi_obs,37,0.0651654077810957,0.5024018313729028,0.47226666666666667
28,2.0,closed,mi_obs,38,0.006294017762812576,-0.895540361393167,0.47226666666666667
28,2.0,closed,mi_obs,39,-0.006066364378468081,0.2842358709091088,0.47226666666666667
28,2.0,closed,mi_obs,40,0.000803476535527814,-0.838050863386913,0.47226666666666667
28,2.0,closed,mi_obs,41,0.006237314132692025,-0.055125624029277516,0.47226666666666667
28,2.0,closed,mi_obs,42,-0.03102330430950384,0.3209617435687611,0.47226666666666667
28,2.0,closed,mi_obs,43,-0.0305864381101269,0.4425853558706972,0.47226666666666667
28,2.0,closed,mi_obs,44,-0.01564167693941465,-0.7494638161921591,0.47226666666666667
28,2.0,closed,mi_obs,45,-0.007905385216441574,-0.30182774888056774,0.47226666666666667
28,2.0,closed,mi_obs,46,0.002423551660969192,0.7724085790067747,0.47226666666666667
28,2.0,closed,mi_obs,47,-0.022295723568834205,0.04339339610718874,0.47226666666666667
28,2.0,closed,mi_obs,48,0.004085829368877525,-0.26893093655086936,0.47226666666666667
28,2.0,closed,mi_obs,49,-0.0036715480538673795,-0.48820007963942186,0.47226666666666667
28,2.0,closed,mi_obs,50,0.011614999119689107,0.6345486193554521,0.47226666666666667
28,2.0,closed,mi_obs,51,-0.023899319992526147,-0.6456213515079918,0.47226666666666667
28,2.0,closed,mi_obs,52,0.012917672883342224,-0.7130209183621499,0.47226666666666667
28,2.0,closed,mi_obs,53,0.012633502893368231,0.43201812478787976,0.47226666666666667
28,2.0,closed,mi_obs,54,0.025720277519776458,0.5860176812255162,0.47226666666666667
28,2.0,closed,mi_obs,55,-0.010690455594325354,-0.027992523528557696,0.47226666666666667
28,2.0,closed,mi_obs,56,0.011992805925162442,0.354575777836166,0.47226666666666667
28,2.0,closed,mi_obs,57,-0.015663783528544417,-0.4232288124285649,0.47226666666666667
28,2.0,closed,mi_obs,58,-0.007002378082809346,-0.5766869523234751,0.47226666666666667
28,2.0,closed,mi_obs,59,0.009081384271555693,0.545884546818838,0.47226666666666667
28,2.0,closed,mi_obs,60,0.06408231471332448,-0.02653957497051283,0.47226666666666667
28,2.0,closed,mi_obs,61,0.05276125239835232,-0.0385476011479808,0.47226666666666667
28,2.0,closed,mi_obs,62,0.03571627725890655,0.04588359950556797,0.47226666666666667
28,2.0,closed,mi_obs,63,0.03547047433254691,0.7324163902447516,0.47226666666666667
28,2.0,closed,mi_obs,64,0.005490273482636228,0.00518748699232029,0.47226666666666667
28,2.0,closed,mi_obs,65,0.02463231886835848,0.005212554080494501,0.47226666666666667
28,2.0,closed,mi_class,0,-0.02531086987040279,0.20598058689655332,0.47226666666666667
28,2.0,closed,mi_class,1,-0.643136189766886,0.7868251555929315,0.47226666666666667
28,2.0,closed,mi_class,2,0.018283674086269797,-0.2953084462535409,0.47226666666666667
28,2.0,closed,mi_class,3,-0.001833394934581456,-0.33800160969679993,0.47226666666666667
28,2.0,closed,mi_class,4,-0.08692497320093001,0.34272180521356993,0.47226666666666667
28,2.0,closed,mi_class,5,0.19111771270187328,-0.8077028873019005,0.47226666666666667
28,2.0,closed,mi_class,6,-0.11529445536565963,0.5999665724005577,0.47226666666666667
28,2.0,closed,mi_class,7,-0.09750991944283954,0.4539207607503773,0.47226666666666667
28,2.0,closed,mi_class,8,0.24702335252281482,-0.5971961073600103,0.47226666666666667
28,2.0,closed,mi_class,9,0.02818638356055536,-0.6846307854323515,0.47226666666666667
28,2.0,closed,mi_class,10,0.003315385852789232,0.04264533954832029,0.47226666666666667
28,2.0,closed,mi_class,11,-0.2185688051329179,0.20011568063399118,0.47226666666666667
28,2.0,closed,mi_class,12,-0.01217560376295651,0.007448370493869108,0.47226666666666667
28,2.0,closed,mi_class,13,0.02108540989659241,-0.17967191973274693,0.47226666666666667
28,2.0,closed,mi_class,14,-0.1472922556107597,0.439645656073546,0.47226666666666667
28,2.0,closed,mi_class,15,0.08000815829522961,-0.2234174578331425,0.47226666666666667
28,2.0,closed,mi_class,16,-0.08329186041011094,0.2291622621334756,0.47226666666666667
28,2.0,closed,mi_class,17,0.008081122556816396,0.011337894519681304,0.47226666666666667
28,2.0,closed,mi_class,18,-0.02157733114404707,0.007711562794029795,0.47226666666666667
28,2.0,closed,mi_class,19,-0.0003223961637383588,-0.39116523378790935,0.47226666666666667
28,2.0,closed,mi_class,20,0.037294207754814825,0.0045898384852276495,0.47226666666666667
28,2.0,closed,mi_class,21,0.33093395845743206,0.19968293250902452,0.47226666666666667
28,2.0,closed,mi_class,22,0.4218934137007041,-0.5151628020227647,0.47226666666666667
28,2.0,closed,mi_class,23,-0.44071773390518115,0.4899183059314943,0.47226666666666667
28,2.0,closed,mi_class,24,0.7789648552522727,-0.889659084840983,0.47226666666666667
28,2.0,closed,mi_class,25,-0.6481230645104259,0.7618241131859033,0.47226666666666667
28,2.0,closed,mi_class,26,-0.5473494115588099,0.6447657348425683,0.47226666666666667
28,2.0,closed,mi_class,27,0.3716626818847597,-0.3788534942136324,0.47226666666666667
28,2.0,closed,mi_class,28,0.5592995009580047,-0.5140214115483613,0.47226666666666667
28,2.0,closed,mi_class,29,-0.32970695474634026,0.3755237510614751,0.47226666666666667
28,2.0,closed,mi_class,30,0.09659883862248692,-0.3870493763095191,0.47226666666666667
28,2.0,closed,mi_class,31,-0.07712836361358782,0.3290852267994168,0.47226666666666667
28,2.0,closed,mi_class,32,0.015844522416701562,-0.026531981933324573,0.47226666666666667
28,2.0,closed,mi_class,33,-0.08022616693670201,0.2887253099506245,0.47226666666666667
28,2.0,closed,mi_class,34,-0.025880207442761118,0.029341066266185597,0.47226666666666667
28,2.0,closed,mi_class,35,0.0057518079037857635,-0.0060681661749037675,0.47226666666666667
28,2.0,closed,mi_class,36,0.08279175140608382,-0.009272919293216237,0.47226666666666667
28,2.0,closed,mi_class,37,-0.07362234579031768,0.5024018313729028,0.47226666666666667
28,2.0,closed,mi_class,38,0.21659514804181734,-0.895540361393167,0.47226666666666667
28,2.0,closed,mi_class,39,-0.04037202866228709,0.2842358709091088,0.47226666666666667
28,2.0,closed,mi_class,40,0.3004621387671751,-0.838050863386913,0.47226666666666667
28,2.0,closed,mi_class,41,0.015090819421837029,-0.055125624029277516,0.47226666666666667
28,2.0,closed,mi_class,42,-0.16684973285243812,0.3209617435687611,0.47226666666666667
28,2.0,closed,mi_class,43,-0.021491362688882576,0.4425853558706972,0.47226666666666667
28,2.0,closed,mi_class,44,0.20296821100739038,-0.7494638161921591,0.47226666666666667
28,2.0,closed,mi_class,45,0.01946700382095662,-0.30182774888056774,0.47226666666666667
28,2.0,closed,mi_class,46,-0.07616799500891147,0.7724085790067747,0.47226666666666667
28,2.0,closed,mi_class,47,-0.1341749221243597,0.04339339610718874,0.47226666666666667
28,2.0,closed,mi_class,48,-0.062390636357525564,-0.26893093655086936,0.47226666666666667
28,2.0,closed,mi_class,49,0.0736444786562056,-0.48820007963942186,0.47226666666666667
28,2.0,closed,mi_class,50,-0.13613467740313084,0.6345486193554521,0.47226666666666667
28,2.0,closed,mi_class,51,0.12590041147247066,-0.6456213515079918,0.47226666666666667
28,2.0,closed,mi_class,52,0.08129787053859883,-0.7130209183621499,0.47226666666666667
28,2.0,closed,mi_class,53,-0.2629771640848576,0.43201812478787976,0.47226666666666667
28,2.0,closed,mi_class,54,-0.1281328815864624,0.5860176812255162,0.47226666666666667
28,2.0,closed,mi_class,55,0.002709941675843895,-0.027992523528557696,0.47226666666666667
28,2.0,closed,mi_class,56,-0.15847022914059822,0.354575777836166,0.47226666666666667
28,2.0,closed,mi_class,57,0.16210610009244408,-0.4232288124285649,0.47226666666666667
28,2.0,closed,mi_class,58,0.1174000794166325,-0.5766869523234751,0.47226666666666667
28,2.0,closed,mi_class,59,-0.001408292514981424,0.545884546818838,0.47226666666666667
28,2.0,closed,mi_class,60,0.32918226740784484,-0.02653957497051283,0.47226666666666667
28,2.0,closed,mi_class,61,0.05495379155597098,-0.0385476011479808,0.47226666666666667
28,2.0,closed,mi_class,62,-0.029957835113092156,0.04588359950556797,0.47226666666666667
28,2.0,closed,mi_class,63,-0.17368163679458737,0.7324163902447516,0.47226666666666667
28,2.0,closed,mi_class,64,-0.0070611711669768505,0.00518748699232029,0.47226666666666667
28,2.0,closed,mi_class,65,-0.0025450991022306683,0.005212554080494501,0.47226666666666667
28,2.0,closed,mi_site,0,0.008169030088674256,0.20598058689655332,0.47226666666666667
28,2.0,closed,mi_site,1,0.01881001429981055,0.7868251555929315,0.47226666666666667
28,2.0,closed,mi_site,2,-0.013055884742376511,-0.2953084462535409,0.47226666666666667
28,2.0,closed,mi_site,3,0.013682190413725315,-0.33800160969679993,0.47226666666666667
28,2.0,closed,mi_site,4,-0.0029472136363407064,0.34272180521356993,0.47226666666666667
28,2.0,closed,mi_site,5,-0.028102958083709106,-0.8077028873019005,0.47226666666666667
28,2.0,closed,mi_site,6,0.019027639101065752,0.5999665724005577,0.47226666666666667
28,2.0,closed,mi_site,7,0.009249141567284014,0.4539207607503773,0.47226666666666667
28,2.0,closed,mi_site,8,-0.02313934177058874,-0.5971961073600103,0.47226666666666667
28,2.0,closed,mi_site,9,-0.028260374663744314,-0.6846307854323515,0.47226666666666667
28,2.0,closed,mi_site,10,0.0007275175038039122,0.04264533954832029,0.47226666666666667
28,2.0,closed,mi_site,11,-0.004524248126341057,0.20011568063399118,0.47226666666666667
28,2.0,closed,mi_site,12,-0.009949166255666074,0.007448370493869108,0.47226666666666667
28,2.0,closed,mi_site,13,0.060138504108515775,-0.17967191973274693,0.47226666666666667
28,2.0,closed,mi_site,14,0.015185575878505386,0.439645656073546,0.47226666666666667
28,2.0,closed,mi_site,15,-0.011386004396357341,-0.2234174578331425,0.47226666666666667
28,2.0,closed,mi_site,16,-0.03851017230246903,0.2291622621334756,0.47226666666666667
28,2.0,closed,mi_site,17,-0.009944454630304326,0.011337894519681304,0.47226666666666667
28,2.0,closed,mi_site,18,0.0344896820375831,0.007711562794029795,0.47226666666666667
28,2.0,closed,mi_site,19,-0.01988338283478447,-0.39116523378790935,0.47226666666666667
28,2.0,closed,mi_site,20,-0.022097464413334895,0.0045898384852276495,0.47226666666666667
28,2.0,closed,mi_site,21,-0.018398650877031325,0.19968293250902452,0.47226666666666667
28,2.0,closed,mi_site,22,0.006494655525084547,-0.5151628020227647,0.47226666666666667
28,2.0,closed,mi_site,23,0.0065288850532163045,0.4899183059314943,0.47226666666666667
28,2.0,closed,mi_site,24,-0.014050619280893795,-0.889659084840983,0.47226666666666667
28,2.0,closed,mi_site,25,0.005834382741691568,0.7618241131859033,0.47226666666666667
28,2.0,closed,mi_site,26,0.013945671532543336,0.6447657348425683,0.47226666666666667
28,2.0,closed,mi_site,27,-0.004577218611162004,-0.3788534942136324,0.47226666666666667
28,2.0,closed,mi_site,28,0.0003396133079435204,-0.5140214115483613,0.47226666666666667
28,2.0,closed,mi_site,29,0.025370912785491306,0.3755237510614751,0.47226666666666667
28,2.0,closed,mi_site,30,-0.042820326419912624,-0.3870493763095191,0.47226666666666667
28,2.0,closed,mi_site,31,0.036392210544847425,0.3290852267994168,0.47226666666666667
28,2.0,closed,mi_site,32,0.00863507626632671,-0.026531981933324573,0.47226666666666667
28,2.0,closed,mi_site,33,0.014874865971528373,0.2887253099506245,0.47226666666666667
28,2.0,closed,mi_site,34,0.008247865476677583,0.029341066266185597,0.47226666666666667
28,2.0,closed,mi_site,35,0.008533618464696701,-0.0060681661749037675,0.47226666666666667
28,2.0,closed,mi_site,36,0.009718059611268098,-0.009272919293216237,0.47226666666666667
28,2.0,closed,mi_site,37,0.04646863955208025,0.5024018313729028,0.47226666666666667
28,2.0,closed,mi_site,38,0.010832172902371928,-0.895540361393167,0.47226666666666667
28,2.0,closed,mi_site,39,0.00041320682825812804,0.2842358709091088,0.47226666666666667
28,2.0,closed,mi_site,40,0.005957041171195665,-0.838050863386913,0.47226666666666667
28,2.0,closed,mi_site,41,0.001117629319715721,-0.055125624029277516,0.47226666666666667
28,2.0,closed,mi_site,42,-0.030971799322593085,0.3209617435687611,0.47226666666666667
28,2.0,closed,mi_site,43,-0.033412468568779774,0.4425853558706972,0.47226666666666667
28,2.0,closed,mi_site,44,-0.005480221423852516,-0.7494638161921591,0.47226666666666667
28,2.0,closed,mi_site,45,-0.019485497967907217,-0.30182774888056774,0.47226666666666667
28,2.0,closed,mi_site,46,-0.0018825894193940096,0.7724085790067747,0.47226666666666667
28,2.0,closed,mi_site,47,-0.0001018798938322435,0.04339339610718874,0.47226666666666667
28,2.0,closed,mi_site,48,0.021213609806858463,-0.26893093655086936,0.47226666666666667
28,2.0,closed,mi_site,49,0.0033364855232866364,-0.48820007963942186,0.47226666666666667
28,2.0,closed,mi_site,50,-0.007068969503459921,0.6345486193554521,0.47226666666666667
28,2.0,closed,mi_site,51,-0.0193693554692681,-0.6456213515079918,0.47226666666666667
28,2.0,closed,mi_site,52,0.02093237190044639,-0.7130209183621499,0.47226666666666667
28,2.0,closed,mi_site,53,0.013700584270105731,0.43201812478787976,0.47226666666666667
28,2.0,closed,mi_site,54,0.024706998015846526,0.5860176812255162,0.47226666666666667
28,2.0,closed,mi_site,55,-0.01133576694551433,-0.027992523528557696,0.47226666666666667
28,2.0,closed,mi_site,56,0.009454505172613592,0.354575777836166,0.47226666666666667
28,2.0,closed,mi_site,57,-0.0026363978352309525,-0.4232288124285649,0.47226666666666667
28,2.0,closed,mi_site,58,0.0043633340540915055,-0.5766869523234751,0.47226666666666667
28,2.0,closed,mi_site,59,-0.011412591019055895,0.545884546818838,0.47226666666666667
28,2.0,closed,mi_site,60,0.04484286861480581,-0.02653957497051283,0.47226666666666667
28,2.0,closed,mi_site,61,0.05473058638103094,-0.0385476011479808,0.47226666666666667
28,2.0,closed,mi_site,62,0.03221788818417697,0.04588359950556797,0.47226666666666667
28,2.0,closed,mi_site,63,0.03238641491594918,0.7324163902447516,0.47226666666666667
28,2.0,closed,mi_site,64,0.012230623417656801,0.00518748699232029,0.47226666666666667
28,2.0,closed,mi_site,65,0.02254186055013587,0.005212554080494501,0.47226666666666667
