rep,gamma,alignment,estimator,pair,signed_err,truth,miss_rate
21,0.0,aligned,available,0,-0.003180145040371383,-0.0035551762588183315,0.472525
21,0.0,aligned,available,1,0.014702399655016019,0.08022749249419711,0.472525
21,0.0,aligned,available,2,-0.005462688929481874,-0.7417673011678131,0.472525
21,0.0,aligned,available,3,-0.011258354830131045,0.3608058439881117,0.472525
21,0.0,aligned,available,4,-0.012750327715818513,0.0014059227071519212,0.472525
21,0.0,aligned,available,5,-0.003654259258114023,-0.4323005538986015,0.472525
21,0.0,aligned,available,6,0.006443492517716254,-0.5184788779679187,0.472525
21,0.0,aligned,available,7,-0.003085110890625956,-0.004292067935001837,0.472525
21,0.0,aligned,available,8,-0.0047415709796850836,-0.6341758917694574,0.472525
21,0.0,aligned,available,9,-0.00855518652307713,0.4243837735510383,0.472525
21,0.0,aligned,available,10,-0.00046385519527131214,0.31608937784497254,0.472525
21,0.0,aligned,available,11,-0.0065005159161814876,0.0005987291838095453,0.472525
21,0.0,aligned,available,12,0.004366170066924774,-0.002301820210162156,0.472525
21,0.0,aligned,available,13,0.012421099594026805,-0.009254918842557042,0.472525
21,0.0,aligned,available,14,0.005737089811990202,-0.007127895719765133,0.472525
21,0.0,aligned,available,15,-0.0017759059342924433,-0.5904257503418521,0.472525
21,0.0,aligned,available,16,0.00233665237006708,-0.0025807790541669037,0.472525
21,0.0,aligned,available,17,0.006160898631585816,0.01890075512997467,0.472525
21,0.0,aligned,available,18,-0.014829770123310836,-0.0029569821956289674,0.472525
21,0.0,aligned,available,19,0.004554622589502238,0.0017493075744821215,0.472525
21,0.0,aligned,available,20,-0.0028869308962766963,-0.01180843453215842,0.472525
21,0.0,aligned,available,21,-0.021016871383625957,-0.44446662401454773,0.472525
21,0.0,aligned,available,22,0.010238221366954237,0.11172774102682571,0.472525
21,0.0,aligned,available,23,0.00398748819678955,0.005064570399810084,0.472525
21,0.0,aligned,available,24,-0.003302502826165337,-0.0014325512656083767,0.472525
21,0.0,aligned,available,25,-0.0133329143475171,0.24117815694617933,0.472525
21,0.0,aligned,available,26,-0.0347416744208772,0.000646355802431792,0.472525
21,0.0,aligned,available,27,2.1669497453358222e-05,-0.07356835430190752,0.472525
21,0.0,aligned,available,28,0.0018566450818055524,0.12906908540628842,0.472525
21,0.0,aligned,available,29,0.011664426586870169,0.19050046462220055,0.472525
21,0.0,aligned,available,30,0.005459942321592637,-0.48238299044802024,0.472525
21,0.0,aligned,available,31,0.005571884500384686,-0.008725857534205763,0.472525
21,0.0,aligned,available,32,0.0012063493735016972,0.23893935265823443,0.472525
21,0.0,aligned,available,33,0.004805881208096802,0.20433480914913615,0.472525
21,0.0,aligned,available,34,0.04032755178698811,0.002937120638677195,0.472525
21,0.0,aligned,available,35,0.018107335899042398,0.42655105719696595,0.472525
21,0.0,aligned,available,36,0.02212942178065147,-0.5702224779660399,0.472525
21,0.0,aligned,available,37,-0.0030256358958167806,-0.42915243341415815,0.472525
21,0.0,aligned,available,38,0.0013652150250456768,0.010859850425351062,0.472525
21,0.0,aligned,available,39,-0.007642690499180038,0.08037670129945078,0.472525
21,0.0,aligned,available,40,0.004285794748587646,0.30594061890088176,0.472525
21,0.0,aligned,available,41,0.0031701688226267485,-0.001182558137281606,0.472525
21,0.0,aligned,available,42,-0.00477654552037915,0.2495336340947829,0.472525
21,0.0,aligned,available,43,-0.0021873389351871886,0.8479392743636155,0.472525
21,0.0,aligned,available,44,-0.0028957228719252437,0.2129927622176811,0.472525
21,0.0,aligned,available,45,-0.004800295394516152,0.32775317876110865,0.472525
21,0.0,aligned,available,46,0.00408428982248155,7.99559920450724e-05,0.472525
21,0.0,aligned,available,47,0.01321144818462808,-0.0002861397943992391,0.472525
21,0.0,aligned,available,48,0.03525791054216179,-0.27311753909542574,0.472525
21,0.0,aligned,available,49,-0.006330213713080322,0.006465127109090032,0.472525
21,0.0,aligned,available,50,-0.009134487229696786,0.6135330889994289,0.472525
21,0.0,aligned,available,51,-0.002576354692098215,0.41933592243429085,0.472525
21,0.0,aligned,available,52,-0.007063920226097423,-0.01355221174439871,0.472525
21,0.0,aligned,available,53,0.020847095480509725,0.3088148023755601,0.472525
21,0.0,aligned,available,54,-0.0009584716494103196,0.08533154764663708,0.472525
21,0.0,aligned,available,55,-0.0037744352620416727,0.10591379643332079,0.472525
21,0.0,aligned,available,56,-0.008992115347854688,0.0022444267448411717,0.472525
21,0.0,aligned,available,57,0.005619282191699049,0.5929928854031982,0.472525
21,0.0,aligned,available,58,0.0077161250323116715,0.3611799816333528,0.472525
21,0.0,aligned,available,59,-0.0010709331511358222,-0.08726296849405057,0.472525
21,0.0,aligned,available,60,-0.0346001481342855,0.2026668924536879,0.472525
21,0.0,aligned,available,61,0.002760581627169484,-0.0010628707849842203,0.472525
21,0.0,aligned,available,62,-0.00045465378769099507,-0.4452968468755092,0.472525
21,0.0,aligned,available,63,-0.004227312310142506,0.09879413375465197,0.472525
21,0.0,aligned,available,64,0.017477396335030537,-0.5465300031690484,0.472525
21,0.0,aligned,available,65,-0.002673089620323754,0.2464888266162123,0.472525
21,0.0,aligned,mi_obs,0,-0.004841411832039283,-0.0035551762588183315,0.472525
21,0.0,aligned,mi_obs,1,0.015996708475361027,0.08022749249419711,0.472525
21,0.0,aligned,mi_obs,2,-0.05956721261588194,-0.7417673011678131,0.472525
21,0.0,aligned,mi_obs,3,0.032599539528951116,0.3608058439881117,0.472525
21,0.0,aligned,mi_obs,4,-0.000749071946049603,0.0014059227071519212,0.472525
21,0.0,aligned,mi_obs,5,-0.029767756096855225,-0.4323005538986015,0.472525
21,0.0,aligned,mi_obs,6,-0.018844818473011782,-0.5184788779679187,0.472525
21,0.0,aligned,mi_obs,7,0.0027806188248330906,-0.004292067935001837,0.472525
21,0.0,aligned,mi_obs,8,-0.02251786009511636,-0.6341758917694574,0.472525
21,0.0,aligned,mi_obs,9,0.024827186831636816,0.4243837735510383,0.472525
21,0.0,aligned,mi_obs,10,0.022373998903245207,0.31608937784497254,0.472525
21,0.0,aligned,mi_obs,11,0.009968591376771118,0.0005987291838095453,0.472525
21,0.0,aligned,mi_obs,12,0.01134408567372528,-0.002301820210162156,0.472525
21,0.0,aligned,mi_obs,13,0.004593718838996737,-0.009254918842557042,0.472525
21,0.0,aligned,mi_obs,14,0.007169018354387004,-0.007127895719765133,0.472525
21,0.0,aligned,mi_obs,15,-0.07350955894366484,-0.5904257503418521,0.472525
21,0.0,aligned,mi_obs,16,-0.0025359583593365827,-0.0025807790541669037,0.472525
21,0.0,aligned,mi_obs,17,0.02636092793536648,0.01890075512997467,0.472525
21,0.0,aligned,mi_obs,18,-0.01964586361399356,-0.0029569821956289674,0.472525
21,0.0,aligned,mi_obs,19,0.004055826665120743,0.0017493075744821215,0.472525
21,0.0,aligned,mi_obs,20,0.0013725589226382603,-0.01180843453215842,0.472525
21,0.0,aligned,mi_obs,21,-0.0025103759375560974,-0.44446662401454773,0.472525
21,0.0,aligned,mi_obs,22,0.020258246274248062,0.11172774102682571,0.472525
21,0.0,aligned,mi_obs,23,-0.0366736484651428,0.005064570399810084,0.472525
21,0.0,aligned,mi_obs,24,-0.010168688090442893,-0.0014325512656083767,0.472525
21,0.0,aligned,mi_obs,25,0.06988068992775753,0.24117815694617933,0.472525
21,0.0,aligned,mi_obs,26,-0.03146772382525343,0.000646355802431792,0.472525
21,0.0,aligned,mi_obs,27,0.04271851661779204,-0.07356835430190752,0.472525
21,0.0,aligned,mi_obs,28,0.019574998916899067,0.12906908540628842,0.472525
21,0.0,aligned,mi_obs,29,0.019044476445528813,0.19050046462220055,0.472525
21,0.0,aligned,mi_obs,30,-0.04914095124314688,-0.48238299044802024,0.472525
21,0.0,aligned,mi_obs,31,0.020525316211743826,-0.008725857534205763,0.472525
21,0.0,aligned,mi_obs,32,0.03914973493497628,0.23893935265823443,0.472525
21,0.0,aligned,mi_obs,33,0.03075246860756306,0.20433480914913615,0.472525
21,0.0,aligned,mi_obs,34,-0.026352256635534466,0.002937120638677195,0.472525
21,0.0,aligned,mi_obs,35,0.06325844503490013,0.42655105719696595,0.472525
21,0.0,aligned,mi_obs,36,-0.04837546349031541,-0.5702224779660399,0.472525
21,0.0,aligned,mi_obs,37,-0.048300683792052324,-0.42915243341415815,0.472525
21,0.0,aligned,mi_obs,38,-0.011572476331296766,0.010859850425351062,0.472525
21,0.0,aligned,mi_obs,39,-0.0251705797343484,0.08037670129945078,0.472525
21,0.0,aligned,mi_obs,40,-0.0011936037585271175,0.30594061890088176,0.472525
21,0.0,aligned,mi_obs,41,0.004079421064366488,-0.001182558137281606,0.472525
21,0.0,aligned,mi_obs,42,0.017451080028004495,0.2495336340947829,0.472525
21,0.0,aligned,mi_obs,43,0.044373021120327816,0.8479392743636155,0.472525
21,0.0,aligned,mi_obs,44,0.006455210577621856,0.2129927622176811,0.472525
21,0.0,aligned,mi_obs,45,-0.01841023815212478,0.32775317876110865,0.472525
21,0.0,aligned,mi_obs,46,0.002702902115894156,7.99559920450724e-05,0.472525
21,0.0,aligned,mi_obs,47,-0.20917263982772338,-0.0002861397943992391,0.472525
21,0.0,aligned,mi_obs,48,-0.038798528380735,-0.27311753909542574,0.472525
21,0.0,aligned,mi_obs,49,-0.010079332055521825,0.006465127109090032,0.472525
21,0.0,aligned,mi_obs,50,0.07724406896873559,0.6135330889994289,0.472525
21,0.0,aligned,mi_obs,51,0.038077621656764093,0.41933592243429085,0.472525
21,0.0,aligned,mi_obs,52,-0.07837195447750492,-0.01355221174439871,0.472525
21,0.0,aligned,mi_obs,53,0.024408226601282,0.3088148023755601,0.472525
21,0.0,aligned,mi_obs,54,-0.019059684326429516,0.08533154764663708,0.472525
21,0.0,aligned,mi_obs,55,-0.007556141045846315,0.10591379643332079,0.472525
21,0.0,aligned,mi_obs,56,-0.028571834973400035,0.0022444267448411717,0.472525
21,0.0,aligned,mi_obs,57,0.02020917512180076,0.5929928854031982,0.472525
21,0.0,aligned,mi_obs,58,0.011871225038539268,0.3611799816333528,0.472525
21,0.0,aligned,mi_obs,59,-0.010515794934576522,-0.08726296849405057,0.472525
21,0.0,aligned,mi_obs,60,0.0717191958778104,0.2026668924536879,0.472525
21,0.0,aligned,mi_obs,61,-0.015917342541212832,-0.0010628707849842203,0.472525
21,0.0,aligned,mi_obs,62,-0.10262944965810239,-0.4452968468755092,0.472525
21,0.0,aligned,mi_obs,63,-0.005358445339820231,0.09879413375465197,0.472525
21,0.0,aligned,mi_obs,64,-0.02058502637342008,-0.5465300031690484,0.472525
21,0.0,aligned,mi_obs,65,0.010832779217569366,0.2464888266162123,0.472525
21,0.0,aligned,mi_class,0,-0.0009383336649645378,-0.0035551762588183315,0.472525
21,0.0,aligned,mi_class,1,0.030917886338378567,0.08022749249419711,0.472525
21,0.0,aligned,mi_class,2,-0.019148544528772682,-0.7417673011678131,0.472525
21,0.0,aligned,mi_class,3,-0.1353875696207229,0.3608058439881117,0.472525
21,0.0,aligned,mi_class,4,-0.004401889998682814,0.0014059227071519212,0.472525
21,0.0,aligned,mi_class,5,0.08371119816784078,-0.4323005538986015,0.472525
21,0.0,aligned,mi_class,6,0.09465456082281043,-0.5184788779679187,0.472525
21,0.0,aligned,mi_class,7,0.006408345921568184,-0.004292067935001837,0.472525
21,0.0,aligned,mi_class,8,0.06273626030920809,-0.6341758917694574,0.472525
21,0.0,aligned,mi_class,9,-0.1055985203485778,0.4243837735510383,0.472525
21,0.0,aligned,mi_class,10,-0.0037129026616467553,0.31608937784497254,0.472525
21,0.0,aligned,mi_class,11,-0.004960058376454637,0.0005987291838095453,0.472525
21,0.0,aligned,mi_class,12,-0.0019691196561203218,-0.002301820210162156,0.472525
21,0.0,aligned,mi_class,13,0.0057970077636710195,-0.009254918842557042,0.472525
21,0.0,aligned,mi_class,14,-7.001735996250633e-05,-0.007127895719765133,0.472525
21,0.0,aligned,mi_class,15,0.1906282244956517,-0.5904257503418521,0.472525
21,0.0,aligned,mi_class,16,0.055931423833725055,-0.0025807790541669037,0.472525
21,0.0,aligned,mi_class,17,-0.004600660832012601,0.01890075512997467,0.472525
21,0.0,aligned,mi_class,18,-0.0004248191422796619,-0.0029569821956289674,0.472525
21,0.0,aligned,mi_class,19,0.009800453343501016,0.0017493075744821215,0.472525
21,0.0,aligned,mi_class,20,-0.005105245797353554,-0.01180843453215842,0.472525
21,0.0,aligned,mi_class,21,-0.029770121346219258,-0.44446662401454773,0.472525
21,0.0,aligned,mi_class,22,-0.03324598979947532,0.11172774102682571,0.472525
21,0.0,aligned,mi_class,23,0.006417206602021676,0.005064570399810084,0.472525
21,0.0,aligned,mi_class,24,-0.00013809175504075487,-0.0014325512656083767,0.472525
21,0.0,aligned,mi_class,25,0.03071465632071474,0.24117815694617933,0.472525
21,0.0,aligned,mi_class,26,-0.02250999425961588,0.000646355802431792,0.472525
21,0.0,aligned,mi_class,27,0.0031087409978783204,-0.07356835430190752,0.472525
21,0.0,aligned,mi_class,28,0.04580769299082191,0.12906908540628842,0.472525
21,0.0,aligned,mi_class,29,0.020242145728931155,0.19050046462220055,0.472525
21,0.0,aligned,mi_class,30,0.147691587268505,-0.48238299044802024,0.472525
21,0.0,aligned,mi_class,31,-0.0023459887667253206,-0.008725857534205763,0.472525
21,0.0,aligned,mi_class,32,-0.0360676766747354,0.23893935265823443,0.472525
21,0.0,aligned,mi_class,33,-0.08313064405140884,0.20433480914913615,0.472525
21,0.0,aligned,mi_class,34,0.004356766377516794,0.002937120638677195,0.472525
21,0.0,aligned,mi_class,35,0.02736263025204233,0.42655105719696595,0.472525
21,0.0,aligned,mi_class,36,0.03894465610197795,-0.5702224779660399,0.472525
21,0.0,aligned,mi_class,37,-0.047317199348284544,-0.42915243341415815,0.472525
21,0.0,aligned,mi_class,38,-0.0050503570367591505,0.010859850425351062,0.472525
21,0.0,aligned,mi_class,39,-0.02175409023096663,0.08037670129945078,0.472525
21,0.0,aligned,mi_class,40,-0.05616969171934913,0.30594061890088176,0.472525
21,0.0,aligned,mi_class,41,0.005997155937474834,-0.001182558137281606,0.472525
21,0.0,aligned,mi_class,42,-0.07778127760323522,0.2495336340947829,0.472525
21,0.0,aligned,mi_class,43,-0.4335117340410627,0.8479392743636155,0.472525
21,0.0,aligned,mi_class,44,-0.0857007739957166,0.2129927622176811,0.472525
21,0.0,aligned,mi_class,45,0.0010025897741089973,0.32775317876110865,0.472525
21,0.0,aligned,mi_class,46,-0.004077026870991347,7.99559920450724e-05,0.472525
21,0.0,aligned,mi_class,47,-0.02355419289515864,-0.0002861397943992391,0.472525
21,0.0,aligned,mi_class,48,0.06224902437486082,-0.27311753909542574,0.472525
21,0.0,aligned,mi_class,49,-0.015189118167244765,0.006465127109090032,0.472525
21,0.0,aligned,mi_class,50,-0.13568588809737875,0.6135330889994289,0.472525
21,0.0,aligned,mi_class,51,-0.10192062460047846,0.41933592243429085,0.472525
21,0.0,aligned,mi_class,52,-0.0006721679407089634,-0.01355221174439871,0.472525
21,0.0,aligned,mi_class,53,-0.05287742045597954,0.3088148023755601,0.472525
21,0.0,aligned,mi_class,54,-0.03817415301442099,0.08533154764663708,0.472525
21,0.0,aligned,mi_class,55,-0.028720931752035106,0.10591379643332079,0.472525
21,0.0,aligned,mi_class,56,-0.006401741390366332,0.0022444267448411717,0.472525
21,0.0,aligned,mi_class,57,-0.13107348173205474,0.5929928854031982,0.472525
21,0.0,aligned,mi_class,58,0.028194173349999296,0.3611799816333528,0.472525
21,0.0,aligned,mi_class,59,0.1251389408163896,-0.08726296849405057,0.472525
21,0.0,aligned,mi_class,60,-0.07197727609617635,0.2026668924536879,0.472525
21,0.0,aligned,mi_class,61,0.00012897663398139477,-0.0010628707849842203,0.472525
21,0.0,aligned,mi_class,62,0.1379609882934303,-0.4452968468755092,0.472525
21,0.0,aligned,mi_class,63,-0.018797641454967665,0.09879413375465197,0.472525
21,0.0,aligned,mi_class,64,0.029436030606223684,-0.5465300031690484,0.472525
21,0.0,aligned,mi_class,65,-0.0405542094057241,0.2464888266162123,0.472525
21,0.0,aligned,mi_site,0,-0.0039731585839369405,-0.0035551762588183315,0.472525
21,0.0,aligned,mi_site,1,-0.006457518252436303,0.08022749249419711,0.472525
21,0.0,aligned,mi_site,2,0.1289326363198342,-0.7417673011678131,0.472525
21,0.0,aligned,mi_site,3,-0.016587897993934564,0.3608058439881117,0.472525
21,0.0,aligned,mi_site,4,0.005481882403633795,0.0014059227071519212,0.472525
21,0.0,aligned,mi_site,5,0.005952231306193101,-0.4323005538986015,0.472525
21,0.0,aligned,mi_site,6,0.02009150152019601,-0.5184788779679187,0.472525
21,0.0,aligned,mi_site,7,-0.0024940205972542786,-0.004292067935001837,0.472525
21,0.0,aligned,mi_site,8,0.08899240332642333,-0.6341758917694574,0.472525
21,0.0,aligned,mi_site,9,-0.21067277131577544,0.4243837735510383,0.472525
21,0.0,aligned,mi_site,10,-0.036643401380572094,0.31608937784497254,0.472525
21,0.0,aligned,mi_site,11,9.017047494688563e-05,0.0005987291838095453,0.472525
21,0.0,aligned,mi_site,12,-0.0036899790352054877,-0.002301820210162156,0.472525
21,0.0,aligned,mi_site,13,0.019985638713534537,-0.009254918842557042,0.472525
21,0.0,aligned,mi_site,14,0.010096933322262101,-0.007127895719765133,0.472525
21,0.0,aligned,mi_site,15,-0.025545154474978293,-0.5904257503418521,0.472525
21,0.0,aligned,mi_site,16,0.010595648846833682,-0.0025807790541669037,0.472525
21,0.0,aligned,mi_site,17,0.00991558993245371,0.01890075512997467,0.472525
21,0.0,aligned,mi_site,18,-0.007939252000189474,-0.0029569821956289674,0.472525
21,0.0,aligned,mi_site,19,0.0002862245179691392,0.0017493075744821215,0.472525
21,0.0,aligned,mi_site,20,-0.02085386639999183,-0.01180843453215842,0.472525
21,0.0,aligned,mi_site,21,0.022101945751960672,-0.44446662401454773,0.472525
21,0.0,aligned,mi_site,22,0.008994574141776304,0.11172774102682571,0.472525
21,0.0,aligned,mi_site,23,-0.014497426103337919,0.005064570399810084,0.472525
21,0.0,aligned,mi_site,24,-0.0064175404327618535,-0.0014325512656083767,0.472525
21,0.0,aligned,mi_site,25,0.05084418539896274,0.24117815694617933,0.472525
21,0.0,aligned,mi_site,26,-0.02410102928228202,0.000646355802431792,0.472525
21,0.0,aligned,mi_site,27,0.03890201802740154,-0.07356835430190752,0.472525
21,0.0,aligned,mi_site,28,-0.04287482489480224,0.12906908540628842,0.472525
21,0.0,aligned,mi_site,29,0.007659347035547742,0.19050046462220055,0.472525
21,0.0,aligned,mi_site,30,0.013324563009135926,-0.48238299044802024,0.472525
21,0.0,aligned,mi_site,31,0.002744144469230759,-0.008725857534205763,0.472525
21,0.0,aligned,mi_site,32,0.008029515827081057,0.23893935265823443,0.472525
21,0.0,aligned,mi_site,33,-0.005487016763326191,0.20433480914913615,0.472525
21,0.0,aligned,mi_site,34,-0.016155169885819946,0.002937120638677195,0.472525
21,0.0,aligned,mi_site,35,-0.05820602368136307,0.42655105719696595,0.472525
21,0.0,aligned,mi_site,36,0.2839948429176002,-0.5702224779660399,0.472525
21,0.0,aligned,mi_site,37,0.06900555967797067,-0.42915243341415815,0.472525
21,0.0,aligned,mi_site,38,-0.003498364084637615,0.010859850425351062,0.472525
21,0.0,aligned,mi_site,39,-0.01943174539098047,0.08037670129945078,0.472525
21,0.0,aligned,mi_site,40,0.008329439122948312,0.30594061890088176,0.472525
21,0.0,aligned,mi_site,41,0.0026673146860555852,-0.001182558137281606,0.472525
21,0.0,aligned,mi_site,42,-0.029956563822401944,0.2495336340947829,0.472525
21,0.0,aligned,mi_site,43,-0.40167732856392085,0.8479392743636155,0.472525
21,0.0,aligned,mi_site,44,-0.009770061599717356,0.2129927622176811,0.472525
21,0.0,aligned,mi_site,45,-0.02531249683740877,0.32775317876110865,0.472525
21,0.0,aligned,mi_site,46,-0.0002882796450268101,7.99559920450724e-05,0.472525
21,0.0,aligned,mi_site,47,-0.16233869693945688,-0.0002861397943992391,0.472525
21,0.0,aligned,mi_site,48,-0.007231434574959783,-0.27311753909542574,0.472525
21,0.0,aligned,mi_site,49,0.002670692458293663,0.006465127109090032,0.472525
21,0.0,aligned,mi_site,50,-0.03362195218841424,0.6135330889994289,0.472525
21,0.0,aligned,mi_site,51,0.036881874485220956,0.41933592243429085,0.472525
21,0.0,aligned,mi_site,52,-0.05493825877028272,-0.01355221174439871,0.472525
21,0.0,aligned,mi_site,53,0.00742551206523917,0.3088148023755601,0.472525
21,0.0,aligned,mi_site,54,-0.050801798940385647,0.08533154764663708,0.472525
21,0.0,aligned,mi_site,55,-0.006377120779627182,0.10591379643332079,0.472525
21,0.0,aligned,mi_site,56,-0.010245668425251346,0.0022444267448411717,0.472525
21,0.0,aligned,mi_site,57,-0.026179373838869813,0.5929928854031982,0.472525
21,0.0,aligned,mi_site,58,-0.17233076844797207,0.3611799816333528,0.472525
21,0.0,aligned,mi_site,59,0.012329420086750947,-0.08726296849405057,0.472525
21,0.0,aligned,mi_site,60,0.04456092004851245,0.2026668924536879,0.472525
21,0.0,aligned,mi_site,61,0.022724143524391064,-0.0010628707849842203,0.472525
21,0.0,aligned,mi_site,62,-0.012886898306669392,-0.4452968468755092,0.472525
21,0.0,aligned,mi_site,63,0.32169762339667857,0.09879413375465197,0.472525
21,0.0,aligned,mi_site,64,0.10796881765372962,-0.5465300031690484,0.472525
21,0.0,aligned,mi_site,65,-0.11873776622446072,0.2464888266162123,0.472525
21,0.0,closed,available,0,0.0009057010925867461,-0.0035551762588183315,0.472525
21,0.0,closed,available,1,0.0071976608132338915,0.08022749249419711,0.472525
21,0.0,closed,available,2,0.0013141474834461597,-0.7417673011678131,0.472525
21,0.0,closed,available,3,0.011452636497917501,0.3608058439881117,0.472525
21,0.0,closed,available,4,0.0028910345910213944,0.0014059227071519212,0.472525
21,0.0,closed,available,5,-0.013093979714822235,-0.4323005538986015,0.472525
21,0.0,closed,available,6,0.004617222833248502,-0.5184788779679187,0.472525
21,0.0,closed,available,7,0.012014818799581859,-0.004292067935001837,0.472525
21,0.0,closed,available,8,0.004025116257952321,-0.6341758917694574,0.472525
21,0.0,closed,available,9,0.0031510272942870676,0.4243837735510383,0.472525
21,0.0,closed,available,10,0.001152238389614535,0.31608937784497254,0.472525
21,0.0,closed,available,11,0.008335229024859767,0.0005987291838095453,0.472525
21,0.0,closed,available,12,0.0006469510315163325,-0.002301820210162156,0.472525
21,0.0,closed,available,13,0.0049029568119212845,-0.009254918842557042,0.472525
21,0.0,closed,available,14,-0.009619189644755647,-0.007127895719765133,0.472525
21,0.0,closed,available,15,0.0062165632414332705,-0.5904257503418521,0.472525
21,0.0,closed,available,16,0.008527327274002634,-0.0025807790541669037,0.472525
21,0.0,closed,available,17,-0.011057430025358639,0.01890075512997467,0.472525
21,0.0,closed,available,18,0.01167213102416657,-0.0029569821956289674,0.472525
21,0.0,closed,available,19,-0.0016859852404463016,0.0017493075744821215,0.472525
21,0.0,closed,available,20,-0.00515393513746073,-0.01180843453215842,0.472525
21,0.0,closed,available,21,-0.022078647353072467,-0.44446662401454773,0.472525
21,0.0,closed,available,22,-0.0010692894190372781,0.11172774102682571,0.472525
21,0.0,closed,available,23,0.012025060865419698,0.005064570399810084,0.472525
21,0.0,closed,available,24,0.011076441408984299,-0.0014325512656083767,0.472525
21,0.0,closed,available,25,0.0004905312202259926,0.24117815694617933,0.472525
21,0.0,closed,available,26,-0.00793031707927278,0.000646355802431792,0.472525
21,0.0,closed,available,27,0.014427322939767818,-0.07356835430190752,0.472525
21,0.0,closed,available,28,0.009039959570842637,0.12906908540628842,0.472525
21,0.0,closed,available,29,0.002124891943142304,0.19050046462220055,0.472525
21,0.0,closed,available,30,-0.01120994267036779,-0.48238299044802024,0.472525
21,0.0,closed,available,31,0.00428056003258258,-0.008725857534205763,0.472525
21,0.0,closed,available,32,-0.0007651948112459561,0.23893935265823443,0.472525
21,0.0,closed,available,33,-0.022658692155651583,0.20433480914913615,0.472525
21,0.0,closed,available,34,0.015055696016113156,0.002937120638677195,0.472525
21,0.0,closed,available,35,0.014418477041146183,0.42655105719696595,0.472525
21,0.0,closed,available,36,0.014240298011462982,-0.5702224779660399,0.472525
21,0.0,closed,available,37,0.012303650183752513,-0.42915243341415815,0.472525
21,0.0,closed,available,38,-0.004331505611359118,0.010859850425351062,0.472525
21,0.0,closed,available,39,-0.005083822198670512,0.08037670129945078,0.472525
21,0.0,closed,available,40,-0.002465874721616357,0.30594061890088176,0.472525
21,0.0,closed,available,41,-0.009795543499759455,-0.001182558137281606,0.472525
21,0.0,closed,available,42,0.00045402475248471075,0.2495336340947829,0.472525
21,0.0,closed,available,43,6.315311324889272e-06,0.8479392743636155,0.472525
21,0.0,closed,available,44,-0.003720802182961863,0.2129927622176811,0.472525
21,0.0,closed,available,45,0.008657583001267788,0.32775317876110865,0.472525
21,0.0,closed,available,46,0.003081855644533705,7.99559920450724e-05,0.472525
21,0.0,closed,available,47,-0.004654062451411452,-0.0002861397943992391,0.472525
21,0.0,closed,available,48,0.012905421956104002,-0.27311753909542574,0.472525
21,0.0,closed,available,49,-0.003285723845410914,0.006465127109090032,0.472525
21,0.0,closed,available,50,4.2878601080542644e-05,0.6135330889994289,0.472525
21,0.0,closed,available,51,0.0010995469546392078,0.41933592243429085,0.472525
21,0.0,closed,available,52,0.0015633355927093771,-0.01355221174439871,0.472525
21,0.0,closed,available,53,0.019487911202746955,0.3088148023755601,0.472525
21,0.0,closed,available,54,-0.00976438828980343,0.08533154764663708,0.472525
21,0.0,closed,available,55,-0.0005365231176641672,0.10591379643332079,0.472525
21,0.0,closed,available,56,-0.0011350140584268518,0.0022444267448411717,0.472525
21,0.0,closed,available,57,0.01162673868128028,0.5929928854031982,0.472525
21,0.0,closed,available,58,-0.0013881192024028932,0.3611799816333528,0.472525
21,0.0,closed,available,59,0.002405944284153777,-0.08726296849405057,0.472525
21,0.0,closed,available,60,-0.006020820733110999,0.2026668924536879,0.472525
21,0.0,closed,available,61,-0.005881361767094931,-0.0010628707849842203,0.472525
21,0.0,closed,available,62,-0.007686328528262676,-0.4452968468755092,0.472525
21,0.0,closed,available,63,0.011397771822014388,0.09879413375465197,0.472525
21,0.0,closed,available,64,0.010819283850259542,-0.5465300031690484,0.472525
21,0.0,closed,available,65,0.003274662357885205,0.2464888266162123,0.472525
21,0.0,closed,mi_obs,0,-0.0038556751920091666,-0.0035551762588183315,0.472525
21,0.0,closed,mi_obs,1,-0.018144790193067868,0.08022749249419711,0.472525
21,0.0,closed,mi_obs,2,-0.064183791682213,-0.7417673011678131,0.472525
21,0.0,closed,mi_obs,3,0.04704287246026578,0.3608058439881117,0.472525
21,0.0,closed,mi_obs,4,-0.0005782614186285558,0.0014059227071519212,0.472525
21,0.0,closed,mi_obs,5,-0.03823150223269428,-0.4323005538986015,0.472525
21,0.0,closed,mi_obs,6,-0.024212884532707646,-0.5184788779679187,0.472525
21,0.0,closed,mi_obs,7,-0.009294906949669633,-0.004292067935001837,0.472525
21,0.0,closed,mi_obs,8,-0.013702493498600976,-0.6341758917694574,0.472525
21,0.0,closed,mi_obs,9,0.03694809828507928,0.4243837735510383,0.472525
21,0.0,closed,mi_obs,10,0.017026415627961144,0.31608937784497254,0.472525
21,0.0,closed,mi_obs,11,-0.020534657780128356,0.0005987291838095453,0.472525
21,0.0,closed,mi_obs,12,-0.03244662885909797,-0.002301820210162156,0.472525
21,0.0,closed,mi_obs,13,0.004359669288778457,-0.009254918842557042,0.472525
21,0.0,closed,mi_obs,14,-0.00758536731804583,-0.007127895719765133,0.472525
21,0.0,closed,mi_obs,15,-0.06440043910218118,-0.5904257503418521,0.472525
21,0.0,closed,mi_obs,16,0.029448612030516137,-0.0025807790541669037,0.472525
21,0.0,closed,mi_obs,17,-0.026570302737557346,0.01890075512997467,0.472525
21,0.0,closed,mi_obs,18,-0.006999935972093298,-0.0029569821956289674,0.472525
21,0.0,closed,mi_obs,19,-0.004550078548628302,0.0017493075744821215,0.472525
21,0.0,closed,mi_obs,20,-0.011374520884911228,-0.01180843453215842,0.472525
21,0.0,closed,mi_obs,21,0.009438670441607566,-0.44446662401454773,0.472525
21,0.0,closed,mi_obs,22,0.026708037240572843,0.11172774102682571,0.472525
21,0.0,closed,mi_obs,23,-0.018010511683825163,0.005064570399810084,0.472525
21,0.0,closed,mi_obs,24,0.015957426634906964,-0.0014325512656083767,0.472525
21,0.0,closed,mi_obs,25,0.08401441500810453,0.24117815694617933,0.472525
21,0.0,closed,mi_obs,26,0.061444288791028624,0.000646355802431792,0.472525
21,0.0,closed,mi_obs,27,0.02801049850402068,-0.07356835430190752,0.472525
21,0.0,closed,mi_obs,28,0.004761034001811992,0.12906908540628842,0.472525
21,0.0,closed,mi_obs,29,0.008124563853855682,0.19050046462220055,0.472525
21,0.0,closed,mi_obs,30,-0.03579945628929526,-0.48238299044802024,0.472525
21,0.0,closed,mi_obs,31,0.009569593364105108,-0.008725857534205763,0.472525
21,0.0,closed,mi_obs,32,0.04854568335179563,0.23893935265823443,0.472525
21,0.0,closed,mi_obs,33,0.03467399757025838,0.20433480914913615,0.472525
21,0.0,closed,mi_obs,34,-0.045386053596498895,0.002937120638677195,0.472525
21,0.0,closed,mi_obs,35,0.038300361200974575,0.42655105719696595,0.472525
21,0.0,closed,mi_obs,36,-0.045066007961221066,-0.5702224779660399,0.472525
21,0.0,closed,mi_obs,37,-0.03853771708270981,-0.42915243341415815,0.472525
21,0.0,closed,mi_obs,38,0.002827329982492171,0.010859850425351062,0.472525
21,0.0,closed,mi_obs,39,-0.018570675152092764,0.08037670129945078,0.472525
21,0.0,closed,mi_obs,40,0.008445782708336513,0.30594061890088176,0.472525
21,0.0,closed,mi_obs,41,-0.01629443223202821,-0.001182558137281606,0.472525
21,0.0,closed,mi_obs,42,0.003946588460065792,0.2495336340947829,0.472525
21,0.0,closed,mi_obs,43,0.04611857830873978,0.8479392743636155,0.472525
21,0.0,closed,mi_obs,44,0.01733400459490797,0.2129927622176811,0.472525
21,0.0,closed,mi_obs,45,-0.025465018582296828,0.32775317876110865,0.472525
21,0.0,closed,mi_obs,46,-0.004191586909917016,7.99559920450724e-05,0.472525
21,0.0,closed,mi_obs,47,-0.25246769154234244,-0.0002861397943992391,0.472525
21,0.0,closed,mi_obs,48,-0.037158083029252886,-0.27311753909542574,0.472525
21,0.0,closed,mi_obs,49,-0.0006421084421798636,0.006465127109090032,0.472525
21,0.0,closed,mi_obs,50,0.08091291001432632,0.6135330889994289,0.472525
21,0.0,closed,mi_obs,51,0.02787585203034726,0.41933592243429085,0.472525
21,0.0,closed,mi_obs,52,-0.03430758969617662,-0.01355221174439871,0.472525
21,0.0,closed,mi_obs,53,0.036823312348840676,0.3088148023755601,0.472525
21,0.0,closed,mi_obs,54,-0.011101649686348872,0.08533154764663708,0.472525
21,0.0,closed,mi_obs,55,-0.015001030875658447,0.10591379643332079,0.472525
21,0.0,closed,mi_obs,56,0.007039364269292352,0.0022444267448411717,0.472525
21,0.0,closed,mi_obs,57,0.03325239740213459,0.5929928854031982,0.472525
21,0.0,closed,mi_obs,58,0.006479384901266538,0.3611799816333528,0.472525
21,0.0,closed,mi_obs,59,-0.015378121312161139,-0.08726296849405057,0.472525
21,0.0,closed,mi_obs,60,0.05201151956902744,0.2026668924536879,0.472525
21,0.0,closed,mi_obs,61,-0.003194643914071955,-0.0010628707849842203,0.472525
21,0.0,closed,mi_obs,62,-0.12906560024823555,-0.4452968468755092,0.472525
21,0.0,closed,mi_obs,63,-0.005654579216907207,0.09879413375465197,0.472525
21,0.0,closed,mi_obs,64,-0.02674419473205758,-0.5465300031690484,0.472525
21,0.0,closed,mi_obs,65,0.010157743760544569,0.2464888266162123,0.472525
21,0.0,closed,mi_class,0,-0.0021882208938697302,-0.0035551762588183315,0.472525
21,0.0,closed,mi_class,1,0.01923049053347463,0.08022749249419711,0.472525
21,0.0,closed,mi_class,2,0.037153854664398356,-0.7417673011678131,0.472525
21,0.0,closed,mi_class,3,-0.14159440037785873,0.3608058439881117,0.472525
21,0.0,closed,mi_class,4,-0.0020923909924077293,0.0014059227071519212,0.472525
21,0.0,closed,mi_class,5,0.08410752418148804,-0.4323005538986015,0.472525
21,0.0,closed,mi_class,6,0.11432159079517568,-0.5184788779679187,0.472525
21,0.0,closed,mi_class,7,-0.0030710260349421058,-0.004292067935001837,0.472525
21,0.0,closed,mi_class,8,0.07471801334150296,-0.6341758917694574,0.472525
21,0.0,closed,mi_class,9,-0.15986884479595354,0.4243837735510383,0.472525
21,0.0,closed,mi_class,10,-0.010048545132108233,0.31608937784497254,0.472525
21,0.0,closed,mi_class,11,0.007072499008396282,0.0005987291838095453,0.472525
21,0.0,closed,mi_class,12,-0.05851485792931258,-0.002301820210162156,0.472525
21,0.0,closed,mi_class,13,0.011881645972880243,-0.009254918842557042,0.472525
21,0.0,closed,mi_class,14,-0.007904708148004884,-0.007127895719765133,0.472525
21,0.0,closed,mi_class,15,0.19552236469403617,-0.5904257503418521,0.472525
21,0.0,closed,mi_class,16,-0.018372152528259085,-0.0025807790541669037,0.472525
21,0.0,closed,mi_class,17,-0.016854665211050165,0.01890075512997467,0.472525
21,0.0,closed,mi_class,18,0.0037538709289472276,-0.0029569821956289674,0.472525
21,0.0,closed,mi_class,19,-0.005401840454009009,0.0017493075744821215,0.472525
21,0.0,closed,mi_class,20,-0.0026440958008873364,-0.01180843453215842,0.472525
21,0.0,closed,mi_class,21,-0.013744114750998904,-0.44446662401454773,0.472525
21,0.0,closed,mi_class,22,-0.022947470025835248,0.11172774102682571,0.472525
21,0.0,closed,mi_class,23,0.019130110388049043,0.005064570399810084,0.472525
21,0.0,closed,mi_class,24,0.022579085491668434,-0.0014325512656083767,0.472525
21,0.0,closed,mi_class,25,0.015569936045101651,0.24117815694617933,0.472525
21,0.0,closed,mi_class,26,0.0067520842034222445,0.000646355802431792,0.472525
21,0.0,closed,mi_class,27,0.01737416106108184,-0.07356835430190752,0.472525
21,0.0,closed,mi_class,28,0.03332589591084503,0.12906908540628842,0.472525
21,0.0,closed,mi_class,29,0.03680782489216203,0.19050046462220055,0.472525
21,0.0,closed,mi_class,30,0.21966052551070953,-0.48238299044802024,0.472525
21,0.0,closed,mi_class,31,0.00191916644475884,-0.008725857534205763,0.472525
21,0.0,closed,mi_class,32,-0.046587086973837094,0.23893935265823443,0.472525
21,0.0,closed,mi_class,33,-0.06961888603733632,0.20433480914913615,0.472525
21,0.0,closed,mi_class,34,0.01066535600023602,0.002937120638677195,0.472525
21,0.0,closed,mi_class,35,-0.05671601502232221,0.42655105719696595,0.472525
21,0.0,closed,mi_class,36,-0.0676670214572247,-0.5702224779660399,0.472525
21,0.0,closed,mi_class,37,-0.00590788176244339,-0.42915243341415815,0.472525
21,0.0,closed,mi_class,38,-0.0016585702612545647,0.010859850425351062,0.472525
21,0.0,closed,mi_class,39,-0.02920860805488685,0.08037670129945078,0.472525
21,0.0,closed,mi_class,40,-0.13166305050759017,0.30594061890088176,0.472525
21,0.0,closed,mi_class,41,-0.01579115312675723,-0.001182558137281606,0.472525
21,0.0,closed,mi_class,42,-0.11529222902453087,0.2495336340947829,0.472525
21,0.0,closed,mi_class,43,-0.5525562558953947,0.8479392743636155,0.472525
21,0.0,closed,mi_class,44,-0.08704346099281818,0.2129927622176811,0.472525
21,0.0,closed,mi_class,45,0.002657678990330259,0.32775317876110865,0.472525
21,0.0,closed,mi_class,46,-0.0005539778620092358,7.99559920450724e-05,0.472525
21,0.0,closed,mi_class,47,-0.04315939385811332,-0.0002861397943992391,0.472525
21,0.0,closed,mi_class,48,0.05870112953500756,-0.27311753909542574,0.472525
21,0.0,closed,mi_class,49,-0.0013157782274341636,0.006465127109090032,0.472525
21,0.0,closed,mi_class,50,-0.13512148623720732,0.6135330889994289,0.472525
21,0.0,closed,mi_class,51,-0.03954616404017036,0.41933592243429085,0.472525
21,0.0,closed,mi_class,52,-0.0019053483500688796,-0.01355221174439871,0.472525
21,0.0,closed,mi_class,53,-0.054326889352016405,0.3088148023755601,0.472525
21,0.0,closed,mi_class,54,-0.04224625479872219,0.08533154764663708,0.472525
21,0.0,closed,mi_class,55,-0.024203851059473716,0.10591379643332079,0.472525
21,0.0,closed,mi_class,56,0.0017146962929764646,0.0022444267448411717,0.472525
21,0.0,closed,mi_class,57,-0.07716717160063902,0.5929928854031982,0.472525
21,0.0,closed,mi_class,58,-0.1709025615679749,0.3611799816333528,0.472525
21,0.0,closed,mi_class,59,0.016910652814349003,-0.08726296849405057,0.472525
21,0.0,closed,mi_class,60,-0.035434092106708864,0.2026668924536879,0.472525
21,0.0,closed,mi_class,61,-0.004430841167417603,-0.0010628707849842203,0.472525
21,0.0,closed,mi_class,62,0.08245453140852949,-0.4452968468755092,0.472525
21,0.0,closed,mi_class,63,-0.059923428715700236,0.09879413375465197,0.472525
21,0.0,closed,mi_class,64,0.030520935141047922,-0.5465300031690484,0.472525
21,0.0,closed,mi_class,65,-0.07918234148353218,0.2464888266162123,0.472525
21,0.0,closed,mi_site,0,-0.0018176449445356903,-0.0035551762588183315,0.472525
21,0.0,closed,mi_site,1,-0.023753099644241583,0.08022749249419711,0.472525
21,0.0,closed,mi_site,2,-0.04871861013431156,-0.7417673011678131,0.472525
21,0.0,closed,mi_site,3,0.04888270693838148,0.3608058439881117,0.472525
21,0.0,closed,mi_site,4,-0.001547077498894794,0.0014059227071519212,0.472525
21,0.0,closed,mi_site,5,-0.036630473251341444,-0.4323005538986015,0.472525
21,0.0,closed,mi_site,6,-0.02200757361158634,-0.5184788779679187,0.472525
21,0.0,closed,mi_site,7,-0.01191160523246771,-0.004292067935001837,0.472525
21,0.0,closed,mi_site,8,-0.010001639085749137,-0.6341758917694574,0.472525
21,0.0,closed,mi_site,9,0.03475827680037363,0.4243837735510383,0.472525
21,0.0,closed,mi_site,10,0.018042831251681934,0.31608937784497254,0.472525
21,0.0,closed,mi_site,11,-0.00241776210646409,0.0005987291838095453,0.472525
21,0.0,closed,mi_site,12,-0.02642401588137827,-0.002301820210162156,0.472525
21,0.0,closed,mi_site,13,0.0010285581532387747,-0.009254918842557042,0.472525
21,0.0,closed,mi_site,14,-0.011171484728539778,-0.007127895719765133,0.472525
21,0.0,closed,mi_site,15,-0.05369573572427866,-0.5904257503418521,0.472525
21,0.0,closed,mi_site,16,0.03201155560173841,-0.0025807790541669037,0.472525
21,0.0,closed,mi_site,17,-0.01787241218883777,0.01890075512997467,0.472525
21,0.0,closed,mi_site,18,-0.00216708464887525,-0.0029569821956289674,0.472525
21,0.0,closed,mi_site,19,-0.0008115246075233369,0.0017493075744821215,0.472525
21,0.0,closed,mi_site,20,-0.010963353205040329,-0.01180843453215842,0.472525
21,0.0,closed,mi_site,21,0.02960498610258927,-0.44446662401454773,0.472525
21,0.0,closed,mi_site,22,0.016831588733836708,0.11172774102682571,0.472525
21,0.0,closed,mi_site,23,-0.0030914804168242975,0.005064570399810084,0.472525
21,0.0,closed,mi_site,24,0.013916625646918108,-0.0014325512656083767,0.472525
21,0.0,closed,mi_site,25,0.07374067597095557,0.24117815694617933,0.472525
21,0.0,closed,mi_site,26,0.049641135034246296,0.000646355802431792,0.472525
21,0.0,closed,mi_site,27,0.034480936323293986,-0.07356835430190752,0.472525
21,0.0,closed,mi_site,28,0.008705567549390225,0.12906908540628842,0.472525
21,0.0,closed,mi_site,29,0.009211688501746668,0.19050046462220055,0.472525
21,0.0,closed,mi_site,30,-0.037232120048527606,-0.48238299044802024,0.472525
21,0.0,closed,mi_site,31,0.0050616319486614155,-0.008725857534205763,0.472525
21,0.0,closed,mi_site,32,0.04283675765242426,0.23893935265823443,0.472525
21,0.0,closed,mi_site,33,0.03581529096114161,0.20433480914913615,0.472525
21,0.0,closed,mi_site,34,-0.020312767244719563,0.002937120638677195,0.472525
21,0.0,closed,mi_site,35,0.028050777529315618,0.42655105719696595,0.472525
21,0.0,closed,mi_site,36,-0.039675929973591484,-0.5702224779660399,0.472525
21,0.0,closed,mi_site,37,-0.03175179248833626,-0.42915243341415815,0.472525
21,0.0,closed,mi_site,38,-0.012606159955114724,0.010859850425351062,0.472525
21,0.0,closed,mi_site,39,-0.020331351578259757,0.08037670129945078,0.472525
21,0.0,closed,mi_site,40,0.0010345564518279837,0.30594061890088176,0.472525
21,0.0,closed,mi_site,41,-0.01312046277895994,-0.001182558137281606,0.472525
21,0.0,closed,mi_site,42,-0.0011895909204979738,0.2495336340947829,0.472525
21,0.0,closed,mi_site,43,0.04550503022494623,0.8479392743636155,0.472525
21,0.0,closed,mi_site,44,0.01498746567521686,0.2129927622176811,0.472525
21,0.0,closed,mi_site,45,-0.0255127786091211,0.32775317876110865,0.472525
21,0.0,closed,mi_site,46,-0.005893726615864563,7.99559920450724e-05,0.472525
21,0.0,closed,mi_site,47,-0.22637923262208376,-0.0002861397943992391,0.472525
21,0.0,closed,mi_site,48,-0.044682371860971015,-0.27311753909542574,0.472525
21,0.0,closed,mi_site,49,-0.008523841266405294,0.006465127109090032,0.472525
21,0.0,closed,mi_site,50,0.07044350135048272,0.6135330889994289,0.472525
21,0.0,closed,mi_site,51,0.02800436614586299,0.41933592243429085,0.472525
21,0.0,closed,mi_site,52,-0.03285748758927124,-0.01355221174439871,0.472525
21,0.0,closed,mi_site,53,0.025353278846640126,0.3088148023755601,0.472525
21,0.0,closed,mi_site,54,-0.011913967174879747,0.08533154764663708,0.472525
21,0.0,closed,mi_site,55,-0.02133278754786437,0.10591379643332079,0.472525
21,0.0,closed,mi_site,56,0.005996684856673807,0.0022444267448411717,0.472525
21,0.0,closed,mi_site,57,0.023089998247084798,0.5929928854031982,0.472525
21,0.0,closed,mi_site,58,0.0039448315025665814,0.3611799816333528,0.472525
21,0.0,closed,mi_site,59,-0.016324375120854093,-0.08726296849405057,0.472525
21,0.0,closed,mi_site,60,0.06574537858439283,0.2026668924536879,0.472525
21,0.0,closed,mi_site,61,-0.012794855081656209,-0.0010628707849842203,0.472525
21,0.0,closed,mi_site,62,-0.12688156116852678,-0.4452968468755092,0.472525
21,0.0,closed,mi_site,63,-0.0053949555818123,0.09879413375465197,0.472525
21,0.0,closed,mi_site,64,-0.015955254651136452,-0.5465300031690484,0.472525
21,0.0,closed,mi_site,65,0.012062553449301794,0.2464888266162123,0.472525
21,1.0,aligned,available,0,0.00624948631050274,0.0063873112376050985,0.472525
21,1.0,aligned,available,1,0.019126555523126157,0.08029909770529621,0.472525
21,1.0,aligned,available,2,-0.003895485475347904,-0.7435527399396369,0.472525
21,1.0,aligned,available,3,-0.01315693477583968,0.3667148460385034,0.472525
21,1.0,aligned,available,4,-0.010287239361208563,0.0017688706069086306,0.472525
21,1.0,aligned,available,5,-0.002377765008944377,-0.4431251924969289,0.472525
21,1.0,aligned,available,6,0.008101476035815569,-0.5281945945430779,0.472525
21,1.0,aligned,available,7,-0.0043113012532538415,-0.007042053880848076,0.472525
21,1.0,aligned,available,8,-0.003090979024224727,-0.6437199700918493,0.472525
21,1.0,aligned,available,9,-0.007387688962436245,0.4310665056857432,0.472525
21,1.0,aligned,available,10,-0.0007415911088952121,0.32343270165538784,0.472525
21,1.0,aligned,available,11,-0.0063808588888277454,0.002726489845077379,0.472525
21,1.0,aligned,available,12,0.0027191269060283492,-0.010261002791840956,0.472525
21,1.0,aligned,available,13,0.012019609449841838,-0.006669747119692334,0.472525
21,1.0,aligned,available,14,0.005954889342570411,-0.008526817889249323,0.472525
21,1.0,aligned,available,15,-0.0013089510037599394,-0.5970322483554675,0.472525
21,1.0,aligned,available,16,0.001861251061939833,-0.006356606138657112,0.472525
21,1.0,aligned,available,17,0.006887718858040702,0.01721433154617547,0.472525
21,1.0,aligned,available,18,-0.01625223184178437,-0.00983357874511339,0.472525
21,1.0,aligned,available,19,0.006774426248743695,0.006406864190878383,0.472525
21,1.0,aligned,available,20,-0.0010524936610404913,-0.008416159908815743,0.472525
21,1.0,aligned,available,21,-0.021300716635822947,-0.4482425314194182,0.472525
21,1.0,aligned,available,22,0.011624772911874942,0.11743792835793457,0.472525
21,1.0,aligned,available,23,0.0014763261867826658,0.004642623660603471,0.472525
21,1.0,aligned,available,24,-0.004150324527969856,-0.0015134063309404171,0.472525
21,1.0,aligned,available,25,-0.012964184583562799,0.24073870994642654,0.472525
21,1.0,aligned,available,26,-0.037244881011642195,0.0025791630261326635,0.472525
21,1.0,aligned,available,27,-0.0029029018018779523,-0.07294392350365518,0.472525
21,1.0,aligned,available,28,0.0018542960726617985,0.13552176904380125,0.472525
21,1.0,aligned,available,29,0.011722836281890525,0.1939290004369373,0.472525
21,1.0,aligned,available,30,0.006280097788171346,-0.48897947315993573,0.472525
21,1.0,aligned,available,31,0.007402268430944563,-0.008367420251048438,0.472525
21,1.0,aligned,available,32,-0.002868548693686024,0.24840722896428943,0.472525
21,1.0,aligned,available,33,-0.0017853949548363446,0.21268093635950458,0.472525
21,1.0,aligned,available,34,0.04169367290422376,0.0021278623495891934,0.472525
21,1.0,aligned,available,35,0.014371313361890625,0.4348971152369622,0.472525
21,1.0,aligned,available,36,0.022753153689267558,-0.5771660822945496,0.472525
21,1.0,aligned,available,37,0.0011927407414849545,-0.43531275671610387,0.472525
21,1.0,aligned,available,38,0.0006056105364656405,0.010722016529480844,0.472525
21,1.0,aligned,available,39,-0.005481491049254286,0.07146398703232106,0.472525
21,1.0,aligned,available,40,0.006323522651355773,0.29542893749886545,0.472525
21,1.0,aligned,available,41,-0.00016035093919409627,-0.002677101829123608,0.472525
21,1.0,aligned,available,42,-0.0007407013851090383,0.23521185526563199,0.472525
21,1.0,aligned,available,43,-0.0028060387746663418,0.8493221391594333,0.472525
21,1.0,aligned,available,44,-0.004067143407953638,0.21959649155677818,0.472525
21,1.0,aligned,available,45,-0.004187506392953733,0.3239044088418189,0.472525
21,1.0,aligned,available,46,0.002707678558812118,-0.0003289055632671379,0.472525
21,1.0,aligned,available,47,0.011604840420630747,0.0025352523996479298,0.472525
21,1.0,aligned,available,48,0.03634610956687939,-0.2698538523614291,0.472525
21,1.0,aligned,available,49,-0.006698912933937403,0.006318475783277313,0.472525
21,1.0,aligned,available,50,-0.00918909164627546,0.607989619527427,0.472525
21,1.0,aligned,available,51,-0.003738062663011188,0.42504026642284376,0.472525
21,1.0,aligned,available,52,-0.005604879673177724,-0.009660074045009596,0.472525
21,1.0,aligned,available,53,0.019542070649977317,0.31984511859693726,0.472525
21,1.0,aligned,available,54,-0.0005024588192037854,0.07354015368354151,0.472525
21,1.0,aligned,available,55,-0.003984548603174154,0.09471475948910135,0.472525
21,1.0,aligned,available,56,-0.0043021059426838395,0.003066048436324621,0.472525
21,1.0,aligned,available,57,0.003944146789813363,0.5992161172112482,0.472525
21,1.0,aligned,available,58,0.009136330725658892,0.34789081766831925,0.472525
21,1.0,aligned,available,59,-0.001551587609386132,-0.09295215507367792,0.472525
21,1.0,aligned,available,60,-0.0342139605315194,0.20453228637736334,0.472525
21,1.0,aligned,available,61,0.0005988661349736041,-0.0016094676426736485,0.472525
21,1.0,aligned,available,62,-0.004803763529516392,-0.4484819972446807,0.472525
21,1.0,aligned,available,63,-0.001479395083086657,0.08466720246952014,0.472525
21,1.0,aligned,available,64,0.018101396919167678,-0.5498972436165427,0.472525
21,1.0,aligned,available,65,-0.0029548769026017108,0.2534322081565852,0.472525
21,1.0,aligned,mi_obs,0,0.000581970922721024,0.0063873112376050985,0.472525
21,1.0,aligned,mi_obs,1,0.016909684654291907,0.08029909770529621,0.472525
21,1.0,aligned,mi_obs,2,-0.0594381065236409,-0.7435527399396369,0.472525
21,1.0,aligned,mi_obs,3,0.034190053604528925,0.3667148460385034,0.472525
21,1.0,aligned,mi_obs,4,-0.002162877994788515,0.0017688706069086306,0.472525
21,1.0,aligned,mi_obs,5,-0.03292630802627111,-0.4431251924969289,0.472525
21,1.0,aligned,mi_obs,6,-0.017121428389911708,-0.5281945945430779,0.472525
21,1.0,aligned,mi_obs,7,-0.003115377813341735,-0.007042053880848076,0.472525
21,1.0,aligned,mi_obs,8,-0.022023946657275473,-0.6437199700918493,0.472525
21,1.0,aligned,mi_obs,9,0.02587387542312869,0.4310665056857432,0.472525
21,1.0,aligned,mi_obs,10,0.02218703265629468,0.32343270165538784,0.472525
21,1.0,aligned,mi_obs,11,0.012140867689666306,0.002726489845077379,0.472525
21,1.0,aligned,mi_obs,12,0.012322639746957006,-0.010261002791840956,0.472525
21,1.0,aligned,mi_obs,13,0.004625835424935234,-0.006669747119692334,0.472525
21,1.0,aligned,mi_obs,14,0.00640961027606105,-0.008526817889249323,0.472525
21,1.0,aligned,mi_obs,15,-0.0723731857440334,-0.5970322483554675,0.472525
21,1.0,aligned,mi_obs,16,-0.004130873741406337,-0.006356606138657112,0.472525
21,1.0,aligned,mi_obs,17,0.027485276661845314,0.01721433154617547,0.472525
21,1.0,aligned,mi_obs,18,-0.021982675166343862,-0.00983357874511339,0.472525
21,1.0,aligned,mi_obs,19,0.004427848085928522,0.006406864190878383,0.472525
21,1.0,aligned,mi_obs,20,0.002058584714472029,-0.008416159908815743,0.472525
21,1.0,aligned,mi_obs,21,-0.0009354853904163241,-0.4482425314194182,0.472525
21,1.0,aligned,mi_obs,22,0.02236540636376705,0.11743792835793457,0.472525
21,1.0,aligned,mi_obs,23,-0.038629710996135554,0.004642623660603471,0.472525
21,1.0,aligned,mi_obs,24,-0.014058888043981997,-0.0015134063309404171,0.472525
21,1.0,aligned,mi_obs,25,0.0707612090081925,0.24073870994642654,0.472525
21,1.0,aligned,mi_obs,26,-0.031900530981746805,0.0025791630261326635,0.472525
21,1.0,aligned,mi_obs,27,0.03991612231447035,-0.07294392350365518,0.472525
21,1.0,aligned,mi_obs,28,0.021325498276634436,0.13552176904380125,0.472525
21,1.0,aligned,mi_obs,29,0.01978081339916188,0.1939290004369373,0.472525
21,1.0,aligned,mi_obs,30,-0.05095734770805649,-0.48897947315993573,0.472525
21,1.0,aligned,mi_obs,31,0.02295770306627725,-0.008367420251048438,0.472525
21,1.0,aligned,mi_obs,32,0.04215570609274796,0.24840722896428943,0.472525
21,1.0,aligned,mi_obs,33,0.030953485105679746,0.21268093635950458,0.472525
21,1.0,aligned,mi_obs,34,-0.022626137736507682,0.0021278623495891934,0.472525
21,1.0,aligned,mi_obs,35,0.06174333846837532,0.4348971152369622,0.472525
21,1.0,aligned,mi_obs,36,-0.04777159387512142,-0.5771660822945496,0.472525
21,1.0,aligned,mi_obs,37,-0.04594244326013386,-0.43531275671610387,0.472525
21,1.0,aligned,mi_obs,38,-0.01436279518123381,0.010722016529480844,0.472525
21,1.0,aligned,mi_obs,39,-0.02785695066506568,0.07146398703232106,0.472525
21,1.0,aligned,mi_obs,40,-0.0016186364378036333,0.29542893749886545,0.472525
21,1.0,aligned,mi_obs,41,0.00033924334356533496,-0.002677101829123608,0.472525
21,1.0,aligned,mi_obs,42,0.015675925074309427,0.23521185526563199,0.472525
21,1.0,aligned,mi_obs,43,0.04417496307795399,0.8493221391594333,0.472525
21,1.0,aligned,mi_obs,44,0.005988637403775893,0.21959649155677818,0.472525
21,1.0,aligned,mi_obs,45,-0.019297188892925476,0.3239044088418189,0.472525
21,1.0,aligned,mi_obs,46,0.0016797493814529872,-0.0003289055632671379,0.472525
21,1.0,aligned,mi_obs,47,-0.21271952541138645,0.0025352523996479298,0.472525
21,1.0,aligned,mi_obs,48,-0.0393282522536727,-0.2698538523614291,0.472525
21,1.0,aligned,mi_obs,49,-0.01195882999391128,0.006318475783277313,0.472525
21,1.0,aligned,mi_obs,50,0.07592047774480337,0.607989619527427,0.472525
21,1.0,aligned,mi_obs,51,0.03781057524371412,0.42504026642284376,0.472525
21,1.0,aligned,mi_obs,52,-0.07530584041035795,-0.009660074045009596,0.472525
21,1.0,aligned,mi_obs,53,0.027050042336554336,0.31984511859693726,0.472525
21,1.0,aligned,mi_obs,54,-0.021618479144868252,0.07354015368354151,0.472525
21,1.0,aligned,mi_obs,55,-0.011059205457324306,0.09471475948910135,0.472525
21,1.0,aligned,mi_obs,56,-0.02318489143341837,0.003066048436324621,0.472525
21,1.0,aligned,mi_obs,57,0.020566785397498677,0.5992161172112482,0.472525
21,1.0,aligned,mi_obs,58,0.01176442730116628,0.34789081766831925,0.472525
21,1.0,aligned,mi_obs,59,-0.012002373554837284,-0.09295215507367792,0.472525
21,1.0,aligned,mi_obs,60,0.07271637922217564,0.20453228637736334,0.472525
21,1.0,aligned,mi_obs,61,-0.01963854498901573,-0.0016094676426736485,0.472525
21,1.0,aligned,mi_obs,62,-0.10671910846891725,-0.4484819972446807,0.472525
21,1.0,aligned,mi_obs,63,-0.006257447635721114,0.08466720246952014,0.472525
21,1.0,aligned,mi_obs,64,-0.02021570652697513,-0.5498972436165427,0.472525
21,1.0,aligned,mi_obs,65,0.010956898801034787,0.2534322081565852,0.472525
21,1.0,aligned,mi_class,0,0.0041168605055549885,0.0063873112376050985,0.472525
21,1.0,aligned,mi_class,1,0.035850202591219404,0.08029909770529621,0.472525
21,1.0,aligned,mi_class,2,-0.013529218716136104,-0.7435527399396369,0.472525
21,1.0,aligned,mi_class,3,-0.14839293724495387,0.3667148460385034,0.472525
21,1.0,aligned,mi_class,4,-0.004215022584649833,0.0017688706069086306,0.472525
21,1.0,aligned,mi_class,5,0.08793745374358064,-0.4431251924969289,0.472525
21,1.0,aligned,mi_class,6,0.11262263332370726,-0.5281945945430779,0.472525
21,1.0,aligned,mi_class,7,0.00234160583476109,-0.007042053880848076,0.472525
21,1.0,aligned,mi_class,8,0.08398915071308355,-0.6437199700918493,0.472525
21,1.0,aligned,mi_class,9,-0.13388628314371798,0.4310665056857432,0.472525
21,1.0,aligned,mi_class,10,-0.0034663614434756185,0.32343270165538784,0.472525
21,1.0,aligned,mi_class,11,-0.003468178789202467,0.002726489845077379,0.472525
21,1.0,aligned,mi_class,12,-0.003441831450859195,-0.010261002791840956,0.472525
21,1.0,aligned,mi_class,13,0.0021029435769739143,-0.006669747119692334,0.472525
21,1.0,aligned,mi_class,14,-6.584549406930124e-06,-0.008526817889249323,0.472525
21,1.0,aligned,mi_class,15,0.19427394923638525,-0.5970322483554675,0.472525
21,1.0,aligned,mi_class,16,0.04845955197057439,-0.006356606138657112,0.472525
21,1.0,aligned,mi_class,17,-0.004064858346136282,0.01721433154617547,0.472525
21,1.0,aligned,mi_class,18,-0.00016059297864280155,-0.00983357874511339,0.472525
21,1.0,aligned,mi_class,19,0.007991763482846678,0.006406864190878383,0.472525
21,1.0,aligned,mi_class,20,-0.0026891084071984372,-0.008416159908815743,0.472525
21,1.0,aligned,mi_class,21,-0.033425731346451715,-0.4482425314194182,0.472525
21,1.0,aligned,mi_class,22,-0.0348949002799636,0.11743792835793457,0.472525
21,1.0,aligned,mi_class,23,0.0035425095733389892,0.004642623660603471,0.472525
21,1.0,aligned,mi_class,24,-0.0019349742701724923,-0.0015134063309404171,0.472525
21,1.0,aligned,mi_class,25,0.020672568162482696,0.24073870994642654,0.472525
21,1.0,aligned,mi_class,26,-0.02541977996662875,0.0025791630261326635,0.472525
21,1.0,aligned,mi_class,27,0.004163303366149382,-0.07294392350365518,0.472525
21,1.0,aligned,mi_class,28,0.04134850534959944,0.13552176904380125,0.472525
21,1.0,aligned,mi_class,29,0.022739628682684976,0.1939290004369373,0.472525
21,1.0,aligned,mi_class,30,0.15980688606212617,-0.48897947315993573,0.472525
21,1.0,aligned,mi_class,31,-8.000899312047768e-06,-0.008367420251048438,0.472525
21,1.0,aligned,mi_class,32,-0.039247233788696406,0.24840722896428943,0.472525
21,1.0,aligned,mi_class,33,-0.10752697428612963,0.21268093635950458,0.472525
21,1.0,aligned,mi_class,34,0.009565104484157564,0.0021278623495891934,0.472525
21,1.0,aligned,mi_class,35,0.00809451869525274,0.4348971152369622,0.472525
21,1.0,aligned,mi_class,36,0.05345299346823773,-0.5771660822945496,0.472525
21,1.0,aligned,mi_class,37,-0.04310703663523652,-0.43531275671610387,0.472525
21,1.0,aligned,mi_class,38,-0.005539929821740524,0.010722016529480844,0.472525
21,1.0,aligned,mi_class,39,-0.024575836752024086,0.07146398703232106,0.472525
21,1.0,aligned,mi_class,40,-0.050665660440167376,0.29542893749886545,0.472525
21,1.0,aligned,mi_class,41,0.0010883605712206123,-0.002677101829123608,0.472525
21,1.0,aligned,mi_class,42,-0.07408457665735826,0.23521185526563199,0.472525
21,1.0,aligned,mi_class,43,-0.47565713595479714,0.8493221391594333,0.472525
21,1.0,aligned,mi_class,44,-0.09255557346125237,0.21959649155677818,0.472525
21,1.0,aligned,mi_class,45,0.0012781406443354015,0.3239044088418189,0.472525
21,1.0,aligned,mi_class,46,-0.004539135936864718,-0.0003289055632671379,0.472525
21,1.0,aligned,mi_class,47,-0.023802381483428413,0.0025352523996479298,0.472525
21,1.0,aligned,mi_class,48,0.06694220770028847,-0.2698538523614291,0.472525
21,1.0,aligned,mi_class,49,-0.014759285450019019,0.006318475783277313,0.472525
21,1.0,aligned,mi_class,50,-0.13419532407539442,0.607989619527427,0.472525
21,1.0,aligned,mi_class,51,-0.11535550554699436,0.42504026642284376,0.472525
21,1.0,aligned,mi_class,52,0.0007781797232201161,-0.009660074045009596,0.472525
21,1.0,aligned,mi_class,53,-0.06340412419308639,0.31984511859693726,0.472525
21,1.0,aligned,mi_class,54,-0.03554807663212188,0.07354015368354151,0.472525
21,1.0,aligned,mi_class,55,-0.025160309117330734,0.09471475948910135,0.472525
21,1.0,aligned,mi_class,56,-0.0027657311452338016,0.003066048436324621,0.472525
21,1.0,aligned,mi_class,57,-0.15698632566558374,0.5992161172112482,0.472525
21,1.0,aligned,mi_class,58,0.06827661382432426,0.34789081766831925,0.472525
21,1.0,aligned,mi_class,59,0.12307246528039156,-0.09295215507367792,0.472525
21,1.0,aligned,mi_class,60,-0.07171884314176216,0.20453228637736334,0.472525
21,1.0,aligned,mi_class,61,-0.0011588149972351861,-0.0016094676426736485,0.472525
21,1.0,aligned,mi_class,62,0.1318895092620706,-0.4484819972446807,0.472525
21,1.0,aligned,mi_class,63,-0.0182382695026546,0.08466720246952014,0.472525
21,1.0,aligned,mi_class,64,0.04579064838892455,-0.5498972436165427,0.472525
21,1.0,aligned,mi_class,65,-0.05993536733112273,0.2534322081565852,0.472525
21,1.0,aligned,mi_site,0,0.002234912761636362,0.0063873112376050985,0.472525
21,1.0,aligned,mi_site,1,-0.0032902986134878964,0.08029909770529621,0.472525
21,1.0,aligned,mi_site,2,0.13123932630420887,-0.7435527399396369,0.472525
21,1.0,aligned,mi_site,3,-0.018164886282872827,0.3667148460385034,0.472525
21,1.0,aligned,mi_site,4,0.007401162517342815,0.0017688706069086306,0.472525
21,1.0,aligned,mi_site,5,0.0033163395835542064,-0.4431251924969289,0.472525
21,1.0,aligned,mi_site,6,0.020748903785683614,-0.5281945945430779,0.472525
21,1.0,aligned,mi_site,7,-0.0017376457609789547,-0.007042053880848076,0.472525
21,1.0,aligned,mi_site,8,0.08824306763831391,-0.6437199700918493,0.472525
21,1.0,aligned,mi_site,9,-0.21228008370308923,0.4310665056857432,0.472525
21,1.0,aligned,mi_site,10,-0.037561115308348436,0.32343270165538784,0.472525
21,1.0,aligned,mi_site,11,0.0023003650928746875,0.002726489845077379,0.472525
21,1.0,aligned,mi_site,12,-0.0004806367651159025,-0.010261002791840956,0.472525
21,1.0,aligned,mi_site,13,0.01648948971448816,-0.006669747119692334,0.472525
21,1.0,aligned,mi_site,14,0.010693699036736556,-0.008526817889249323,0.472525
21,1.0,aligned,mi_site,15,-0.024063250637726297,-0.5970322483554675,0.472525
21,1.0,aligned,mi_site,16,0.008746296851902442,-0.006356606138657112,0.472525
21,1.0,aligned,mi_site,17,0.0128829740621236,0.01721433154617547,0.472525
21,1.0,aligned,mi_site,18,-0.0104961684899859,-0.00983357874511339,0.472525
21,1.0,aligned,mi_site,19,-0.001618669756726093,0.006406864190878383,0.472525
21,1.0,aligned,mi_site,20,-0.02024007978837944,-0.008416159908815743,0.472525
21,1.0,aligned,mi_site,21,0.02505493595208541,-0.4482425314194182,0.472525
21,1.0,aligned,mi_site,22,0.010408848802342052,0.11743792835793457,0.472525
21,1.0,aligned,mi_site,23,-0.014493760275279287,0.004642623660603471,0.472525
21,1.0,aligned,mi_site,24,-0.008575607305374539,-0.0015134063309404171,0.472525
21,1.0,aligned,mi_site,25,0.05014508204704354,0.24073870994642654,0.472525
21,1.0,aligned,mi_site,26,-0.01928620024233656,0.0025791630261326635,0.472525
21,1.0,aligned,mi_site,27,0.03616459018439974,-0.07294392350365518,0.472525
21,1.0,aligned,mi_site,28,-0.04481391009887507,0.13552176904380125,0.472525
21,1.0,aligned,mi_site,29,0.006744030230040665,0.1939290004369373,0.472525
21,1.0,aligned,mi_site,30,0.01201342594495275,-0.48897947315993573,0.472525
21,1.0,aligned,mi_site,31,0.004118548617675823,-0.008367420251048438,0.472525
21,1.0,aligned,mi_site,32,0.004754260718788678,0.24840722896428943,0.472525
21,1.0,aligned,mi_site,33,-0.00790542257008614,0.21268093635950458,0.472525
21,1.0,aligned,mi_site,34,-0.008302372212636947,0.0021278623495891934,0.472525
21,1.0,aligned,mi_site,35,-0.06083473118358951,0.4348971152369622,0.472525
21,1.0,aligned,mi_site,36,0.28615380876337887,-0.5771660822945496,0.472525
21,1.0,aligned,mi_site,37,0.06921512731413754,-0.43531275671610387,0.472525
21,1.0,aligned,mi_site,38,-0.0033652789515510734,0.010722016529480844,0.472525
21,1.0,aligned,mi_site,39,-0.016355288938148776,0.07146398703232106,0.472525
21,1.0,aligned,mi_site,40,0.009751095599025317,0.29542893749886545,0.472525
21,1.0,aligned,mi_site,41,0.0023777655538536244,-0.002677101829123608,0.472525
21,1.0,aligned,mi_site,42,-0.027274177212990552,0.23521185526563199,0.472525
21,1.0,aligned,mi_site,43,-0.4001849536851611,0.8493221391594333,0.472525
21,1.0,aligned,mi_site,44,-0.011007740124575088,0.21959649155677818,0.472525
21,1.0,aligned,mi_site,45,-0.02779956587916943,0.3239044088418189,0.472525
21,1.0,aligned,mi_site,46,-0.0019081382560609986,-0.0003289055632671379,0.472525
21,1.0,aligned,mi_site,47,-0.16334628072325846,0.0025352523996479298,0.472525
21,1.0,aligned,mi_site,48,-0.009836869312058238,-0.2698538523614291,0.472525
21,1.0,aligned,mi_site,49,0.0026623289658139534,0.006318475783277313,0.472525
21,1.0,aligned,mi_site,50,-0.031601268347226985,0.607989619527427,0.472525
21,1.0,aligned,mi_site,51,0.036617570604701055,0.42504026642284376,0.472525
21,1.0,aligned,mi_site,52,-0.05360028163410974,-0.009660074045009596,0.472525
21,1.0,aligned,mi_site,53,0.008362864011503768,0.31984511859693726,0.472525
21,1.0,aligned,mi_site,54,-0.04548542079156541,0.07354015368354151,0.472525
21,1.0,aligned,mi_site,55,-0.008146739441777837,0.09471475948910135,0.472525
21,1.0,aligned,mi_site,56,-0.005647144095511231,0.003066048436324621,0.472525
21,1.0,aligned,mi_site,57,-0.02550281175139335,0.5992161172112482,0.472525
21,1.0,aligned,mi_site,58,-0.1653101164948696,0.34789081766831925,0.472525
21,1.0,aligned,mi_site,59,0.011149163706021939,-0.09295215507367792,0.472525
21,1.0,aligned,mi_site,60,0.042774699760366935,0.20453228637736334,0.472525
21,1.0,aligned,mi_site,61,0.02232149749281554,-0.0016094676426736485,0.472525
21,1.0,aligned,mi_site,62,-0.012740726557996962,-0.4484819972446807,0.472525
21,1.0,aligned,mi_site,63,0.3246378565773483,0.08466720246952014,0.472525
21,1.0,aligned,mi_site,64,0.10703602674394158,-0.5498972436165427,0.472525
21,1.0,aligned,mi_site,65,-0.12165339512021206,0.2534322081565852,0.472525
21,1.0,closed,available,0,0.005380046975067141,0.0063873112376050985,0.472525
21,1.0,closed,available,1,0.015179597624699878,0.08029909770529621,0.472525
21,1.0,closed,available,2,-0.00042366351427025606,-0.7435527399396369,0.472525
21,1.0,closed,available,3,-0.004169816566925444,0.3667148460385034,0.472525
21,1.0,closed,available,4,0.005484215962065006,0.0017688706069086306,0.472525
21,1.0,closed,available,5,-0.009571792764331233,-0.4431251924969289,0.472525
21,1.0,closed,available,6,-0.0039399245228172175,-0.5281945945430779,0.472525
21,1.0,closed,available,7,-0.015818788233873983,-0.007042053880848076,0.472525
21,1.0,closed,available,8,0.00675249443351944,-0.6437199700918493,0.472525
21,1.0,closed,available,9,-0.00017069545510106643,0.4310665056857432,0.472525
21,1.0,closed,available,10,0.007210343878553793,0.32343270165538784,0.472525
21,1.0,closed,available,11,-0.007924201715911645,0.002726489845077379,0.472525
21,1.0,closed,available,12,0.01568319657055874,-0.010261002791840956,0.472525
21,1.0,closed,available,13,-0.00654861771113514,-0.006669747119692334,0.472525
21,1.0,closed,available,14,0.01837983510439672,-0.008526817889249323,0.472525
21,1.0,closed,available,15,0.00577555266187757,-0.5970322483554675,0.472525
21,1.0,closed,available,16,-0.006254901702936835,-0.006356606138657112,0.472525
21,1.0,closed,available,17,0.01828414852431606,0.01721433154617547,0.472525
21,1.0,closed,available,18,0.0045043998200689234,-0.00983357874511339,0.472525
21,1.0,closed,available,19,0.004558624261247957,0.006406864190878383,0.472525
21,1.0,closed,available,20,-0.001904545536534687,-0.008416159908815743,0.472525
21,1.0,closed,available,21,0.0009315572508281633,-0.4482425314194182,0.472525
21,1.0,closed,available,22,0.015408604362212669,0.11743792835793457,0.472525
21,1.0,closed,available,23,0.023420310446778593,0.004642623660603471,0.472525
21,1.0,closed,available,24,0.009132881447037404,-0.0015134063309404171,0.472525
21,1.0,closed,available,25,0.01019513875362893,0.24073870994642654,0.472525
21,1.0,closed,available,26,0.023258602082907198,0.0025791630261326635,0.472525
21,1.0,closed,available,27,-0.010019010955584218,-0.07294392350365518,0.472525
21,1.0,closed,available,28,0.010351358991192078,0.13552176904380125,0.472525
21,1.0,closed,available,29,0.0005294255040658447,0.1939290004369373,0.472525
21,1.0,closed,available,30,0.0011436905279330056,-0.48897947315993573,0.472525
21,1.0,closed,available,31,0.0036935563895949272,-0.008367420251048438,0.472525
21,1.0,closed,available,32,0.0051319912813797275,0.24840722896428943,0.472525
21,1.0,closed,available,33,0.022168452124104315,0.21268093635950458,0.472525
21,1.0,closed,available,34,-0.0003582581292701193,0.0021278623495891934,0.472525
21,1.0,closed,available,35,-0.006928115858713724,0.4348971152369622,0.472525
21,1.0,closed,available,36,0.003731606187107328,-0.5771660822945496,0.472525
21,1.0,closed,available,37,1.5739441272533128e-05,-0.43531275671610387,0.472525
21,1.0,closed,available,38,0.014727533850698514,0.010722016529480844,0.472525
21,1.0,closed,available,39,0.009353160715474082,0.07146398703232106,0.472525
21,1.0,closed,available,40,0.0018594700527711505,0.29542893749886545,0.472525
21,1.0,closed,available,41,-0.007506551454549414,-0.002677101829123608,0.472525
21,1.0,closed,available,42,0.002171008669751895,0.23521185526563199,0.472525
21,1.0,closed,available,43,0.006619675505885603,0.8493221391594333,0.472525
21,1.0,closed,available,44,0.016332091725858505,0.21959649155677818,0.472525
21,1.0,closed,available,45,-0.015433015050142551,0.3239044088418189,0.472525
21,1.0,closed,available,46,0.0019605340371300754,-0.0003289055632671379,0.472525
21,1.0,closed,available,47,0.0046750987170533845,0.0025352523996479298,0.472525
21,1.0,closed,available,48,0.001977676307083287,-0.2698538523614291,0.472525
21,1.0,closed,available,49,0.0036240273208530942,0.006318475783277313,0.472525
21,1.0,closed,available,50,-0.0051197768540443,0.607989619527427,0.472525
21,1.0,closed,available,51,0.012227929069740184,0.42504026642284376,0.472525
21,1.0,closed,available,52,-0.014076387536880555,-0.009660074045009596,0.472525
21,1.0,closed,available,53,0.011171179533401132,0.31984511859693726,0.472525
21,1.0,closed,available,54,0.0038252589874028242,0.07354015368354151,0.472525
21,1.0,closed,available,55,-0.00850147938577768,0.09471475948910135,0.472525
21,1.0,closed,available,56,1.7604241698544482e-05,0.003066048436324621,0.472525
21,1.0,closed,available,57,0.005359003140212981,0.5992161172112482,0.472525
21,1.0,closed,available,58,0.008007483491767664,0.34789081766831925,0.472525
21,1.0,closed,available,59,-0.002762673696926829,-0.09295215507367792,0.472525
21,1.0,closed,available,60,-0.0021634934624309987,0.20453228637736334,0.472525
21,1.0,closed,available,61,-0.010033127980049635,-0.0016094676426736485,0.472525
21,1.0,closed,available,62,0.007983495297212873,-0.4484819972446807,0.472525
21,1.0,closed,available,63,0.0018255861948045654,0.08466720246952014,0.472525
21,1.0,closed,available,64,-0.007563637946914725,-0.5498972436165427,0.472525
21,1.0,closed,available,65,0.000868685211660225,0.2534322081565852,0.472525
21,1.0,closed,mi_obs,0,0.005356730210614169,0.0063873112376050985,0.472525
21,1.0,closed,mi_obs,1,-0.005345921945300466,0.08029909770529621,0.472525
21,1.0,closed,mi_obs,2,-0.06399184094219523,-0.7435527399396369,0.472525
21,1.0,closed,mi_obs,3,0.042913515715937545,0.3667148460385034,0.472525
21,1.0,closed,mi_obs,4,0.015618701235778215,0.0017688706069086306,0.472525
21,1.0,closed,mi_obs,5,-0.03388087213009816,-0.4431251924969289,0.472525
21,1.0,closed,mi_obs,6,-0.01820491519237244,-0.5281945945430779,0.472525
21,1.0,closed,mi_obs,7,-0.015430726249598804,-0.007042053880848076,0.472525
21,1.0,closed,mi_obs,8,-0.021030403639318296,-0.6437199700918493,0.472525
21,1.0,closed,mi_obs,9,0.03128366916425723,0.4310665056857432,0.472525
21,1.0,closed,mi_obs,10,0.027273030688043487,0.32343270165538784,0.472525
21,1.0,closed,mi_obs,11,-0.032966276257583756,0.002726489845077379,0.472525
21,1.0,closed,mi_obs,12,0.018945615814340046,-0.010261002791840956,0.472525
21,1.0,closed,mi_obs,13,-0.005638301586973385,-0.006669747119692334,0.472525
21,1.0,closed,mi_obs,14,0.020400081461465266,-0.008526817889249323,0.472525
21,1.0,closed,mi_obs,15,-0.06515852295214697,-0.5970322483554675,0.472525
21,1.0,closed,mi_obs,16,0.0063757435184954095,-0.006356606138657112,0.472525
21,1.0,closed,mi_obs,17,0.016101203275718342,0.01721433154617547,0.472525
21,1.0,closed,mi_obs,18,-0.02108247975397295,-0.00983357874511339,0.472525
21,1.0,closed,mi_obs,19,0.004474196386210928,0.006406864190878383,0.472525
21,1.0,closed,mi_obs,20,0.004124038270406892,-0.008416159908815743,0.472525
21,1.0,closed,mi_obs,21,-0.009019564743347364,-0.4482425314194182,0.472525
21,1.0,closed,mi_obs,22,0.03385305904329289,0.11743792835793457,0.472525
21,1.0,closed,mi_obs,23,0.010896545717689634,0.004642623660603471,0.472525
21,1.0,closed,mi_obs,24,0.007056381252507175,-0.0015134063309404171,0.472525
21,1.0,closed,mi_obs,25,0.08110309171586111,0.24073870994642654,0.472525
21,1.0,closed,mi_obs,26,0.08382759731254913,0.0025791630261326635,0.472525
21,1.0,closed,mi_obs,27,0.006265771616088586,-0.07294392350365518,0.472525
21,1.0,closed,mi_obs,28,0.01762518437565061,0.13552176904380125,0.472525
21,1.0,closed,mi_obs,29,0.02562042593042499,0.1939290004369373,0.472525
21,1.0,closed,mi_obs,30,-0.05122475210030286,-0.48897947315993573,0.472525
21,1.0,closed,mi_obs,31,0.012404863178147622,-0.008367420251048438,0.472525
21,1.0,closed,mi_obs,32,0.013016698610636285,0.24840722896428943,0.472525
21,1.0,closed,mi_obs,33,0.017882958550341138,0.21268093635950458,0.472525
21,1.0,closed,mi_obs,34,-0.059104389954469295,0.0021278623495891934,0.472525
21,1.0,closed,mi_obs,35,0.02229779436020407,0.4348971152369622,0.472525
21,1.0,closed,mi_obs,36,-0.05895165279754733,-0.5771660822945496,0.472525
21,1.0,closed,mi_obs,37,-0.024368575289748506,-0.43531275671610387,0.472525
21,1.0,closed,mi_obs,38,0.015251694161769492,0.010722016529480844,0.472525
21,1.0,closed,mi_obs,39,-0.013753038152690251,0.07146398703232106,0.472525
21,1.0,closed,mi_obs,40,0.011294215979729516,0.29542893749886545,0.472525
21,1.0,closed,mi_obs,41,-0.01157309709322787,-0.002677101829123608,0.472525
21,1.0,closed,mi_obs,42,0.001818086242921485,0.23521185526563199,0.472525
21,1.0,closed,mi_obs,43,0.042023328106540414,0.8493221391594333,0.472525
21,1.0,closed,mi_obs,44,0.011244545747134876,0.21959649155677818,0.472525
21,1.0,closed,mi_obs,45,-0.03563776497013449,0.3239044088418189,0.472525
21,1.0,closed,mi_obs,46,-0.010675242751247151,-0.0003289055632671379,0.472525
21,1.0,closed,mi_obs,47,-0.2251525800105659,0.0025352523996479298,0.472525
21,1.0,closed,mi_obs,48,-0.0343817432772488,-0.2698538523614291,0.472525
21,1.0,closed,mi_obs,49,0.0001631137346520626,0.006318475783277313,0.472525
21,1.0,closed,mi_obs,50,0.08230710347848413,0.607989619527427,0.472525
21,1.0,closed,mi_obs,51,0.029185141822596072,0.42504026642284376,0.472525
21,1.0,closed,mi_obs,52,-0.06766996337254905,-0.009660074045009596,0.472525
21,1.0,closed,mi_obs,53,0.025443557488473934,0.31984511859693726,0.472525
21,1.0,closed,mi_obs,54,-0.01457882944071709,0.07354015368354151,0.472525
21,1.0,closed,mi_obs,55,-0.011366741601160912,0.09471475948910135,0.472525
21,1.0,closed,mi_obs,56,0.012054178912600856,0.003066048436324621,0.472525
21,1.0,closed,mi_obs,57,0.02734645245494316,0.5992161172112482,0.472525
21,1.0,closed,mi_obs,58,0.018941570763387372,0.34789081766831925,0.472525
21,1.0,closed,mi_obs,59,-0.022420686054227104,-0.09295215507367792,0.472525
21,1.0,closed,mi_obs,60,0.05304862286889625,0.20453228637736334,0.472525
21,1.0,closed,mi_obs,61,-0.013688472061454817,-0.0016094676426736485,0.472525
21,1.0,closed,mi_obs,62,-0.09871002836595638,-0.4484819972446807,0.472525
21,1.0,closed,mi_obs,63,-0.010664807262573905,0.08466720246952014,0.472525
21,1.0,closed,mi_obs,64,-0.03265487812911949,-0.5498972436165427,0.472525
21,1.0,closed,mi_obs,65,0.01138456403753324,0.2534322081565852,0.472525
21,1.0,closed,mi_class,0,0.008551441299957128,0.0063873112376050985,0.472525
21,1.0,closed,mi_class,1,0.008607296582376994,0.08029909770529621,0.472525
21,1.0,closed,mi_class,2,0.5470857758803742,-0.7435527399396369,0.472525
21,1.0,closed,mi_class,3,-0.08916539147441216,0.3667148460385034,0.472525
21,1.0,closed,mi_class,4,0.0038630887595573924,0.0017688706069086306,0.472525
21,1.0,closed,mi_class,5,0.07619020095131596,-0.4431251924969289,0.472525
21,1.0,closed,mi_class,6,0.39793282772519645,-0.5281945945430779,0.472525
21,1.0,closed,mi_class,7,-0.0071035773281031556,-0.007042053880848076,0.472525
21,1.0,closed,mi_class,8,0.06005926064943745,-0.6437199700918493,0.472525
21,1.0,closed,mi_class,9,-0.3337694989228226,0.4310665056857432,0.472525
21,1.0,closed,mi_class,10,9.349038474210092e-05,0.32343270165538784,0.472525
21,1.0,closed,mi_class,11,-0.008286579924424721,0.002726489845077379,0.472525
21,1.0,closed,mi_class,12,0.01673577024341042,-0.010261002791840956,0.472525
21,1.0,closed,mi_class,13,-0.0024737974063671325,-0.006669747119692334,0.472525
21,1.0,closed,mi_class,14,0.012557101090043304,-0.008526817889249323,0.472525
21,1.0,closed,mi_class,15,0.19337122078219343,-0.5970322483554675,0.472525
21,1.0,closed,mi_class,16,0.005667122981872031,-0.006356606138657112,0.472525
21,1.0,closed,mi_class,17,0.007808058764789721,0.01721433154617547,0.472525
21,1.0,closed,mi_class,18,0.006310490408596276,-0.00983357874511339,0.472525
21,1.0,closed,mi_class,19,-0.005144034947603354,0.006406864190878383,0.472525
21,1.0,closed,mi_class,20,-0.00838338931160198,-0.008416159908815743,0.472525
21,1.0,closed,mi_class,21,0.4197808201795764,-0.4482425314194182,0.472525
21,1.0,closed,mi_class,22,0.0024559137354630417,0.11743792835793457,0.472525
21,1.0,closed,mi_class,23,0.023925300405832507,0.004642623660603471,0.472525
21,1.0,closed,mi_class,24,0.019352577768843963,-0.0015134063309404171,0.472525
21,1.0,closed,mi_class,25,-0.0917022181952103,0.24073870994642654,0.472525
21,1.0,closed,mi_class,26,0.029450108868145464,0.0025791630261326635,0.472525
21,1.0,closed,mi_class,27,-0.0012747276675977859,-0.07294392350365518,0.472525
21,1.0,closed,mi_class,28,-0.006256305494121789,0.13552176904380125,0.472525
21,1.0,closed,mi_class,29,0.044451947206703535,0.1939290004369373,0.472525
21,1.0,closed,mi_class,30,0.3898474208389523,-0.48897947315993573,0.472525
21,1.0,closed,mi_class,31,0.008838216000331429,-0.008367420251048438,0.472525
21,1.0,closed,mi_class,32,-0.1968458570684125,0.24840722896428943,0.472525
21,1.0,closed,mi_class,33,0.7401726357987192,0.21268093635950458,0.472525
21,1.0,closed,mi_class,34,-0.001916789607495853,0.0021278623495891934,0.472525
21,1.0,closed,mi_class,35,-0.32338439419096604,0.4348971152369622,0.472525
21,1.0,closed,mi_class,36,1.4844305355287828,-0.5771660822945496,0.472525
21,1.0,closed,mi_class,37,0.32305104534368223,-0.43531275671610387,0.472525
21,1.0,closed,mi_class,38,0.011964516910583705,0.010722016529480844,0.472525
21,1.0,closed,mi_class,39,0.0038214585917685645,0.07146398703232106,0.472525
21,1.0,closed,mi_class,40,-0.23790077494812747,0.29542893749886545,0.472525
21,1.0,closed,mi_class,41,-0.006322393036180082,-0.002677101829123608,0.472525
21,1.0,closed,mi_class,42,-0.06809330576834927,0.23521185526563199,0.472525
21,1.0,closed,mi_class,43,-0.712928951154793,0.8493221391594333,0.472525
21,1.0,closed,mi_class,44,-0.05079984056440892,0.21959649155677818,0.472525
21,1.0,closed,mi_class,45,-0.007067656622917806,0.3239044088418189,0.472525
21,1.0,closed,mi_class,46,0.0012083099688696096,-0.0003289055632671379,0.472525
21,1.0,closed,mi_class,47,-0.026178354489325303,0.0025352523996479298,0.472525
21,1.0,closed,mi_class,48,0.06091023096410583,-0.2698538523614291,0.472525
21,1.0,closed,mi_class,49,-0.003723732032300598,0.006318475783277313,0.472525
21,1.0,closed,mi_class,50,-0.12720241396946314,0.607989619527427,0.472525
21,1.0,closed,mi_class,51,-0.33232291050275564,0.42504026642284376,0.472525
21,1.0,closed,mi_class,52,-0.014135788812291728,-0.009660074045009596,0.472525
21,1.0,closed,mi_class,53,-0.044777456897028334,0.31984511859693726,0.472525
21,1.0,closed,mi_class,54,-0.058385024668857324,0.07354015368354151,0.472525
21,1.0,closed,mi_class,55,-0.027840598451730814,0.09471475948910135,0.472525
21,1.0,closed,mi_class,56,-0.0006422763795592428,0.003066048436324621,0.472525
21,1.0,closed,mi_class,57,-0.45431161141957443,0.5992161172112482,0.472525
21,1.0,closed,mi_class,58,0.6123296915915362,0.34789081766831925,0.472525
21,1.0,closed,mi_class,59,0.07022551962965054,-0.09295215507367792,0.472525
21,1.0,closed,mi_class,60,-0.03713335153584432,0.20453228637736334,0.472525
21,1.0,closed,mi_class,61,-0.00025628573343246166,-0.0016094676426736485,0.472525
21,1.0,closed,mi_class,62,0.10858390493798137,-0.4484819972446807,0.472525
21,1.0,closed,mi_class,63,-0.06889202617345302,0.08466720246952014,0.472525
21,1.0,closed,mi_class,64,0.008806668676069163,-0.5498972436165427,0.472525
21,1.0,closed,mi_class,65,-0.1872893739405714,0.2534322081565852,0.472525
21,1.0,closed,mi_site,0,0.006376350114806702,0.0063873112376050985,0.472525
21,1.0,closed,mi_site,1,0.0012646354403894333,0.08029909770529621,0.472525
21,1.0,closed,mi_site,2,-0.051376386655445305,-0.7435527399396369,0.472525
21,1.0,closed,mi_site,3,0.042658412040984584,0.3667148460385034,0.472525
21,1.0,closed,mi_site,4,0.01508334724680599,0.0017688706069086306,0.472525
21,1.0,closed,mi_site,5,-0.0331382841312402,-0.4431251924969289,0.472525
21,1.0,closed,mi_site,6,-0.018377879726628965,-0.5281945945430779,0.472525
21,1.0,closed,mi_site,7,-0.013628751252862977,-0.007042053880848076,0.472525
21,1.0,closed,mi_site,8,-0.0163786724887367,-0.6437199700918493,0.472525
21,1.0,closed,mi_site,9,0.03150597225765023,0.4310665056857432,0.472525
21,1.0,closed,mi_site,10,0.02959610752756142,0.32343270165538784,0.472525
21,1.0,closed,mi_site,11,-0.034868691580119446,0.002726489845077379,0.472525
21,1.0,closed,mi_site,12,0.015743951254352608,-0.010261002791840956,0.472525
21,1.0,closed,mi_site,13,-8.40173589995363e-05,-0.006669747119692334,0.472525
21,1.0,closed,mi_site,14,0.010297835900787452,-0.008526817889249323,0.472525
21,1.0,closed,mi_site,15,-0.058237224420988665,-0.5970322483554675,0.472525
21,1.0,closed,mi_site,16,0.012425280385059592,-0.006356606138657112,0.472525
21,1.0,closed,mi_site,17,0.014104752129205544,0.01721433154617547,0.472525
21,1.0,closed,mi_site,18,-0.019280178119871566,-0.00983357874511339,0.472525
21,1.0,closed,mi_site,19,0.009768492467921861,0.006406864190878383,0.472525
21,1.0,closed,mi_site,20,0.0015125009172586006,-0.008416159908815743,0.472525
21,1.0,closed,mi_site,21,-0.0015364955995100238,-0.4482425314194182,0.472525
21,1.0,closed,mi_site,22,0.03576942768251545,0.11743792835793457,0.472525
21,1.0,closed,mi_site,23,0.011894365425479544,0.004642623660603471,0.472525
21,1.0,closed,mi_site,24,0.014096716391917133,-0.0015134063309404171,0.472525
21,1.0,closed,mi_site,25,0.07524173826081659,0.24073870994642654,0.472525
21,1.0,closed,mi_site,26,0.08170993005511101,0.0025791630261326635,0.472525
21,1.0,closed,mi_site,27,0.008728790688904475,-0.07294392350365518,0.472525
21,1.0,closed,mi_site,28,0.02043377199603555,0.13552176904380125,0.472525
21,1.0,closed,mi_site,29,0.01676795247844559,0.1939290004369373,0.472525
21,1.0,closed,mi_site,30,-0.04474294007571178,-0.48897947315993573,0.472525
21,1.0,closed,mi_site,31,-0.005932522308896692,-0.008367420251048438,0.472525
21,1.0,closed,mi_site,32,0.011924367609317948,0.24840722896428943,0.472525
21,1.0,closed,mi_site,33,0.028130287984194147,0.21268093635950458,0.472525
21,1.0,closed,mi_site,34,-0.049911602039763754,0.0021278623495891934,0.472525
21,1.0,closed,mi_site,35,0.03026708973070097,0.4348971152369622,0.472525
21,1.0,closed,mi_site,36,-0.03400631920185804,-0.5771660822945496,0.472525
21,1.0,closed,mi_site,37,-0.020340190197491337,-0.43531275671610387,0.472525
21,1.0,closed,mi_site,38,0.0037906027241631415,0.010722016529480844,0.472525
21,1.0,closed,mi_site,39,-0.014827740295018169,0.07146398703232106,0.472525
21,1.0,closed,mi_site,40,0.006449769121142701,0.29542893749886545,0.472525
21,1.0,closed,mi_site,41,-0.002214122861925846,-0.002677101829123608,0.472525
21,1.0,closed,mi_site,42,-0.0023799488533007562,0.23521185526563199,0.472525
21,1.0,closed,mi_site,43,0.04359677254420791,0.8493221391594333,0.472525
21,1.0,closed,mi_site,44,0.011026002310819544,0.21959649155677818,0.472525
21,1.0,closed,mi_site,45,-0.0377144268422801,0.3239044088418189,0.472525
21,1.0,closed,mi_site,46,-0.010918052729468762,-0.0003289055632671379,0.472525
21,1.0,closed,mi_site,47,-0.2024524818034227,0.0025352523996479298,0.472525
21,1.0,closed,mi_site,48,-0.04321339459515855,-0.2698538523614291,0.472525
21,1.0,closed,mi_site,49,-0.001913813596917534,0.006318475783277313,0.472525
21,1.0,closed,mi_site,50,0.07602840856862358,0.607989619527427,0.472525
21,1.0,closed,mi_site,51,0.026928240822973015,0.42504026642284376,0.472525
21,1.0,closed,mi_site,52,-0.055331412868416585,-0.009660074045009596,0.472525
21,1.0,closed,mi_site,53,0.025635689233398595,0.31984511859693726,0.472525
21,1.0,closed,mi_site,54,-0.016845497286927316,0.07354015368354151,0.472525
21,1.0,closed,mi_site,55,-0.020313742725906983,0.09471475948910135,0.472525
21,1.0,closed,mi_site,56,0.009633736420317158,0.003066048436324621,0.472525
21,1.0,closed,mi_site,57,0.019746040239167928,0.5992161172112482,0.472525
21,1.0,closed,mi_site,58,0.0107910900992374,0.34789081766831925,0.472525
21,1.0,closed,mi_site,59,-0.019717845192947503,-0.09295215507367792,0.472525
21,1.0,closed,mi_site,60,0.0500146217739629,0.20453228637736334,0.472525
21,1.0,closed,mi_site,61,-0.007920631168019956,-0.0016094676426736485,0.472525
21,1.0,closed,mi_site,62,-0.09309246564173695,-0.4484819972446807,0.472525
21,1.0,closed,mi_site,63,-0.012177941252971516,0.08466720246952014,0.472525
21,1.0,closed,mi_site,64,-0.029531885015014137,-0.5498972436165427,0.472525
21,1.0,closed,mi_site,65,0.012689854090221553,0.2534322081565852,0.472525
21,2.0,aligned,available,0,0.02752906208878317,0.033934440991742566,0.472525
21,2.0,aligned,available,1,0.02676324919363378,0.08191436524490628,0.472525
21,2.0,aligned,available,2,-0.00037625167994115305,-0.7494677696850642,0.472525
21,2.0,aligned,available,3,-0.015099442203510505,0.38397572061193186,0.472525
21,2.0,aligned,available,4,-0.0076254837951548245,0.0020320019138739477,0.472525
21,2.0,aligned,available,5,0.0035267398268113426,-0.4711686626614676,0.472525
21,2.0,aligned,available,6,0.011202475815422663,-0.5523567339585163,0.472525
21,2.0,aligned,available,7,-0.005583248750473124,-0.012621305535380205,0.472525
21,2.0,aligned,available,8,-0.00038810650196297036,-0.6672484761308095,0.472525
21,2.0,aligned,available,9,-0.003121870930367421,0.4495184370041129,0.472525
21,2.0,aligned,available,10,-0.0012258603230036469,0.3407532746009235,0.472525
21,2.0,aligned,available,11,-0.006815161463153808,0.004961952272196069,0.472525
21,2.0,aligned,available,12,-0.007658184731997881,-0.029892804639187743,0.472525
21,2.0,aligned,available,13,0.010582087808632623,0.0027835527678647834,0.472525
21,2.0,aligned,available,14,0.005920618836724428,-0.009570126129737767,0.472525
21,2.0,aligned,available,15,0.0005911486929268683,-0.6156437530137034,0.472525
21,2.0,aligned,available,16,0.0009885979088530006,-0.020872907317208027,0.472525
21,2.0,aligned,available,17,0.010398072809168747,0.005928431112417737,0.472525
21,2.0,aligned,available,18,-0.023293432545713408,-0.030410868437016368,0.472525
21,2.0,aligned,available,19,0.014311505908526468,0.01833754344499724,0.472525
21,2.0,aligned,available,20,0.0039037935392180643,0.004991404832556968,0.472525
21,2.0,aligned,available,21,-0.022758516564389042,-0.4572556404851173,0.472525
21,2.0,aligned,available,22,0.014009746998101064,0.13331430202643477,0.472525
21,2.0,aligned,available,23,-0.0009918426861660798,0.004185969795952055,0.472525
21,2.0,aligned,available,24,-0.0032593166164105124,-0.0003322647568238884,0.472525
21,2.0,aligned,available,25,-0.011548310781146404,0.24012648263193787,0.472525
21,2.0,aligned,available,26,-0.040499361776530615,0.009420718766668163,0.472525
21,2.0,aligned,available,27,-0.00739525575025668,-0.07079683998734222,0.472525
21,2.0,aligned,available,28,0.002645099458396416,0.15341532068118147,0.472525
21,2.0,aligned,available,29,0.011137531449111587,0.20151682815132474,0.472525
21,2.0,aligned,available,30,0.011020652395367592,-0.5081454780391157,0.472525
21,2.0,aligned,available,31,0.008910812183702552,-0.0077591575752302576,0.472525
21,2.0,aligned,available,32,-0.013551019625481164,0.272236910896127,0.472525
21,2.0,aligned,available,33,-0.0167236462687132,0.2330653070903182,0.472525
21,2.0,aligned,available,34,0.05383610122788534,-0.001979970472905232,0.472525
21,2.0,aligned,available,35,0.008008844275274152,0.4552364532627367,0.472525
21,2.0,aligned,available,36,0.02470249779980782,-0.5967720452286627,0.472525
21,2.0,aligned,available,37,0.004576496278736575,-0.4488867693407378,0.472525
21,2.0,aligned,available,38,-0.000139994218490945,0.01049529404729784,0.472525
21,2.0,aligned,available,39,0.001143885299577034,0.04557955755607473,0.472525
21,2.0,aligned,available,40,0.011835009427425769,0.26705269930254716,0.472525
21,2.0,aligned,available,41,-0.008704530308168111,-0.0022744188634073134,0.472525
21,2.0,aligned,available,42,0.005365621641391122,0.19700517031648934,0.472525
21,2.0,aligned,available,43,-0.0037259251081966926,0.8534322118261424,0.472525
21,2.0,aligned,available,44,-0.004709190719260015,0.2354219516160842,0.472525
21,2.0,aligned,available,45,-0.002049685451776584,0.31213796857560333,0.472525
21,2.0,aligned,available,46,0.0013328014583368721,-0.0007208890280573887,0.472525
21,2.0,aligned,available,47,0.009700508063766045,0.005087635037432485,0.472525
21,2.0,aligned,available,48,0.03632775100495583,-0.26145794810734974,0.472525
21,2.0,aligned,available,49,-0.0069854509279588485,0.006102001020135855,0.472525
21,2.0,aligned,available,50,-0.010215286825162151,0.5949384560937522,0.472525
21,2.0,aligned,available,51,-0.007258738687954902,0.4420471265237756,0.472525
21,2.0,aligned,available,52,-0.0016640150549509566,0.002374381341507118,0.472525
21,2.0,aligned,available,53,0.012563504335416531,0.3491765698487213,0.472525
21,2.0,aligned,available,54,0.0027437305118060626,0.04221500552993717,0.472525
21,2.0,aligned,available,55,-0.0028829579951397052,0.06384259800921138,0.472525
21,2.0,aligned,available,56,0.004878641185843715,0.008281156225257165,0.472525
21,2.0,aligned,available,57,0.00013201545742225207,0.6158697488549664,0.472525
21,2.0,aligned,available,58,0.013349309952892574,0.3127472258804959,0.472525
21,2.0,aligned,available,59,-0.0021299565829212413,-0.10814928972151622,0.472525
21,2.0,aligned,available,60,-0.02883510028503064,0.21183747238598596,0.472525
21,2.0,aligned,available,61,-0.006722066782030382,-9.375703169455044e-05,0.472525
21,2.0,aligned,available,62,-0.013995865745380143,-0.4591693551768567,0.472525
21,2.0,aligned,available,63,0.0018896191972988668,0.04765290235846268,0.472525
21,2.0,aligned,available,64,0.018368984679136613,-0.5587307437804091,0.472525
21,2.0,aligned,available,65,-0.0030327110483757136,0.2704071738125228,0.472525
21,2.0,aligned,mi_obs,0,0.01423741719342158,0.033934440991742566,0.472525
21,2.0,aligned,mi_obs,1,0.017963820191947685,0.08191436524490628,0.472525
21,2.0,aligned,mi_obs,2,-0.056706461284267484,-0.7494677696850642,0.472525
21,2.0,aligned,mi_obs,3,0.03634893672236694,0.38397572061193186,0.472525
21,2.0,aligned,mi_obs,4,-0.005621411564365836,0.0020320019138739477,0.472525
21,2.0,aligned,mi_obs,5,-0.039205481536772724,-0.4711686626614676,0.472525
21,2.0,aligned,mi_obs,6,-0.014602785483565972,-0.5523567339585163,0.472525
21,2.0,aligned,mi_obs,7,-0.015768793256704862,-0.012621305535380205,0.472525
21,2.0,aligned,mi_obs,8,-0.020634204175283832,-0.6672484761308095,0.472525
21,2.0,aligned,mi_obs,9,0.028407875534893767,0.4495184370041129,0.472525
21,2.0,aligned,mi_obs,10,0.021886425128889442,0.3407532746009235,0.472525
21,2.0,aligned,mi_obs,11,0.012582090347179737,0.004961952272196069,0.472525
21,2.0,aligned,mi_obs,12,0.005397180372819735,-0.029892804639187743,0.472525
21,2.0,aligned,mi_obs,13,0.007586944083549192,0.0027835527678647834,0.472525
21,2.0,aligned,mi_obs,14,0.005746999165940255,-0.009570126129737767,0.472525
21,2.0,aligned,mi_obs,15,-0.07053203011355358,-0.6156437530137034,0.472525
21,2.0,aligned,mi_obs,16,-0.010139600796207498,-0.020872907317208027,0.472525
21,2.0,aligned,mi_obs,17,0.028906465781698382,0.005928431112417737,0.472525
21,2.0,aligned,mi_obs,18,-0.029560888380660268,-0.030410868437016368,0.472525
21,2.0,aligned,mi_obs,19,0.007710600692597793,0.01833754344499724,0.472525
21,2.0,aligned,mi_obs,20,0.004501090393375114,0.004991404832556968,0.472525
21,2.0,aligned,mi_obs,21,-0.0011452985305085983,-0.4572556404851173,0.472525
21,2.0,aligned,mi_obs,22,0.02650624747308644,0.13331430202643477,0.472525
21,2.0,aligned,mi_obs,23,-0.041473256336363104,0.004185969795952055,0.472525
21,2.0,aligned,mi_obs,24,-0.018911938265816674,-0.0003322647568238884,0.472525
21,2.0,aligned,mi_obs,25,0.07060341926268265,0.24012648263193787,0.472525
21,2.0,aligned,mi_obs,26,-0.026029015827755138,0.009420718766668163,0.472525
21,2.0,aligned,mi_obs,27,0.03463683842618117,-0.07079683998734222,0.472525
21,2.0,aligned,mi_obs,28,0.02602172399839242,0.15341532068118147,0.472525
21,2.0,aligned,mi_obs,29,0.02238834843613713,0.20151682815132474,0.472525
21,2.0,aligned,mi_obs,30,-0.05194194022134824,-0.5081454780391157,0.472525
21,2.0,aligned,mi_obs,31,0.027501715184811974,-0.0077591575752302576,0.472525
21,2.0,aligned,mi_obs,32,0.04934780368145153,0.272236910896127,0.472525
21,2.0,aligned,mi_obs,33,0.03202694324663585,0.2330653070903182,0.472525
21,2.0,aligned,mi_obs,34,-0.010056902924314118,-0.001979970472905232,0.472525
21,2.0,aligned,mi_obs,35,0.059725850803217184,0.4552364532627367,0.472525
21,2.0,aligned,mi_obs,36,-0.046429769044993074,-0.5967720452286627,0.472525
21,2.0,aligned,mi_obs,37,-0.04372010383733321,-0.4488867693407378,0.472525
21,2.0,aligned,mi_obs,38,-0.018893629869671892,0.01049529404729784,0.472525
21,2.0,aligned,mi_obs,39,-0.03421760356508129,0.04557955755607473,0.472525
21,2.0,aligned,mi_obs,40,-0.0036321238463524197,0.26705269930254716,0.472525
21,2.0,aligned,mi_obs,41,-0.0056019677848375,-0.0022744188634073134,0.472525
21,2.0,aligned,mi_obs,42,0.010985010081522556,0.19700517031648934,0.472525
21,2.0,aligned,mi_obs,43,0.04349306459369351,0.8534322118261424,0.472525
21,2.0,aligned,mi_obs,44,0.00533577690478218,0.2354219516160842,0.472525
21,2.0,aligned,mi_obs,45,-0.021198110490655064,0.31213796857560333,0.472525
21,2.0,aligned,mi_obs,46,0.0009557474079266591,-0.0007208890280573887,0.472525
21,2.0,aligned,mi_obs,47,-0.21919697934207213,0.005087635037432485,0.472525
21,2.0,aligned,mi_obs,48,-0.03802561825692419,-0.26145794810734974,0.472525
21,2.0,aligned,mi_obs,49,-0.01572613871949107,0.006102001020135855,0.472525
21,2.0,aligned,mi_obs,50,0.07269967800775357,0.5949384560937522,0.472525
21,2.0,aligned,mi_obs,51,0.03748928073425911,0.4420471265237756,0.472525
21,2.0,aligned,mi_obs,52,-0.06655203196487819,0.002374381341507118,0.472525
21,2.0,aligned,mi_obs,53,0.03225443662121491,0.3491765698487213,0.472525
21,2.0,aligned,mi_obs,54,-0.028337827440839486,0.04221500552993717,0.472525
21,2.0,aligned,mi_obs,55,-0.01825432133362459,0.06384259800921138,0.472525
21,2.0,aligned,mi_obs,56,-0.010719117555599674,0.008281156225257165,0.472525
21,2.0,aligned,mi_obs,57,0.02116284255978529,0.6158697488549664,0.472525
21,2.0,aligned,mi_obs,58,0.008941046135148067,0.3127472258804959,0.472525
21,2.0,aligned,mi_obs,59,-0.015406490562989164,-0.10814928972151622,0.472525
21,2.0,aligned,mi_obs,60,0.08020522102718738,0.21183747238598596,0.472525
21,2.0,aligned,mi_obs,61,-0.02593605946100726,-9.375703169455044e-05,0.472525
21,2.0,aligned,mi_obs,62,-0.11352836896354218,-0.4591693551768567,0.472525
21,2.0,aligned,mi_obs,63,-0.009320393468065118,0.04765290235846268,0.472525
21,2.0,aligned,mi_obs,64,-0.020552111056209466,-0.5587307437804091,0.472525
21,2.0,aligned,mi_obs,65,0.010932432529404346,0.2704071738125228,0.472525
21,2.0,aligned,mi_class,0,0.015865484853800536,0.033934440991742566,0.472525
21,2.0,aligned,mi_class,1,0.044206702306169604,0.08191436524490628,0.472525
21,2.0,aligned,mi_class,2,-0.001398623192359949,-0.7494677696850642,0.472525
21,2.0,aligned,mi_class,3,-0.1676681938027057,0.38397572061193186,0.472525
21,2.0,aligned,mi_class,4,-0.0034775035371929575,0.0020320019138739477,0.472525
21,2.0,aligned,mi_class,5,0.10241144787924189,-0.4711686626614676,0.472525
21,2.0,aligned,mi_class,6,0.14227714609910525,-0.5523567339585163,0.472525
21,2.0,aligned,mi_class,7,-0.008888355322025518,-0.012621305535380205,0.472525
21,2.0,aligned,mi_class,8,0.080415332922675,-0.6672484761308095,0.472525
21,2.0,aligned,mi_class,9,-0.1801461957901176,0.4495184370041129,0.472525
21,2.0,aligned,mi_class,10,-0.003094286927439349,0.3407532746009235,0.472525
21,2.0,aligned,mi_class,11,-0.0004448881635631778,0.004961952272196069,0.472525
21,2.0,aligned,mi_class,12,-0.011440781770223545,-0.029892804639187743,0.472525
21,2.0,aligned,mi_class,13,-0.005253088002202445,0.0027835527678647834,0.472525
21,2.0,aligned,mi_class,14,-0.00029953188347704544,-0.009570126129737767,0.472525
21,2.0,aligned,mi_class,15,0.20334675152910475,-0.6156437530137034,0.472525
21,2.0,aligned,mi_class,16,0.042605558911643304,-0.020872907317208027,0.472525
21,2.0,aligned,mi_class,17,0.0015774536205913998,0.005928431112417737,0.472525
21,2.0,aligned,mi_class,18,-0.0008059910203634252,-0.030410868437016368,0.472525
21,2.0,aligned,mi_class,19,0.0035019342177558532,0.01833754344499724,0.472525
21,2.0,aligned,mi_class,20,0.0013494731645777016,0.004991404832556968,0.472525
21,2.0,aligned,mi_class,21,-0.03592447912865715,-0.4572556404851173,0.472525
21,2.0,aligned,mi_class,22,-0.03972840645025638,0.13331430202643477,0.472525
21,2.0,aligned,mi_class,23,-0.0008084409372560303,0.004185969795952055,0.472525
21,2.0,aligned,mi_class,24,-0.003426983194427824,-0.0003322647568238884,0.472525
21,2.0,aligned,mi_class,25,0.008408404639116684,0.24012648263193787,0.472525
21,2.0,aligned,mi_class,26,-0.030300088573051484,0.009420718766668163,0.472525
21,2.0,aligned,mi_class,27,0.001828835119915398,-0.07079683998734222,0.472525
21,2.0,aligned,mi_class,28,0.029320194560062907,0.15341532068118147,0.472525
21,2.0,aligned,mi_class,29,0.024158445842115683,0.20151682815132474,0.472525
21,2.0,aligned,mi_class,30,0.18024360828030217,-0.5081454780391157,0.472525
21,2.0,aligned,mi_class,31,0.00042264981219618854,-0.0077591575752302576,0.472525
21,2.0,aligned,mi_class,32,-0.05033355054202421,0.272236910896127,0.472525
21,2.0,aligned,mi_class,33,-0.15313515141859568,0.2330653070903182,0.472525
21,2.0,aligned,mi_class,34,0.02465709643332432,-0.001979970472905232,0.472525
21,2.0,aligned,mi_class,35,0.0077075230881959444,0.4552364532627367,0.472525
21,2.0,aligned,mi_class,36,0.08179777702286273,-0.5967720452286627,0.472525
21,2.0,aligned,mi_class,37,-0.03505105018131344,-0.4488867693407378,0.472525
21,2.0,aligned,mi_class,38,-0.005939392188608046,0.01049529404729784,0.472525
21,2.0,aligned,mi_class,39,-0.01986303933560412,0.04557955755607473,0.472525
21,2.0,aligned,mi_class,40,-0.040770507410135215,0.26705269930254716,0.472525
21,2.0,aligned,mi_class,41,-0.007525415633825486,-0.0022744188634073134,0.472525
21,2.0,aligned,mi_class,42,-0.05041168223381187,0.19700517031648934,0.472525
21,2.0,aligned,mi_class,43,-0.5351621917657209,0.8534322118261424,0.472525
21,2.0,aligned,mi_class,44,-0.10284957590684365,0.2354219516160842,0.472525
21,2.0,aligned,mi_class,45,0.0024277049241570037,0.31213796857560333,0.472525
21,2.0,aligned,mi_class,46,-0.004841370331265103,-0.0007208890280573887,0.472525
21,2.0,aligned,mi_class,47,-0.027025211312951943,0.005087635037432485,0.472525
21,2.0,aligned,mi_class,48,0.058414565150892356,-0.26145794810734974,0.472525
21,2.0,aligned,mi_class,49,-0.012996223706345265,0.006102001020135855,0.472525
21,2.0,aligned,mi_class,50,-0.13066578539762141,0.5949384560937522,0.472525
21,2.0,aligned,mi_class,51,-0.14023102251478153,0.4420471265237756,0.472525
21,2.0,aligned,mi_class,52,0.005099012947943844,0.002374381341507118,0.472525
21,2.0,aligned,mi_class,53,-0.06742645996890673,0.3491765698487213,0.472525
21,2.0,aligned,mi_class,54,-0.020734125818103806,0.04221500552993717,0.472525
21,2.0,aligned,mi_class,55,-0.015525567060772023,0.06384259800921138,0.472525
21,2.0,aligned,mi_class,56,0.0037920102946137,0.008281156225257165,0.472525
21,2.0,aligned,mi_class,57,-0.17016734725630472,0.6158697488549664,0.472525
21,2.0,aligned,mi_class,58,0.1516342097605342,0.3127472258804959,0.472525
21,2.0,aligned,mi_class,59,0.12296300522809162,-0.10814928972151622,0.472525
21,2.0,aligned,mi_class,60,-0.05475501926692525,0.21183747238598596,0.472525
21,2.0,aligned,mi_class,61,-0.004954024591078308,-9.375703169455044e-05,0.472525
21,2.0,aligned,mi_class,62,0.11801973099025914,-0.4591693551768567,0.472525
21,2.0,aligned,mi_class,63,-0.028235425310874602,0.04765290235846268,0.472525
21,2.0,aligned,mi_class,64,0.03482461323636521,-0.5587307437804091,0.472525
21,2.0,aligned,mi_class,65,-0.09248160508483547,0.2704071738125228,0.472525
21,2.0,aligned,mi_site,0,0.019017401058874304,0.033934440991742566,0.472525
21,2.0,aligned,mi_site,1,0.0022360024756068325,0.08191436524490628,0.472525
21,2.0,aligned,mi_site,2,0.13762032553073467,-0.7494677696850642,0.472525
21,2.0,aligned,mi_site,3,-0.019845497566058135,0.38397572061193186,0.472525
21,2.0,aligned,mi_site,4,0.009900459213308148,0.0020320019138739477,0.472525
21,2.0,aligned,mi_site,5,-0.002252380531107656,-0.4711686626614676,0.472525
21,2.0,aligned,mi_site,6,0.020271818281792586,-0.5523567339585163,0.472525
21,2.0,aligned,mi_site,7,0.0019828052449111736,-0.012621305535380205,0.472525
21,2.0,aligned,mi_site,8,0.08623741206059465,-0.6672484761308095,0.472525
21,2.0,aligned,mi_site,9,-0.216251044868512,0.4495184370041129,0.472525
21,2.0,aligned,mi_site,10,-0.03925621495302928,0.3407532746009235,0.472525
21,2.0,aligned,mi_site,11,0.004985808770262942,0.004961952272196069,0.472525
21,2.0,aligned,mi_site,12,-0.0015259182195572311,-0.029892804639187743,0.472525
21,2.0,aligned,mi_site,13,0.014164080145000573,0.0027835527678647834,0.472525
21,2.0,aligned,mi_site,14,0.012280875874828656,-0.009570126129737767,0.472525
21,2.0,aligned,mi_site,15,-0.022765949071402503,-0.6156437530137034,0.472525
21,2.0,aligned,mi_site,16,0.000568106108420726,-0.020872907317208027,0.472525
21,2.0,aligned,mi_site,17,0.01699888124432502,0.005928431112417737,0.472525
21,2.0,aligned,mi_site,18,-0.017583251742636745,-0.030410868437016368,0.472525
21,2.0,aligned,mi_site,19,-0.00540352808033929,0.01833754344499724,0.472525
21,2.0,aligned,mi_site,20,-0.018109614168820502,0.004991404832556968,0.472525
21,2.0,aligned,mi_site,21,0.027187811758907776,-0.4572556404851173,0.472525
21,2.0,aligned,mi_site,22,0.01434306885508993,0.13331430202643477,0.472525
21,2.0,aligned,mi_site,23,-0.013878515611973185,0.004185969795952055,0.472525
21,2.0,aligned,mi_site,24,-0.012010555887483888,-0.0003322647568238884,0.472525
21,2.0,aligned,mi_site,25,0.04702909096554764,0.24012648263193787,0.472525
21,2.0,aligned,mi_site,26,-0.006274403709416227,0.009420718766668163,0.472525
21,2.0,aligned,mi_site,27,0.030874957671490476,-0.07079683998734222,0.472525
21,2.0,aligned,mi_site,28,-0.05053133715764173,0.15341532068118147,0.472525
21,2.0,aligned,mi_site,29,0.0050651077138745,0.20151682815132474,0.472525
21,2.0,aligned,mi_site,30,0.013065638849224459,-0.5081454780391157,0.472525
21,2.0,aligned,mi_site,31,0.004208649446435776,-0.0077591575752302576,0.472525
21,2.0,aligned,mi_site,32,-0.0018015277951334285,0.272236910896127,0.472525
21,2.0,aligned,mi_site,33,-0.014425561085493949,0.2330653070903182,0.472525
21,2.0,aligned,mi_site,34,0.00858967832384549,-0.001979970472905232,0.472525
21,2.0,aligned,mi_site,35,-0.06601026929243264,0.4552364532627367,0.472525
21,2.0,aligned,mi_site,36,0.2934431686938976,-0.5967720452286627,0.472525
21,2.0,aligned,mi_site,37,0.0675296383539602,-0.4488867693407378,0.472525
21,2.0,aligned,mi_site,38,-0.002843616139743669,0.01049529404729784,0.472525
21,2.0,aligned,mi_site,39,-0.014342559872391924,0.04557955755607473,0.472525
21,2.0,aligned,mi_site,40,0.009276318961359886,0.26705269930254716,0.472525
21,2.0,aligned,mi_site,41,0.0010816940973630556,-0.0022744188634073134,0.472525
21,2.0,aligned,mi_site,42,-0.023765032871837066,0.19700517031648934,0.472525
21,2.0,aligned,mi_site,43,-0.39661402295673864,0.8534322118261424,0.472525
21,2.0,aligned,mi_site,44,-0.012655378300728104,0.2354219516160842,0.472525
21,2.0,aligned,mi_site,45,-0.03274192014925309,0.31213796857560333,0.472525
21,2.0,aligned,mi_site,46,-0.004039323252571817,-0.0007208890280573887,0.472525
21,2.0,aligned,mi_site,47,-0.16161356229522086,0.005087635037432485,0.472525
21,2.0,aligned,mi_site,48,-0.013615766833068421,-0.26145794810734974,0.472525
21,2.0,aligned,mi_site,49,0.00295995004538891,0.006102001020135855,0.472525
21,2.0,aligned,mi_site,50,-0.027599905402469815,0.5949384560937522,0.472525
21,2.0,aligned,mi_site,51,0.03642637257494413,0.4420471265237756,0.472525
21,2.0,aligned,mi_site,52,-0.04806175079094107,0.002374381341507118,0.472525
21,2.0,aligned,mi_site,53,0.009732283033404732,0.3491765698487213,0.472525
21,2.0,aligned,mi_site,54,-0.032421609514922456,0.04221500552993717,0.472525
21,2.0,aligned,mi_site,55,-0.011592955325030088,0.06384259800921138,0.472525
21,2.0,aligned,mi_site,56,0.0022292347083381243,0.008281156225257165,0.472525
21,2.0,aligned,mi_site,57,-0.02341268117567552,0.6158697488549664,0.472525
21,2.0,aligned,mi_site,58,-0.14837360572618646,0.3127472258804959,0.472525
21,2.0,aligned,mi_site,59,0.008462839252290022,-0.10814928972151622,0.472525
21,2.0,aligned,mi_site,60,0.04099057384098051,0.21183747238598596,0.472525
21,2.0,aligned,mi_site,61,0.021120919502253987,-9.375703169455044e-05,0.472525
21,2.0,aligned,mi_site,62,-0.011797861996279635,-0.4591693551768567,0.472525
21,2.0,aligned,mi_site,63,0.3306640469149532,0.04765290235846268,0.472525
21,2.0,aligned,mi_site,64,0.10301601252484704,-0.5587307437804091,0.472525
21,2.0,aligned,mi_site,65,-0.12861148812533624,0.2704071738125228,0.472525
21,2.0,closed,available,0,0.008092746895372434,0.033934440991742566,0.472525
21,2.0,closed,available,1,-0.004941372764531826,0.08191436524490628,0.472525
21,2.0,closed,available,2,0.007803096758378758,-0.7494677696850642,0.472525
21,2.0,closed,available,3,-0.0023059455433419584,0.38397572061193186,0.472525
21,2.0,closed,available,4,0.007449685296744769,0.0020320019138739477,0.472525
21,2.0,closed,available,5,-0.001147151531873336,-0.4711686626614676,0.472525
21,2.0,closed,available,6,-0.0025340115448826417,-0.5523567339585163,0.472525
21,2.0,closed,available,7,0.013306552626326426,-0.012621305535380205,0.472525
21,2.0,closed,available,8,-0.0064108332481187524,-0.6672484761308095,0.472525
21,2.0,closed,available,9,0.006315460248027149,0.4495184370041129,0.472525
21,2.0,closed,available,10,6.48433526400094e-05,0.3407532746009235,0.472525
21,2.0,closed,available,11,-0.017398217796721672,0.004961952272196069,0.472525
21,2.0,closed,available,12,0.009891782035137554,-0.029892804639187743,0.472525
21,2.0,closed,available,13,0.02010621331831842,0.0027835527678647834,0.472525
21,2.0,closed,available,14,0.008347936847339997,-0.009570126129737767,0.472525
21,2.0,closed,available,15,0.006883005546005183,-0.6156437530137034,0.472525
21,2.0,closed,available,16,0.0013168629564849592,-0.020872907317208027,0.472525
21,2.0,closed,available,17,0.004723957085831403,0.005928431112417737,0.472525
21,2.0,closed,available,18,-0.012641073187602991,-0.030410868437016368,0.472525
21,2.0,closed,available,19,0.0075872986033688194,0.01833754344499724,0.472525
21,2.0,closed,available,20,0.004123594665125563,0.004991404832556968,0.472525
21,2.0,closed,available,21,0.003848093370641903,-0.4572556404851173,0.472525
21,2.0,closed,available,22,0.012972139887031664,0.13331430202643477,0.472525
21,2.0,closed,available,23,-0.006529635358832209,0.004185969795952055,0.472525
21,2.0,closed,available,24,0.013567927838883784,-0.0003322647568238884,0.472525
21,2.0,closed,available,25,0.005757345938345565,0.24012648263193787,0.472525
21,2.0,closed,available,26,-0.007115632710124351,0.009420718766668163,0.472525
21,2.0,closed,available,27,-0.0038322648182889246,-0.07079683998734222,0.472525
21,2.0,closed,available,28,-0.01412509095268738,0.15341532068118147,0.472525
21,2.0,closed,available,29,-0.012935994463011802,0.20151682815132474,0.472525
21,2.0,closed,available,30,0.0028560560449119032,-0.5081454780391157,0.472525
21,2.0,closed,available,31,0.0017540107089256624,-0.0077591575752302576,0.472525
21,2.0,closed,available,32,-0.011588224755430032,0.272236910896127,0.472525
21,2.0,closed,available,33,-0.005200520747315668,0.2330653070903182,0.472525
21,2.0,closed,available,34,-0.0018378029329556007,-0.001979970472905232,0.472525
21,2.0,closed,available,35,0.028824462778915205,0.4552364532627367,0.472525
21,2.0,closed,available,36,0.004316515398888221,-0.5967720452286627,0.472525
21,2.0,closed,available,37,-0.024279017762754596,-0.4488867693407378,0.472525
21,2.0,closed,available,38,0.011643768912227992,0.01049529404729784,0.472525
21,2.0,closed,available,39,-0.010504159955108006,0.04557955755607473,0.472525
21,2.0,closed,available,40,-8.159510542449233e-05,0.26705269930254716,0.472525
21,2.0,closed,available,41,-0.003266340911170376,-0.0022744188634073134,0.472525
21,2.0,closed,available,42,0.0052273911105075455,0.19700517031648934,0.472525
21,2.0,closed,available,43,0.004926327226707938,0.8534322118261424,0.472525
21,2.0,closed,available,44,0.00798920607470932,0.2354219516160842,0.472525
21,2.0,closed,available,45,0.0019738722692497768,0.31213796857560333,0.472525
21,2.0,closed,available,46,0.003899754778320282,-0.0007208890280573887,0.472525
21,2.0,closed,available,47,-0.002569704624937703,0.005087635037432485,0.472525
21,2.0,closed,available,48,0.0053599737134988334,-0.26145794810734974,0.472525
21,2.0,closed,available,49,0.007498433576870516,0.006102001020135855,0.472525
21,2.0,closed,available,50,0.0047785028826352605,0.5949384560937522,0.472525
21,2.0,closed,available,51,0.0009304696654580669,0.4420471265237756,0.472525
21,2.0,closed,available,52,-0.006629309507967797,0.002374381341507118,0.472525
21,2.0,closed,available,53,-0.0074533201563147244,0.3491765698487213,0.472525
21,2.0,closed,available,54,-0.0043256581117919884,0.04221500552993717,0.472525
21,2.0,closed,available,55,-0.0006372716400936534,0.06384259800921138,0.472525
21,2.0,closed,available,56,-0.013928728868529004,0.008281156225257165,0.472525
21,2.0,closed,available,57,-0.00819241789737013,0.6158697488549664,0.472525
21,2.0,closed,available,58,0.003914239069339132,0.3127472258804959,0.472525
21,2.0,closed,available,59,0.013466240323379758,-0.10814928972151622,0.472525
21,2.0,closed,available,60,0.0022201904307954934,0.21183747238598596,0.472525
21,2.0,closed,available,61,-0.008820727253005606,-9.375703169455044e-05,0.472525
21,2.0,closed,available,62,0.0020240368052990565,-0.4591693551768567,0.472525
21,2.0,closed,available,63,0.00964746605742086,0.04765290235846268,0.472525
21,2.0,closed,available,64,0.006299109044690332,-0.5587307437804091,0.472525
21,2.0,closed,available,65,-0.0020072817907468843,0.2704071738125228,0.472525
21,2.0,closed,mi_obs,0,-0.0010480041975376164,0.033934440991742566,0.472525
21,2.0,closed,mi_obs,1,-0.0306849198206139,0.08191436524490628,0.472525
21,2.0,closed,mi_obs,2,-0.05061759998015125,-0.7494677696850642,0.472525
21,2.0,closed,mi_obs,3,0.04347696770744419,0.38397572061193186,0.472525
21,2.0,closed,mi_obs,4,0.00020300200123921997,0.0020320019138739477,0.472525
21,2.0,closed,mi_obs,5,-0.029035629515243522,-0.4711686626614676,0.472525
21,2.0,closed,mi_obs,6,-0.025295769656776823,-0.5523567339585163,0.472525
21,2.0,closed,mi_obs,7,-0.010438265435373559,-0.012621305535380205,0.472525
21,2.0,closed,mi_obs,8,-0.01585482539271854,-0.6672484761308095,0.472525
21,2.0,closed,mi_obs,9,0.03538499864867861,0.4495184370041129,0.472525
21,2.0,closed,mi_obs,10,0.017106833601970683,0.3407532746009235,0.472525
21,2.0,closed,mi_obs,11,-0.04622338747152699,0.004961952272196069,0.472525
21,2.0,closed,mi_obs,12,-0.013073989267069642,-0.029892804639187743,0.472525
21,2.0,closed,mi_obs,13,0.010641357856365852,0.0027835527678647834,0.472525
21,2.0,closed,mi_obs,14,0.013008393602638285,-0.009570126129737767,0.472525
21,2.0,closed,mi_obs,15,-0.05914806444520759,-0.6156437530137034,0.472525
21,2.0,closed,mi_obs,16,0.012990063822574543,-0.020872907317208027,0.472525
21,2.0,closed,mi_obs,17,-0.005495365515088466,0.005928431112417737,0.472525
21,2.0,closed,mi_obs,18,-0.002411676445044142,-0.030410868437016368,0.472525
21,2.0,closed,mi_obs,19,0.009242970887179541,0.01833754344499724,0.472525
21,2.0,closed,mi_obs,20,0.001846108592837411,0.004991404832556968,0.472525
21,2.0,closed,mi_obs,21,-0.005825191215100001,-0.4572556404851173,0.472525
21,2.0,closed,mi_obs,22,0.022242989992856954,0.13331430202643477,0.472525
21,2.0,closed,mi_obs,23,-0.020504939484543423,0.004185969795952055,0.472525
21,2.0,closed,mi_obs,24,0.008367232572715362,-0.0003322647568238884,0.472525
21,2.0,closed,mi_obs,25,0.09522671742920702,0.24012648263193787,0.472525
21,2.0,closed,mi_obs,26,0.027677546412389974,0.009420718766668163,0.472525
21,2.0,closed,mi_obs,27,0.012235767104359266,-0.07079683998734222,0.472525
21,2.0,closed,mi_obs,28,0.00034049076995870675,0.15341532068118147,0.472525
21,2.0,closed,mi_obs,29,0.019747137271823645,0.20151682815132474,0.472525
21,2.0,closed,mi_obs,30,-0.03132829652842517,-0.5081454780391157,0.472525
21,2.0,closed,mi_obs,31,-0.0021840831288959675,-0.0077591575752302576,0.472525
21,2.0,closed,mi_obs,32,0.030873316556162933,0.272236910896127,0.472525
21,2.0,closed,mi_obs,33,-0.0011378492477460977,0.2330653070903182,0.472525
21,2.0,closed,mi_obs,34,-0.0346117336081141,-0.001979970472905232,0.472525
21,2.0,closed,mi_obs,35,0.026959464248517584,0.4552364532627367,0.472525
21,2.0,closed,mi_obs,36,-0.04764499225874408,-0.5967720452286627,0.472525
21,2.0,closed,mi_obs,37,-0.0419757877899295,-0.4488867693407378,0.472525
21,2.0,closed,mi_obs,38,0.006873618677470923,0.01049529404729784,0.472525
21,2.0,closed,mi_obs,39,-0.028022035311046616,0.04557955755607473,0.472525
21,2.0,closed,mi_obs,40,0.008125080948851615,0.26705269930254716,0.472525
21,2.0,closed,mi_obs,41,-0.02406957067911769,-0.0022744188634073134,0.472525
21,2.0,closed,mi_obs,42,-0.0022170675708105547,0.19700517031648934,0.472525
21,2.0,closed,mi_obs,43,0.045871796154764666,0.8534322118261424,0.472525
21,2.0,closed,mi_obs,44,0.009352936801165751,0.2354219516160842,0.472525
21,2.0,closed,mi_obs,45,-0.029429390996198457,0.31213796857560333,0.472525
21,2.0,closed,mi_obs,46,-0.008320506186172158,-0.0007208890280573887,0.472525
21,2.0,closed,mi_obs,47,-0.2440745692022738,0.005087635037432485,0.472525
21,2.0,closed,mi_obs,48,-0.048264542631009655,-0.26145794810734974,0.472525
21,2.0,closed,mi_obs,49,0.0019150076348327686,0.006102001020135855,0.472525
21,2.0,closed,mi_obs,50,0.08326636180303404,0.5949384560937522,0.472525
21,2.0,closed,mi_obs,51,0.02584519889256115,0.4420471265237756,0.472525
21,2.0,closed,mi_obs,52,-0.04750668217503232,0.002374381341507118,0.472525
21,2.0,closed,mi_obs,53,0.02044139771482023,0.3491765698487213,0.472525
21,2.0,closed,mi_obs,54,-0.0189361238241135,0.04221500552993717,0.472525
21,2.0,closed,mi_obs,55,-0.016930775365320894,0.06384259800921138,0.472525
21,2.0,closed,mi_obs,56,-0.0008038218226880086,0.008281156225257165,0.472525
21,2.0,closed,mi_obs,57,0.02678696284494808,0.6158697488549664,0.472525
21,2.0,closed,mi_obs,58,0.004853459157428575,0.3127472258804959,0.472525
21,2.0,closed,mi_obs,59,-0.012612359481598237,-0.10814928972151622,0.472525
21,2.0,closed,mi_obs,60,0.04389118758736252,0.21183747238598596,0.472525
21,2.0,closed,mi_obs,61,-0.017709985786757122,-9.375703169455044e-05,0.472525
21,2.0,closed,mi_obs,62,-0.11613220485849879,-0.4591693551768567,0.472525
21,2.0,closed,mi_obs,63,-0.005867089402710919,0.04765290235846268,0.472525
21,2.0,closed,mi_obs,64,-0.029606114588575205,-0.5587307437804091,0.472525
21,2.0,closed,mi_obs,65,0.01221930735044352,0.2704071738125228,0.472525
21,2.0,closed,mi_class,0,0.00012239992993596377,0.033934440991742566,0.472525
21,2.0,closed,mi_class,1,0.00442058923533567,0.08191436524490628,0.472525
21,2.0,closed,mi_class,2,0.004332608558448525,-0.7494677696850642,0.472525
21,2.0,closed,mi_class,3,-0.24059057127518824,0.38397572061193186,0.472525
21,2.0,closed,mi_class,4,-0.008091176870142986,0.0020320019138739477,0.472525
21,2.0,closed,mi_class,5,0.0923008398788363,-0.4711686626614676,0.472525
21,2.0,closed,mi_class,6,0.05976744319548649,-0.5523567339585163,0.472525
21,2.0,closed,mi_class,7,0.004230283976227966,-0.012621305535380205,0.472525
21,2.0,closed,mi_class,8,0.08200435940243345,-0.6672484761308095,0.472525
21,2.0,closed,mi_class,9,-0.07848686592923554,0.4495184370041129,0.472525
21,2.0,closed,mi_class,10,-0.013568354566027674,0.3407532746009235,0.472525
21,2.0,closed,mi_class,11,-0.02137698434424504,0.004961952272196069,0.472525
21,2.0,closed,mi_class,12,0.006340994518799225,-0.029892804639187743,0.472525
21,2.0,closed,mi_class,13,-0.004588159091618741,0.0027835527678647834,0.472525
21,2.0,closed,mi_class,14,0.008761894146921374,-0.009570126129737767,0.472525
21,2.0,closed,mi_class,15,0.20560915956639003,-0.6156437530137034,0.472525
21,2.0,closed,mi_class,16,-0.028823035925296808,-0.020872907317208027,0.472525
21,2.0,closed,mi_class,17,0.012634408775484881,0.005928431112417737,0.472525
21,2.0,closed,mi_class,18,-0.010561192042077512,-0.030410868437016368,0.472525
21,2.0,closed,mi_class,19,0.0036667031362251704,0.01833754344499724,0.472525
21,2.0,closed,mi_class,20,0.00563023173024444,0.004991404832556968,0.472525
21,2.0,closed,mi_class,21,-0.009371335264863168,-0.4572556404851173,0.472525
21,2.0,closed,mi_class,22,-0.05315466044084588,0.13331430202643477,0.472525
21,2.0,closed,mi_class,23,0.007356526738472859,0.004185969795952055,0.472525
21,2.0,closed,mi_class,24,0.03421309132444094,-0.0003322647568238884,0.472525
21,2.0,closed,mi_class,25,0.015871843469735414,0.24012648263193787,0.472525
21,2.0,closed,mi_class,26,0.006327138028342677,0.009420718766668163,0.472525
21,2.0,closed,mi_class,27,0.005887287182391468,-0.07079683998734222,0.472525
21,2.0,closed,mi_class,28,-0.053580918237978795,0.15341532068118147,0.472525
21,2.0,closed,mi_class,29,0.04696632800698203,0.20151682815132474,0.472525
21,2.0,closed,mi_class,30,0.33143951836468233,-0.5081454780391157,0.472525
21,2.0,closed,mi_class,31,0.0024965508968941685,-0.0077591575752302576,0.472525
21,2.0,closed,mi_class,32,-0.061826698898781896,0.272236910896127,0.472525
21,2.0,closed,mi_class,33,-0.04328791832298254,0.2330653070903182,0.472525
21,2.0,closed,mi_class,34,-0.0183638777168286,-0.001979970472905232,0.472525
21,2.0,closed,mi_class,35,-0.026390675782521134,0.4552364532627367,0.472525
21,2.0,closed,mi_class,36,0.027729082598047294,-0.5967720452286627,0.472525
21,2.0,closed,mi_class,37,-0.017849937031351626,-0.4488867693407378,0.472525
21,2.0,closed,mi_class,38,0.0017325481142990758,0.01049529404729784,0.472525
21,2.0,closed,mi_class,39,-0.04847792406700781,0.04557955755607473,0.472525
21,2.0,closed,mi_class,40,-0.16624321752527166,0.26705269930254716,0.472525
21,2.0,closed,mi_class,41,-0.0023905899331718937,-0.0022744188634073134,0.472525
21,2.0,closed,mi_class,42,-0.12984742537031252,0.19700517031648934,0.472525
21,2.0,closed,mi_class,43,-0.5927913098402838,0.8534322118261424,0.472525
21,2.0,closed,mi_class,44,-0.15733621097911127,0.2354219516160842,0.472525
21,2.0,closed,mi_class,45,-0.0009074777954522495,0.31213796857560333,0.472525
21,2.0,closed,mi_class,46,0.009005059820813259,-0.0007208890280573887,0.472525
21,2.0,closed,mi_class,47,-0.04283120078521687,0.005087635037432485,0.472525
21,2.0,closed,mi_class,48,0.06667826758385553,-0.26145794810734974,0.472525
21,2.0,closed,mi_class,49,0.005987367873134786,0.006102001020135855,0.472525
21,2.0,closed,mi_class,50,-0.1375634530606093,0.5949384560937522,0.472525
21,2.0,closed,mi_class,51,-0.04376857755102331,0.4420471265237756,0.472525
21,2.0,closed,mi_class,52,-0.014831663556361223,0.002374381341507118,0.472525
21,2.0,closed,mi_class,53,-0.07866343159148298,0.3491765698487213,0.472525
21,2.0,closed,mi_class,54,-0.015017126178178991,0.04221500552993717,0.472525
21,2.0,closed,mi_class,55,-0.01222821300976297,0.06384259800921138,0.472525
21,2.0,closed,mi_class,56,-0.0021466177702504025,0.008281156225257165,0.472525
21,2.0,closed,mi_class,57,-0.0724965094200769,0.6158697488549664,0.472525
21,2.0,closed,mi_class,58,-0.09096630849786144,0.3127472258804959,0.472525
21,2.0,closed,mi_class,59,0.015533244967622387,-0.10814928972151622,0.472525
21,2.0,closed,mi_class,60,-0.046142396905876265,0.21183747238598596,0.472525
21,2.0,closed,mi_class,61,-0.00047246851020268395,-9.375703169455044e-05,0.472525
21,2.0,closed,mi_class,62,0.09886453201959705,-0.4591693551768567,0.472525
21,2.0,closed,mi_class,63,-0.04229702491974941,0.04765290235846268,0.472525
21,2.0,closed,mi_class,64,0.034663027990061934,-0.5587307437804091,0.472525
21,2.0,closed,mi_class,65,-0.028408502028658106,0.2704071738125228,0.472525
21,2.0,closed,mi_site,0,0.009750391809853876,0.033934440991742566,0.472525
21,2.0,closed,mi_site,1,-0.015693453696114273,0.08191436524490628,0.472525
21,2.0,closed,mi_site,2,-0.034245345079120026,-0.7494677696850642,0.472525
21,2.0,closed,mi_site,3,0.042721164168790904,0.38397572061193186,0.472525
21,2.0,closed,mi_site,4,0.0035871764640046434,0.0020320019138739477,0.472525
21,2.0,closed,mi_site,5,-0.028969875441043014,-0.4711686626614676,0.472525
21,2.0,closed,mi_site,6,-0.025944997979405082,-0.5523567339585163,0.472525
21,2.0,closed,mi_site,7,-0.0045534452021507785,-0.012621305535380205,0.472525
21,2.0,closed,mi_site,8,-0.01525009014771761,-0.6672484761308095,0.472525
21,2.0,closed,mi_site,9,0.03442985224621925,0.4495184370041129,0.472525
21,2.0,closed,mi_site,10,0.019361477661000215,0.3407532746009235,0.472525
21,2.0,closed,mi_site,11,-0.042660214842147465,0.004961952272196069,0.472525
21,2.0,closed,mi_site,12,-0.02480907402755075,-0.029892804639187743,0.472525
21,2.0,closed,mi_site,13,0.010798485067755667,0.0027835527678647834,0.472525
21,2.0,closed,mi_site,14,0.008843807388373018,-0.009570126129737767,0.472525
21,2.0,closed,mi_site,15,-0.057687844093265994,-0.6156437530137034,0.472525
21,2.0,closed,mi_site,16,0.014544142970612737,-0.020872907317208027,0.472525
21,2.0,closed,mi_site,17,0.007318250860055601,0.005928431112417737,0.472525
21,2.0,closed,mi_site,18,-0.013558656182326233,-0.030410868437016368,0.472525
21,2.0,closed,mi_site,19,0.011024201495700072,0.01833754344499724,0.472525
21,2.0,closed,mi_site,20,-0.0016348366352936252,0.004991404832556968,0.472525
21,2.0,closed,mi_site,21,0.010646276752892647,-0.4572556404851173,0.472525
21,2.0,closed,mi_site,22,0.02495075488923218,0.13331430202643477,0.472525
21,2.0,closed,mi_site,23,-0.019800658456211928,0.004185969795952055,0.472525
21,2.0,closed,mi_site,24,0.011974922835343908,-0.0003322647568238884,0.472525
21,2.0,closed,mi_site,25,0.07111242432437137,0.24012648263193787,0.472525
21,2.0,closed,mi_site,26,0.032115155451326816,0.009420718766668163,0.472525
21,2.0,closed,mi_site,27,0.021870308529846713,-0.07079683998734222,0.472525
21,2.0,closed,mi_site,28,0.004955065025597977,0.15341532068118147,0.472525
21,2.0,closed,mi_site,29,0.009719638080819576,0.20151682815132474,0.472525
21,2.0,closed,mi_site,30,-0.024654938042609875,-0.5081454780391157,0.472525
21,2.0,closed,mi_site,31,-0.005535649924601329,-0.0077591575752302576,0.472525
21,2.0,closed,mi_site,32,0.030299282960965235,0.272236910896127,0.472525
21,2.0,closed,mi_site,33,0.006020205366269543,0.2330653070903182,0.472525
21,2.0,closed,mi_site,34,-0.039789663674753346,-0.001979970472905232,0.472525
21,2.0,closed,mi_site,35,0.027253847427195665,0.4552364532627367,0.472525
21,2.0,closed,mi_site,36,-0.030809130880937063,-0.5967720452286627,0.472525
21,2.0,closed,mi_site,37,-0.031358013484956815,-0.4488867693407378,0.472525
21,2.0,closed,mi_site,38,-0.00011495009860439456,0.01049529404729784,0.472525
21,2.0,closed,mi_site,39,-0.027727936439129183,0.04557955755607473,0.472525
21,2.0,closed,mi_site,40,-0.0018705465372120256,0.26705269930254716,0.472525
21,2.0,closed,mi_site,41,-0.009235512367230195,-0.0022744188634073134,0.472525
21,2.0,closed,mi_site,42,-0.01460708581636716,0.19700517031648934,0.472525
21,2.0,closed,mi_site,43,0.045756046606368894,0.8534322118261424,0.472525
21,2.0,closed,mi_site,44,0.01336120437012811,0.2354219516160842,0.472525
21,2.0,closed,mi_site,45,-0.03388336073398729,0.31213796857560333,0.472525
21,2.0,closed,mi_site,46,-0.008036616179365661,-0.0007208890280573887,0.472525
21,2.0,closed,mi_site,47,-0.2045210700913697,0.005087635037432485,0.472525
21,2.0,closed,mi_site,48,-0.05372561579593893,-0.26145794810734974,0.472525
21,2.0,closed,mi_site,49,0.001179519180295104,0.006102001020135855,0.472525
21,2.0,closed,mi_site,50,0.07202721010417301,0.5949384560937522,0.472525
21,2.0,closed,mi_site,51,0.024696389009446762,0.4420471265237756,0.472525
21,2.0,closed,mi_site,52,-0.04367330671495764,0.002374381341507118,0.472525
21,2.0,closed,mi_site,53,0.021236180904587454,0.3491765698487213,0.472525
21,2.0,closed,mi_site,54,-0.0214748754927025,0.04221500552993717,0.472525
21,2.0,closed,mi_site,55,-0.020444323524660316,0.06384259800921138,0.472525
21,2.0,closed,mi_site,56,0.0007458429204788217,0.008281156225257165,0.472525
21,2.0,closed,mi_site,57,0.02183645003757706,0.6158697488549664,0.472525
21,2.0,closed,mi_site,58,-0.0025702910764645592,0.3127472258804959,0.472525
21,2.0,closed,mi_site,59,-0.013853850511233598,-0.10814928972151622,0.472525
21,2.0,closed,mi_site,60,0.04814223271268622,0.21183747238598596,0.472525
21,2.0,closed,mi_site,61,-0.004590607361637377,-9.375703169455044e-05,0.472525
21,2.0,closed,mi_site,62,-0.1000872028899103,-0.4591693551768567,0.472525
21,2.0,closed,mi_site,63,-0.00958858506727487,0.04765290235846268,0.472525
21,2.0,closed,mi_site,64,-0.024301042441575937,-0.5587307437804091,0.472525
21,2.0,closed,mi_site,65,0.01354094190765237,0.2704071738125228,0.472525
