rep,gamma,alignment,estimator,pair,signed_err,truth,miss_rate
27,0.0,aligned,available,0,-0.0011045856469492563,0.007606822283138557,0.4702
27,0.0,aligned,available,1,-0.004912797423614473,0.21211472590361286,0.4702
27,0.0,aligned,available,2,-0.023980637334921943,-0.0027566066230935004,0.4702
27,0.0,aligned,available,3,-0.008840644891756566,-0.4866390885306745,0.4702
27,0.0,aligned,available,4,0.007598112893831679,0.12297701422831069,0.4702
27,0.0,aligned,available,5,0.01476140110915336,-0.20721499292518594,0.4702
27,0.0,aligned,available,6,-0.02023457363841491,0.20472835111465942,0.4702
27,0.0,aligned,available,7,0.0052684266163119595,-0.002693699376216537,0.4702
27,0.0,aligned,available,8,-0.006117286299040655,-0.0006637976553918707,0.4702
27,0.0,aligned,available,9,0.005160233011809101,0.0008051520477387326,0.4702
27,0.0,aligned,available,10,0.0021194288742154032,0.0031407436429923114,0.4702
27,0.0,aligned,available,11,-0.023408832500927457,-0.14864950080917977,0.4702
27,0.0,aligned,available,12,-0.027093855297836013,-0.05846533781189602,0.4702
27,0.0,aligned,available,13,0.00025665306219703476,-0.08107795658986557,0.4702
27,0.0,aligned,available,14,0.002275150291622563,-0.27309126893038554,0.4702
27,0.0,aligned,available,15,0.008994747105449591,0.14348347032455847,0.4702
27,0.0,aligned,available,16,-0.00412792797018291,-0.19485254165727187,0.4702
27,0.0,aligned,available,17,-0.013175008310824073,0.001366223339526994,0.4702
27,0.0,aligned,available,18,-0.004899671446670972,0.4791717436058366,0.4702
27,0.0,aligned,available,19,0.011600484910116893,0.5033344271165282,0.4702
27,0.0,aligned,available,20,-0.0016050202460082819,-0.3029720895003388,0.4702
27,0.0,aligned,available,21,0.007709840271335366,0.7164523163376328,0.4702
27,0.0,aligned,available,22,-0.001919548260441939,-0.8453508920821969,0.4702
27,0.0,aligned,available,23,0.0037422590844575776,-0.5818178585977124,0.4702
27,0.0,aligned,available,24,-0.00031638125579613874,-0.9729159249864551,0.4702
27,0.0,aligned,available,25,0.0021128622823274323,0.9115535537086955,0.4702
27,0.0,aligned,available,26,-0.006890660428145532,0.0034123562257441543,0.4702
27,0.0,aligned,available,27,0.012083696450084391,0.40772414121050193,0.4702
27,0.0,aligned,available,28,-0.0011752390680217495,-0.6825971110622739,0.4702
27,0.0,aligned,available,29,-0.007276249361658882,-0.3398260964751989,0.4702
27,0.0,aligned,available,30,0.0075642080721154414,-0.6276149719815765,0.4702
27,0.0,aligned,available,31,0.0021781096142869383,-0.41915314055521563,0.4702
27,0.0,aligned,available,32,-0.00146441163763944,-0.6976193722889811,0.4702
27,0.0,aligned,available,33,0.003074096818126093,0.5786239574783654,0.4702
27,0.0,aligned,available,34,-0.019716774391193334,-0.0028810190804153214,0.4702
27,0.0,aligned,available,35,0.006800707730473088,0.4357379836259197,0.4702
27,0.0,aligned,available,36,-0.003571838400265981,-0.532391588421216,0.4702
27,0.0,aligned,available,37,-0.0007938603149869605,-0.6944794448110857,0.4702
27,0.0,aligned,available,38,-0.014634816039442722,0.3550907347275138,0.4702
27,0.0,aligned,available,39,-0.002702451661118266,0.822160572310037,0.4702
27,0.0,aligned,available,40,0.0019842348021713585,-0.7442995426838167,0.4702
27,0.0,aligned,available,41,-0.0007535174200286208,-0.0034825762781735617,0.4702
27,0.0,aligned,available,42,0.01347379711411667,-0.5217455931511834,0.4702
27,0.0,aligned,available,43,-0.008164890470720498,0.33594345852081386,0.4702
27,0.0,aligned,available,44,-0.002391647759887594,0.4316989655210128,0.4702
27,0.0,aligned,available,45,-0.006645958756135939,0.5677583412160755,0.4702
27,0.0,aligned,available,46,0.0026537940673398985,-0.5209380430746297,0.4702
27,0.0,aligned,available,47,0.013214314137714638,-0.001470101784566246,0.4702
27,0.0,aligned,available,48,-0.011023073063588518,-0.37808725713494756,0.4702
27,0.0,aligned,available,49,-0.013839307329430173,0.3885287928969761,0.4702
27,0.0,aligned,available,50,-0.002167681979396374,0.25840706233919586,0.4702
27,0.0,aligned,available,51,-0.00018809704082300982,-0.9405846956468266,0.4702
27,0.0,aligned,available,52,-0.0007738869062189086,-0.0020453358417235135,0.4702
27,0.0,aligned,available,53,-0.0014192506570415708,-0.3977924916289955,0.4702
27,0.0,aligned,available,54,-0.0022512796517476508,0.6651567572624143,0.4702
27,0.0,aligned,available,55,0.004815262447376734,0.3301233337392973,0.4702
27,0.0,aligned,available,56,-0.0012784314074374397,0.0055990037054796885,0.4702
27,0.0,aligned,available,57,0.0058486152428362526,0.2906849786744406,0.4702
27,0.0,aligned,available,58,0.005827025243016815,-0.6619594214389378,0.4702
27,0.0,aligned,available,59,-0.008240613850395567,-0.1613020283298286,0.4702
27,0.0,aligned,available,60,-0.008878983549109347,-0.0063166139878093434,0.4702
27,0.0,aligned,available,61,-0.000572659158942385,-0.003267938772161274,0.4702
27,0.0,aligned,available,62,-0.002995925194701092,0.0020826341368410765,0.4702
27,0.0,aligned,available,63,0.001094779912015893,0.0024213692777915715,0.4702
27,0.0,aligned,available,64,-0.002668464901399048,-0.6300930468666708,0.4702
27,0.0,aligned,available,65,-0.0038009634867335034,0.003315822640336632,0.4702
27,0.0,aligned,mi_obs,0,-0.00873492740803563,0.007606822283138557,0.4702
27,0.0,aligned,mi_obs,1,0.018531247381817162,0.21211472590361286,0.4702
27,0.0,aligned,mi_obs,2,-0.017420035075526023,-0.0027566066230935004,0.4702
27,0.0,aligned,mi_obs,3,-0.058327124606532,-0.4866390885306745,0.4702
27,0.0,aligned,mi_obs,4,0.05445763963144214,0.12297701422831069,0.4702
27,0.0,aligned,mi_obs,5,0.008325707499431179,-0.20721499292518594,0.4702
27,0.0,aligned,mi_obs,6,-0.01406224316941787,0.20472835111465942,0.4702
27,0.0,aligned,mi_obs,7,-0.051914064837170246,-0.002693699376216537,0.4702
27,0.0,aligned,mi_obs,8,-0.022349327675194222,-0.0006637976553918707,0.4702
27,0.0,aligned,mi_obs,9,-0.008646339738963333,0.0008051520477387326,0.4702
27,0.0,aligned,mi_obs,10,0.009224438855413783,0.0031407436429923114,0.4702
27,0.0,aligned,mi_obs,11,-0.033919578703937914,-0.14864950080917977,0.4702
27,0.0,aligned,mi_obs,12,-0.020924608052231487,-0.05846533781189602,0.4702
27,0.0,aligned,mi_obs,13,-0.009641977456951847,-0.08107795658986557,0.4702
27,0.0,aligned,mi_obs,14,-0.03794531765963338,-0.27309126893038554,0.4702
27,0.0,aligned,mi_obs,15,0.03842003178277273,0.14348347032455847,0.4702
27,0.0,aligned,mi_obs,16,-0.04921066744666902,-0.19485254165727187,0.4702
27,0.0,aligned,mi_obs,17,-0.017764338893071295,0.001366223339526994,0.4702
27,0.0,aligned,mi_obs,18,0.07559054734673964,0.4791717436058366,0.4702
27,0.0,aligned,mi_obs,19,0.046861850294493634,0.5033344271165282,0.4702
27,0.0,aligned,mi_obs,20,-0.014625258333598401,-0.3029720895003388,0.4702
27,0.0,aligned,mi_obs,21,0.03902978038139382,0.7164523163376328,0.4702
27,0.0,aligned,mi_obs,22,0.006569179575607209,-0.8453508920821969,0.4702
27,0.0,aligned,mi_obs,23,-0.016754996486396667,-0.5818178585977124,0.4702
27,0.0,aligned,mi_obs,24,-0.003207397482130614,-0.9729159249864551,0.4702
27,0.0,aligned,mi_obs,25,-0.01177207496528887,0.9115535537086955,0.4702
27,0.0,aligned,mi_obs,26,-0.09546734425377575,0.0034123562257441543,0.4702
27,0.0,aligned,mi_obs,27,0.008236515337194494,0.40772414121050193,0.4702
27,0.0,aligned,mi_obs,28,-0.02443455611285006,-0.6825971110622739,0.4702
27,0.0,aligned,mi_obs,29,0.016951037677886915,-0.3398260964751989,0.4702
27,0.0,aligned,mi_obs,30,-0.009543620723629243,-0.6276149719815765,0.4702
27,0.0,aligned,mi_obs,31,-0.016207644098751528,-0.41915314055521563,0.4702
27,0.0,aligned,mi_obs,32,-0.02099493041598166,-0.6976193722889811,0.4702
27,0.0,aligned,mi_obs,33,-0.009784184688535591,0.5786239574783654,0.4702
27,0.0,aligned,mi_obs,34,-0.144225242688146,-0.0028810190804153214,0.4702
27,0.0,aligned,mi_obs,35,0.0626597807559115,0.4357379836259197,0.4702
27,0.0,aligned,mi_obs,36,-0.03738972474397706,-0.532391588421216,0.4702
27,0.0,aligned,mi_obs,37,-0.0343758288732845,-0.6944794448110857,0.4702
27,0.0,aligned,mi_obs,38,-0.0029627429921608717,0.3550907347275138,0.4702
27,0.0,aligned,mi_obs,39,-0.020052769674449578,0.822160572310037,0.4702
27,0.0,aligned,mi_obs,40,0.03251613068021131,-0.7442995426838167,0.4702
27,0.0,aligned,mi_obs,41,0.10433853028738088,-0.0034825762781735617,0.4702
27,0.0,aligned,mi_obs,42,-0.02140502956572954,-0.5217455931511834,0.4702
27,0.0,aligned,mi_obs,43,-0.024466593860545005,0.33594345852081386,0.4702
27,0.0,aligned,mi_obs,44,-0.0050517141478453875,0.4316989655210128,0.4702
27,0.0,aligned,mi_obs,45,0.0196505467526068,0.5677583412160755,0.4702
27,0.0,aligned,mi_obs,46,-0.009465156862482615,-0.5209380430746297,0.4702
27,0.0,aligned,mi_obs,47,0.02285963830802643,-0.001470101784566246,0.4702
27,0.0,aligned,mi_obs,48,-0.024283733525773676,-0.37808725713494756,0.4702
27,0.0,aligned,mi_obs,49,0.015803863094349335,0.3885287928969761,0.4702
27,0.0,aligned,mi_obs,50,0.005831544116518261,0.25840706233919586,0.4702
27,0.0,aligned,mi_obs,51,0.0008808402838065277,-0.9405846956468266,0.4702
27,0.0,aligned,mi_obs,52,0.06865449430404998,-0.0020453358417235135,0.4702
27,0.0,aligned,mi_obs,53,0.02058829362149972,-0.3977924916289955,0.4702
27,0.0,aligned,mi_obs,54,0.026783258762734352,0.6651567572624143,0.4702
27,0.0,aligned,mi_obs,55,-0.02089925233282447,0.3301233337392973,0.4702
27,0.0,aligned,mi_obs,56,-0.05462689364828329,0.0055990037054796885,0.4702
27,0.0,aligned,mi_obs,57,-0.04580362981968569,0.2906849786744406,0.4702
27,0.0,aligned,mi_obs,58,-0.02441350226864991,-0.6619594214389378,0.4702
27,0.0,aligned,mi_obs,59,0.05244118227665179,-0.1613020283298286,0.4702
27,0.0,aligned,mi_obs,60,-0.1676786613414065,-0.0063166139878093434,0.4702
27,0.0,aligned,mi_obs,61,0.039671499533509985,-0.003267938772161274,0.4702
27,0.0,aligned,mi_obs,62,0.03652327056297196,0.0020826341368410765,0.4702
27,0.0,aligned,mi_obs,63,0.017256766482679202,0.0024213692777915715,0.4702
27,0.0,aligned,mi_obs,64,-0.06786840737904132,-0.6300930468666708,0.4702
27,0.0,aligned,mi_obs,65,-0.01305478503253812,0.003315822640336632,0.4702
27,0.0,aligned,mi_class,0,5.379103194603531e-05,0.007606822283138557,0.4702
27,0.0,aligned,mi_class,1,-0.043683269521600704,0.21211472590361286,0.4702
27,0.0,aligned,mi_class,2,-0.008879511830103841,-0.0027566066230935004,0.4702
27,0.0,aligned,mi_class,3,0.1633256806798265,-0.4866390885306745,0.4702
27,0.0,aligned,mi_class,4,-0.039268572223343304,0.12297701422831069,0.4702
27,0.0,aligned,mi_class,5,0.04931244909409957,-0.20721499292518594,0.4702
27,0.0,aligned,mi_class,6,0.010444169048106994,0.20472835111465942,0.4702
27,0.0,aligned,mi_class,7,-0.007555016694925808,-0.002693699376216537,0.4702
27,0.0,aligned,mi_class,8,-0.009641576133222023,-0.0006637976553918707,0.4702
27,0.0,aligned,mi_class,9,-0.13844759613071406,0.0008051520477387326,0.4702
27,0.0,aligned,mi_class,10,-0.01861627342395923,0.0031407436429923114,0.4702
27,0.0,aligned,mi_class,11,0.015682914609875004,-0.14864950080917977,0.4702
27,0.0,aligned,mi_class,12,-0.01654984020272108,-0.05846533781189602,0.4702
27,0.0,aligned,mi_class,13,0.048435685965977845,-0.08107795658986557,0.4702
27,0.0,aligned,mi_class,14,0.1100186231658889,-0.27309126893038554,0.4702
27,0.0,aligned,mi_class,15,-0.0410133100363297,0.14348347032455847,0.4702
27,0.0,aligned,mi_class,16,0.008720792644541703,-0.19485254165727187,0.4702
27,0.0,aligned,mi_class,17,-0.036062420771143584,0.001366223339526994,0.4702
27,0.0,aligned,mi_class,18,0.08598596736294117,0.4791717436058366,0.4702
27,0.0,aligned,mi_class,19,-0.028099587840273443,0.5033344271165282,0.4702
27,0.0,aligned,mi_class,20,0.020028519505935594,-0.3029720895003388,0.4702
27,0.0,aligned,mi_class,21,-0.029270726287858095,0.7164523163376328,0.4702
27,0.0,aligned,mi_class,22,0.34536158502502606,-0.8453508920821969,0.4702
27,0.0,aligned,mi_class,23,0.2553306291257846,-0.5818178585977124,0.4702
27,0.0,aligned,mi_class,24,0.3991598138764053,-0.9729159249864551,0.4702
27,0.0,aligned,mi_class,25,-0.16751439394247403,0.9115535537086955,0.4702
27,0.0,aligned,mi_class,26,0.06122285281064145,0.0034123562257441543,0.4702
27,0.0,aligned,mi_class,27,-0.0221758900202102,0.40772414121050193,0.4702
27,0.0,aligned,mi_class,28,0.08629131246709298,-0.6825971110622739,0.4702
27,0.0,aligned,mi_class,29,0.058889852765558304,-0.3398260964751989,0.4702
27,0.0,aligned,mi_class,30,0.10455069102394898,-0.6276149719815765,0.4702
27,0.0,aligned,mi_class,31,0.06914219507189245,-0.41915314055521563,0.4702
27,0.0,aligned,mi_class,32,0.11929065658617799,-0.6976193722889811,0.4702
27,0.0,aligned,mi_class,33,0.006077818622062914,0.5786239574783654,0.4702
27,0.0,aligned,mi_class,34,0.02615225959661221,-0.0028810190804153214,0.4702
27,0.0,aligned,mi_class,35,0.07935339785274259,0.4357379836259197,0.4702
27,0.0,aligned,mi_class,36,0.01984345542560828,-0.532391588421216,0.4702
27,0.0,aligned,mi_class,37,-0.002361997572588148,-0.6944794448110857,0.4702
27,0.0,aligned,mi_class,38,-0.056045688153802065,0.3550907347275138,0.4702
27,0.0,aligned,mi_class,39,-0.11753076094781878,0.822160572310037,0.4702
27,0.0,aligned,mi_class,40,0.12568820555713012,-0.7442995426838167,0.4702
27,0.0,aligned,mi_class,41,-0.03166962164644932,-0.0034825762781735617,0.4702
27,0.0,aligned,mi_class,42,0.11328284496102603,-0.5217455931511834,0.4702
27,0.0,aligned,mi_class,43,-0.08474632190053283,0.33594345852081386,0.4702
27,0.0,aligned,mi_class,44,-0.11147202443867299,0.4316989655210128,0.4702
27,0.0,aligned,mi_class,45,-0.005638262533168348,0.5677583412160755,0.4702
27,0.0,aligned,mi_class,46,0.07939739398159468,-0.5209380430746297,0.4702
27,0.0,aligned,mi_class,47,-0.07540968042730732,-0.001470101784566246,0.4702
27,0.0,aligned,mi_class,48,0.05810298728570784,-0.37808725713494756,0.4702
27,0.0,aligned,mi_class,49,-0.11023494494862668,0.3885287928969761,0.4702
27,0.0,aligned,mi_class,50,-0.08167637948597897,0.25840706233919586,0.4702
27,0.0,aligned,mi_class,51,0.14472850633915402,-0.9405846956468266,0.4702
27,0.0,aligned,mi_class,52,-0.06748714138663951,-0.0020453358417235135,0.4702
27,0.0,aligned,mi_class,53,0.07971712268266684,-0.3977924916289955,0.4702
27,0.0,aligned,mi_class,54,-0.18311300728804325,0.6651567572624143,0.4702
27,0.0,aligned,mi_class,55,-0.08675576802266438,0.3301233337392973,0.4702
27,0.0,aligned,mi_class,56,0.04778744606424266,0.0055990037054796885,0.4702
27,0.0,aligned,mi_class,57,-0.03720971600334455,0.2906849786744406,0.4702
27,0.0,aligned,mi_class,58,0.06075379945728221,-0.6619594214389378,0.4702
27,0.0,aligned,mi_class,59,0.027262324351742917,-0.1613020283298286,0.4702
27,0.0,aligned,mi_class,60,0.010163381650164213,-0.0063166139878093434,0.4702
27,0.0,aligned,mi_class,61,-0.048908078755509427,-0.003267938772161274,0.4702
27,0.0,aligned,mi_class,62,-0.03164010291948989,0.0020826341368410765,0.4702
27,0.0,aligned,mi_class,63,0.05919212273330127,0.0024213692777915715,0.4702
27,0.0,aligned,mi_class,64,-0.05683085170031954,-0.6300930468666708,0.4702
27,0.0,aligned,mi_class,65,-0.03869997823279961,0.003315822640336632,0.4702
27,0.0,aligned,mi_site,0,0.003832695810079296,0.007606822283138557,0.4702
27,0.0,aligned,mi_site,1,-0.01741181814114881,0.21211472590361286,0.4702
27,0.0,aligned,mi_site,2,-0.005490319617914732,-0.0027566066230935004,0.4702
27,0.0,aligned,mi_site,3,0.027545714650106967,-0.4866390885306745,0.4702
27,0.0,aligned,mi_site,4,0.029046632302569556,0.12297701422831069,0.4702
27,0.0,aligned,mi_site,5,0.03370013240333772,-0.20721499292518594,0.4702
27,0.0,aligned,mi_site,6,-0.03517076726108617,0.20472835111465942,0.4702
27,0.0,aligned,mi_site,7,-0.023920721563252822,-0.002693699376216537,0.4702
27,0.0,aligned,mi_site,8,-0.016518126612779037,-0.0006637976553918707,0.4702
27,0.0,aligned,mi_site,9,-0.017225654055513153,0.0008051520477387326,0.4702
27,0.0,aligned,mi_site,10,0.003957718088832614,0.0031407436429923114,0.4702
27,0.0,aligned,mi_site,11,-0.014924568933600835,-0.14864950080917977,0.4702
27,0.0,aligned,mi_site,12,-0.0031362680498083426,-0.05846533781189602,0.4702
27,0.0,aligned,mi_site,13,0.00579108135603465,-0.08107795658986557,0.4702
27,0.0,aligned,mi_site,14,-0.017024837826772388,-0.27309126893038554,0.4702
27,0.0,aligned,mi_site,15,0.023954461614341394,0.14348347032455847,0.4702
27,0.0,aligned,mi_site,16,-0.02708170155164033,-0.19485254165727187,0.4702
27,0.0,aligned,mi_site,17,-0.013157033556585058,0.001366223339526994,0.4702
27,0.0,aligned,mi_site,18,-0.44742954888448794,0.4791717436058366,0.4702
27,0.0,aligned,mi_site,19,-0.455083253595429,0.5033344271165282,0.4702
27,0.0,aligned,mi_site,20,0.010160426449493831,-0.3029720895003388,0.4702
27,0.0,aligned,mi_site,21,-0.025132960033808827,0.7164523163376328,0.4702
27,0.0,aligned,mi_site,22,0.04657803881601741,-0.8453508920821969,0.4702
27,0.0,aligned,mi_site,23,0.032693159055407484,-0.5818178585977124,0.4702
27,0.0,aligned,mi_site,24,0.025721580874920602,-0.9729159249864551,0.4702
27,0.0,aligned,mi_site,25,-0.027737299442248564,0.9115535537086955,0.4702
27,0.0,aligned,mi_site,26,-0.0320120917029914,0.0034123562257441543,0.4702
27,0.0,aligned,mi_site,27,-0.3854591924337786,0.40772414121050193,0.4702
27,0.0,aligned,mi_site,28,0.6405478673251889,-0.6825971110622739,0.4702
27,0.0,aligned,mi_site,29,0.030969610451543172,-0.3398260964751989,0.4702
27,0.0,aligned,mi_site,30,0.06298344957286595,-0.6276149719815765,0.4702
27,0.0,aligned,mi_site,31,0.03867779521757014,-0.41915314055521563,0.4702
27,0.0,aligned,mi_site,32,0.06236618531776994,-0.6976193722889811,0.4702
27,0.0,aligned,mi_site,33,-0.06629450275659654,0.5786239574783654,0.4702
27,0.0,aligned,mi_site,34,-0.0661375479172355,-0.0028810190804153214,0.4702
27,0.0,aligned,mi_site,35,-0.4183377663711897,0.4357379836259197,0.4702
27,0.0,aligned,mi_site,36,0.4966773571652553,-0.532391588421216,0.4702
27,0.0,aligned,mi_site,37,0.07552662526705489,-0.6944794448110857,0.4702
27,0.0,aligned,mi_site,38,-0.020396873522430692,0.3550907347275138,0.4702
27,0.0,aligned,mi_site,39,-0.024940325805340113,0.822160572310037,0.4702
27,0.0,aligned,mi_site,40,0.0297098547439697,-0.7442995426838167,0.4702
27,0.0,aligned,mi_site,41,0.028535380717790545,-0.0034825762781735617,0.4702
27,0.0,aligned,mi_site,42,0.4986610134231295,-0.5217455931511834,0.4702
27,0.0,aligned,mi_site,43,-0.31620885625397194,0.33594345852081386,0.4702
27,0.0,aligned,mi_site,44,-0.012042954735465461,0.4316989655210128,0.4702
27,0.0,aligned,mi_site,45,-0.010570888502920872,0.5677583412160755,0.4702
27,0.0,aligned,mi_site,46,0.011151565460116752,-0.5209380430746297,0.4702
27,0.0,aligned,mi_site,47,0.004791499365578819,-0.001470101784566246,0.4702
27,0.0,aligned,mi_site,48,0.3259608332098227,-0.37808725713494756,0.4702
27,0.0,aligned,mi_site,49,-0.39694397289536854,0.3885287928969761,0.4702
27,0.0,aligned,mi_site,50,-0.0101009238839177,0.25840706233919586,0.4702
27,0.0,aligned,mi_site,51,-0.004076538742526448,-0.9405846956468266,0.4702
27,0.0,aligned,mi_site,52,0.017848777583493854,-0.0020453358417235135,0.4702
27,0.0,aligned,mi_site,53,0.3735847169068861,-0.3977924916289955,0.4702
27,0.0,aligned,mi_site,54,-0.625412984427994,0.6651567572624143,0.4702
27,0.0,aligned,mi_site,55,-0.019450129715405107,0.3301233337392973,0.4702
27,0.0,aligned,mi_site,56,-0.01670600152540505,0.0055990037054796885,0.4702
27,0.0,aligned,mi_site,57,-0.2711787401251464,0.2906849786744406,0.4702
27,0.0,aligned,mi_site,58,0.62242142970733,-0.6619594214389378,0.4702
27,0.0,aligned,mi_site,59,0.03610928494012555,-0.1613020283298286,0.4702
27,0.0,aligned,mi_site,60,-0.008729649019719805,-0.0063166139878093434,0.4702
27,0.0,aligned,mi_site,61,-0.006818202290554184,-0.003267938772161274,0.4702
27,0.0,aligned,mi_site,62,0.011651357688402253,0.0020826341368410765,0.4702
27,0.0,aligned,mi_site,63,0.9933650964346611,0.0024213692777915715,0.4702
27,0.0,aligned,mi_site,64,0.5957897091131076,-0.6300930468666708,0.4702
27,0.0,aligned,mi_site,65,-0.01106691491818392,0.003315822640336632,0.4702
27,0.0,closed,available,0,-0.0004730280789838927,0.007606822283138557,0.4702
27,0.0,closed,available,1,0.0031016992879397687,0.21211472590361286,0.4702
27,0.0,closed,available,2,-0.005787286430212164,-0.0027566066230935004,0.4702
27,0.0,closed,available,3,-0.003217745819267981,-0.4866390885306745,0.4702
27,0.0,closed,available,4,-0.009006501032602074,0.12297701422831069,0.4702
27,0.0,closed,available,5,-0.011000105922849668,-0.20721499292518594,0.4702
27,0.0,closed,available,6,0.012411754836285788,0.20472835111465942,0.4702
27,0.0,closed,available,7,0.005492293465202432,-0.002693699376216537,0.4702
27,0.0,closed,available,8,-0.0010635545572988203,-0.0006637976553918707,0.4702
27,0.0,closed,available,9,-0.0001357003392552207,0.0008051520477387326,0.4702
27,0.0,closed,available,10,0.0020292275329149866,0.0031407436429923114,0.4702
27,0.0,closed,available,11,-0.005428833341680955,-0.14864950080917977,0.4702
27,0.0,closed,available,12,-0.008942883358462016,-0.05846533781189602,0.4702
27,0.0,closed,available,13,-0.0032271594112108226,-0.08107795658986557,0.4702
27,0.0,closed,available,14,-0.003635098006355364,-0.27309126893038554,0.4702
27,0.0,closed,available,15,-0.004855464043659524,0.14348347032455847,0.4702
27,0.0,closed,available,16,0.002557559631902351,-0.19485254165727187,0.4702
27,0.0,closed,available,17,1.0197683140093089e-05,0.001366223339526994,0.4702
27,0.0,closed,available,18,-0.01858501297317855,0.4791717436058366,0.4702
27,0.0,closed,available,19,0.0035818198431716297,0.5033344271165282,0.4702
27,0.0,closed,available,20,0.00014368372640333194,-0.3029720895003388,0.4702
27,0.0,closed,available,21,0.002253349088982781,0.7164523163376328,0.4702
27,0.0,closed,available,22,-0.0035332892433448393,-0.8453508920821969,0.4702
27,0.0,closed,available,23,0.005467760127373156,-0.5818178585977124,0.4702
27,0.0,closed,available,24,7.233344815160692e-05,-0.9729159249864551,0.4702
27,0.0,closed,available,25,0.0005580208646923657,0.9115535537086955,0.4702
27,0.0,closed,available,26,-0.0054406670586280865,0.0034123562257441543,0.4702
27,0.0,closed,available,27,0.01731724281225483,0.40772414121050193,0.4702
27,0.0,closed,available,28,0.005049354211217438,-0.6825971110622739,0.4702
27,0.0,closed,available,29,-0.00912426227187818,-0.3398260964751989,0.4702
27,0.0,closed,available,30,-0.00314023753259296,-0.6276149719815765,0.4702
27,0.0,closed,available,31,0.005807261825089893,-0.41915314055521563,0.4702
27,0.0,closed,available,32,-0.004531183981759335,-0.6976193722889811,0.4702
27,0.0,closed,available,33,0.004199283743654081,0.5786239574783654,0.4702
27,0.0,closed,available,34,-0.026836424233440796,-0.0028810190804153214,0.4702
27,0.0,closed,available,35,-0.016442316335661233,0.4357379836259197,0.4702
27,0.0,closed,available,36,-0.0019049516074718387,-0.532391588421216,0.4702
27,0.0,closed,available,37,0.0030817698956912,-0.6944794448110857,0.4702
27,0.0,closed,available,38,-0.00018392015856705246,0.3550907347275138,0.4702
27,0.0,closed,available,39,0.0001082641714863497,0.822160572310037,0.4702
27,0.0,closed,available,40,-0.002210414184337095,-0.7442995426838167,0.4702
27,0.0,closed,available,41,-0.011345542722876878,-0.0034825762781735617,0.4702
27,0.0,closed,available,42,0.0007814879363918781,-0.5217455931511834,0.4702
27,0.0,closed,available,43,-0.0009844056968776882,0.33594345852081386,0.4702
27,0.0,closed,available,44,0.0025606980958667314,0.4316989655210128,0.4702
27,0.0,closed,available,45,-0.003258783638940388,0.5677583412160755,0.4702
27,0.0,closed,available,46,0.003512054056322933,-0.5209380430746297,0.4702
27,0.0,closed,available,47,0.003452742140597452,-0.001470101784566246,0.4702
27,0.0,closed,available,48,0.012038012167653711,-0.37808725713494756,0.4702
27,0.0,closed,available,49,0.0006475022905371719,0.3885287928969761,0.4702
27,0.0,closed,available,50,-0.007705635399002875,0.25840706233919586,0.4702
27,0.0,closed,available,51,5.304992387122898e-05,-0.9405846956468266,0.4702
27,0.0,closed,available,52,-0.003700849552817748,-0.0020453358417235135,0.4702
27,0.0,closed,available,53,0.0003074431961038737,-0.3977924916289955,0.4702
27,0.0,closed,available,54,-0.0036400179078409645,0.6651567572624143,0.4702
27,0.0,closed,available,55,0.004525072502312322,0.3301233337392973,0.4702
27,0.0,closed,available,56,0.003955292681277757,0.0055990037054796885,0.4702
27,0.0,closed,available,57,0.005212670545186204,0.2906849786744406,0.4702
27,0.0,closed,available,58,0.00328660458150154,-0.6619594214389378,0.4702
27,0.0,closed,available,59,-0.006652268452887217,-0.1613020283298286,0.4702
27,0.0,closed,available,60,0.014103395024066106,-0.0063166139878093434,0.4702
27,0.0,closed,available,61,-0.00848807393993636,-0.003267938772161274,0.4702
27,0.0,closed,available,62,-0.007068211615766072,0.0020826341368410765,0.4702
27,0.0,closed,available,63,-0.005027142814635342,0.0024213692777915715,0.4702
27,0.0,closed,available,64,-0.004214500137916799,-0.6300930468666708,0.4702
27,0.0,closed,available,65,-0.0011734977378052144,0.003315822640336632,0.4702
27,0.0,closed,mi_obs,0,-0.0005621359476736384,0.007606822283138557,0.4702
27,0.0,closed,mi_obs,1,0.014689438880548578,0.21211472590361286,0.4702
27,0.0,closed,mi_obs,2,-0.01886562706544985,-0.0027566066230935004,0.4702
27,0.0,closed,mi_obs,3,-0.0486796308846944,-0.4866390885306745,0.4702
27,0.0,closed,mi_obs,4,0.05272668187829212,0.12297701422831069,0.4702
27,0.0,closed,mi_obs,5,0.0023971178778398883,-0.20721499292518594,0.4702
27,0.0,closed,mi_obs,6,-0.0040098504009202784,0.20472835111465942,0.4702
27,0.0,closed,mi_obs,7,-0.023760831746135098,-0.002693699376216537,0.4702
27,0.0,closed,mi_obs,8,-0.008877644036152743,-0.0006637976553918707,0.4702
27,0.0,closed,mi_obs,9,0.0010642573386182858,0.0008051520477387326,0.4702
27,0.0,closed,mi_obs,10,0.02001997709860422,0.0031407436429923114,0.4702
27,0.0,closed,mi_obs,11,-0.025585631280899856,-0.14864950080917977,0.4702
27,0.0,closed,mi_obs,12,-0.008525535510814593,-0.05846533781189602,0.4702
27,0.0,closed,mi_obs,13,-0.021582028921897284,-0.08107795658986557,0.4702
27,0.0,closed,mi_obs,14,-0.028565091727688452,-0.27309126893038554,0.4702
27,0.0,closed,mi_obs,15,0.028177992078396247,0.14348347032455847,0.4702
27,0.0,closed,mi_obs,16,-0.04842859666314148,-0.19485254165727187,0.4702
27,0.0,closed,mi_obs,17,0.012231664051630491,0.001366223339526994,0.4702
27,0.0,closed,mi_obs,18,0.06998297846540447,0.4791717436058366,0.4702
27,0.0,closed,mi_obs,19,0.04579340937843979,0.5033344271165282,0.4702
27,0.0,closed,mi_obs,20,-0.013409880796503792,-0.3029720895003388,0.4702
27,0.0,closed,mi_obs,21,0.04160227186258769,0.7164523163376328,0.4702
27,0.0,closed,mi_obs,22,0.001979921077709501,-0.8453508920821969,0.4702
27,0.0,closed,mi_obs,23,-0.019128428571864253,-0.5818178585977124,0.4702
27,0.0,closed,mi_obs,24,-0.0025245572591996446,-0.9729159249864551,0.4702
27,0.0,closed,mi_obs,25,-0.019484402281197633,0.9115535537086955,0.4702
27,0.0,closed,mi_obs,26,-0.07088938658302148,0.0034123562257441543,0.4702
27,0.0,closed,mi_obs,27,0.0019492119899263138,0.40772414121050193,0.4702
27,0.0,closed,mi_obs,28,-0.01886439679854157,-0.6825971110622739,0.4702
27,0.0,closed,mi_obs,29,0.01043829968274157,-0.3398260964751989,0.4702
27,0.0,closed,mi_obs,30,-0.014765106881094225,-0.6276149719815765,0.4702
27,0.0,closed,mi_obs,31,0.0025200099007693932,-0.41915314055521563,0.4702
27,0.0,closed,mi_obs,32,-0.02431592031467511,-0.6976193722889811,0.4702
27,0.0,closed,mi_obs,33,-0.0022770122398736437,0.5786239574783654,0.4702
27,0.0,closed,mi_obs,34,-0.1473269669945351,-0.0028810190804153214,0.4702
27,0.0,closed,mi_obs,35,0.05517539839819846,0.4357379836259197,0.4702
27,0.0,closed,mi_obs,36,-0.03998330605775302,-0.532391588421216,0.4702
27,0.0,closed,mi_obs,37,-0.037538620263113054,-0.6944794448110857,0.4702
27,0.0,closed,mi_obs,38,-0.0026148608492404524,0.3550907347275138,0.4702
27,0.0,closed,mi_obs,39,-0.015161782953159508,0.822160572310037,0.4702
27,0.0,closed,mi_obs,40,0.03353139982300546,-0.7442995426838167,0.4702
27,0.0,closed,mi_obs,41,0.0679461560953569,-0.0034825762781735617,0.4702
27,0.0,closed,mi_obs,42,-0.033040297638638694,-0.5217455931511834,0.4702
27,0.0,closed,mi_obs,43,-0.030904574552946817,0.33594345852081386,0.4702
27,0.0,closed,mi_obs,44,0.003201701199008977,0.4316989655210128,0.4702
27,0.0,closed,mi_obs,45,0.021831549796847094,0.5677583412160755,0.4702
27,0.0,closed,mi_obs,46,-0.0032745818024688678,-0.5209380430746297,0.4702
27,0.0,closed,mi_obs,47,-0.003972904133867174,-0.001470101784566246,0.4702
27,0.0,closed,mi_obs,48,0.0018577228483806496,-0.37808725713494756,0.4702
27,0.0,closed,mi_obs,49,0.02741088565305455,0.3885287928969761,0.4702
27,0.0,closed,mi_obs,50,-0.01512707771747479,0.25840706233919586,0.4702
27,0.0,closed,mi_obs,51,0.004771419386253584,-0.9405846956468266,0.4702
27,0.0,closed,mi_obs,52,0.047760244984567,-0.0020453358417235135,0.4702
27,0.0,closed,mi_obs,53,0.031746576770773416,-0.3977924916289955,0.4702
27,0.0,closed,mi_obs,54,0.024280003573721842,0.6651567572624143,0.4702
27,0.0,closed,mi_obs,55,-0.02047422890406586,0.3301233337392973,0.4702
27,0.0,closed,mi_obs,56,-0.03340370508377417,0.0055990037054796885,0.4702
27,0.0,closed,mi_obs,57,-0.056012042238826304,0.2906849786744406,0.4702
27,0.0,closed,mi_obs,58,-0.02255655138406598,-0.6619594214389378,0.4702
27,0.0,closed,mi_obs,59,0.05251637684818354,-0.1613020283298286,0.4702
27,0.0,closed,mi_obs,60,-0.14314153101302635,-0.0063166139878093434,0.4702
27,0.0,closed,mi_obs,61,0.04322291969590922,-0.003267938772161274,0.4702
27,0.0,closed,mi_obs,62,0.03754784808855392,0.0020826341368410765,0.4702
27,0.0,closed,mi_obs,63,0.0335265314037784,0.0024213692777915715,0.4702
27,0.0,closed,mi_obs,64,-0.06220266422343812,-0.6300930468666708,0.4702
27,0.0,closed,mi_obs,65,-0.008944555632866056,0.003315822640336632,0.4702
27,0.0,closed,mi_class,0,-0.03262315680216134,0.007606822283138557,0.4702
27,0.0,closed,mi_class,1,0.018241939770171217,0.21211472590361286,0.4702
27,0.0,closed,mi_class,2,0.04901153622846134,-0.0027566066230935004,0.4702
27,0.0,closed,mi_class,3,0.17712375512213635,-0.4866390885306745,0.4702
27,0.0,closed,mi_class,4,-0.03070650607134029,0.12297701422831069,0.4702
27,0.0,closed,mi_class,5,0.04616142152700245,-0.20721499292518594,0.4702
27,0.0,closed,mi_class,6,-0.0605767949440113,0.20472835111465942,0.4702
27,0.0,closed,mi_class,7,0.009122686107994112,-0.002693699376216537,0.4702
27,0.0,closed,mi_class,8,-0.1774078312887996,-0.0006637976553918707,0.4702
27,0.0,closed,mi_class,9,-0.008354219198929945,0.0008051520477387326,0.4702
27,0.0,closed,mi_class,10,-0.05079558088789609,0.0031407436429923114,0.4702
27,0.0,closed,mi_class,11,0.0223645086672698,-0.14864950080917977,0.4702
27,0.0,closed,mi_class,12,0.0001891334590097618,-0.05846533781189602,0.4702
27,0.0,closed,mi_class,13,-0.012284316862471015,-0.08107795658986557,0.4702
27,0.0,closed,mi_class,14,0.09284269923598543,-0.27309126893038554,0.4702
27,0.0,closed,mi_class,15,-0.050379058458672965,0.14348347032455847,0.4702
27,0.0,closed,mi_class,16,0.07983577422061192,-0.19485254165727187,0.4702
27,0.0,closed,mi_class,17,-0.030798430730826155,0.001366223339526994,0.4702
27,0.0,closed,mi_class,18,-0.1595868590938586,0.4791717436058366,0.4702
27,0.0,closed,mi_class,19,0.002034665149675763,0.5033344271165282,0.4702
27,0.0,closed,mi_class,20,0.022529159407993327,-0.3029720895003388,0.4702
27,0.0,closed,mi_class,21,-0.02801040738007099,0.7164523163376328,0.4702
27,0.0,closed,mi_class,22,0.17681495047216178,-0.8453508920821969,0.4702
27,0.0,closed,mi_class,23,0.2733370394814368,-0.5818178585977124,0.4702
27,0.0,closed,mi_class,24,0.4013567950357352,-0.9729159249864551,0.4702
27,0.0,closed,mi_class,25,-0.4458021789306945,0.9115535537086955,0.4702
27,0.0,closed,mi_class,26,0.010965995911770984,0.0034123562257441543,0.4702
27,0.0,closed,mi_class,27,-0.13811565372122214,0.40772414121050193,0.4702
27,0.0,closed,mi_class,28,0.03461565901181829,-0.6825971110622739,0.4702
27,0.0,closed,mi_class,29,0.060226314978275686,-0.3398260964751989,0.4702
27,0.0,closed,mi_class,30,-0.05583137215643719,-0.6276149719815765,0.4702
27,0.0,closed,mi_class,31,0.08301333666074784,-0.41915314055521563,0.4702
27,0.0,closed,mi_class,32,0.1087207975277259,-0.6976193722889811,0.4702
27,0.0,closed,mi_class,33,-0.07679856368808113,0.5786239574783654,0.4702
27,0.0,closed,mi_class,34,-0.015265712907988872,-0.0028810190804153214,0.4702
27,0.0,closed,mi_class,35,-0.0947493035446455,0.4357379836259197,0.4702
27,0.0,closed,mi_class,36,-0.03401397585688137,-0.532391588421216,0.4702
27,0.0,closed,mi_class,37,-0.013708981958308386,-0.6944794448110857,0.4702
27,0.0,closed,mi_class,38,-0.13624459843286324,0.3550907347275138,0.4702
27,0.0,closed,mi_class,39,-0.29801183195364944,0.822160572310037,0.4702
27,0.0,closed,mi_class,40,0.32159139612716736,-0.7442995426838167,0.4702
27,0.0,closed,mi_class,41,-0.00706751559993064,-0.0034825762781735617,0.4702
27,0.0,closed,mi_class,42,0.16723593343261728,-0.5217455931511834,0.4702
27,0.0,closed,mi_class,43,0.02683528570714072,0.33594345852081386,0.4702
27,0.0,closed,mi_class,44,0.05453657075905011,0.4316989655210128,0.4702
27,0.0,closed,mi_class,45,-0.025287529781986562,0.5677583412160755,0.4702
27,0.0,closed,mi_class,46,0.11121521550869706,-0.5209380430746297,0.4702
27,0.0,closed,mi_class,47,0.003165098843035001,-0.001470101784566246,0.4702
27,0.0,closed,mi_class,48,0.21257596703022769,-0.37808725713494756,0.4702
27,0.0,closed,mi_class,49,-0.09647468199965042,0.3885287928969761,0.4702
27,0.0,closed,mi_class,50,-0.08035962873442962,0.25840706233919586,0.4702
27,0.0,closed,mi_class,51,0.16457749472770822,-0.9405846956468266,0.4702
27,0.0,closed,mi_class,52,-0.021851396377218144,-0.0020453358417235135,0.4702
27,0.0,closed,mi_class,53,0.20743094810831778,-0.3977924916289955,0.4702
27,0.0,closed,mi_class,54,-0.14428374862240634,0.6651567572624143,0.4702
27,0.0,closed,mi_class,55,-0.08042787608043414,0.3301233337392973,0.4702
27,0.0,closed,mi_class,56,0.02158227690047889,0.0055990037054796885,0.4702
27,0.0,closed,mi_class,57,-0.17547705914047226,0.2906849786744406,0.4702
27,0.0,closed,mi_class,58,0.20958023964362205,-0.6619594214389378,0.4702
27,0.0,closed,mi_class,59,0.05985095180225661,-0.1613020283298286,0.4702
27,0.0,closed,mi_class,60,-0.016030280746039082,-0.0063166139878093434,0.4702
27,0.0,closed,mi_class,61,-0.029519335538891443,-0.003267938772161274,0.4702
27,0.0,closed,mi_class,62,0.004848896676460157,0.0020826341368410765,0.4702
27,0.0,closed,mi_class,63,0.06392782490624356,0.0024213692777915715,0.4702
27,0.0,closed,mi_class,64,0.19587729326890269,-0.6300930468666708,0.4702
27,0.0,closed,mi_class,65,-0.03904634446099196,0.003315822640336632,0.4702
27,0.0,closed,mi_site,0,-0.0001439590904621646,0.007606822283138557,0.4702
27,0.0,closed,mi_site,1,0.01780235722055215,0.21211472590361286,0.4702
27,0.0,closed,mi_site,2,-0.0059360922175891555,-0.0027566066230935004,0.4702
27,0.0,closed,mi_site,3,-0.04563557712445987,-0.4866390885306745,0.4702
27,0.0,closed,mi_site,4,0.043476809005238384,0.12297701422831069,0.4702
27,0.0,closed,mi_site,5,0.005066107835793504,-0.20721499292518594,0.4702
27,0.0,closed,mi_site,6,-0.009989636098998389,0.20472835111465942,0.4702
27,0.0,closed,mi_site,7,-0.006608977208848617,-0.002693699376216537,0.4702
27,0.0,closed,mi_site,8,-0.007471005372239241,-0.0006637976553918707,0.4702
27,0.0,closed,mi_site,9,-0.001201786421255661,0.0008051520477387326,0.4702
27,0.0,closed,mi_site,10,0.014931066449502978,0.0031407436429923114,0.4702
27,0.0,closed,mi_site,11,-0.01851303409604632,-0.14864950080917977,0.4702
27,0.0,closed,mi_site,12,-0.008369161336195398,-0.05846533781189602,0.4702
27,0.0,closed,mi_site,13,-0.027136262620088003,-0.08107795658986557,0.4702
27,0.0,closed,mi_site,14,-0.030704233558930427,-0.27309126893038554,0.4702
27,0.0,closed,mi_site,15,0.021675697512618886,0.14348347032455847,0.4702
27,0.0,closed,mi_site,16,-0.034927897488996995,-0.19485254165727187,0.4702
27,0.0,closed,mi_site,17,0.006989240532032435,0.001366223339526994,0.4702
27,0.0,closed,mi_site,18,0.06218884248138856,0.4791717436058366,0.4702
27,0.0,closed,mi_site,19,0.03816970696667421,0.5033344271165282,0.4702
27,0.0,closed,mi_site,20,-0.013136243031812544,-0.3029720895003388,0.4702
27,0.0,closed,mi_site,21,0.027893071795512148,0.7164523163376328,0.4702
27,0.0,closed,mi_site,22,0.015862844314458058,-0.8453508920821969,0.4702
27,0.0,closed,mi_site,23,-0.016171412175105537,-0.5818178585977124,0.4702
27,0.0,closed,mi_site,24,0.0114696645556156,-0.9729159249864551,0.4702
27,0.0,closed,mi_site,25,-0.049853172644066635,0.9115535537086955,0.4702
27,0.0,closed,mi_site,26,-0.04219739546827789,0.0034123562257441543,0.4702
27,0.0,closed,mi_site,27,-0.003242753587052616,0.40772414121050193,0.4702
27,0.0,closed,mi_site,28,-0.013659012754143052,-0.6825971110622739,0.4702
27,0.0,closed,mi_site,29,0.008157181235840527,-0.3398260964751989,0.4702
27,0.0,closed,mi_site,30,-0.0011776306093849165,-0.6276149719815765,0.4702
27,0.0,closed,mi_site,31,0.004782729612952841,-0.41915314055521563,0.4702
27,0.0,closed,mi_site,32,-0.00878336563972415,-0.6976193722889811,0.4702
27,0.0,closed,mi_site,33,-0.031104426422363107,0.5786239574783654,0.4702
27,0.0,closed,mi_site,34,-0.05903047670014019,-0.0028810190804153214,0.4702
27,0.0,closed,mi_site,35,0.04134470752461128,0.4357379836259197,0.4702
27,0.0,closed,mi_site,36,-0.029116841558125217,-0.532391588421216,0.4702
27,0.0,closed,mi_site,37,-0.02434669304560899,-0.6944794448110857,0.4702
27,0.0,closed,mi_site,38,-0.001420871219585118,0.3550907347275138,0.4702
27,0.0,closed,mi_site,39,-0.021988628538979094,0.822160572310037,0.4702
27,0.0,closed,mi_site,40,0.04658280612749188,-0.7442995426838167,0.4702
27,0.0,closed,mi_site,41,0.02833541618056778,-0.0034825762781735617,0.4702
27,0.0,closed,mi_site,42,-0.016543942688749924,-0.5217455931511834,0.4702
27,0.0,closed,mi_site,43,-0.047672739039425926,0.33594345852081386,0.4702
27,0.0,closed,mi_site,44,0.002651550746532727,0.4316989655210128,0.4702
27,0.0,closed,mi_site,45,0.01464093547738421,0.5677583412160755,0.4702
27,0.0,closed,mi_site,46,0.01060859367893563,-0.5209380430746297,0.4702
27,0.0,closed,mi_site,47,0.013415623248450102,-0.001470101784566246,0.4702
27,0.0,closed,mi_site,48,-0.0009562390948891775,-0.37808725713494756,0.4702
27,0.0,closed,mi_site,49,0.018781053612513254,0.3885287928969761,0.4702
27,0.0,closed,mi_site,50,-0.00846513998789819,0.25840706233919586,0.4702
27,0.0,closed,mi_site,51,0.01334145904118711,-0.9405846956468266,0.4702
27,0.0,closed,mi_site,52,0.027267712774710295,-0.0020453358417235135,0.4702
27,0.0,closed,mi_site,53,0.03214908142014805,-0.3977924916289955,0.4702
27,0.0,closed,mi_site,54,0.00893768088732072,0.6651567572624143,0.4702
27,0.0,closed,mi_site,55,-0.019858826893285497,0.3301233337392973,0.4702
27,0.0,closed,mi_site,56,-0.019004599433730902,0.0055990037054796885,0.4702
27,0.0,closed,mi_site,57,-0.06686113520839695,0.2906849786744406,0.4702
27,0.0,closed,mi_site,58,0.004602703013757092,-0.6619594214389378,0.4702
27,0.0,closed,mi_site,59,0.05863710892970579,-0.1613020283298286,0.4702
27,0.0,closed,mi_site,60,-0.04182156176980077,-0.0063166139878093434,0.4702
27,0.0,closed,mi_site,61,0.023906804328407798,-0.003267938772161274,0.4702
27,0.0,closed,mi_site,62,0.01144464291740167,0.0020826341368410765,0.4702
27,0.0,closed,mi_site,63,0.03223283684807316,0.0024213692777915715,0.4702
27,0.0,closed,mi_site,64,-0.05207771036613906,-0.6300930468666708,0.4702
27,0.0,closed,mi_site,65,-0.010567976994721166,0.003315822640336632,0.4702
27,1.0,aligned,available,0,-0.004929154697173204,0.001659968614668478,0.4702
27,1.0,aligned,available,1,-0.00783776546218043,0.21404419536605507,0.4702
27,1.0,aligned,available,2,-0.027186165047775587,-0.00495642555109909,0.4702
27,1.0,aligned,available,3,-0.006191217409314831,-0.48741448461426695,0.4702
27,1.0,aligned,available,4,0.012248419810830066,0.12269451278829187,0.4702
27,1.0,aligned,available,5,0.020105726546814,-0.20942211635097185,0.4702
27,1.0,aligned,available,6,-0.025392286926957608,0.20783550606715473,0.4702
27,1.0,aligned,available,7,0.004880541889886291,-0.004392979189260284,0.4702
27,1.0,aligned,available,8,-0.013092391557672804,-0.005042842108348112,0.4702
27,1.0,aligned,available,9,0.006659249398870568,-0.0059526767719738916,0.4702
27,1.0,aligned,available,10,0.004285753017086358,0.009578013164062158,0.4702
27,1.0,aligned,available,11,-0.026126917632841834,-0.15372709501486176,0.4702
27,1.0,aligned,available,12,-0.027188198612476497,-0.06067833478058923,0.4702
27,1.0,aligned,available,13,0.0011345973998530129,-0.07939369414920736,0.4702
27,1.0,aligned,available,14,0.0014846349352710675,-0.26680185869811507,0.4702
27,1.0,aligned,available,15,0.010138292765189572,0.14870654768461145,0.4702
27,1.0,aligned,available,16,-0.005122126311455616,-0.20107909036863603,0.4702
27,1.0,aligned,available,17,-0.013193126551912853,0.0021027868230493077,0.4702
27,1.0,aligned,available,18,-0.006380869280183665,0.4839241264920399,0.4702
27,1.0,aligned,available,19,0.009593234332561318,0.5094312257279232,0.4702
27,1.0,aligned,available,20,-0.0006741523213401601,-0.30683787167335996,0.4702
27,1.0,aligned,available,21,0.007721626763301681,0.7189720064822972,0.4702
27,1.0,aligned,available,22,-0.0003525621236332155,-0.8455047644424595,0.4702
27,1.0,aligned,available,23,0.006740407028708817,-0.5860644452882598,0.4702
27,1.0,aligned,available,24,-0.0001476379826730323,-0.9735545871289648,0.4702
27,1.0,aligned,available,25,0.0018563565756749556,0.9130105340103039,0.4702
27,1.0,aligned,available,26,-0.006499460113554791,0.004025724891003455,0.4702
27,1.0,aligned,available,27,0.011777829872287426,0.4071199459249316,0.4702
27,1.0,aligned,available,28,0.0005093421593929115,-0.6879685880021343,0.4702
27,1.0,aligned,available,29,-0.0026590483116902264,-0.3385970853173711,0.4702
27,1.0,aligned,available,30,0.007057716655111568,-0.6288136734666407,0.4702
27,1.0,aligned,available,31,0.007404234661481213,-0.42564348646098077,0.4702
27,1.0,aligned,available,32,-0.0017823018581132333,-0.700355916150412,0.4702
27,1.0,aligned,available,33,0.0047814174590464775,0.581411996970811,0.4702
27,1.0,aligned,available,34,-0.022131931833948862,-0.002190029015843678,0.4702
27,1.0,aligned,available,35,0.009926942159697028,0.43684915722034257,0.4702
27,1.0,aligned,available,36,0.0012941158854297141,-0.5351824276348506,0.4702
27,1.0,aligned,available,37,0.0016113107849716757,-0.6949308176308673,0.4702
27,1.0,aligned,available,38,-0.01732206624519217,0.3598218056180061,0.4702
27,1.0,aligned,available,39,-0.004059938004790875,0.8228502025825082,0.4702
27,1.0,aligned,available,40,0.003926753117499904,-0.7452729894746821,0.4702
27,1.0,aligned,available,41,0.0009302916675277412,-0.0036675591404171943,0.4702
27,1.0,aligned,available,42,0.010528471440792275,-0.5232213347681125,0.4702
27,1.0,aligned,available,43,-0.01425007196972422,0.34077665786245015,0.4702
27,1.0,aligned,available,44,-0.0041499143864230925,0.43183541111555024,0.4702
27,1.0,aligned,available,45,-0.008652616042704064,0.5721516767903964,0.4702
27,1.0,aligned,available,46,0.004996190877608053,-0.5252976502730013,0.4702
27,1.0,aligned,available,47,0.013176699466060142,-0.0026222153968946567,0.4702
27,1.0,aligned,available,48,-0.007148628201264773,-0.38046718051076744,0.4702
27,1.0,aligned,available,49,-0.01619806192439399,0.3939212035231934,0.4702
27,1.0,aligned,available,50,-0.004583762985675921,0.2610382188126339,0.4702
27,1.0,aligned,available,51,6.12622228177706e-05,-0.9414523820518897,0.4702
27,1.0,aligned,available,52,-5.18654802859138e-05,-0.002658603861517749,0.4702
27,1.0,aligned,available,53,0.0009207127020333106,-0.3972064225413079,0.4702
27,1.0,aligned,available,54,-0.004797555625486116,0.6708904729433041,0.4702
27,1.0,aligned,available,55,0.00110913579179317,0.3288489344487795,0.4702
27,1.0,aligned,available,56,-0.002101547265224279,0.00607235102402644,0.4702
27,1.0,aligned,available,57,0.002072497486780067,0.28966357090932854,0.4702
27,1.0,aligned,available,58,0.007329463134998493,-0.6686630480753879,0.4702
27,1.0,aligned,available,59,-0.003811605988804534,-0.1595709955283059,0.4702
27,1.0,aligned,available,60,-0.00958279755768945,-0.004215584112431731,0.4702
27,1.0,aligned,available,61,-0.00044640354481874714,-0.0036483135572731333,0.4702
27,1.0,aligned,available,62,-0.0034675339498050637,0.0014524030790995692,0.4702
27,1.0,aligned,available,63,0.002870314211137294,0.004356904002148503,0.4702
27,1.0,aligned,available,64,-0.006412663646144345,-0.6316012696941135,0.4702
27,1.0,aligned,available,65,-0.007330790632070061,0.001006587096207538,0.4702
27,1.0,aligned,mi_obs,0,-0.011233022050559555,0.001659968614668478,0.4702
27,1.0,aligned,mi_obs,1,0.015785500567970068,0.21404419536605507,0.4702
27,1.0,aligned,mi_obs,2,-0.019373021098088937,-0.00495642555109909,0.4702
27,1.0,aligned,mi_obs,3,-0.055726094099422085,-0.48741448461426695,0.4702
27,1.0,aligned,mi_obs,4,0.05768783546978844,0.12269451278829187,0.4702
27,1.0,aligned,mi_obs,5,0.010618654921097148,-0.20942211635097185,0.4702
27,1.0,aligned,mi_obs,6,-0.015864613604457733,0.20783550606715473,0.4702
27,1.0,aligned,mi_obs,7,-0.05385360469896105,-0.004392979189260284,0.4702
27,1.0,aligned,mi_obs,8,-0.028991077281166386,-0.005042842108348112,0.4702
27,1.0,aligned,mi_obs,9,-0.0074006918985108205,-0.0059526767719738916,0.4702
27,1.0,aligned,mi_obs,10,0.011181398574694726,0.009578013164062158,0.4702
27,1.0,aligned,mi_obs,11,-0.033818526742911637,-0.15372709501486176,0.4702
27,1.0,aligned,mi_obs,12,-0.01924912968760313,-0.06067833478058923,0.4702
27,1.0,aligned,mi_obs,13,-0.009719167865382405,-0.07939369414920736,0.4702
27,1.0,aligned,mi_obs,14,-0.03884443768835272,-0.26680185869811507,0.4702
27,1.0,aligned,mi_obs,15,0.03816049772883057,0.14870654768461145,0.4702
27,1.0,aligned,mi_obs,16,-0.04977072848677644,-0.20107909036863603,0.4702
27,1.0,aligned,mi_obs,17,-0.01585439284482538,0.0021027868230493077,0.4702
27,1.0,aligned,mi_obs,18,0.0745987739223341,0.4839241264920399,0.4702
27,1.0,aligned,mi_obs,19,0.04632932133738965,0.5094312257279232,0.4702
27,1.0,aligned,mi_obs,20,-0.014947035417634924,-0.30683787167335996,0.4702
27,1.0,aligned,mi_obs,21,0.03674155495985376,0.7189720064822972,0.4702
27,1.0,aligned,mi_obs,22,0.0075721879239422085,-0.8455047644424595,0.4702
27,1.0,aligned,mi_obs,23,-0.013869107575879447,-0.5860644452882598,0.4702
27,1.0,aligned,mi_obs,24,-0.0029453347111685346,-0.9735545871289648,0.4702
27,1.0,aligned,mi_obs,25,-0.012499908108511204,0.9130105340103039,0.4702
27,1.0,aligned,mi_obs,26,-0.09872981130104479,0.004025724891003455,0.4702
27,1.0,aligned,mi_obs,27,0.004461656773758371,0.4071199459249316,0.4702
27,1.0,aligned,mi_obs,28,-0.02306639062322058,-0.6879685880021343,0.4702
27,1.0,aligned,mi_obs,29,0.01902873327145438,-0.3385970853173711,0.4702
27,1.0,aligned,mi_obs,30,-0.006996593006397767,-0.6288136734666407,0.4702
27,1.0,aligned,mi_obs,31,-0.013615646176945218,-0.42564348646098077,0.4702
27,1.0,aligned,mi_obs,32,-0.018952452264071606,-0.700355916150412,0.4702
27,1.0,aligned,mi_obs,33,-0.012549773990991997,0.581411996970811,0.4702
27,1.0,aligned,mi_obs,34,-0.14639656303500725,-0.002190029015843678,0.4702
27,1.0,aligned,mi_obs,35,0.0635210548111621,0.43684915722034257,0.4702
27,1.0,aligned,mi_obs,36,-0.033651208276073374,-0.5351824276348506,0.4702
27,1.0,aligned,mi_obs,37,-0.03393208340498344,-0.6949308176308673,0.4702
27,1.0,aligned,mi_obs,38,-0.00647092623146045,0.3598218056180061,0.4702
27,1.0,aligned,mi_obs,39,-0.020851429886546202,0.8228502025825082,0.4702
27,1.0,aligned,mi_obs,40,0.03398088350072814,-0.7452729894746821,0.4702
27,1.0,aligned,mi_obs,41,0.10672660421081506,-0.0036675591404171943,0.4702
27,1.0,aligned,mi_obs,42,-0.017543124938037002,-0.5232213347681125,0.4702
27,1.0,aligned,mi_obs,43,-0.026309726429476432,0.34077665786245015,0.4702
27,1.0,aligned,mi_obs,44,-0.007531578713342757,0.43183541111555024,0.4702
27,1.0,aligned,mi_obs,45,0.01707047422701058,0.5721516767903964,0.4702
27,1.0,aligned,mi_obs,46,-0.006456069392550723,-0.5252976502730013,0.4702
27,1.0,aligned,mi_obs,47,0.0237460034721108,-0.0026222153968946567,0.4702
27,1.0,aligned,mi_obs,48,-0.021863812431012597,-0.38046718051076744,0.4702
27,1.0,aligned,mi_obs,49,0.012290221315822414,0.3939212035231934,0.4702
27,1.0,aligned,mi_obs,50,0.004613986843342521,0.2610382188126339,0.4702
27,1.0,aligned,mi_obs,51,0.0013196862275334231,-0.9414523820518897,0.4702
27,1.0,aligned,mi_obs,52,0.07150389611715939,-0.002658603861517749,0.4702
27,1.0,aligned,mi_obs,53,0.024319426634220986,-0.3972064225413079,0.4702
27,1.0,aligned,mi_obs,54,0.025029991812963504,0.6708904729433041,0.4702
27,1.0,aligned,mi_obs,55,-0.023312884512619703,0.3288489344487795,0.4702
27,1.0,aligned,mi_obs,56,-0.05710428249718652,0.00607235102402644,0.4702
27,1.0,aligned,mi_obs,57,-0.05131893906140367,0.28966357090932854,0.4702
27,1.0,aligned,mi_obs,58,-0.023377644643610807,-0.6686630480753879,0.4702
27,1.0,aligned,mi_obs,59,0.055765154167569456,-0.1595709955283059,0.4702
27,1.0,aligned,mi_obs,60,-0.16446903358697412,-0.004215584112431731,0.4702
27,1.0,aligned,mi_obs,61,0.04394365304541548,-0.0036483135572731333,0.4702
27,1.0,aligned,mi_obs,62,0.03596727465526325,0.0014524030790995692,0.4702
27,1.0,aligned,mi_obs,63,0.01904205131331552,0.004356904002148503,0.4702
27,1.0,aligned,mi_obs,64,-0.06912933950358013,-0.6316012696941135,0.4702
27,1.0,aligned,mi_obs,65,-0.015327567444148696,0.001006587096207538,0.4702
27,1.0,aligned,mi_class,0,-0.0002460493634274207,0.001659968614668478,0.4702
27,1.0,aligned,mi_class,1,-0.04560304432364451,0.21404419536605507,0.4702
27,1.0,aligned,mi_class,2,0.0009211028645669667,-0.00495642555109909,0.4702
27,1.0,aligned,mi_class,3,0.16464917716375538,-0.48741448461426695,0.4702
27,1.0,aligned,mi_class,4,-0.05349412436687233,0.12269451278829187,0.4702
27,1.0,aligned,mi_class,5,0.04797518808707937,-0.20942211635097185,0.4702
27,1.0,aligned,mi_class,6,0.0022518155839622023,0.20783550606715473,0.4702
27,1.0,aligned,mi_class,7,-0.011163881512423701,-0.004392979189260284,0.4702
27,1.0,aligned,mi_class,8,-0.0010539207410250155,-0.005042842108348112,0.4702
27,1.0,aligned,mi_class,9,-0.12655483525582814,-0.0059526767719738916,0.4702
27,1.0,aligned,mi_class,10,-0.03355659886035341,0.009578013164062158,0.4702
27,1.0,aligned,mi_class,11,0.01758305947170752,-0.15372709501486176,0.4702
27,1.0,aligned,mi_class,12,-0.012168422466748305,-0.06067833478058923,0.4702
27,1.0,aligned,mi_class,13,0.03793110630996195,-0.07939369414920736,0.4702
27,1.0,aligned,mi_class,14,0.10926969996842209,-0.26680185869811507,0.4702
27,1.0,aligned,mi_class,15,-0.04268269316155332,0.14870654768461145,0.4702
27,1.0,aligned,mi_class,16,0.006902652527106229,-0.20107909036863603,0.4702
27,1.0,aligned,mi_class,17,-0.039977943102258724,0.0021027868230493077,0.4702
27,1.0,aligned,mi_class,18,0.0844584907336205,0.4839241264920399,0.4702
27,1.0,aligned,mi_class,19,-0.032645069771623014,0.5094312257279232,0.4702
27,1.0,aligned,mi_class,20,0.01975387972945658,-0.30683787167335996,0.4702
27,1.0,aligned,mi_class,21,-0.03056446274308222,0.7189720064822972,0.4702
27,1.0,aligned,mi_class,22,0.3572037505237904,-0.8455047644424595,0.4702
27,1.0,aligned,mi_class,23,0.2829664965580151,-0.5860644452882598,0.4702
27,1.0,aligned,mi_class,24,0.4015947705571512,-0.9735545871289648,0.4702
27,1.0,aligned,mi_class,25,-0.1693753675327494,0.9130105340103039,0.4702
27,1.0,aligned,mi_class,26,0.04620188172719586,0.004025724891003455,0.4702
27,1.0,aligned,mi_class,27,-0.022556091770754683,0.4071199459249316,0.4702
27,1.0,aligned,mi_class,28,0.0887575110308314,-0.6879685880021343,0.4702
27,1.0,aligned,mi_class,29,0.05949655716740121,-0.3385970853173711,0.4702
27,1.0,aligned,mi_class,30,0.11276527499782507,-0.6288136734666407,0.4702
27,1.0,aligned,mi_class,31,0.10616163422379332,-0.42564348646098077,0.4702
27,1.0,aligned,mi_class,32,0.12410701515682032,-0.700355916150412,0.4702
27,1.0,aligned,mi_class,33,4.854264364062555e-05,0.581411996970811,0.4702
27,1.0,aligned,mi_class,34,0.005386341186714638,-0.002190029015843678,0.4702
27,1.0,aligned,mi_class,35,0.07782569885471335,0.43684915722034257,0.4702
27,1.0,aligned,mi_class,36,0.029034605811319003,-0.5351824276348506,0.4702
27,1.0,aligned,mi_class,37,-0.005043049898117102,-0.6949308176308673,0.4702
27,1.0,aligned,mi_class,38,-0.08365883756440312,0.3598218056180061,0.4702
27,1.0,aligned,mi_class,39,-0.12672796232372552,0.8228502025825082,0.4702
27,1.0,aligned,mi_class,40,0.14135715980532715,-0.7452729894746821,0.4702
27,1.0,aligned,mi_class,41,-0.017997506142875673,-0.0036675591404171943,0.4702
27,1.0,aligned,mi_class,42,0.10859107518743688,-0.5232213347681125,0.4702
27,1.0,aligned,mi_class,43,-0.10327028232677424,0.34077665786245015,0.4702
27,1.0,aligned,mi_class,44,-0.10929101410378261,0.43183541111555024,0.4702
27,1.0,aligned,mi_class,45,-0.03497247227232503,0.5721516767903964,0.4702
27,1.0,aligned,mi_class,46,0.10448430526482932,-0.5252976502730013,0.4702
27,1.0,aligned,mi_class,47,-0.06005321792144194,-0.0026222153968946567,0.4702
27,1.0,aligned,mi_class,48,0.08731212843121178,-0.38046718051076744,0.4702
27,1.0,aligned,mi_class,49,-0.13390333467810261,0.3939212035231934,0.4702
27,1.0,aligned,mi_class,50,-0.10478517900374312,0.2610382188126339,0.4702
27,1.0,aligned,mi_class,51,0.14707837786903943,-0.9414523820518897,0.4702
27,1.0,aligned,mi_class,52,-0.05140262906570597,-0.002658603861517749,0.4702
27,1.0,aligned,mi_class,53,0.08843160088021534,-0.3972064225413079,0.4702
27,1.0,aligned,mi_class,54,-0.1885661073301096,0.6708904729433041,0.4702
27,1.0,aligned,mi_class,55,-0.08722761961736963,0.3288489344487795,0.4702
27,1.0,aligned,mi_class,56,0.039036623032644,0.00607235102402644,0.4702
27,1.0,aligned,mi_class,57,-0.045087129627308264,0.28966357090932854,0.4702
27,1.0,aligned,mi_class,58,0.0634644653503087,-0.6686630480753879,0.4702
27,1.0,aligned,mi_class,59,0.03220916680779379,-0.1595709955283059,0.4702
27,1.0,aligned,mi_class,60,-0.001674893533499827,-0.004215584112431731,0.4702
27,1.0,aligned,mi_class,61,-0.04228872439717018,-0.0036483135572731333,0.4702
27,1.0,aligned,mi_class,62,-0.015103494718949015,0.0014524030790995692,0.4702
27,1.0,aligned,mi_class,63,0.058994420491413464,0.004356904002148503,0.4702
27,1.0,aligned,mi_class,64,-0.05524967586314078,-0.6316012696941135,0.4702
27,1.0,aligned,mi_class,65,-0.039870935896186545,0.001006587096207538,0.4702
27,1.0,aligned,mi_site,0,0.00045208864137689236,0.001659968614668478,0.4702
27,1.0,aligned,mi_site,1,-0.01879616037712059,0.21404419536605507,0.4702
27,1.0,aligned,mi_site,2,-0.008379208430026685,-0.00495642555109909,0.4702
27,1.0,aligned,mi_site,3,0.029493458597309063,-0.48741448461426695,0.4702
27,1.0,aligned,mi_site,4,0.02972913116816024,0.12269451278829187,0.4702
27,1.0,aligned,mi_site,5,0.03483246914674554,-0.20942211635097185,0.4702
27,1.0,aligned,mi_site,6,-0.03512160783379356,0.20783550606715473,0.4702
27,1.0,aligned,mi_site,7,-0.027612588949444374,-0.004392979189260284,0.4702
27,1.0,aligned,mi_site,8,-0.012352702803370254,-0.005042842108348112,0.4702
27,1.0,aligned,mi_site,9,-0.010680738692693502,-0.0059526767719738916,0.4702
27,1.0,aligned,mi_site,10,0.006519851704125669,0.009578013164062158,0.4702
27,1.0,aligned,mi_site,11,-0.016556637261653795,-0.15372709501486176,0.4702
27,1.0,aligned,mi_site,12,-0.002499565633725928,-0.06067833478058923,0.4702
27,1.0,aligned,mi_site,13,0.007608174174408927,-0.07939369414920736,0.4702
27,1.0,aligned,mi_site,14,-0.017472307189832115,-0.26680185869811507,0.4702
27,1.0,aligned,mi_site,15,0.024677954533665003,0.14870654768461145,0.4702
27,1.0,aligned,mi_site,16,-0.027820030270081675,-0.20107909036863603,0.4702
27,1.0,aligned,mi_site,17,-0.01054405547186934,0.0021027868230493077,0.4702
27,1.0,aligned,mi_site,18,-0.45193049213405934,0.4839241264920399,0.4702
27,1.0,aligned,mi_site,19,-0.4601608035683216,0.5094312257279232,0.4702
27,1.0,aligned,mi_site,20,0.012000514364209403,-0.30683787167335996,0.4702
27,1.0,aligned,mi_site,21,-0.02862938521542191,0.7189720064822972,0.4702
27,1.0,aligned,mi_site,22,0.04865352491408925,-0.8455047644424595,0.4702
27,1.0,aligned,mi_site,23,0.033847268431347555,-0.5860644452882598,0.4702
27,1.0,aligned,mi_site,24,0.02582765548935151,-0.9735545871289648,0.4702
27,1.0,aligned,mi_site,25,-0.0272782655535726,0.9130105340103039,0.4702
27,1.0,aligned,mi_site,26,-0.03500213246820215,0.004025724891003455,0.4702
27,1.0,aligned,mi_site,27,-0.384741957548565,0.4071199459249316,0.4702
27,1.0,aligned,mi_site,28,0.6444072219511799,-0.6879685880021343,0.4702
27,1.0,aligned,mi_site,29,0.03503167965615539,-0.3385970853173711,0.4702
27,1.0,aligned,mi_site,30,0.0666886245238022,-0.6288136734666407,0.4702
27,1.0,aligned,mi_site,31,0.04460511553001739,-0.42564348646098077,0.4702
27,1.0,aligned,mi_site,32,0.06539613105138986,-0.700355916150412,0.4702
27,1.0,aligned,mi_site,33,-0.06857628023446727,0.581411996970811,0.4702
27,1.0,aligned,mi_site,34,-0.06732771772467515,-0.002190029015843678,0.4702
27,1.0,aligned,mi_site,35,-0.4191973426423923,0.43684915722034257,0.4702
27,1.0,aligned,mi_site,36,0.4987881875776041,-0.5351824276348506,0.4702
27,1.0,aligned,mi_site,37,0.07931609080309543,-0.6949308176308673,0.4702
27,1.0,aligned,mi_site,38,-0.021791531852942858,0.3598218056180061,0.4702
27,1.0,aligned,mi_site,39,-0.02583413677723556,0.8228502025825082,0.4702
27,1.0,aligned,mi_site,40,0.030772172893071215,-0.7452729894746821,0.4702
27,1.0,aligned,mi_site,41,0.03170032404896018,-0.0036675591404171943,0.4702
27,1.0,aligned,mi_site,42,0.4997402085362154,-0.5232213347681125,0.4702
27,1.0,aligned,mi_site,43,-0.3203300343897465,0.34077665786245015,0.4702
27,1.0,aligned,mi_site,44,-0.013527132371756123,0.43183541111555024,0.4702
27,1.0,aligned,mi_site,45,-0.011498202660393808,0.5721516767903964,0.4702
27,1.0,aligned,mi_site,46,0.01259312932879153,-0.5252976502730013,0.4702
27,1.0,aligned,mi_site,47,0.004339054554293816,-0.0026222153968946567,0.4702
27,1.0,aligned,mi_site,48,0.3281698226415116,-0.38046718051076744,0.4702
27,1.0,aligned,mi_site,49,-0.40125310831675554,0.3939212035231934,0.4702
27,1.0,aligned,mi_site,50,-0.01078225098199126,0.2610382188126339,0.4702
27,1.0,aligned,mi_site,51,-0.0039552698109707185,-0.9414523820518897,0.4702
27,1.0,aligned,mi_site,52,0.02078098321003656,-0.002658603861517749,0.4702
27,1.0,aligned,mi_site,53,0.37288194200780544,-0.3972064225413079,0.4702
27,1.0,aligned,mi_site,54,-0.6295560710358804,0.6708904729433041,0.4702
27,1.0,aligned,mi_site,55,-0.021033615717609977,0.3288489344487795,0.4702
27,1.0,aligned,mi_site,56,-0.019817600404441933,0.00607235102402644,0.4702
27,1.0,aligned,mi_site,57,-0.2702025549128239,0.28966357090932854,0.4702
27,1.0,aligned,mi_site,58,0.6274206337377356,-0.6686630480753879,0.4702
27,1.0,aligned,mi_site,59,0.037990681868460746,-0.1595709955283059,0.4702
27,1.0,aligned,mi_site,60,-0.01069741488699126,-0.004215584112431731,0.4702
27,1.0,aligned,mi_site,61,-0.006231286672543129,-0.0036483135572731333,0.4702
27,1.0,aligned,mi_site,62,0.010245076211547887,0.0014524030790995692,0.4702
27,1.0,aligned,mi_site,63,0.991290667905939,0.004356904002148503,0.4702
27,1.0,aligned,mi_site,64,0.5967644919131863,-0.6316012696941135,0.4702
27,1.0,aligned,mi_site,65,-0.008893359108611743,0.001006587096207538,0.4702
27,1.0,closed,available,0,-0.00319012536340056,0.001659968614668478,0.4702
27,1.0,closed,available,1,0.00091963125842906,0.21404419536605507,0.4702
27,1.0,closed,available,2,0.0066003989774895645,-0.00495642555109909,0.4702
27,1.0,closed,available,3,-0.0009114324157702414,-0.48741448461426695,0.4702
27,1.0,closed,available,4,0.0009734969961904122,0.12269451278829187,0.4702
27,1.0,closed,available,5,0.0037864286995249186,-0.20942211635097185,0.4702
27,1.0,closed,available,6,-0.005597662922345842,0.20783550606715473,0.4702
27,1.0,closed,available,7,0.015692727973739936,-0.004392979189260284,0.4702
27,1.0,closed,available,8,0.005102304111230155,-0.005042842108348112,0.4702
27,1.0,closed,available,9,0.0028568978237008347,-0.0059526767719738916,0.4702
27,1.0,closed,available,10,0.0024672098355925463,0.009578013164062158,0.4702
27,1.0,closed,available,11,-0.002275348186541265,-0.15372709501486176,0.4702
27,1.0,closed,available,12,-0.01309603246946496,-0.06067833478058923,0.4702
27,1.0,closed,available,13,-0.026654826952589514,-0.07939369414920736,0.4702
27,1.0,closed,available,14,-0.0021469451896216074,-0.26680185869811507,0.4702
27,1.0,closed,available,15,-0.021873459962419683,0.14870654768461145,0.4702
27,1.0,closed,available,16,0.01679632262938341,-0.20107909036863603,0.4702
27,1.0,closed,available,17,-0.006493617292427584,0.0021027868230493077,0.4702
27,1.0,closed,available,18,-0.010423977972726817,0.4839241264920399,0.4702
27,1.0,closed,available,19,-0.00401529531946454,0.5094312257279232,0.4702
27,1.0,closed,available,20,-0.0028373705369287294,-0.30683787167335996,0.4702
27,1.0,closed,available,21,0.00523172992304477,0.7189720064822972,0.4702
27,1.0,closed,available,22,0.0020639647191439403,-0.8455047644424595,0.4702
27,1.0,closed,available,23,0.0027444574675676847,-0.5860644452882598,0.4702
27,1.0,closed,available,24,-0.0007225762805266323,-0.9735545871289648,0.4702
27,1.0,closed,available,25,0.00200882178353623,0.9130105340103039,0.4702
27,1.0,closed,available,26,-0.0149185318621578,0.004025724891003455,0.4702
27,1.0,closed,available,27,-0.019280718976538935,0.4071199459249316,0.4702
27,1.0,closed,available,28,-0.008768063404380189,-0.6879685880021343,0.4702
27,1.0,closed,available,29,0.02619691063405155,-0.3385970853173711,0.4702
27,1.0,closed,available,30,0.014437583809332244,-0.6288136734666407,0.4702
27,1.0,closed,available,31,0.013334574525465659,-0.42564348646098077,0.4702
27,1.0,closed,available,32,0.0036402429618944687,-0.700355916150412,0.4702
27,1.0,closed,available,33,-0.007006343876109988,0.581411996970811,0.4702
27,1.0,closed,available,34,0.0028226093773286126,-0.002190029015843678,0.4702
27,1.0,closed,available,35,-0.008902112089111403,0.43684915722034257,0.4702
27,1.0,closed,available,36,-0.0231377535732481,-0.5351824276348506,0.4702
27,1.0,closed,available,37,0.01337994329993053,-0.6949308176308673,0.4702
27,1.0,closed,available,38,0.003344173610535739,0.3598218056180061,0.4702
27,1.0,closed,available,39,-0.003215870605195681,0.8228502025825082,0.4702
27,1.0,closed,available,40,0.004697606891016282,-0.7452729894746821,0.4702
27,1.0,closed,available,41,0.005482440777908385,-0.0036675591404171943,0.4702
27,1.0,closed,available,42,-0.019184410277956254,-0.5232213347681125,0.4702
27,1.0,closed,available,43,-0.003479429131782452,0.34077665786245015,0.4702
27,1.0,closed,available,44,-0.00081278758245662,0.43183541111555024,0.4702
27,1.0,closed,available,45,0.003402046982357465,0.5721516767903964,0.4702
27,1.0,closed,available,46,-0.0005263747111091677,-0.5252976502730013,0.4702
27,1.0,closed,available,47,0.01278915369523698,-0.0026222153968946567,0.4702
27,1.0,closed,available,48,0.010693810637833867,-0.38046718051076744,0.4702
27,1.0,closed,available,49,-0.0033716976916519648,0.3939212035231934,0.4702
27,1.0,closed,available,50,-0.0012498831110706043,0.2610382188126339,0.4702
27,1.0,closed,available,51,0.0007843613257272342,-0.9414523820518897,0.4702
27,1.0,closed,available,52,0.01225585541710338,-0.002658603861517749,0.4702
27,1.0,closed,available,53,-0.009706087610437009,-0.3972064225413079,0.4702
27,1.0,closed,available,54,-0.0009849881346594147,0.6708904729433041,0.4702
27,1.0,closed,available,55,-0.0031019975966952718,0.3288489344487795,0.4702
27,1.0,closed,available,56,-0.008909643342626594,0.00607235102402644,0.4702
27,1.0,closed,available,57,0.009115538884423013,0.28966357090932854,0.4702
27,1.0,closed,available,58,-0.0014912488543025182,-0.6686630480753879,0.4702
27,1.0,closed,available,59,0.005967304234404336,-0.1595709955283059,0.4702
27,1.0,closed,available,60,-0.00268340689947056,-0.004215584112431731,0.4702
27,1.0,closed,available,61,0.009608740723062524,-0.0036483135572731333,0.4702
27,1.0,closed,available,62,0.008406128143347878,0.0014524030790995692,0.4702
27,1.0,closed,available,63,-0.003530703783265728,0.004356904002148503,0.4702
27,1.0,closed,available,64,0.006682207271114571,-0.6316012696941135,0.4702
27,1.0,closed,available,65,0.0009599417860669793,0.001006587096207538,0.4702
27,1.0,closed,mi_obs,0,-0.005338756583005363,0.001659968614668478,0.4702
27,1.0,closed,mi_obs,1,0.01678518810080648,0.21404419536605507,0.4702
27,1.0,closed,mi_obs,2,0.002648417020027015,-0.00495642555109909,0.4702
27,1.0,closed,mi_obs,3,-0.050722372008755956,-0.48741448461426695,0.4702
27,1.0,closed,mi_obs,4,0.06648686454280416,0.12269451278829187,0.4702
27,1.0,closed,mi_obs,5,0.011570207688143985,-0.20942211635097185,0.4702
27,1.0,closed,mi_obs,6,-0.012844215531850278,0.20783550606715473,0.4702
27,1.0,closed,mi_obs,7,-0.02672238649727789,-0.004392979189260284,0.4702
27,1.0,closed,mi_obs,8,0.0007420901532264948,-0.005042842108348112,0.4702
27,1.0,closed,mi_obs,9,0.0063040375128456195,-0.0059526767719738916,0.4702
27,1.0,closed,mi_obs,10,0.01447817177320052,0.009578013164062158,0.4702
27,1.0,closed,mi_obs,11,-0.031525211758799854,-0.15372709501486176,0.4702
27,1.0,closed,mi_obs,12,-0.011396910330418994,-0.06067833478058923,0.4702
27,1.0,closed,mi_obs,13,-0.014825820066491274,-0.07939369414920736,0.4702
27,1.0,closed,mi_obs,14,-0.037135102128050435,-0.26680185869811507,0.4702
27,1.0,closed,mi_obs,15,0.027576951405767325,0.14870654768461145,0.4702
27,1.0,closed,mi_obs,16,-0.04521772858410458,-0.20107909036863603,0.4702
27,1.0,closed,mi_obs,17,0.002999353546354819,0.0021027868230493077,0.4702
27,1.0,closed,mi_obs,18,0.0746867841867706,0.4839241264920399,0.4702
27,1.0,closed,mi_obs,19,0.04243652982365287,0.5094312257279232,0.4702
27,1.0,closed,mi_obs,20,-0.01501402605493296,-0.30683787167335996,0.4702
27,1.0,closed,mi_obs,21,0.038117893185489415,0.7189720064822972,0.4702
27,1.0,closed,mi_obs,22,-0.00011986606705194358,-0.8455047644424595,0.4702
27,1.0,closed,mi_obs,23,8.177570604328555e-05,-0.5860644452882598,0.4702
27,1.0,closed,mi_obs,24,-0.004505523594706906,-0.9735545871289648,0.4702
27,1.0,closed,mi_obs,25,-0.012759203336905167,0.9130105340103039,0.4702
27,1.0,closed,mi_obs,26,-0.0905045936947179,0.004025724891003455,0.4702
27,1.0,closed,mi_obs,27,0.0027358064806700666,0.4071199459249316,0.4702
27,1.0,closed,mi_obs,28,-0.018863708626589037,-0.6879685880021343,0.4702
27,1.0,closed,mi_obs,29,0.020146071006384658,-0.3385970853173711,0.4702
27,1.0,closed,mi_obs,30,-0.02375122049822298,-0.6288136734666407,0.4702
27,1.0,closed,mi_obs,31,0.02636994636099882,-0.42564348646098077,0.4702
27,1.0,closed,mi_obs,32,-0.01707720433858695,-0.700355916150412,0.4702
27,1.0,closed,mi_obs,33,-0.012702283963861638,0.581411996970811,0.4702
27,1.0,closed,mi_obs,34,-0.1641323741228147,-0.002190029015843678,0.4702
27,1.0,closed,mi_obs,35,0.05127505887656414,0.43684915722034257,0.4702
27,1.0,closed,mi_obs,36,-0.03799431073697479,-0.5351824276348506,0.4702
27,1.0,closed,mi_obs,37,-0.03602261293528297,-0.6949308176308673,0.4702
27,1.0,closed,mi_obs,38,-0.008929810286152917,0.3598218056180061,0.4702
27,1.0,closed,mi_obs,39,-0.014059984495883637,0.8228502025825082,0.4702
27,1.0,closed,mi_obs,40,0.03233572847249111,-0.7452729894746821,0.4702
27,1.0,closed,mi_obs,41,0.09526797521048698,-0.0036675591404171943,0.4702
27,1.0,closed,mi_obs,42,-0.04533443988446628,-0.5232213347681125,0.4702
27,1.0,closed,mi_obs,43,-0.022766758732653436,0.34077665786245015,0.4702
27,1.0,closed,mi_obs,44,-0.0031741799015113092,0.43183541111555024,0.4702
27,1.0,closed,mi_obs,45,0.015648037831428763,0.5721516767903964,0.4702
27,1.0,closed,mi_obs,46,-0.0030339540315851288,-0.5252976502730013,0.4702
27,1.0,closed,mi_obs,47,0.006067054503248403,-0.0026222153968946567,0.4702
27,1.0,closed,mi_obs,48,0.00032183119400763793,-0.38046718051076744,0.4702
27,1.0,closed,mi_obs,49,0.001216253004529877,0.3939212035231934,0.4702
27,1.0,closed,mi_obs,50,-0.013257559057088336,0.2610382188126339,0.4702
27,1.0,closed,mi_obs,51,0.0037356922634774747,-0.9414523820518897,0.4702
27,1.0,closed,mi_obs,52,0.06971123704019529,-0.002658603861517749,0.4702
27,1.0,closed,mi_obs,53,0.016453762198181676,-0.3972064225413079,0.4702
27,1.0,closed,mi_obs,54,0.019903174051847383,0.6708904729433041,0.4702
27,1.0,closed,mi_obs,55,-0.02657495243494895,0.3288489344487795,0.4702
27,1.0,closed,mi_obs,56,-0.05247781147832923,0.00607235102402644,0.4702
27,1.0,closed,mi_obs,57,-0.041115704618047394,0.28966357090932854,0.4702
27,1.0,closed,mi_obs,58,-0.023948094795583463,-0.6686630480753879,0.4702
27,1.0,closed,mi_obs,59,0.06355334284002079,-0.1595709955283059,0.4702
27,1.0,closed,mi_obs,60,-0.16242602366046208,-0.004215584112431731,0.4702
27,1.0,closed,mi_obs,61,0.05318571156328714,-0.0036483135572731333,0.4702
27,1.0,closed,mi_obs,62,0.057468568973964934,0.0014524030790995692,0.4702
27,1.0,closed,mi_obs,63,0.04466676482152183,0.004356904002148503,0.4702
27,1.0,closed,mi_obs,64,-0.05965332577046123,-0.6316012696941135,0.4702
27,1.0,closed,mi_obs,65,-0.01048900260669815,0.001006587096207538,0.4702
27,1.0,closed,mi_class,0,0.09261533421997842,0.001659968614668478,0.4702
27,1.0,closed,mi_class,1,-0.03575811638459722,0.21404419536605507,0.4702
27,1.0,closed,mi_class,2,-0.0177365231315177,-0.00495642555109909,0.4702
27,1.0,closed,mi_class,3,0.2908170671150227,-0.48741448461426695,0.4702
27,1.0,closed,mi_class,4,-0.041839816669792126,0.12269451278829187,0.4702
27,1.0,closed,mi_class,5,0.07342693959805813,-0.20942211635097185,0.4702
27,1.0,closed,mi_class,6,-0.07344863297480159,0.20783550606715473,0.4702
27,1.0,closed,mi_class,7,0.02063351224956357,-0.004392979189260284,0.4702
27,1.0,closed,mi_class,8,0.17751308869223087,-0.005042842108348112,0.4702
27,1.0,closed,mi_class,9,0.0150249901949525,-0.0059526767719738916,0.4702
27,1.0,closed,mi_class,10,0.12538959072082048,0.009578013164062158,0.4702
27,1.0,closed,mi_class,11,0.0325293538325397,-0.15372709501486176,0.4702
27,1.0,closed,mi_class,12,-0.004394977981657708,-0.06067833478058923,0.4702
27,1.0,closed,mi_class,13,0.008105976051210897,-0.07939369414920736,0.4702
27,1.0,closed,mi_class,14,0.09572336390303557,-0.26680185869811507,0.4702
27,1.0,closed,mi_class,15,-0.06395709009904497,0.14870654768461145,0.4702
27,1.0,closed,mi_class,16,0.07186241014130901,-0.20107909036863603,0.4702
27,1.0,closed,mi_class,17,0.01739721591223322,0.0021027868230493077,0.4702
27,1.0,closed,mi_class,18,-0.1989365867969693,0.4839241264920399,0.4702
27,1.0,closed,mi_class,19,-0.0105659508724536,0.5094312257279232,0.4702
27,1.0,closed,mi_class,20,0.024136026924178544,-0.30683787167335996,0.4702
27,1.0,closed,mi_class,21,-0.014814670911761585,0.7189720064822972,0.4702
27,1.0,closed,mi_class,22,0.6398054400639155,-0.8455047644424595,0.4702
27,1.0,closed,mi_class,23,0.23726579054686897,-0.5860644452882598,0.4702
27,1.0,closed,mi_class,24,0.3958841133480986,-0.9735545871289648,0.4702
27,1.0,closed,mi_class,25,-0.29945490711016676,0.9130105340103039,0.4702
27,1.0,closed,mi_class,26,-0.03782574154020133,0.004025724891003455,0.4702
27,1.0,closed,mi_class,27,-0.19872540703468494,0.4071199459249316,0.4702
27,1.0,closed,mi_class,28,0.033492350854645525,-0.6879685880021343,0.4702
27,1.0,closed,mi_class,29,0.06910678720510244,-0.3385970853173711,0.4702
27,1.0,closed,mi_class,30,0.38576846488400895,-0.6288136734666407,0.4702
27,1.0,closed,mi_class,31,0.08080304415885442,-0.42564348646098077,0.4702
27,1.0,closed,mi_class,32,0.12737726171332575,-0.700355916150412,0.4702
27,1.0,closed,mi_class,33,-0.02359665794860577,0.581411996970811,0.4702
27,1.0,closed,mi_class,34,-0.035957471808404015,-0.002190029015843678,0.4702
27,1.0,closed,mi_class,35,-0.30003680976367914,0.43684915722034257,0.4702
27,1.0,closed,mi_class,36,-0.04384765737394758,-0.5351824276348506,0.4702
27,1.0,closed,mi_class,37,-0.0016022238889024099,-0.6949308176308673,0.4702
27,1.0,closed,mi_class,38,-0.10943424887280012,0.3598218056180061,0.4702
27,1.0,closed,mi_class,39,-0.2992812342701996,0.8228502025825082,0.4702
27,1.0,closed,mi_class,40,0.3986890623357497,-0.7452729894746821,0.4702
27,1.0,closed,mi_class,41,0.008919044121736917,-0.0036675591404171943,0.4702
27,1.0,closed,mi_class,42,0.4275869280541638,-0.5232213347681125,0.4702
27,1.0,closed,mi_class,43,-0.23649763524983985,0.34077665786245015,0.4702
27,1.0,closed,mi_class,44,-0.26823324851191377,0.43183541111555024,0.4702
27,1.0,closed,mi_class,45,0.014127266222770496,0.5721516767903964,0.4702
27,1.0,closed,mi_class,46,0.0076307150787296996,-0.5252976502730013,0.4702
27,1.0,closed,mi_class,47,0.03969157714106451,-0.0026222153968946567,0.4702
27,1.0,closed,mi_class,48,0.23446000783968385,-0.38046718051076744,0.4702
27,1.0,closed,mi_class,49,-0.07634485689168441,0.3939212035231934,0.4702
27,1.0,closed,mi_class,50,-0.061367967131631895,0.2610382188126339,0.4702
27,1.0,closed,mi_class,51,0.03105359491634352,-0.9414523820518897,0.4702
27,1.0,closed,mi_class,52,0.04509742809308699,-0.002658603861517749,0.4702
27,1.0,closed,mi_class,53,0.24007417831201405,-0.3972064225413079,0.4702
27,1.0,closed,mi_class,54,-0.13396134896193135,0.6708904729433041,0.4702
27,1.0,closed,mi_class,55,-0.08699069893002695,0.3288489344487795,0.4702
27,1.0,closed,mi_class,56,-0.04527716120686747,0.00607235102402644,0.4702
27,1.0,closed,mi_class,57,-0.15984992014948163,0.28966357090932854,0.4702
27,1.0,closed,mi_class,58,0.07610734238424177,-0.6686630480753879,0.4702
27,1.0,closed,mi_class,59,0.017077356102815383,-0.1595709955283059,0.4702
27,1.0,closed,mi_class,60,0.012558752638401973,-0.004215584112431731,0.4702
27,1.0,closed,mi_class,61,0.04565417535883396,-0.0036483135572731333,0.4702
27,1.0,closed,mi_class,62,-0.014397951158652686,0.0014524030790995692,0.4702
27,1.0,closed,mi_class,63,0.06263115542820212,0.004356904002148503,0.4702
27,1.0,closed,mi_class,64,0.29153993163186886,-0.6316012696941135,0.4702
27,1.0,closed,mi_class,65,-0.0339859349381387,0.001006587096207538,0.4702
27,1.0,closed,mi_site,0,-0.005472615131463691,0.001659968614668478,0.4702
27,1.0,closed,mi_site,1,0.01523807944806671,0.21404419536605507,0.4702
27,1.0,closed,mi_site,2,0.0024411112616172944,-0.00495642555109909,0.4702
27,1.0,closed,mi_site,3,-0.04769017451257884,-0.48741448461426695,0.4702
27,1.0,closed,mi_site,4,0.060683555170209444,0.12269451278829187,0.4702
27,1.0,closed,mi_site,5,0.012259446592179368,-0.20942211635097185,0.4702
27,1.0,closed,mi_site,6,-0.012123464897545622,0.20783550606715473,0.4702
27,1.0,closed,mi_site,7,-0.013681824748338654,-0.004392979189260284,0.4702
27,1.0,closed,mi_site,8,0.0014978629694570463,-0.005042842108348112,0.4702
27,1.0,closed,mi_site,9,-0.0003366524797605427,-0.0059526767719738916,0.4702
27,1.0,closed,mi_site,10,0.01314066027501225,0.009578013164062158,0.4702
27,1.0,closed,mi_site,11,-0.018770782990937346,-0.15372709501486176,0.4702
27,1.0,closed,mi_site,12,-0.020168934318009882,-0.06067833478058923,0.4702
27,1.0,closed,mi_site,13,-0.027278346697101316,-0.07939369414920736,0.4702
27,1.0,closed,mi_site,14,-0.03848948427470539,-0.26680185869811507,0.4702
27,1.0,closed,mi_site,15,0.019125126327644654,0.14870654768461145,0.4702
27,1.0,closed,mi_site,16,-0.03744310627515862,-0.20107909036863603,0.4702
27,1.0,closed,mi_site,17,-0.010888762302435483,0.0021027868230493077,0.4702
27,1.0,closed,mi_site,18,0.0745099346590053,0.4839241264920399,0.4702
27,1.0,closed,mi_site,19,0.03390210696836382,0.5094312257279232,0.4702
27,1.0,closed,mi_site,20,-0.013515651477746526,-0.30683787167335996,0.4702
27,1.0,closed,mi_site,21,0.02248926137605023,0.7189720064822972,0.4702
27,1.0,closed,mi_site,22,0.01330904567938207,-0.8455047644424595,0.4702
27,1.0,closed,mi_site,23,-0.00023962661741561142,-0.5860644452882598,0.4702
27,1.0,closed,mi_site,24,0.001423294598543734,-0.9735545871289648,0.4702
27,1.0,closed,mi_site,25,-0.02923361357930998,0.9130105340103039,0.4702
27,1.0,closed,mi_site,26,-0.06440187511426546,0.004025724891003455,0.4702
27,1.0,closed,mi_site,27,-0.003188332091752233,0.4071199459249316,0.4702
27,1.0,closed,mi_site,28,-0.014949625655240495,-0.6879685880021343,0.4702
27,1.0,closed,mi_site,29,0.016065031363475868,-0.3385970853173711,0.4702
27,1.0,closed,mi_site,30,0.006189840543193492,-0.6288136734666407,0.4702
27,1.0,closed,mi_site,31,0.015826278127823445,-0.42564348646098077,0.4702
27,1.0,closed,mi_site,32,-0.005542242600396152,-0.700355916150412,0.4702
27,1.0,closed,mi_site,33,-0.03495809986067322,0.581411996970811,0.4702
27,1.0,closed,mi_site,34,-0.1060569113736694,-0.002190029015843678,0.4702
27,1.0,closed,mi_site,35,0.04155034100554145,0.43684915722034257,0.4702
27,1.0,closed,mi_site,36,-0.03557552383645968,-0.5351824276348506,0.4702
27,1.0,closed,mi_site,37,-0.020448436561291583,-0.6949308176308673,0.4702
27,1.0,closed,mi_site,38,-0.007045961326613337,0.3598218056180061,0.4702
27,1.0,closed,mi_site,39,-0.020608436243474637,0.8228502025825082,0.4702
27,1.0,closed,mi_site,40,0.043039812390820886,-0.7452729894746821,0.4702
27,1.0,closed,mi_site,41,0.06540612830962504,-0.0036675591404171943,0.4702
27,1.0,closed,mi_site,42,-0.03675820680959885,-0.5232213347681125,0.4702
27,1.0,closed,mi_site,43,-0.03940491776001526,0.34077665786245015,0.4702
27,1.0,closed,mi_site,44,-0.004051949981037695,0.43183541111555024,0.4702
27,1.0,closed,mi_site,45,0.009755632988960317,0.5721516767903964,0.4702
27,1.0,closed,mi_site,46,0.0063730652389139,-0.5252976502730013,0.4702
27,1.0,closed,mi_site,47,0.02893498296784723,-0.0026222153968946567,0.4702
27,1.0,closed,mi_site,48,0.000692028583869353,-0.38046718051076744,0.4702
27,1.0,closed,mi_site,49,-0.006930007449961417,0.3939212035231934,0.4702
27,1.0,closed,mi_site,50,-0.0026023221603049818,0.2610382188126339,0.4702
27,1.0,closed,mi_site,51,0.010747953261528886,-0.9414523820518897,0.4702
27,1.0,closed,mi_site,52,0.05405537588931483,-0.002658603861517749,0.4702
27,1.0,closed,mi_site,53,0.01899164699658129,-0.3972064225413079,0.4702
27,1.0,closed,mi_site,54,0.013170549952147614,0.6708904729433041,0.4702
27,1.0,closed,mi_site,55,-0.02390587272147049,0.3288489344487795,0.4702
27,1.0,closed,mi_site,56,-0.03906080243704011,0.00607235102402644,0.4702
27,1.0,closed,mi_site,57,-0.05123876805234273,0.28966357090932854,0.4702
27,1.0,closed,mi_site,58,-0.009777444345557385,-0.6686630480753879,0.4702
27,1.0,closed,mi_site,59,0.06697165077542765,-0.1595709955283059,0.4702
27,1.0,closed,mi_site,60,-0.0929542744911023,-0.004215584112431731,0.4702
27,1.0,closed,mi_site,61,0.028261426888468895,-0.0036483135572731333,0.4702
27,1.0,closed,mi_site,62,0.04291191103099098,0.0014524030790995692,0.4702
27,1.0,closed,mi_site,63,0.04256077380227104,0.004356904002148503,0.4702
27,1.0,closed,mi_site,64,-0.05296508399046396,-0.6316012696941135,0.4702
27,1.0,closed,mi_site,65,-0.009491062776583202,0.001006587096207538,0.4702
27,2.0,aligned,available,0,-0.01203371015702497,-0.013296757025581288,0.4702
27,2.0,aligned,available,1,-0.011159908602006358,0.22433712079297882,0.4702
27,2.0,aligned,available,2,-0.033858731142222244,-0.007077080503797599,0.4702
27,2.0,aligned,available,3,0.005580034666750111,-0.49639215518465285,0.4702
27,2.0,aligned,available,4,0.02280061618497202,0.1232437742271844,0.4702
27,2.0,aligned,available,5,0.03443812718289632,-0.21993016430073606,0.4702
27,2.0,aligned,available,6,-0.03908355474804709,0.2212801620506453,0.4702
27,2.0,aligned,available,7,0.004342944725906329,-0.005833252967922842,0.4702
27,2.0,aligned,available,8,-0.027027798331997574,-0.014194053070839591,0.4702
27,2.0,aligned,available,9,0.009183803627816348,-0.024547808977511687,0.4702
27,2.0,aligned,available,10,0.005800345488041009,0.02560334502769014,0.4702
27,2.0,aligned,available,11,-0.031076796240052773,-0.16928391409768004,0.4702
27,2.0,aligned,available,12,-0.024531571218358875,-0.06892456813052167,0.4702
27,2.0,aligned,available,13,0.0031059077387060596,-0.07223688655284302,0.4702
27,2.0,aligned,available,14,-0.00024310711254255102,-0.2508891306877741,0.4702
27,2.0,aligned,available,15,0.012308728077546821,0.16433710741691349,0.4702
27,2.0,aligned,available,16,-0.00763369166708,-0.21887943243999378,0.4702
27,2.0,aligned,available,17,-0.013002652489799304,0.002776850272310031,0.4702
27,2.0,aligned,available,18,-0.012650965100725386,0.4967079363967026,0.4702
27,2.0,aligned,available,19,0.0055226527630903854,0.5269425450917251,0.4702
27,2.0,aligned,available,20,0.0019391201357101817,-0.3160674277986622,0.4702
27,2.0,aligned,available,21,0.006419404318127264,0.7245677351573842,0.4702
27,2.0,aligned,available,22,0.003890925477041063,-0.846029293323464,0.4702
27,2.0,aligned,available,23,0.01176031048382975,-0.595094316928148,0.4702
27,2.0,aligned,available,24,0.0002002866063359754,-0.9752777345403095,0.4702
27,2.0,aligned,available,25,0.0012101914736430963,0.9173326407292384,0.4702
27,2.0,aligned,available,26,-0.005979469222994598,0.0045198324851336985,0.4702
27,2.0,aligned,available,27,0.012039146180653992,0.4022934136602764,0.4702
27,2.0,aligned,available,28,0.0020465128314735015,-0.701985652894352,0.4702
27,2.0,aligned,available,29,0.005720879998191708,-0.3320190762768085,0.4702
27,2.0,aligned,available,30,0.008149373977968444,-0.6298461708926831,0.4702
27,2.0,aligned,available,31,0.015464908934589239,-0.4415626335351002,0.4702
27,2.0,aligned,available,32,-0.0012022535893906339,-0.7068753638368171,0.4702
27,2.0,aligned,available,33,0.006153312946819756,0.5884529316183427,0.4702
27,2.0,aligned,available,34,-0.024264899599440497,-0.0014851174820547316,0.4702
27,2.0,aligned,available,35,0.018566991572853464,0.4356488188404711,0.4702
27,2.0,aligned,available,36,0.007896039039267833,-0.5426617069545309,0.4702
27,2.0,aligned,available,37,0.00733673123321732,-0.6949464377431958,0.4702
27,2.0,aligned,available,38,-0.021931185106865647,0.3697310385637899,0.4702
27,2.0,aligned,available,39,-0.007330136582515578,0.8248342345901365,0.4702
27,2.0,aligned,available,40,0.008555631374722261,-0.7491088463793657,0.4702
27,2.0,aligned,available,41,0.00253435438071431,-0.0037755817030153027,0.4702
27,2.0,aligned,available,42,0.0060869567189509866,-0.5231091250381119,0.4702
27,2.0,aligned,available,43,-0.024044920740194986,0.35391621496717246,0.4702
27,2.0,aligned,available,44,-0.006028851288426118,0.4271691019388711,0.4702
27,2.0,aligned,available,45,-0.011557032655514221,0.5818183134819368,0.4702
27,2.0,aligned,available,46,0.00884490407525107,-0.5347634970614192,0.4702
27,2.0,aligned,available,47,0.013021825023376734,-0.003727620734096212,0.4702
27,2.0,aligned,available,48,-0.001487286382247155,-0.3882729404943345,0.4702
27,2.0,aligned,available,49,-0.022542223619625212,0.4058909581342167,0.4702
27,2.0,aligned,available,50,-0.007256995921687159,0.2675739488453953,0.4702
27,2.0,aligned,available,51,0.0006021569153970008,-0.9440166789447865,0.4702
27,2.0,aligned,available,52,0.0006339894364583631,-0.003188009104052867,0.4702
27,2.0,aligned,available,53,0.005644126244776282,-0.39293055870373234,0.4702
27,2.0,aligned,available,54,-0.009000108912687876,0.6857209197290273,0.4702
27,2.0,aligned,available,55,-0.005306577688890923,0.32279112122882464,0.4702
27,2.0,aligned,available,56,-0.0028430871479132327,0.006402866494214248,0.4702
27,2.0,aligned,available,57,-0.004903129178795929,0.28521575787019826,0.4702
27,2.0,aligned,available,58,0.009563787441796534,-0.6860463930404791,0.4702
27,2.0,aligned,available,59,0.004500269391868872,-0.15294213500733594,0.4702
27,2.0,aligned,available,60,-0.009952993863867611,-0.0021231742084306285,0.4702
27,2.0,aligned,available,61,-0.0003235406087748272,-0.0038760125545787907,0.4702
27,2.0,aligned,available,62,-0.0038169116676376627,0.0008202166867834247,0.4702
27,2.0,aligned,available,63,0.0032100335779796513,0.012153623144287432,0.4702
27,2.0,aligned,available,64,-0.013689056111367948,-0.6322925206185548,0.4702
27,2.0,aligned,available,65,-0.011728679633787403,-0.006542503457527816,0.4702
27,2.0,aligned,mi_obs,0,-0.01580712381054864,-0.013296757025581288,0.4702
27,2.0,aligned,mi_obs,1,0.01189568607932387,0.22433712079297882,0.4702
27,2.0,aligned,mi_obs,2,-0.020278685230951055,-0.007077080503797599,0.4702
27,2.0,aligned,mi_obs,3,-0.05017395316287676,-0.49639215518465285,0.4702
27,2.0,aligned,mi_obs,4,0.06276688272072393,0.1232437742271844,0.4702
27,2.0,aligned,mi_obs,5,0.01390634186524703,-0.21993016430073606,0.4702
27,2.0,aligned,mi_obs,6,-0.018807790841179894,0.2212801620506453,0.4702
27,2.0,aligned,mi_obs,7,-0.05514103789247468,-0.005833252967922842,0.4702
27,2.0,aligned,mi_obs,8,-0.03973005031216081,-0.014194053070839591,0.4702
27,2.0,aligned,mi_obs,9,-0.005528943922465883,-0.024547808977511687,0.4702
27,2.0,aligned,mi_obs,10,0.01329310910003062,0.02560334502769014,0.4702
27,2.0,aligned,mi_obs,11,-0.033321246310560715,-0.16928391409768004,0.4702
27,2.0,aligned,mi_obs,12,-0.017481878074825014,-0.06892456813052167,0.4702
27,2.0,aligned,mi_obs,13,-0.010151941138572734,-0.07223688655284302,0.4702
27,2.0,aligned,mi_obs,14,-0.03991151440535312,-0.2508891306877741,0.4702
27,2.0,aligned,mi_obs,15,0.0374507609520183,0.16433710741691349,0.4702
27,2.0,aligned,mi_obs,16,-0.050064922352217406,-0.21887943243999378,0.4702
27,2.0,aligned,mi_obs,17,-0.011362905873412614,0.002776850272310031,0.4702
27,2.0,aligned,mi_obs,18,0.07233338918964777,0.4967079363967026,0.4702
27,2.0,aligned,mi_obs,19,0.04542819598748382,0.5269425450917251,0.4702
27,2.0,aligned,mi_obs,20,-0.015844005931635763,-0.3160674277986622,0.4702
27,2.0,aligned,mi_obs,21,0.03322686507140904,0.7245677351573842,0.4702
27,2.0,aligned,mi_obs,22,0.009244084144691134,-0.846029293323464,0.4702
27,2.0,aligned,mi_obs,23,-0.008004727757239594,-0.595094316928148,0.4702
27,2.0,aligned,mi_obs,24,-0.0019897048957946417,-0.9752777345403095,0.4702
27,2.0,aligned,mi_obs,25,-0.015922915540480753,0.9173326407292384,0.4702
27,2.0,aligned,mi_obs,26,-0.1026056629488892,0.0045198324851336985,0.4702
27,2.0,aligned,mi_obs,27,-0.001752417778879134,0.4022934136602764,0.4702
27,2.0,aligned,mi_obs,28,-0.020241237941086343,-0.701985652894352,0.4702
27,2.0,aligned,mi_obs,29,0.02149285316859867,-0.3320190762768085,0.4702
27,2.0,aligned,mi_obs,30,-0.0030612619333714175,-0.6298461708926831,0.4702
27,2.0,aligned,mi_obs,31,-0.009369598860623662,-0.4415626335351002,0.4702
27,2.0,aligned,mi_obs,32,-0.01600196004955634,-0.7068753638368171,0.4702
27,2.0,aligned,mi_obs,33,-0.01819858735641411,0.5884529316183427,0.4702
27,2.0,aligned,mi_obs,34,-0.1476716381475033,-0.0014851174820547316,0.4702
27,2.0,aligned,mi_obs,35,0.06379299362539564,0.4356488188404711,0.4702
27,2.0,aligned,mi_obs,36,-0.02801874130789206,-0.5426617069545309,0.4702
27,2.0,aligned,mi_obs,37,-0.03155957864729242,-0.6949464377431958,0.4702
27,2.0,aligned,mi_obs,38,-0.012719590062419406,0.3697310385637899,0.4702
27,2.0,aligned,mi_obs,39,-0.02221341631450935,0.8248342345901365,0.4702
27,2.0,aligned,mi_obs,40,0.037651331275323385,-0.7491088463793657,0.4702
27,2.0,aligned,mi_obs,41,0.10854825471282525,-0.0037755817030153027,0.4702
27,2.0,aligned,mi_obs,42,-0.011135469376521101,-0.5231091250381119,0.4702
27,2.0,aligned,mi_obs,43,-0.029363626742790472,0.35391621496717246,0.4702
27,2.0,aligned,mi_obs,44,-0.010679618234487043,0.4271691019388711,0.4702
27,2.0,aligned,mi_obs,45,0.011917477256125686,0.5818183134819368,0.4702
27,2.0,aligned,mi_obs,46,0.00017350728274490024,-0.5347634970614192,0.4702
27,2.0,aligned,mi_obs,47,0.024970585612299725,-0.003727620734096212,0.4702
27,2.0,aligned,mi_obs,48,-0.01885446342027003,-0.3882729404943345,0.4702
27,2.0,aligned,mi_obs,49,0.005544805717782708,0.4058909581342167,0.4702
27,2.0,aligned,mi_obs,50,0.0034363881704070343,0.2675739488453953,0.4702
27,2.0,aligned,mi_obs,51,0.0029944827291182863,-0.9440166789447865,0.4702
27,2.0,aligned,mi_obs,52,0.07506733859217071,-0.003188009104052867,0.4702
27,2.0,aligned,mi_obs,53,0.029836355221584454,-0.39293055870373234,0.4702
27,2.0,aligned,mi_obs,54,0.021124021911723356,0.6857209197290273,0.4702
27,2.0,aligned,mi_obs,55,-0.026190259910721214,0.32279112122882464,0.4702
27,2.0,aligned,mi_obs,56,-0.05948872389292943,0.006402866494214248,0.4702
27,2.0,aligned,mi_obs,57,-0.06025971837259789,0.28521575787019826,0.4702
27,2.0,aligned,mi_obs,58,-0.01932973481386313,-0.6860463930404791,0.4702
27,2.0,aligned,mi_obs,59,0.06116323884551464,-0.15294213500733594,0.4702
27,2.0,aligned,mi_obs,60,-0.15704818555023767,-0.0021231742084306285,0.4702
27,2.0,aligned,mi_obs,61,0.05058701921799161,-0.0038760125545787907,0.4702
27,2.0,aligned,mi_obs,62,0.03470194429909439,0.0008202166867834247,0.4702
27,2.0,aligned,mi_obs,63,0.02307995024721455,0.012153623144287432,0.4702
27,2.0,aligned,mi_obs,64,-0.07205120826921474,-0.6322925206185548,0.4702
27,2.0,aligned,mi_obs,65,-0.018730051179957914,-0.006542503457527816,0.4702
27,2.0,aligned,mi_class,0,-0.0011797160230259864,-0.013296757025581288,0.4702
27,2.0,aligned,mi_class,1,-0.037195495852381605,0.22433712079297882,0.4702
27,2.0,aligned,mi_class,2,0.019471364412388677,-0.007077080503797599,0.4702
27,2.0,aligned,mi_class,3,0.14982389523645295,-0.49639215518465285,0.4702
27,2.0,aligned,mi_class,4,-0.03194747272435504,0.1232437742271844,0.4702
27,2.0,aligned,mi_class,5,0.03265013854307297,-0.21993016430073606,0.4702
27,2.0,aligned,mi_class,6,0.006234450111671813,0.2212801620506453,0.4702
27,2.0,aligned,mi_class,7,-0.01632216776562267,-0.005833252967922842,0.4702
27,2.0,aligned,mi_class,8,0.01168400653314159,-0.014194053070839591,0.4702
27,2.0,aligned,mi_class,9,0.03502357687240468,-0.024547808977511687,0.4702
27,2.0,aligned,mi_class,10,-0.03346743681321568,0.02560334502769014,0.4702
27,2.0,aligned,mi_class,11,0.020495446416375795,-0.16928391409768004,0.4702
27,2.0,aligned,mi_class,12,-0.005268525693520293,-0.06892456813052167,0.4702
27,2.0,aligned,mi_class,13,0.024844806059739932,-0.07223688655284302,0.4702
27,2.0,aligned,mi_class,14,0.09416614149799818,-0.2508891306877741,0.4702
27,2.0,aligned,mi_class,15,-0.047115693586152016,0.16433710741691349,0.4702
27,2.0,aligned,mi_class,16,0.004525807343035454,-0.21887943243999378,0.4702
27,2.0,aligned,mi_class,17,-0.04645781335770453,0.002776850272310031,0.4702
27,2.0,aligned,mi_class,18,0.07780593390925011,0.4967079363967026,0.4702
27,2.0,aligned,mi_class,19,-0.03615968494120775,0.5269425450917251,0.4702
27,2.0,aligned,mi_class,20,0.027447155189709582,-0.3160674277986622,0.4702
27,2.0,aligned,mi_class,21,-0.03278449954544216,0.7245677351573842,0.4702
27,2.0,aligned,mi_class,22,0.3730989351032505,-0.846029293323464,0.4702
27,2.0,aligned,mi_class,23,0.27744020793352486,-0.595094316928148,0.4702
27,2.0,aligned,mi_class,24,0.4073062551466078,-0.9752777345403095,0.4702
27,2.0,aligned,mi_class,25,-0.17353484213065273,0.9173326407292384,0.4702
27,2.0,aligned,mi_class,26,0.03868659081248966,0.0045198324851336985,0.4702
27,2.0,aligned,mi_class,27,-0.027192230220988434,0.4022934136602764,0.4702
27,2.0,aligned,mi_class,28,0.08419094391381876,-0.701985652894352,0.4702
27,2.0,aligned,mi_class,29,0.060279865936963606,-0.3320190762768085,0.4702
27,2.0,aligned,mi_class,30,0.12134688196865562,-0.6298461708926831,0.4702
27,2.0,aligned,mi_class,31,0.08746111125236544,-0.4415626335351002,0.4702
27,2.0,aligned,mi_class,32,0.1291918564528175,-0.7068753638368171,0.4702
27,2.0,aligned,mi_class,33,-0.004567747538370748,0.5884529316183427,0.4702
27,2.0,aligned,mi_class,34,-0.003935674052118935,-0.0014851174820547316,0.4702
27,2.0,aligned,mi_class,35,0.07434476717315724,0.4356488188404711,0.4702
27,2.0,aligned,mi_class,36,0.0006436156196800713,-0.5426617069545309,0.4702
27,2.0,aligned,mi_class,37,-0.006547339921741724,-0.6949464377431958,0.4702
27,2.0,aligned,mi_class,38,-0.07530203945117253,0.3697310385637899,0.4702
27,2.0,aligned,mi_class,39,-0.13476737262496374,0.8248342345901365,0.4702
27,2.0,aligned,mi_class,40,0.16053216812431925,-0.7491088463793657,0.4702
27,2.0,aligned,mi_class,41,-0.01249196142463867,-0.0037755817030153027,0.4702
27,2.0,aligned,mi_class,42,0.10282265411677283,-0.5231091250381119,0.4702
27,2.0,aligned,mi_class,43,-0.09762788057406757,0.35391621496717246,0.4702
27,2.0,aligned,mi_class,44,-0.10235177689875036,0.4271691019388711,0.4702
27,2.0,aligned,mi_class,45,-0.020416193647287417,0.5818183134819368,0.4702
27,2.0,aligned,mi_class,46,0.09639237765377134,-0.5347634970614192,0.4702
27,2.0,aligned,mi_class,47,-0.04445803864187085,-0.003727620734096212,0.4702
27,2.0,aligned,mi_class,48,0.07284548636887223,-0.3882729404943345,0.4702
27,2.0,aligned,mi_class,49,-0.12366011892480139,0.4058909581342167,0.4702
27,2.0,aligned,mi_class,50,-0.0853697202061772,0.2675739488453953,0.4702
27,2.0,aligned,mi_class,51,0.14884041276512838,-0.9440166789447865,0.4702
27,2.0,aligned,mi_class,52,-0.0434756818156254,-0.003188009104052867,0.4702
27,2.0,aligned,mi_class,53,0.10062550716377106,-0.39293055870373234,0.4702
27,2.0,aligned,mi_class,54,-0.1850721560282993,0.6857209197290273,0.4702
27,2.0,aligned,mi_class,55,-0.08648855937805741,0.32279112122882464,0.4702
27,2.0,aligned,mi_class,56,0.033120331831034806,0.006402866494214248,0.4702
27,2.0,aligned,mi_class,57,-0.0592241272289904,0.28521575787019826,0.4702
27,2.0,aligned,mi_class,58,0.05566133236287263,-0.6860463930404791,0.4702
27,2.0,aligned,mi_class,59,0.037050628340118574,-0.15294213500733594,0.4702
27,2.0,aligned,mi_class,60,-0.011737874978985256,-0.0021231742084306285,0.4702
27,2.0,aligned,mi_class,61,-0.043647973670351004,-0.0038760125545787907,0.4702
27,2.0,aligned,mi_class,62,-0.006712706133101444,0.0008202166867834247,0.4702
27,2.0,aligned,mi_class,63,0.028767919132414672,0.012153623144287432,0.4702
27,2.0,aligned,mi_class,64,-0.057731836348506205,-0.6322925206185548,0.4702
27,2.0,aligned,mi_class,65,-0.03288818742529934,-0.006542503457527816,0.4702
27,2.0,aligned,mi_site,0,-0.0066160537919328095,-0.013296757025581288,0.4702
27,2.0,aligned,mi_site,1,-0.02125706490121046,0.22433712079297882,0.4702
27,2.0,aligned,mi_site,2,-0.013068646379444654,-0.007077080503797599,0.4702
27,2.0,aligned,mi_site,3,0.03638545667916632,-0.49639215518465285,0.4702
27,2.0,aligned,mi_site,4,0.033246335940902774,0.1232437742271844,0.4702
27,2.0,aligned,mi_site,5,0.037900667016070894,-0.21993016430073606,0.4702
27,2.0,aligned,mi_site,6,-0.03694588667923715,0.2212801620506453,0.4702
27,2.0,aligned,mi_site,7,-0.030275574189179887,-0.005833252967922842,0.4702
27,2.0,aligned,mi_site,8,-0.0034534801760185575,-0.014194053070839591,0.4702
27,2.0,aligned,mi_site,9,0.0072272255379979555,-0.024547808977511687,0.4702
27,2.0,aligned,mi_site,10,0.009461687963676801,0.02560334502769014,0.4702
27,2.0,aligned,mi_site,11,-0.019419294952579158,-0.16928391409768004,0.4702
27,2.0,aligned,mi_site,12,-6.19996434260417e-05,-0.06892456813052167,0.4702
27,2.0,aligned,mi_site,13,0.012443683964036618,-0.07223688655284302,0.4702
27,2.0,aligned,mi_site,14,-0.016806085540425286,-0.2508891306877741,0.4702
27,2.0,aligned,mi_site,15,0.02652029558348709,0.16433710741691349,0.4702
27,2.0,aligned,mi_site,16,-0.029359524205985643,-0.21887943243999378,0.4702
27,2.0,aligned,mi_site,17,-0.006858588188288833,0.002776850272310031,0.4702
27,2.0,aligned,mi_site,18,-0.4639661275922611,0.4967079363967026,0.4702
27,2.0,aligned,mi_site,19,-0.47470243546232693,0.5269425450917251,0.4702
27,2.0,aligned,mi_site,20,0.015982032900504595,-0.3160674277986622,0.4702
27,2.0,aligned,mi_site,21,-0.036554364525555716,0.7245677351573842,0.4702
27,2.0,aligned,mi_site,22,0.052218527127444236,-0.846029293323464,0.4702
27,2.0,aligned,mi_site,23,0.03887267693766372,-0.595094316928148,0.4702
27,2.0,aligned,mi_site,24,0.02677684855624196,-0.9752777345403095,0.4702
27,2.0,aligned,mi_site,25,-0.027243390640456555,0.9173326407292384,0.4702
27,2.0,aligned,mi_site,26,-0.03810035420961241,0.0045198324851336985,0.4702
27,2.0,aligned,mi_site,27,-0.37982616298521304,0.4022934136602764,0.4702
27,2.0,aligned,mi_site,28,0.6541406918436425,-0.701985652894352,0.4702
27,2.0,aligned,mi_site,29,0.04305008630157936,-0.3320190762768085,0.4702
27,2.0,aligned,mi_site,30,0.07425141013799497,-0.6298461708926831,0.4702
27,2.0,aligned,mi_site,31,0.05597002974846749,-0.4415626335351002,0.4702
27,2.0,aligned,mi_site,32,0.07294415046063296,-0.7068753638368171,0.4702
27,2.0,aligned,mi_site,33,-0.07502142601937267,0.5884529316183427,0.4702
27,2.0,aligned,mi_site,34,-0.0681686157137885,-0.0014851174820547316,0.4702
27,2.0,aligned,mi_site,35,-0.4174140872072264,0.4356488188404711,0.4702
27,2.0,aligned,mi_site,36,0.5041161738183122,-0.5426617069545309,0.4702
27,2.0,aligned,mi_site,37,0.0879335344041049,-0.6949464377431958,0.4702
27,2.0,aligned,mi_site,38,-0.026369470045511656,0.3697310385637899,0.4702
27,2.0,aligned,mi_site,39,-0.02777699721475635,0.8248342345901365,0.4702
27,2.0,aligned,mi_site,40,0.03283785158918173,-0.7491088463793657,0.4702
27,2.0,aligned,mi_site,41,0.03437732725721366,-0.0037755817030153027,0.4702
27,2.0,aligned,mi_site,42,0.4986989383494736,-0.5231091250381119,0.4702
27,2.0,aligned,mi_site,43,-0.33127046834665164,0.35391621496717246,0.4702
27,2.0,aligned,mi_site,44,-0.015217335380403929,0.4271691019388711,0.4702
27,2.0,aligned,mi_site,45,-0.014984369754167726,0.5818183134819368,0.4702
27,2.0,aligned,mi_site,46,0.016996071353569175,-0.5347634970614192,0.4702
27,2.0,aligned,mi_site,47,0.004268524726526588,-0.003727620734096212,0.4702
27,2.0,aligned,mi_site,48,0.3355610354251272,-0.3882729404943345,0.4702
27,2.0,aligned,mi_site,49,-0.41031383310468067,0.4058909581342167,0.4702
27,2.0,aligned,mi_site,50,-0.01066579259109951,0.2675739488453953,0.4702
27,2.0,aligned,mi_site,51,-0.00359462222509499,-0.9440166789447865,0.4702
27,2.0,aligned,mi_site,52,0.023898110482194302,-0.003188009104052867,0.4702
27,2.0,aligned,mi_site,53,0.36849727577423785,-0.39293055870373234,0.4702
27,2.0,aligned,mi_site,54,-0.639911451020957,0.6857209197290273,0.4702
27,2.0,aligned,mi_site,55,-0.021665511643028046,0.32279112122882464,0.4702
27,2.0,aligned,mi_site,56,-0.022763617179191974,0.006402866494214248,0.4702
27,2.0,aligned,mi_site,57,-0.2659755675079555,0.28521575787019826,0.4702
27,2.0,aligned,mi_site,58,0.6401089628467317,-0.6860463930404791,0.4702
27,2.0,aligned,mi_site,59,0.03895199790272985,-0.15294213500733594,0.4702
27,2.0,aligned,mi_site,60,-0.012655449455123953,-0.0021231742084306285,0.4702
27,2.0,aligned,mi_site,61,-0.005666005388552518,-0.0038760125545787907,0.4702
27,2.0,aligned,mi_site,62,0.008598507743828011,0.0008202166867834247,0.4702
27,2.0,aligned,mi_site,63,0.9831206200681313,0.012153623144287432,0.4702
27,2.0,aligned,mi_site,64,0.5961486472029468,-0.6322925206185548,0.4702
27,2.0,aligned,mi_site,65,-0.0017277527177116375,-0.006542503457527816,0.4702
27,2.0,closed,available,0,-0.0012079403426772366,-0.013296757025581288,0.4702
27,2.0,closed,available,1,-0.008252510898370508,0.22433712079297882,0.4702
27,2.0,closed,available,2,0.003451520670036702,-0.007077080503797599,0.4702
27,2.0,closed,available,3,0.01074820643234764,-0.49639215518465285,0.4702
27,2.0,closed,available,4,-0.0016926557086554966,0.1232437742271844,0.4702
27,2.0,closed,available,5,0.0060469115811826735,-0.21993016430073606,0.4702
27,2.0,closed,available,6,-0.0018813479972770442,0.2212801620506453,0.4702
27,2.0,closed,available,7,-0.0027864358855240563,-0.005833252967922842,0.4702
27,2.0,closed,available,8,-0.027472863810235698,-0.014194053070839591,0.4702
27,2.0,closed,available,9,0.011207803759387772,-0.024547808977511687,0.4702
27,2.0,closed,available,10,0.002056085001045309,0.02560334502769014,0.4702
27,2.0,closed,available,11,-0.004601876928922499,-0.16928391409768004,0.4702
27,2.0,closed,available,12,-0.015453427161478392,-0.06892456813052167,0.4702
27,2.0,closed,available,13,0.007155721524085071,-0.07223688655284302,0.4702
27,2.0,closed,available,14,-0.001059575322577,-0.2508891306877741,0.4702
27,2.0,closed,available,15,-0.003992222632397208,0.16433710741691349,0.4702
27,2.0,closed,available,16,0.0070124288721621075,-0.21887943243999378,0.4702
27,2.0,closed,available,17,-0.006457468320012039,0.002776850272310031,0.4702
27,2.0,closed,available,18,0.000727684687723551,0.4967079363967026,0.4702
27,2.0,closed,available,19,-0.008600931794845446,0.5269425450917251,0.4702
27,2.0,closed,available,20,0.007919945258085148,-0.3160674277986622,0.4702
27,2.0,closed,available,21,-0.008104244492759038,0.7245677351573842,0.4702
27,2.0,closed,available,22,-0.0040795502877678524,-0.846029293323464,0.4702
27,2.0,closed,available,23,0.002271942410369543,-0.595094316928148,0.4702
27,2.0,closed,available,24,0.0003488615206289625,-0.9752777345403095,0.4702
27,2.0,closed,available,25,3.110678307738368e-05,0.9173326407292384,0.4702
27,2.0,closed,available,26,-0.030629407394397904,0.0045198324851336985,0.4702
27,2.0,closed,available,27,-0.014285563667878975,0.4022934136602764,0.4702
27,2.0,closed,available,28,0.008512544846109638,-0.701985652894352,0.4702
27,2.0,closed,available,29,0.001626037430103533,-0.3320190762768085,0.4702
27,2.0,closed,available,30,0.015509331959397077,-0.6298461708926831,0.4702
27,2.0,closed,available,31,0.00698545970104214,-0.4415626335351002,0.4702
27,2.0,closed,available,32,0.0011522562804127112,-0.7068753638368171,0.4702
27,2.0,closed,available,33,-0.003276894410649822,0.5884529316183427,0.4702
27,2.0,closed,available,34,-0.015849102164776814,-0.0014851174820547316,0.4702
27,2.0,closed,available,35,-0.03217037340324125,0.4356488188404711,0.4702
27,2.0,closed,available,36,0.028537785642902103,-0.5426617069545309,0.4702
27,2.0,closed,available,37,-0.001254698566635959,-0.6949464377431958,0.4702
27,2.0,closed,available,38,0.007795638180773834,0.3697310385637899,0.4702
27,2.0,closed,available,39,0.006859164098969028,0.8248342345901365,0.4702
27,2.0,closed,available,40,-0.009258256541824883,-0.7491088463793657,0.4702
27,2.0,closed,available,41,0.0005918754150705907,-0.0037755817030153027,0.4702
27,2.0,closed,available,42,0.01991991687313177,-0.5231091250381119,0.4702
27,2.0,closed,available,43,0.0019930495123189895,0.35391621496717246,0.4702
27,2.0,closed,available,44,0.0037868220017488463,0.4271691019388711,0.4702
27,2.0,closed,available,45,0.002749838870387933,0.5818183134819368,0.4702
27,2.0,closed,available,46,-0.004396297275810812,-0.5347634970614192,0.4702
27,2.0,closed,available,47,0.0010876815257157332,-0.003727620734096212,0.4702
27,2.0,closed,available,48,-0.004334506576421371,-0.3882729404943345,0.4702
27,2.0,closed,available,49,0.013691798666511212,0.4058909581342167,0.4702
27,2.0,closed,available,50,-0.005863927505480093,0.2675739488453953,0.4702
27,2.0,closed,available,51,-0.0010218985391013957,-0.9440166789447865,0.4702
27,2.0,closed,available,52,0.0016470207470921042,-0.003188009104052867,0.4702
27,2.0,closed,available,53,-4.5466243053571276e-05,-0.39293055870373234,0.4702
27,2.0,closed,available,54,-0.0020255078359756595,0.6857209197290273,0.4702
27,2.0,closed,available,55,0.007649110198749864,0.32279112122882464,0.4702
27,2.0,closed,available,56,-0.0025179427010232304,0.006402866494214248,0.4702
27,2.0,closed,available,57,0.0018049881962423076,0.28521575787019826,0.4702
27,2.0,closed,available,58,0.0048751624477317845,-0.6860463930404791,0.4702
27,2.0,closed,available,59,-0.011411090020917725,-0.15294213500733594,0.4702
27,2.0,closed,available,60,-0.024812518604214535,-0.0021231742084306285,0.4702
27,2.0,closed,available,61,0.0018254680058688425,-0.0038760125545787907,0.4702
27,2.0,closed,available,62,8.875686164025237e-05,0.0008202166867834247,0.4702
27,2.0,closed,available,63,-0.003887740148833023,0.012153623144287432,0.4702
27,2.0,closed,available,64,0.005473924732203206,-0.6322925206185548,0.4702
27,2.0,closed,available,65,-0.0007427425869910766,-0.006542503457527816,0.4702
27,2.0,closed,mi_obs,0,-0.011523649904616394,-0.013296757025581288,0.4702
27,2.0,closed,mi_obs,1,0.009149819930352687,0.22433712079297882,0.4702
27,2.0,closed,mi_obs,2,-0.019802036600812353,-0.007077080503797599,0.4702
27,2.0,closed,mi_obs,3,-0.04596948122626787,-0.49639215518465285,0.4702
27,2.0,closed,mi_obs,4,0.05035145944876336,0.1232437742271844,0.4702
27,2.0,closed,mi_obs,5,0.0075082235598536995,-0.21993016430073606,0.4702
27,2.0,closed,mi_obs,6,-0.0067896970017078395,0.2212801620506453,0.4702
27,2.0,closed,mi_obs,7,-0.04249352918945045,-0.005833252967922842,0.4702
27,2.0,closed,mi_obs,8,-0.021011950264193488,-0.014194053070839591,0.4702
27,2.0,closed,mi_obs,9,-0.001764461260691949,-0.024547808977511687,0.4702
27,2.0,closed,mi_obs,10,0.016818752759033273,0.02560334502769014,0.4702
27,2.0,closed,mi_obs,11,-0.030453079979956138,-0.16928391409768004,0.4702
27,2.0,closed,mi_obs,12,-0.0026439232645584787,-0.06892456813052167,0.4702
27,2.0,closed,mi_obs,13,-0.005007092874858177,-0.07223688655284302,0.4702
27,2.0,closed,mi_obs,14,-0.04206953512267092,-0.2508891306877741,0.4702
27,2.0,closed,mi_obs,15,0.031007093777572575,0.16433710741691349,0.4702
27,2.0,closed,mi_obs,16,-0.044022832541644324,-0.21887943243999378,0.4702
27,2.0,closed,mi_obs,17,0.011263993375811346,0.002776850272310031,0.4702
27,2.0,closed,mi_obs,18,0.07886471651061305,0.4967079363967026,0.4702
27,2.0,closed,mi_obs,19,0.038823257336268235,0.5269425450917251,0.4702
27,2.0,closed,mi_obs,20,-0.006086142099932912,-0.3160674277986622,0.4702
27,2.0,closed,mi_obs,21,0.023443611821924448,0.7245677351573842,0.4702
27,2.0,closed,mi_obs,22,0.0013763679721781052,-0.846029293323464,0.4702
27,2.0,closed,mi_obs,23,-0.006614995601688878,-0.595094316928148,0.4702
27,2.0,closed,mi_obs,24,-0.005253299484609397,-0.9752777345403095,0.4702
27,2.0,closed,mi_obs,25,-0.0038883826273028443,0.9173326407292384,0.4702
27,2.0,closed,mi_obs,26,-0.06407631229979699,0.0045198324851336985,0.4702
27,2.0,closed,mi_obs,27,-0.00842317767749673,0.4022934136602764,0.4702
27,2.0,closed,mi_obs,28,-0.02293461450032097,-0.701985652894352,0.4702
27,2.0,closed,mi_obs,29,0.02081575676382924,-0.3320190762768085,0.4702
27,2.0,closed,mi_obs,30,-0.00950619837592881,-0.6298461708926831,0.4702
27,2.0,closed,mi_obs,31,0.016311887657680102,-0.4415626335351002,0.4702
27,2.0,closed,mi_obs,32,-0.010013542773818385,-0.7068753638368171,0.4702
27,2.0,closed,mi_obs,33,-0.018836238070329525,0.5884529316183427,0.4702
27,2.0,closed,mi_obs,34,-0.14397870506415988,-0.0014851174820547316,0.4702
27,2.0,closed,mi_obs,35,0.0565051808749058,0.4356488188404711,0.4702
27,2.0,closed,mi_obs,36,-0.017185275841640424,-0.5426617069545309,0.4702
27,2.0,closed,mi_obs,37,-0.05005211137479304,-0.6949464377431958,0.4702
27,2.0,closed,mi_obs,38,-0.005303004944249012,0.3697310385637899,0.4702
27,2.0,closed,mi_obs,39,-0.008454958931870538,0.8248342345901365,0.4702
27,2.0,closed,mi_obs,40,0.018974721232648983,-0.7491088463793657,0.4702
27,2.0,closed,mi_obs,41,0.07844768641873068,-0.0037755817030153027,0.4702
27,2.0,closed,mi_obs,42,-0.014984860006124534,-0.5231091250381119,0.4702
27,2.0,closed,mi_obs,43,-0.018812854497639975,0.35391621496717246,0.4702
27,2.0,closed,mi_obs,44,-0.0024738982767607,0.4271691019388711,0.4702
27,2.0,closed,mi_obs,45,0.012636949849194945,0.5818183134819368,0.4702
27,2.0,closed,mi_obs,46,-0.007599377122084472,-0.5347634970614192,0.4702
27,2.0,closed,mi_obs,47,-0.011869606936084697,-0.003727620734096212,0.4702
27,2.0,closed,mi_obs,48,-0.003859014859382337,-0.3882729404943345,0.4702
27,2.0,closed,mi_obs,49,0.015371729271314305,0.4058909581342167,0.4702
27,2.0,closed,mi_obs,50,-0.014975372860810188,0.2675739488453953,0.4702
27,2.0,closed,mi_obs,51,-0.0013099042589471699,-0.9440166789447865,0.4702
27,2.0,closed,mi_obs,52,0.053998181742933395,-0.003188009104052867,0.4702
27,2.0,closed,mi_obs,53,0.029747274417226577,-0.39293055870373234,0.4702
27,2.0,closed,mi_obs,54,0.02099724562336247,0.6857209197290273,0.4702
27,2.0,closed,mi_obs,55,-0.025023226082946493,0.32279112122882464,0.4702
27,2.0,closed,mi_obs,56,-0.045710579506636505,0.006402866494214248,0.4702
27,2.0,closed,mi_obs,57,-0.053684572079159276,0.28521575787019826,0.4702
27,2.0,closed,mi_obs,58,-0.023716521282941327,-0.6860463930404791,0.4702
27,2.0,closed,mi_obs,59,0.05283816856273173,-0.15294213500733594,0.4702
27,2.0,closed,mi_obs,60,-0.14241146058033077,-0.0021231742084306285,0.4702
27,2.0,closed,mi_obs,61,0.04070536815010544,-0.0038760125545787907,0.4702
27,2.0,closed,mi_obs,62,0.037800192675932424,0.0008202166867834247,0.4702
27,2.0,closed,mi_obs,63,0.03170395876792178,0.012153623144287432,0.4702
27,2.0,closed,mi_obs,64,-0.05161075865868214,-0.6322925206185548,0.4702
27,2.0,closed,mi_obs,65,-0.012572024576925845,-0.006542503457527816,0.4702
27,2.0,closed,mi_class,0,0.017344628186865427,-0.013296757025581288,0.4702
27,2.0,closed,mi_class,1,0.01904596815468118,0.22433712079297882,0.4702
27,2.0,closed,mi_class,2,0.00565618858093745,-0.007077080503797599,0.4702
27,2.0,closed,mi_class,3,0.2550739058440022,-0.49639215518465285,0.4702
27,2.0,closed,mi_class,4,-0.02899721991193667,0.1232437742271844,0.4702
27,2.0,closed,mi_class,5,0.05251630633968277,-0.21993016430073606,0.4702
27,2.0,closed,mi_class,6,-0.0014986435370070161,0.2212801620506453,0.4702
27,2.0,closed,mi_class,7,0.005619179824893201,-0.005833252967922842,0.4702
27,2.0,closed,mi_class,8,-0.10417986267812403,-0.014194053070839591,0.4702
27,2.0,closed,mi_class,9,-0.007539570697001077,-0.024547808977511687,0.4702
27,2.0,closed,mi_class,10,0.01609748878365179,0.02560334502769014,0.4702
27,2.0,closed,mi_class,11,0.010559102215013327,-0.16928391409768004,0.4702
27,2.0,closed,mi_class,12,-0.015583121094800284,-0.06892456813052167,0.4702
27,2.0,closed,mi_class,13,0.08514463120305864,-0.07223688655284302,0.4702
27,2.0,closed,mi_class,14,0.07290500347752896,-0.2508891306877741,0.4702
27,2.0,closed,mi_class,15,-0.05175542833390587,0.16433710741691349,0.4702
27,2.0,closed,mi_class,16,0.05019948345734512,-0.21887943243999378,0.4702
27,2.0,closed,mi_class,17,-0.009170134903537446,0.002776850272310031,0.4702
27,2.0,closed,mi_class,18,-0.10195296787974117,0.4967079363967026,0.4702
27,2.0,closed,mi_class,19,0.012068554222930739,0.5269425450917251,0.4702
27,2.0,closed,mi_class,20,0.03419647310852347,-0.3160674277986622,0.4702
27,2.0,closed,mi_class,21,-0.03434062335284249,0.7245677351573842,0.4702
27,2.0,closed,mi_class,22,0.26653119954970317,-0.846029293323464,0.4702
27,2.0,closed,mi_class,23,0.2616454785731048,-0.595094316928148,0.4702
27,2.0,closed,mi_class,24,0.3937498825124871,-0.9752777345403095,0.4702
27,2.0,closed,mi_class,25,-0.18016088734169589,0.9173326407292384,0.4702
27,2.0,closed,mi_class,26,0.03546373950656486,0.0045198324851336985,0.4702
27,2.0,closed,mi_class,27,-0.09681903653177709,0.4022934136602764,0.4702
27,2.0,closed,mi_class,28,0.03311351479347768,-0.701985652894352,0.4702
27,2.0,closed,mi_class,29,0.06360987312942779,-0.3320190762768085,0.4702
27,2.0,closed,mi_class,30,0.1887954783274015,-0.6298461708926831,0.4702
27,2.0,closed,mi_class,31,0.08291052028128748,-0.4415626335351002,0.4702
27,2.0,closed,mi_class,32,0.11838060893452829,-0.7068753638368171,0.4702
27,2.0,closed,mi_class,33,-0.014526770623556784,0.5884529316183427,0.4702
27,2.0,closed,mi_class,34,0.0030518999776930787,-0.0014851174820547316,0.4702
27,2.0,closed,mi_class,35,0.022567893945280637,0.4356488188404711,0.4702
27,2.0,closed,mi_class,36,-0.027979239483201468,-0.5426617069545309,0.4702
27,2.0,closed,mi_class,37,-0.010504329706186977,-0.6949464377431958,0.4702
27,2.0,closed,mi_class,38,-0.2131737510783256,0.3697310385637899,0.4702
27,2.0,closed,mi_class,39,-0.46066632947029423,0.8248342345901365,0.4702
27,2.0,closed,mi_class,40,0.0870782765205581,-0.7491088463793657,0.4702
27,2.0,closed,mi_class,41,-0.03217919552924044,-0.0037755817030153027,0.4702
27,2.0,closed,mi_class,42,0.2241324113621752,-0.5231091250381119,0.4702
27,2.0,closed,mi_class,43,0.023214728095691917,0.35391621496717246,0.4702
27,2.0,closed,mi_class,44,-0.1929284028261732,0.4271691019388711,0.4702
27,2.0,closed,mi_class,45,-0.019211111127370284,0.5818183134819368,0.4702
27,2.0,closed,mi_class,46,0.09813691406652564,-0.5347634970614192,0.4702
27,2.0,closed,mi_class,47,-0.015640738914060728,-0.003727620734096212,0.4702
27,2.0,closed,mi_class,48,0.15156685119356245,-0.3882729404943345,0.4702
27,2.0,closed,mi_class,49,-0.09374067911436362,0.4058909581342167,0.4702
27,2.0,closed,mi_class,50,-0.06254854035419272,0.2675739488453953,0.4702
27,2.0,closed,mi_class,51,0.13450645919798088,-0.9440166789447865,0.4702
27,2.0,closed,mi_class,52,-0.050648383254683044,-0.003188009104052867,0.4702
27,2.0,closed,mi_class,53,0.12891521570593367,-0.39293055870373234,0.4702
27,2.0,closed,mi_class,54,-0.14275993593354896,0.6857209197290273,0.4702
27,2.0,closed,mi_class,55,-0.07604837037721687,0.32279112122882464,0.4702
27,2.0,closed,mi_class,56,0.04136331786437004,0.006402866494214248,0.4702
27,2.0,closed,mi_class,57,-0.014511093957264298,0.28521575787019826,0.4702
27,2.0,closed,mi_class,58,0.03345613607201259,-0.6860463930404791,0.4702
27,2.0,closed,mi_class,59,-0.006666228302415506,-0.15294213500733594,0.4702
27,2.0,closed,mi_class,60,0.036715978749928824,-0.0021231742084306285,0.4702
27,2.0,closed,mi_class,61,-0.02842239878594182,-0.0038760125545787907,0.4702
27,2.0,closed,mi_class,62,-0.010330850262753332,0.0008202166867834247,0.4702
27,2.0,closed,mi_class,63,-0.05046247185912546,0.012153623144287432,0.4702
27,2.0,closed,mi_class,64,0.0951834026826045,-0.6322925206185548,0.4702
27,2.0,closed,mi_class,65,-0.030535112137975554,-0.006542503457527816,0.4702
27,2.0,closed,mi_site,0,-0.008229385707750862,-0.013296757025581288,0.4702
27,2.0,closed,mi_site,1,0.0070483651615976806,0.22433712079297882,0.4702
27,2.0,closed,mi_site,2,-0.0052402216284117824,-0.007077080503797599,0.4702
27,2.0,closed,mi_site,3,-0.040015201999627714,-0.49639215518465285,0.4702
27,2.0,closed,mi_site,4,0.03751509860530049,0.1232437742271844,0.4702
27,2.0,closed,mi_site,5,0.010626741989498728,-0.21993016430073606,0.4702
27,2.0,closed,mi_site,6,-0.008850843097881117,0.2212801620506453,0.4702
27,2.0,closed,mi_site,7,-0.022388927767490935,-0.005833252967922842,0.4702
27,2.0,closed,mi_site,8,-0.013402428598500498,-0.014194053070839591,0.4702
27,2.0,closed,mi_site,9,-0.0038934343423414966,-0.024547808977511687,0.4702
27,2.0,closed,mi_site,10,0.013899018666359668,0.02560334502769014,0.4702
27,2.0,closed,mi_site,11,-0.02297205172912392,-0.16928391409768004,0.4702
27,2.0,closed,mi_site,12,-0.016497464683869048,-0.06892456813052167,0.4702
27,2.0,closed,mi_site,13,-0.0114889978515363,-0.07223688655284302,0.4702
27,2.0,closed,mi_site,14,-0.04085404776740098,-0.2508891306877741,0.4702
27,2.0,closed,mi_site,15,0.02601779149869282,0.16433710741691349,0.4702
27,2.0,closed,mi_site,16,-0.03423322660531178,-0.21887943243999378,0.4702
27,2.0,closed,mi_site,17,-0.0031728681140073623,0.002776850272310031,0.4702
27,2.0,closed,mi_site,18,0.06954148355680184,0.4967079363967026,0.4702
27,2.0,closed,mi_site,19,0.033336730745465615,0.5269425450917251,0.4702
27,2.0,closed,mi_site,20,-0.007931518293872508,-0.3160674277986622,0.4702
27,2.0,closed,mi_site,21,0.020047145030773428,0.7245677351573842,0.4702
27,2.0,closed,mi_site,22,0.015453824281987716,-0.846029293323464,0.4702
27,2.0,closed,mi_site,23,-0.005660663560080881,-0.595094316928148,0.4702
27,2.0,closed,mi_site,24,0.00728297643850806,-0.9752777345403095,0.4702
27,2.0,closed,mi_site,25,-0.03525859227437922,0.9173326407292384,0.4702
27,2.0,closed,mi_site,26,-0.04088092982893868,0.0045198324851336985,0.4702
27,2.0,closed,mi_site,27,-0.018040898958064433,0.4022934136602764,0.4702
27,2.0,closed,mi_site,28,-0.019629735894715283,-0.701985652894352,0.4702
27,2.0,closed,mi_site,29,0.01313320449912564,-0.3320190762768085,0.4702
27,2.0,closed,mi_site,30,0.0028702256300218165,-0.6298461708926831,0.4702
27,2.0,closed,mi_site,31,0.007571558948770707,-0.4415626335351002,0.4702
27,2.0,closed,mi_site,32,-0.005385879832397356,-0.7068753638368171,0.4702
27,2.0,closed,mi_site,33,-0.032266072661814915,0.5884529316183427,0.4702
27,2.0,closed,mi_site,34,-0.09125063332993591,-0.0014851174820547316,0.4702
27,2.0,closed,mi_site,35,0.030091660162278266,0.4356488188404711,0.4702
27,2.0,closed,mi_site,36,-0.022885165829253706,-0.5426617069545309,0.4702
27,2.0,closed,mi_site,37,-0.029587715988552477,-0.6949464377431958,0.4702
27,2.0,closed,mi_site,38,0.0019624842390633113,0.3697310385637899,0.4702
27,2.0,closed,mi_site,39,-0.014576705947242141,0.8248342345901365,0.4702
27,2.0,closed,mi_site,40,0.031517915774683436,-0.7491088463793657,0.4702
27,2.0,closed,mi_site,41,0.048066414376286226,-0.0037755817030153027,0.4702
27,2.0,closed,mi_site,42,0.0028433550738821145,-0.5231091250381119,0.4702
27,2.0,closed,mi_site,43,-0.03036921624291483,0.35391621496717246,0.4702
27,2.0,closed,mi_site,44,-0.0016790583255939517,0.4271691019388711,0.4702
27,2.0,closed,mi_site,45,0.008853576606570712,0.5818183134819368,0.4702
27,2.0,closed,mi_site,46,0.004241275952715506,-0.5347634970614192,0.4702
27,2.0,closed,mi_site,47,-3.3064224840327096e-05,-0.003727620734096212,0.4702
27,2.0,closed,mi_site,48,0.0021458282474972057,-0.3882729404943345,0.4702
27,2.0,closed,mi_site,49,0.008849514832193817,0.4058909581342167,0.4702
27,2.0,closed,mi_site,50,-0.00596991418499393,0.2675739488453953,0.4702
27,2.0,closed,mi_site,51,0.006897273596361608,-0.9440166789447865,0.4702
27,2.0,closed,mi_site,52,0.036444908645392224,-0.003188009104052867,0.4702
27,2.0,closed,mi_site,53,0.03727078688149266,-0.39293055870373234,0.4702
27,2.0,closed,mi_site,54,0.012058495130265912,0.6857209197290273,0.4702
27,2.0,closed,mi_site,55,-0.022802241267141865,0.32279112122882464,0.4702
27,2.0,closed,mi_site,56,-0.03219672426295688,0.006402866494214248,0.4702
27,2.0,closed,mi_site,57,-0.06758071954769565,0.28521575787019826,0.4702
27,2.0,closed,mi_site,58,-0.0007268280230606772,-0.6860463930404791,0.4702
27,2.0,closed,mi_site,59,0.05729872395697365,-0.15294213500733594,0.4702
27,2.0,closed,mi_site,60,-0.07812255242952566,-0.0021231742084306285,0.4702
27,2.0,closed,mi_site,61,0.018538127062601432,-0.0038760125545787907,0.4702
27,2.0,closed,mi_site,62,0.0350707841439016,0.0008202166867834247,0.4702
27,2.0,closed,mi_site,63,0.03369446940361515,0.012153623144287432,0.4702
27,2.0,closed,mi_site,64,-0.040626415968521234,-0.6322925206185548,0.4702
27,2.0,closed,mi_site,65,-0.00837846313141861,-0.006542503457527816,0.4702
