rep,gamma,alignment,estimator,pair,signed_err,truth,miss_rate
23,0.0,aligned,available,0,0.010447138000211686,-0.3561656154339612,0.47415
23,0.0,aligned,available,1,-0.001950322761890777,0.4332125237248421,0.47415
23,0.0,aligned,available,2,-0.014471893370567736,0.01159322380422171,0.47415
23,0.0,aligned,available,3,0.0006486258642831524,-4.8987184341820594e-05,0.47415
23,0.0,aligned,available,4,0.006637034955927032,0.1024276408813668,0.47415
23,0.0,aligned,available,5,0.0033370171969402396,-0.6495341250794552,0.47415
23,0.0,aligned,available,6,-0.007207814025356224,-0.09405509490074393,0.47415
23,0.0,aligned,available,7,-0.00016481807552670702,0.3438016822225134,0.47415
23,0.0,aligned,available,8,-0.018535520963175123,0.5960934336298287,0.47415
23,0.0,aligned,available,9,0.008071122685216814,-0.016769536224738642,0.47415
23,0.0,aligned,available,10,0.009599647357154573,-0.2662163494368617,0.47415
23,0.0,aligned,available,11,-0.000932195201659658,-0.8218697755440103,0.47415
23,0.0,aligned,available,12,-0.0016209624977418496,-0.009946218745982003,0.47415
23,0.0,aligned,available,13,-0.0010319246454070952,0.0008358468342912807,0.47415
23,0.0,aligned,available,14,-0.002646065276404097,-0.5807544598552352,0.47415
23,0.0,aligned,available,15,-0.0002051302466556902,-0.0076567658738267395,0.47415
23,0.0,aligned,available,16,0.0009067999295314655,0.5515451894017164,0.47415
23,0.0,aligned,available,17,0.0017044005025735887,-0.8544628494130297,0.47415
23,0.0,aligned,available,18,0.0011185388350384295,-0.657279841172697,0.47415
23,0.0,aligned,available,19,-0.00394735870182778,0.012372764728540816,0.47415
23,0.0,aligned,available,20,0.00010137268448817682,0.7426066634238548,0.47415
23,0.0,aligned,available,21,0.016112472176313536,0.004843079928546998,0.47415
23,0.0,aligned,available,22,0.004125813042380216,-0.008494432267767138,0.47415
23,0.0,aligned,available,23,0.007331138183955921,0.580833290982393,0.47415
23,0.0,aligned,available,24,0.0007796314421833067,0.00932989974124994,0.47415
23,0.0,aligned,available,25,-0.005175938223394461,-0.6728752963802876,0.47415
23,0.0,aligned,available,26,0.0004920555558998174,0.8049480119483078,0.47415
23,0.0,aligned,available,27,-0.004070468416204509,0.5378285866085177,0.47415
23,0.0,aligned,available,28,0.01291449468881964,-0.009510320307370104,0.47415
23,0.0,aligned,available,29,0.0017737590345985321,-0.60584656344956,0.47415
23,0.0,aligned,available,30,-0.00549947213234212,-0.007947024867730423,0.47415
23,0.0,aligned,available,31,-0.011986618877495095,-0.11764096967588998,0.47415
23,0.0,aligned,available,32,-0.01752065853842511,-0.008290327347401866,0.47415
23,0.0,aligned,available,33,-0.008082393138083399,0.2438729837568059,0.47415
23,0.0,aligned,available,34,-0.0003677688779565886,0.011141600975293039,0.47415
23,0.0,aligned,available,35,0.01434311195557747,0.33240168616025745,0.47415
23,0.0,aligned,available,36,0.0067725252071574316,-0.5094998126293637,0.47415
23,0.0,aligned,available,37,0.0077782437895156775,-0.006556230456736264,0.47415
23,0.0,aligned,available,38,0.0065733676973014354,-0.6387389893834715,0.47415
23,0.0,aligned,available,39,-0.0005248743498107093,0.00297685658891285,0.47415
23,0.0,aligned,available,40,-0.0068300803551686485,0.004829884805520093,0.47415
23,0.0,aligned,available,41,-0.0008277624563272079,-0.4066199551530399,0.47415
23,0.0,aligned,available,42,-0.03708534856084894,-0.003167641257023288,0.47415
23,0.0,aligned,available,43,0.011845088681856004,0.0010337706222644566,0.47415
23,0.0,aligned,available,44,-0.0035540708016044142,-0.5175277883293509,0.47415
23,0.0,aligned,available,45,-0.0037744841163748766,0.21957429842939727,0.47415
23,0.0,aligned,available,46,-0.005631649554984464,-0.4855435945093717,0.47415
23,0.0,aligned,available,47,0.0023718956104008537,0.8590721404782452,0.47415
23,0.0,aligned,available,48,0.04603483217094129,0.16100242437848714,0.47415
23,0.0,aligned,available,49,-0.0014107209551977376,0.058717097835397525,0.47415
23,0.0,aligned,available,50,-0.002896107051416283,-0.09891990389150447,0.47415
23,0.0,aligned,available,51,-0.0006428017153985999,-0.308341027121366,0.47415
23,0.0,aligned,available,52,-0.004340198269292665,0.007481575979613765,0.47415
23,0.0,aligned,available,53,0.001989460311200064,-0.54610209643618,0.47415
23,0.0,aligned,available,54,-0.015410950565101734,0.015379549962906944,0.47415
23,0.0,aligned,available,55,0.006507595188949366,-0.0028685096024568067,0.47415
23,0.0,aligned,available,56,-0.0011919403708083864,-0.5397178151630652,0.47415
23,0.0,aligned,available,57,-0.0032174601967953492,-0.11370027412017637,0.47415
23,0.0,aligned,available,58,0.0036736538915291272,-0.4781496763888797,0.47415
23,0.0,aligned,available,59,-0.0019095629964342997,0.4059841509095017,0.47415
23,0.0,aligned,available,60,0.02466143816007227,0.5611957653804782,0.47415
23,0.0,aligned,available,61,0.0029994893466401655,-0.011592815846456772,0.47415
23,0.0,aligned,available,62,0.004707774733601733,-0.4234052297127844,0.47415
23,0.0,aligned,available,63,-0.0010362846297156114,-0.1833994328618985,0.47415
23,0.0,aligned,available,64,0.0062260695747570205,-0.4877848897474385,0.47415
23,0.0,aligned,available,65,-0.013218670089094615,0.009661994793981898,0.47415
23,0.0,aligned,mi_obs,0,-0.026631301715410338,-0.3561656154339612,0.47415
23,0.0,aligned,mi_obs,1,0.0775199065022899,0.4332125237248421,0.47415
23,0.0,aligned,mi_obs,2,0.004372736714239964,0.01159322380422171,0.47415
23,0.0,aligned,mi_obs,3,0.008381511762355395,-4.8987184341820594e-05,0.47415
23,0.0,aligned,mi_obs,4,0.039125230686755885,0.1024276408813668,0.47415
23,0.0,aligned,mi_obs,5,-0.054323683750376994,-0.6495341250794552,0.47415
23,0.0,aligned,mi_obs,6,-0.05614095789101464,-0.09405509490074393,0.47415
23,0.0,aligned,mi_obs,7,0.06317944795919977,0.3438016822225134,0.47415
23,0.0,aligned,mi_obs,8,0.021891876450629066,0.5960934336298287,0.47415
23,0.0,aligned,mi_obs,9,0.006369179582243664,-0.016769536224738642,0.47415
23,0.0,aligned,mi_obs,10,-0.021079595059128542,-0.2662163494368617,0.47415
23,0.0,aligned,mi_obs,11,-0.029822072574336667,-0.8218697755440103,0.47415
23,0.0,aligned,mi_obs,12,0.035523283821212,-0.009946218745982003,0.47415
23,0.0,aligned,mi_obs,13,-0.08079100051395707,0.0008358468342912807,0.47415
23,0.0,aligned,mi_obs,14,-0.04585057301070716,-0.5807544598552352,0.47415
23,0.0,aligned,mi_obs,15,-0.0010437638807633438,-0.0076567658738267395,0.47415
23,0.0,aligned,mi_obs,16,0.02776620670677743,0.5515451894017164,0.47415
23,0.0,aligned,mi_obs,17,-0.03647323477838438,-0.8544628494130297,0.47415
23,0.0,aligned,mi_obs,18,-0.02199754858204972,-0.657279841172697,0.47415
23,0.0,aligned,mi_obs,19,0.013955302561670734,0.012372764728540816,0.47415
23,0.0,aligned,mi_obs,20,0.018443608675353662,0.7426066634238548,0.47415
23,0.0,aligned,mi_obs,21,-0.03393986631395819,0.004843079928546998,0.47415
23,0.0,aligned,mi_obs,22,0.10677581690354744,-0.008494432267767138,0.47415
23,0.0,aligned,mi_obs,23,0.058720067470213855,0.580833290982393,0.47415
23,0.0,aligned,mi_obs,24,-0.012944511633133165,0.00932989974124994,0.47415
23,0.0,aligned,mi_obs,25,-0.049925721432429904,-0.6728752963802876,0.47415
23,0.0,aligned,mi_obs,26,0.041672964698959314,0.8049480119483078,0.47415
23,0.0,aligned,mi_obs,27,0.03769108779806196,0.5378285866085177,0.47415
23,0.0,aligned,mi_obs,28,-0.002357486219474096,-0.009510320307370104,0.47415
23,0.0,aligned,mi_obs,29,-0.03223447545625391,-0.60584656344956,0.47415
23,0.0,aligned,mi_obs,30,-0.01969443427922163,-0.007947024867730423,0.47415
23,0.0,aligned,mi_obs,31,-0.06813946577025919,-0.11764096967588998,0.47415
23,0.0,aligned,mi_obs,32,0.024502116721512424,-0.008290327347401866,0.47415
23,0.0,aligned,mi_obs,33,0.05057913058839905,0.2438729837568059,0.47415
23,0.0,aligned,mi_obs,34,-0.026151968548241238,0.011141600975293039,0.47415
23,0.0,aligned,mi_obs,35,0.03180494889949148,0.33240168616025745,0.47415
23,0.0,aligned,mi_obs,36,-0.15981369881354768,-0.5094998126293637,0.47415
23,0.0,aligned,mi_obs,37,-0.005579702139277905,-0.006556230456736264,0.47415
23,0.0,aligned,mi_obs,38,0.09485864806286315,-0.6387389893834715,0.47415
23,0.0,aligned,mi_obs,39,0.02496499040232905,0.00297685658891285,0.47415
23,0.0,aligned,mi_obs,40,-0.07773714743501889,0.004829884805520093,0.47415
23,0.0,aligned,mi_obs,41,0.12301771637492742,-0.4066199551530399,0.47415
23,0.0,aligned,mi_obs,42,-0.0020881392881653403,-0.003167641257023288,0.47415
23,0.0,aligned,mi_obs,43,0.014245077343648911,0.0010337706222644566,0.47415
23,0.0,aligned,mi_obs,44,-0.07482167258572314,-0.5175277883293509,0.47415
23,0.0,aligned,mi_obs,45,0.006516393030627732,0.21957429842939727,0.47415
23,0.0,aligned,mi_obs,46,-0.044168129843865755,-0.4855435945093717,0.47415
23,0.0,aligned,mi_obs,47,-0.006450663158497516,0.8590721404782452,0.47415
23,0.0,aligned,mi_obs,48,0.04798321891457338,0.16100242437848714,0.47415
23,0.0,aligned,mi_obs,49,-0.00034951439882407315,0.058717097835397525,0.47415
23,0.0,aligned,mi_obs,50,-0.06228722683674463,-0.09891990389150447,0.47415
23,0.0,aligned,mi_obs,51,0.021462088072286944,-0.308341027121366,0.47415
23,0.0,aligned,mi_obs,52,-0.02705725590749727,0.007481575979613765,0.47415
23,0.0,aligned,mi_obs,53,-0.01941115456710063,-0.54610209643618,0.47415
23,0.0,aligned,mi_obs,54,-0.019347653483090463,0.015379549962906944,0.47415
23,0.0,aligned,mi_obs,55,-0.001549412828783325,-0.0028685096024568067,0.47415
23,0.0,aligned,mi_obs,56,-0.02963952533755343,-0.5397178151630652,0.47415
23,0.0,aligned,mi_obs,57,-0.04443205171520144,-0.11370027412017637,0.47415
23,0.0,aligned,mi_obs,58,-0.050138501775333244,-0.4781496763888797,0.47415
23,0.0,aligned,mi_obs,59,0.03486670668790576,0.4059841509095017,0.47415
23,0.0,aligned,mi_obs,60,0.07641855985337598,0.5611957653804782,0.47415
23,0.0,aligned,mi_obs,61,-0.020655867394847538,-0.011592815846456772,0.47415
23,0.0,aligned,mi_obs,62,-0.06685131711504999,-0.4234052297127844,0.47415
23,0.0,aligned,mi_obs,63,-0.014436290435770355,-0.1833994328618985,0.47415
23,0.0,aligned,mi_obs,64,-0.01078116847777938,-0.4877848897474385,0.47415
23,0.0,aligned,mi_obs,65,0.004301150405114371,0.009661994793981898,0.47415
23,0.0,aligned,mi_class,0,0.06585211850606937,-0.3561656154339612,0.47415
23,0.0,aligned,mi_class,1,-0.16706629110896587,0.4332125237248421,0.47415
23,0.0,aligned,mi_class,2,-0.03476099222149285,0.01159322380422171,0.47415
23,0.0,aligned,mi_class,3,-0.001816455022827296,-4.8987184341820594e-05,0.47415
23,0.0,aligned,mi_class,4,-0.02883352426114341,0.1024276408813668,0.47415
23,0.0,aligned,mi_class,5,0.1643709270418302,-0.6495341250794552,0.47415
23,0.0,aligned,mi_class,6,-0.042131835424369046,-0.09405509490074393,0.47415
23,0.0,aligned,mi_class,7,-0.040050180514311695,0.3438016822225134,0.47415
23,0.0,aligned,mi_class,8,-0.053851039690481106,0.5960934336298287,0.47415
23,0.0,aligned,mi_class,9,0.012103698236261607,-0.016769536224738642,0.47415
23,0.0,aligned,mi_class,10,0.024736998332504034,-0.2662163494368617,0.47415
23,0.0,aligned,mi_class,11,0.28070158448827354,-0.8218697755440103,0.47415
23,0.0,aligned,mi_class,12,0.0003775108515164903,-0.009946218745982003,0.47415
23,0.0,aligned,mi_class,13,0.001748298629217782,0.0008358468342912807,0.47415
23,0.0,aligned,mi_class,14,0.1296340948571516,-0.5807544598552352,0.47415
23,0.0,aligned,mi_class,15,-0.026649160219172314,-0.0076567658738267395,0.47415
23,0.0,aligned,mi_class,16,-0.10577440580582026,0.5515451894017164,0.47415
23,0.0,aligned,mi_class,17,0.22319463387217597,-0.8544628494130297,0.47415
23,0.0,aligned,mi_class,18,0.07073337324602502,-0.657279841172697,0.47415
23,0.0,aligned,mi_class,19,0.017146984641531027,0.012372764728540816,0.47415
23,0.0,aligned,mi_class,20,-0.05199447537781943,0.7426066634238548,0.47415
23,0.0,aligned,mi_class,21,-0.5210394055767132,0.004843079928546998,0.47415
23,0.0,aligned,mi_class,22,0.006105675865132954,-0.008494432267767138,0.47415
23,0.0,aligned,mi_class,23,-0.31398188757238615,0.580833290982393,0.47415
23,0.0,aligned,mi_class,24,-0.09236980982849081,0.00932989974124994,0.47415
23,0.0,aligned,mi_class,25,0.26352984092462994,-0.6728752963802876,0.47415
23,0.0,aligned,mi_class,26,-0.4380258556967824,0.8049480119483078,0.47415
23,0.0,aligned,mi_class,27,-0.19135491857730924,0.5378285866085177,0.47415
23,0.0,aligned,mi_class,28,0.08784805287451346,-0.009510320307370104,0.47415
23,0.0,aligned,mi_class,29,0.17781276704329885,-0.60584656344956,0.47415
23,0.0,aligned,mi_class,30,0.02695386548539978,-0.007947024867730423,0.47415
23,0.0,aligned,mi_class,31,0.04629352916462498,-0.11764096967588998,0.47415
23,0.0,aligned,mi_class,32,0.13933758202187926,-0.008290327347401866,0.47415
23,0.0,aligned,mi_class,33,0.010991171687050522,0.2438729837568059,0.47415
23,0.0,aligned,mi_class,34,0.006839469069126861,0.011141600975293039,0.47415
23,0.0,aligned,mi_class,35,-0.12427270051404835,0.33240168616025745,0.47415
23,0.0,aligned,mi_class,36,0.016399787260394816,-0.5094998126293637,0.47415
23,0.0,aligned,mi_class,37,-0.003258097452930107,-0.006556230456736264,0.47415
23,0.0,aligned,mi_class,38,0.03605708587169032,-0.6387389893834715,0.47415
23,0.0,aligned,mi_class,39,0.0015169442983605222,0.00297685658891285,0.47415
23,0.0,aligned,mi_class,40,-0.0033814738049811766,0.004829884805520093,0.47415
23,0.0,aligned,mi_class,41,0.037901560060749795,-0.4066199551530399,0.47415
23,0.0,aligned,mi_class,42,-0.008426966300068287,-0.003167641257023288,0.47415
23,0.0,aligned,mi_class,43,0.0007809334514822658,0.0010337706222644566,0.47415
23,0.0,aligned,mi_class,44,0.13809229094274672,-0.5175277883293509,0.47415
23,0.0,aligned,mi_class,45,-0.02637101828797242,0.21957429842939727,0.47415
23,0.0,aligned,mi_class,46,0.08369481507596988,-0.4855435945093717,0.47415
23,0.0,aligned,mi_class,47,-0.08049702543163428,0.8590721404782452,0.47415
23,0.0,aligned,mi_class,48,0.016858492062963693,0.16100242437848714,0.47415
23,0.0,aligned,mi_class,49,-0.02381718355828563,0.058717097835397525,0.47415
23,0.0,aligned,mi_class,50,0.031159824694501223,-0.09891990389150447,0.47415
23,0.0,aligned,mi_class,51,0.08341633024169243,-0.308341027121366,0.47415
23,0.0,aligned,mi_class,52,-0.003666871427032957,0.007481575979613765,0.47415
23,0.0,aligned,mi_class,53,0.1247279243359628,-0.54610209643618,0.47415
23,0.0,aligned,mi_class,54,-0.03513062516039226,0.015379549962906944,0.47415
23,0.0,aligned,mi_class,55,-0.022835954417320586,-0.0028685096024568067,0.47415
23,0.0,aligned,mi_class,56,0.1250221140414926,-0.5397178151630652,0.47415
23,0.0,aligned,mi_class,57,0.028474983166529785,-0.11370027412017637,0.47415
23,0.0,aligned,mi_class,58,0.28858000953933677,-0.4781496763888797,0.47415
23,0.0,aligned,mi_class,59,-0.0730036840345496,0.4059841509095017,0.47415
23,0.0,aligned,mi_class,60,-0.0008271600269915691,0.5611957653804782,0.47415
23,0.0,aligned,mi_class,61,0.0015763404045841204,-0.011592815846456772,0.47415
23,0.0,aligned,mi_class,62,0.07279712107931863,-0.4234052297127844,0.47415
23,0.0,aligned,mi_class,63,0.09916352624543699,-0.1833994328618985,0.47415
23,0.0,aligned,mi_class,64,0.017830113234674816,-0.4877848897474385,0.47415
23,0.0,aligned,mi_class,65,-0.010340899804339637,0.009661994793981898,0.47415
23,0.0,aligned,mi_site,0,0.01316828081076249,-0.3561656154339612,0.47415
23,0.0,aligned,mi_site,1,0.0029537516013052323,0.4332125237248421,0.47415
23,0.0,aligned,mi_site,2,-0.012694479717285358,0.01159322380422171,0.47415
23,0.0,aligned,mi_site,3,0.026151639412310693,-4.8987184341820594e-05,0.47415
23,0.0,aligned,mi_site,4,-0.027318016922750335,0.1024276408813668,0.47415
23,0.0,aligned,mi_site,5,0.009252254691894168,-0.6495341250794552,0.47415
23,0.0,aligned,mi_site,6,-0.028767826154105156,-0.09405509490074393,0.47415
23,0.0,aligned,mi_site,7,-0.024896893122839048,0.3438016822225134,0.47415
23,0.0,aligned,mi_site,8,-0.03203681799323099,0.5960934336298287,0.47415
23,0.0,aligned,mi_site,9,0.010543087997760736,-0.016769536224738642,0.47415
23,0.0,aligned,mi_site,10,0.014964167183283805,-0.2662163494368617,0.47415
23,0.0,aligned,mi_site,11,0.03254378452112894,-0.8218697755440103,0.47415
23,0.0,aligned,mi_site,12,0.0528642570963485,-0.009946218745982003,0.47415
23,0.0,aligned,mi_site,13,-0.11636213900576763,0.0008358468342912807,0.47415
23,0.0,aligned,mi_site,14,0.08333705283529241,-0.5807544598552352,0.47415
23,0.0,aligned,mi_site,15,0.0182170509445479,-0.0076567658738267395,0.47415
23,0.0,aligned,mi_site,16,0.010937532677421813,0.5515451894017164,0.47415
23,0.0,aligned,mi_site,17,0.060671476488656007,-0.8544628494130297,0.47415
23,0.0,aligned,mi_site,18,0.001398916679928086,-0.657279841172697,0.47415
23,0.0,aligned,mi_site,19,0.00287663673301323,0.012372764728540816,0.47415
23,0.0,aligned,mi_site,20,-0.010116212903044985,0.7426066634238548,0.47415
23,0.0,aligned,mi_site,21,-0.034888963732648146,0.004843079928546998,0.47415
23,0.0,aligned,mi_site,22,0.1257605581326278,-0.008494432267767138,0.47415
23,0.0,aligned,mi_site,23,-0.07765041323685384,0.580833290982393,0.47415
23,0.0,aligned,mi_site,24,-0.03852438392753962,0.00932989974124994,0.47415
23,0.0,aligned,mi_site,25,-0.021086508239375523,-0.6728752963802876,0.47415
23,0.0,aligned,mi_site,26,-0.0393250685919706,0.8049480119483078,0.47415
23,0.0,aligned,mi_site,27,0.03201232351974714,0.5378285866085177,0.47415
23,0.0,aligned,mi_site,28,0.0058136918882298015,-0.009510320307370104,0.47415
23,0.0,aligned,mi_site,29,0.00589005069570947,-0.60584656344956,0.47415
23,0.0,aligned,mi_site,30,0.0010914239047868984,-0.007947024867730423,0.47415
23,0.0,aligned,mi_site,31,-0.04074020087691528,-0.11764096967588998,0.47415
23,0.0,aligned,mi_site,32,0.021445434019667965,-0.008290327347401866,0.47415
23,0.0,aligned,mi_site,33,0.02255206252297079,0.2438729837568059,0.47415
23,0.0,aligned,mi_site,34,-0.043554699954719986,0.011141600975293039,0.47415
23,0.0,aligned,mi_site,35,-0.04158388628270393,0.33240168616025745,0.47415
23,0.0,aligned,mi_site,36,-0.03603237333576692,-0.5094998126293637,0.47415
23,0.0,aligned,mi_site,37,0.019614328384480535,-0.006556230456736264,0.47415
23,0.0,aligned,mi_site,38,0.049965934560381564,-0.6387389893834715,0.47415
23,0.0,aligned,mi_site,39,0.04468159405142034,0.00297685658891285,0.47415
23,0.0,aligned,mi_site,40,-0.07606246545784394,0.004829884805520093,0.47415
23,0.0,aligned,mi_site,41,0.07595993424544967,-0.4066199551530399,0.47415
23,0.0,aligned,mi_site,42,0.03427300293572177,-0.003167641257023288,0.47415
23,0.0,aligned,mi_site,43,-0.019925576275868526,0.0010337706222644566,0.47415
23,0.0,aligned,mi_site,44,-0.03487491822296673,-0.5175277883293509,0.47415
23,0.0,aligned,mi_site,45,-0.04633603733586944,0.21957429842939727,0.47415
23,0.0,aligned,mi_site,46,0.007060012247187553,-0.4855435945093717,0.47415
23,0.0,aligned,mi_site,47,-0.01914700826331739,0.8590721404782452,0.47415
23,0.0,aligned,mi_site,48,-0.008580824173171908,0.16100242437848714,0.47415
23,0.0,aligned,mi_site,49,0.042167986461915496,0.058717097835397525,0.47415
23,0.0,aligned,mi_site,50,0.012483786731628824,-0.09891990389150447,0.47415
23,0.0,aligned,mi_site,51,0.04399538212985532,-0.308341027121366,0.47415
23,0.0,aligned,mi_site,52,-0.06595028969868907,0.007481575979613765,0.47415
23,0.0,aligned,mi_site,53,-0.03093588937639058,-0.54610209643618,0.47415
23,0.0,aligned,mi_site,54,-0.039906912131366115,0.015379549962906944,0.47415
23,0.0,aligned,mi_site,55,0.016982258896213784,-0.0028685096024568067,0.47415
23,0.0,aligned,mi_site,56,-0.014313861963918595,-0.5397178151630652,0.47415
23,0.0,aligned,mi_site,57,-0.04021338083742733,-0.11370027412017637,0.47415
23,0.0,aligned,mi_site,58,-0.04624070652166995,-0.4781496763888797,0.47415
23,0.0,aligned,mi_site,59,0.026464074169174012,0.4059841509095017,0.47415
23,0.0,aligned,mi_site,60,0.03628590958403222,0.5611957653804782,0.47415
23,0.0,aligned,mi_site,61,0.028236447469329726,-0.011592815846456772,0.47415
23,0.0,aligned,mi_site,62,-0.009070380852826687,-0.4234052297127844,0.47415
23,0.0,aligned,mi_site,63,-0.0011467786686244208,-0.1833994328618985,0.47415
23,0.0,aligned,mi_site,64,-0.00489631573402638,-0.4877848897474385,0.47415
23,0.0,aligned,mi_site,65,-0.006867067879485395,0.009661994793981898,0.47415
23,0.0,closed,available,0,-0.004276594079623719,-0.3561656154339612,0.47415
23,0.0,closed,available,1,0.0027087614357304,0.4332125237248421,0.47415
23,0.0,closed,available,2,-0.017883965991253456,0.01159322380422171,0.47415
23,0.0,closed,available,3,0.001661435652893763,-4.8987184341820594e-05,0.47415
23,0.0,closed,available,4,-0.006153167343388027,0.1024276408813668,0.47415
23,0.0,closed,available,5,0.0014555210476355773,-0.6495341250794552,0.47415
23,0.0,closed,available,6,0.002577569685419806,-0.09405509490074393,0.47415
23,0.0,closed,available,7,-0.013413849802049016,0.3438016822225134,0.47415
23,0.0,closed,available,8,0.007507809514779917,0.5960934336298287,0.47415
23,0.0,closed,available,9,-0.0025793154639335777,-0.016769536224738642,0.47415
23,0.0,closed,available,10,-0.004646731171904117,-0.2662163494368617,0.47415
23,0.0,closed,available,11,0.006180767320034475,-0.8218697755440103,0.47415
23,0.0,closed,available,12,0.005266876931141736,-0.009946218745982003,0.47415
23,0.0,closed,available,13,0.00040851660459316464,0.0008358468342912807,0.47415
23,0.0,closed,available,14,0.0009142638103639689,-0.5807544598552352,0.47415
23,0.0,closed,available,15,-0.014203596330375438,-0.0076567658738267395,0.47415
23,0.0,closed,available,16,0.001276663267017697,0.5515451894017164,0.47415
23,0.0,closed,available,17,0.0012517321514544655,-0.8544628494130297,0.47415
23,0.0,closed,available,18,7.23936428241867e-05,-0.657279841172697,0.47415
23,0.0,closed,available,19,-0.0025634509719159888,0.012372764728540816,0.47415
23,0.0,closed,available,20,0.002874229108784876,0.7426066634238548,0.47415
23,0.0,closed,available,21,0.003191311219008954,0.004843079928546998,0.47415
23,0.0,closed,available,22,-0.009790521673187745,-0.008494432267767138,0.47415
23,0.0,closed,available,23,0.00897262886494632,0.580833290982393,0.47415
23,0.0,closed,available,24,0.007119078361610383,0.00932989974124994,0.47415
23,0.0,closed,available,25,0.01605387163313554,-0.6728752963802876,0.47415
23,0.0,closed,available,26,0.0010718593448024727,0.8049480119483078,0.47415
23,0.0,closed,available,27,0.005483094066313754,0.5378285866085177,0.47415
23,0.0,closed,available,28,-0.008806170579718293,-0.009510320307370104,0.47415
23,0.0,closed,available,29,-0.0019278403153576429,-0.60584656344956,0.47415
23,0.0,closed,available,30,0.010981007579908657,-0.007947024867730423,0.47415
23,0.0,closed,available,31,0.002822293734850989,-0.11764096967588998,0.47415
23,0.0,closed,available,32,0.027327108345723196,-0.008290327347401866,0.47415
23,0.0,closed,available,33,0.004861856707841117,0.2438729837568059,0.47415
23,0.0,closed,available,34,-0.0016919542896917557,0.011141600975293039,0.47415
23,0.0,closed,available,35,-0.0012680467339435397,0.33240168616025745,0.47415
23,0.0,closed,available,36,0.01231056058844432,-0.5094998126293637,0.47415
23,0.0,closed,available,37,-0.00547863640682053,-0.006556230456736264,0.47415
23,0.0,closed,available,38,0.0012237873931901788,-0.6387389893834715,0.47415
23,0.0,closed,available,39,0.002570442044920594,0.00297685658891285,0.47415
23,0.0,closed,available,40,0.008726592072190061,0.004829884805520093,0.47415
23,0.0,closed,available,41,-0.005022989635290354,-0.4066199551530399,0.47415
23,0.0,closed,available,42,0.017152269668903503,-0.003167641257023288,0.47415
23,0.0,closed,available,43,-0.008929840456666054,0.0010337706222644566,0.47415
23,0.0,closed,available,44,0.004529941521233094,-0.5175277883293509,0.47415
23,0.0,closed,available,45,0.004504551385132977,0.21957429842939727,0.47415
23,0.0,closed,available,46,-0.008228482766391376,-0.4855435945093717,0.47415
23,0.0,closed,available,47,0.0027819082358880864,0.8590721404782452,0.47415
23,0.0,closed,available,48,-0.0018910766769916487,0.16100242437848714,0.47415
23,0.0,closed,available,49,-0.003172210588048917,0.058717097835397525,0.47415
23,0.0,closed,available,50,-0.00691834165026102,-0.09891990389150447,0.47415
23,0.0,closed,available,51,-0.002668223264116254,-0.308341027121366,0.47415
23,0.0,closed,available,52,0.013571022945328599,0.007481575979613765,0.47415
23,0.0,closed,available,53,-0.012254127253991443,-0.54610209643618,0.47415
23,0.0,closed,available,54,0.005319488624159034,0.015379549962906944,0.47415
23,0.0,closed,available,55,-0.007590742481611002,-0.0028685096024568067,0.47415
23,0.0,closed,available,56,-0.010246637176711704,-0.5397178151630652,0.47415
23,0.0,closed,available,57,0.0031124818476951227,-0.11370027412017637,0.47415
23,0.0,closed,available,58,0.005724666336110906,-0.4781496763888797,0.47415
23,0.0,closed,available,59,0.006108582622643577,0.4059841509095017,0.47415
23,0.0,closed,available,60,-0.011906725564399423,0.5611957653804782,0.47415
23,0.0,closed,available,61,-0.00040003723251638007,-0.011592815846456772,0.47415
23,0.0,closed,available,62,0.0016124396496358662,-0.4234052297127844,0.47415
23,0.0,closed,available,63,0.006336642716861879,-0.1833994328618985,0.47415
23,0.0,closed,available,64,-0.0014807221159391926,-0.4877848897474385,0.47415
23,0.0,closed,available,65,-0.0020192001158514583,0.009661994793981898,0.47415
23,0.0,closed,mi_obs,0,-0.03467230814218747,-0.3561656154339612,0.47415
23,0.0,closed,mi_obs,1,0.08968050809319228,0.4332125237248421,0.47415
23,0.0,closed,mi_obs,2,-0.004501080707664167,0.01159322380422171,0.47415
23,0.0,closed,mi_obs,3,0.00032933957119725513,-4.8987184341820594e-05,0.47415
23,0.0,closed,mi_obs,4,0.04100607996435063,0.1024276408813668,0.47415
23,0.0,closed,mi_obs,5,-0.0536120317916875,-0.6495341250794552,0.47415
23,0.0,closed,mi_obs,6,-0.05682488115268988,-0.09405509490074393,0.47415
23,0.0,closed,mi_obs,7,0.06143264158316608,0.3438016822225134,0.47415
23,0.0,closed,mi_obs,8,0.027414833667455563,0.5960934336298287,0.47415
23,0.0,closed,mi_obs,9,0.0030308769121898723,-0.016769536224738642,0.47415
23,0.0,closed,mi_obs,10,-0.03165591141202895,-0.2662163494368617,0.47415
23,0.0,closed,mi_obs,11,-0.022149385994276627,-0.8218697755440103,0.47415
23,0.0,closed,mi_obs,12,0.03180788460706871,-0.009946218745982003,0.47415
23,0.0,closed,mi_obs,13,-0.05702044093308615,0.0008358468342912807,0.47415
23,0.0,closed,mi_obs,14,-0.04351176891595876,-0.5807544598552352,0.47415
23,0.0,closed,mi_obs,15,-0.0015693644252786649,-0.0076567658738267395,0.47415
23,0.0,closed,mi_obs,16,0.015880127453985482,0.5515451894017164,0.47415
23,0.0,closed,mi_obs,17,-0.03628125167438834,-0.8544628494130297,0.47415
23,0.0,closed,mi_obs,18,-0.02938928578950528,-0.657279841172697,0.47415
23,0.0,closed,mi_obs,19,0.007046463586327496,0.012372764728540816,0.47415
23,0.0,closed,mi_obs,20,0.01835533838948844,0.7426066634238548,0.47415
23,0.0,closed,mi_obs,21,-0.01977210583076822,0.004843079928546998,0.47415
23,0.0,closed,mi_obs,22,0.08694810755249109,-0.008494432267767138,0.47415
23,0.0,closed,mi_obs,23,0.043974245796691735,0.580833290982393,0.47415
23,0.0,closed,mi_obs,24,-0.032604939167894136,0.00932989974124994,0.47415
23,0.0,closed,mi_obs,25,-0.031615675241575714,-0.6728752963802876,0.47415
23,0.0,closed,mi_obs,26,0.040890277287412125,0.8049480119483078,0.47415
23,0.0,closed,mi_obs,27,0.05915998340642303,0.5378285866085177,0.47415
23,0.0,closed,mi_obs,28,-0.02133566043025028,-0.009510320307370104,0.47415
23,0.0,closed,mi_obs,29,-0.038503011541411225,-0.60584656344956,0.47415
23,0.0,closed,mi_obs,30,-0.03735979096149972,-0.007947024867730423,0.47415
23,0.0,closed,mi_obs,31,-0.06616989639105471,-0.11764096967588998,0.47415
23,0.0,closed,mi_obs,32,0.0011899752001233617,-0.008290327347401866,0.47415
23,0.0,closed,mi_obs,33,0.04757151550913921,0.2438729837568059,0.47415
23,0.0,closed,mi_obs,34,-0.01443974218198447,0.011141600975293039,0.47415
23,0.0,closed,mi_obs,35,0.04919543413883304,0.33240168616025745,0.47415
23,0.0,closed,mi_obs,36,-0.12312430839888922,-0.5094998126293637,0.47415
23,0.0,closed,mi_obs,37,0.005911435356569322,-0.006556230456736264,0.47415
23,0.0,closed,mi_obs,38,0.07823765685687578,-0.6387389893834715,0.47415
23,0.0,closed,mi_obs,39,0.02235870237380847,0.00297685658891285,0.47415
23,0.0,closed,mi_obs,40,-0.059867047830376434,0.004829884805520093,0.47415
23,0.0,closed,mi_obs,41,0.10142359622409713,-0.4066199551530399,0.47415
23,0.0,closed,mi_obs,42,-0.004267738275563152,-0.003167641257023288,0.47415
23,0.0,closed,mi_obs,43,0.0037256053398635434,0.0010337706222644566,0.47415
23,0.0,closed,mi_obs,44,-0.06125905707854262,-0.5175277883293509,0.47415
23,0.0,closed,mi_obs,45,0.011595727906672432,0.21957429842939727,0.47415
23,0.0,closed,mi_obs,46,-0.04027735461904669,-0.4855435945093717,0.47415
23,0.0,closed,mi_obs,47,-0.005073837673705839,0.8590721404782452,0.47415
23,0.0,closed,mi_obs,48,0.03895179044390365,0.16100242437848714,0.47415
23,0.0,closed,mi_obs,49,-0.003204760360493171,0.058717097835397525,0.47415
23,0.0,closed,mi_obs,50,-0.06093611094868455,-0.09891990389150447,0.47415
23,0.0,closed,mi_obs,51,0.018415431442936503,-0.308341027121366,0.47415
23,0.0,closed,mi_obs,52,-0.01895233640977615,0.007481575979613765,0.47415
23,0.0,closed,mi_obs,53,-0.014779703556604074,-0.54610209643618,0.47415
23,0.0,closed,mi_obs,54,-0.0014405469323239897,0.015379549962906944,0.47415
23,0.0,closed,mi_obs,55,-0.0006822573115702747,-0.0028685096024568067,0.47415
23,0.0,closed,mi_obs,56,-0.02785159721128161,-0.5397178151630652,0.47415
23,0.0,closed,mi_obs,57,-0.03666977158677577,-0.11370027412017637,0.47415
23,0.0,closed,mi_obs,58,-0.06310097062513337,-0.4781496763888797,0.47415
23,0.0,closed,mi_obs,59,0.03256318918951251,0.4059841509095017,0.47415
23,0.0,closed,mi_obs,60,0.07218603580874594,0.5611957653804782,0.47415
23,0.0,closed,mi_obs,61,-0.014217400602559702,-0.011592815846456772,0.47415
23,0.0,closed,mi_obs,62,-0.06533977436557498,-0.4234052297127844,0.47415
23,0.0,closed,mi_obs,63,-0.006837380446715197,-0.1833994328618985,0.47415
23,0.0,closed,mi_obs,64,-0.01616675715315985,-0.4877848897474385,0.47415
23,0.0,closed,mi_obs,65,0.0009113993266181546,0.009661994793981898,0.47415
23,0.0,closed,mi_class,0,0.32070966795406,-0.3561656154339612,0.47415
23,0.0,closed,mi_class,1,-0.3012904729776688,0.4332125237248421,0.47415
23,0.0,closed,mi_class,2,-0.0020665951419348016,0.01159322380422171,0.47415
23,0.0,closed,mi_class,3,-0.0014659790164408336,-4.8987184341820594e-05,0.47415
23,0.0,closed,mi_class,4,-0.0917053179304434,0.1024276408813668,0.47415
23,0.0,closed,mi_class,5,0.45745964040483666,-0.6495341250794552,0.47415
23,0.0,closed,mi_class,6,0.06710520500845607,-0.09405509490074393,0.47415
23,0.0,closed,mi_class,7,-0.2482101745383693,0.3438016822225134,0.47415
23,0.0,closed,mi_class,8,-0.388791305877921,0.5960934336298287,0.47415
23,0.0,closed,mi_class,9,0.008723124052871227,-0.016769536224738642,0.47415
23,0.0,closed,mi_class,10,0.1673322888787039,-0.2662163494368617,0.47415
23,0.0,closed,mi_class,11,0.15387036823983924,-0.8218697755440103,0.47415
23,0.0,closed,mi_class,12,0.054700229661653645,-0.009946218745982003,0.47415
23,0.0,closed,mi_class,13,0.029705644843106678,0.0008358468342912807,0.47415
23,0.0,closed,mi_class,14,0.25766543760664656,-0.5807544598552352,0.47415
23,0.0,closed,mi_class,15,0.03382025302571927,-0.0076567658738267395,0.47415
23,0.0,closed,mi_class,16,-0.20136257565998567,0.5515451894017164,0.47415
23,0.0,closed,mi_class,17,0.33732138672051326,-0.8544628494130297,0.47415
23,0.0,closed,mi_class,18,0.08441132923849937,-0.657279841172697,0.47415
23,0.0,closed,mi_class,19,-0.012792066615140372,0.012372764728540816,0.47415
23,0.0,closed,mi_class,20,-0.06435361886199586,0.7426066634238548,0.47415
23,0.0,closed,mi_class,21,-0.0941219813592396,0.004843079928546998,0.47415
23,0.0,closed,mi_class,22,-0.009454164743628306,-0.008494432267767138,0.47415
23,0.0,closed,mi_class,23,-0.334311956412648,0.580833290982393,0.47415
23,0.0,closed,mi_class,24,-0.033345939231805656,0.00932989974124994,0.47415
23,0.0,closed,mi_class,25,0.3430637686343887,-0.6728752963802876,0.47415
23,0.0,closed,mi_class,26,-0.40657172156551735,0.8049480119483078,0.47415
23,0.0,closed,mi_class,27,-0.08248175669741359,0.5378285866085177,0.47415
23,0.0,closed,mi_class,28,-0.007868175720318612,-0.009510320307370104,0.47415
23,0.0,closed,mi_class,29,0.08166126262729667,-0.60584656344956,0.47415
23,0.0,closed,mi_class,30,-0.006378239125304887,-0.007947024867730423,0.47415
23,0.0,closed,mi_class,31,-0.06900394042437387,-0.11764096967588998,0.47415
23,0.0,closed,mi_class,32,-0.02175000239951333,-0.008290327347401866,0.47415
23,0.0,closed,mi_class,33,-0.09150879010814464,0.2438729837568059,0.47415
23,0.0,closed,mi_class,34,-0.03482934750894616,0.011141600975293039,0.47415
23,0.0,closed,mi_class,35,-0.024146655010637008,0.33240168616025745,0.47415
23,0.0,closed,mi_class,36,-0.08996272708639441,-0.5094998126293637,0.47415
23,0.0,closed,mi_class,37,-0.016862813246478647,-0.006556230456736264,0.47415
23,0.0,closed,mi_class,38,0.08329012767485577,-0.6387389893834715,0.47415
23,0.0,closed,mi_class,39,-0.0004978168611459617,0.00297685658891285,0.47415
23,0.0,closed,mi_class,40,0.008595146398868565,0.004829884805520093,0.47415
23,0.0,closed,mi_class,41,0.05060545213223916,-0.4066199551530399,0.47415
23,0.0,closed,mi_class,42,0.004135851108157231,-0.003167641257023288,0.47415
23,0.0,closed,mi_class,43,-0.012590963053031439,0.0010337706222644566,0.47415
23,0.0,closed,mi_class,44,0.14735653867176435,-0.5175277883293509,0.47415
23,0.0,closed,mi_class,45,-0.032283924047885104,0.21957429842939727,0.47415
23,0.0,closed,mi_class,46,0.0831674942786867,-0.4855435945093717,0.47415
23,0.0,closed,mi_class,47,-0.05765986781713095,0.8590721404782452,0.47415
23,0.0,closed,mi_class,48,-0.11143513116666527,0.16100242437848714,0.47415
23,0.0,closed,mi_class,49,0.18623196955586846,0.058717097835397525,0.47415
23,0.0,closed,mi_class,50,0.06887303220119977,-0.09891990389150447,0.47415
23,0.0,closed,mi_class,51,0.03176150542049794,-0.308341027121366,0.47415
23,0.0,closed,mi_class,52,0.008100470273076841,0.007481575979613765,0.47415
23,0.0,closed,mi_class,53,0.09410266670118261,-0.54610209643618,0.47415
23,0.0,closed,mi_class,54,0.005408575520233019,0.015379549962906944,0.47415
23,0.0,closed,mi_class,55,0.03941018817741417,-0.0028685096024568067,0.47415
23,0.0,closed,mi_class,56,0.08121169440584824,-0.5397178151630652,0.47415
23,0.0,closed,mi_class,57,0.01859004867841106,-0.11370027412017637,0.47415
23,0.0,closed,mi_class,58,0.09872237431085268,-0.4781496763888797,0.47415
23,0.0,closed,mi_class,59,-0.10011026231938192,0.4059841509095017,0.47415
23,0.0,closed,mi_class,60,-0.12261383148316995,0.5611957653804782,0.47415
23,0.0,closed,mi_class,61,0.17955253479469993,-0.011592815846456772,0.47415
23,0.0,closed,mi_class,62,0.12367388033857141,-0.4234052297127844,0.47415
23,0.0,closed,mi_class,63,-0.002930450309403254,-0.1833994328618985,0.47415
23,0.0,closed,mi_class,64,0.015149459908108454,-0.4877848897474385,0.47415
23,0.0,closed,mi_class,65,0.00451877886813387,0.009661994793981898,0.47415
23,0.0,closed,mi_site,0,-0.03311840319049342,-0.3561656154339612,0.47415
23,0.0,closed,mi_site,1,0.07858052893334178,0.4332125237248421,0.47415
23,0.0,closed,mi_site,2,-0.009990890428871496,0.01159322380422171,0.47415
23,0.0,closed,mi_site,3,0.020079410093281097,-4.8987184341820594e-05,0.47415
23,0.0,closed,mi_site,4,0.024635721768282215,0.1024276408813668,0.47415
23,0.0,closed,mi_site,5,-0.052897835663660686,-0.6495341250794552,0.47415
23,0.0,closed,mi_site,6,-0.047162053048561,-0.09405509490074393,0.47415
23,0.0,closed,mi_site,7,0.05427463762227769,0.3438016822225134,0.47415
23,0.0,closed,mi_site,8,0.02967563358289238,0.5960934336298287,0.47415
23,0.0,closed,mi_site,9,0.0015806484226941198,-0.016769536224738642,0.47415
23,0.0,closed,mi_site,10,-0.0274530343495889,-0.2662163494368617,0.47415
23,0.0,closed,mi_site,11,-0.017698937093787337,-0.8218697755440103,0.47415
23,0.0,closed,mi_site,12,0.011475467914036565,-0.009946218745982003,0.47415
23,0.0,closed,mi_site,13,-0.08848277350969026,0.0008358468342912807,0.47415
23,0.0,closed,mi_site,14,-0.016492603701839248,-0.5807544598552352,0.47415
23,0.0,closed,mi_site,15,-0.0013449158103090737,-0.0076567658738267395,0.47415
23,0.0,closed,mi_site,16,0.002353167750927976,0.5515451894017164,0.47415
23,0.0,closed,mi_site,17,-0.027186354751821296,-0.8544628494130297,0.47415
23,0.0,closed,mi_site,18,-0.024333573467229974,-0.657279841172697,0.47415
23,0.0,closed,mi_site,19,0.00012287575361693594,0.012372764728540816,0.47415
23,0.0,closed,mi_site,20,0.015156493422874284,0.7426066634238548,0.47415
23,0.0,closed,mi_site,21,0.0036191327792890367,0.004843079928546998,0.47415
23,0.0,closed,mi_site,22,0.11123716938316289,-0.008494432267767138,0.47415
23,0.0,closed,mi_site,23,0.015070020140477536,0.580833290982393,0.47415
23,0.0,closed,mi_site,24,-0.029793191813093374,0.00932989974124994,0.47415
23,0.0,closed,mi_site,25,-0.02231178833693437,-0.6728752963802876,0.47415
23,0.0,closed,mi_site,26,0.02504856255630128,0.8049480119483078,0.47415
23,0.0,closed,mi_site,27,0.04707474162656722,0.5378285866085177,0.47415
23,0.0,closed,mi_site,28,-0.01082010150834515,-0.009510320307370104,0.47415
23,0.0,closed,mi_site,29,-0.029633248660690725,-0.60584656344956,0.47415
23,0.0,closed,mi_site,30,-0.04796398093260526,-0.007947024867730423,0.47415
23,0.0,closed,mi_site,31,-0.030979213224495303,-0.11764096967588998,0.47415
23,0.0,closed,mi_site,32,-0.010817916473796376,-0.008290327347401866,0.47415
23,0.0,closed,mi_site,33,0.029629279520809654,0.2438729837568059,0.47415
23,0.0,closed,mi_site,34,0.015051257099661902,0.011141600975293039,0.47415
23,0.0,closed,mi_site,35,0.026726745863666523,0.33240168616025745,0.47415
23,0.0,closed,mi_site,36,-0.07580983310784895,-0.5094998126293637,0.47415
23,0.0,closed,mi_site,37,-0.0010076821369036926,-0.006556230456736264,0.47415
23,0.0,closed,mi_site,38,0.08561977135168453,-0.6387389893834715,0.47415
23,0.0,closed,mi_site,39,0.02574673096332547,0.00297685658891285,0.47415
23,0.0,closed,mi_site,40,-0.07614344174658796,0.004829884805520093,0.47415
23,0.0,closed,mi_site,41,0.12322694392203065,-0.4066199551530399,0.47415
23,0.0,closed,mi_site,42,0.019937453038010818,-0.003167641257023288,0.47415
23,0.0,closed,mi_site,43,0.00091892963983957,0.0010337706222644566,0.47415
23,0.0,closed,mi_site,44,-0.07269982521771312,-0.5175277883293509,0.47415
23,0.0,closed,mi_site,45,0.009359092840960398,0.21957429842939727,0.47415
23,0.0,closed,mi_site,46,-0.01945741915688537,-0.4855435945093717,0.47415
23,0.0,closed,mi_site,47,-0.01681713384255712,0.8590721404782452,0.47415
23,0.0,closed,mi_site,48,0.020219025042572475,0.16100242437848714,0.47415
23,0.0,closed,mi_site,49,0.005435359771073914,0.058717097835397525,0.47415
23,0.0,closed,mi_site,50,-0.04259293370625093,-0.09891990389150447,0.47415
23,0.0,closed,mi_site,51,0.029368187878451302,-0.308341027121366,0.47415
23,0.0,closed,mi_site,52,-0.024373608661540758,0.007481575979613765,0.47415
23,0.0,closed,mi_site,53,-0.01615987084296233,-0.54610209643618,0.47415
23,0.0,closed,mi_site,54,-0.0019696860966943713,0.015379549962906944,0.47415
23,0.0,closed,mi_site,55,-0.0014428193216858894,-0.0028685096024568067,0.47415
23,0.0,closed,mi_site,56,-0.012872622125728483,-0.5397178151630652,0.47415
23,0.0,closed,mi_site,57,-0.02864068616252667,-0.11370027412017637,0.47415
23,0.0,closed,mi_site,58,-0.06916909141482513,-0.4781496763888797,0.47415
23,0.0,closed,mi_site,59,0.024777550149181593,0.4059841509095017,0.47415
23,0.0,closed,mi_site,60,0.06534433425741071,0.5611957653804782,0.47415
23,0.0,closed,mi_site,61,-0.006950862640926689,-0.011592815846456772,0.47415
23,0.0,closed,mi_site,62,-0.06040349259095029,-0.4234052297127844,0.47415
23,0.0,closed,mi_site,63,0.000634386102951523,-0.1833994328618985,0.47415
23,0.0,closed,mi_site,64,-0.011166961927705776,-0.4877848897474385,0.47415
23,0.0,closed,mi_site,65,-0.001043037665589927,0.009661994793981898,0.47415
23,1.0,aligned,available,0,0.007773237215231099,-0.36198634571288607,0.47415
23,1.0,aligned,available,1,-0.0012342919771415328,0.44016354643034006,0.47415
23,1.0,aligned,available,2,-0.019036759215676456,0.00994452405663445,0.47415
23,1.0,aligned,available,3,0.0012195865941825204,0.0012325555750002993,0.47415
23,1.0,aligned,available,4,0.004947993269520751,0.1099604054850582,0.47415
23,1.0,aligned,available,5,0.0028973914542453905,-0.6472824754262169,0.47415
23,1.0,aligned,available,6,-0.008296057728709172,-0.1041630680139849,0.47415
23,1.0,aligned,available,7,0.0002168479820322533,0.34987258169917185,0.47415
23,1.0,aligned,available,8,-0.018330286570940824,0.5979579280890491,0.47415
23,1.0,aligned,available,9,0.006305321020546505,-0.0156908078075541,0.47415
23,1.0,aligned,available,10,0.008100161906345937,-0.271699332633129,0.47415
23,1.0,aligned,available,11,0.0015304101237179069,-0.8229673797620847,0.47415
23,1.0,aligned,available,12,-0.0006749816369650257,-0.006105428019413035,0.47415
23,1.0,aligned,available,13,0.002268878016730598,-0.002742129288298095,0.47415
23,1.0,aligned,available,14,-0.002003211348572398,-0.582470416356135,0.47415
23,1.0,aligned,available,15,-0.0009982654170966419,-0.007082018719292751,0.47415
23,1.0,aligned,available,16,0.001637509586735697,0.5571153325692468,0.47415
23,1.0,aligned,available,17,0.002102537195894927,-0.8551160367190116,0.47415
23,1.0,aligned,available,18,0.002237025184800734,-0.663009454030689,0.47415
23,1.0,aligned,available,19,-0.0011067266072213129,0.006907260876055749,0.47415
23,1.0,aligned,available,20,-0.001214307541776427,0.7458709786387803,0.47415
23,1.0,aligned,available,21,0.010731004329193399,-0.0005395655081466247,0.47415
23,1.0,aligned,available,22,0.01575003729640747,-0.009190394656508675,0.47415
23,1.0,aligned,available,23,-0.002954652454269957,0.5856663822814059,0.47415
23,1.0,aligned,available,24,0.0022494826576345012,0.008748564282633233,0.47415
23,1.0,aligned,available,25,-0.005277682326384259,-0.6788347062546359,0.47415
23,1.0,aligned,available,26,-0.00449289147980958,0.8078757659160897,0.47415
23,1.0,aligned,available,27,-0.006884636970472369,0.5427880179577758,0.47415
23,1.0,aligned,available,28,0.009996167873184688,-0.00407237001106353,0.47415
23,1.0,aligned,available,29,0.0037370176478002115,-0.6074893484507485,0.47415
23,1.0,aligned,available,30,-0.0078187599039136,-0.006329211080966696,0.47415
23,1.0,aligned,available,31,-0.010211702341740875,-0.12039943500137015,0.47415
23,1.0,aligned,available,32,-0.015778362664973226,-0.008724157532490232,0.47415
23,1.0,aligned,available,33,-0.007737021393471488,0.2507907206772942,0.47415
23,1.0,aligned,available,34,-0.0010219673688977946,0.006188955872529259,0.47415
23,1.0,aligned,available,35,0.010802502019712779,0.3288507967394901,0.47415
23,1.0,aligned,available,36,0.004238556739442512,-0.5154896657687914,0.47415
23,1.0,aligned,available,37,0.009884459828110356,-0.004504029708934343,0.47415
23,1.0,aligned,available,38,0.005091193073482159,-0.6396214743482729,0.47415
23,1.0,aligned,available,39,0.0008871267670592215,0.0019949050652471783,0.47415
23,1.0,aligned,available,40,-0.010612142739133627,0.006629238150977217,0.47415
23,1.0,aligned,available,41,-0.001222831927746193,-0.4050124938078051,0.47415
23,1.0,aligned,available,42,-0.044968398581471086,-0.0005679905047442359,0.47415
23,1.0,aligned,available,43,0.015638535530669635,-0.0012534454368378063,0.47415
23,1.0,aligned,available,44,-0.004943429386464637,-0.5209265009987244,0.47415
23,1.0,aligned,available,45,-0.0030378119147785876,0.2168289726144287,0.47415
23,1.0,aligned,available,46,-0.003921315886133148,-0.49148664274224035,0.47415
23,1.0,aligned,available,47,0.0018766227791344736,0.86113739795183,0.47415
23,1.0,aligned,available,48,0.0467406102392926,0.1695804064067233,0.47415
23,1.0,aligned,available,49,4.224974128982928e-05,0.0639518417843525,0.47415
23,1.0,aligned,available,50,0.003022748555167251,-0.10014020964774634,0.47415
23,1.0,aligned,available,51,-0.0006678451557239895,-0.30413255162694114,0.47415
23,1.0,aligned,available,52,-0.004003336893264053,0.007343328303373377,0.47415
23,1.0,aligned,available,53,0.0016216502876544858,-0.5424704209091727,0.47415
23,1.0,aligned,available,54,-0.013276733827630111,0.01603330814428207,0.47415
23,1.0,aligned,available,55,0.0070376191342962965,-0.002007125244485463,0.47415
23,1.0,aligned,available,56,-0.0009785707270182353,-0.5472959579628898,0.47415
23,1.0,aligned,available,57,-0.0006175313671934052,-0.12299070852329613,0.47415
23,1.0,aligned,available,58,0.0009942652411261133,-0.48255379751826033,0.47415
23,1.0,aligned,available,59,-0.0004135932374719764,0.40999581084965203,0.47415
23,1.0,aligned,available,60,0.02206429353214212,0.5661940421194498,0.47415
23,1.0,aligned,available,61,0.005289544470956165,-0.005059599091128308,0.47415
23,1.0,aligned,available,62,0.008105970815214913,-0.42566258855020295,0.47415
23,1.0,aligned,available,63,-0.0018489447247801438,-0.18106832153592264,0.47415
23,1.0,aligned,available,64,0.008793302707948425,-0.49430796590809756,0.47415
23,1.0,aligned,available,65,-0.010472421409181368,0.006817811886779223,0.47415
23,1.0,aligned,mi_obs,0,-0.027814798431737675,-0.36198634571288607,0.47415
23,1.0,aligned,mi_obs,1,0.07979374953702079,0.44016354643034006,0.47415
23,1.0,aligned,mi_obs,2,-0.00045439803496732413,0.00994452405663445,0.47415
23,1.0,aligned,mi_obs,3,0.01167431768687437,0.0012325555750002993,0.47415
23,1.0,aligned,mi_obs,4,0.03977567551137082,0.1099604054850582,0.47415
23,1.0,aligned,mi_obs,5,-0.053213629167038756,-0.6472824754262169,0.47415
23,1.0,aligned,mi_obs,6,-0.05841550470978982,-0.1041630680139849,0.47415
23,1.0,aligned,mi_obs,7,0.06407333977799501,0.34987258169917185,0.47415
23,1.0,aligned,mi_obs,8,0.022436078735873055,0.5979579280890491,0.47415
23,1.0,aligned,mi_obs,9,0.0036462514756064636,-0.0156908078075541,0.47415
23,1.0,aligned,mi_obs,10,-0.021794876602637903,-0.271699332633129,0.47415
23,1.0,aligned,mi_obs,11,-0.027029017657634435,-0.8229673797620847,0.47415
23,1.0,aligned,mi_obs,12,0.04280749185119467,-0.006105428019413035,0.47415
23,1.0,aligned,mi_obs,13,-0.08310331672986246,-0.002742129288298095,0.47415
23,1.0,aligned,mi_obs,14,-0.04246850790302226,-0.582470416356135,0.47415
23,1.0,aligned,mi_obs,15,1.8177210621857058e-05,-0.007082018719292751,0.47415
23,1.0,aligned,mi_obs,16,0.026729520112451555,0.5571153325692468,0.47415
23,1.0,aligned,mi_obs,17,-0.0353536345635328,-0.8551160367190116,0.47415
23,1.0,aligned,mi_obs,18,-0.02260048367713463,-0.663009454030689,0.47415
23,1.0,aligned,mi_obs,19,0.014208189461862973,0.006907260876055749,0.47415
23,1.0,aligned,mi_obs,20,0.017075464387357187,0.7458709786387803,0.47415
23,1.0,aligned,mi_obs,21,-0.04131585359010906,-0.0005395655081466247,0.47415
23,1.0,aligned,mi_obs,22,0.11074298008329131,-0.009190394656508675,0.47415
23,1.0,aligned,mi_obs,23,0.05258576860455433,0.5856663822814059,0.47415
23,1.0,aligned,mi_obs,24,-0.01562511288951984,0.008748564282633233,0.47415
23,1.0,aligned,mi_obs,25,-0.049211540582591584,-0.6788347062546359,0.47415
23,1.0,aligned,mi_obs,26,0.03805466773502364,0.8078757659160897,0.47415
23,1.0,aligned,mi_obs,27,0.038778446513332065,0.5427880179577758,0.47415
23,1.0,aligned,mi_obs,28,-0.0025703108226033545,-0.00407237001106353,0.47415
23,1.0,aligned,mi_obs,29,-0.030540442417335112,-0.6074893484507485,0.47415
23,1.0,aligned,mi_obs,30,-0.020042491076231732,-0.006329211080966696,0.47415
23,1.0,aligned,mi_obs,31,-0.07195727920621806,-0.12039943500137015,0.47415
23,1.0,aligned,mi_obs,32,0.024716836511336816,-0.008724157532490232,0.47415
23,1.0,aligned,mi_obs,33,0.05494858929852908,0.2507907206772942,0.47415
23,1.0,aligned,mi_obs,34,-0.03239695088264243,0.006188955872529259,0.47415
23,1.0,aligned,mi_obs,35,0.02574749200607751,0.3288507967394901,0.47415
23,1.0,aligned,mi_obs,36,-0.1569362022734797,-0.5154896657687914,0.47415
23,1.0,aligned,mi_obs,37,-0.0006755186187087682,-0.004504029708934343,0.47415
23,1.0,aligned,mi_obs,38,0.09381852319794126,-0.6396214743482729,0.47415
23,1.0,aligned,mi_obs,39,0.024790726283367946,0.0019949050652471783,0.47415
23,1.0,aligned,mi_obs,40,-0.08069443662024886,0.006629238150977217,0.47415
23,1.0,aligned,mi_obs,41,0.12449663178299247,-0.4050124938078051,0.47415
23,1.0,aligned,mi_obs,42,0.0015171006523994716,-0.0005679905047442359,0.47415
23,1.0,aligned,mi_obs,43,0.01320294603107418,-0.0012534454368378063,0.47415
23,1.0,aligned,mi_obs,44,-0.07708473144594064,-0.5209265009987244,0.47415
23,1.0,aligned,mi_obs,45,0.004977808977653847,0.2168289726144287,0.47415
23,1.0,aligned,mi_obs,46,-0.041180454596726646,-0.49148664274224035,0.47415
23,1.0,aligned,mi_obs,47,-0.007465434213072886,0.86113739795183,0.47415
23,1.0,aligned,mi_obs,48,0.047183965790445676,0.1695804064067233,0.47415
23,1.0,aligned,mi_obs,49,0.0009819218947433733,0.0639518417843525,0.47415
23,1.0,aligned,mi_obs,50,-0.057136625789782125,-0.10014020964774634,0.47415
23,1.0,aligned,mi_obs,51,0.023756456227004175,-0.30413255162694114,0.47415
23,1.0,aligned,mi_obs,52,-0.028218294266493776,0.007343328303373377,0.47415
23,1.0,aligned,mi_obs,53,-0.018868399450882145,-0.5424704209091727,0.47415
23,1.0,aligned,mi_obs,54,-0.02006580510908648,0.01603330814428207,0.47415
23,1.0,aligned,mi_obs,55,-0.0008961199771192634,-0.002007125244485463,0.47415
23,1.0,aligned,mi_obs,56,-0.028519561902222934,-0.5472959579628898,0.47415
23,1.0,aligned,mi_obs,57,-0.046225068524664154,-0.12299070852329613,0.47415
23,1.0,aligned,mi_obs,58,-0.047714512579388524,-0.48255379751826033,0.47415
23,1.0,aligned,mi_obs,59,0.034176402706221354,0.40999581084965203,0.47415
23,1.0,aligned,mi_obs,60,0.07628257058380605,0.5661940421194498,0.47415
23,1.0,aligned,mi_obs,61,-0.02007889240981915,-0.005059599091128308,0.47415
23,1.0,aligned,mi_obs,62,-0.06434252371022847,-0.42566258855020295,0.47415
23,1.0,aligned,mi_obs,63,-0.014518424200787722,-0.18106832153592264,0.47415
23,1.0,aligned,mi_obs,64,-0.011267924767334625,-0.49430796590809756,0.47415
23,1.0,aligned,mi_obs,65,0.005710595913253652,0.006817811886779223,0.47415
23,1.0,aligned,mi_class,0,0.1897495069972624,-0.36198634571288607,0.47415
23,1.0,aligned,mi_class,1,-0.43761754747905246,0.44016354643034006,0.47415
23,1.0,aligned,mi_class,2,-0.009990179642179877,0.00994452405663445,0.47415
23,1.0,aligned,mi_class,3,-0.004794870820984622,0.0012325555750002993,0.47415
23,1.0,aligned,mi_class,4,-0.02898358405687526,0.1099604054850582,0.47415
23,1.0,aligned,mi_class,5,0.14841096743175108,-0.6472824754262169,0.47415
23,1.0,aligned,mi_class,6,-0.04984056475919593,-0.1041630680139849,0.47415
23,1.0,aligned,mi_class,7,-0.03974035674312554,0.34987258169917185,0.47415
23,1.0,aligned,mi_class,8,-0.055881601398432346,0.5979579280890491,0.47415
23,1.0,aligned,mi_class,9,0.006759170756846858,-0.0156908078075541,0.47415
23,1.0,aligned,mi_class,10,0.2715962680082668,-0.271699332633129,0.47415
23,1.0,aligned,mi_class,11,0.8147805507083705,-0.8229673797620847,0.47415
23,1.0,aligned,mi_class,12,0.0016673179934016472,-0.006105428019413035,0.47415
23,1.0,aligned,mi_class,13,0.003256380669978785,-0.002742129288298095,0.47415
23,1.0,aligned,mi_class,14,0.2473445938441487,-0.582470416356135,0.47415
23,1.0,aligned,mi_class,15,-0.030911728259403776,-0.007082018719292751,0.47415
23,1.0,aligned,mi_class,16,-0.20514213118438557,0.5571153325692468,0.47415
23,1.0,aligned,mi_class,17,0.38492863851323256,-0.8551160367190116,0.47415
23,1.0,aligned,mi_class,18,0.21874313335753026,-0.663009454030689,0.47415
23,1.0,aligned,mi_class,19,0.0014275786913644038,0.006907260876055749,0.47415
23,1.0,aligned,mi_class,20,-0.7406813549056066,0.7458709786387803,0.47415
23,1.0,aligned,mi_class,21,1.0004971538477316,-0.0005395655081466247,0.47415
23,1.0,aligned,mi_class,22,0.00920514787435431,-0.009190394656508675,0.47415
23,1.0,aligned,mi_class,23,-0.583230496525865,0.5856663822814059,0.47415
23,1.0,aligned,mi_class,24,-0.008995105267004956,0.008748564282633233,0.47415
23,1.0,aligned,mi_class,25,0.6749550854612264,-0.6788347062546359,0.47415
23,1.0,aligned,mi_class,26,-0.804513189315467,0.8078757659160897,0.47415
23,1.0,aligned,mi_class,27,-0.5395450337266036,0.5427880179577758,0.47415
23,1.0,aligned,mi_class,28,0.15493298288946872,-0.00407237001106353,0.47415
23,1.0,aligned,mi_class,29,-0.39246897293640615,-0.6074893484507485,0.47415
23,1.0,aligned,mi_class,30,0.006385763773686349,-0.006329211080966696,0.47415
23,1.0,aligned,mi_class,31,0.1202014312263212,-0.12039943500137015,0.47415
23,1.0,aligned,mi_class,32,0.00872001431888553,-0.008724157532490232,0.47415
23,1.0,aligned,mi_class,33,-0.2504239834975774,0.2507907206772942,0.47415
23,1.0,aligned,mi_class,34,-0.006135218571294232,0.006188955872529259,0.47415
23,1.0,aligned,mi_class,35,-0.3282468042294795,0.3288507967394901,0.47415
23,1.0,aligned,mi_class,36,0.6639511332761858,-0.5154896657687914,0.47415
23,1.0,aligned,mi_class,37,-0.9954858053818865,-0.004504029708934343,0.47415
23,1.0,aligned,mi_class,38,0.0340673184055309,-0.6396214743482729,0.47415
23,1.0,aligned,mi_class,39,0.0027632309291445506,0.0019949050652471783,0.47415
23,1.0,aligned,mi_class,40,-0.004975846544772869,0.006629238150977217,0.47415
23,1.0,aligned,mi_class,41,0.03934131569569593,-0.4050124938078051,0.47415
23,1.0,aligned,mi_class,42,-0.00753367918132821,-0.0005679905047442359,0.47415
23,1.0,aligned,mi_class,43,0.0036751109539136864,-0.0012534454368378063,0.47415
23,1.0,aligned,mi_class,44,0.5207677841324173,-0.5209265009987244,0.47415
23,1.0,aligned,mi_class,45,-0.02298703801713653,0.2168289726144287,0.47415
23,1.0,aligned,mi_class,46,0.06918653576388667,-0.49148664274224035,0.47415
23,1.0,aligned,mi_class,47,-0.08040371552244929,0.86113739795183,0.47415
23,1.0,aligned,mi_class,48,0.01764393508374648,0.1695804064067233,0.47415
23,1.0,aligned,mi_class,49,-0.0015859038763901892,0.0639518417843525,0.47415
23,1.0,aligned,mi_class,50,0.10011423893557936,-0.10014020964774634,0.47415
23,1.0,aligned,mi_class,51,0.03982690224377744,-0.30413255162694114,0.47415
23,1.0,aligned,mi_class,52,-0.003771273489792281,0.007343328303373377,0.47415
23,1.0,aligned,mi_class,53,0.11618446462968895,-0.5424704209091727,0.47415
23,1.0,aligned,mi_class,54,-0.042655230170147565,0.01603330814428207,0.47415
23,1.0,aligned,mi_class,55,0.0019916061341405176,-0.002007125244485463,0.47415
23,1.0,aligned,mi_class,56,0.10777634288056259,-0.5472959579628898,0.47415
23,1.0,aligned,mi_class,57,0.023520214016155422,-0.12299070852329613,0.47415
23,1.0,aligned,mi_class,58,0.13753996366257998,-0.48255379751826033,0.47415
23,1.0,aligned,mi_class,59,-0.4098491550022654,0.40999581084965203,0.47415
23,1.0,aligned,mi_class,60,-0.0034900365931395116,0.5661940421194498,0.47415
23,1.0,aligned,mi_class,61,-0.019636041323602315,-0.005059599091128308,0.47415
23,1.0,aligned,mi_class,62,0.4255182673659074,-0.42566258855020295,0.47415
23,1.0,aligned,mi_class,63,0.015549312609246885,-0.18106832153592264,0.47415
23,1.0,aligned,mi_class,64,0.49411056008694343,-0.49430796590809756,0.47415
23,1.0,aligned,mi_class,65,-0.15616817892653911,0.006817811886779223,0.47415
23,1.0,aligned,mi_site,0,0.012490202270477258,-0.36198634571288607,0.47415
23,1.0,aligned,mi_site,1,0.004041155793201023,0.44016354643034006,0.47415
23,1.0,aligned,mi_site,2,-0.016136732351529588,0.00994452405663445,0.47415
23,1.0,aligned,mi_site,3,0.026177139928180125,0.0012325555750002993,0.47415
23,1.0,aligned,mi_site,4,-0.02658351014101616,0.1099604054850582,0.47415
23,1.0,aligned,mi_site,5,0.010052110433163897,-0.6472824754262169,0.47415
23,1.0,aligned,mi_site,6,-0.02929806107443081,-0.1041630680139849,0.47415
23,1.0,aligned,mi_site,7,-0.024893604788477686,0.34987258169917185,0.47415
23,1.0,aligned,mi_site,8,-0.032469718676931714,0.5979579280890491,0.47415
23,1.0,aligned,mi_site,9,0.00705443563536387,-0.0156908078075541,0.47415
23,1.0,aligned,mi_site,10,0.015316034449399218,-0.271699332633129,0.47415
23,1.0,aligned,mi_site,11,0.03509519505370984,-0.8229673797620847,0.47415
23,1.0,aligned,mi_site,12,0.05205478399352961,-0.006105428019413035,0.47415
23,1.0,aligned,mi_site,13,-0.11490983957202078,-0.002742129288298095,0.47415
23,1.0,aligned,mi_site,14,0.08357303278690043,-0.582470416356135,0.47415
23,1.0,aligned,mi_site,15,0.017070499808513016,-0.007082018719292751,0.47415
23,1.0,aligned,mi_site,16,0.00971765600813046,0.5571153325692468,0.47415
23,1.0,aligned,mi_site,17,0.06148993598733643,-0.8551160367190116,0.47415
23,1.0,aligned,mi_site,18,0.002141298192836927,-0.663009454030689,0.47415
23,1.0,aligned,mi_site,19,0.005686132110538851,0.006907260876055749,0.47415
23,1.0,aligned,mi_site,20,-0.012559442412208854,0.7458709786387803,0.47415
23,1.0,aligned,mi_site,21,-0.03852726953578751,-0.0005395655081466247,0.47415
23,1.0,aligned,mi_site,22,0.12450315627667692,-0.009190394656508675,0.47415
23,1.0,aligned,mi_site,23,-0.07850854990421186,0.5856663822814059,0.47415
23,1.0,aligned,mi_site,24,-0.0374740671258589,0.008748564282633233,0.47415
23,1.0,aligned,mi_site,25,-0.020691583144860082,-0.6788347062546359,0.47415
23,1.0,aligned,mi_site,26,-0.040205907411833164,0.8078757659160897,0.47415
23,1.0,aligned,mi_site,27,0.032986749958307526,0.5427880179577758,0.47415
23,1.0,aligned,mi_site,28,0.004588855641035446,-0.00407237001106353,0.47415
23,1.0,aligned,mi_site,29,0.007500658884476152,-0.6074893484507485,0.47415
23,1.0,aligned,mi_site,30,-0.005471004179018911,-0.006329211080966696,0.47415
23,1.0,aligned,mi_site,31,-0.036718577524235824,-0.12039943500137015,0.47415
23,1.0,aligned,mi_site,32,0.02212557296923901,-0.008724157532490232,0.47415
23,1.0,aligned,mi_site,33,0.021942994035465013,0.2507907206772942,0.47415
23,1.0,aligned,mi_site,34,-0.04295481221110232,0.006188955872529259,0.47415
23,1.0,aligned,mi_site,35,-0.044131820139249656,0.3288507967394901,0.47415
23,1.0,aligned,mi_site,36,-0.02905699244997817,-0.5154896657687914,0.47415
23,1.0,aligned,mi_site,37,0.023981711733694337,-0.004504029708934343,0.47415
23,1.0,aligned,mi_site,38,0.04887137489590343,-0.6396214743482729,0.47415
23,1.0,aligned,mi_site,39,0.04470825459724415,0.0019949050652471783,0.47415
23,1.0,aligned,mi_site,40,-0.07674321432524465,0.006629238150977217,0.47415
23,1.0,aligned,mi_site,41,0.07623102287833822,-0.4050124938078051,0.47415
23,1.0,aligned,mi_site,42,0.036645706556590676,-0.0005679905047442359,0.47415
23,1.0,aligned,mi_site,43,-0.01862131174828699,-0.0012534454368378063,0.47415
23,1.0,aligned,mi_site,44,-0.038023119881620326,-0.5209265009987244,0.47415
23,1.0,aligned,mi_site,45,-0.04576561531505188,0.2168289726144287,0.47415
23,1.0,aligned,mi_site,46,0.006560899599164227,-0.49148664274224035,0.47415
23,1.0,aligned,mi_site,47,-0.019095784299065333,0.86113739795183,0.47415
23,1.0,aligned,mi_site,48,-0.00780242293122288,0.1695804064067233,0.47415
23,1.0,aligned,mi_site,49,0.0423521676669478,0.0639518417843525,0.47415
23,1.0,aligned,mi_site,50,0.017051896168991026,-0.10014020964774634,0.47415
23,1.0,aligned,mi_site,51,0.043193117190010455,-0.30413255162694114,0.47415
23,1.0,aligned,mi_site,52,-0.0634107338277127,0.007343328303373377,0.47415
23,1.0,aligned,mi_site,53,-0.028347378674063006,-0.5424704209091727,0.47415
23,1.0,aligned,mi_site,54,-0.03843597837501105,0.01603330814428207,0.47415
23,1.0,aligned,mi_site,55,0.01599874314307009,-0.002007125244485463,0.47415
23,1.0,aligned,mi_site,56,-0.015849137066920482,-0.5472959579628898,0.47415
23,1.0,aligned,mi_site,57,-0.04349768416460045,-0.12299070852329613,0.47415
23,1.0,aligned,mi_site,58,-0.043527222620177275,-0.48255379751826033,0.47415
23,1.0,aligned,mi_site,59,0.025549756852221217,0.40999581084965203,0.47415
23,1.0,aligned,mi_site,60,0.03647314326672768,0.5661940421194498,0.47415
23,1.0,aligned,mi_site,61,0.027896833678692706,-0.005059599091128308,0.47415
23,1.0,aligned,mi_site,62,-0.005868385390281117,-0.42566258855020295,0.47415
23,1.0,aligned,mi_site,63,-0.001349638237372025,-0.18106832153592264,0.47415
23,1.0,aligned,mi_site,64,-0.005076026958539093,-0.49430796590809756,0.47415
23,1.0,aligned,mi_site,65,-0.004937730122239539,0.006817811886779223,0.47415
23,1.0,closed,available,0,-0.006413664000335273,-0.36198634571288607,0.47415
23,1.0,closed,available,1,0.015170375224446475,0.44016354643034006,0.47415
23,1.0,closed,available,2,-0.0161662237506221,0.00994452405663445,0.47415
23,1.0,closed,available,3,0.0032780745435951023,0.0012325555750002993,0.47415
23,1.0,closed,available,4,0.009627132679789624,0.1099604054850582,0.47415
23,1.0,closed,available,5,0.002911100846915038,-0.6472824754262169,0.47415
23,1.0,closed,available,6,-0.0005322093881834355,-0.1041630680139849,0.47415
23,1.0,closed,available,7,0.0021359146611899527,0.34987258169917185,0.47415
23,1.0,closed,available,8,0.005332801475921745,0.5979579280890491,0.47415
23,1.0,closed,available,9,0.0048261712846062715,-0.0156908078075541,0.47415
23,1.0,closed,available,10,-0.007099321620320953,-0.271699332633129,0.47415
23,1.0,closed,available,11,0.0016488627527103672,-0.8229673797620847,0.47415
23,1.0,closed,available,12,0.007139411458230802,-0.006105428019413035,0.47415
23,1.0,closed,available,13,0.009613953092067768,-0.002742129288298095,0.47415
23,1.0,closed,available,14,-0.01324774111766347,-0.582470416356135,0.47415
23,1.0,closed,available,15,0.00892872043512879,-0.007082018719292751,0.47415
23,1.0,closed,available,16,0.0012914456186365886,0.5571153325692468,0.47415
23,1.0,closed,available,17,-0.003055732282424062,-0.8551160367190116,0.47415
23,1.0,closed,available,18,-0.0016466069940510586,-0.663009454030689,0.47415
23,1.0,closed,available,19,-0.002515199919221326,0.006907260876055749,0.47415
23,1.0,closed,available,20,-0.0006176071868563282,0.7458709786387803,0.47415
23,1.0,closed,available,21,-0.014867955674947413,-0.0005395655081466247,0.47415
23,1.0,closed,available,22,-0.008130650116002332,-0.009190394656508675,0.47415
23,1.0,closed,available,23,0.009283603019352382,0.5856663822814059,0.47415
23,1.0,closed,available,24,-0.0030973063799684918,0.008748564282633233,0.47415
23,1.0,closed,available,25,0.01143056569789791,-0.6788347062546359,0.47415
23,1.0,closed,available,26,0.001595591465621382,0.8078757659160897,0.47415
23,1.0,closed,available,27,-0.013282830659236411,0.5427880179577758,0.47415
23,1.0,closed,available,28,-0.001973457564207709,-0.00407237001106353,0.47415
23,1.0,closed,available,29,0.007294920039118913,-0.6074893484507485,0.47415
23,1.0,closed,available,30,-0.003370400435002363,-0.006329211080966696,0.47415
23,1.0,closed,available,31,0.0038806965941671073,-0.12039943500137015,0.47415
23,1.0,closed,available,32,0.016086405697011197,-0.008724157532490232,0.47415
23,1.0,closed,available,33,0.014195387724138309,0.2507907206772942,0.47415
23,1.0,closed,available,34,-0.008491219739415504,0.006188955872529259,0.47415
23,1.0,closed,available,35,-0.02330149724026992,0.3288507967394901,0.47415
23,1.0,closed,available,36,-0.017587204582575455,-0.5154896657687914,0.47415
23,1.0,closed,available,37,0.0008547186725021859,-0.004504029708934343,0.47415
23,1.0,closed,available,38,0.0041576268107772485,-0.6396214743482729,0.47415
23,1.0,closed,available,39,0.0007652612082394341,0.0019949050652471783,0.47415
23,1.0,closed,available,40,-0.0013444831663401175,0.006629238150977217,0.47415
23,1.0,closed,available,41,0.0023115408264878234,-0.4050124938078051,0.47415
23,1.0,closed,available,42,0.005039262802160272,-0.0005679905047442359,0.47415
23,1.0,closed,available,43,0.007553105896162835,-0.0012534454368378063,0.47415
23,1.0,closed,available,44,-0.0021046910240768435,-0.5209265009987244,0.47415
23,1.0,closed,available,45,-0.004396193346668187,0.2168289726144287,0.47415
23,1.0,closed,available,46,-0.0069106480055641795,-0.49148664274224035,0.47415
23,1.0,closed,available,47,0.003465163178774877,0.86113739795183,0.47415
23,1.0,closed,available,48,-0.000979872415834998,0.1695804064067233,0.47415
23,1.0,closed,available,49,0.007221000604428582,0.0639518417843525,0.47415
23,1.0,closed,available,50,-0.010422496847497145,-0.10014020964774634,0.47415
23,1.0,closed,available,51,-0.0039490379985178126,-0.30413255162694114,0.47415
23,1.0,closed,available,52,0.0016299541473008229,0.007343328303373377,0.47415
23,1.0,closed,available,53,-0.00849017737074742,-0.5424704209091727,0.47415
23,1.0,closed,available,54,0.009553426162353346,0.01603330814428207,0.47415
23,1.0,closed,available,55,-0.0017433189426944132,-0.002007125244485463,0.47415
23,1.0,closed,available,56,-0.004942297302387044,-0.5472959579628898,0.47415
23,1.0,closed,available,57,0.02647822618041039,-0.12299070852329613,0.47415
23,1.0,closed,available,58,-0.006198766306329095,-0.48255379751826033,0.47415
23,1.0,closed,available,59,-0.0004080863611689578,0.40999581084965203,0.47415
23,1.0,closed,available,60,-0.008043778574645888,0.5661940421194498,0.47415
23,1.0,closed,available,61,0.0019897897591753012,-0.005059599091128308,0.47415
23,1.0,closed,available,62,-0.0029016095388246232,-0.42566258855020295,0.47415
23,1.0,closed,available,63,0.004414213625074603,-0.18106832153592264,0.47415
23,1.0,closed,available,64,-0.0015986987747969028,-0.49430796590809756,0.47415
23,1.0,closed,available,65,-0.004296318306591001,0.006817811886779223,0.47415
23,1.0,closed,mi_obs,0,-0.037315233459619235,-0.36198634571288607,0.47415
23,1.0,closed,mi_obs,1,0.08748980519943195,0.44016354643034006,0.47415
23,1.0,closed,mi_obs,2,-0.02633689799781641,0.00994452405663445,0.47415
23,1.0,closed,mi_obs,3,0.018510994459404437,0.0012325555750002993,0.47415
23,1.0,closed,mi_obs,4,0.04772572527825572,0.1099604054850582,0.47415
23,1.0,closed,mi_obs,5,-0.061421937350432,-0.6472824754262169,0.47415
23,1.0,closed,mi_obs,6,-0.049039781408397876,-0.1041630680139849,0.47415
23,1.0,closed,mi_obs,7,0.06986034277293762,0.34987258169917185,0.47415
23,1.0,closed,mi_obs,8,0.02921642372950861,0.5979579280890491,0.47415
23,1.0,closed,mi_obs,9,-0.0014594344359850839,-0.0156908078075541,0.47415
23,1.0,closed,mi_obs,10,-0.03402065378094998,-0.271699332633129,0.47415
23,1.0,closed,mi_obs,11,-0.02888125986545087,-0.8229673797620847,0.47415
23,1.0,closed,mi_obs,12,0.061488411816398,-0.006105428019413035,0.47415
23,1.0,closed,mi_obs,13,-0.07457652841859247,-0.002742129288298095,0.47415
23,1.0,closed,mi_obs,14,-0.043658643607799474,-0.582470416356135,0.47415
23,1.0,closed,mi_obs,15,0.011245574497504695,-0.007082018719292751,0.47415
23,1.0,closed,mi_obs,16,0.015459540611846845,0.5571153325692468,0.47415
23,1.0,closed,mi_obs,17,-0.03605417534462363,-0.8551160367190116,0.47415
23,1.0,closed,mi_obs,18,-0.025161519316259318,-0.663009454030689,0.47415
23,1.0,closed,mi_obs,19,0.018019090591480852,0.006907260876055749,0.47415
23,1.0,closed,mi_obs,20,0.017904380642094875,0.7458709786387803,0.47415
23,1.0,closed,mi_obs,21,-0.05062943337808173,-0.0005395655081466247,0.47415
23,1.0,closed,mi_obs,22,0.09411723807492728,-0.009190394656508675,0.47415
23,1.0,closed,mi_obs,23,0.05565736591387627,0.5856663822814059,0.47415
23,1.0,closed,mi_obs,24,-0.03764840917983302,0.008748564282633233,0.47415
23,1.0,closed,mi_obs,25,-0.024066795392058693,-0.6788347062546359,0.47415
23,1.0,closed,mi_obs,26,0.04604591925051882,0.8078757659160897,0.47415
23,1.0,closed,mi_obs,27,0.04672448773257387,0.5427880179577758,0.47415
23,1.0,closed,mi_obs,28,-0.02313182962304069,-0.00407237001106353,0.47415
23,1.0,closed,mi_obs,29,-0.03133086613982894,-0.6074893484507485,0.47415
23,1.0,closed,mi_obs,30,-0.032899803294336186,-0.006329211080966696,0.47415
23,1.0,closed,mi_obs,31,-0.04684004265857203,-0.12039943500137015,0.47415
23,1.0,closed,mi_obs,32,0.025728531412513876,-0.008724157532490232,0.47415
23,1.0,closed,mi_obs,33,0.062133877916214,0.2507907206772942,0.47415
23,1.0,closed,mi_obs,34,-0.022765100012770344,0.006188955872529259,0.47415
23,1.0,closed,mi_obs,35,0.005810501721343175,0.3288507967394901,0.47415
23,1.0,closed,mi_obs,36,-0.1535949372764004,-0.5154896657687914,0.47415
23,1.0,closed,mi_obs,37,0.020108332577719983,-0.004504029708934343,0.47415
23,1.0,closed,mi_obs,38,0.08656356253459907,-0.6396214743482729,0.47415
23,1.0,closed,mi_obs,39,0.026083231078994257,0.0019949050652471783,0.47415
23,1.0,closed,mi_obs,40,-0.06706575705117572,0.006629238150977217,0.47415
23,1.0,closed,mi_obs,41,0.1177884255851116,-0.4050124938078051,0.47415
23,1.0,closed,mi_obs,42,0.01760790664348732,-0.0005679905047442359,0.47415
23,1.0,closed,mi_obs,43,0.0038293561264071546,-0.0012534454368378063,0.47415
23,1.0,closed,mi_obs,44,-0.07391377536173438,-0.5209265009987244,0.47415
23,1.0,closed,mi_obs,45,-0.002411009449710566,0.2168289726144287,0.47415
23,1.0,closed,mi_obs,46,-0.03928520938638552,-0.49148664274224035,0.47415
23,1.0,closed,mi_obs,47,-0.006292774217694697,0.86113739795183,0.47415
23,1.0,closed,mi_obs,48,0.036991317183163064,0.1695804064067233,0.47415
23,1.0,closed,mi_obs,49,-0.0018932005032932311,0.0639518417843525,0.47415
23,1.0,closed,mi_obs,50,-0.05913195240682567,-0.10014020964774634,0.47415
23,1.0,closed,mi_obs,51,0.022453866184091287,-0.30413255162694114,0.47415
23,1.0,closed,mi_obs,52,-0.03617531630806601,0.007343328303373377,0.47415
23,1.0,closed,mi_obs,53,-0.0270211248865021,-0.5424704209091727,0.47415
23,1.0,closed,mi_obs,54,-0.008271413048061385,0.01603330814428207,0.47415
23,1.0,closed,mi_obs,55,0.0017134437317556954,-0.002007125244485463,0.47415
23,1.0,closed,mi_obs,56,-0.025319200668538766,-0.5472959579628898,0.47415
23,1.0,closed,mi_obs,57,-0.030285996203032184,-0.12299070852329613,0.47415
23,1.0,closed,mi_obs,58,-0.059817999664835475,-0.48255379751826033,0.47415
23,1.0,closed,mi_obs,59,0.026703211480338884,0.40999581084965203,0.47415
23,1.0,closed,mi_obs,60,0.07159091486648939,0.5661940421194498,0.47415
23,1.0,closed,mi_obs,61,-0.017047241160843548,-0.005059599091128308,0.47415
23,1.0,closed,mi_obs,62,-0.06585710039110482,-0.42566258855020295,0.47415
23,1.0,closed,mi_obs,63,-0.0181985081284749,-0.18106832153592264,0.47415
23,1.0,closed,mi_obs,64,-0.02024441199845961,-0.49430796590809756,0.47415
23,1.0,closed,mi_obs,65,0.01024501417716426,0.006817811886779223,0.47415
23,1.0,closed,mi_class,0,0.09191014638847328,-0.36198634571288607,0.47415
23,1.0,closed,mi_class,1,-0.4373009747204262,0.44016354643034006,0.47415
23,1.0,closed,mi_class,2,-0.010093531184756834,0.00994452405663445,0.47415
23,1.0,closed,mi_class,3,0.009044397471079156,0.0012325555750002993,0.47415
23,1.0,closed,mi_class,4,-0.018977972966004272,0.1099604054850582,0.47415
23,1.0,closed,mi_class,5,0.2676481103460183,-0.6472824754262169,0.47415
23,1.0,closed,mi_class,6,0.007574219381649885,-0.1041630680139849,0.47415
23,1.0,closed,mi_class,7,-0.020714854567719376,0.34987258169917185,0.47415
23,1.0,closed,mi_class,8,-0.06621034416053162,0.5979579280890491,0.47415
23,1.0,closed,mi_class,9,-0.0043283886300780165,-0.0156908078075541,0.47415
23,1.0,closed,mi_class,10,0.2704689502764361,-0.271699332633129,0.47415
23,1.0,closed,mi_class,11,0.8139663915722534,-0.8229673797620847,0.47415
23,1.0,closed,mi_class,12,0.010202258575848111,-0.006105428019413035,0.47415
23,1.0,closed,mi_class,13,-0.03870964203279577,-0.002742129288298095,0.47415
23,1.0,closed,mi_class,14,0.18918392940416057,-0.582470416356135,0.47415
23,1.0,closed,mi_class,15,0.00778773490034545,-0.007082018719292751,0.47415
23,1.0,closed,mi_class,16,-0.1280495961965587,0.5571153325692468,0.47415
23,1.0,closed,mi_class,17,0.26493632806859535,-0.8551160367190116,0.47415
23,1.0,closed,mi_class,18,0.12081104163558387,-0.663009454030689,0.47415
23,1.0,closed,mi_class,19,0.005991208591365255,0.006907260876055749,0.47415
23,1.0,closed,mi_class,20,-0.7389181273710959,0.7458709786387803,0.47415
23,1.0,closed,mi_class,21,-0.9994255136828254,-0.0005395655081466247,0.47415
23,1.0,closed,mi_class,22,0.00914747688871359,-0.009190394656508675,0.47415
23,1.0,closed,mi_class,23,-0.5830476824274491,0.5856663822814059,0.47415
23,1.0,closed,mi_class,24,-0.008582124110881906,0.008748564282633233,0.47415
23,1.0,closed,mi_class,25,0.6752873203019788,-0.6788347062546359,0.47415
23,1.0,closed,mi_class,26,-0.8039220983426045,0.8078757659160897,0.47415
23,1.0,closed,mi_class,27,-0.5393173658352214,0.5427880179577758,0.47415
23,1.0,closed,mi_class,28,-0.15387280002711243,-0.00407237001106353,0.47415
23,1.0,closed,mi_class,29,-0.3924875010626575,-0.6074893484507485,0.47415
23,1.0,closed,mi_class,30,0.006377447371501318,-0.006329211080966696,0.47415
23,1.0,closed,mi_class,31,0.12003664446416612,-0.12039943500137015,0.47415
23,1.0,closed,mi_class,32,0.008890534536518332,-0.008724157532490232,0.47415
23,1.0,closed,mi_class,33,-0.2500010866202966,0.2507907206772942,0.47415
23,1.0,closed,mi_class,34,-0.005926901999452091,0.006188955872529259,0.47415
23,1.0,closed,mi_class,35,-0.32756643342552894,0.3288507967394901,0.47415
23,1.0,closed,mi_class,36,0.671130080544298,-0.5154896657687914,0.47415
23,1.0,closed,mi_class,37,1.0044863118330916,-0.004504029708934343,0.47415
23,1.0,closed,mi_class,38,0.02048582157503842,-0.6396214743482729,0.47415
23,1.0,closed,mi_class,39,-0.004084139685758956,0.0019949050652471783,0.47415
23,1.0,closed,mi_class,40,-0.0015426759347929734,0.006629238150977217,0.47415
23,1.0,closed,mi_class,41,0.01798845737512078,-0.4050124938078051,0.47415
23,1.0,closed,mi_class,42,0.00829834866550083,-0.0005679905047442359,0.47415
23,1.0,closed,mi_class,43,0.006095738866674559,-0.0012534454368378063,0.47415
23,1.0,closed,mi_class,44,0.5190853185360085,-0.5209265009987244,0.47415
23,1.0,closed,mi_class,45,-0.049066821030656904,0.2168289726144287,0.47415
23,1.0,closed,mi_class,46,0.09350062124477543,-0.49148664274224035,0.47415
23,1.0,closed,mi_class,47,-0.04006080645007315,0.86113739795183,0.47415
23,1.0,closed,mi_class,48,-0.014140320062718398,0.1695804064067233,0.47415
23,1.0,closed,mi_class,49,-0.06212223163512563,0.0639518417843525,0.47415
23,1.0,closed,mi_class,50,0.09974329425725974,-0.10014020964774634,0.47415
23,1.0,closed,mi_class,51,-0.04436815034442293,-0.30413255162694114,0.47415
23,1.0,closed,mi_class,52,0.005730926376416273,0.007343328303373377,0.47415
23,1.0,closed,mi_class,53,0.1978185488613285,-0.5424704209091727,0.47415
23,1.0,closed,mi_class,54,-0.008778446418717532,0.01603330814428207,0.47415
23,1.0,closed,mi_class,55,0.0019748996020996753,-0.002007125244485463,0.47415
23,1.0,closed,mi_class,56,0.1182219157791547,-0.5472959579628898,0.47415
23,1.0,closed,mi_class,57,0.032883568333619106,-0.12299070852329613,0.47415
23,1.0,closed,mi_class,58,0.06914544631727937,-0.48255379751826033,0.47415
23,1.0,closed,mi_class,59,-0.40824590730590415,0.40999581084965203,0.47415
23,1.0,closed,mi_class,60,0.021240644304737266,0.5661940421194498,0.47415
23,1.0,closed,mi_class,61,-0.07349062137330101,-0.005059599091128308,0.47415
23,1.0,closed,mi_class,62,0.42390084199301414,-0.42566258855020295,0.47415
23,1.0,closed,mi_class,63,-0.006869824494931648,-0.18106832153592264,0.47415
23,1.0,closed,mi_class,64,0.49201156719678935,-0.49430796590809756,0.47415
23,1.0,closed,mi_class,65,0.15095483368638324,0.006817811886779223,0.47415
23,1.0,closed,mi_site,0,-0.02749844002925772,-0.36198634571288607,0.47415
23,1.0,closed,mi_site,1,0.06401530113619447,0.44016354643034006,0.47415
23,1.0,closed,mi_site,2,-0.02177686649549526,0.00994452405663445,0.47415
23,1.0,closed,mi_site,3,0.028025461112817267,0.0012325555750002993,0.47415
23,1.0,closed,mi_site,4,0.031242901321732713,0.1099604054850582,0.47415
23,1.0,closed,mi_site,5,-0.06456605314151853,-0.6472824754262169,0.47415
23,1.0,closed,mi_site,6,-0.042600467243013335,-0.1041630680139849,0.47415
23,1.0,closed,mi_site,7,0.056784372260913485,0.34987258169917185,0.47415
23,1.0,closed,mi_site,8,0.027410895936455626,0.5979579280890491,0.47415
23,1.0,closed,mi_site,9,-0.003801477579220284,-0.0156908078075541,0.47415
23,1.0,closed,mi_site,10,-0.024027089514625954,-0.271699332633129,0.47415
23,1.0,closed,mi_site,11,-0.023764185793761716,-0.8229673797620847,0.47415
23,1.0,closed,mi_site,12,0.03974985771769303,-0.006105428019413035,0.47415
23,1.0,closed,mi_site,13,-0.09923129018072367,-0.002742129288298095,0.47415
23,1.0,closed,mi_site,14,-0.018316237209972108,-0.582470416356135,0.47415
23,1.0,closed,mi_site,15,0.025452369843595564,-0.007082018719292751,0.47415
23,1.0,closed,mi_site,16,0.004527153684392271,0.5571153325692468,0.47415
23,1.0,closed,mi_site,17,-0.026878262709788103,-0.8551160367190116,0.47415
23,1.0,closed,mi_site,18,-0.02084540803235002,-0.663009454030689,0.47415
23,1.0,closed,mi_site,19,0.01270533173828404,0.006907260876055749,0.47415
23,1.0,closed,mi_site,20,0.015506838517875154,0.7458709786387803,0.47415
23,1.0,closed,mi_site,21,-0.016986822253630608,-0.0005395655081466247,0.47415
23,1.0,closed,mi_site,22,0.10641017773412412,-0.009190394656508675,0.47415
23,1.0,closed,mi_site,23,0.03058971040838454,0.5856663822814059,0.47415
23,1.0,closed,mi_site,24,-0.04715681083182724,0.008748564282633233,0.47415
23,1.0,closed,mi_site,25,-0.0159325696853021,-0.6788347062546359,0.47415
23,1.0,closed,mi_site,26,0.03322517018369653,0.8078757659160897,0.47415
23,1.0,closed,mi_site,27,0.03575999803380858,0.5427880179577758,0.47415
23,1.0,closed,mi_site,28,-0.015294862285205688,-0.00407237001106353,0.47415
23,1.0,closed,mi_site,29,-0.023422394427740745,-0.6074893484507485,0.47415
23,1.0,closed,mi_site,30,-0.017023555414996828,-0.006329211080966696,0.47415
23,1.0,closed,mi_site,31,-0.030048906106528495,-0.12039943500137015,0.47415
23,1.0,closed,mi_site,32,0.01756085400914783,-0.008724157532490232,0.47415
23,1.0,closed,mi_site,33,0.030664149346562808,0.2507907206772942,0.47415
23,1.0,closed,mi_site,34,-0.0037720571884161274,0.006188955872529259,0.47415
23,1.0,closed,mi_site,35,-0.01110636289744088,0.3288507967394901,0.47415
23,1.0,closed,mi_site,36,-0.10830796982347624,-0.5154896657687914,0.47415
23,1.0,closed,mi_site,37,0.007092728008519874,-0.004504029708934343,0.47415
23,1.0,closed,mi_site,38,0.08962975865546985,-0.6396214743482729,0.47415
23,1.0,closed,mi_site,39,0.0224470297326249,0.0019949050652471783,0.47415
23,1.0,closed,mi_site,40,-0.0753189332949991,0.006629238150977217,0.47415
23,1.0,closed,mi_site,41,0.13307056178157994,-0.4050124938078051,0.47415
23,1.0,closed,mi_site,42,0.032812888330190144,-0.0005679905047442359,0.47415
23,1.0,closed,mi_site,43,0.011776944739462775,-0.0012534454368378063,0.47415
23,1.0,closed,mi_site,44,-0.07745535904957457,-0.5209265009987244,0.47415
23,1.0,closed,mi_site,45,-0.01155643353114616,0.2168289726144287,0.47415
23,1.0,closed,mi_site,46,-0.019361732171090773,-0.49148664274224035,0.47415
23,1.0,closed,mi_site,47,-0.01601819561948925,0.86113739795183,0.47415
23,1.0,closed,mi_site,48,0.02524934153098199,0.1695804064067233,0.47415
23,1.0,closed,mi_site,49,-0.002662854259443799,0.0639518417843525,0.47415
23,1.0,closed,mi_site,50,-0.04498676470973795,-0.10014020964774634,0.47415
23,1.0,closed,mi_site,51,0.04686771966513903,-0.30413255162694114,0.47415
23,1.0,closed,mi_site,52,-0.04960679367367338,0.007343328303373377,0.47415
23,1.0,closed,mi_site,53,-0.03612244675855025,-0.5424704209091727,0.47415
23,1.0,closed,mi_site,54,-0.01552811506649381,0.01603330814428207,0.47415
23,1.0,closed,mi_site,55,0.010703718853729288,-0.002007125244485463,0.47415
23,1.0,closed,mi_site,56,-0.014309917116990922,-0.5472959579628898,0.47415
23,1.0,closed,mi_site,57,-0.031548257566910626,-0.12299070852329613,0.47415
23,1.0,closed,mi_site,58,-0.06304220343162181,-0.48255379751826033,0.47415
23,1.0,closed,mi_site,59,0.017821025312905192,0.40999581084965203,0.47415
23,1.0,closed,mi_site,60,0.06839453412299457,0.5661940421194498,0.47415
23,1.0,closed,mi_site,61,-0.01437111359940162,-0.005059599091128308,0.47415
23,1.0,closed,mi_site,62,-0.0649499779405327,-0.42566258855020295,0.47415
23,1.0,closed,mi_site,63,-0.008560121526148379,-0.18106832153592264,0.47415
23,1.0,closed,mi_site,64,-0.022593302195332843,-0.49430796590809756,0.47415
23,1.0,closed,mi_site,65,0.005895422745871983,0.006817811886779223,0.47415
23,2.0,aligned,available,0,0.000884734881949012,-0.3791848706460323,0.47415
23,2.0,aligned,available,1,0.0016873367407877482,0.46032444618415214,0.47415
23,2.0,aligned,available,2,-0.024246236522536813,0.007058079745853496,0.47415
23,2.0,aligned,available,3,0.0026943754547603567,0.000972454173752152,0.47415
23,2.0,aligned,available,4,0.0040006325150018784,0.13316244827476498,0.47415
23,2.0,aligned,available,5,0.0030997869346421902,-0.6401298080804094,0.47415
23,2.0,aligned,available,6,-0.011270921969116388,-0.1337835631655703,0.47415
23,2.0,aligned,available,7,0.002212759532664532,0.3690238693279136,0.47415
23,2.0,aligned,available,8,-0.017064008579340317,0.6038515411611104,0.47415
23,2.0,aligned,available,9,0.0019130403168813922,-0.012062988483208005,0.47415
23,2.0,aligned,available,10,0.0033937037182883434,-0.28593580751041686,0.47415
23,2.0,aligned,available,11,0.004782217257927934,-0.8250461846736963,0.47415
23,2.0,aligned,available,12,0.0014751521892343348,0.0012797159588193688,0.47415
23,2.0,aligned,available,13,0.01191996256121642,-0.01123341278054081,0.47415
23,2.0,aligned,available,14,-0.0006171856998995473,-0.5863703909279657,0.47415
23,2.0,aligned,available,15,-0.001703443268622087,-0.006320206185559668,0.47415
23,2.0,aligned,available,16,0.0009473040491363438,0.5728802549269911,0.47415
23,2.0,aligned,available,17,0.0027335279525253497,-0.8569946931115298,0.47415
23,2.0,aligned,available,18,0.0039737103511667815,-0.6793999857568744,0.47415
23,2.0,aligned,available,19,0.008117410290390882,-0.005014534799294001,0.47415
23,2.0,aligned,available,20,-0.0037476555537683254,0.754625954871859,0.47415
23,2.0,aligned,available,21,0.0007117188953958574,-0.007875390926005317,0.47415
23,2.0,aligned,available,22,0.03133648715174356,-0.012201373335462715,0.47415
23,2.0,aligned,available,23,-0.01840035314560584,0.5973286720856421,0.47415
23,2.0,aligned,available,24,0.003563527279688207,0.007902208408743432,0.47415
23,2.0,aligned,available,25,-0.004964464101957056,-0.6944704940457643,0.47415
23,2.0,aligned,available,26,-0.011498889285792013,0.8152820437570399,0.47415
23,2.0,aligned,available,27,-0.010280026165566447,0.5575850159742901,0.47415
23,2.0,aligned,available,28,0.006234713028785894,0.005467532771087869,0.47415
23,2.0,aligned,available,29,0.007894850402144993,-0.6110762797795921,0.47415
23,2.0,aligned,available,30,-0.013361598995361698,-0.001428388341667626,0.47415
23,2.0,aligned,available,31,-0.007079670428804835,-0.1249012387863255,0.47415
23,2.0,aligned,available,32,-0.013972701803466738,-0.009088825190429462,0.47415
23,2.0,aligned,available,33,-0.0061538510857667705,0.26393534794819234,0.47415
23,2.0,aligned,available,34,-0.003633763138119356,-0.0028315610346864297,0.47415
23,2.0,aligned,available,35,0.003058593784807162,0.3204257266760203,0.47415
23,2.0,aligned,available,36,0.0029020390316500944,-0.5312110196786285,0.47415
23,2.0,aligned,available,37,0.01447931712638735,-0.0013942367838973603,0.47415
23,2.0,aligned,available,38,0.002286694191342309,-0.6429595273927059,0.47415
23,2.0,aligned,available,39,0.00218168646425087,0.0010156718319595053,0.47415
23,2.0,aligned,available,40,-0.014505793087900738,0.012773756372293856,0.47415
23,2.0,aligned,available,41,-0.002643023301694525,-0.4011395395341462,0.47415
23,2.0,aligned,available,42,-0.05646541360077547,0.0066077462942072855,0.47415
23,2.0,aligned,available,43,0.02346189891750642,-0.009111364872051391,0.47415
23,2.0,aligned,available,44,-0.005564693238608864,-0.5288049242959477,0.47415
23,2.0,aligned,available,45,-0.0026005379500350645,0.20890210269605786,0.47415
23,2.0,aligned,available,46,7.375969954226402e-05,-0.5073087241064747,0.47415
23,2.0,aligned,available,47,0.001052857232507587,0.8659631955935089,0.47415
23,2.0,aligned,available,48,0.044142660893791236,0.19285038619276298,0.47415
23,2.0,aligned,available,49,0.0019267560594093402,0.07615362227987367,0.47415
23,2.0,aligned,available,50,0.014113774678127175,-0.10300734099790418,0.47415
23,2.0,aligned,available,51,-0.00024404622676854615,-0.2929035509664959,0.47415
23,2.0,aligned,available,52,-0.003569283965065986,0.006999711129888917,0.47415
23,2.0,aligned,available,53,0.0005784903238341688,-0.5310092813121785,0.47415
23,2.0,aligned,available,54,-0.010944096173034518,0.016254779210617302,0.47415
23,2.0,aligned,available,55,0.007304433306858172,-0.0011396864313772304,0.47415
23,2.0,aligned,available,56,0.0001368018916325653,-0.5678211224974069,0.47415
23,2.0,aligned,available,57,0.004159468588143089,-0.15056356035758336,0.47415
23,2.0,aligned,available,58,-0.004418364402559549,-0.4899597362343888,0.47415
23,2.0,aligned,available,59,0.0006228160940229821,0.42108721093270945,0.47415
23,2.0,aligned,available,60,0.016564085266370876,0.5808563003061822,0.47415
23,2.0,aligned,available,61,0.009503870017577654,0.00883696101726516,0.47415
23,2.0,aligned,available,62,0.0138457641690245,-0.43224742879787964,0.47415
23,2.0,aligned,available,63,-0.0036118470102022293,-0.1757651465313869,0.47415
23,2.0,aligned,available,64,0.01259462716195936,-0.5131309122211338,0.47415
23,2.0,aligned,available,65,-0.0035646389740611184,0.001981756423645951,0.47415
23,2.0,aligned,mi_obs,0,-0.029000581200609166,-0.3791848706460323,0.47415
23,2.0,aligned,mi_obs,1,0.08192115139303102,0.46032444618415214,0.47415
23,2.0,aligned,mi_obs,2,-0.006294627808841657,0.007058079745853496,0.47415
23,2.0,aligned,mi_obs,3,0.01587454182927581,0.000972454173752152,0.47415
23,2.0,aligned,mi_obs,4,0.04044889460453968,0.13316244827476498,0.47415
23,2.0,aligned,mi_obs,5,-0.05203684278286147,-0.6401298080804094,0.47415
23,2.0,aligned,mi_obs,6,-0.060565844564354654,-0.1337835631655703,0.47415
23,2.0,aligned,mi_obs,7,0.06427324020301095,0.3690238693279136,0.47415
23,2.0,aligned,mi_obs,8,0.022692510495547658,0.6038515411611104,0.47415
23,2.0,aligned,mi_obs,9,0.00078645604587399,-0.012062988483208005,0.47415
23,2.0,aligned,mi_obs,10,-0.02204388878285618,-0.28593580751041686,0.47415
23,2.0,aligned,mi_obs,11,-0.021102845742925314,-0.8250461846736963,0.47415
23,2.0,aligned,mi_obs,12,0.049607162818687066,0.0012797159588193688,0.47415
23,2.0,aligned,mi_obs,13,-0.08532190418445902,-0.01123341278054081,0.47415
23,2.0,aligned,mi_obs,14,-0.036122973351313425,-0.5863703909279657,0.47415
23,2.0,aligned,mi_obs,15,0.003499940596273433,-0.006320206185559668,0.47415
23,2.0,aligned,mi_obs,16,0.02139136560451471,0.5728802549269911,0.47415
23,2.0,aligned,mi_obs,17,-0.032986520494190597,-0.8569946931115298,0.47415
23,2.0,aligned,mi_obs,18,-0.023458697955268226,-0.6793999857568744,0.47415
23,2.0,aligned,mi_obs,19,0.015263768568690616,-0.005014534799294001,0.47415
23,2.0,aligned,mi_obs,20,0.0147679869315126,0.754625954871859,0.47415
23,2.0,aligned,mi_obs,21,-0.04819207846759796,-0.007875390926005317,0.47415
23,2.0,aligned,mi_obs,22,0.11251431784644297,-0.012201373335462715,0.47415
23,2.0,aligned,mi_obs,23,0.042392838250278064,0.5973286720856421,0.47415
23,2.0,aligned,mi_obs,24,-0.021336852145422983,0.007902208408743432,0.47415
23,2.0,aligned,mi_obs,25,-0.045105978665457735,-0.6944704940457643,0.47415
23,2.0,aligned,mi_obs,26,0.03148740227365121,0.8152820437570399,0.47415
23,2.0,aligned,mi_obs,27,0.038375577939343986,0.5575850159742901,0.47415
23,2.0,aligned,mi_obs,28,-0.00230373055788046,0.005467532771087869,0.47415
23,2.0,aligned,mi_obs,29,-0.025321258172513406,-0.6110762797795921,0.47415
23,2.0,aligned,mi_obs,30,-0.02322674088452114,-0.001428388341667626,0.47415
23,2.0,aligned,mi_obs,31,-0.07278852278100087,-0.1249012387863255,0.47415
23,2.0,aligned,mi_obs,32,0.024299074990567743,-0.009088825190429462,0.47415
23,2.0,aligned,mi_obs,33,0.05986928539425557,0.26393534794819234,0.47415
23,2.0,aligned,mi_obs,34,-0.03778257848566632,-0.0028315610346864297,0.47415
23,2.0,aligned,mi_obs,35,0.01697099257336676,0.3204257266760203,0.47415
23,2.0,aligned,mi_obs,36,-0.15194687673453044,-0.5312110196786285,0.47415
23,2.0,aligned,mi_obs,37,0.006838946156805262,-0.0013942367838973603,0.47415
23,2.0,aligned,mi_obs,38,0.08996677452201285,-0.6429595273927059,0.47415
23,2.0,aligned,mi_obs,39,0.024339290111268997,0.0010156718319595053,0.47415
23,2.0,aligned,mi_obs,40,-0.08354967148515276,0.012773756372293856,0.47415
23,2.0,aligned,mi_obs,41,0.12513327219894665,-0.4011395395341462,0.47415
23,2.0,aligned,mi_obs,42,0.008375333020772164,0.0066077462942072855,0.47415
23,2.0,aligned,mi_obs,43,0.012651954665441443,-0.009111364872051391,0.47415
23,2.0,aligned,mi_obs,44,-0.07885605285310848,-0.5288049242959477,0.47415
23,2.0,aligned,mi_obs,45,0.0006087645794326524,0.20890210269605786,0.47415
23,2.0,aligned,mi_obs,46,-0.033880734045379834,-0.5073087241064747,0.47415
23,2.0,aligned,mi_obs,47,-0.009054052216923236,0.8659631955935089,0.47415
23,2.0,aligned,mi_obs,48,0.04556224389847863,0.19285038619276298,0.47415
23,2.0,aligned,mi_obs,49,0.0016985665113814774,0.07615362227987367,0.47415
23,2.0,aligned,mi_obs,50,-0.04790673851959404,-0.10300734099790418,0.47415
23,2.0,aligned,mi_obs,51,0.028372347390353325,-0.2929035509664959,0.47415
23,2.0,aligned,mi_obs,52,-0.03159167937282955,0.006999711129888917,0.47415
23,2.0,aligned,mi_obs,53,-0.019275542907805754,-0.5310092813121785,0.47415
23,2.0,aligned,mi_obs,54,-0.020114942206105935,0.016254779210617302,0.47415
23,2.0,aligned,mi_obs,55,0.0011863706935878614,-0.0011396864313772304,0.47415
23,2.0,aligned,mi_obs,56,-0.0237498869856132,-0.5678211224974069,0.47415
23,2.0,aligned,mi_obs,57,-0.04611840352868343,-0.15056356035758336,0.47415
23,2.0,aligned,mi_obs,58,-0.04520063670413754,-0.4899597362343888,0.47415
23,2.0,aligned,mi_obs,59,0.030003086712483862,0.42108721093270945,0.47415
23,2.0,aligned,mi_obs,60,0.0747531213870185,0.5808563003061822,0.47415
23,2.0,aligned,mi_obs,61,-0.019668939254352914,0.00883696101726516,0.47415
23,2.0,aligned,mi_obs,62,-0.05992934253555249,-0.43224742879787964,0.47415
23,2.0,aligned,mi_obs,63,-0.014184975600318644,-0.1757651465313869,0.47415
23,2.0,aligned,mi_obs,64,-0.012297547925638752,-0.5131309122211338,0.47415
23,2.0,aligned,mi_obs,65,0.008082875507664487,0.001981756423645951,0.47415
23,2.0,aligned,mi_class,0,0.06485235648566384,-0.3791848706460323,0.47415
23,2.0,aligned,mi_class,1,-0.19244907974460518,0.46032444618415214,0.47415
23,2.0,aligned,mi_class,2,-0.028605761082492277,0.007058079745853496,0.47415
23,2.0,aligned,mi_class,3,-0.005285840052465331,0.000972454173752152,0.47415
23,2.0,aligned,mi_class,4,-0.03385071586769617,0.13316244827476498,0.47415
23,2.0,aligned,mi_class,5,0.14273070736567933,-0.6401298080804094,0.47415
23,2.0,aligned,mi_class,6,-0.04926378357904124,-0.1337835631655703,0.47415
23,2.0,aligned,mi_class,7,-0.04797080216125976,0.3690238693279136,0.47415
23,2.0,aligned,mi_class,8,-0.062412243003388435,0.6038515411611104,0.47415
23,2.0,aligned,mi_class,9,0.00659342261807391,-0.012062988483208005,0.47415
23,2.0,aligned,mi_class,10,0.0631453747045049,-0.28593580751041686,0.47415
23,2.0,aligned,mi_class,11,0.3169430616240737,-0.8250461846736963,0.47415
23,2.0,aligned,mi_class,12,0.03809624527907021,0.0012797159588193688,0.47415
23,2.0,aligned,mi_class,13,0.005376504858299378,-0.01123341278054081,0.47415
23,2.0,aligned,mi_class,14,0.14103423353649563,-0.5863703909279657,0.47415
23,2.0,aligned,mi_class,15,0.014035970403474218,-0.006320206185559668,0.47415
23,2.0,aligned,mi_class,16,-0.08350804310779603,0.5728802549269911,0.47415
23,2.0,aligned,mi_class,17,0.2364276909212749,-0.8569946931115298,0.47415
23,2.0,aligned,mi_class,18,0.076826114325374,-0.6793999857568744,0.47415
23,2.0,aligned,mi_class,19,0.012704986570349006,-0.005014534799294001,0.47415
23,2.0,aligned,mi_class,20,-0.1297068996605979,0.754625954871859,0.47415
23,2.0,aligned,mi_class,21,-0.06731676808646392,-0.007875390926005317,0.47415
23,2.0,aligned,mi_class,22,0.018634165899092118,-0.012201373335462715,0.47415
23,2.0,aligned,mi_class,23,-0.3612317887042756,0.5973286720856421,0.47415
23,2.0,aligned,mi_class,24,-0.0894877143259819,0.007902208408743432,0.47415
23,2.0,aligned,mi_class,25,0.29568855810059474,-0.6944704940457643,0.47415
23,2.0,aligned,mi_class,26,-0.48533469895350057,0.8152820437570399,0.47415
23,2.0,aligned,mi_class,27,-0.22675063847576232,0.5575850159742901,0.47415
23,2.0,aligned,mi_class,28,0.2163920277219937,0.005467532771087869,0.47415
23,2.0,aligned,mi_class,29,0.04725641869962227,-0.6110762797795921,0.47415
23,2.0,aligned,mi_class,30,0.03995718953351589,-0.001428388341667626,0.47415
23,2.0,aligned,mi_class,31,-0.0077218334408083456,-0.1249012387863255,0.47415
23,2.0,aligned,mi_class,32,0.022762072774566662,-0.009088825190429462,0.47415
23,2.0,aligned,mi_class,33,-0.02840418870564057,0.26393534794819234,0.47415
23,2.0,aligned,mi_class,34,0.019003787571509438,-0.0028315610346864297,0.47415
23,2.0,aligned,mi_class,35,0.0403591701873216,0.3204257266760203,0.47415
23,2.0,aligned,mi_class,36,-0.06190281603736558,-0.5312110196786285,0.47415
23,2.0,aligned,mi_class,37,0.08948165872069291,-0.0013942367838973603,0.47415
23,2.0,aligned,mi_class,38,0.03448472563930316,-0.6429595273927059,0.47415
23,2.0,aligned,mi_class,39,0.004529554325471348,0.0010156718319595053,0.47415
23,2.0,aligned,mi_class,40,-0.010153021790481302,0.012773756372293856,0.47415
23,2.0,aligned,mi_class,41,0.040967595411524615,-0.4011395395341462,0.47415
23,2.0,aligned,mi_class,42,-0.0060585468013601975,0.0066077462942072855,0.47415
23,2.0,aligned,mi_class,43,0.008388376993587722,-0.009111364872051391,0.47415
23,2.0,aligned,mi_class,44,0.19983398346706172,-0.5288049242959477,0.47415
23,2.0,aligned,mi_class,45,-0.028615821604793173,0.20890210269605786,0.47415
23,2.0,aligned,mi_class,46,0.06349081540108487,-0.5073087241064747,0.47415
23,2.0,aligned,mi_class,47,-0.077909264150413,0.8659631955935089,0.47415
23,2.0,aligned,mi_class,48,0.009510956309581708,0.19285038619276298,0.47415
23,2.0,aligned,mi_class,49,-0.0005357006008893661,0.07615362227987367,0.47415
23,2.0,aligned,mi_class,50,0.057050359502874154,-0.10300734099790418,0.47415
23,2.0,aligned,mi_class,51,0.08482969046165825,-0.2929035509664959,0.47415
23,2.0,aligned,mi_class,52,-0.0034565050804259015,0.006999711129888917,0.47415
23,2.0,aligned,mi_class,53,0.12376716713440095,-0.5310092813121785,0.47415
23,2.0,aligned,mi_class,54,-0.051771585059354336,0.016254779210617302,0.47415
23,2.0,aligned,mi_class,55,0.014464141557351618,-0.0011396864313772304,0.47415
23,2.0,aligned,mi_class,56,0.09924523162559928,-0.5678211224974069,0.47415
23,2.0,aligned,mi_class,57,0.028475714857849485,-0.15056356035758336,0.47415
23,2.0,aligned,mi_class,58,0.12044327943542282,-0.4899597362343888,0.47415
23,2.0,aligned,mi_class,59,-0.09817099982939254,0.42108721093270945,0.47415
23,2.0,aligned,mi_class,60,-0.014920873371328969,0.5808563003061822,0.47415
23,2.0,aligned,mi_class,61,-0.018446797397221486,0.00883696101726516,0.47415
23,2.0,aligned,mi_class,62,0.1389411771362618,-0.43224742879787964,0.47415
23,2.0,aligned,mi_class,63,0.013855560017369262,-0.1757651465313869,0.47415
23,2.0,aligned,mi_class,64,0.09298861191664753,-0.5131309122211338,0.47415
23,2.0,aligned,mi_class,65,-0.08244490160427048,0.001981756423645951,0.47415
23,2.0,aligned,mi_site,0,0.010794976304294712,-0.3791848706460323,0.47415
23,2.0,aligned,mi_site,1,0.0060565783978343,0.46032444618415214,0.47415
23,2.0,aligned,mi_site,2,-0.019769153458309777,0.007058079745853496,0.47415
23,2.0,aligned,mi_site,3,0.023636543311193664,0.000972454173752152,0.47415
23,2.0,aligned,mi_site,4,-0.022921232920267418,0.13316244827476498,0.47415
23,2.0,aligned,mi_site,5,0.011605891828807668,-0.6401298080804094,0.47415
23,2.0,aligned,mi_site,6,-0.030035356646101574,-0.1337835631655703,0.47415
23,2.0,aligned,mi_site,7,-0.02364390414403672,0.3690238693279136,0.47415
23,2.0,aligned,mi_site,8,-0.03348859266683191,0.6038515411611104,0.47415
23,2.0,aligned,mi_site,9,0.0010459954648239685,-0.012062988483208005,0.47415
23,2.0,aligned,mi_site,10,0.01616595256791631,-0.28593580751041686,0.47415
23,2.0,aligned,mi_site,11,0.03883809962367446,-0.8250461846736963,0.47415
23,2.0,aligned,mi_site,12,0.04978007221998145,0.0012797159588193688,0.47415
23,2.0,aligned,mi_site,13,-0.10412708167982765,-0.01123341278054081,0.47415
23,2.0,aligned,mi_site,14,0.08000165064814568,-0.5863703909279657,0.47415
23,2.0,aligned,mi_site,15,0.016339366955804253,-0.006320206185559668,0.47415
23,2.0,aligned,mi_site,16,0.004358085865611483,0.5728802549269911,0.47415
23,2.0,aligned,mi_site,17,0.061239008203876955,-0.8569946931115298,0.47415
23,2.0,aligned,mi_site,18,0.003948708356239838,-0.6793999857568744,0.47415
23,2.0,aligned,mi_site,19,0.013556299646614492,-0.005014534799294001,0.47415
23,2.0,aligned,mi_site,20,-0.018357140917884762,0.754625954871859,0.47415
23,2.0,aligned,mi_site,21,-0.04369945051749125,-0.007875390926005317,0.47415
23,2.0,aligned,mi_site,22,0.1140450421462443,-0.012201373335462715,0.47415
23,2.0,aligned,mi_site,23,-0.07467417691761802,0.5973286720856421,0.47415
23,2.0,aligned,mi_site,24,-0.03649049448394574,0.007902208408743432,0.47415
23,2.0,aligned,mi_site,25,-0.01802043633351702,-0.6944704940457643,0.47415
23,2.0,aligned,mi_site,26,-0.039264070536031315,0.8152820437570399,0.47415
23,2.0,aligned,mi_site,27,0.033102388686737316,0.5575850159742901,0.47415
23,2.0,aligned,mi_site,28,0.0017240655208945101,0.005467532771087869,0.47415
23,2.0,aligned,mi_site,29,0.012909348428353895,-0.6110762797795921,0.47415
23,2.0,aligned,mi_site,30,-0.014498775829162485,-0.001428388341667626,0.47415
23,2.0,aligned,mi_site,31,-0.030373769007700724,-0.1249012387863255,0.47415
23,2.0,aligned,mi_site,32,0.02249090707940444,-0.009088825190429462,0.47415
23,2.0,aligned,mi_site,33,0.02106118899018128,0.26393534794819234,0.47415
23,2.0,aligned,mi_site,34,-0.043074568828847686,-0.0028315610346864297,0.47415
23,2.0,aligned,mi_site,35,-0.049985487745962176,0.3204257266760203,0.47415
23,2.0,aligned,mi_site,36,-0.017036229398904812,-0.5312110196786285,0.47415
23,2.0,aligned,mi_site,37,0.031201868076333523,-0.0013942367838973603,0.47415
23,2.0,aligned,mi_site,38,0.04477590482912597,-0.6429595273927059,0.47415
23,2.0,aligned,mi_site,39,0.04347387055086485,0.0010156718319595053,0.47415
23,2.0,aligned,mi_site,40,-0.0724175749040422,0.012773756372293856,0.47415
23,2.0,aligned,mi_site,41,0.07289609237759609,-0.4011395395341462,0.47415
23,2.0,aligned,mi_site,42,0.037206381098004164,0.0066077462942072855,0.47415
23,2.0,aligned,mi_site,43,-0.015064142976078053,-0.009111364872051391,0.47415
23,2.0,aligned,mi_site,44,-0.03864335356677839,-0.5288049242959477,0.47415
23,2.0,aligned,mi_site,45,-0.045707075997951985,0.20890210269605786,0.47415
23,2.0,aligned,mi_site,46,0.005085694719889511,-0.5073087241064747,0.47415
23,2.0,aligned,mi_site,47,-0.018584460039314576,0.8659631955935089,0.47415
23,2.0,aligned,mi_site,48,-0.004990369963846553,0.19285038619276298,0.47415
23,2.0,aligned,mi_site,49,0.039872723569985585,0.07615362227987367,0.47415
23,2.0,aligned,mi_site,50,0.022685797665774235,-0.10300734099790418,0.47415
23,2.0,aligned,mi_site,51,0.04344928858759817,-0.2929035509664959,0.47415
23,2.0,aligned,mi_site,52,-0.0600960200283809,0.006999711129888917,0.47415
23,2.0,aligned,mi_site,53,-0.024741740262560374,-0.5310092813121785,0.47415
23,2.0,aligned,mi_site,54,-0.035953989719149745,0.016254779210617302,0.47415
23,2.0,aligned,mi_site,55,0.01509485160905896,-0.0011396864313772304,0.47415
23,2.0,aligned,mi_site,56,-0.01782823271581402,-0.5678211224974069,0.47415
23,2.0,aligned,mi_site,57,-0.047375357450143846,-0.15056356035758336,0.47415
23,2.0,aligned,mi_site,58,-0.039662408828156415,-0.4899597362343888,0.47415
23,2.0,aligned,mi_site,59,0.020710983086751178,0.42108721093270945,0.47415
23,2.0,aligned,mi_site,60,0.03682956014011296,0.5808563003061822,0.47415
23,2.0,aligned,mi_site,61,0.026617487414859316,0.00883696101726516,0.47415
23,2.0,aligned,mi_site,62,-0.0018467614877733518,-0.43224742879787964,0.47415
23,2.0,aligned,mi_site,63,-0.0011786561603462087,-0.1757651465313869,0.47415
23,2.0,aligned,mi_site,64,-0.00557581596790202,-0.5131309122211338,0.47415
23,2.0,aligned,mi_site,65,-0.0006034037978760122,0.001981756423645951,0.47415
23,2.0,closed,available,0,-0.0010871281186083936,-0.3791848706460323,0.47415
23,2.0,closed,available,1,-0.006140090176972535,0.46032444618415214,0.47415
23,2.0,closed,available,2,-0.018095504524984877,0.007058079745853496,0.47415
23,2.0,closed,available,3,-0.0005324192154763994,0.000972454173752152,0.47415
23,2.0,closed,available,4,0.011190099329105668,0.13316244827476498,0.47415
23,2.0,closed,available,5,-0.007275727597519599,-0.6401298080804094,0.47415
23,2.0,closed,available,6,0.010888479722132291,-0.1337835631655703,0.47415
23,2.0,closed,available,7,0.00516466126413756,0.3690238693279136,0.47415
23,2.0,closed,available,8,-0.002225453074912842,0.6038515411611104,0.47415
23,2.0,closed,available,9,0.006182559951528866,-0.012062988483208005,0.47415
23,2.0,closed,available,10,0.006866876671570488,-0.28593580751041686,0.47415
23,2.0,closed,available,11,0.002112161143605462,-0.8250461846736963,0.47415
23,2.0,closed,available,12,0.017038495233720738,0.0012797159588193688,0.47415
23,2.0,closed,available,13,0.0070004305639256486,-0.01123341278054081,0.47415
23,2.0,closed,available,14,-0.0040537546729023655,-0.5863703909279657,0.47415
23,2.0,closed,available,15,0.00137924222231345,-0.006320206185559668,0.47415
23,2.0,closed,available,16,-0.002350063853280293,0.5728802549269911,0.47415
23,2.0,closed,available,17,-7.572114428111565e-05,-0.8569946931115298,0.47415
23,2.0,closed,available,18,0.003649724018069511,-0.6793999857568744,0.47415
23,2.0,closed,available,19,-0.0021348821227314893,-0.005014534799294001,0.47415
23,2.0,closed,available,20,-0.004369963444596503,0.754625954871859,0.47415
23,2.0,closed,available,21,-0.011271515563596617,-0.007875390926005317,0.47415
23,2.0,closed,available,22,-0.03663608600353304,-0.012201373335462715,0.47415
23,2.0,closed,available,23,0.014138972189195353,0.5973286720856421,0.47415
23,2.0,closed,available,24,0.012991450783213995,0.007902208408743432,0.47415
23,2.0,closed,available,25,-0.004218245706442136,-0.6944704940457643,0.47415
23,2.0,closed,available,26,0.004543609685557226,0.8152820437570399,0.47415
23,2.0,closed,available,27,-0.007519225901503113,0.5575850159742901,0.47415
23,2.0,closed,available,28,-0.009719656762498271,0.005467532771087869,0.47415
23,2.0,closed,available,29,-0.004248611220672216,-0.6110762797795921,0.47415
23,2.0,closed,available,30,0.000801246784697574,-0.001428388341667626,0.47415
23,2.0,closed,available,31,-0.013649930718940051,-0.1249012387863255,0.47415
23,2.0,closed,available,32,-0.0019472579889034513,-0.009088825190429462,0.47415
23,2.0,closed,available,33,0.0082841812496392,0.26393534794819234,0.47415
23,2.0,closed,available,34,-0.026302592144507256,-0.0028315610346864297,0.47415
23,2.0,closed,available,35,-0.028287671190469987,0.3204257266760203,0.47415
23,2.0,closed,available,36,0.007626117359104678,-0.5312110196786285,0.47415
23,2.0,closed,available,37,0.027422521052479183,-0.0013942367838973603,0.47415
23,2.0,closed,available,38,0.001123618489487277,-0.6429595273927059,0.47415
23,2.0,closed,available,39,-0.010402051391647254,0.0010156718319595053,0.47415
23,2.0,closed,available,40,0.014920611636490555,0.012773756372293856,0.47415
23,2.0,closed,available,41,-0.0024717467881097965,-0.4011395395341462,0.47415
23,2.0,closed,available,42,-0.012229827449963801,0.0066077462942072855,0.47415
23,2.0,closed,available,43,-0.012120081432824942,-0.009111364872051391,0.47415
23,2.0,closed,available,44,0.009684002720108609,-0.5288049242959477,0.47415
23,2.0,closed,available,45,0.002389137907477634,0.20890210269605786,0.47415
23,2.0,closed,available,46,-0.0027922854180117973,-0.5073087241064747,0.47415
23,2.0,closed,available,47,0.0030267963854848645,0.8659631955935089,0.47415
23,2.0,closed,available,48,0.0057143181637644425,0.19285038619276298,0.47415
23,2.0,closed,available,49,-0.0003463401699188018,0.07615362227987367,0.47415
23,2.0,closed,available,50,-0.012476567060016458,-0.10300734099790418,0.47415
23,2.0,closed,available,51,-0.002240440862495696,-0.2929035509664959,0.47415
23,2.0,closed,available,52,0.0044673527716780825,0.006999711129888917,0.47415
23,2.0,closed,available,53,0.0017267674997460958,-0.5310092813121785,0.47415
23,2.0,closed,available,54,0.00431059657425192,0.016254779210617302,0.47415
23,2.0,closed,available,55,-0.008352799687017525,-0.0011396864313772304,0.47415
23,2.0,closed,available,56,0.00034203101098573274,-0.5678211224974069,0.47415
23,2.0,closed,available,57,0.015860211400347296,-0.15056356035758336,0.47415
23,2.0,closed,available,58,0.011037486099140958,-0.4899597362343888,0.47415
23,2.0,closed,available,59,-0.0002815417729949421,0.42108721093270945,0.47415
23,2.0,closed,available,60,0.004762425277419324,0.5808563003061822,0.47415
23,2.0,closed,available,61,-0.008637003571514004,0.00883696101726516,0.47415
23,2.0,closed,available,62,-0.007327386150916881,-0.43224742879787964,0.47415
23,2.0,closed,available,63,0.00030767506478057705,-0.1757651465313869,0.47415
23,2.0,closed,available,64,0.008044621604173074,-0.5131309122211338,0.47415
23,2.0,closed,available,65,-0.001992578367377891,0.001981756423645951,0.47415
23,2.0,closed,mi_obs,0,-0.026214625295190253,-0.3791848706460323,0.47415
23,2.0,closed,mi_obs,1,0.07375273195656895,0.46032444618415214,0.47415
23,2.0,closed,mi_obs,2,-0.0041211526253804726,0.007058079745853496,0.47415
23,2.0,closed,mi_obs,3,0.01410750003363209,0.000972454173752152,0.47415
23,2.0,closed,mi_obs,4,0.04165480585900844,0.13316244827476498,0.47415
23,2.0,closed,mi_obs,5,-0.06163746486878541,-0.6401298080804094,0.47415
23,2.0,closed,mi_obs,6,-0.04870832120164492,-0.1337835631655703,0.47415
23,2.0,closed,mi_obs,7,0.06190272616998049,0.3690238693279136,0.47415
23,2.0,closed,mi_obs,8,0.03785443884878592,0.6038515411611104,0.47415
23,2.0,closed,mi_obs,9,-0.010995787848517121,-0.012062988483208005,0.47415
23,2.0,closed,mi_obs,10,-0.02049798203311709,-0.28593580751041686,0.47415
23,2.0,closed,mi_obs,11,-0.028780209295047654,-0.8250461846736963,0.47415
23,2.0,closed,mi_obs,12,0.07821001378544556,0.0012797159588193688,0.47415
23,2.0,closed,mi_obs,13,-0.06500384700163189,-0.01123341278054081,0.47415
23,2.0,closed,mi_obs,14,-0.05168596600013764,-0.5863703909279657,0.47415
23,2.0,closed,mi_obs,15,-0.0122577633727973,-0.006320206185559668,0.47415
23,2.0,closed,mi_obs,16,0.01935481548007656,0.5728802549269911,0.47415
23,2.0,closed,mi_obs,17,-0.037773819645531725,-0.8569946931115298,0.47415
23,2.0,closed,mi_obs,18,-0.02104404206991306,-0.6793999857568744,0.47415
23,2.0,closed,mi_obs,19,0.021157116049506156,-0.005014534799294001,0.47415
23,2.0,closed,mi_obs,20,0.01396025277893953,0.754625954871859,0.47415
23,2.0,closed,mi_obs,21,-0.07770493603509951,-0.007875390926005317,0.47415
23,2.0,closed,mi_obs,22,0.09922308613210333,-0.012201373335462715,0.47415
23,2.0,closed,mi_obs,23,0.04898315116610508,0.5973286720856421,0.47415
23,2.0,closed,mi_obs,24,-0.019780279608640566,0.007902208408743432,0.47415
23,2.0,closed,mi_obs,25,-0.03832736270504877,-0.6944704940457643,0.47415
23,2.0,closed,mi_obs,26,0.04054293967306721,0.8152820437570399,0.47415
23,2.0,closed,mi_obs,27,0.04023712888709596,0.5575850159742901,0.47415
23,2.0,closed,mi_obs,28,-0.016033914521374905,0.005467532771087869,0.47415
23,2.0,closed,mi_obs,29,-0.03678758516163494,-0.6110762797795921,0.47415
23,2.0,closed,mi_obs,30,-0.03184065913394467,-0.001428388341667626,0.47415
23,2.0,closed,mi_obs,31,-0.06108266582522842,-0.1249012387863255,0.47415
23,2.0,closed,mi_obs,32,0.037153267580224,-0.009088825190429462,0.47415
23,2.0,closed,mi_obs,33,0.08957875875560983,0.26393534794819234,0.47415
23,2.0,closed,mi_obs,34,-0.042995050464615873,-0.0028315610346864297,0.47415
23,2.0,closed,mi_obs,35,-0.0030700287638842916,0.3204257266760203,0.47415
23,2.0,closed,mi_obs,36,-0.1445924197053554,-0.5312110196786285,0.47415
23,2.0,closed,mi_obs,37,0.05287795370903521,-0.0013942367838973603,0.47415
23,2.0,closed,mi_obs,38,0.09014595668053604,-0.6429595273927059,0.47415
23,2.0,closed,mi_obs,39,0.020832501802059613,0.0010156718319595053,0.47415
23,2.0,closed,mi_obs,40,-0.06489023946525477,0.012773756372293856,0.47415
23,2.0,closed,mi_obs,41,0.11596681553411126,-0.4011395395341462,0.47415
23,2.0,closed,mi_obs,42,0.006783544303695938,0.0066077462942072855,0.47415
23,2.0,closed,mi_obs,43,-0.0031755967007356476,-0.009111364872051391,0.47415
23,2.0,closed,mi_obs,44,-0.06405170722456377,-0.5288049242959477,0.47415
23,2.0,closed,mi_obs,45,0.007215527582239284,0.20890210269605786,0.47415
23,2.0,closed,mi_obs,46,-0.03865108353364599,-0.5073087241064747,0.47415
23,2.0,closed,mi_obs,47,-0.004150551137437453,0.8659631955935089,0.47415
23,2.0,closed,mi_obs,48,0.04244280643578169,0.19285038619276298,0.47415
23,2.0,closed,mi_obs,49,-0.012044356910543813,0.07615362227987367,0.47415
23,2.0,closed,mi_obs,50,-0.07290774192949664,-0.10300734099790418,0.47415
23,2.0,closed,mi_obs,51,0.023622098967116922,-0.2929035509664959,0.47415
23,2.0,closed,mi_obs,52,-0.018443033294885284,0.006999711129888917,0.47415
23,2.0,closed,mi_obs,53,-0.005771620737656025,-0.5310092813121785,0.47415
23,2.0,closed,mi_obs,54,-0.014881396954539217,0.016254779210617302,0.47415
23,2.0,closed,mi_obs,55,-0.014158613662018116,-0.0011396864313772304,0.47415
23,2.0,closed,mi_obs,56,-0.023783176762991798,-0.5678211224974069,0.47415
23,2.0,closed,mi_obs,57,-0.03487020838582436,-0.15056356035758336,0.47415
23,2.0,closed,mi_obs,58,-0.043318572148262624,-0.4899597362343888,0.47415
23,2.0,closed,mi_obs,59,0.03349048412895961,0.42108721093270945,0.47415
23,2.0,closed,mi_obs,60,0.06927946195884993,0.5808563003061822,0.47415
23,2.0,closed,mi_obs,61,-0.03059622371809937,0.00883696101726516,0.47415
23,2.0,closed,mi_obs,62,-0.07019560816480391,-0.43224742879787964,0.47415
23,2.0,closed,mi_obs,63,-0.022360251096897654,-0.1757651465313869,0.47415
23,2.0,closed,mi_obs,64,-0.010104574324859561,-0.5131309122211338,0.47415
23,2.0,closed,mi_obs,65,0.013896808747361189,0.001981756423645951,0.47415
23,2.0,closed,mi_class,0,0.05177779501723384,-0.3791848706460323,0.47415
23,2.0,closed,mi_class,1,-0.1888939428526739,0.46032444618415214,0.47415
23,2.0,closed,mi_class,2,-0.033073019976743,0.007058079745853496,0.47415
23,2.0,closed,mi_class,3,-0.0007285423569724237,0.000972454173752152,0.47415
23,2.0,closed,mi_class,4,-0.048006835092885836,0.13316244827476498,0.47415
23,2.0,closed,mi_class,5,0.29755847485658454,-0.6401298080804094,0.47415
23,2.0,closed,mi_class,6,0.06791495519360383,-0.1337835631655703,0.47415
23,2.0,closed,mi_class,7,-0.10171560407570901,0.3690238693279136,0.47415
23,2.0,closed,mi_class,8,-0.17568033700491958,0.6038515411611104,0.47415
23,2.0,closed,mi_class,9,-0.0033419836865062544,-0.012062988483208005,0.47415
23,2.0,closed,mi_class,10,0.08521473858111059,-0.28593580751041686,0.47415
23,2.0,closed,mi_class,11,0.1671996685896211,-0.8250461846736963,0.47415
23,2.0,closed,mi_class,12,0.013106325324243034,0.0012797159588193688,0.47415
23,2.0,closed,mi_class,13,0.029914551803061077,-0.01123341278054081,0.47415
23,2.0,closed,mi_class,14,0.15720976358899963,-0.5863703909279657,0.47415
23,2.0,closed,mi_class,15,-0.030070317980024047,-0.006320206185559668,0.47415
23,2.0,closed,mi_class,16,-0.11445771202759197,0.5728802549269911,0.47415
23,2.0,closed,mi_class,17,0.20962043963126065,-0.8569946931115298,0.47415
23,2.0,closed,mi_class,18,0.07877525410821229,-0.6793999857568744,0.47415
23,2.0,closed,mi_class,19,-0.010074282584888346,-0.005014534799294001,0.47415
23,2.0,closed,mi_class,20,-0.06246326247957967,0.754625954871859,0.47415
23,2.0,closed,mi_class,21,-0.09620865955287985,-0.007875390926005317,0.47415
23,2.0,closed,mi_class,22,-0.0006904034270407231,-0.012201373335462715,0.47415
23,2.0,closed,mi_class,23,-0.27332809839179933,0.5973286720856421,0.47415
23,2.0,closed,mi_class,24,0.039159481860482334,0.007902208408743432,0.47415
23,2.0,closed,mi_class,25,0.2374662815323017,-0.6944704940457643,0.47415
23,2.0,closed,mi_class,26,-0.3091220703528398,0.8152820437570399,0.47415
23,2.0,closed,mi_class,27,-0.11955496658181292,0.5575850159742901,0.47415
23,2.0,closed,mi_class,28,0.031242530917915606,0.005467532771087869,0.47415
23,2.0,closed,mi_class,29,0.08608248466683044,-0.6110762797795921,0.47415
23,2.0,closed,mi_class,30,0.013523776611363076,-0.001428388341667626,0.47415
23,2.0,closed,mi_class,31,0.10691642956709024,-0.1249012387863255,0.47415
23,2.0,closed,mi_class,32,0.03944731304776926,-0.009088825190429462,0.47415
23,2.0,closed,mi_class,33,0.051669040046084025,0.26393534794819234,0.47415
23,2.0,closed,mi_class,34,0.06978473451906568,-0.0028315610346864297,0.47415
23,2.0,closed,mi_class,35,0.0038634295762806636,0.3204257266760203,0.47415
23,2.0,closed,mi_class,36,0.09939866602039865,-0.5312110196786285,0.47415
23,2.0,closed,mi_class,37,0.008730194941453957,-0.0013942367838973603,0.47415
23,2.0,closed,mi_class,38,0.031368750549573554,-0.6429595273927059,0.47415
23,2.0,closed,mi_class,39,-0.008362051691282844,0.0010156718319595053,0.47415
23,2.0,closed,mi_class,40,0.009363784147754583,0.012773756372293856,0.47415
23,2.0,closed,mi_class,41,0.02086825559172556,-0.4011395395341462,0.47415
23,2.0,closed,mi_class,42,-0.005531763293905869,0.0066077462942072855,0.47415
23,2.0,closed,mi_class,43,-0.0027889326299375856,-0.009111364872051391,0.47415
23,2.0,closed,mi_class,44,0.14291940658683766,-0.5288049242959477,0.47415
23,2.0,closed,mi_class,45,-0.015158453378733089,0.20890210269605786,0.47415
23,2.0,closed,mi_class,46,0.08008600232231694,-0.5073087241064747,0.47415
23,2.0,closed,mi_class,47,-0.030975313399849602,0.8659631955935089,0.47415
23,2.0,closed,mi_class,48,0.003483493036979146,0.19285038619276298,0.47415
23,2.0,closed,mi_class,49,-0.1006737225194187,0.07615362227987367,0.47415
23,2.0,closed,mi_class,50,0.018060053264718268,-0.10300734099790418,0.47415
23,2.0,closed,mi_class,51,0.010817762585526747,-0.2929035509664959,0.47415
23,2.0,closed,mi_class,52,0.00837052683369556,0.006999711129888917,0.47415
23,2.0,closed,mi_class,53,0.11853417810592082,-0.5310092813121785,0.47415
23,2.0,closed,mi_class,54,-0.0039471737247624965,0.016254779210617302,0.47415
23,2.0,closed,mi_class,55,-0.07660331311183846,-0.0011396864313772304,0.47415
23,2.0,closed,mi_class,56,0.07589672584370866,-0.5678211224974069,0.47415
23,2.0,closed,mi_class,57,0.04166166101779456,-0.15056356035758336,0.47415
23,2.0,closed,mi_class,58,0.1244484245204156,-0.4899597362343888,0.47415
23,2.0,closed,mi_class,59,-0.036706004312100804,0.42108721093270945,0.47415
23,2.0,closed,mi_class,60,0.003271950975776816,0.5808563003061822,0.47415
23,2.0,closed,mi_class,61,-0.0649493017407004,0.00883696101726516,0.47415
23,2.0,closed,mi_class,62,0.030597807923556153,-0.43224742879787964,0.47415
23,2.0,closed,mi_class,63,0.02144989820148263,-0.1757651465313869,0.47415
23,2.0,closed,mi_class,64,0.027414168971876318,-0.5131309122211338,0.47415
23,2.0,closed,mi_class,65,0.003607596577376731,0.001981756423645951,0.47415
23,2.0,closed,mi_site,0,-0.027420060900127774,-0.3791848706460323,0.47415
23,2.0,closed,mi_site,1,0.05990972802394823,0.46032444618415214,0.47415
23,2.0,closed,mi_site,2,-0.011118458689085231,0.007058079745853496,0.47415
23,2.0,closed,mi_site,3,0.013712987986155679,0.000972454173752152,0.47415
23,2.0,closed,mi_site,4,0.03440919810485521,0.13316244827476498,0.47415
23,2.0,closed,mi_site,5,-0.057511618023429745,-0.6401298080804094,0.47415
23,2.0,closed,mi_site,6,-0.04142340932252775,-0.1337835631655703,0.47415
23,2.0,closed,mi_site,7,0.05600103127576306,0.3690238693279136,0.47415
23,2.0,closed,mi_site,8,0.03831079449657426,0.6038515411611104,0.47415
23,2.0,closed,mi_site,9,-0.010598214355456267,-0.012062988483208005,0.47415
23,2.0,closed,mi_site,10,-0.017321903029800967,-0.28593580751041686,0.47415
23,2.0,closed,mi_site,11,-0.02523834010680248,-0.8250461846736963,0.47415
23,2.0,closed,mi_site,12,0.06246384136441051,0.0012797159588193688,0.47415
23,2.0,closed,mi_site,13,-0.07299702335007377,-0.01123341278054081,0.47415
23,2.0,closed,mi_site,14,-0.0294012689698534,-0.5863703909279657,0.47415
23,2.0,closed,mi_site,15,-0.002120220475351065,-0.006320206185559668,0.47415
23,2.0,closed,mi_site,16,0.010094073598538311,0.5728802549269911,0.47415
23,2.0,closed,mi_site,17,-0.02839895173186835,-0.8569946931115298,0.47415
23,2.0,closed,mi_site,18,-0.02262123564217633,-0.6793999857568744,0.47415
23,2.0,closed,mi_site,19,0.012995043274233873,-0.005014534799294001,0.47415
23,2.0,closed,mi_site,20,0.010679184705549849,0.754625954871859,0.47415
23,2.0,closed,mi_site,21,-0.06524983444420607,-0.007875390926005317,0.47415
23,2.0,closed,mi_site,22,0.09127016031370305,-0.012201373335462715,0.47415
23,2.0,closed,mi_site,23,0.02909765822532384,0.5973286720856421,0.47415
23,2.0,closed,mi_site,24,-0.026459166103342112,0.007902208408743432,0.47415
23,2.0,closed,mi_site,25,-0.025669933488896013,-0.6944704940457643,0.47415
23,2.0,closed,mi_site,26,0.031975534320022425,0.8152820437570399,0.47415
23,2.0,closed,mi_site,27,0.03836554798701619,0.5575850159742901,0.47415
23,2.0,closed,mi_site,28,-0.013939520742272511,0.005467532771087869,0.47415
23,2.0,closed,mi_site,29,-0.024576340719176692,-0.6110762797795921,0.47415
23,2.0,closed,mi_site,30,-0.033176553864992346,-0.001428388341667626,0.47415
23,2.0,closed,mi_site,31,-0.04085663729684966,-0.1249012387863255,0.47415
23,2.0,closed,mi_site,32,0.01935670472772742,-0.009088825190429462,0.47415
23,2.0,closed,mi_site,33,0.08108749160873374,0.26393534794819234,0.47415
23,2.0,closed,mi_site,34,-0.03252821084064584,-0.0028315610346864297,0.47415
23,2.0,closed,mi_site,35,-0.018881670171134624,0.3204257266760203,0.47415
23,2.0,closed,mi_site,36,-0.10687039740267168,-0.5312110196786285,0.47415
23,2.0,closed,mi_site,37,0.04761022301056546,-0.0013942367838973603,0.47415
23,2.0,closed,mi_site,38,0.07968242223597466,-0.6429595273927059,0.47415
23,2.0,closed,mi_site,39,0.025738073623012534,0.0010156718319595053,0.47415
23,2.0,closed,mi_site,40,-0.05959894373469593,0.012773756372293856,0.47415
23,2.0,closed,mi_site,41,0.11349996268454088,-0.4011395395341462,0.47415
23,2.0,closed,mi_site,42,0.023876952040915018,0.0066077462942072855,0.47415
23,2.0,closed,mi_site,43,-0.004146132934802227,-0.009111364872051391,0.47415
23,2.0,closed,mi_site,44,-0.061287996985167625,-0.5288049242959477,0.47415
23,2.0,closed,mi_site,45,-0.001134059430605433,0.20890210269605786,0.47415
23,2.0,closed,mi_site,46,-0.026881639790634737,-0.5073087241064747,0.47415
23,2.0,closed,mi_site,47,-0.010558331347398475,0.8659631955935089,0.47415
23,2.0,closed,mi_site,48,0.031160156215285034,0.19285038619276298,0.47415
23,2.0,closed,mi_site,49,-0.007645743470200167,0.07615362227987367,0.47415
23,2.0,closed,mi_site,50,-0.05641779842711481,-0.10300734099790418,0.47415
23,2.0,closed,mi_site,51,0.03330511924560359,-0.2929035509664959,0.47415
23,2.0,closed,mi_site,52,-0.027737444789030934,0.006999711129888917,0.47415
23,2.0,closed,mi_site,53,-0.011200347852059589,-0.5310092813121785,0.47415
23,2.0,closed,mi_site,54,-0.020228376293339866,0.016254779210617302,0.47415
23,2.0,closed,mi_site,55,-0.011559299963479134,-0.0011396864313772304,0.47415
23,2.0,closed,mi_site,56,-0.015047482025912218,-0.5678211224974069,0.47415
23,2.0,closed,mi_site,57,-0.02489330697004244,-0.15056356035758336,0.47415
23,2.0,closed,mi_site,58,-0.04351317171903635,-0.4899597362343888,0.47415
23,2.0,closed,mi_site,59,0.0221377645462999,0.42108721093270945,0.47415
23,2.0,closed,mi_site,60,0.06321490219182657,0.5808563003061822,0.47415
23,2.0,closed,mi_site,61,-0.023775987610421018,0.00883696101726516,0.47415
23,2.0,closed,mi_site,62,-0.06358265707920469,-0.43224742879787964,0.47415
23,2.0,closed,mi_site,63,-0.013827684241193933,-0.1757651465313869,0.47415
23,2.0,closed,mi_site,64,-0.015631332768345496,-0.5131309122211338,0.47415
23,2.0,closed,mi_site,65,0.012650881338846169,0.001981756423645951,0.47415
