rep,gamma,alignment,estimator,pair,signed_err,truth,miss_rate
20,0.0,aligned,available,0,-0.0019885791665206903,-0.07013694870411756,0.47415416666666665
20,0.0,aligned,available,1,0.0010137037367675683,-0.9247998575550593,0.47415416666666665
20,0.0,aligned,available,2,-0.017406719629188463,-0.01900607402183126,0.47415416666666665
20,0.0,aligned,available,3,0.017042767957754824,-0.003920916357538057,0.47415416666666665
20,0.0,aligned,available,4,0.010651837175004009,0.27897958638359965,0.47415416666666665
20,0.0,aligned,available,5,-0.015107257638654503,0.13601958135888156,0.47415416666666665
20,0.0,aligned,available,6,0.001478659626087453,-0.46097242751787204,0.47415416666666665
20,0.0,aligned,available,7,0.017342026618610284,-0.5118782254527469,0.47415416666666665
20,0.0,aligned,available,8,-0.005278165181282546,0.919336957606062,0.47415416666666665
20,0.0,aligned,available,9,-0.0006359584427169107,0.7484123446629729,0.47415416666666665
20,0.0,aligned,available,10,-0.0023282301160525744,0.0193200628583938,0.47415416666666665
20,0.0,aligned,available,11,-0.021343431666249597,-0.0212943111972758,0.47415416666666665
20,0.0,aligned,available,12,0.01943461984371675,-0.6812476965440818,0.47415416666666665
20,0.0,aligned,available,13,-0.011317383356138275,0.0006343803810987788,0.47415416666666665
20,0.0,aligned,available,14,0.0014966994177929571,0.8099288955331544,0.47415416666666665
20,0.0,aligned,available,15,0.009939032836473061,0.021039109362910927,0.47415416666666665
20,0.0,aligned,available,16,0.003450876679263408,0.029435920800246193,0.47415416666666665
20,0.0,aligned,available,17,-0.017305949992764275,-0.20129899441052948,0.47415416666666665
20,0.0,aligned,available,18,0.01150833415894302,-0.07866202782196187,0.47415416666666665
20,0.0,aligned,available,19,-0.012854783486409449,-0.10242294053031628,0.47415416666666665
20,0.0,aligned,available,20,-0.0009199767935910153,0.903188434904479,0.47415416666666665
20,0.0,aligned,available,21,-0.007512848140784659,0.018008492365896522,0.47415416666666665
20,0.0,aligned,available,22,-0.006573793378839663,5.358492189451368e-05,0.47415416666666665
20,0.0,aligned,available,23,-0.019170321271758495,-0.3992186246248612,0.47415416666666665
20,0.0,aligned,available,24,0.008876122408084275,-0.18887325951408,0.47415416666666665
20,0.0,aligned,available,25,0.000556663180225736,0.44516749229251884,0.47415416666666665
20,0.0,aligned,available,26,0.008647666662192188,0.7430950440696823,0.47415416666666665
20,0.0,aligned,available,27,-0.0019775099922073602,-0.8817907944363506,0.47415416666666665
20,0.0,aligned,available,28,-0.004901743062764141,-0.8029403223156941,0.47415416666666665
20,0.0,aligned,available,29,-0.015006137500944455,-0.1036835125866444,0.47415416666666665
20,0.0,aligned,available,30,0.0034902108527062256,-0.010857604462052549,0.47415416666666665
20,0.0,aligned,available,31,0.015703554533039954,-0.7020788918624199,0.47415416666666665
20,0.0,aligned,available,32,0.03106484361741968,-0.25889355279737486,0.47415416666666665
20,0.0,aligned,available,33,0.007355189428309237,0.02348681184385511,0.47415416666666665
20,0.0,aligned,available,34,-0.047705564423332805,0.01147280319354973,0.47415416666666665
20,0.0,aligned,available,35,0.005241760198007171,-0.016210605098972233,0.47415416666666665
20,0.0,aligned,available,36,0.01945643592376361,-0.017344244036224147,0.47415416666666665
20,0.0,aligned,available,37,0.011156676937679189,-0.594846702927617,0.47415416666666665
20,0.0,aligned,available,38,-0.010281607668118224,0.011322095900835797,0.47415416666666665
20,0.0,aligned,available,39,-0.008179461553441514,-0.5726024227179973,0.47415416666666665
20,0.0,aligned,available,40,-0.0009822466668468754,-0.714197206697678,0.47415416666666665
20,0.0,aligned,available,41,-0.003038463865457591,-0.008043832544132892,0.47415416666666665
20,0.0,aligned,available,42,0.012843740575205355,-0.0018486699874427739,0.47415416666666665
20,0.0,aligned,available,43,0.001273975422112752,0.005499479889984226,0.47415416666666665
20,0.0,aligned,available,44,-0.0007813923348796437,0.1825315660049806,0.47415416666666665
20,0.0,aligned,available,45,0.003778407530468861,0.09685375504010316,0.47415416666666665
20,0.0,aligned,available,46,0.008154899725044407,-0.1688444159495401,0.47415416666666665
20,0.0,aligned,available,47,-0.0030331910977585697,-0.5288597273425216,0.47415416666666665
20,0.0,aligned,available,48,0.014008114274401351,0.3008123355588645,0.47415416666666665
20,0.0,aligned,available,49,0.0016944262734885918,0.365953417356554,0.47415416666666665
20,0.0,aligned,available,50,0.002345469814779566,0.835090708864496,0.47415416666666665
20,0.0,aligned,available,51,0.007259816836768795,0.3362942644519749,0.47415416666666665
20,0.0,aligned,available,52,0.006467343773021744,-0.2429140556796513,0.47415416666666665
20,0.0,aligned,available,53,-0.004006596554290198,0.1448705135518873,0.47415416666666665
20,0.0,aligned,available,54,-0.0068292601664285135,0.17560623458571922,0.47415416666666665
20,0.0,aligned,available,55,0.00035797987477159676,-0.26092999053266647,0.47415416666666665
20,0.0,aligned,available,56,-0.00394430145437108,0.2877620513615662,0.47415416666666665
20,0.0,aligned,available,57,-0.014421526572618859,-0.5041430538613907,0.47415416666666665
20,0.0,aligned,available,58,0.005705934666519918,-0.414380304018434,0.47415416666666665
20,0.0,aligned,available,59,0.0009270727398682233,-0.1498890566034097,0.47415416666666665
20,0.0,aligned,available,60,0.001229743708760389,-0.5558787960676238,0.47415416666666665
20,0.0,aligned,available,61,0.008227156847887995,-0.6825952013124849,0.47415416666666665
20,0.0,aligned,available,62,-0.018520141199757367,-0.2444331737019888,0.47415416666666665
20,0.0,aligned,available,63,0.002755800525086949,0.8142129319317915,0.47415416666666665
20,0.0,aligned,available,64,0.013661710706116697,0.01877097234280189,0.47415416666666665
20,0.0,aligned,available,65,-0.007494607030447253,0.01996495367813149,0.47415416666666665
20,0.0,aligned,mi_obs,0,-0.0014230269742073198,-0.07013694870411756,0.47415416666666665
20,0.0,aligned,mi_obs,1,-0.015461840613209543,-0.9247998575550593,0.47415416666666665
20,0.0,aligned,mi_obs,2,0.010970291608422347,-0.01900607402183126,0.47415416666666665
20,0.0,aligned,mi_obs,3,0.01261639196131729,-0.003920916357538057,0.47415416666666665
20,0.0,aligned,mi_obs,4,0.006235967768931816,0.27897958638359965,0.47415416666666665
20,0.0,aligned,mi_obs,5,-0.010632444529179386,0.13601958135888156,0.47415416666666665
20,0.0,aligned,mi_obs,6,-0.09136847822135741,-0.46097242751787204,0.47415416666666665
20,0.0,aligned,mi_obs,7,-0.024555947711236148,-0.5118782254527469,0.47415416666666665
20,0.0,aligned,mi_obs,8,0.017951303846230227,0.919336957606062,0.47415416666666665
20,0.0,aligned,mi_obs,9,0.027760666073868734,0.7484123446629729,0.47415416666666665
20,0.0,aligned,mi_obs,10,0.0009344017893369479,0.0193200628583938,0.47415416666666665
20,0.0,aligned,mi_obs,11,0.0072557435651418555,-0.0212943111972758,0.47415416666666665
20,0.0,aligned,mi_obs,12,-0.014825758991788729,-0.6812476965440818,0.47415416666666665
20,0.0,aligned,mi_obs,13,0.011317008432874507,0.0006343803810987788,0.47415416666666665
20,0.0,aligned,mi_obs,14,0.018300673320569616,0.8099288955331544,0.47415416666666665
20,0.0,aligned,mi_obs,15,-0.05599116214644431,0.021039109362910927,0.47415416666666665
20,0.0,aligned,mi_obs,16,0.008018675181061703,0.029435920800246193,0.47415416666666665
20,0.0,aligned,mi_obs,17,0.031229656648935733,-0.20129899441052948,0.47415416666666665
20,0.0,aligned,mi_obs,18,-0.0078360717781671,-0.07866202782196187,0.47415416666666665
20,0.0,aligned,mi_obs,19,-0.02051782783605935,-0.10242294053031628,0.47415416666666665
20,0.0,aligned,mi_obs,20,0.003615724245293883,0.903188434904479,0.47415416666666665
20,0.0,aligned,mi_obs,21,0.007034465598204014,0.018008492365896522,0.47415416666666665
20,0.0,aligned,mi_obs,22,-0.015993275647185858,5.358492189451368e-05,0.47415416666666665
20,0.0,aligned,mi_obs,23,-0.005433104775058595,-0.3992186246248612,0.47415416666666665
20,0.0,aligned,mi_obs,24,0.028497313147326286,-0.18887325951408,0.47415416666666665
20,0.0,aligned,mi_obs,25,0.08534881975912634,0.44516749229251884,0.47415416666666665
20,0.0,aligned,mi_obs,26,0.020189165187322833,0.7430950440696823,0.47415416666666665
20,0.0,aligned,mi_obs,27,-0.01323199574841849,-0.8817907944363506,0.47415416666666665
20,0.0,aligned,mi_obs,28,-0.02621752578354497,-0.8029403223156941,0.47415416666666665
20,0.0,aligned,mi_obs,29,0.006736569492225994,-0.1036835125866444,0.47415416666666665
20,0.0,aligned,mi_obs,30,-0.0038718060716050693,-0.010857604462052549,0.47415416666666665
20,0.0,aligned,mi_obs,31,-0.030787171643524514,-0.7020788918624199,0.47415416666666665
20,0.0,aligned,mi_obs,32,0.00993912005904149,-0.25889355279737486,0.47415416666666665
20,0.0,aligned,mi_obs,33,-0.017376038646525448,0.02348681184385511,0.47415416666666665
20,0.0,aligned,mi_obs,34,-0.012982117862249561,0.01147280319354973,0.47415416666666665
20,0.0,aligned,mi_obs,35,-0.003236309043281895,-0.016210605098972233,0.47415416666666665
20,0.0,aligned,mi_obs,36,0.01760554666200407,-0.017344244036224147,0.47415416666666665
20,0.0,aligned,mi_obs,37,-0.02706275961198734,-0.594846702927617,0.47415416666666665
20,0.0,aligned,mi_obs,38,0.03263935488991402,0.011322095900835797,0.47415416666666665
20,0.0,aligned,mi_obs,39,-0.018970539206632053,-0.5726024227179973,0.47415416666666665
20,0.0,aligned,mi_obs,40,0.05881507500305849,-0.714197206697678,0.47415416666666665
20,0.0,aligned,mi_obs,41,-0.011017052420983449,-0.008043832544132892,0.47415416666666665
20,0.0,aligned,mi_obs,42,0.007500668649811901,-0.0018486699874427739,0.47415416666666665
20,0.0,aligned,mi_obs,43,0.00867188864752582,0.005499479889984226,0.47415416666666665
20,0.0,aligned,mi_obs,44,0.023707475531281247,0.1825315660049806,0.47415416666666665
20,0.0,aligned,mi_obs,45,-0.08492851626401152,0.09685375504010316,0.47415416666666665
20,0.0,aligned,mi_obs,46,-0.035548486876009755,-0.1688444159495401,0.47415416666666665
20,0.0,aligned,mi_obs,47,0.011912185963858346,-0.5288597273425216,0.47415416666666665
20,0.0,aligned,mi_obs,48,0.002712098525742057,0.3008123355588645,0.47415416666666665
20,0.0,aligned,mi_obs,49,0.005670734149392065,0.365953417356554,0.47415416666666665
20,0.0,aligned,mi_obs,50,0.02321318262996941,0.835090708864496,0.47415416666666665
20,0.0,aligned,mi_obs,51,-0.02386633875503885,0.3362942644519749,0.47415416666666665
20,0.0,aligned,mi_obs,52,0.037864992921830515,-0.2429140556796513,0.47415416666666665
20,0.0,aligned,mi_obs,53,-0.01737617351688192,0.1448705135518873,0.47415416666666665
20,0.0,aligned,mi_obs,54,-0.01152102099942287,0.17560623458571922,0.47415416666666665
20,0.0,aligned,mi_obs,55,-0.0758216389260078,-0.26092999053266647,0.47415416666666665
20,0.0,aligned,mi_obs,56,0.06015398656788562,0.2877620513615662,0.47415416666666665
20,0.0,aligned,mi_obs,57,-0.1347164221601015,-0.5041430538613907,0.47415416666666665
20,0.0,aligned,mi_obs,58,-0.07291452358885653,-0.414380304018434,0.47415416666666665
20,0.0,aligned,mi_obs,59,0.00232728395477777,-0.1498890566034097,0.47415416666666665
20,0.0,aligned,mi_obs,60,-0.03417508696114324,-0.5558787960676238,0.47415416666666665
20,0.0,aligned,mi_obs,61,-0.06510054015968803,-0.6825952013124849,0.47415416666666665
20,0.0,aligned,mi_obs,62,0.024637598899410945,-0.2444331737019888,0.47415416666666665
20,0.0,aligned,mi_obs,63,0.037034781525166593,0.8142129319317915,0.47415416666666665
20,0.0,aligned,mi_obs,64,-0.0014760010766447472,0.01877097234280189,0.47415416666666665
20,0.0,aligned,mi_obs,65,-0.008475211072984896,0.01996495367813149,0.47415416666666665
20,0.0,aligned,mi_class,0,0.0032518882886227035,-0.07013694870411756,0.47415416666666665
20,0.0,aligned,mi_class,1,0.6283582520757298,-0.9247998575550593,0.47415416666666665
20,0.0,aligned,mi_class,2,-0.0021830090141654324,-0.01900607402183126,0.47415416666666665
20,0.0,aligned,mi_class,3,0.006260655583802044,-0.003920916357538057,0.47415416666666665
20,0.0,aligned,mi_class,4,-0.1700183241335416,0.27897958638359965,0.47415416666666665
20,0.0,aligned,mi_class,5,-0.11227145715583103,0.13601958135888156,0.47415416666666665
20,0.0,aligned,mi_class,6,0.29358689442296526,-0.46097242751787204,0.47415416666666665
20,0.0,aligned,mi_class,7,0.3470883764841792,-0.5118782254527469,0.47415416666666665
20,0.0,aligned,mi_class,8,-0.5528403898001657,0.919336957606062,0.47415416666666665
20,0.0,aligned,mi_class,9,-0.4321632044541218,0.7484123446629729,0.47415416666666665
20,0.0,aligned,mi_class,10,-0.005316120472946922,0.0193200628583938,0.47415416666666665
20,0.0,aligned,mi_class,11,-0.0003938679618372999,-0.0212943111972758,0.47415416666666665
20,0.0,aligned,mi_class,12,0.004452721721647568,-0.6812476965440818,0.47415416666666665
20,0.0,aligned,mi_class,13,0.0003967660615294467,0.0006343803810987788,0.47415416666666665
20,0.0,aligned,mi_class,14,-0.14643188842522048,0.8099288955331544,0.47415416666666665
20,0.0,aligned,mi_class,15,-0.03174618138195557,0.021039109362910927,0.47415416666666665
20,0.0,aligned,mi_class,16,-0.10416636313661111,0.029435920800246193,0.47415416666666665
20,0.0,aligned,mi_class,17,0.0031799059410409225,-0.20129899441052948,0.47415416666666665
20,0.0,aligned,mi_class,18,0.01757002546837689,-0.07866202782196187,0.47415416666666665
20,0.0,aligned,mi_class,19,-0.01717795773604526,-0.10242294053031628,0.47415416666666665
20,0.0,aligned,mi_class,20,-0.03310324787059005,0.903188434904479,0.47415416666666665
20,0.0,aligned,mi_class,21,0.07758787482119857,0.018008492365896522,0.47415416666666665
20,0.0,aligned,mi_class,22,-0.006237617485935261,5.358492189451368e-05,0.47415416666666665
20,0.0,aligned,mi_class,23,0.1290539005858864,-0.3992186246248612,0.47415416666666665
20,0.0,aligned,mi_class,24,0.16293156622675706,-0.18887325951408,0.47415416666666665
20,0.0,aligned,mi_class,25,-0.2947779089449256,0.44516749229251884,0.47415416666666665
20,0.0,aligned,mi_class,26,-0.3007525485333416,0.7430950440696823,0.47415416666666665
20,0.0,aligned,mi_class,27,0.15265592854940746,-0.8817907944363506,0.47415416666666665
20,0.0,aligned,mi_class,28,0.25077302724917394,-0.8029403223156941,0.47415416666666665
20,0.0,aligned,mi_class,29,0.011070004197526226,-0.1036835125866444,0.47415416666666665
20,0.0,aligned,mi_class,30,0.01037962064775673,-0.010857604462052549,0.47415416666666665
20,0.0,aligned,mi_class,31,0.07342777545627965,-0.7020788918624199,0.47415416666666665
20,0.0,aligned,mi_class,32,0.11670547966932615,-0.25889355279737486,0.47415416666666665
20,0.0,aligned,mi_class,33,0.03859923476137561,0.02348681184385511,0.47415416666666665
20,0.0,aligned,mi_class,34,0.01776140704019888,0.01147280319354973,0.47415416666666665
20,0.0,aligned,mi_class,35,-0.013210098392760331,-0.016210605098972233,0.47415416666666665
20,0.0,aligned,mi_class,36,0.0026942643197570247,-0.017344244036224147,0.47415416666666665
20,0.0,aligned,mi_class,37,-0.04731706686933401,-0.594846702927617,0.47415416666666665
20,0.0,aligned,mi_class,38,0.0034758133959070688,0.011322095900835797,0.47415416666666665
20,0.0,aligned,mi_class,39,0.10389452731481558,-0.5726024227179973,0.47415416666666665
20,0.0,aligned,mi_class,40,0.16046001261556364,-0.714197206697678,0.47415416666666665
20,0.0,aligned,mi_class,41,0.01972456739711209,-0.008043832544132892,0.47415416666666665
20,0.0,aligned,mi_class,42,0.0020343188884532556,-0.0018486699874427739,0.47415416666666665
20,0.0,aligned,mi_class,43,0.0024938713195565244,0.005499479889984226,0.47415416666666665
20,0.0,aligned,mi_class,44,-0.0632808734848934,0.1825315660049806,0.47415416666666665
20,0.0,aligned,mi_class,45,-0.012048411239426307,0.09685375504010316,0.47415416666666665
20,0.0,aligned,mi_class,46,0.04484029686419462,-0.1688444159495401,0.47415416666666665
20,0.0,aligned,mi_class,47,0.023446421494547565,-0.5288597273425216,0.47415416666666665
20,0.0,aligned,mi_class,48,-0.008077519295921931,0.3008123355588645,0.47415416666666665
20,0.0,aligned,mi_class,49,-0.0830965453701264,0.365953417356554,0.47415416666666665
20,0.0,aligned,mi_class,50,-0.11263043006860451,0.835090708864496,0.47415416666666665
20,0.0,aligned,mi_class,51,-0.007444328669197253,0.3362942644519749,0.47415416666666665
20,0.0,aligned,mi_class,52,0.0528340468202555,-0.2429140556796513,0.47415416666666665
20,0.0,aligned,mi_class,53,-0.03002060430482341,0.1448705135518873,0.47415416666666665
20,0.0,aligned,mi_class,54,-0.04816944798361533,0.17560623458571922,0.47415416666666665
20,0.0,aligned,mi_class,55,0.04011746946899322,-0.26092999053266647,0.47415416666666665
20,0.0,aligned,mi_class,56,-0.06995487324834057,0.2877620513615662,0.47415416666666665
20,0.0,aligned,mi_class,57,0.1285985978151697,-0.5041430538613907,0.47415416666666665
20,0.0,aligned,mi_class,58,0.05193651748114658,-0.414380304018434,0.47415416666666665
20,0.0,aligned,mi_class,59,-0.04993694396278903,-0.1498890566034097,0.47415416666666665
20,0.0,aligned,mi_class,60,0.10491232494014313,-0.5558787960676238,0.47415416666666665
20,0.0,aligned,mi_class,61,0.21933923586955656,-0.6825952013124849,0.47415416666666665
20,0.0,aligned,mi_class,62,0.006303733567090908,-0.2444331737019888,0.47415416666666665
20,0.0,aligned,mi_class,63,-0.02916567891808597,0.8142129319317915,0.47415416666666665
20,0.0,aligned,mi_class,64,0.01196142292225454,0.01877097234280189,0.47415416666666665
20,0.0,aligned,mi_class,65,-0.005166170088111165,0.01996495367813149,0.47415416666666665
20,0.0,aligned,mi_site,0,0.0025224699476171786,-0.07013694870411756,0.47415416666666665
20,0.0,aligned,mi_site,1,0.11251005797459801,-0.9247998575550593,0.47415416666666665
20,0.0,aligned,mi_site,2,0.004845409281610485,-0.01900607402183126,0.47415416666666665
20,0.0,aligned,mi_site,3,-0.01157908554865147,-0.003920916357538057,0.47415416666666665
20,0.0,aligned,mi_site,4,-0.01190438523980697,0.27897958638359965,0.47415416666666665
20,0.0,aligned,mi_site,5,-0.009525620282513636,0.13601958135888156,0.47415416666666665
20,0.0,aligned,mi_site,6,-0.018650232220513485,-0.46097242751787204,0.47415416666666665
20,0.0,aligned,mi_site,7,0.03628186500552688,-0.5118782254527469,0.47415416666666665
20,0.0,aligned,mi_site,8,-0.08399444296041991,0.919336957606062,0.47415416666666665
20,0.0,aligned,mi_site,9,-0.043279137468405615,0.7484123446629729,0.47415416666666665
20,0.0,aligned,mi_site,10,-0.004415961290575605,0.0193200628583938,0.47415416666666665
20,0.0,aligned,mi_site,11,4.2727740465358516e-05,-0.0212943111972758,0.47415416666666665
20,0.0,aligned,mi_site,12,0.11966974251827223,-0.6812476965440818,0.47415416666666665
20,0.0,aligned,mi_site,13,0.01839795731925354,0.0006343803810987788,0.47415416666666665
20,0.0,aligned,mi_site,14,0.0027384023276371128,0.8099288955331544,0.47415416666666665
20,0.0,aligned,mi_site,15,-0.03006857922999323,0.021039109362910927,0.47415416666666665
20,0.0,aligned,mi_site,16,-0.002191920815538425,0.029435920800246193,0.47415416666666665
20,0.0,aligned,mi_site,17,0.020677507095828662,-0.20129899441052948,0.47415416666666665
20,0.0,aligned,mi_site,18,-0.006398369826753986,-0.07866202782196187,0.47415416666666665
20,0.0,aligned,mi_site,19,-0.00842172358299871,-0.10242294053031628,0.47415416666666665
20,0.0,aligned,mi_site,20,-0.03241240182920757,0.903188434904479,0.47415416666666665
20,0.0,aligned,mi_site,21,-0.0006938699080451874,0.018008492365896522,0.47415416666666665
20,0.0,aligned,mi_site,22,0.0013047202349886317,5.358492189451368e-05,0.47415416666666665
20,0.0,aligned,mi_site,23,0.01840972190290291,-0.3992186246248612,0.47415416666666665
20,0.0,aligned,mi_site,24,0.011463320728238857,-0.18887325951408,0.47415416666666665
20,0.0,aligned,mi_site,25,0.058565456469852895,0.44516749229251884,0.47415416666666665
20,0.0,aligned,mi_site,26,0.0027866339781379423,0.7430950440696823,0.47415416666666665
20,0.0,aligned,mi_site,27,0.021252683363179203,-0.8817907944363506,0.47415416666666665
20,0.0,aligned,mi_site,28,0.004301238497607773,-0.8029403223156941,0.47415416666666665
20,0.0,aligned,mi_site,29,0.004848754333272476,-0.1036835125866444,0.47415416666666665
20,0.0,aligned,mi_site,30,0.009890625266503248,-0.010857604462052549,0.47415416666666665
20,0.0,aligned,mi_site,31,0.09983680363838754,-0.7020788918624199,0.47415416666666665
20,0.0,aligned,mi_site,32,0.02546390829470921,-0.25889355279737486,0.47415416666666665
20,0.0,aligned,mi_site,33,-0.023781312542138028,0.02348681184385511,0.47415416666666665
20,0.0,aligned,mi_site,34,-0.003649907894021427,0.01147280319354973,0.47415416666666665
20,0.0,aligned,mi_site,35,0.007676074889745475,-0.016210605098972233,0.47415416666666665
20,0.0,aligned,mi_site,36,0.013251991088280835,-0.017344244036224147,0.47415416666666665
20,0.0,aligned,mi_site,37,0.07737943752861853,-0.594846702927617,0.47415416666666665
20,0.0,aligned,mi_site,38,0.03363528337142908,0.011322095900835797,0.47415416666666665
20,0.0,aligned,mi_site,39,0.011137433891250326,-0.5726024227179973,0.47415416666666665
20,0.0,aligned,mi_site,40,0.072329311817378,-0.714197206697678,0.47415416666666665
20,0.0,aligned,mi_site,41,-0.016707000825374362,-0.008043832544132892,0.47415416666666665
20,0.0,aligned,mi_site,42,-0.010870475125408114,-0.0018486699874427739,0.47415416666666665
20,0.0,aligned,mi_site,43,0.0029487977939516045,0.005499479889984226,0.47415416666666665
20,0.0,aligned,mi_site,44,0.02652549795101286,0.1825315660049806,0.47415416666666665
20,0.0,aligned,mi_site,45,-0.06009237801849006,0.09685375504010316,0.47415416666666665
20,0.0,aligned,mi_site,46,-0.03796653316334292,-0.1688444159495401,0.47415416666666665
20,0.0,aligned,mi_site,47,0.01784326425855709,-0.5288597273425216,0.47415416666666665
20,0.0,aligned,mi_site,48,-0.009113044194070441,0.3008123355588645,0.47415416666666665
20,0.0,aligned,mi_site,49,-0.012611853271828177,0.365953417356554,0.47415416666666665
20,0.0,aligned,mi_site,50,-0.010660195022628605,0.835090708864496,0.47415416666666665
20,0.0,aligned,mi_site,51,-0.03176966969831413,0.3362942644519749,0.47415416666666665
20,0.0,aligned,mi_site,52,0.02175609823783864,-0.2429140556796513,0.47415416666666665
20,0.0,aligned,mi_site,53,0.0068616368691888086,0.1448705135518873,0.47415416666666665
20,0.0,aligned,mi_site,54,0.007450460870374681,0.17560623458571922,0.47415416666666665
20,0.0,aligned,mi_site,55,-0.02858077116432617,-0.26092999053266647,0.47415416666666665
20,0.0,aligned,mi_site,56,0.06639931197898102,0.2877620513615662,0.47415416666666665
20,0.0,aligned,mi_site,57,-0.09737228150254029,-0.5041430538613907,0.47415416666666665
20,0.0,aligned,mi_site,58,-0.06491360386604628,-0.414380304018434,0.47415416666666665
20,0.0,aligned,mi_site,59,-0.006290152543352384,-0.1498890566034097,0.47415416666666665
20,0.0,aligned,mi_site,60,-0.03254843510277383,-0.5558787960676238,0.47415416666666665
20,0.0,aligned,mi_site,61,-0.04170480684028455,-0.6825952013124849,0.47415416666666665
20,0.0,aligned,mi_site,62,0.009487236940694088,-0.2444331737019888,0.47415416666666665
20,0.0,aligned,mi_site,63,0.010900206047018357,0.8142129319317915,0.47415416666666665
20,0.0,aligned,mi_site,64,-0.012292634375027565,0.01877097234280189,0.47415416666666665
20,0.0,aligned,mi_site,65,-0.006469205039739533,0.01996495367813149,0.47415416666666665
20,0.0,closed,available,0,0.0038592942106904504,-0.07013694870411756,0.47415416666666665
20,0.0,closed,available,1,0.0009212521449580846,-0.9247998575550593,0.47415416666666665
20,0.0,closed,available,2,-0.01816570120366578,-0.01900607402183126,0.47415416666666665
20,0.0,closed,available,3,0.007299831945676144,-0.003920916357538057,0.47415416666666665
20,0.0,closed,available,4,-0.0008237104125856098,0.27897958638359965,0.47415416666666665
20,0.0,closed,available,5,0.003087289255014669,0.13601958135888156,0.47415416666666665
20,0.0,closed,available,6,0.0027234931485750624,-0.46097242751787204,0.47415416666666665
20,0.0,closed,available,7,-0.0017890860831071276,-0.5118782254527469,0.47415416666666665
20,0.0,closed,available,8,0.0002573465035999867,0.919336957606062,0.47415416666666665
20,0.0,closed,available,9,-0.005371432979359381,0.7484123446629729,0.47415416666666665
20,0.0,closed,available,10,0.0073425851105374355,0.0193200628583938,0.47415416666666665
20,0.0,closed,available,11,0.01117351761747558,-0.0212943111972758,0.47415416666666665
20,0.0,closed,available,12,-0.033355472524259966,-0.6812476965440818,0.47415416666666665
20,0.0,closed,available,13,0.006493977793033459,0.0006343803810987788,0.47415416666666665
20,0.0,closed,available,14,0.0011620101516846004,0.8099288955331544,0.47415416666666665
20,0.0,closed,available,15,-0.005355708560571857,0.021039109362910927,0.47415416666666665
20,0.0,closed,available,16,0.0009199214427737176,0.029435920800246193,0.47415416666666665
20,0.0,closed,available,17,0.008781160420993528,-0.20129899441052948,0.47415416666666665
20,0.0,closed,available,18,0.001857866353958057,-0.07866202782196187,0.47415416666666665
20,0.0,closed,available,19,-0.013982973632949897,-0.10242294053031628,0.47415416666666665
20,0.0,closed,available,20,8.104327026914326e-05,0.903188434904479,0.47415416666666665
20,0.0,closed,available,21,-0.0017589359814221932,0.018008492365896522,0.47415416666666665
20,0.0,closed,available,22,-0.03607836976248282,5.358492189451368e-05,0.47415416666666665
20,0.0,closed,available,23,0.010671547275270366,-0.3992186246248612,0.47415416666666665
20,0.0,closed,available,24,0.017228616157253684,-0.18887325951408,0.47415416666666665
20,0.0,closed,available,25,0.00658823774119055,0.44516749229251884,0.47415416666666665
20,0.0,closed,available,26,-0.00730062727660985,0.7430950440696823,0.47415416666666665
20,0.0,closed,available,27,-0.0008921594850508363,-0.8817907944363506,0.47415416666666665
20,0.0,closed,available,28,-0.0009544467023231418,-0.8029403223156941,0.47415416666666665
20,0.0,closed,available,29,-0.000813113957752104,-0.1036835125866444,0.47415416666666665
20,0.0,closed,available,30,0.005685912635752863,-0.010857604462052549,0.47415416666666665
20,0.0,closed,available,31,-0.025022959061975936,-0.7020788918624199,0.47415416666666665
20,0.0,closed,available,32,0.005979684955627895,-0.25889355279737486,0.47415416666666665
20,0.0,closed,available,33,-0.009763544099956374,0.02348681184385511,0.47415416666666665
20,0.0,closed,available,34,0.005753083963659278,0.01147280319354973,0.47415416666666665
20,0.0,closed,available,35,0.020395346077002593,-0.016210605098972233,0.47415416666666665
20,0.0,closed,available,36,0.011470169311569038,-0.017344244036224147,0.47415416666666665
20,0.0,closed,available,37,-0.01480952042146999,-0.594846702927617,0.47415416666666665
20,0.0,closed,available,38,0.00560507974349061,0.011322095900835797,0.47415416666666665
20,0.0,closed,available,39,-0.001123476875985796,-0.5726024227179973,0.47415416666666665
20,0.0,closed,available,40,-0.004352943026163958,-0.714197206697678,0.47415416666666665
20,0.0,closed,available,41,-0.01429211187906829,-0.008043832544132892,0.47415416666666665
20,0.0,closed,available,42,0.019367210970579654,-0.0018486699874427739,0.47415416666666665
20,0.0,closed,available,43,0.002018903559585709,0.005499479889984226,0.47415416666666665
20,0.0,closed,available,44,0.007486296181249408,0.1825315660049806,0.47415416666666665
20,0.0,closed,available,45,-0.0060463294903708165,0.09685375504010316,0.47415416666666665
20,0.0,closed,available,46,-0.0023779664464206873,-0.1688444159495401,0.47415416666666665
20,0.0,closed,available,47,-0.002214622310891645,-0.5288597273425216,0.47415416666666665
20,0.0,closed,available,48,-0.007248824490304839,0.3008123355588645,0.47415416666666665
20,0.0,closed,available,49,-0.0018044246662757835,0.365953417356554,0.47415416666666665
20,0.0,closed,available,50,0.0013496179433892808,0.835090708864496,0.47415416666666665
20,0.0,closed,available,51,0.00795810092286614,0.3362942644519749,0.47415416666666665
20,0.0,closed,available,52,0.0026539371605814044,-0.2429140556796513,0.47415416666666665
20,0.0,closed,available,53,-0.0009243542113670788,0.1448705135518873,0.47415416666666665
20,0.0,closed,available,54,-0.0014102791338658771,0.17560623458571922,0.47415416666666665
20,0.0,closed,available,55,-0.005275224704417436,-0.26092999053266647,0.47415416666666665
20,0.0,closed,available,56,0.004621265404920194,0.2877620513615662,0.47415416666666665
20,0.0,closed,available,57,-0.00421180979751945,-0.5041430538613907,0.47415416666666665
20,0.0,closed,available,58,0.00019750682108343742,-0.414380304018434,0.47415416666666665
20,0.0,closed,available,59,-0.005970027273389966,-0.1498890566034097,0.47415416666666665
20,0.0,closed,available,60,0.0005835922301477003,-0.5558787960676238,0.47415416666666665
20,0.0,closed,available,61,-0.0010245804468799191,-0.6825952013124849,0.47415416666666665
20,0.0,closed,available,62,-0.0022489584840224564,-0.2444331737019888,0.47415416666666665
20,0.0,closed,available,63,-0.0002492485353201568,0.8142129319317915,0.47415416666666665
20,0.0,closed,available,64,0.0074945988919221315,0.01877097234280189,0.47415416666666665
20,0.0,closed,available,65,-0.0012090610579828971,0.01996495367813149,0.47415416666666665
20,0.0,closed,mi_obs,0,-0.0017261419350673851,-0.07013694870411756,0.47415416666666665
20,0.0,closed,mi_obs,1,-0.016131538815091995,-0.9247998575550593,0.47415416666666665
20,0.0,closed,mi_obs,2,0.02086130875702212,-0.01900607402183126,0.47415416666666665
20,0.0,closed,mi_obs,3,0.03368455492972592,-0.003920916357538057,0.47415416666666665
20,0.0,closed,mi_obs,4,0.002514277388680042,0.27897958638359965,0.47415416666666665
20,0.0,closed,mi_obs,5,-0.021571873825623894,0.13601958135888156,0.47415416666666665
20,0.0,closed,mi_obs,6,-0.10440263435914032,-0.46097242751787204,0.47415416666666665
20,0.0,closed,mi_obs,7,-0.012994744332852193,-0.5118782254527469,0.47415416666666665
20,0.0,closed,mi_obs,8,0.018344722063655894,0.919336957606062,0.47415416666666665
20,0.0,closed,mi_obs,9,0.020758425320666518,0.7484123446629729,0.47415416666666665
20,0.0,closed,mi_obs,10,0.0030028293334963783,0.0193200628583938,0.47415416666666665
20,0.0,closed,mi_obs,11,0.011593402683503755,-0.0212943111972758,0.47415416666666665
20,0.0,closed,mi_obs,12,-0.05488410481788231,-0.6812476965440818,0.47415416666666665
20,0.0,closed,mi_obs,13,0.024392796570793854,0.0006343803810987788,0.47415416666666665
20,0.0,closed,mi_obs,14,0.023587808550829314,0.8099288955331544,0.47415416666666665
20,0.0,closed,mi_obs,15,-0.057517396668234466,0.021039109362910927,0.47415416666666665
20,0.0,closed,mi_obs,16,-0.006790135268616666,0.029435920800246193,0.47415416666666665
20,0.0,closed,mi_obs,17,0.03503276219500118,-0.20129899441052948,0.47415416666666665
20,0.0,closed,mi_obs,18,-0.0035528544786357225,-0.07866202782196187,0.47415416666666665
20,0.0,closed,mi_obs,19,-0.017146669088472857,-0.10242294053031628,0.47415416666666665
20,0.0,closed,mi_obs,20,0.006199040310049919,0.903188434904479,0.47415416666666665
20,0.0,closed,mi_obs,21,-0.003519123300139159,0.018008492365896522,0.47415416666666665
20,0.0,closed,mi_obs,22,-0.0374033764956066,5.358492189451368e-05,0.47415416666666665
20,0.0,closed,mi_obs,23,0.0012450478757791705,-0.3992186246248612,0.47415416666666665
20,0.0,closed,mi_obs,24,0.04164905145871439,-0.18887325951408,0.47415416666666665
20,0.0,closed,mi_obs,25,0.10927923929936523,0.44516749229251884,0.47415416666666665
20,0.0,closed,mi_obs,26,0.012558924866765908,0.7430950440696823,0.47415416666666665
20,0.0,closed,mi_obs,27,-0.026473859523729937,-0.8817907944363506,0.47415416666666665
20,0.0,closed,mi_obs,28,-0.016098440368635947,-0.8029403223156941,0.47415416666666665
20,0.0,closed,mi_obs,29,0.010191472420781389,-0.1036835125866444,0.47415416666666665
20,0.0,closed,mi_obs,30,-0.022068535252197236,-0.010857604462052549,0.47415416666666665
20,0.0,closed,mi_obs,31,-0.05705005093136195,-0.7020788918624199,0.47415416666666665
20,0.0,closed,mi_obs,32,0.050624294212960524,-0.25889355279737486,0.47415416666666665
20,0.0,closed,mi_obs,33,-0.021230249166650225,0.02348681184385511,0.47415416666666665
20,0.0,closed,mi_obs,34,-0.0021737871143105644,0.01147280319354973,0.47415416666666665
20,0.0,closed,mi_obs,35,0.04616604406752828,-0.016210605098972233,0.47415416666666665
20,0.0,closed,mi_obs,36,0.015307838037670647,-0.017344244036224147,0.47415416666666665
20,0.0,closed,mi_obs,37,-0.07343320496528727,-0.594846702927617,0.47415416666666665
20,0.0,closed,mi_obs,38,0.05256031651269642,0.011322095900835797,0.47415416666666665
20,0.0,closed,mi_obs,39,-0.030367680054899537,-0.5726024227179973,0.47415416666666665
20,0.0,closed,mi_obs,40,0.04213756584659234,-0.714197206697678,0.47415416666666665
20,0.0,closed,mi_obs,41,-0.037818700153388056,-0.008043832544132892,0.47415416666666665
20,0.0,closed,mi_obs,42,0.026437363917783403,-0.0018486699874427739,0.47415416666666665
20,0.0,closed,mi_obs,43,0.020673708054413636,0.005499479889984226,0.47415416666666665
20,0.0,closed,mi_obs,44,0.04107546293195685,0.1825315660049806,0.47415416666666665
20,0.0,closed,mi_obs,45,-0.09060450354151944,0.09685375504010316,0.47415416666666665
20,0.0,closed,mi_obs,46,-0.06044884501821263,-0.1688444159495401,0.47415416666666665
20,0.0,closed,mi_obs,47,0.011188240129007876,-0.5288597273425216,0.47415416666666665
20,0.0,closed,mi_obs,48,0.003915271779336815,0.3008123355588645,0.47415416666666665
20,0.0,closed,mi_obs,49,-0.0005331201482053904,0.365953417356554,0.47415416666666665
20,0.0,closed,mi_obs,50,0.02501928999138714,0.835090708864496,0.47415416666666665
20,0.0,closed,mi_obs,51,-0.016449116065105407,0.3362942644519749,0.47415416666666665
20,0.0,closed,mi_obs,52,0.059787817258666026,-0.2429140556796513,0.47415416666666665
20,0.0,closed,mi_obs,53,-0.012122476669205046,0.1448705135518873,0.47415416666666665
20,0.0,closed,mi_obs,54,-0.01889891633553098,0.17560623458571922,0.47415416666666665
20,0.0,closed,mi_obs,55,-0.07806755829926548,-0.26092999053266647,0.47415416666666665
20,0.0,closed,mi_obs,56,0.07664204477798114,0.2877620513615662,0.47415416666666665
20,0.0,closed,mi_obs,57,-0.1378511628904613,-0.5041430538613907,0.47415416666666665
20,0.0,closed,mi_obs,58,-0.0969241177480637,-0.414380304018434,0.47415416666666665
20,0.0,closed,mi_obs,59,-0.022229538677401267,-0.1498890566034097,0.47415416666666665
20,0.0,closed,mi_obs,60,-0.019018141218316242,-0.5558787960676238,0.47415416666666665
20,0.0,closed,mi_obs,61,-0.06558283160689116,-0.6825952013124849,0.47415416666666665
20,0.0,closed,mi_obs,62,0.024947280968739605,-0.2444331737019888,0.47415416666666665
20,0.0,closed,mi_obs,63,0.02554852163039356,0.8142129319317915,0.47415416666666665
20,0.0,closed,mi_obs,64,0.00755808170479327,0.01877097234280189,0.47415416666666665
20,0.0,closed,mi_obs,65,-0.008334352248402833,0.01996495367813149,0.47415416666666665
20,0.0,closed,mi_class,0,0.00610264166788356,-0.07013694870411756,0.47415416666666665
20,0.0,closed,mi_class,1,0.2711336467748422,-0.9247998575550593,0.47415416666666665
20,0.0,closed,mi_class,2,-0.020809538528077483,-0.01900607402183126,0.47415416666666665
20,0.0,closed,mi_class,3,0.008738197930916,-0.003920916357538057,0.47415416666666665
20,0.0,closed,mi_class,4,-0.04057483083243643,0.27897958638359965,0.47415416666666665
20,0.0,closed,mi_class,5,-0.0445140188340752,0.13601958135888156,0.47415416666666665
20,0.0,closed,mi_class,6,0.04782115973049633,-0.46097242751787204,0.47415416666666665
20,0.0,closed,mi_class,7,0.03445070320062271,-0.5118782254527469,0.47415416666666665
20,0.0,closed,mi_class,8,-0.028149653869011027,0.919336957606062,0.47415416666666665
20,0.0,closed,mi_class,9,-0.25250024332024007,0.7484123446629729,0.47415416666666665
20,0.0,closed,mi_class,10,0.005652135752657859,0.0193200628583938,0.47415416666666665
20,0.0,closed,mi_class,11,0.009670547748875992,-0.0212943111972758,0.47415416666666665
20,0.0,closed,mi_class,12,-0.0636153004474117,-0.6812476965440818,0.47415416666666665
20,0.0,closed,mi_class,13,0.002490342456309651,0.0006343803810987788,0.47415416666666665
20,0.0,closed,mi_class,14,-0.13538403871775784,0.8099288955331544,0.47415416666666665
20,0.0,closed,mi_class,15,-0.017525466031133266,0.021039109362910927,0.47415416666666665
20,0.0,closed,mi_class,16,-0.035879532642487846,0.029435920800246193,0.47415416666666665
20,0.0,closed,mi_class,17,0.03673698803402542,-0.20129899441052948,0.47415416666666665
20,0.0,closed,mi_class,18,0.014212674429942132,-0.07866202782196187,0.47415416666666665
20,0.0,closed,mi_class,19,0.02942208738400265,-0.10242294053031628,0.47415416666666665
20,0.0,closed,mi_class,20,-0.044139068404321025,0.903188434904479,0.47415416666666665
20,0.0,closed,mi_class,21,-0.024113215233780513,0.018008492365896522,0.47415416666666665
20,0.0,closed,mi_class,22,-0.012154791790340657,5.358492189451368e-05,0.47415416666666665
20,0.0,closed,mi_class,23,0.17654698703607144,-0.3992186246248612,0.47415416666666665
20,0.0,closed,mi_class,24,0.11939142696381398,-0.18887325951408,0.47415416666666665
20,0.0,closed,mi_class,25,-0.23065890238395112,0.44516749229251884,0.47415416666666665
20,0.0,closed,mi_class,26,-0.2800938847080251,0.7430950440696823,0.47415416666666665
20,0.0,closed,mi_class,27,0.21013645689036564,-0.8817907944363506,0.47415416666666665
20,0.0,closed,mi_class,28,0.38608093885489575,-0.8029403223156941,0.47415416666666665
20,0.0,closed,mi_class,29,0.03545546586044479,-0.1036835125866444,0.47415416666666665
20,0.0,closed,mi_class,30,0.009743528893434359,-0.010857604462052549,0.47415416666666665
20,0.0,closed,mi_class,31,0.07746551432547444,-0.7020788918624199,0.47415416666666665
20,0.0,closed,mi_class,32,0.09342828425719021,-0.25889355279737486,0.47415416666666665
20,0.0,closed,mi_class,33,0.00592536939911709,0.02348681184385511,0.47415416666666665
20,0.0,closed,mi_class,34,0.028584945507422535,0.01147280319354973,0.47415416666666665
20,0.0,closed,mi_class,35,0.008655642502969393,-0.016210605098972233,0.47415416666666665
20,0.0,closed,mi_class,36,-0.012438460647854279,-0.017344244036224147,0.47415416666666665
20,0.0,closed,mi_class,37,-0.06081117204580477,-0.594846702927617,0.47415416666666665
20,0.0,closed,mi_class,38,0.0036631736634292287,0.011322095900835797,0.47415416666666665
20,0.0,closed,mi_class,39,0.046523580410216536,-0.5726024227179973,0.47415416666666665
20,0.0,closed,mi_class,40,0.016716083799136583,-0.714197206697678,0.47415416666666665
20,0.0,closed,mi_class,41,-0.013889049453726862,-0.008043832544132892,0.47415416666666665
20,0.0,closed,mi_class,42,0.013281415705487805,-0.0018486699874427739,0.47415416666666665
20,0.0,closed,mi_class,43,0.0013068210547915165,0.005499479889984226,0.47415416666666665
20,0.0,closed,mi_class,44,-0.04065834023370543,0.1825315660049806,0.47415416666666665
20,0.0,closed,mi_class,45,-0.03262278590066145,0.09685375504010316,0.47415416666666665
20,0.0,closed,mi_class,46,-0.03186993534214769,-0.1688444159495401,0.47415416666666665
20,0.0,closed,mi_class,47,0.009321591085843628,-0.5288597273425216,0.47415416666666665
20,0.0,closed,mi_class,48,-0.040388396415423744,0.3008123355588645,0.47415416666666665
20,0.0,closed,mi_class,49,-0.2057431795765909,0.365953417356554,0.47415416666666665
20,0.0,closed,mi_class,50,-0.10035918891606732,0.835090708864496,0.47415416666666665
20,0.0,closed,mi_class,51,0.03266441356790761,0.3362942644519749,0.47415416666666665
20,0.0,closed,mi_class,52,0.0514360326904203,-0.2429140556796513,0.47415416666666665
20,0.0,closed,mi_class,53,-0.0312523939257555,0.1448705135518873,0.47415416666666665
20,0.0,closed,mi_class,54,-0.10725741549262421,0.17560623458571922,0.47415416666666665
20,0.0,closed,mi_class,55,0.0746896511642115,-0.26092999053266647,0.47415416666666665
20,0.0,closed,mi_class,56,0.03382190870620089,0.2877620513615662,0.47415416666666665
20,0.0,closed,mi_class,57,0.05572855874996108,-0.5041430538613907,0.47415416666666665
20,0.0,closed,mi_class,58,0.12264670878542039,-0.414380304018434,0.47415416666666665
20,0.0,closed,mi_class,59,0.006937485468927362,-0.1498890566034097,0.47415416666666665
20,0.0,closed,mi_class,60,0.01750878909305409,-0.5558787960676238,0.47415416666666665
20,0.0,closed,mi_class,61,0.30030646600576544,-0.6825952013124849,0.47415416666666665
20,0.0,closed,mi_class,62,0.029827584941323954,-0.2444331737019888,0.47415416666666665
20,0.0,closed,mi_class,63,-0.30422893208368684,0.8142129319317915,0.47415416666666665
20,0.0,closed,mi_class,64,0.000717560044545363,0.01877097234280189,0.47415416666666665
20,0.0,closed,mi_class,65,-0.006343701451425533,0.01996495367813149,0.47415416666666665
20,0.0,closed,mi_site,0,0.003407707831590459,-0.07013694870411756,0.47415416666666665
20,0.0,closed,mi_site,1,-0.01330921271385943,-0.9247998575550593,0.47415416666666665
20,0.0,closed,mi_site,2,0.00269048460179629,-0.01900607402183126,0.47415416666666665
20,0.0,closed,mi_site,3,0.028187042944736524,-0.003920916357538057,0.47415416666666665
20,0.0,closed,mi_site,4,-0.0026177879652689584,0.27897958638359965,0.47415416666666665
20,0.0,closed,mi_site,5,-0.026265649841440433,0.13601958135888156,0.47415416666666665
20,0.0,closed,mi_site,6,-0.10026963933815736,-0.46097242751787204,0.47415416666666665
20,0.0,closed,mi_site,7,-0.020881568897642033,-0.5118782254527469,0.47415416666666665
20,0.0,closed,mi_site,8,0.014474545469222666,0.919336957606062,0.47415416666666665
20,0.0,closed,mi_site,9,0.017830096233618198,0.7484123446629729,0.47415416666666665
20,0.0,closed,mi_site,10,0.002453562725166423,0.0193200628583938,0.47415416666666665
20,0.0,closed,mi_site,11,0.007399324056868176,-0.0212943111972758,0.47415416666666665
20,0.0,closed,mi_site,12,-0.0268052883170935,-0.6812476965440818,0.47415416666666665
20,0.0,closed,mi_site,13,0.022941305173573668,0.0006343803810987788,0.47415416666666665
20,0.0,closed,mi_site,14,0.02413441592215182,0.8099288955331544,0.47415416666666665
20,0.0,closed,mi_site,15,-0.056152939723952994,0.021039109362910927,0.47415416666666665
20,0.0,closed,mi_site,16,-0.006500135283954506,0.029435920800246193,0.47415416666666665
20,0.0,closed,mi_site,17,0.04345750527379494,-0.20129899441052948,0.47415416666666665
20,0.0,closed,mi_site,18,0.0008108379592567105,-0.07866202782196187,0.47415416666666665
20,0.0,closed,mi_site,19,-0.012063423246108748,-0.10242294053031628,0.47415416666666665
20,0.0,closed,mi_site,20,0.00498344773699777,0.903188434904479,0.47415416666666665
20,0.0,closed,mi_site,21,0.0014421604257332347,0.018008492365896522,0.47415416666666665
20,0.0,closed,mi_site,22,-0.03227039295112965,5.358492189451368e-05,0.47415416666666665
20,0.0,closed,mi_site,23,0.010188200851239837,-0.3992186246248612,0.47415416666666665
20,0.0,closed,mi_site,24,0.045740597140178973,-0.18887325951408,0.47415416666666665
20,0.0,closed,mi_site,25,0.09162764322163541,0.44516749229251884,0.47415416666666665
20,0.0,closed,mi_site,26,0.011715567628934775,0.7430950440696823,0.47415416666666665
20,0.0,closed,mi_site,27,-0.014130270151365032,-0.8817907944363506,0.47415416666666665
20,0.0,closed,mi_site,28,-0.008711879362625408,-0.8029403223156941,0.47415416666666665
20,0.0,closed,mi_site,29,0.010353329330723998,-0.1036835125866444,0.47415416666666665
20,0.0,closed,mi_site,30,-0.014837965497761351,-0.010857604462052549,0.47415416666666665
20,0.0,closed,mi_site,31,-0.03535122711354699,-0.7020788918624199,0.47415416666666665
20,0.0,closed,mi_site,32,0.03169318226480963,-0.25889355279737486,0.47415416666666665
20,0.0,closed,mi_site,33,-0.01201163509940019,0.02348681184385511,0.47415416666666665
20,0.0,closed,mi_site,34,-0.01639614313417048,0.01147280319354973,0.47415416666666665
20,0.0,closed,mi_site,35,0.014249983335171268,-0.016210605098972233,0.47415416666666665
20,0.0,closed,mi_site,36,0.014292840263717322,-0.017344244036224147,0.47415416666666665
20,0.0,closed,mi_site,37,-0.03945326452137177,-0.594846702927617,0.47415416666666665
20,0.0,closed,mi_site,38,0.047715645613087714,0.011322095900835797,0.47415416666666665
20,0.0,closed,mi_site,39,-0.010520109873238148,-0.5726024227179973,0.47415416666666665
20,0.0,closed,mi_site,40,0.049701834927015964,-0.714197206697678,0.47415416666666665
20,0.0,closed,mi_site,41,-0.031084703620043813,-0.008043832544132892,0.47415416666666665
20,0.0,closed,mi_site,42,0.016496414580917627,-0.0018486699874427739,0.47415416666666665
20,0.0,closed,mi_site,43,0.021718130719353506,0.005499479889984226,0.47415416666666665
20,0.0,closed,mi_site,44,0.032107484142526566,0.1825315660049806,0.47415416666666665
20,0.0,closed,mi_site,45,-0.08956967713406898,0.09685375504010316,0.47415416666666665
20,0.0,closed,mi_site,46,-0.04993521465049611,-0.1688444159495401,0.47415416666666665
20,0.0,closed,mi_site,47,0.02465167304111615,-0.5288597273425216,0.47415416666666665
20,0.0,closed,mi_site,48,-0.006937615813476183,0.3008123355588645,0.47415416666666665
20,0.0,closed,mi_site,49,-0.009062865265653641,0.365953417356554,0.47415416666666665
20,0.0,closed,mi_site,50,0.024578817899528427,0.835090708864496,0.47415416666666665
20,0.0,closed,mi_site,51,-0.02108412705785151,0.3362942644519749,0.47415416666666665
20,0.0,closed,mi_site,52,0.05368430541421074,-0.2429140556796513,0.47415416666666665
20,0.0,closed,mi_site,53,-0.016072353777850268,0.1448705135518873,0.47415416666666665
20,0.0,closed,mi_site,54,-0.031059812223473676,0.17560623458571922,0.47415416666666665
20,0.0,closed,mi_site,55,-0.07407886794254748,-0.26092999053266647,0.47415416666666665
20,0.0,closed,mi_site,56,0.07133384160015277,0.2877620513615662,0.47415416666666665
20,0.0,closed,mi_site,57,-0.12123354356605565,-0.5041430538613907,0.47415416666666665
20,0.0,closed,mi_site,58,-0.09638567329442643,-0.414380304018434,0.47415416666666665
20,0.0,closed,mi_site,59,-0.012383621283754143,-0.1498890566034097,0.47415416666666665
20,0.0,closed,mi_site,60,-0.01747139775495299,-0.5558787960676238,0.47415416666666665
20,0.0,closed,mi_site,61,-0.06136402448767431,-0.6825952013124849,0.47415416666666665
20,0.0,closed,mi_site,62,0.036221352795808154,-0.2444331737019888,0.47415416666666665
20,0.0,closed,mi_site,63,0.016222561639348987,0.8142129319317915,0.47415416666666665
20,0.0,closed,mi_site,64,0.0005775041176542643,0.01877097234280189,0.47415416666666665
20,0.0,closed,mi_site,65,-0.009564718237910216,0.01996495367813149,0.47415416666666665
20,1.0,aligned,available,0,-0.0034049892428280326,-0.07124408425247437,0.47415416666666665
20,1.0,aligned,available,1,0.00040435706150465656,-0.9259598225741109,0.47415416666666665
20,1.0,aligned,available,2,-0.017838089582897763,-0.01980061216606632,0.47415416666666665
20,1.0,aligned,available,3,0.011690585703808718,-0.005585584113410037,0.47415416666666665
20,1.0,aligned,available,4,0.010225008446316908,0.2818868708569066,0.47415416666666665
20,1.0,aligned,available,5,-0.00984808879771129,0.13818378815858037,0.47415416666666665
20,1.0,aligned,available,6,0.007050039992561263,-0.45689732617062956,0.47415416666666665
20,1.0,aligned,available,7,0.015449253071705638,-0.5150521485925511,0.47415416666666665
20,1.0,aligned,available,8,-0.004664604828195529,0.921195729332127,0.47415416666666665
20,1.0,aligned,available,9,-0.0006629181163667619,0.7488629168612336,0.47415416666666665
20,1.0,aligned,available,10,-0.004122827913750748,0.01888827829610046,0.47415416666666665
20,1.0,aligned,available,11,-0.01979572125668067,-0.018946549634619943,0.47415416666666665
20,1.0,aligned,available,12,0.019628814000190675,-0.6811268105071429,0.47415416666666665
20,1.0,aligned,available,13,-0.010715661533972074,-0.002727417236449833,0.47415416666666665
20,1.0,aligned,available,14,0.0007395283010181997,0.8076690951797824,0.47415416666666665
20,1.0,aligned,available,15,0.00960227188160289,0.02226229700049337,0.47415416666666665
20,1.0,aligned,available,16,0.004777880046670013,0.03129440021050131,0.47415416666666665
20,1.0,aligned,available,17,-0.015867231567971124,-0.1981982832886802,0.47415416666666665
20,1.0,aligned,available,18,0.010956495358416737,-0.0796434005832237,0.47415416666666665
20,1.0,aligned,available,19,-0.013325705588398629,-0.1042565885987546,0.47415416666666665
20,1.0,aligned,available,20,-0.001090071195180009,0.9025083966843407,0.47415416666666665
20,1.0,aligned,available,21,-0.0060872732404833665,0.018545771703680613,0.47415416666666665
20,1.0,aligned,available,22,-0.003566829067431875,0.002590682265469641,0.47415416666666665
20,1.0,aligned,available,23,-0.018459445213976855,-0.40141771925243136,0.47415416666666665
20,1.0,aligned,available,24,0.003573766552042501,-0.19105936444014196,0.47415416666666665
20,1.0,aligned,available,25,0.0006212036592766479,0.44065563369450883,0.47415416666666665
20,1.0,aligned,available,26,0.008100352909230613,0.7443022467240065,0.47415416666666665
20,1.0,aligned,available,27,-0.0020175015830677934,-0.8837249953769485,0.47415416666666665
20,1.0,aligned,available,28,-0.004296163756397076,-0.8043198761247811,0.47415416666666665
20,1.0,aligned,available,29,-0.013507636546406077,-0.10215086308133213,0.47415416666666665
20,1.0,aligned,available,30,0.0047545549781835604,-0.009735566061447312,0.47415416666666665
20,1.0,aligned,available,31,0.015200893937487248,-0.7011151764661512,0.47415416666666665
20,1.0,aligned,available,32,0.028594209761768685,-0.25773351398803906,0.47415416666666665
20,1.0,aligned,available,33,0.00375523156466109,0.023484240500676684,0.47415416666666665
20,1.0,aligned,available,34,-0.047019415800362535,0.011327970956941165,0.47415416666666665
20,1.0,aligned,available,35,0.004905187590368431,-0.017083710044417874,0.47415416666666665
20,1.0,aligned,available,36,0.0179401021059779,-0.017034504892676716,0.47415416666666665
20,1.0,aligned,available,37,0.01093866304707114,-0.5947112701558652,0.47415416666666665
20,1.0,aligned,available,38,-0.008708010054953311,0.008062014267518557,0.47415416666666665
20,1.0,aligned,available,39,-0.006312976149025706,-0.5793426929302044,0.47415416666666665
20,1.0,aligned,available,40,-0.0014394054420535651,-0.7156712320495773,0.47415416666666665
20,1.0,aligned,available,41,-0.004660428091562573,-0.0059063607157424786,0.47415416666666665
20,1.0,aligned,available,42,0.018015351563980864,-0.002923116290863397,0.47415416666666665
20,1.0,aligned,available,43,0.0028622818759483264,0.004825132786994076,0.47415416666666665
20,1.0,aligned,available,44,-0.0010548250302870044,0.18227769967584098,0.47415416666666665
20,1.0,aligned,available,45,0.003535948240669065,0.0994910740466351,0.47415416666666665
20,1.0,aligned,available,46,0.009032392263064515,-0.16673307735918141,0.47415416666666665
20,1.0,aligned,available,47,-0.003273953199031898,-0.5306348551887096,0.47415416666666665
20,1.0,aligned,available,48,0.015269830916302018,0.30324911273556576,0.47415416666666665
20,1.0,aligned,available,49,0.0018002032384107913,0.36902786095977635,0.47415416666666665
20,1.0,aligned,available,50,0.00231871144499729,0.8332667584710446,0.47415416666666665
20,1.0,aligned,available,51,0.0053168522083503755,0.3426150349489259,0.47415416666666665
20,1.0,aligned,available,52,0.006610235814936749,-0.24440106881060186,0.47415416666666665
20,1.0,aligned,available,53,-0.0037414525456142267,0.1464424240068394,0.47415416666666665
20,1.0,aligned,available,54,-0.007051818107872254,0.17746255908551448,0.47415416666666665
20,1.0,aligned,available,55,0.0006735562365122738,-0.2610632320813032,0.47415416666666665
20,1.0,aligned,available,56,-0.0036715991821855143,0.28447348426227087,0.47415416666666665
20,1.0,aligned,available,57,-0.018768299064197858,-0.4995178514991655,0.47415416666666665
20,1.0,aligned,available,58,0.00602730824027059,-0.4091183224047879,0.47415416666666665
20,1.0,aligned,available,59,0.0026235741481947794,-0.15037196372171868,0.47415416666666665
20,1.0,aligned,available,60,0.0014439946169219064,-0.5579509641614944,0.47415416666666665
20,1.0,aligned,available,61,0.0074753259654433135,-0.6865554822877188,0.47415416666666665
20,1.0,aligned,available,62,-0.018061299961056848,-0.2424278620364315,0.47415416666666665
20,1.0,aligned,available,63,0.0019720456054731494,0.8126679639035598,0.47415416666666665
20,1.0,aligned,available,64,0.014035489027952385,0.0184249870622465,0.47415416666666665
20,1.0,aligned,available,65,-0.00830468659144095,0.019049260582209602,0.47415416666666665
20,1.0,aligned,mi_obs,0,-0.0021635171933190034,-0.07124408425247437,0.47415416666666665
20,1.0,aligned,mi_obs,1,-0.015099786433718898,-0.9259598225741109,0.47415416666666665
20,1.0,aligned,mi_obs,2,0.011972558250951275,-0.01980061216606632,0.47415416666666665
20,1.0,aligned,mi_obs,3,0.010073775732466369,-0.005585584113410037,0.47415416666666665
20,1.0,aligned,mi_obs,4,0.006142908544044534,0.2818868708569066,0.47415416666666665
20,1.0,aligned,mi_obs,5,-0.007815617006090486,0.13818378815858037,0.47415416666666665
20,1.0,aligned,mi_obs,6,-0.08519012360400174,-0.45689732617062956,0.47415416666666665
20,1.0,aligned,mi_obs,7,-0.022759170150149388,-0.5150521485925511,0.47415416666666665
20,1.0,aligned,mi_obs,8,0.017613515065780128,0.921195729332127,0.47415416666666665
20,1.0,aligned,mi_obs,9,0.026902547188267456,0.7488629168612336,0.47415416666666665
20,1.0,aligned,mi_obs,10,0.0004037737068539604,0.01888827829610046,0.47415416666666665
20,1.0,aligned,mi_obs,11,0.00870042411524919,-0.018946549634619943,0.47415416666666665
20,1.0,aligned,mi_obs,12,-0.01568558992263147,-0.6811268105071429,0.47415416666666665
20,1.0,aligned,mi_obs,13,0.013035455308779496,-0.002727417236449833,0.47415416666666665
20,1.0,aligned,mi_obs,14,0.017703778528906144,0.8076690951797824,0.47415416666666665
20,1.0,aligned,mi_obs,15,-0.05561869061716304,0.02226229700049337,0.47415416666666665
20,1.0,aligned,mi_obs,16,0.00676125443036036,0.03129440021050131,0.47415416666666665
20,1.0,aligned,mi_obs,17,0.03171098922971685,-0.1981982832886802,0.47415416666666665
20,1.0,aligned,mi_obs,18,-0.008703630354665523,-0.0796434005832237,0.47415416666666665
20,1.0,aligned,mi_obs,19,-0.02153349647750437,-0.1042565885987546,0.47415416666666665
20,1.0,aligned,mi_obs,20,0.0034977183943361023,0.9025083966843407,0.47415416666666665
20,1.0,aligned,mi_obs,21,0.005049630864118686,0.018545771703680613,0.47415416666666665
20,1.0,aligned,mi_obs,22,-0.014991017132528742,0.002590682265469641,0.47415416666666665
20,1.0,aligned,mi_obs,23,-0.004769525021024124,-0.40141771925243136,0.47415416666666665
20,1.0,aligned,mi_obs,24,0.02571906058559889,-0.19105936444014196,0.47415416666666665
20,1.0,aligned,mi_obs,25,0.08213906015851785,0.44065563369450883,0.47415416666666665
20,1.0,aligned,mi_obs,26,0.019379606338411293,0.7443022467240065,0.47415416666666665
20,1.0,aligned,mi_obs,27,-0.013170670389769268,-0.8837249953769485,0.47415416666666665
20,1.0,aligned,mi_obs,28,-0.025671171619908173,-0.8043198761247811,0.47415416666666665
20,1.0,aligned,mi_obs,29,0.007868993203286642,-0.10215086308133213,0.47415416666666665
20,1.0,aligned,mi_obs,30,-0.004118111384135554,-0.009735566061447312,0.47415416666666665
20,1.0,aligned,mi_obs,31,-0.03134768936018306,-0.7011151764661512,0.47415416666666665
20,1.0,aligned,mi_obs,32,0.012426138172908774,-0.25773351398803906,0.47415416666666665
20,1.0,aligned,mi_obs,33,-0.019871907854995114,0.023484240500676684,0.47415416666666665
20,1.0,aligned,mi_obs,34,-0.014419455453766054,0.011327970956941165,0.47415416666666665
20,1.0,aligned,mi_obs,35,-0.00023902426652203795,-0.017083710044417874,0.47415416666666665
20,1.0,aligned,mi_obs,36,0.01889025384270885,-0.017034504892676716,0.47415416666666665
20,1.0,aligned,mi_obs,37,-0.029338611633830225,-0.5947112701558652,0.47415416666666665
20,1.0,aligned,mi_obs,38,0.03563557438390594,0.008062014267518557,0.47415416666666665
20,1.0,aligned,mi_obs,39,-0.017402579181937217,-0.5793426929302044,0.47415416666666665
20,1.0,aligned,mi_obs,40,0.0572634969721566,-0.7156712320495773,0.47415416666666665
20,1.0,aligned,mi_obs,41,-0.015296236003328322,-0.0059063607157424786,0.47415416666666665
20,1.0,aligned,mi_obs,42,0.005549138578563574,-0.002923116290863397,0.47415416666666665
20,1.0,aligned,mi_obs,43,0.013124646229411046,0.004825132786994076,0.47415416666666665
20,1.0,aligned,mi_obs,44,0.024876384932605106,0.18227769967584098,0.47415416666666665
20,1.0,aligned,mi_obs,45,-0.08441218437246613,0.0994910740466351,0.47415416666666665
20,1.0,aligned,mi_obs,46,-0.03694275919635781,-0.16673307735918141,0.47415416666666665
20,1.0,aligned,mi_obs,47,0.011558463826474519,-0.5306348551887096,0.47415416666666665
20,1.0,aligned,mi_obs,48,0.002064596914080341,0.30324911273556576,0.47415416666666665
20,1.0,aligned,mi_obs,49,0.0056743965859316625,0.36902786095977635,0.47415416666666665
20,1.0,aligned,mi_obs,50,0.02316935748596105,0.8332667584710446,0.47415416666666665
20,1.0,aligned,mi_obs,51,-0.023867506568299113,0.3426150349489259,0.47415416666666665
20,1.0,aligned,mi_obs,52,0.03753413697948624,-0.24440106881060186,0.47415416666666665
20,1.0,aligned,mi_obs,53,-0.013948264408301408,0.1464424240068394,0.47415416666666665
20,1.0,aligned,mi_obs,54,-0.011950173184064244,0.17746255908551448,0.47415416666666665
20,1.0,aligned,mi_obs,55,-0.07515688011136346,-0.2610632320813032,0.47415416666666665
20,1.0,aligned,mi_obs,56,0.05948399469004256,0.28447348426227087,0.47415416666666665
20,1.0,aligned,mi_obs,57,-0.13067267418065642,-0.4995178514991655,0.47415416666666665
20,1.0,aligned,mi_obs,58,-0.0716612048121022,-0.4091183224047879,0.47415416666666665
20,1.0,aligned,mi_obs,59,0.0006020159117529067,-0.15037196372171868,0.47415416666666665
20,1.0,aligned,mi_obs,60,-0.030810279569331023,-0.5579509641614944,0.47415416666666665
20,1.0,aligned,mi_obs,61,-0.06394889119197977,-0.6865554822877188,0.47415416666666665
20,1.0,aligned,mi_obs,62,0.024499359783344166,-0.2424278620364315,0.47415416666666665
20,1.0,aligned,mi_obs,63,0.03582395199411248,0.8126679639035598,0.47415416666666665
20,1.0,aligned,mi_obs,64,-0.0021889707001379252,0.0184249870622465,0.47415416666666665
20,1.0,aligned,mi_obs,65,-0.008559407554434123,0.019049260582209602,0.47415416666666665
20,1.0,aligned,mi_class,0,0.00629381950124118,-0.07124408425247437,0.47415416666666665
20,1.0,aligned,mi_class,1,0.20402884911891295,-0.9259598225741109,0.47415416666666665
20,1.0,aligned,mi_class,2,-0.023000944646404554,-0.01980061216606632,0.47415416666666665
20,1.0,aligned,mi_class,3,-0.0006023334839280036,-0.005585584113410037,0.47415416666666665
20,1.0,aligned,mi_class,4,-0.017058150049230947,0.2818868708569066,0.47415416666666665
20,1.0,aligned,mi_class,5,-0.08844584686568606,0.13818378815858037,0.47415416666666665
20,1.0,aligned,mi_class,6,0.060457558422374325,-0.45689732617062956,0.47415416666666665
20,1.0,aligned,mi_class,7,0.09830959039257564,-0.5150521485925511,0.47415416666666665
20,1.0,aligned,mi_class,8,-0.0360227066098302,0.921195729332127,0.47415416666666665
20,1.0,aligned,mi_class,9,0.017231961726049017,0.7488629168612336,0.47415416666666665
20,1.0,aligned,mi_class,10,0.013490026113124703,0.01888827829610046,0.47415416666666665
20,1.0,aligned,mi_class,11,0.007222838662552486,-0.018946549634619943,0.47415416666666665
20,1.0,aligned,mi_class,12,0.07402542830600256,-0.6811268105071429,0.47415416666666665
20,1.0,aligned,mi_class,13,0.0017820533131872002,-0.002727417236449833,0.47415416666666665
20,1.0,aligned,mi_class,14,-0.1562924319922704,0.8076690951797824,0.47415416666666665
20,1.0,aligned,mi_class,15,-0.048603195355841955,0.02226229700049337,0.47415416666666665
20,1.0,aligned,mi_class,16,-0.1123352282560285,0.03129440021050131,0.47415416666666665
20,1.0,aligned,mi_class,17,0.0008548650441080885,-0.1981982832886802,0.47415416666666665
20,1.0,aligned,mi_class,18,0.015407570467502782,-0.0796434005832237,0.47415416666666665
20,1.0,aligned,mi_class,19,-0.01344058206448051,-0.1042565885987546,0.47415416666666665
20,1.0,aligned,mi_class,20,-0.04276002391127676,0.9025083966843407,0.47415416666666665
20,1.0,aligned,mi_class,21,0.05693188321844646,0.018545771703680613,0.47415416666666665
20,1.0,aligned,mi_class,22,0.0006253514915084881,0.002590682265469641,0.47415416666666665
20,1.0,aligned,mi_class,23,0.12827774259375724,-0.40141771925243136,0.47415416666666665
20,1.0,aligned,mi_class,24,0.16815060385673167,-0.19105936444014196,0.47415416666666665
20,1.0,aligned,mi_class,25,-0.27501389484109573,0.44065563369450883,0.47415416666666665
20,1.0,aligned,mi_class,26,-0.2800953681526399,0.7443022467240065,0.47415416666666665
20,1.0,aligned,mi_class,27,0.1458908881136437,-0.8837249953769485,0.47415416666666665
20,1.0,aligned,mi_class,28,0.2401226641143951,-0.8043198761247811,0.47415416666666665
20,1.0,aligned,mi_class,29,0.01090424904615063,-0.10215086308133213,0.47415416666666665
20,1.0,aligned,mi_class,30,0.011544770421505217,-0.009735566061447312,0.47415416666666665
20,1.0,aligned,mi_class,31,0.1233542531671572,-0.7011151764661512,0.47415416666666665
20,1.0,aligned,mi_class,32,0.14506503882265692,-0.25773351398803906,0.47415416666666665
20,1.0,aligned,mi_class,33,0.0728206142269162,0.023484240500676684,0.47415416666666665
20,1.0,aligned,mi_class,34,0.013491718602554725,0.011327970956941165,0.47415416666666665
20,1.0,aligned,mi_class,35,-0.013624688494838062,-0.017083710044417874,0.47415416666666665
20,1.0,aligned,mi_class,36,1.924926657786638e-05,-0.017034504892676716,0.47415416666666665
20,1.0,aligned,mi_class,37,0.0038059708794485614,-0.5947112701558652,0.47415416666666665
20,1.0,aligned,mi_class,38,-0.0010965882404845619,0.008062014267518557,0.47415416666666665
20,1.0,aligned,mi_class,39,0.0695648970933922,-0.5793426929302044,0.47415416666666665
20,1.0,aligned,mi_class,40,0.09934266052345664,-0.7156712320495773,0.47415416666666665
20,1.0,aligned,mi_class,41,0.006573271463680258,-0.0059063607157424786,0.47415416666666665
20,1.0,aligned,mi_class,42,-0.008230265052776083,-0.002923116290863397,0.47415416666666665
20,1.0,aligned,mi_class,43,-0.002507280635459959,0.004825132786994076,0.47415416666666665
20,1.0,aligned,mi_class,44,-0.0523356247758395,0.18227769967584098,0.47415416666666665
20,1.0,aligned,mi_class,45,-0.013690234694189743,0.0994910740466351,0.47415416666666665
20,1.0,aligned,mi_class,46,0.043984756660710694,-0.16673307735918141,0.47415416666666665
20,1.0,aligned,mi_class,47,0.008950334710283947,-0.5306348551887096,0.47415416666666665
20,1.0,aligned,mi_class,48,-0.008684829998731769,0.30324911273556576,0.47415416666666665
20,1.0,aligned,mi_class,49,-0.0822666257668263,0.36902786095977635,0.47415416666666665
20,1.0,aligned,mi_class,50,-0.1122295396883517,0.8332667584710446,0.47415416666666665
20,1.0,aligned,mi_class,51,0.010339890990202272,0.3426150349489259,0.47415416666666665
20,1.0,aligned,mi_class,52,0.04989936683875601,-0.24440106881060186,0.47415416666666665
20,1.0,aligned,mi_class,53,-0.029347289476777602,0.1464424240068394,0.47415416666666665
20,1.0,aligned,mi_class,54,-0.05182575974153583,0.17746255908551448,0.47415416666666665
20,1.0,aligned,mi_class,55,0.02500090041614092,-0.2610632320813032,0.47415416666666665
20,1.0,aligned,mi_class,56,-0.06686578996176637,0.28447348426227087,0.47415416666666665
20,1.0,aligned,mi_class,57,0.1317722932955439,-0.4995178514991655,0.47415416666666665
20,1.0,aligned,mi_class,58,0.05793752092990073,-0.4091183224047879,0.47415416666666665
20,1.0,aligned,mi_class,59,-0.0579760957977655,-0.15037196372171868,0.47415416666666665
20,1.0,aligned,mi_class,60,0.08646059665035172,-0.5579509641614944,0.47415416666666665
20,1.0,aligned,mi_class,61,0.19816654642562054,-0.6865554822877188,0.47415416666666665
20,1.0,aligned,mi_class,62,-0.000979943313884818,-0.2424278620364315,0.47415416666666665
20,1.0,aligned,mi_class,63,-0.024841127944663532,0.8126679639035598,0.47415416666666665
20,1.0,aligned,mi_class,64,0.011977888641590613,0.0184249870622465,0.47415416666666665
20,1.0,aligned,mi_class,65,-0.006798158912521762,0.019049260582209602,0.47415416666666665
20,1.0,aligned,mi_site,0,0.0015846456897733452,-0.07124408425247437,0.47415416666666665
20,1.0,aligned,mi_site,1,0.11245991306612413,-0.9259598225741109,0.47415416666666665
20,1.0,aligned,mi_site,2,0.005648585120564554,-0.01980061216606632,0.47415416666666665
20,1.0,aligned,mi_site,3,-0.01680188434160553,-0.005585584113410037,0.47415416666666665
20,1.0,aligned,mi_site,4,-0.012750864740397938,0.2818868708569066,0.47415416666666665
20,1.0,aligned,mi_site,5,-0.0056920332105693805,0.13818378815858037,0.47415416666666665
20,1.0,aligned,mi_site,6,-0.009167777373306818,-0.45689732617062956,0.47415416666666665
20,1.0,aligned,mi_site,7,0.036943046520422074,-0.5150521485925511,0.47415416666666665
20,1.0,aligned,mi_site,8,-0.08393640347075326,0.921195729332127,0.47415416666666665
20,1.0,aligned,mi_site,9,-0.04355918613449461,0.7488629168612336,0.47415416666666665
20,1.0,aligned,mi_site,10,-0.006063679753035305,0.01888827829610046,0.47415416666666665
20,1.0,aligned,mi_site,11,0.0009022327795155903,-0.018946549634619943,0.47415416666666665
20,1.0,aligned,mi_site,12,0.11958702163496937,-0.6811268105071429,0.47415416666666665
20,1.0,aligned,mi_site,13,0.015580521461461995,-0.002727417236449833,0.47415416666666665
20,1.0,aligned,mi_site,14,0.0022550131070092627,0.8076690951797824,0.47415416666666665
20,1.0,aligned,mi_site,15,-0.028805680376551616,0.02226229700049337,0.47415416666666665
20,1.0,aligned,mi_site,16,-0.0007408926553129774,0.03129440021050131,0.47415416666666665
20,1.0,aligned,mi_site,17,0.021165310294445766,-0.1981982832886802,0.47415416666666665
20,1.0,aligned,mi_site,18,-0.006765102409892629,-0.0796434005832237,0.47415416666666665
20,1.0,aligned,mi_site,19,-0.008927613292121661,-0.1042565885987546,0.47415416666666665
20,1.0,aligned,mi_site,20,-0.03269155719261663,0.9025083966843407,0.47415416666666665
20,1.0,aligned,mi_site,21,-0.0008319200567500663,0.018545771703680613,0.47415416666666665
20,1.0,aligned,mi_site,22,0.007416372619959132,0.002590682265469641,0.47415416666666665
20,1.0,aligned,mi_site,23,0.01915514646681965,-0.40141771925243136,0.47415416666666665
20,1.0,aligned,mi_site,24,0.007232960929828891,-0.19105936444014196,0.47415416666666665
20,1.0,aligned,mi_site,25,0.04818135195388362,0.44065563369450883,0.47415416666666665
20,1.0,aligned,mi_site,26,0.0016440835191852132,0.7443022467240065,0.47415416666666665
20,1.0,aligned,mi_site,27,0.023075818377737423,-0.8837249953769485,0.47415416666666665
20,1.0,aligned,mi_site,28,0.006244435831497475,-0.8043198761247811,0.47415416666666665
20,1.0,aligned,mi_site,29,0.006843447033696978,-0.10215086308133213,0.47415416666666665
20,1.0,aligned,mi_site,30,0.011649739901875485,-0.009735566061447312,0.47415416666666665
20,1.0,aligned,mi_site,31,0.09962367167398145,-0.7011151764661512,0.47415416666666665
20,1.0,aligned,mi_site,32,0.02596035449116299,-0.25773351398803906,0.47415416666666665
20,1.0,aligned,mi_site,33,-0.0261618688478061,0.023484240500676684,0.47415416666666665
20,1.0,aligned,mi_site,34,-0.004495053925354047,0.011327970956941165,0.47415416666666665
20,1.0,aligned,mi_site,35,0.007356363583087772,-0.017083710044417874,0.47415416666666665
20,1.0,aligned,mi_site,36,0.013650414995042142,-0.017034504892676716,0.47415416666666665
20,1.0,aligned,mi_site,37,0.07649035091829659,-0.5947112701558652,0.47415416666666665
20,1.0,aligned,mi_site,38,0.03197827702549722,0.008062014267518557,0.47415416666666665
20,1.0,aligned,mi_site,39,0.010575521131840349,-0.5793426929302044,0.47415416666666665
20,1.0,aligned,mi_site,40,0.0676585464928231,-0.7156712320495773,0.47415416666666665
20,1.0,aligned,mi_site,41,-0.018775143651117345,-0.0059063607157424786,0.47415416666666665
20,1.0,aligned,mi_site,42,-0.011002070317212067,-0.002923116290863397,0.47415416666666665
20,1.0,aligned,mi_site,43,0.004365689698512473,0.004825132786994076,0.47415416666666665
20,1.0,aligned,mi_site,44,0.02455263366266852,0.18227769967584098,0.47415416666666665
20,1.0,aligned,mi_site,45,-0.05875074647928769,0.0994910740466351,0.47415416666666665
20,1.0,aligned,mi_site,46,-0.035378246984023226,-0.16673307735918141,0.47415416666666665
20,1.0,aligned,mi_site,47,0.017238031908067164,-0.5306348551887096,0.47415416666666665
20,1.0,aligned,mi_site,48,-0.009209746341939773,0.30324911273556576,0.47415416666666665
20,1.0,aligned,mi_site,49,-0.013028425040786773,0.36902786095977635,0.47415416666666665
20,1.0,aligned,mi_site,50,-0.010986631075574183,0.8332667584710446,0.47415416666666665
20,1.0,aligned,mi_site,51,-0.028656447105582183,0.3426150349489259,0.47415416666666665
20,1.0,aligned,mi_site,52,0.021291604273911857,-0.24440106881060186,0.47415416666666665
20,1.0,aligned,mi_site,53,0.008860559694893716,0.1464424240068394,0.47415416666666665
20,1.0,aligned,mi_site,54,0.007696926439832025,0.17746255908551448,0.47415416666666665
20,1.0,aligned,mi_site,55,-0.028063022735636378,-0.2610632320813032,0.47415416666666665
20,1.0,aligned,mi_site,56,0.06322931418888694,0.28447348426227087,0.47415416666666665
20,1.0,aligned,mi_site,57,-0.0933446131445721,-0.4995178514991655,0.47415416666666665
20,1.0,aligned,mi_site,58,-0.05809181700617877,-0.4091183224047879,0.47415416666666665
20,1.0,aligned,mi_site,59,-0.0062637053833204115,-0.15037196372171868,0.47415416666666665
20,1.0,aligned,mi_site,60,-0.030562715760636072,-0.5579509641614944,0.47415416666666665
20,1.0,aligned,mi_site,61,-0.040189665361590965,-0.6865554822877188,0.47415416666666665
20,1.0,aligned,mi_site,62,0.009869506614611306,-0.2424278620364315,0.47415416666666665
20,1.0,aligned,mi_site,63,0.008750094329805447,0.8126679639035598,0.47415416666666665
20,1.0,aligned,mi_site,64,-0.012643650173681565,0.0184249870622465,0.47415416666666665
20,1.0,aligned,mi_site,65,-0.007042656914236934,0.019049260582209602,0.47415416666666665
20,1.0,closed,available,0,-0.0065945620934865085,-0.07124408425247437,0.47415416666666665
20,1.0,closed,available,1,-0.0012381876422760119,-0.9259598225741109,0.47415416666666665
20,1.0,closed,available,2,0.016963067771959935,-0.01980061216606632,0.47415416666666665
20,1.0,closed,available,3,-0.014509989397042504,-0.005585584113410037,0.47415416666666665
20,1.0,closed,available,4,0.005809954656124938,0.2818868708569066,0.47415416666666665
20,1.0,closed,available,5,0.0038175109992169276,0.13818378815858037,0.47415416666666665
20,1.0,closed,available,6,0.01192980359937229,-0.45689732617062956,0.47415416666666665
20,1.0,closed,available,7,0.004684087245757307,-0.5150521485925511,0.47415416666666665
20,1.0,closed,available,8,-0.0005544717903859242,0.921195729332127,0.47415416666666665
20,1.0,closed,available,9,0.0031799620838119935,0.7488629168612336,0.47415416666666665
20,1.0,closed,available,10,-0.004365442666489023,0.01888827829610046,0.47415416666666665
20,1.0,closed,available,11,0.005321670452910659,-0.018946549634619943,0.47415416666666665
20,1.0,closed,available,12,0.01608641525145227,-0.6811268105071429,0.47415416666666665
20,1.0,closed,available,13,-0.00022224626837442137,-0.002727417236449833,0.47415416666666665
20,1.0,closed,available,14,-0.0018230345789687075,0.8076690951797824,0.47415416666666665
20,1.0,closed,available,15,-0.00317658668460951,0.02226229700049337,0.47415416666666665
20,1.0,closed,available,16,-0.004442387134403907,0.03129440021050131,0.47415416666666665
20,1.0,closed,available,17,0.00975191438455772,-0.1981982832886802,0.47415416666666665
20,1.0,closed,available,18,-0.01264843495525024,-0.0796434005832237,0.47415416666666665
20,1.0,closed,available,19,-0.0087500265153998,-0.1042565885987546,0.47415416666666665
20,1.0,closed,available,20,-0.0005742327993772944,0.9025083966843407,0.47415416666666665
20,1.0,closed,available,21,-0.010735103235347073,0.018545771703680613,0.47415416666666665
20,1.0,closed,available,22,0.027360045514099297,0.002590682265469641,0.47415416666666665
20,1.0,closed,available,23,0.006243543068302659,-0.40141771925243136,0.47415416666666665
20,1.0,closed,available,24,-0.015054839266646247,-0.19105936444014196,0.47415416666666665
20,1.0,closed,available,25,-0.006702454116253143,0.44065563369450883,0.47415416666666665
20,1.0,closed,available,26,-0.0043522970122609195,0.7443022467240065,0.47415416666666665
20,1.0,closed,available,27,-0.0038857974788680805,-0.8837249953769485,0.47415416666666665
20,1.0,closed,available,28,-0.005301843669838768,-0.8043198761247811,0.47415416666666665
20,1.0,closed,available,29,0.010472361848245015,-0.10215086308133213,0.47415416666666665
20,1.0,closed,available,30,0.018205292505788093,-0.009735566061447312,0.47415416666666665
20,1.0,closed,available,31,0.010335336251446336,-0.7011151764661512,0.47415416666666665
20,1.0,closed,available,32,0.0063234650279127,-0.25773351398803906,0.47415416666666665
20,1.0,closed,available,33,0.0020219065329199204,0.023484240500676684,0.47415416666666665
20,1.0,closed,available,34,-0.03435654597027414,0.011327970956941165,0.47415416666666665
20,1.0,closed,available,35,0.016751942019288098,-0.017083710044417874,0.47415416666666665
20,1.0,closed,available,36,0.015981726708720206,-0.017034504892676716,0.47415416666666665
20,1.0,closed,available,37,0.0008500406448855857,-0.5947112701558652,0.47415416666666665
20,1.0,closed,available,38,-0.004805389126810522,0.008062014267518557,0.47415416666666665
20,1.0,closed,available,39,0.005990997319772262,-0.5793426929302044,0.47415416666666665
20,1.0,closed,available,40,0.002735410058618437,-0.7156712320495773,0.47415416666666665
20,1.0,closed,available,41,0.005852989939318801,-0.0059063607157424786,0.47415416666666665
20,1.0,closed,available,42,0.0038759146033456667,-0.002923116290863397,0.47415416666666665
20,1.0,closed,available,43,-0.012210345851138338,0.004825132786994076,0.47415416666666665
20,1.0,closed,available,44,-0.003721922085667212,0.18227769967584098,0.47415416666666665
20,1.0,closed,available,45,0.0005168795688246103,0.0994910740466351,0.47415416666666665
20,1.0,closed,available,46,0.0001107525289800182,-0.16673307735918141,0.47415416666666665
20,1.0,closed,available,47,-0.0016892590417636466,-0.5306348551887096,0.47415416666666665
20,1.0,closed,available,48,-0.008150350728624856,0.30324911273556576,0.47415416666666665
20,1.0,closed,available,49,-0.00826763657052959,0.36902786095977635,0.47415416666666665
20,1.0,closed,available,50,-0.0012581399983816466,0.8332667584710446,0.47415416666666665
20,1.0,closed,available,51,-0.004600719399115827,0.3426150349489259,0.47415416666666665
20,1.0,closed,available,52,0.006982869985212803,-0.24440106881060186,0.47415416666666665
20,1.0,closed,available,53,-0.007921059770979372,0.1464424240068394,0.47415416666666665
20,1.0,closed,available,54,-0.0034454024659295035,0.17746255908551448,0.47415416666666665
20,1.0,closed,available,55,0.0008226780547281876,-0.2610632320813032,0.47415416666666665
20,1.0,closed,available,56,-0.006467857828019119,0.28447348426227087,0.47415416666666665
20,1.0,closed,available,57,-0.0011398679958134483,-0.4995178514991655,0.47415416666666665
20,1.0,closed,available,58,0.004835091916512657,-0.4091183224047879,0.47415416666666665
20,1.0,closed,available,59,-0.0017504614110760985,-0.15037196372171868,0.47415416666666665
20,1.0,closed,available,60,-0.00578133047983076,-0.5579509641614944,0.47415416666666665
20,1.0,closed,available,61,0.009912477824669308,-0.6865554822877188,0.47415416666666665
20,1.0,closed,available,62,-0.0028007375119507294,-0.2424278620364315,0.47415416666666665
20,1.0,closed,available,63,0.004707684208583474,0.8126679639035598,0.47415416666666665
20,1.0,closed,available,64,-0.007994351541633077,0.0184249870622465,0.47415416666666665
20,1.0,closed,available,65,-0.010132848198074433,0.019049260582209602,0.47415416666666665
20,1.0,closed,mi_obs,0,-0.004514546884939352,-0.07124408425247437,0.47415416666666665
20,1.0,closed,mi_obs,1,-0.015677310928570942,-0.9259598225741109,0.47415416666666665
20,1.0,closed,mi_obs,2,-0.004709483972621199,-0.01980061216606632,0.47415416666666665
20,1.0,closed,mi_obs,3,0.0009435107327991398,-0.005585584113410037,0.47415416666666665
20,1.0,closed,mi_obs,4,-0.005276482608154165,0.2818868708569066,0.47415416666666665
20,1.0,closed,mi_obs,5,-0.014286530977976969,0.13818378815858037,0.47415416666666665
20,1.0,closed,mi_obs,6,-0.09548896549912461,-0.45689732617062956,0.47415416666666665
20,1.0,closed,mi_obs,7,-0.02076077724694325,-0.5150521485925511,0.47415416666666665
20,1.0,closed,mi_obs,8,0.02136770593976245,0.921195729332127,0.47415416666666665
20,1.0,closed,mi_obs,9,0.029345916324032384,0.7488629168612336,0.47415416666666665
20,1.0,closed,mi_obs,10,-0.004161007567067563,0.01888827829610046,0.47415416666666665
20,1.0,closed,mi_obs,11,0.0032768975998371877,-0.018946549634619943,0.47415416666666665
20,1.0,closed,mi_obs,12,-0.02628997522025478,-0.6811268105071429,0.47415416666666665
20,1.0,closed,mi_obs,13,0.024828486266487843,-0.002727417236449833,0.47415416666666665
20,1.0,closed,mi_obs,14,0.023605184186053396,0.8076690951797824,0.47415416666666665
20,1.0,closed,mi_obs,15,-0.056657365021859654,0.02226229700049337,0.47415416666666665
20,1.0,closed,mi_obs,16,-0.012287128294582148,0.03129440021050131,0.47415416666666665
20,1.0,closed,mi_obs,17,0.04480852247385461,-0.1981982832886802,0.47415416666666665
20,1.0,closed,mi_obs,18,-0.0023817017835585513,-0.0796434005832237,0.47415416666666665
20,1.0,closed,mi_obs,19,-0.012994999319847905,-0.1042565885987546,0.47415416666666665
20,1.0,closed,mi_obs,20,0.005170827830904168,0.9025083966843407,0.47415416666666665
20,1.0,closed,mi_obs,21,0.029510547397468976,0.018545771703680613,0.47415416666666665
20,1.0,closed,mi_obs,22,-0.004690992404602518,0.002590682265469641,0.47415416666666665
20,1.0,closed,mi_obs,23,-0.00032967909091419223,-0.40141771925243136,0.47415416666666665
20,1.0,closed,mi_obs,24,0.036437296685319503,-0.19105936444014196,0.47415416666666665
20,1.0,closed,mi_obs,25,0.0934041719433904,0.44065563369450883,0.47415416666666665
20,1.0,closed,mi_obs,26,0.015313638960477993,0.7443022467240065,0.47415416666666665
20,1.0,closed,mi_obs,27,-0.01501410190562591,-0.8837249953769485,0.47415416666666665
20,1.0,closed,mi_obs,28,-0.025267962840820113,-0.8043198761247811,0.47415416666666665
20,1.0,closed,mi_obs,29,0.006168815622046464,-0.10215086308133213,0.47415416666666665
20,1.0,closed,mi_obs,30,-0.018266201816647953,-0.009735566061447312,0.47415416666666665
20,1.0,closed,mi_obs,31,-0.04934437235492484,-0.7011151764661512,0.47415416666666665
20,1.0,closed,mi_obs,32,0.014826020127824302,-0.25773351398803906,0.47415416666666665
20,1.0,closed,mi_obs,33,0.017266053182720967,0.023484240500676684,0.47415416666666665
20,1.0,closed,mi_obs,34,0.0072773621999424574,0.011327970956941165,0.47415416666666665
20,1.0,closed,mi_obs,35,-0.022752083033955164,-0.017083710044417874,0.47415416666666665
20,1.0,closed,mi_obs,36,0.0033130039273682396,-0.017034504892676716,0.47415416666666665
20,1.0,closed,mi_obs,37,-0.03774316198897698,-0.5947112701558652,0.47415416666666665
20,1.0,closed,mi_obs,38,0.03661571881354149,0.008062014267518557,0.47415416666666665
20,1.0,closed,mi_obs,39,-0.006726091027057013,-0.5793426929302044,0.47415416666666665
20,1.0,closed,mi_obs,40,0.057423536624979454,-0.7156712320495773,0.47415416666666665
20,1.0,closed,mi_obs,41,-0.0017568025573413823,-0.0059063607157424786,0.47415416666666665
20,1.0,closed,mi_obs,42,-0.0013565961946113317,-0.002923116290863397,0.47415416666666665
20,1.0,closed,mi_obs,43,-0.003679253516428562,0.004825132786994076,0.47415416666666665
20,1.0,closed,mi_obs,44,0.02687766345146353,0.18227769967584098,0.47415416666666665
20,1.0,closed,mi_obs,45,-0.0909533057923572,0.0994910740466351,0.47415416666666665
20,1.0,closed,mi_obs,46,-0.05358400933384483,-0.16673307735918141,0.47415416666666665
20,1.0,closed,mi_obs,47,0.020374701771404657,-0.5306348551887096,0.47415416666666665
20,1.0,closed,mi_obs,48,-0.00679712353250389,0.30324911273556576,0.47415416666666665
20,1.0,closed,mi_obs,49,0.002213444613581139,0.36902786095977635,0.47415416666666665
20,1.0,closed,mi_obs,50,0.024128934974275484,0.8332667584710446,0.47415416666666665
20,1.0,closed,mi_obs,51,-0.02857226254855233,0.3426150349489259,0.47415416666666665
20,1.0,closed,mi_obs,52,0.04545217207210844,-0.24440106881060186,0.47415416666666665
20,1.0,closed,mi_obs,53,-0.02466406883952682,0.1464424240068394,0.47415416666666665
20,1.0,closed,mi_obs,54,-0.01876306389160498,0.17746255908551448,0.47415416666666665
20,1.0,closed,mi_obs,55,-0.07790917750528192,-0.2610632320813032,0.47415416666666665
20,1.0,closed,mi_obs,56,0.0710336857149248,0.28447348426227087,0.47415416666666665
20,1.0,closed,mi_obs,57,-0.1325537474411691,-0.4995178514991655,0.47415416666666665
20,1.0,closed,mi_obs,58,-0.08788049976886309,-0.4091183224047879,0.47415416666666665
20,1.0,closed,mi_obs,59,-0.010885885294829478,-0.15037196372171868,0.47415416666666665
20,1.0,closed,mi_obs,60,-0.029843781384809143,-0.5579509641614944,0.47415416666666665
20,1.0,closed,mi_obs,61,-0.06726569778940283,-0.6865554822877188,0.47415416666666665
20,1.0,closed,mi_obs,62,0.0380933646241865,-0.2424278620364315,0.47415416666666665
20,1.0,closed,mi_obs,63,0.02966368852219292,0.8126679639035598,0.47415416666666665
20,1.0,closed,mi_obs,64,-0.0002960955813545371,0.0184249870622465,0.47415416666666665
20,1.0,closed,mi_obs,65,-0.008237779531679904,0.019049260582209602,0.47415416666666665
20,1.0,closed,mi_class,0,0.0020094058006327187,-0.07124408425247437,0.47415416666666665
20,1.0,closed,mi_class,1,0.38152198025530704,-0.9259598225741109,0.47415416666666665
20,1.0,closed,mi_class,2,0.006749514891584946,-0.01980061216606632,0.47415416666666665
20,1.0,closed,mi_class,3,-0.013643271569530036,-0.005585584113410037,0.47415416666666665
20,1.0,closed,mi_class,4,-0.033107047184109506,0.2818868708569066,0.47415416666666665
20,1.0,closed,mi_class,5,-0.06405043522104407,0.13818378815858037,0.47415416666666665
20,1.0,closed,mi_class,6,0.08132699092394718,-0.45689732617062956,0.47415416666666665
20,1.0,closed,mi_class,7,0.034182175502122936,-0.5150521485925511,0.47415416666666665
20,1.0,closed,mi_class,8,-0.03143838915774744,0.921195729332127,0.47415416666666665
20,1.0,closed,mi_class,9,0.00014471079449840385,0.7488629168612336,0.47415416666666665
20,1.0,closed,mi_class,10,0.0025693564055118377,0.01888827829610046,0.47415416666666665
20,1.0,closed,mi_class,11,0.013111961930311208,-0.018946549634619943,0.47415416666666665
20,1.0,closed,mi_class,12,-0.005708183927736976,-0.6811268105071429,0.47415416666666665
20,1.0,closed,mi_class,13,-0.004213946835169661,-0.002727417236449833,0.47415416666666665
20,1.0,closed,mi_class,14,-0.14719603593998032,0.8076690951797824,0.47415416666666665
20,1.0,closed,mi_class,15,-0.01338006942898717,0.02226229700049337,0.47415416666666665
20,1.0,closed,mi_class,16,0.04826737202024298,0.03129440021050131,0.47415416666666665
20,1.0,closed,mi_class,17,0.1210492276132028,-0.1981982832886802,0.47415416666666665
20,1.0,closed,mi_class,18,0.012695809917266584,-0.0796434005832237,0.47415416666666665
20,1.0,closed,mi_class,19,-0.0038950760607853185,-0.1042565885987546,0.47415416666666665
20,1.0,closed,mi_class,20,-0.03925407067979292,0.9025083966843407,0.47415416666666665
20,1.0,closed,mi_class,21,-0.16478964746600144,0.018545771703680613,0.47415416666666665
20,1.0,closed,mi_class,22,0.006772112826585472,0.002590682265469641,0.47415416666666665
20,1.0,closed,mi_class,23,0.20280233594995958,-0.40141771925243136,0.47415416666666665
20,1.0,closed,mi_class,24,-0.12427708005172391,-0.19105936444014196,0.47415416666666665
20,1.0,closed,mi_class,25,-0.35649983039549576,0.44065563369450883,0.47415416666666665
20,1.0,closed,mi_class,26,-0.3561186900555276,0.7443022467240065,0.47415416666666665
20,1.0,closed,mi_class,27,0.316658166899779,-0.8837249953769485,0.47415416666666665
20,1.0,closed,mi_class,28,0.22834790569222252,-0.8043198761247811,0.47415416666666665
20,1.0,closed,mi_class,29,0.04277512418545349,-0.10215086308133213,0.47415416666666665
20,1.0,closed,mi_class,30,-0.00954769675931359,-0.009735566061447312,0.47415416666666665
20,1.0,closed,mi_class,31,0.05866087174682,-0.7011151764661512,0.47415416666666665
20,1.0,closed,mi_class,32,0.21193840634259073,-0.25773351398803906,0.47415416666666665
20,1.0,closed,mi_class,33,-0.017943022784789934,0.023484240500676684,0.47415416666666665
20,1.0,closed,mi_class,34,-0.0631446331238468,0.011327970956941165,0.47415416666666665
20,1.0,closed,mi_class,35,0.004915425624574164,-0.017083710044417874,0.47415416666666665
20,1.0,closed,mi_class,36,0.024540814468323586,-0.017034504892676716,0.47415416666666665
20,1.0,closed,mi_class,37,-0.05175083216007759,-0.5947112701558652,0.47415416666666665
20,1.0,closed,mi_class,38,-0.00816346140097888,0.008062014267518557,0.47415416666666665
20,1.0,closed,mi_class,39,0.16746930903744522,-0.5793426929302044,0.47415416666666665
20,1.0,closed,mi_class,40,0.177883667743991,-0.7156712320495773,0.47415416666666665
20,1.0,closed,mi_class,41,0.007249716200472535,-0.0059063607157424786,0.47415416666666665
20,1.0,closed,mi_class,42,-0.014796242927041731,-0.002923116290863397,0.47415416666666665
20,1.0,closed,mi_class,43,-0.01998622433135423,0.004825132786994076,0.47415416666666665
20,1.0,closed,mi_class,44,-0.06101499864028244,0.18227769967584098,0.47415416666666665
20,1.0,closed,mi_class,45,-0.03935309891021757,0.0994910740466351,0.47415416666666665
20,1.0,closed,mi_class,46,-0.026775391282141375,-0.16673307735918141,0.47415416666666665
20,1.0,closed,mi_class,47,0.07162701035453162,-0.5306348551887096,0.47415416666666665
20,1.0,closed,mi_class,48,-0.02666808637367557,0.30324911273556576,0.47415416666666665
20,1.0,closed,mi_class,49,-0.07671020469312395,0.36902786095977635,0.47415416666666665
20,1.0,closed,mi_class,50,-0.10548758398738634,0.8332667584710446,0.47415416666666665
20,1.0,closed,mi_class,51,0.09995617643192845,0.3426150349489259,0.47415416666666665
20,1.0,closed,mi_class,52,0.08887049866287683,-0.24440106881060186,0.47415416666666665
20,1.0,closed,mi_class,53,-0.05814196600736428,0.1464424240068394,0.47415416666666665
20,1.0,closed,mi_class,54,-0.022087623487684838,0.17746255908551448,0.47415416666666665
20,1.0,closed,mi_class,55,0.10706364549414576,-0.2610632320813032,0.47415416666666665
20,1.0,closed,mi_class,56,-0.029622835618446475,0.28447348426227087,0.47415416666666665
20,1.0,closed,mi_class,57,0.09013558318442616,-0.4995178514991655,0.47415416666666665
20,1.0,closed,mi_class,58,0.07411928276772928,-0.4091183224047879,0.47415416666666665
20,1.0,closed,mi_class,59,0.0757036796801742,-0.15037196372171868,0.47415416666666665
20,1.0,closed,mi_class,60,0.01693029397859369,-0.5579509641614944,0.47415416666666665
20,1.0,closed,mi_class,61,0.10950282944490164,-0.6865554822877188,0.47415416666666665
20,1.0,closed,mi_class,62,0.10093137627601598,-0.2424278620364315,0.47415416666666665
20,1.0,closed,mi_class,63,-0.05237783694659115,0.8126679639035598,0.47415416666666665
20,1.0,closed,mi_class,64,0.0012116893287559792,0.0184249870622465,0.47415416666666665
20,1.0,closed,mi_class,65,-0.00033189943974738095,0.019049260582209602,0.47415416666666665
20,1.0,closed,mi_site,0,-0.004644459782517568,-0.07124408425247437,0.47415416666666665
20,1.0,closed,mi_site,1,-0.013428866199625578,-0.9259598225741109,0.47415416666666665
20,1.0,closed,mi_site,2,-0.0025609044256027017,-0.01980061216606632,0.47415416666666665
20,1.0,closed,mi_site,3,0.010338366002091474,-0.005585584113410037,0.47415416666666665
20,1.0,closed,mi_site,4,-0.004693306038959566,0.2818868708569066,0.47415416666666665
20,1.0,closed,mi_site,5,-0.01652885958461911,0.13818378815858037,0.47415416666666665
20,1.0,closed,mi_site,6,-0.09621696254688966,-0.45689732617062956,0.47415416666666665
20,1.0,closed,mi_site,7,-0.023394060324317123,-0.5150521485925511,0.47415416666666665
20,1.0,closed,mi_site,8,0.016095820638131864,0.921195729332127,0.47415416666666665
20,1.0,closed,mi_site,9,0.029508858038622132,0.7488629168612336,0.47415416666666665
20,1.0,closed,mi_site,10,-0.004504646346186759,0.01888827829610046,0.47415416666666665
20,1.0,closed,mi_site,11,0.0030414054648321524,-0.018946549634619943,0.47415416666666665
20,1.0,closed,mi_site,12,-0.011505674838340085,-0.6811268105071429,0.47415416666666665
20,1.0,closed,mi_site,13,0.02525970675215851,-0.002727417236449833,0.47415416666666665
20,1.0,closed,mi_site,14,0.022012815942413555,0.8076690951797824,0.47415416666666665
20,1.0,closed,mi_site,15,-0.059483864901876814,0.02226229700049337,0.47415416666666665
20,1.0,closed,mi_site,16,-0.012216964102556547,0.03129440021050131,0.47415416666666665
20,1.0,closed,mi_site,17,0.05642882913807726,-0.1981982832886802,0.47415416666666665
20,1.0,closed,mi_site,18,-0.0008768389286588907,-0.0796434005832237,0.47415416666666665
20,1.0,closed,mi_site,19,-0.008088231737730753,-0.1042565885987546,0.47415416666666665
20,1.0,closed,mi_site,20,0.0035876575088389373,0.9025083966843407,0.47415416666666665
20,1.0,closed,mi_site,21,0.009122436855773464,0.018545771703680613,0.47415416666666665
20,1.0,closed,mi_site,22,-0.014452724407100192,0.002590682265469641,0.47415416666666665
20,1.0,closed,mi_site,23,0.005856242815870105,-0.40141771925243136,0.47415416666666665
20,1.0,closed,mi_site,24,0.04317920265237166,-0.19105936444014196,0.47415416666666665
20,1.0,closed,mi_site,25,0.08470156864090456,0.44065563369450883,0.47415416666666665
20,1.0,closed,mi_site,26,0.009268057353059023,0.7443022467240065,0.47415416666666665
20,1.0,closed,mi_site,27,-0.00851745943272586,-0.8837249953769485,0.47415416666666665
20,1.0,closed,mi_site,28,-0.019315833431804097,-0.8043198761247811,0.47415416666666665
20,1.0,closed,mi_site,29,0.00579037983467065,-0.10215086308133213,0.47415416666666665
20,1.0,closed,mi_site,30,-0.02345593903230995,-0.009735566061447312,0.47415416666666665
20,1.0,closed,mi_site,31,-0.023822972133359155,-0.7011151764661512,0.47415416666666665
20,1.0,closed,mi_site,32,0.02274076449049328,-0.25773351398803906,0.47415416666666665
20,1.0,closed,mi_site,33,0.02112982056542502,0.023484240500676684,0.47415416666666665
20,1.0,closed,mi_site,34,-0.023023500408772598,0.011327970956941165,0.47415416666666665
20,1.0,closed,mi_site,35,-0.004968296196312748,-0.017083710044417874,0.47415416666666665
20,1.0,closed,mi_site,36,0.012455308817381392,-0.017034504892676716,0.47415416666666665
20,1.0,closed,mi_site,37,-0.021760299583779785,-0.5947112701558652,0.47415416666666665
20,1.0,closed,mi_site,38,0.03833329825739611,0.008062014267518557,0.47415416666666665
20,1.0,closed,mi_site,39,0.005803703517641257,-0.5793426929302044,0.47415416666666665
20,1.0,closed,mi_site,40,0.05724928680087371,-0.7156712320495773,0.47415416666666665
20,1.0,closed,mi_site,41,-0.0009216509358721892,-0.0059063607157424786,0.47415416666666665
20,1.0,closed,mi_site,42,0.004547476628877882,-0.002923116290863397,0.47415416666666665
20,1.0,closed,mi_site,43,0.0016858981739516395,0.004825132786994076,0.47415416666666665
20,1.0,closed,mi_site,44,0.025506994028652613,0.18227769967584098,0.47415416666666665
20,1.0,closed,mi_site,45,-0.09377839065945676,0.0994910740466351,0.47415416666666665
20,1.0,closed,mi_site,46,-0.050947821833804,-0.16673307735918141,0.47415416666666665
20,1.0,closed,mi_site,47,0.03555259758800683,-0.5306348551887096,0.47415416666666665
20,1.0,closed,mi_site,48,-0.009206583145714486,0.30324911273556576,0.47415416666666665
20,1.0,closed,mi_site,49,-0.0007739411365850213,0.36902786095977635,0.47415416666666665
20,1.0,closed,mi_site,50,0.022967667656476287,0.8332667584710446,0.47415416666666665
20,1.0,closed,mi_site,51,-0.035530883119104795,0.3426150349489259,0.47415416666666665
20,1.0,closed,mi_site,52,0.04368144552238534,-0.24440106881060186,0.47415416666666665
20,1.0,closed,mi_site,53,-0.02777504344734888,0.1464424240068394,0.47415416666666665
20,1.0,closed,mi_site,54,-0.02679849641974344,0.17746255908551448,0.47415416666666665
20,1.0,closed,mi_site,55,-0.07916195630583212,-0.2610632320813032,0.47415416666666665
20,1.0,closed,mi_site,56,0.06303794254532319,0.28447348426227087,0.47415416666666665
20,1.0,closed,mi_site,57,-0.11909613379330453,-0.4995178514991655,0.47415416666666665
20,1.0,closed,mi_site,58,-0.09051792515382284,-0.4091183224047879,0.47415416666666665
20,1.0,closed,mi_site,59,-0.00948119860527516,-0.15037196372171868,0.47415416666666665
20,1.0,closed,mi_site,60,-0.018720769149236927,-0.5579509641614944,0.47415416666666665
20,1.0,closed,mi_site,61,-0.05730885142963971,-0.6865554822877188,0.47415416666666665
20,1.0,closed,mi_site,62,0.05025526110540923,-0.2424278620364315,0.47415416666666665
20,1.0,closed,mi_site,63,0.01695768296335154,0.8126679639035598,0.47415416666666665
20,1.0,closed,mi_site,64,0.0006064419634125295,0.0184249870622465,0.47415416666666665
20,1.0,closed,mi_site,65,-0.005804806927794387,0.019049260582209602,0.47415416666666665
20,2.0,aligned,available,0,-0.005210334822567553,-0.07507293291405139,0.47415416666666665
20,2.0,aligned,available,1,-0.001417609069959802,-0.9294730304429653,0.47415416666666665
20,2.0,aligned,available,2,-0.017361552017306346,-0.020128748202577068,0.47415416666666665
20,2.0,aligned,available,3,0.0019240407258679804,-0.00922596337108607,0.47415416666666665
20,2.0,aligned,available,4,0.012966219208966123,0.2911062692682475,0.47415416666666665
20,2.0,aligned,available,5,0.0004536664898163456,0.1429302598299448,0.47415416666666665
20,2.0,aligned,available,6,0.01969952726284485,-0.44522529935026656,0.47415416666666665
20,2.0,aligned,available,7,0.007531928667593002,-0.5260746731555841,0.47415416666666665
20,2.0,aligned,available,8,-0.003302161108892032,0.9264455685165364,0.47415416666666665
20,2.0,aligned,available,9,0.0004746578160111925,0.7508272303659644,0.47415416666666665
20,2.0,aligned,available,10,-0.007471719720720391,0.018083590233125307,0.47415416666666665
20,2.0,aligned,available,11,-0.017339742894368786,-0.011566149299670175,0.47415416666666665
20,2.0,aligned,available,12,0.019782121153632315,-0.6807644580980814,0.47415416666666665
20,2.0,aligned,available,13,-0.011398556892018637,-0.005641098393682971,0.47415416666666665
20,2.0,aligned,available,14,-0.0005533019705473707,0.8001383095703396,0.47415416666666665
20,2.0,aligned,available,15,0.009987854091402563,0.022068129361757456,0.47415416666666665
20,2.0,aligned,available,16,0.007134971437809515,0.03343562373503153,0.47415416666666665
20,2.0,aligned,available,17,-0.013659405066259261,-0.18850830114114217,0.47415416666666665
20,2.0,aligned,available,18,0.009894602657570084,-0.08321742491901403,0.47415416666666665
20,2.0,aligned,available,19,-0.01356700293553803,-0.10929390509603916,0.47415416666666665
20,2.0,aligned,available,20,-0.0014755331087344947,0.90024361397228,0.47415416666666665
20,2.0,aligned,available,21,-0.0046706487093979236,0.018682192248919822,0.47415416666666665
20,2.0,aligned,available,22,0.0027717790277364644,0.006768915484493081,0.47415416666666665
20,2.0,aligned,available,23,-0.01717119372846654,-0.40868439119328515,0.47415416666666665
20,2.0,aligned,available,24,-0.003876947574528805,-0.19448983488002783,0.47415416666666665
20,2.0,aligned,available,25,-0.004602907089393482,0.4289278220666554,0.47415416666666665
20,2.0,aligned,available,26,0.007152908151867088,0.7489477259510865,0.47415416666666665
20,2.0,aligned,available,27,-0.0020663522880153273,-0.8898308816018354,0.47415416666666665
20,2.0,aligned,available,28,-0.0037801296237589543,-0.8088233669676268,0.47415416666666665
20,2.0,aligned,available,29,-0.009808191217266338,-0.09862707483384381,0.47415416666666665
20,2.0,aligned,available,30,0.005776979647603828,-0.008348028318659263,0.47415416666666665
20,2.0,aligned,available,31,0.014190352543715257,-0.6977364478730809,0.47415416666666665
20,2.0,aligned,available,32,0.025742877222920485,-0.25300611803889456,0.47415416666666665
20,2.0,aligned,available,33,0.00024209311325303767,0.022872252745597826,0.47415416666666665
20,2.0,aligned,available,34,-0.045877299745681624,0.011047507337168718,0.47415416666666665
20,2.0,aligned,available,35,0.004500039562510988,-0.017473652588580565,0.47415416666666665
20,2.0,aligned,available,36,0.016040785290741322,-0.01631131651168442,0.47415416666666665
20,2.0,aligned,available,37,0.010764572080366186,-0.593784500526908,0.47415416666666665
20,2.0,aligned,available,38,-0.003234585274844568,0.004413135366367423,0.47415416666666665
20,2.0,aligned,available,39,-0.0036272965159049875,-0.6000390682087846,0.47415416666666665
20,2.0,aligned,available,40,-0.0031244186369452365,-0.7211457609673938,0.47415416666666665
20,2.0,aligned,available,41,-0.012150769329827013,-0.003068692563348227,0.47415416666666665
20,2.0,aligned,available,42,0.026462134461474014,-0.006378591993431154,0.47415416666666665
20,2.0,aligned,available,43,0.012868454894711489,0.0030559704873403203,0.47415416666666665
20,2.0,aligned,available,44,-0.0008728230598484543,0.18899703144684368,0.47415416666666665
20,2.0,aligned,available,45,0.0017823926346070829,0.10363500726603873,0.47415416666666665
20,2.0,aligned,available,46,0.007122781639715053,-0.1635991163112403,0.47415416666666665
20,2.0,aligned,available,47,-0.0041085409054989475,-0.5370156791227505,0.47415416666666665
20,2.0,aligned,available,48,0.017389714141087198,0.3114421735968458,0.47415416666666665
20,2.0,aligned,available,49,0.003314596497038247,0.3799591665350491,0.47415416666666665
20,2.0,aligned,available,50,0.0023760114696401713,0.8276775380287268,0.47415416666666665
20,2.0,aligned,available,51,0.00265683171992942,0.3623346866767631,0.47415416666666665
20,2.0,aligned,available,52,0.009325931996673753,-0.2456845033393145,0.47415416666666665
20,2.0,aligned,available,53,-0.004400402150934957,0.15041471414861057,0.47415416666666665
20,2.0,aligned,available,54,-0.011812059905907196,0.1812184728291508,0.47415416666666665
20,2.0,aligned,available,55,0.0009879661804882423,-0.2654475823437996,0.47415416666666665
20,2.0,aligned,available,56,0.00046106918459870583,0.27766381311020016,0.47415416666666665
20,2.0,aligned,available,57,-0.023130880878192872,-0.48462546338902296,0.47415416666666665
20,2.0,aligned,available,58,0.003053175935484931,-0.3937028992388662,0.47415416666666665
20,2.0,aligned,available,59,0.00388909443088134,-0.15616556663039188,0.47415416666666665
20,2.0,aligned,available,60,0.00046182967833297006,-0.5664909474866128,0.47415416666666665
20,2.0,aligned,available,61,0.005229402192123533,-0.6996062355778572,0.47415416666666665
20,2.0,aligned,available,62,-0.017992186077288252,-0.2375625976612829,0.47415416666666665
20,2.0,aligned,available,63,0.0005682034959376692,0.8098381884471024,0.47415416666666665
20,2.0,aligned,available,64,0.014311982064399601,0.017649840735716873,0.47415416666666665
20,2.0,aligned,available,65,-0.009137707665153762,0.018220689960222674,0.47415416666666665
20,2.0,aligned,mi_obs,0,-0.0028983137672074916,-0.07507293291405139,0.47415416666666665
20,2.0,aligned,mi_obs,1,-0.014390748888286509,-0.9294730304429653,0.47415416666666665
20,2.0,aligned,mi_obs,2,0.012822850614608234,-0.020128748202577068,0.47415416666666665
20,2.0,aligned,mi_obs,3,0.005173095407100699,-0.00922596337108607,0.47415416666666665
20,2.0,aligned,mi_obs,4,0.006362246109597958,0.2911062692682475,0.47415416666666665
20,2.0,aligned,mi_obs,5,-0.003552779889779617,0.1429302598299448,0.47415416666666665
20,2.0,aligned,mi_obs,6,-0.07181043041313528,-0.44522529935026656,0.47415416666666665
20,2.0,aligned,mi_obs,7,-0.021068142273698465,-0.5260746731555841,0.47415416666666665
20,2.0,aligned,mi_obs,8,0.017357907620264235,0.9264455685165364,0.47415416666666665
20,2.0,aligned,mi_obs,9,0.02592170232227442,0.7508272303659644,0.47415416666666665
20,2.0,aligned,mi_obs,10,-0.0007304211709420888,0.018083590233125307,0.47415416666666665
20,2.0,aligned,mi_obs,11,0.009970859463035251,-0.011566149299670175,0.47415416666666665
20,2.0,aligned,mi_obs,12,-0.01661348082498426,-0.6807644580980814,0.47415416666666665
20,2.0,aligned,mi_obs,13,0.015258462595535042,-0.005641098393682971,0.47415416666666665
20,2.0,aligned,mi_obs,14,0.01703082790150956,0.8001383095703396,0.47415416666666665
20,2.0,aligned,mi_obs,15,-0.053889576246111466,0.022068129361757456,0.47415416666666665
20,2.0,aligned,mi_obs,16,0.005239292582250019,0.03343562373503153,0.47415416666666665
20,2.0,aligned,mi_obs,17,0.032474865572358985,-0.18850830114114217,0.47415416666666665
20,2.0,aligned,mi_obs,18,-0.008804806005547838,-0.08321742491901403,0.47415416666666665
20,2.0,aligned,mi_obs,19,-0.02248660638054871,-0.10929390509603916,0.47415416666666665
20,2.0,aligned,mi_obs,20,0.003290709455339602,0.90024361397228,0.47415416666666665
20,2.0,aligned,mi_obs,21,0.0030836592481413433,0.018682192248919822,0.47415416666666665
20,2.0,aligned,mi_obs,22,-0.013454656448114246,0.006768915484493081,0.47415416666666665
20,2.0,aligned,mi_obs,23,-0.004121248318150972,-0.40868439119328515,0.47415416666666665
20,2.0,aligned,mi_obs,24,0.022225943995072522,-0.19448983488002783,0.47415416666666665
20,2.0,aligned,mi_obs,25,0.07495789306511197,0.4289278220666554,0.47415416666666665
20,2.0,aligned,mi_obs,26,0.01801893144418376,0.7489477259510865,0.47415416666666665
20,2.0,aligned,mi_obs,27,-0.01380647275164959,-0.8898308816018354,0.47415416666666665
20,2.0,aligned,mi_obs,28,-0.02466929456946687,-0.8088233669676268,0.47415416666666665
20,2.0,aligned,mi_obs,29,0.009416994180929741,-0.09862707483384381,0.47415416666666665
20,2.0,aligned,mi_obs,30,-0.00551335686284799,-0.008348028318659263,0.47415416666666665
20,2.0,aligned,mi_obs,31,-0.0327801700508904,-0.6977364478730809,0.47415416666666665
20,2.0,aligned,mi_obs,32,0.015280151725706903,-0.25300611803889456,0.47415416666666665
20,2.0,aligned,mi_obs,33,-0.021504453020248067,0.022872252745597826,0.47415416666666665
20,2.0,aligned,mi_obs,34,-0.014345008123374688,0.011047507337168718,0.47415416666666665
20,2.0,aligned,mi_obs,35,0.002820084153020458,-0.017473652588580565,0.47415416666666665
20,2.0,aligned,mi_obs,36,0.01859054274773634,-0.01631131651168442,0.47415416666666665
20,2.0,aligned,mi_obs,37,-0.032520185297584825,-0.593784500526908,0.47415416666666665
20,2.0,aligned,mi_obs,38,0.04339761480050632,0.004413135366367423,0.47415416666666665
20,2.0,aligned,mi_obs,39,-0.015565479361224432,-0.6000390682087846,0.47415416666666665
20,2.0,aligned,mi_obs,40,0.05451211335870465,-0.7211457609673938,0.47415416666666665
20,2.0,aligned,mi_obs,41,-0.02515324835242101,-0.003068692563348227,0.47415416666666665
20,2.0,aligned,mi_obs,42,0.0023420539702990314,-0.006378591993431154,0.47415416666666665
20,2.0,aligned,mi_obs,43,0.02366722907113868,0.0030559704873403203,0.47415416666666665
20,2.0,aligned,mi_obs,44,0.027780848342660647,0.18899703144684368,0.47415416666666665
20,2.0,aligned,mi_obs,45,-0.0844434449103483,0.10363500726603873,0.47415416666666665
20,2.0,aligned,mi_obs,46,-0.04069260870773864,-0.1635991163112403,0.47415416666666665
20,2.0,aligned,mi_obs,47,0.010972968723996668,-0.5370156791227505,0.47415416666666665
20,2.0,aligned,mi_obs,48,0.0018713931534203865,0.3114421735968458,0.47415416666666665
20,2.0,aligned,mi_obs,49,0.005256143511505829,0.3799591665350491,0.47415416666666665
20,2.0,aligned,mi_obs,50,0.02323250522434317,0.8276775380287268,0.47415416666666665
20,2.0,aligned,mi_obs,51,-0.02349403332007316,0.3623346866767631,0.47415416666666665
20,2.0,aligned,mi_obs,52,0.03863898855015446,-0.2456845033393145,0.47415416666666665
20,2.0,aligned,mi_obs,53,-0.009044730561705544,0.15041471414861057,0.47415416666666665
20,2.0,aligned,mi_obs,54,-0.014781847657305724,0.1812184728291508,0.47415416666666665
20,2.0,aligned,mi_obs,55,-0.07355085790594817,-0.2654475823437996,0.47415416666666665
20,2.0,aligned,mi_obs,56,0.059869249572009786,0.27766381311020016,0.47415416666666665
20,2.0,aligned,mi_obs,57,-0.12207948054073708,-0.48462546338902296,0.47415416666666665
20,2.0,aligned,mi_obs,58,-0.07090292791213887,-0.3937028992388662,0.47415416666666665
20,2.0,aligned,mi_obs,59,-0.0021506415571789783,-0.15616556663039188,0.47415416666666665
20,2.0,aligned,mi_obs,60,-0.026891099255318962,-0.5664909474866128,0.47415416666666665
20,2.0,aligned,mi_obs,61,-0.062236271717487024,-0.6996062355778572,0.47415416666666665
20,2.0,aligned,mi_obs,62,0.02456312581594322,-0.2375625976612829,0.47415416666666665
20,2.0,aligned,mi_obs,63,0.03408934856629775,0.8098381884471024,0.47415416666666665
20,2.0,aligned,mi_obs,64,-0.0028506585215152726,0.017649840735716873,0.47415416666666665
20,2.0,aligned,mi_obs,65,-0.009038906740740987,0.018220689960222674,0.47415416666666665
20,2.0,aligned,mi_class,0,0.07402577629300859,-0.07507293291405139,0.47415416666666665
20,2.0,aligned,mi_class,1,0.20147685468815757,-0.9294730304429653,0.47415416666666665
20,2.0,aligned,mi_class,2,0.02466887026819991,-0.020128748202577068,0.47415416666666665
20,2.0,aligned,mi_class,3,-0.004828630431633344,-0.00922596337108607,0.47415416666666665
20,2.0,aligned,mi_class,4,-0.01828165732488668,0.2911062692682475,0.47415416666666665
20,2.0,aligned,mi_class,5,-0.09952764251756575,0.1429302598299448,0.47415416666666665
20,2.0,aligned,mi_class,6,0.06628276083734036,-0.44522529935026656,0.47415416666666665
20,2.0,aligned,mi_class,7,0.47073244469455056,-0.5260746731555841,0.47415416666666665
20,2.0,aligned,mi_class,8,-0.03773360217074073,0.9264455685165364,0.47415416666666665
20,2.0,aligned,mi_class,9,-0.7311021179241787,0.7508272303659644,0.47415416666666665
20,2.0,aligned,mi_class,10,0.010440796293041524,0.018083590233125307,0.47415416666666665
20,2.0,aligned,mi_class,11,0.011392747899171113,-0.011566149299670175,0.47415416666666665
20,2.0,aligned,mi_class,12,0.6807820617254661,-0.6807644580980814,0.47415416666666665
20,2.0,aligned,mi_class,13,0.0055910403254401326,-0.005641098393682971,0.47415416666666665
20,2.0,aligned,mi_class,14,-0.7901603479393088,0.8001383095703396,0.47415416666666665
20,2.0,aligned,mi_class,15,-0.02281905201457936,0.022068129361757456,0.47415416666666665
20,2.0,aligned,mi_class,16,-0.03473185287072175,0.03343562373503153,0.47415416666666665
20,2.0,aligned,mi_class,17,0.18809025943522253,-0.18850830114114217,0.47415416666666665
20,2.0,aligned,mi_class,18,0.08217733464724607,-0.08321742491901403,0.47415416666666665
20,2.0,aligned,mi_class,19,-0.8903094209083972,-0.10929390509603916,0.47415416666666665
20,2.0,aligned,mi_class,20,-0.8236042565138297,0.90024361397228,0.47415416666666665
20,2.0,aligned,mi_class,21,-0.021871234332144388,0.018682192248919822,0.47415416666666665
20,2.0,aligned,mi_class,22,0.0035284319957574056,0.006768915484493081,0.47415416666666665
20,2.0,aligned,mi_class,23,0.13098780204054578,-0.40868439119328515,0.47415416666666665
20,2.0,aligned,mi_class,24,0.17422886551698463,-0.19448983488002783,0.47415416666666665
20,2.0,aligned,mi_class,25,-0.26203849098681675,0.4289278220666554,0.47415416666666665
20,2.0,aligned,mi_class,26,-0.690173551235989,0.7489477259510865,0.47415416666666665
20,2.0,aligned,mi_class,27,0.14200020089841525,-0.8898308816018354,0.47415416666666665
20,2.0,aligned,mi_class,28,0.7941756756199965,-0.8088233669676268,0.47415416666666665
20,2.0,aligned,mi_class,29,0.011919832793152535,-0.09862707483384381,0.47415416666666665
20,2.0,aligned,mi_class,30,0.008358873471596053,-0.008348028318659263,0.47415416666666665
20,2.0,aligned,mi_class,31,0.6218038950093998,-0.6977364478730809,0.47415416666666665
20,2.0,aligned,mi_class,32,0.25252821279040305,-0.25300611803889456,0.47415416666666665
20,2.0,aligned,mi_class,33,0.00920631097479874,0.022872252745597826,0.47415416666666665
20,2.0,aligned,mi_class,34,-1.0041333588839187,0.011047507337168718,0.47415416666666665
20,2.0,aligned,mi_class,35,0.014955895443241125,-0.017473652588580565,0.47415416666666665
20,2.0,aligned,mi_class,36,0.016267315611268516,-0.01631131651168442,0.47415416666666665
20,2.0,aligned,mi_class,37,0.5861088248722933,-0.593784500526908,0.47415416666666665
20,2.0,aligned,mi_class,38,-0.000850110825729338,0.004413135366367423,0.47415416666666665
20,2.0,aligned,mi_class,39,0.05226489445187299,-0.6000390682087846,0.47415416666666665
20,2.0,aligned,mi_class,40,0.06347558173435308,-0.7211457609673938,0.47415416666666665
20,2.0,aligned,mi_class,41,0.0017515177928570404,-0.003068692563348227,0.47415416666666665
20,2.0,aligned,mi_class,42,-0.010355201367266545,-0.006378591993431154,0.47415416666666665
20,2.0,aligned,mi_class,43,-0.002863347208080151,0.0030559704873403203,0.47415416666666665
20,2.0,aligned,mi_class,44,-0.04638652677331789,0.18899703144684368,0.47415416666666665
20,2.0,aligned,mi_class,45,-0.01803627781143774,0.10363500726603873,0.47415416666666665
20,2.0,aligned,mi_class,46,0.040869794846487506,-0.1635991163112403,0.47415416666666665
20,2.0,aligned,mi_class,47,0.5471398586497876,-0.5370156791227505,0.47415416666666665
20,2.0,aligned,mi_class,48,-0.00867447662254256,0.3114421735968458,0.47415416666666665
20,2.0,aligned,mi_class,49,-0.37236344598460575,0.3799591665350491,0.47415416666666665
20,2.0,aligned,mi_class,50,-0.11256773596038838,0.8276775380287268,0.47415416666666665
20,2.0,aligned,mi_class,51,0.029527755170537184,0.3623346866767631,0.47415416666666665
20,2.0,aligned,mi_class,52,0.22337263216237557,-0.2456845033393145,0.47415416666666665
20,2.0,aligned,mi_class,53,-0.030156084985629397,0.15041471414861057,0.47415416666666665
20,2.0,aligned,mi_class,54,-0.1781156925475332,0.1812184728291508,0.47415416666666665
20,2.0,aligned,mi_class,55,0.006684057603838334,-0.2654475823437996,0.47415416666666665
20,2.0,aligned,mi_class,56,-0.28367861936230077,0.27766381311020016,0.47415416666666665
20,2.0,aligned,mi_class,57,0.13468184212108353,-0.48462546338902296,0.47415416666666665
20,2.0,aligned,mi_class,58,0.3850680538934516,-0.3937028992388662,0.47415416666666665
20,2.0,aligned,mi_class,59,-0.06007638901515039,-0.15616556663039188,0.47415416666666665
20,2.0,aligned,mi_class,60,0.5119471523016554,-0.5664909474866128,0.47415416666666665
20,2.0,aligned,mi_class,61,0.6981481510286183,-0.6996062355778572,0.47415416666666665
20,2.0,aligned,mi_class,62,0.2135515880476243,-0.2375625976612829,0.47415416666666665
20,2.0,aligned,mi_class,63,-0.7896687806267069,0.8098381884471024,0.47415416666666665
20,2.0,aligned,mi_class,64,0.012053796998224061,0.017649840735716873,0.47415416666666665
20,2.0,aligned,mi_class,65,-0.08130416507110182,0.018220689960222674,0.47415416666666665
20,2.0,aligned,mi_site,0,0.0004075329763165436,-0.07507293291405139,0.47415416666666665
20,2.0,aligned,mi_site,1,0.11149639812649093,-0.9294730304429653,0.47415416666666665
20,2.0,aligned,mi_site,2,0.006423515564108166,-0.020128748202577068,0.47415416666666665
20,2.0,aligned,mi_site,3,-0.027031012611488443,-0.00922596337108607,0.47415416666666665
20,2.0,aligned,mi_site,4,-0.012316642286727408,0.2911062692682475,0.47415416666666665
20,2.0,aligned,mi_site,5,0.0027888183678436984,0.1429302598299448,0.47415416666666665
20,2.0,aligned,mi_site,6,0.0117060694644755,-0.44522529935026656,0.47415416666666665
20,2.0,aligned,mi_site,7,0.03510885838862399,-0.5260746731555841,0.47415416666666665
20,2.0,aligned,mi_site,8,-0.08232305944803842,0.9264455685165364,0.47415416666666665
20,2.0,aligned,mi_site,9,-0.04157246444642959,0.7508272303659644,0.47415416666666665
20,2.0,aligned,mi_site,10,-0.00869408695917187,0.018083590233125307,0.47415416666666665
20,2.0,aligned,mi_site,11,0.001306181115947061,-0.011566149299670175,0.47415416666666665
20,2.0,aligned,mi_site,12,0.11961924068644136,-0.6807644580980814,0.47415416666666665
20,2.0,aligned,mi_site,13,0.012829412923847951,-0.005641098393682971,0.47415416666666665
20,2.0,aligned,mi_site,14,0.0008418469955974173,0.8001383095703396,0.47415416666666665
20,2.0,aligned,mi_site,15,-0.027233966193665502,0.022068129361757456,0.47415416666666665
20,2.0,aligned,mi_site,16,0.00010232415884914303,0.03343562373503153,0.47415416666666665
20,2.0,aligned,mi_site,17,0.022799111063221883,-0.18850830114114217,0.47415416666666665
20,2.0,aligned,mi_site,18,-0.007012133574381796,-0.08321742491901403,0.47415416666666665
20,2.0,aligned,mi_site,19,-0.009440008942082925,-0.10929390509603916,0.47415416666666665
20,2.0,aligned,mi_site,20,-0.03311790744698706,0.90024361397228,0.47415416666666665
20,2.0,aligned,mi_site,21,-0.0008936303465891943,0.018682192248919822,0.47415416666666665
20,2.0,aligned,mi_site,22,0.01905948797852277,0.006768915484493081,0.47415416666666665
20,2.0,aligned,mi_site,23,0.019897014639024824,-0.40868439119328515,0.47415416666666665
20,2.0,aligned,mi_site,24,-0.0008980256689931909,-0.19448983488002783,0.47415416666666665
20,2.0,aligned,mi_site,25,0.023315527571917127,0.4289278220666554,0.47415416666666665
20,2.0,aligned,mi_site,26,-0.0016649840783602432,0.7489477259510865,0.47415416666666665
20,2.0,aligned,mi_site,27,0.028286598670554275,-0.8898308816018354,0.47415416666666665
20,2.0,aligned,mi_site,28,0.011024676210385276,-0.8088233669676268,0.47415416666666665
20,2.0,aligned,mi_site,29,0.010002315268232032,-0.09862707483384381,0.47415416666666665
20,2.0,aligned,mi_site,30,0.01244155800559275,-0.008348028318659263,0.47415416666666665
20,2.0,aligned,mi_site,31,0.09907881699678911,-0.6977364478730809,0.47415416666666665
20,2.0,aligned,mi_site,32,0.02701842435620022,-0.25300611803889456,0.47415416666666665
20,2.0,aligned,mi_site,33,-0.028097554788926088,0.022872252745597826,0.47415416666666665
20,2.0,aligned,mi_site,34,-0.004668662284576129,0.011047507337168718,0.47415416666666665
20,2.0,aligned,mi_site,35,0.006976215504162022,-0.017473652588580565,0.47415416666666665
20,2.0,aligned,mi_site,36,0.013077182925037935,-0.01631131651168442,0.47415416666666665
20,2.0,aligned,mi_site,37,0.07533428950299714,-0.593784500526908,0.47415416666666665
20,2.0,aligned,mi_site,38,0.03093736867130968,0.004413135366367423,0.47415416666666665
20,2.0,aligned,mi_site,39,0.006438108074820259,-0.6000390682087846,0.47415416666666665
20,2.0,aligned,mi_site,40,0.056279504024079996,-0.7211457609673938,0.47415416666666665
20,2.0,aligned,mi_site,41,-0.02088308917612182,-0.003068692563348227,0.47415416666666665
20,2.0,aligned,mi_site,42,-0.010494213377615514,-0.006378591993431154,0.47415416666666665
20,2.0,aligned,mi_site,43,0.006382815084293676,0.0030559704873403203,0.47415416666666665
20,2.0,aligned,mi_site,44,0.022562666738115134,0.18899703144684368,0.47415416666666665
20,2.0,aligned,mi_site,45,-0.05629416079394384,0.10363500726603873,0.47415416666666665
20,2.0,aligned,mi_site,46,-0.031173432629391457,-0.1635991163112403,0.47415416666666665
20,2.0,aligned,mi_site,47,0.015511517351817439,-0.5370156791227505,0.47415416666666665
20,2.0,aligned,mi_site,48,-0.007825516850121728,0.3114421735968458,0.47415416666666665
20,2.0,aligned,mi_site,49,-0.012361463185663557,0.3799591665350491,0.47415416666666665
20,2.0,aligned,mi_site,50,-0.0118909917428337,0.8276775380287268,0.47415416666666665
20,2.0,aligned,mi_site,51,-0.019032728411864208,0.3623346866767631,0.47415416666666665
20,2.0,aligned,mi_site,52,0.020007179566722294,-0.2456845033393145,0.47415416666666665
20,2.0,aligned,mi_site,53,0.011439060349772823,0.15041471414861057,0.47415416666666665
20,2.0,aligned,mi_site,54,0.008429595737466683,0.1812184728291508,0.47415416666666665
20,2.0,aligned,mi_site,55,-0.027409028885951814,-0.2654475823437996,0.47415416666666665
20,2.0,aligned,mi_site,56,0.05420179790517804,0.27766381311020016,0.47415416666666665
20,2.0,aligned,mi_site,57,-0.08123308566572623,-0.48462546338902296,0.47415416666666665
20,2.0,aligned,mi_site,58,-0.04149635634569254,-0.3937028992388662,0.47415416666666665
20,2.0,aligned,mi_site,59,-0.007640151800465234,-0.15616556663039188,0.47415416666666665
20,2.0,aligned,mi_site,60,-0.028979011637382368,-0.5664909474866128,0.47415416666666665
20,2.0,aligned,mi_site,61,-0.038632508941339516,-0.6996062355778572,0.47415416666666665
20,2.0,aligned,mi_site,62,0.01126193990240884,-0.2375625976612829,0.47415416666666665
20,2.0,aligned,mi_site,63,0.004550485282561523,0.8098381884471024,0.47415416666666665
20,2.0,aligned,mi_site,64,-0.01252481789520089,0.017649840735716873,0.47415416666666665
20,2.0,aligned,mi_site,65,-0.007993405609845017,0.018220689960222674,0.47415416666666665
20,2.0,closed,available,0,0.014874821494077178,-0.07507293291405139,0.47415416666666665
20,2.0,closed,available,1,-0.0047660182402176066,-0.9294730304429653,0.47415416666666665
20,2.0,closed,available,2,-0.042596727378593394,-0.020128748202577068,0.47415416666666665
20,2.0,closed,available,3,-0.001297726728193423,-0.00922596337108607,0.47415416666666665
20,2.0,closed,available,4,0.0029456087216729876,0.2911062692682475,0.47415416666666665
20,2.0,closed,available,5,-0.002775595659197966,0.1429302598299448,0.47415416666666665
20,2.0,closed,available,6,-0.008953091265563484,-0.44522529935026656,0.47415416666666665
20,2.0,closed,available,7,-0.012441940241197824,-0.5260746731555841,0.47415416666666665
20,2.0,closed,available,8,0.0028527770225964533,0.9264455685165364,0.47415416666666665
20,2.0,closed,available,9,0.005101126381948595,0.7508272303659644,0.47415416666666665
20,2.0,closed,available,10,0.00879830666473171,0.018083590233125307,0.47415416666666665
20,2.0,closed,available,11,-0.022209273507474765,-0.011566149299670175,0.47415416666666665
20,2.0,closed,available,12,-0.0027344764389924947,-0.6807644580980814,0.47415416666666665
20,2.0,closed,available,13,0.010525225102768671,-0.005641098393682971,0.47415416666666665
20,2.0,closed,available,14,0.003383595859170585,0.8001383095703396,0.47415416666666665
20,2.0,closed,available,15,0.0020121705113867495,0.022068129361757456,0.47415416666666665
20,2.0,closed,available,16,-0.010159855297734353,0.03343562373503153,0.47415416666666665
20,2.0,closed,available,17,-0.009293961083433777,-0.18850830114114217,0.47415416666666665
20,2.0,closed,available,18,0.00310485825322801,-0.08321742491901403,0.47415416666666665
20,2.0,closed,available,19,0.007506466300213621,-0.10929390509603916,0.47415416666666665
20,2.0,closed,available,20,0.0004012819841677784,0.90024361397228,0.47415416666666665
20,2.0,closed,available,21,0.022969243192311924,0.018682192248919822,0.47415416666666665
20,2.0,closed,available,22,-0.01070234018040132,0.006768915484493081,0.47415416666666665
20,2.0,closed,available,23,-0.0015546771006827442,-0.40868439119328515,0.47415416666666665
20,2.0,closed,available,24,0.01901203190865494,-0.19448983488002783,0.47415416666666665
20,2.0,closed,available,25,0.011225642870110741,0.4289278220666554,0.47415416666666665
20,2.0,closed,available,26,0.0008878975150193869,0.7489477259510865,0.47415416666666665
20,2.0,closed,available,27,-0.0031172740774459973,-0.8898308816018354,0.47415416666666665
20,2.0,closed,available,28,-0.009715660451565689,-0.8088233669676268,0.47415416666666665
20,2.0,closed,available,29,-0.01158764947784123,-0.09862707483384381,0.47415416666666665
20,2.0,closed,available,30,0.014609014542372394,-0.008348028318659263,0.47415416666666665
20,2.0,closed,available,31,0.0015581804945663524,-0.6977364478730809,0.47415416666666665
20,2.0,closed,available,32,-0.031680437393753424,-0.25300611803889456,0.47415416666666665
20,2.0,closed,available,33,-0.008592066948836954,0.022872252745597826,0.47415416666666665
20,2.0,closed,available,34,0.016527313061230835,0.011047507337168718,0.47415416666666665
20,2.0,closed,available,35,0.0186305289397643,-0.017473652588580565,0.47415416666666665
20,2.0,closed,available,36,-0.04503627377905349,-0.01631131651168442,0.47415416666666665
20,2.0,closed,available,37,-0.003586671311307077,-0.593784500526908,0.47415416666666665
20,2.0,closed,available,38,0.006102267318560067,0.004413135366367423,0.47415416666666665
20,2.0,closed,available,39,-0.003980916479309982,-0.6000390682087846,0.47415416666666665
20,2.0,closed,available,40,-0.005600419432174375,-0.7211457609673938,0.47415416666666665
20,2.0,closed,available,41,0.0028272020238950565,-0.003068692563348227,0.47415416666666665
20,2.0,closed,available,42,0.0006192342444998767,-0.006378591993431154,0.47415416666666665
20,2.0,closed,available,43,-0.004584669590556104,0.0030559704873403203,0.47415416666666665
20,2.0,closed,available,44,0.008839003122537631,0.18899703144684368,0.47415416666666665
20,2.0,closed,available,45,-0.008670996048690705,0.10363500726603873,0.47415416666666665
20,2.0,closed,available,46,0.0008141882143501145,-0.1635991163112403,0.47415416666666665
20,2.0,closed,available,47,0.0021064271112753996,-0.5370156791227505,0.47415416666666665
20,2.0,closed,available,48,-0.022807321287360627,0.3114421735968458,0.47415416666666665
20,2.0,closed,available,49,0.0006303774385956751,0.3799591665350491,0.47415416666666665
20,2.0,closed,available,50,0.002919767073087609,0.8276775380287268,0.47415416666666665
20,2.0,closed,available,51,0.009231035014311051,0.3623346866767631,0.47415416666666665
20,2.0,closed,available,52,0.011727654213685462,-0.2456845033393145,0.47415416666666665
20,2.0,closed,available,53,-0.011693968037475522,0.15041471414861057,0.47415416666666665
20,2.0,closed,available,54,-0.0036245383026147493,0.1812184728291508,0.47415416666666665
20,2.0,closed,available,55,-0.004989720448400514,-0.2654475823437996,0.47415416666666665
20,2.0,closed,available,56,-0.002898307092073227,0.27766381311020016,0.47415416666666665
20,2.0,closed,available,57,-0.005043103654374437,-0.48462546338902296,0.47415416666666665
20,2.0,closed,available,58,0.0007355898169406627,-0.3937028992388662,0.47415416666666665
20,2.0,closed,available,59,-0.008707335316893716,-0.15616556663039188,0.47415416666666665
20,2.0,closed,available,60,-0.005416892315771027,-0.5664909474866128,0.47415416666666665
20,2.0,closed,available,61,-0.008189799283900734,-0.6996062355778572,0.47415416666666665
20,2.0,closed,available,62,-0.008129859995492067,-0.2375625976612829,0.47415416666666665
20,2.0,closed,available,63,0.004213153340412501,0.8098381884471024,0.47415416666666665
20,2.0,closed,available,64,0.0024979722427267773,0.017649840735716873,0.47415416666666665
20,2.0,closed,available,65,0.007080099952748196,0.018220689960222674,0.47415416666666665
20,2.0,closed,mi_obs,0,0.003719715385770886,-0.07507293291405139,0.47415416666666665
20,2.0,closed,mi_obs,1,-0.01641153473389223,-0.9294730304429653,0.47415416666666665
20,2.0,closed,mi_obs,2,-0.01880283890701942,-0.020128748202577068,0.47415416666666665
20,2.0,closed,mi_obs,3,0.005577680907425753,-0.00922596337108607,0.47415416666666665
20,2.0,closed,mi_obs,4,0.004957491537189884,0.2911062692682475,0.47415416666666665
20,2.0,closed,mi_obs,5,-0.01860759393913826,0.1429302598299448,0.47415416666666665
20,2.0,closed,mi_obs,6,-0.10011684222634509,-0.44522529935026656,0.47415416666666665
20,2.0,closed,mi_obs,7,-0.032226758336133754,-0.5260746731555841,0.47415416666666665
20,2.0,closed,mi_obs,8,0.02030632648846742,0.9264455685165364,0.47415416666666665
20,2.0,closed,mi_obs,9,0.025562410622969822,0.7508272303659644,0.47415416666666665
20,2.0,closed,mi_obs,10,0.008150122201434053,0.018083590233125307,0.47415416666666665
20,2.0,closed,mi_obs,11,0.013921616069757923,-0.011566149299670175,0.47415416666666665
20,2.0,closed,mi_obs,12,-0.026524473058983866,-0.6807644580980814,0.47415416666666665
20,2.0,closed,mi_obs,13,0.03142734563950099,-0.005641098393682971,0.47415416666666665
20,2.0,closed,mi_obs,14,0.02019512634642029,0.8001383095703396,0.47415416666666665
20,2.0,closed,mi_obs,15,-0.047806263191789766,0.022068129361757456,0.47415416666666665
20,2.0,closed,mi_obs,16,-0.013573285673782163,0.03343562373503153,0.47415416666666665
20,2.0,closed,mi_obs,17,0.013366656725866288,-0.18850830114114217,0.47415416666666665
20,2.0,closed,mi_obs,18,-0.0002279206115297916,-0.08321742491901403,0.47415416666666665
20,2.0,closed,mi_obs,19,-0.007053603943061523,-0.10929390509603916,0.47415416666666665
20,2.0,closed,mi_obs,20,0.005911000040910497,0.90024361397228,0.47415416666666665
20,2.0,closed,mi_obs,21,-0.003586052540403036,0.018682192248919822,0.47415416666666665
20,2.0,closed,mi_obs,22,-0.028557931050024243,0.006768915484493081,0.47415416666666665
20,2.0,closed,mi_obs,23,-0.002062507942650005,-0.40868439119328515,0.47415416666666665
20,2.0,closed,mi_obs,24,0.038001899407494655,-0.19448983488002783,0.47415416666666665
20,2.0,closed,mi_obs,25,0.10068915028125519,0.4289278220666554,0.47415416666666665
20,2.0,closed,mi_obs,26,0.029201065051705277,0.7489477259510865,0.47415416666666665
20,2.0,closed,mi_obs,27,-0.017805167894524465,-0.8898308816018354,0.47415416666666665
20,2.0,closed,mi_obs,28,-0.03191436671185366,-0.8088233669676268,0.47415416666666665
20,2.0,closed,mi_obs,29,1.4249681909980771e-05,-0.09862707483384381,0.47415416666666665
20,2.0,closed,mi_obs,30,-0.0074532942233300516,-0.008348028318659263,0.47415416666666665
20,2.0,closed,mi_obs,31,-0.028977946462439896,-0.6977364478730809,0.47415416666666665
20,2.0,closed,mi_obs,32,0.012705832944949258,-0.25300611803889456,0.47415416666666665
20,2.0,closed,mi_obs,33,-0.015431155108297703,0.022872252745597826,0.47415416666666665
20,2.0,closed,mi_obs,34,-0.0005923512933997711,0.011047507337168718,0.47415416666666665
20,2.0,closed,mi_obs,35,0.025012598307704043,-0.017473652588580565,0.47415416666666665
20,2.0,closed,mi_obs,36,-0.02310396138232144,-0.01631131651168442,0.47415416666666665
20,2.0,closed,mi_obs,37,-0.03774092160226694,-0.593784500526908,0.47415416666666665
20,2.0,closed,mi_obs,38,0.04779170388953352,0.004413135366367423,0.47415416666666665
20,2.0,closed,mi_obs,39,-0.017720254508306943,-0.6000390682087846,0.47415416666666665
20,2.0,closed,mi_obs,40,0.03765309896729396,-0.7211457609673938,0.47415416666666665
20,2.0,closed,mi_obs,41,-0.023733392378280163,-0.003068692563348227,0.47415416666666665
20,2.0,closed,mi_obs,42,0.02361569154042757,-0.006378591993431154,0.47415416666666665
20,2.0,closed,mi_obs,43,0.0006017682061019865,0.0030559704873403203,0.47415416666666665
20,2.0,closed,mi_obs,44,0.04109856356574523,0.18899703144684368,0.47415416666666665
20,2.0,closed,mi_obs,45,-0.07517761306866358,0.10363500726603873,0.47415416666666665
20,2.0,closed,mi_obs,46,-0.05915173622224135,-0.1635991163112403,0.47415416666666665
20,2.0,closed,mi_obs,47,-0.01209931765569805,-0.5370156791227505,0.47415416666666665
20,2.0,closed,mi_obs,48,0.0038740538183546502,0.3114421735968458,0.47415416666666665
20,2.0,closed,mi_obs,49,0.011842053778729933,0.3799591665350491,0.47415416666666665
20,2.0,closed,mi_obs,50,0.025741900097104753,0.8276775380287268,0.47415416666666665
20,2.0,closed,mi_obs,51,-0.027229331812982427,0.3623346866767631,0.47415416666666665
20,2.0,closed,mi_obs,52,0.043487816082560804,-0.2456845033393145,0.47415416666666665
20,2.0,closed,mi_obs,53,-0.019472046154108247,0.15041471414861057,0.47415416666666665
20,2.0,closed,mi_obs,54,-0.009848326831430498,0.1812184728291508,0.47415416666666665
20,2.0,closed,mi_obs,55,-0.0656510315240108,-0.2654475823437996,0.47415416666666665
20,2.0,closed,mi_obs,56,0.06716946387987355,0.27766381311020016,0.47415416666666665
20,2.0,closed,mi_obs,57,-0.13606031176014294,-0.48462546338902296,0.47415416666666665
20,2.0,closed,mi_obs,58,-0.07109365998367317,-0.3937028992388662,0.47415416666666665
20,2.0,closed,mi_obs,59,-0.022539745534441213,-0.15616556663039188,0.47415416666666665
20,2.0,closed,mi_obs,60,-0.026921987503327194,-0.5664909474866128,0.47415416666666665
20,2.0,closed,mi_obs,61,-0.06636979586368374,-0.6996062355778572,0.47415416666666665
20,2.0,closed,mi_obs,62,-0.0013486032230969613,-0.2375625976612829,0.47415416666666665
20,2.0,closed,mi_obs,63,0.03458513073417502,0.8098381884471024,0.47415416666666665
20,2.0,closed,mi_obs,64,0.008316416325119078,0.017649840735716873,0.47415416666666665
20,2.0,closed,mi_obs,65,0.0039828748585087025,0.018220689960222674,0.47415416666666665
20,2.0,closed,mi_class,0,0.011760095647593255,-0.07507293291405139,0.47415416666666665
20,2.0,closed,mi_class,1,0.21774814730092074,-0.9294730304429653,0.47415416666666665
20,2.0,closed,mi_class,2,-0.07223363486930282,-0.020128748202577068,0.47415416666666665
20,2.0,closed,mi_class,3,0.005526996063813478,-0.00922596337108607,0.47415416666666665
20,2.0,closed,mi_class,4,-0.015289804669563312,0.2911062692682475,0.47415416666666665
20,2.0,closed,mi_class,5,-0.030624384551639752,0.1429302598299448,0.47415416666666665
20,2.0,closed,mi_class,6,-0.005528804871992532,-0.44522529935026656,0.47415416666666665
20,2.0,closed,mi_class,7,0.032936555253793354,-0.5260746731555841,0.47415416666666665
20,2.0,closed,mi_class,8,-0.03419613434067048,0.9264455685165364,0.47415416666666665
20,2.0,closed,mi_class,9,-0.11969589732548769,0.7508272303659644,0.47415416666666665
20,2.0,closed,mi_class,10,0.008148874725638664,0.018083590233125307,0.47415416666666665
20,2.0,closed,mi_class,11,-0.005459945423569045,-0.011566149299670175,0.47415416666666665
20,2.0,closed,mi_class,12,-0.01280659354292557,-0.6807644580980814,0.47415416666666665
20,2.0,closed,mi_class,13,-2.8892887849792798e-06,-0.005641098393682971,0.47415416666666665
20,2.0,closed,mi_class,14,-0.14781244701669738,0.8001383095703396,0.47415416666666665
20,2.0,closed,mi_class,15,0.0325031547968581,0.022068129361757456,0.47415416666666665
20,2.0,closed,mi_class,16,-0.09374022746495153,0.03343562373503153,0.47415416666666665
20,2.0,closed,mi_class,17,0.14101560635864258,-0.18850830114114217,0.47415416666666665
20,2.0,closed,mi_class,18,0.021908608153209816,-0.08321742491901403,0.47415416666666665
20,2.0,closed,mi_class,19,0.029253078851946543,-0.10929390509603916,0.47415416666666665
20,2.0,closed,mi_class,20,-0.03257420666794619,0.90024361397228,0.47415416666666665
20,2.0,closed,mi_class,21,0.016330235975032477,0.018682192248919822,0.47415416666666665
20,2.0,closed,mi_class,22,0.003388380295804967,0.006768915484493081,0.47415416666666665
20,2.0,closed,mi_class,23,0.12479680463796844,-0.40868439119328515,0.47415416666666665
20,2.0,closed,mi_class,24,0.08062825709132575,-0.19448983488002783,0.47415416666666665
20,2.0,closed,mi_class,25,0.008484615429043996,0.4289278220666554,0.47415416666666665
20,2.0,closed,mi_class,26,-0.27391892989767147,0.7489477259510865,0.47415416666666665
20,2.0,closed,mi_class,27,0.14807075733480923,-0.8898308816018354,0.47415416666666665
20,2.0,closed,mi_class,28,0.34041767300017317,-0.8088233669676268,0.47415416666666665
20,2.0,closed,mi_class,29,0.01669108087554369,-0.09862707483384381,0.47415416666666665
20,2.0,closed,mi_class,30,0.023197781364961867,-0.008348028318659263,0.47415416666666665
20,2.0,closed,mi_class,31,0.05436770562467785,-0.6977364478730809,0.47415416666666665
20,2.0,closed,mi_class,32,-0.01745321321205523,-0.25300611803889456,0.47415416666666665
20,2.0,closed,mi_class,33,0.08053588174310099,0.022872252745597826,0.47415416666666665
20,2.0,closed,mi_class,34,-0.0628313588345024,0.011047507337168718,0.47415416666666665
20,2.0,closed,mi_class,35,-0.020519158021544512,-0.017473652588580565,0.47415416666666665
20,2.0,closed,mi_class,36,-0.038368469603926716,-0.01631131651168442,0.47415416666666665
20,2.0,closed,mi_class,37,-0.06265419292113139,-0.593784500526908,0.47415416666666665
20,2.0,closed,mi_class,38,0.001134816789667658,0.004413135366367423,0.47415416666666665
20,2.0,closed,mi_class,39,0.13430990960725664,-0.6000390682087846,0.47415416666666665
20,2.0,closed,mi_class,40,0.3646940926995694,-0.7211457609673938,0.47415416666666665
20,2.0,closed,mi_class,41,0.002463192864202785,-0.003068692563348227,0.47415416666666665
20,2.0,closed,mi_class,42,0.013127433256423316,-0.006378591993431154,0.47415416666666665
20,2.0,closed,mi_class,43,0.0019443281420192591,0.0030559704873403203,0.47415416666666665
20,2.0,closed,mi_class,44,-0.07201314560796483,0.18899703144684368,0.47415416666666665
20,2.0,closed,mi_class,45,-0.01733532105549815,0.10363500726603873,0.47415416666666665
20,2.0,closed,mi_class,46,0.016111851859141824,-0.1635991163112403,0.47415416666666665
20,2.0,closed,mi_class,47,0.12006599945121654,-0.5370156791227505,0.47415416666666665
20,2.0,closed,mi_class,48,-0.0077640063951214255,0.3114421735968458,0.47415416666666665
20,2.0,closed,mi_class,49,-0.10893646691753356,0.3799591665350491,0.47415416666666665
20,2.0,closed,mi_class,50,-0.10464664815691116,0.8276775380287268,0.47415416666666665
20,2.0,closed,mi_class,51,-0.20252280030317943,0.3623346866767631,0.47415416666666665
20,2.0,closed,mi_class,52,0.026010498280789135,-0.2456845033393145,0.47415416666666665
20,2.0,closed,mi_class,53,-0.04878729179076534,0.15041471414861057,0.47415416666666665
20,2.0,closed,mi_class,54,-0.07421596536262287,0.1812184728291508,0.47415416666666665
20,2.0,closed,mi_class,55,0.1107009951632684,-0.2654475823437996,0.47415416666666665
20,2.0,closed,mi_class,56,0.04145268371500149,0.27766381311020016,0.47415416666666665
20,2.0,closed,mi_class,57,0.0009567343984246968,-0.48462546338902296,0.47415416666666665
20,2.0,closed,mi_class,58,0.08710762559636759,-0.3937028992388662,0.47415416666666665
20,2.0,closed,mi_class,59,-0.02939593690407158,-0.15616556663039188,0.47415416666666665
20,2.0,closed,mi_class,60,0.017973099318229768,-0.5664909474866128,0.47415416666666665
20,2.0,closed,mi_class,61,0.21246705483864892,-0.6996062355778572,0.47415416666666665
20,2.0,closed,mi_class,62,0.15335525606572306,-0.2375625976612829,0.47415416666666665
20,2.0,closed,mi_class,63,-0.1637360684053255,0.8098381884471024,0.47415416666666665
20,2.0,closed,mi_class,64,0.013794313631798689,0.017649840735716873,0.47415416666666665
20,2.0,closed,mi_class,65,0.0017119736338199222,0.018220689960222674,0.47415416666666665
20,2.0,closed,mi_site,0,0.004441662152991105,-0.07507293291405139,0.47415416666666665
20,2.0,closed,mi_site,1,-0.014586524274314394,-0.9294730304429653,0.47415416666666665
20,2.0,closed,mi_site,2,-0.0195035396364069,-0.020128748202577068,0.47415416666666665
20,2.0,closed,mi_site,3,-0.001058457161701139,-0.00922596337108607,0.47415416666666665
20,2.0,closed,mi_site,4,0.0041918121382054085,0.2911062692682475,0.47415416666666665
20,2.0,closed,mi_site,5,-0.018578617186777863,0.1429302598299448,0.47415416666666665
20,2.0,closed,mi_site,6,-0.0887574569596341,-0.44522529935026656,0.47415416666666665
20,2.0,closed,mi_site,7,-0.03405709347207497,-0.5260746731555841,0.47415416666666665
20,2.0,closed,mi_site,8,0.01832441441065502,0.9264455685165364,0.47415416666666665
20,2.0,closed,mi_site,9,0.021537792230245878,0.7508272303659644,0.47415416666666665
20,2.0,closed,mi_site,10,0.005288540639609141,0.018083590233125307,0.47415416666666665
20,2.0,closed,mi_site,11,0.00750379997839918,-0.011566149299670175,0.47415416666666665
20,2.0,closed,mi_site,12,-0.015193001830722919,-0.6807644580980814,0.47415416666666665
20,2.0,closed,mi_site,13,0.024218658639074436,-0.005641098393682971,0.47415416666666665
20,2.0,closed,mi_site,14,0.020545793477467544,0.8001383095703396,0.47415416666666665
20,2.0,closed,mi_site,15,-0.05145146784795891,0.022068129361757456,0.47415416666666665
20,2.0,closed,mi_site,16,-0.008893014663724119,0.03343562373503153,0.47415416666666665
20,2.0,closed,mi_site,17,0.02947539147057443,-0.18850830114114217,0.47415416666666665
20,2.0,closed,mi_site,18,-2.3511937848663678e-05,-0.08321742491901403,0.47415416666666665
20,2.0,closed,mi_site,19,-0.003366438933121524,-0.10929390509603916,0.47415416666666665
20,2.0,closed,mi_site,20,0.004986241145217285,0.90024361397228,0.47415416666666665
20,2.0,closed,mi_site,21,0.0049950484758629655,0.018682192248919822,0.47415416666666665
20,2.0,closed,mi_site,22,-0.012088470469940518,0.006768915484493081,0.47415416666666665
20,2.0,closed,mi_site,23,0.0011101668584075353,-0.40868439119328515,0.47415416666666665
20,2.0,closed,mi_site,24,0.03925173346328795,-0.19448983488002783,0.47415416666666665
20,2.0,closed,mi_site,25,0.08012186883810918,0.4289278220666554,0.47415416666666665
20,2.0,closed,mi_site,26,0.02093274726255334,0.7489477259510865,0.47415416666666665
20,2.0,closed,mi_site,27,-0.015353056075257387,-0.8898308816018354,0.47415416666666665
20,2.0,closed,mi_site,28,-0.02217978619113259,-0.8088233669676268,0.47415416666666665
20,2.0,closed,mi_site,29,9.948409374688216e-05,-0.09862707483384381,0.47415416666666665
20,2.0,closed,mi_site,30,-0.01871406260602674,-0.008348028318659263,0.47415416666666665
20,2.0,closed,mi_site,31,-0.01783481087627037,-0.6977364478730809,0.47415416666666665
20,2.0,closed,mi_site,32,0.014831724853928752,-0.25300611803889456,0.47415416666666665
20,2.0,closed,mi_site,33,0.010751013035397234,0.022872252745597826,0.47415416666666665
20,2.0,closed,mi_site,34,-0.003525123011903158,0.011047507337168718,0.47415416666666665
20,2.0,closed,mi_site,35,0.008345336934663815,-0.017473652588580565,0.47415416666666665
20,2.0,closed,mi_site,36,-0.019045971675453226,-0.01631131651168442,0.47415416666666665
20,2.0,closed,mi_site,37,-0.023976986573629122,-0.593784500526908,0.47415416666666665
20,2.0,closed,mi_site,38,0.03525031554622233,0.004413135366367423,0.47415416666666665
20,2.0,closed,mi_site,39,-0.009496811176019415,-0.6000390682087846,0.47415416666666665
20,2.0,closed,mi_site,40,0.03931175776205298,-0.7211457609673938,0.47415416666666665
20,2.0,closed,mi_site,41,-0.009411378879170457,-0.003068692563348227,0.47415416666666665
20,2.0,closed,mi_site,42,0.006165666299511903,-0.006378591993431154,0.47415416666666665
20,2.0,closed,mi_site,43,-0.00663906318068697,0.0030559704873403203,0.47415416666666665
20,2.0,closed,mi_site,44,0.02715841172222494,0.18899703144684368,0.47415416666666665
20,2.0,closed,mi_site,45,-0.07884619713468001,0.10363500726603873,0.47415416666666665
20,2.0,closed,mi_site,46,-0.04550301678304777,-0.1635991163112403,0.47415416666666665
20,2.0,closed,mi_site,47,0.006798055701576211,-0.5370156791227505,0.47415416666666665
20,2.0,closed,mi_site,48,-0.0002779261664946353,0.3114421735968458,0.47415416666666665
20,2.0,closed,mi_site,49,0.008809267688361377,0.3799591665350491,0.47415416666666665
20,2.0,closed,mi_site,50,0.024705645192142356,0.8276775380287268,0.47415416666666665
20,2.0,closed,mi_site,51,-0.02163513197510042,0.3623346866767631,0.47415416666666665
20,2.0,closed,mi_site,52,0.039645271882022715,-0.2456845033393145,0.47415416666666665
20,2.0,closed,mi_site,53,-0.025066078422605553,0.15041471414861057,0.47415416666666665
20,2.0,closed,mi_site,54,-0.010232086107287264,0.1812184728291508,0.47415416666666665
20,2.0,closed,mi_site,55,-0.0669476189549722,-0.2654475823437996,0.47415416666666665
20,2.0,closed,mi_site,56,0.05592277811960228,0.27766381311020016,0.47415416666666665
20,2.0,closed,mi_site,57,-0.10770047312971692,-0.48462546338902296,0.47415416666666665
20,2.0,closed,mi_site,58,-0.06134952015380185,-0.3937028992388662,0.47415416666666665
20,2.0,closed,mi_site,59,-0.011194456306158035,-0.15616556663039188,0.47415416666666665
20,2.0,closed,mi_site,60,-0.0316964667774452,-0.5664909474866128,0.47415416666666665
20,2.0,closed,mi_site,61,-0.06800830892972876,-0.6996062355778572,0.47415416666666665
20,2.0,closed,mi_site,62,0.01755365274860865,-0.2375625976612829,0.47415416666666665
20,2.0,closed,mi_site,63,0.023266454170287276,0.8098381884471024,0.47415416666666665
20,2.0,closed,mi_site,64,0.0038690983345850867,0.017649840735716873,0.47415416666666665
20,2.0,closed,mi_site,65,0.0021550464423093912,0.018220689960222674,0.47415416666666665
