rep,gamma,alignment,estimator,pair,signed_err,truth,miss_rate
22,0.0,aligned,available,0,0.0008262473179161366,0.006799222946534958,0.4692791666666667
22,0.0,aligned,available,1,-0.0067243814937199935,-0.00629794115649253,0.4692791666666667
22,0.0,aligned,available,2,0.007997338251032715,-0.20010437526133268,0.4692791666666667
22,0.0,aligned,available,3,-0.00108132126561844,-0.5473026816798418,0.4692791666666667
22,0.0,aligned,available,4,0.00402705055441116,0.482703028398819,0.4692791666666667
22,0.0,aligned,available,5,0.007721223077428948,-0.004462535020398391,0.4692791666666667
22,0.0,aligned,available,6,-0.0040110065313439525,-0.267669539687956,0.4692791666666667
22,0.0,aligned,available,7,-0.0008852402575025139,0.003698391621866361,0.4692791666666667
22,0.0,aligned,available,8,-0.017433659336279002,-0.037394494800314496,0.4692791666666667
22,0.0,aligned,available,9,-0.005107782422310109,-0.009258699073483001,0.4692791666666667
22,0.0,aligned,available,10,-0.008587866657447905,-0.0008202269302875163,0.4692791666666667
22,0.0,aligned,available,11,0.0012485315270771569,-0.756292737052554,0.4692791666666667
22,0.0,aligned,available,12,-0.004267208199115524,-0.8292230518703155,0.4692791666666667
22,0.0,aligned,available,13,-0.004416139969530608,0.43548714753643064,0.4692791666666667
22,0.0,aligned,available,14,0.0037838729228100287,-0.0010960332440634142,0.4692791666666667
22,0.0,aligned,available,15,-0.004897156510227697,-0.010627783628074615,0.4692791666666667
22,0.0,aligned,available,16,0.00013931299967304134,0.24937060281206855,0.4692791666666667
22,0.0,aligned,available,17,0.004051107739212689,-0.6088268890019586,0.4692791666666667
22,0.0,aligned,available,18,-5.335653230198467e-05,-0.8937703281904386,0.4692791666666667
22,0.0,aligned,available,19,0.003406177483682179,0.0018921454212586398,0.4692791666666667
22,0.0,aligned,available,20,0.006496703096887324,-0.42871657335830077,0.4692791666666667
22,0.0,aligned,available,21,-0.009919540686118666,0.6254827485514678,0.4692791666666667
22,0.0,aligned,available,22,-0.0027902734054585793,-0.0676404544442751,0.4692791666666667
22,0.0,aligned,available,23,-0.006203183063610515,0.0004539813431785465,0.4692791666666667
22,0.0,aligned,available,24,-0.005817205890958117,0.015439707721052975,0.4692791666666667
22,0.0,aligned,available,25,-0.005618262254531159,-0.11586062954601074,0.4692791666666667
22,0.0,aligned,available,26,0.0055614583560030795,0.7559947851276763,0.4692791666666667
22,0.0,aligned,available,27,0.0005362502839386663,0.615922398251067,0.4692791666666667
22,0.0,aligned,available,28,-0.009428263015105465,0.380511073499158,0.4692791666666667
22,0.0,aligned,available,29,-0.0006571617548122299,0.20577563519073483,0.4692791666666667
22,0.0,aligned,available,30,-0.013901224525140199,-0.25752098284871267,0.4692791666666667
22,0.0,aligned,available,31,-0.003144334277571992,-0.3927406077054837,0.4692791666666667
22,0.0,aligned,available,32,0.013123496865503799,0.008239757444779686,0.4692791666666667
22,0.0,aligned,available,33,-0.0066841262269501465,0.017001225532395938,0.4692791666666667
22,0.0,aligned,available,34,-0.01029134117745134,0.49757337824041403,0.4692791666666667
22,0.0,aligned,available,35,0.002890957227466462,0.890090499033976,0.4692791666666667
22,0.0,aligned,available,36,-0.002931386162122053,0.007514632737302042,0.4692791666666667
22,0.0,aligned,available,37,0.01607858105914406,0.35497163599902715,0.4692791666666667
22,0.0,aligned,available,38,0.00412248438605467,-0.26201340433690035,0.4692791666666667
22,0.0,aligned,available,39,0.0021898698446910503,0.4256708650544633,0.4692791666666667
22,0.0,aligned,available,40,0.007260246447855834,0.30322221079844597,0.4692791666666667
22,0.0,aligned,available,41,0.006218794121211957,-0.09417709138581967,0.4692791666666667
22,0.0,aligned,available,42,0.01712582370335891,-0.4102032496857949,0.4692791666666667
22,0.0,aligned,available,43,0.0033565154879064973,0.24151486110571055,0.4692791666666667
22,0.0,aligned,available,44,-0.0030235916899117865,-0.2636221736263121,0.4692791666666667
22,0.0,aligned,available,45,0.010689107467145326,0.002147194064294924,0.4692791666666667
22,0.0,aligned,available,46,0.0007312942032191572,-0.5670841736009299,0.4692791666666667
22,0.0,aligned,available,47,-0.002572563004733433,0.0014895702316247712,0.4692791666666667
22,0.0,aligned,available,48,-0.011579593373180867,-0.05776531413552124,0.4692791666666667
22,0.0,aligned,available,49,-0.008052261355383106,-0.005941243758576273,0.4692791666666667
22,0.0,aligned,available,50,0.005471855612992894,0.0038392813893178435,0.4692791666666667
22,0.0,aligned,available,51,0.0035159017401534412,0.0064392875475771825,0.4692791666666667
22,0.0,aligned,available,52,0.004420386457140213,0.0010742951815904621,0.4692791666666667
22,0.0,aligned,available,53,0.011882252074614796,0.00679742938139504,0.4692791666666667
22,0.0,aligned,available,54,0.011510118148786979,0.015806251671084782,0.4692791666666667
22,0.0,aligned,available,55,-0.0016627974596206247,-0.00035286926571554593,0.4692791666666667
22,0.0,aligned,available,56,-0.009808842527424338,-0.0026565403272278596,0.4692791666666667
22,0.0,aligned,available,57,-0.018895304245633876,-0.19074701217121612,0.4692791666666667
22,0.0,aligned,available,58,-0.002727243490961797,0.009638455668278782,0.4692791666666667
22,0.0,aligned,available,59,-0.0063671997777616784,-0.589791350309293,0.4692791666666667
22,0.0,aligned,available,60,-0.00015722448540622658,0.5399302667826154,0.4692791666666667
22,0.0,aligned,available,61,0.0010270996822783574,-0.0021389812898304425,0.4692791666666667
22,0.0,aligned,available,62,0.007508720936361873,0.005683787340974836,0.4692791666666667
22,0.0,aligned,available,63,0.008682910275362471,-0.15269479283130782,0.4692791666666667
22,0.0,aligned,available,64,-0.0072339324333153265,0.38343698370119556,0.4692791666666667
22,0.0,aligned,available,65,-0.00027371849763951905,0.004602211618483175,0.4692791666666667
22,0.0,aligned,mi_obs,0,0.028000424765749553,0.006799222946534958,0.4692791666666667
22,0.0,aligned,mi_obs,1,-0.010699522960058024,-0.00629794115649253,0.4692791666666667
22,0.0,aligned,mi_obs,2,-0.04183404000368593,-0.20010437526133268,0.4692791666666667
22,0.0,aligned,mi_obs,3,-0.022997454762828218,-0.5473026816798418,0.4692791666666667
22,0.0,aligned,mi_obs,4,0.06825661374414677,0.482703028398819,0.4692791666666667
22,0.0,aligned,mi_obs,5,0.10679765155979823,-0.004462535020398391,0.4692791666666667
22,0.0,aligned,mi_obs,6,-0.011018042118497384,-0.267669539687956,0.4692791666666667
22,0.0,aligned,mi_obs,7,-0.023594671732274794,0.003698391621866361,0.4692791666666667
22,0.0,aligned,mi_obs,8,-0.04879104532275873,-0.037394494800314496,0.4692791666666667
22,0.0,aligned,mi_obs,9,0.007242964976983221,-0.009258699073483001,0.4692791666666667
22,0.0,aligned,mi_obs,10,-0.025641400240520498,-0.0008202269302875163,0.4692791666666667
22,0.0,aligned,mi_obs,11,-0.037533442494351976,-0.756292737052554,0.4692791666666667
22,0.0,aligned,mi_obs,12,-0.04803323946475513,-0.8292230518703155,0.4692791666666667
22,0.0,aligned,mi_obs,13,0.020738104693385273,0.43548714753643064,0.4692791666666667
22,0.0,aligned,mi_obs,14,0.022868226018939328,-0.0010960332440634142,0.4692791666666667
22,0.0,aligned,mi_obs,15,-0.1582900983237256,-0.010627783628074615,0.4692791666666667
22,0.0,aligned,mi_obs,16,0.03174258940198335,0.24937060281206855,0.4692791666666667
22,0.0,aligned,mi_obs,17,-0.023922022780171304,-0.6088268890019586,0.4692791666666667
22,0.0,aligned,mi_obs,18,-0.036647454054663076,-0.8937703281904386,0.4692791666666667
22,0.0,aligned,mi_obs,19,0.015245087911769577,0.0018921454212586398,0.4692791666666667
22,0.0,aligned,mi_obs,20,-0.019354863721210647,-0.42871657335830077,0.4692791666666667
22,0.0,aligned,mi_obs,21,0.04577642971567897,0.6254827485514678,0.4692791666666667
22,0.0,aligned,mi_obs,22,-0.025116521446034976,-0.0676404544442751,0.4692791666666667
22,0.0,aligned,mi_obs,23,-0.0013461846128635868,0.0004539813431785465,0.4692791666666667
22,0.0,aligned,mi_obs,24,0.06906039750949523,0.015439707721052975,0.4692791666666667
22,0.0,aligned,mi_obs,25,-0.027256200445516868,-0.11586062954601074,0.4692791666666667
22,0.0,aligned,mi_obs,26,0.047262588916520465,0.7559947851276763,0.4692791666666667
22,0.0,aligned,mi_obs,27,0.0493149770999034,0.615922398251067,0.4692791666666667
22,0.0,aligned,mi_obs,28,-0.0032183591081093588,0.380511073499158,0.4692791666666667
22,0.0,aligned,mi_obs,29,0.018857342126345628,0.20577563519073483,0.4692791666666667
22,0.0,aligned,mi_obs,30,-0.03253484587325295,-0.25752098284871267,0.4692791666666667
22,0.0,aligned,mi_obs,31,-0.025887284907363528,-0.3927406077054837,0.4692791666666667
22,0.0,aligned,mi_obs,32,0.12289157908218849,0.008239757444779686,0.4692791666666667
22,0.0,aligned,mi_obs,33,-0.055509379270359455,0.017001225532395938,0.4692791666666667
22,0.0,aligned,mi_obs,34,0.026056506698572623,0.49757337824041403,0.4692791666666667
22,0.0,aligned,mi_obs,35,0.026264518079248123,0.890090499033976,0.4692791666666667
22,0.0,aligned,mi_obs,36,-0.012595388738978287,0.007514632737302042,0.4692791666666667
22,0.0,aligned,mi_obs,37,0.03871308396971551,0.35497163599902715,0.4692791666666667
22,0.0,aligned,mi_obs,38,-0.0127149472185914,-0.26201340433690035,0.4692791666666667
22,0.0,aligned,mi_obs,39,-0.19242726076866454,0.4256708650544633,0.4692791666666667
22,0.0,aligned,mi_obs,40,0.03645260613732404,0.30322221079844597,0.4692791666666667
22,0.0,aligned,mi_obs,41,-0.010951345894945314,-0.09417709138581967,0.4692791666666667
22,0.0,aligned,mi_obs,42,-0.02093831614980518,-0.4102032496857949,0.4692791666666667
22,0.0,aligned,mi_obs,43,0.038066375814283654,0.24151486110571055,0.4692791666666667
22,0.0,aligned,mi_obs,44,-0.022015327421006536,-0.2636221736263121,0.4692791666666667
22,0.0,aligned,mi_obs,45,0.05417662756332967,0.002147194064294924,0.4692791666666667
22,0.0,aligned,mi_obs,46,0.015781902331648556,-0.5670841736009299,0.4692791666666667
22,0.0,aligned,mi_obs,47,-0.024204602355043077,0.0014895702316247712,0.4692791666666667
22,0.0,aligned,mi_obs,48,-0.013954476612860013,-0.05776531413552124,0.4692791666666667
22,0.0,aligned,mi_obs,49,0.01682774464321836,-0.005941243758576273,0.4692791666666667
22,0.0,aligned,mi_obs,50,-0.014842786619823477,0.0038392813893178435,0.4692791666666667
22,0.0,aligned,mi_obs,51,-0.0726476940572519,0.0064392875475771825,0.4692791666666667
22,0.0,aligned,mi_obs,52,0.03822820471688835,0.0010742951815904621,0.4692791666666667
22,0.0,aligned,mi_obs,53,0.1585257968662958,0.00679742938139504,0.4692791666666667
22,0.0,aligned,mi_obs,54,-0.044838872930693066,0.015806251671084782,0.4692791666666667
22,0.0,aligned,mi_obs,55,0.07506680146975915,-0.00035286926571554593,0.4692791666666667
22,0.0,aligned,mi_obs,56,0.021234988747037793,-0.0026565403272278596,0.4692791666666667
22,0.0,aligned,mi_obs,57,-0.04833449241511223,-0.19074701217121612,0.4692791666666667
22,0.0,aligned,mi_obs,58,-0.023463140863028017,0.009638455668278782,0.4692791666666667
22,0.0,aligned,mi_obs,59,-0.07917724715502528,-0.589791350309293,0.4692791666666667
22,0.0,aligned,mi_obs,60,0.01293206308276662,0.5399302667826154,0.4692791666666667
22,0.0,aligned,mi_obs,61,-0.03726937476070188,-0.0021389812898304425,0.4692791666666667
22,0.0,aligned,mi_obs,62,-0.015912636110020664,0.005683787340974836,0.4692791666666667
22,0.0,aligned,mi_obs,63,-0.016125961638626424,-0.15269479283130782,0.4692791666666667
22,0.0,aligned,mi_obs,64,0.030158599417637655,0.38343698370119556,0.4692791666666667
22,0.0,aligned,mi_obs,65,0.0023646780871676753,0.004602211618483175,0.4692791666666667
22,0.0,aligned,mi_class,0,-0.19205790666029335,0.006799222946534958,0.4692791666666667
22,0.0,aligned,mi_class,1,0.0038794875204596338,-0.00629794115649253,0.4692791666666667
22,0.0,aligned,mi_class,2,0.01720045502695952,-0.20010437526133268,0.4692791666666667
22,0.0,aligned,mi_class,3,0.21285625953776316,-0.5473026816798418,0.4692791666666667
22,0.0,aligned,mi_class,4,-0.1328544551996062,0.482703028398819,0.4692791666666667
22,0.0,aligned,mi_class,5,0.009582105316282426,-0.004462535020398391,0.4692791666666667
22,0.0,aligned,mi_class,6,-0.02620566153881465,-0.267669539687956,0.4692791666666667
22,0.0,aligned,mi_class,7,0.0020580381071753856,0.003698391621866361,0.4692791666666667
22,0.0,aligned,mi_class,8,0.10434405433293141,-0.037394494800314496,0.4692791666666667
22,0.0,aligned,mi_class,9,-0.014156870295235479,-0.009258699073483001,0.4692791666666667
22,0.0,aligned,mi_class,10,-0.030387475415576386,-0.0008202269302875163,0.4692791666666667
22,0.0,aligned,mi_class,11,0.19894178458215694,-0.756292737052554,0.4692791666666667
22,0.0,aligned,mi_class,12,0.16964740061797712,-0.8292230518703155,0.4692791666666667
22,0.0,aligned,mi_class,13,-0.22795845486806798,0.43548714753643064,0.4692791666666667
22,0.0,aligned,mi_class,14,-0.0001794022959138782,-0.0010960332440634142,0.4692791666666667
22,0.0,aligned,mi_class,15,0.011808827203100133,-0.010627783628074615,0.4692791666666667
22,0.0,aligned,mi_class,16,-0.027626523391447555,0.24937060281206855,0.4692791666666667
22,0.0,aligned,mi_class,17,0.2790573415413314,-0.6088268890019586,0.4692791666666667
22,0.0,aligned,mi_class,18,0.3006270326876561,-0.8937703281904386,0.4692791666666667
22,0.0,aligned,mi_class,19,0.015491266922077074,0.0018921454212586398,0.4692791666666667
22,0.0,aligned,mi_class,20,0.15588419474643772,-0.42871657335830077,0.4692791666666667
22,0.0,aligned,mi_class,21,-0.043307440456654134,0.6254827485514678,0.4692791666666667
22,0.0,aligned,mi_class,22,0.037096064549237834,-0.0676404544442751,0.4692791666666667
22,0.0,aligned,mi_class,23,-0.006782681735886497,0.0004539813431785465,0.4692791666666667
22,0.0,aligned,mi_class,24,-0.004509523410859719,0.015439707721052975,0.4692791666666667
22,0.0,aligned,mi_class,25,-0.0015777610675763443,-0.11586062954601074,0.4692791666666667
22,0.0,aligned,mi_class,26,-0.3682847151627513,0.7559947851276763,0.4692791666666667
22,0.0,aligned,mi_class,27,-0.0010635592637132651,0.615922398251067,0.4692791666666667
22,0.0,aligned,mi_class,28,-0.034873942355184984,0.380511073499158,0.4692791666666667
22,0.0,aligned,mi_class,29,-0.012762063694533449,0.20577563519073483,0.4692791666666667
22,0.0,aligned,mi_class,30,0.09616497280755718,-0.25752098284871267,0.4692791666666667
22,0.0,aligned,mi_class,31,0.10592227149095651,-0.3927406077054837,0.4692791666666667
22,0.0,aligned,mi_class,32,0.0015046258403286512,0.008239757444779686,0.4692791666666667
22,0.0,aligned,mi_class,33,-0.09045157797112684,0.017001225532395938,0.4692791666666667
22,0.0,aligned,mi_class,34,-0.15974912867794705,0.49757337824041403,0.4692791666666667
22,0.0,aligned,mi_class,35,-0.14878964839075282,0.890090499033976,0.4692791666666667
22,0.0,aligned,mi_class,36,-0.016046593096417355,0.007514632737302042,0.4692791666666667
22,0.0,aligned,mi_class,37,0.02179472109229691,0.35497163599902715,0.4692791666666667
22,0.0,aligned,mi_class,38,0.05854551566875471,-0.26201340433690035,0.4692791666666667
22,0.0,aligned,mi_class,39,-0.07131662344993944,0.4256708650544633,0.4692791666666667
22,0.0,aligned,mi_class,40,-0.10101735893156855,0.30322221079844597,0.4692791666666667
22,0.0,aligned,mi_class,41,0.23702220260115642,-0.09417709138581967,0.4692791666666667
22,0.0,aligned,mi_class,42,0.25487242480082534,-0.4102032496857949,0.4692791666666667
22,0.0,aligned,mi_class,43,-0.10024856322151784,0.24151486110571055,0.4692791666666667
22,0.0,aligned,mi_class,44,0.10419355942615063,-0.2636221736263121,0.4692791666666667
22,0.0,aligned,mi_class,45,0.008097965322068308,0.002147194064294924,0.4692791666666667
22,0.0,aligned,mi_class,46,0.09547733742086928,-0.5670841736009299,0.4692791666666667
22,0.0,aligned,mi_class,47,-0.003377576601681761,0.0014895702316247712,0.4692791666666667
22,0.0,aligned,mi_class,48,0.044866597991882196,-0.05776531413552124,0.4692791666666667
22,0.0,aligned,mi_class,49,-0.0029302565028953625,-0.005941243758576273,0.4692791666666667
22,0.0,aligned,mi_class,50,0.00402635629717909,0.0038392813893178435,0.4692791666666667
22,0.0,aligned,mi_class,51,0.0006695318300779457,0.0064392875475771825,0.4692791666666667
22,0.0,aligned,mi_class,52,0.011474550742485093,0.0010742951815904621,0.4692791666666667
22,0.0,aligned,mi_class,53,-0.003958637834470765,0.00679742938139504,0.4692791666666667
22,0.0,aligned,mi_class,54,0.010014519928291318,0.015806251671084782,0.4692791666666667
22,0.0,aligned,mi_class,55,0.006249922303077636,-0.00035286926571554593,0.4692791666666667
22,0.0,aligned,mi_class,56,-0.002321559869222774,-0.0026565403272278596,0.4692791666666667
22,0.0,aligned,mi_class,57,-0.007608800158926177,-0.19074701217121612,0.4692791666666667
22,0.0,aligned,mi_class,58,-0.035641244626303976,0.009638455668278782,0.4692791666666667
22,0.0,aligned,mi_class,59,-0.04941075201507883,-0.589791350309293,0.4692791666666667
22,0.0,aligned,mi_class,60,-0.29270348370857,0.5399302667826154,0.4692791666666667
22,0.0,aligned,mi_class,61,-0.004327682939523348,-0.0021389812898304425,0.4692791666666667
22,0.0,aligned,mi_class,62,0.006158264914323362,0.005683787340974836,0.4692791666666667
22,0.0,aligned,mi_class,63,0.12269136705086223,-0.15269479283130782,0.4692791666666667
22,0.0,aligned,mi_class,64,-0.054201303780883614,0.38343698370119556,0.4692791666666667
22,0.0,aligned,mi_class,65,0.041463193367440906,0.004602211618483175,0.4692791666666667
22,0.0,aligned,mi_site,0,0.01524050984611016,0.006799222946534958,0.4692791666666667
22,0.0,aligned,mi_site,1,-0.004805286351987398,-0.00629794115649253,0.4692791666666667
22,0.0,aligned,mi_site,2,0.024855393307505386,-0.20010437526133268,0.4692791666666667
22,0.0,aligned,mi_site,3,0.028276672552548177,-0.5473026816798418,0.4692791666666667
22,0.0,aligned,mi_site,4,0.007667174182620418,0.482703028398819,0.4692791666666667
22,0.0,aligned,mi_site,5,0.04609318309168277,-0.004462535020398391,0.4692791666666667
22,0.0,aligned,mi_site,6,0.0034657044240864465,-0.267669539687956,0.4692791666666667
22,0.0,aligned,mi_site,7,-0.008890460581509935,0.003698391621866361,0.4692791666666667
22,0.0,aligned,mi_site,8,-0.02340468705575407,-0.037394494800314496,0.4692791666666667
22,0.0,aligned,mi_site,9,-0.013936894831684922,-0.009258699073483001,0.4692791666666667
22,0.0,aligned,mi_site,10,-0.012903220283206103,-0.0008202269302875163,0.4692791666666667
22,0.0,aligned,mi_site,11,0.0337808712475719,-0.756292737052554,0.4692791666666667
22,0.0,aligned,mi_site,12,0.12294623763432633,-0.8292230518703155,0.4692791666666667
22,0.0,aligned,mi_site,13,-0.0014967594314783117,0.43548714753643064,0.4692791666666667
22,0.0,aligned,mi_site,14,0.02058761042601696,-0.0010960332440634142,0.4692791666666667
22,0.0,aligned,mi_site,15,-0.07820234804974452,-0.010627783628074615,0.4692791666666667
22,0.0,aligned,mi_site,16,0.021989947127343562,0.24937060281206855,0.4692791666666667
22,0.0,aligned,mi_site,17,-0.005450138100363766,-0.6088268890019586,0.4692791666666667
22,0.0,aligned,mi_site,18,0.04293640039459179,-0.8937703281904386,0.4692791666666667
22,0.0,aligned,mi_site,19,-0.005691892528211737,0.0018921454212586398,0.4692791666666667
22,0.0,aligned,mi_site,20,0.0042712863919860955,-0.42871657335830077,0.4692791666666667
22,0.0,aligned,mi_site,21,-0.030375539797970807,0.6254827485514678,0.4692791666666667
22,0.0,aligned,mi_site,22,-0.038720916111529946,-0.0676404544442751,0.4692791666666667
22,0.0,aligned,mi_site,23,-0.0015772512049271779,0.0004539813431785465,0.4692791666666667
22,0.0,aligned,mi_site,24,0.047874338584385015,0.015439707721052975,0.4692791666666667
22,0.0,aligned,mi_site,25,-0.031141021086500006,-0.11586062954601074,0.4692791666666667
22,0.0,aligned,mi_site,26,0.02313045707598471,0.7559947851276763,0.4692791666666667
22,0.0,aligned,mi_site,27,0.013119471577087816,0.615922398251067,0.4692791666666667
22,0.0,aligned,mi_site,28,-0.35454440035305496,0.380511073499158,0.4692791666666667
22,0.0,aligned,mi_site,29,0.003063280474882385,0.20577563519073483,0.4692791666666667
22,0.0,aligned,mi_site,30,-0.0154630995590756,-0.25752098284871267,0.4692791666666667
22,0.0,aligned,mi_site,31,0.04115137887604614,-0.3927406077054837,0.4692791666666667
22,0.0,aligned,mi_site,32,0.06225634129611089,0.008239757444779686,0.4692791666666667
22,0.0,aligned,mi_site,33,-0.050225557260467193,0.017001225532395938,0.4692791666666667
22,0.0,aligned,mi_site,34,-0.04187766303161383,0.49757337824041403,0.4692791666666667
22,0.0,aligned,mi_site,35,-0.13651893250313474,0.890090499033976,0.4692791666666667
22,0.0,aligned,mi_site,36,-0.007546539420681597,0.007514632737302042,0.4692791666666667
22,0.0,aligned,mi_site,37,-0.029636945166553075,0.35497163599902715,0.4692791666666667
22,0.0,aligned,mi_site,38,3.393614771685094e-05,-0.26201340433690035,0.4692791666666667
22,0.0,aligned,mi_site,39,-0.11066513278547846,0.4256708650544633,0.4692791666666667
22,0.0,aligned,mi_site,40,0.029685847016418354,0.30322221079844597,0.4692791666666667
22,0.0,aligned,mi_site,41,-0.025338908390791254,-0.09417709138581967,0.4692791666666667
22,0.0,aligned,mi_site,42,-0.01783597683848237,-0.4102032496857949,0.4692791666666667
22,0.0,aligned,mi_site,43,-0.23491043304659792,0.24151486110571055,0.4692791666666667
22,0.0,aligned,mi_site,44,-0.004908787670961423,-0.2636221736263121,0.4692791666666667
22,0.0,aligned,mi_site,45,0.016128473371411177,0.002147194064294924,0.4692791666666667
22,0.0,aligned,mi_site,46,0.027361544359456258,-0.5670841736009299,0.4692791666666667
22,0.0,aligned,mi_site,47,-0.019907322587176392,0.0014895702316247712,0.4692791666666667
22,0.0,aligned,mi_site,48,-0.04794144999883793,-0.05776531413552124,0.4692791666666667
22,0.0,aligned,mi_site,49,-0.035384077681821745,-0.005941243758576273,0.4692791666666667
22,0.0,aligned,mi_site,50,-0.012908787310581671,0.0038392813893178435,0.4692791666666667
22,0.0,aligned,mi_site,51,-0.024573348668361052,0.0064392875475771825,0.4692791666666667
22,0.0,aligned,mi_site,52,0.0455744310818014,0.0010742951815904621,0.4692791666666667
22,0.0,aligned,mi_site,53,0.06700638988531743,0.00679742938139504,0.4692791666666667
22,0.0,aligned,mi_site,54,-0.040250162869932354,0.015806251671084782,0.4692791666666667
22,0.0,aligned,mi_site,55,0.030820763381503438,-0.00035286926571554593,0.4692791666666667
22,0.0,aligned,mi_site,56,0.0077933839719529115,-0.0026565403272278596,0.4692791666666667
22,0.0,aligned,mi_site,57,-0.030521098213890846,-0.19074701217121612,0.4692791666666667
22,0.0,aligned,mi_site,58,0.0029463827302134583,0.009638455668278782,0.4692791666666667
22,0.0,aligned,mi_site,59,-0.04768823022436919,-0.589791350309293,0.4692791666666667
22,0.0,aligned,mi_site,60,0.015291693666463768,0.5399302667826154,0.4692791666666667
22,0.0,aligned,mi_site,61,0.009154850782986345,-0.0021389812898304425,0.4692791666666667
22,0.0,aligned,mi_site,62,-0.010558541282625875,0.005683787340974836,0.4692791666666667
22,0.0,aligned,mi_site,63,0.41333368011058386,-0.15269479283130782,0.4692791666666667
22,0.0,aligned,mi_site,64,-0.0022753275468340717,0.38343698370119556,0.4692791666666667
22,0.0,aligned,mi_site,65,-0.004884454615544027,0.004602211618483175,0.4692791666666667
22,0.0,closed,available,0,-0.009340557132607362,0.006799222946534958,0.4692791666666667
22,0.0,closed,available,1,0.008531726842321567,-0.00629794115649253,0.4692791666666667
22,0.0,closed,available,2,0.026055647841783047,-0.20010437526133268,0.4692791666666667
22,0.0,closed,available,3,0.0014093639927729162,-0.5473026816798418,0.4692791666666667
22,0.0,closed,available,4,-0.0029968801522132216,0.482703028398819,0.4692791666666667
22,0.0,closed,available,5,0.00023733898464712005,-0.004462535020398391,0.4692791666666667
22,0.0,closed,available,6,-0.007643931814990956,-0.267669539687956,0.4692791666666667
22,0.0,closed,available,7,0.004089738705730096,0.003698391621866361,0.4692791666666667
22,0.0,closed,available,8,-0.00014862507756682047,-0.037394494800314496,0.4692791666666667
22,0.0,closed,available,9,0.007996524467142902,-0.009258699073483001,0.4692791666666667
22,0.0,closed,available,10,0.0046136622363203645,-0.0008202269302875163,0.4692791666666667
22,0.0,closed,available,11,-0.0004920989620084137,-0.756292737052554,0.4692791666666667
22,0.0,closed,available,12,-0.00382263286232265,-0.8292230518703155,0.4692791666666667
22,0.0,closed,available,13,7.333671245901563e-05,0.43548714753643064,0.4692791666666667
22,0.0,closed,available,14,-0.010261962885203896,-0.0010960332440634142,0.4692791666666667
22,0.0,closed,available,15,0.0059354478001572885,-0.010627783628074615,0.4692791666666667
22,0.0,closed,available,16,0.0018814579610274274,0.24937060281206855,0.4692791666666667
22,0.0,closed,available,17,0.008522956961120043,-0.6088268890019586,0.4692791666666667
22,0.0,closed,available,18,-0.0012378846743971161,-0.8937703281904386,0.4692791666666667
22,0.0,closed,available,19,0.00899744243429501,0.0018921454212586398,0.4692791666666667
22,0.0,closed,available,20,5.824044056113031e-05,-0.42871657335830077,0.4692791666666667
22,0.0,closed,available,21,0.0010892195210273625,0.6254827485514678,0.4692791666666667
22,0.0,closed,available,22,0.026179626622686428,-0.0676404544442751,0.4692791666666667
22,0.0,closed,available,23,0.006611836269886725,0.0004539813431785465,0.4692791666666667
22,0.0,closed,available,24,-0.0035444267980003132,0.015439707721052975,0.4692791666666667
22,0.0,closed,available,25,0.015165299702786919,-0.11586062954601074,0.4692791666666667
22,0.0,closed,available,26,-0.0018326860680893953,0.7559947851276763,0.4692791666666667
22,0.0,closed,available,27,-0.011119130602862848,0.615922398251067,0.4692791666666667
22,0.0,closed,available,28,-0.007303048994998285,0.380511073499158,0.4692791666666667
22,0.0,closed,available,29,-0.00930883572728769,0.20577563519073483,0.4692791666666667
22,0.0,closed,available,30,0.0008091161238494293,-0.25752098284871267,0.4692791666666667
22,0.0,closed,available,31,0.04627119790688877,-0.3927406077054837,0.4692791666666667
22,0.0,closed,available,32,-0.005992726256386253,0.008239757444779686,0.4692791666666667
22,0.0,closed,available,33,-0.01746065628940393,0.017001225532395938,0.4692791666666667
22,0.0,closed,available,34,0.00949661113658129,0.49757337824041403,0.4692791666666667
22,0.0,closed,available,35,0.0033794885577604905,0.890090499033976,0.4692791666666667
22,0.0,closed,available,36,-0.005639957235589522,0.007514632737302042,0.4692791666666667
22,0.0,closed,available,37,-0.010374953623276895,0.35497163599902715,0.4692791666666667
22,0.0,closed,available,38,0.0035217326520426417,-0.26201340433690035,0.4692791666666667
22,0.0,closed,available,39,0.001557094316179175,0.4256708650544633,0.4692791666666667
22,0.0,closed,available,40,3.4010463613398656e-05,0.30322221079844597,0.4692791666666667
22,0.0,closed,available,41,0.006998650413629542,-0.09417709138581967,0.4692791666666667
22,0.0,closed,available,42,0.004467338122577713,-0.4102032496857949,0.4692791666666667
22,0.0,closed,available,43,0.005534520165026396,0.24151486110571055,0.4692791666666667
22,0.0,closed,available,44,-0.009278963433076604,-0.2636221736263121,0.4692791666666667
22,0.0,closed,available,45,0.01758910972704823,0.002147194064294924,0.4692791666666667
22,0.0,closed,available,46,0.0019584937743485353,-0.5670841736009299,0.4692791666666667
22,0.0,closed,available,47,-0.004288618758550834,0.0014895702316247712,0.4692791666666667
22,0.0,closed,available,48,0.013408054133737378,-0.05776531413552124,0.4692791666666667
22,0.0,closed,available,49,0.001127181393599433,-0.005941243758576273,0.4692791666666667
22,0.0,closed,available,50,0.003758897729771506,0.0038392813893178435,0.4692791666666667
22,0.0,closed,available,51,-0.004444546524182604,0.0064392875475771825,0.4692791666666667
22,0.0,closed,available,52,0.000943699118882777,0.0010742951815904621,0.4692791666666667
22,0.0,closed,available,53,-0.007403893150871256,0.00679742938139504,0.4692791666666667
22,0.0,closed,available,54,0.003930553559717175,0.015806251671084782,0.4692791666666667
22,0.0,closed,available,55,-0.005186841463821739,-0.00035286926571554593,0.4692791666666667
22,0.0,closed,available,56,0.008683898761785621,-0.0026565403272278596,0.4692791666666667
22,0.0,closed,available,57,0.019755352216279026,-0.19074701217121612,0.4692791666666667
22,0.0,closed,available,58,0.011877586734498598,0.009638455668278782,0.4692791666666667
22,0.0,closed,available,59,-0.004092156489547527,-0.589791350309293,0.4692791666666667
22,0.0,closed,available,60,-0.008184579480955523,0.5399302667826154,0.4692791666666667
22,0.0,closed,available,61,0.0018300553848991017,-0.0021389812898304425,0.4692791666666667
22,0.0,closed,available,62,-0.009755810631124597,0.005683787340974836,0.4692791666666667
22,0.0,closed,available,63,-0.004146768481570667,-0.15269479283130782,0.4692791666666667
22,0.0,closed,available,64,-0.008388503116006862,0.38343698370119556,0.4692791666666667
22,0.0,closed,available,65,-0.01303408426108086,0.004602211618483175,0.4692791666666667
22,0.0,closed,mi_obs,0,0.0039351633065637425,0.006799222946534958,0.4692791666666667
22,0.0,closed,mi_obs,1,0.0029339373159723552,-0.00629794115649253,0.4692791666666667
22,0.0,closed,mi_obs,2,-0.028460910235843018,-0.20010437526133268,0.4692791666666667
22,0.0,closed,mi_obs,3,-0.04186772378256154,-0.5473026816798418,0.4692791666666667
22,0.0,closed,mi_obs,4,0.057019026638685355,0.482703028398819,0.4692791666666667
22,0.0,closed,mi_obs,5,0.06695203033465158,-0.004462535020398391,0.4692791666666667
22,0.0,closed,mi_obs,6,-0.0047979715980802085,-0.267669539687956,0.4692791666666667
22,0.0,closed,mi_obs,7,-0.014512085863254521,0.003698391621866361,0.4692791666666667
22,0.0,closed,mi_obs,8,-0.0076692864263631574,-0.037394494800314496,0.4692791666666667
22,0.0,closed,mi_obs,9,0.012778153947053512,-0.009258699073483001,0.4692791666666667
22,0.0,closed,mi_obs,10,-0.004332212620043071,-0.0008202269302875163,0.4692791666666667
22,0.0,closed,mi_obs,11,-0.028166573842719922,-0.756292737052554,0.4692791666666667
22,0.0,closed,mi_obs,12,-0.049033801960271406,-0.8292230518703155,0.4692791666666667
22,0.0,closed,mi_obs,13,0.04474565483797888,0.43548714753643064,0.4692791666666667
22,0.0,closed,mi_obs,14,0.015458054976695827,-0.0010960332440634142,0.4692791666666667
22,0.0,closed,mi_obs,15,-0.07691038364397618,-0.010627783628074615,0.4692791666666667
22,0.0,closed,mi_obs,16,0.03530955835802721,0.24937060281206855,0.4692791666666667
22,0.0,closed,mi_obs,17,-0.028610918698435017,-0.6088268890019586,0.4692791666666667
22,0.0,closed,mi_obs,18,-0.03759615815877182,-0.8937703281904386,0.4692791666666667
22,0.0,closed,mi_obs,19,0.016013502816158348,0.0018921454212586398,0.4692791666666667
22,0.0,closed,mi_obs,20,-0.017519469651306352,-0.42871657335830077,0.4692791666666667
22,0.0,closed,mi_obs,21,0.04174304676921203,0.6254827485514678,0.4692791666666667
22,0.0,closed,mi_obs,22,-0.03308769429803418,-0.0676404544442751,0.4692791666666667
22,0.0,closed,mi_obs,23,-0.006803633783082905,0.0004539813431785465,0.4692791666666667
22,0.0,closed,mi_obs,24,0.030033395529026344,0.015439707721052975,0.4692791666666667
22,0.0,closed,mi_obs,25,-0.017546074817506294,-0.11586062954601074,0.4692791666666667
22,0.0,closed,mi_obs,26,0.04830749388462485,0.7559947851276763,0.4692791666666667
22,0.0,closed,mi_obs,27,0.03635631308077536,0.615922398251067,0.4692791666666667
22,0.0,closed,mi_obs,28,0.014705028839429146,0.380511073499158,0.4692791666666667
22,0.0,closed,mi_obs,29,0.011794521505568284,0.20577563519073483,0.4692791666666667
22,0.0,closed,mi_obs,30,-0.037592864889525346,-0.25752098284871267,0.4692791666666667
22,0.0,closed,mi_obs,31,-0.015140518765244748,-0.3927406077054837,0.4692791666666667
22,0.0,closed,mi_obs,32,0.0562067643680358,0.008239757444779686,0.4692791666666667
22,0.0,closed,mi_obs,33,-0.048721512619350815,0.017001225532395938,0.4692791666666667
22,0.0,closed,mi_obs,34,0.040191827010417125,0.49757337824041403,0.4692791666666667
22,0.0,closed,mi_obs,35,0.0301028055996464,0.890090499033976,0.4692791666666667
22,0.0,closed,mi_obs,36,-0.012540119403455643,0.007514632737302042,0.4692791666666667
22,0.0,closed,mi_obs,37,0.021735419566815573,0.35497163599902715,0.4692791666666667
22,0.0,closed,mi_obs,38,-0.020291866535743552,-0.26201340433690035,0.4692791666666667
22,0.0,closed,mi_obs,39,-0.13669594025152998,0.4256708650544633,0.4692791666666667
22,0.0,closed,mi_obs,40,0.046390602496203914,0.30322221079844597,0.4692791666666667
22,0.0,closed,mi_obs,41,-0.019245902108346355,-0.09417709138581967,0.4692791666666667
22,0.0,closed,mi_obs,42,-0.04494340677704384,-0.4102032496857949,0.4692791666666667
22,0.0,closed,mi_obs,43,0.025253579018685607,0.24151486110571055,0.4692791666666667
22,0.0,closed,mi_obs,44,-0.03344164555017709,-0.2636221736263121,0.4692791666666667
22,0.0,closed,mi_obs,45,0.0490892805790045,0.002147194064294924,0.4692791666666667
22,0.0,closed,mi_obs,46,0.02504443947468482,-0.5670841736009299,0.4692791666666667
22,0.0,closed,mi_obs,47,-0.03570116394527262,0.0014895702316247712,0.4692791666666667
22,0.0,closed,mi_obs,48,-0.011736681397974048,-0.05776531413552124,0.4692791666666667
22,0.0,closed,mi_obs,49,0.005168521825591603,-0.005941243758576273,0.4692791666666667
22,0.0,closed,mi_obs,50,-0.014209085294014875,0.0038392813893178435,0.4692791666666667
22,0.0,closed,mi_obs,51,-0.04090833021911274,0.0064392875475771825,0.4692791666666667
22,0.0,closed,mi_obs,52,0.02322506641552471,0.0010742951815904621,0.4692791666666667
22,0.0,closed,mi_obs,53,0.08171488616603993,0.00679742938139504,0.4692791666666667
22,0.0,closed,mi_obs,54,-0.03645744621985007,0.015806251671084782,0.4692791666666667
22,0.0,closed,mi_obs,55,0.026850888291570042,-0.00035286926571554593,0.4692791666666667
22,0.0,closed,mi_obs,56,0.023410860202655644,-0.0026565403272278596,0.4692791666666667
22,0.0,closed,mi_obs,57,-0.02366634199826212,-0.19074701217121612,0.4692791666666667
22,0.0,closed,mi_obs,58,-0.007871261451054138,0.009638455668278782,0.4692791666666667
22,0.0,closed,mi_obs,59,-0.08170529550335925,-0.589791350309293,0.4692791666666667
22,0.0,closed,mi_obs,60,0.007678449594907821,0.5399302667826154,0.4692791666666667
22,0.0,closed,mi_obs,61,-0.01831699413997435,-0.0021389812898304425,0.4692791666666667
22,0.0,closed,mi_obs,62,-0.00031699180075352336,0.005683787340974836,0.4692791666666667
22,0.0,closed,mi_obs,63,-0.01505395904711429,-0.15269479283130782,0.4692791666666667
22,0.0,closed,mi_obs,64,0.025959109531007496,0.38343698370119556,0.4692791666666667
22,0.0,closed,mi_obs,65,-0.006486328290172147,0.004602211618483175,0.4692791666666667
22,0.0,closed,mi_class,0,-0.08036409095196446,0.006799222946534958,0.4692791666666667
22,0.0,closed,mi_class,1,0.040076854184181984,-0.00629794115649253,0.4692791666666667
22,0.0,closed,mi_class,2,0.031077474181325088,-0.20010437526133268,0.4692791666666667
22,0.0,closed,mi_class,3,0.1818033132113533,-0.5473026816798418,0.4692791666666667
22,0.0,closed,mi_class,4,-0.13160112817000696,0.482703028398819,0.4692791666666667
22,0.0,closed,mi_class,5,0.006055357809087465,-0.004462535020398391,0.4692791666666667
22,0.0,closed,mi_class,6,-0.055495642629161956,-0.267669539687956,0.4692791666666667
22,0.0,closed,mi_class,7,-0.02091520293776067,0.003698391621866361,0.4692791666666667
22,0.0,closed,mi_class,8,0.0694486532073212,-0.037394494800314496,0.4692791666666667
22,0.0,closed,mi_class,9,-0.001968096691958642,-0.009258699073483001,0.4692791666666667
22,0.0,closed,mi_class,10,0.0024659703716873827,-0.0008202269302875163,0.4692791666666667
22,0.0,closed,mi_class,11,0.12466968681175983,-0.756292737052554,0.4692791666666667
22,0.0,closed,mi_class,12,0.04185208099611315,-0.8292230518703155,0.4692791666666667
22,0.0,closed,mi_class,13,-0.17053847841170905,0.43548714753643064,0.4692791666666667
22,0.0,closed,mi_class,14,-0.01252530156324717,-0.0010960332440634142,0.4692791666666667
22,0.0,closed,mi_class,15,0.008722009863023515,-0.010627783628074615,0.4692791666666667
22,0.0,closed,mi_class,16,-0.07976225040973461,0.24937060281206855,0.4692791666666667
22,0.0,closed,mi_class,17,0.27941932544259607,-0.6088268890019586,0.4692791666666667
22,0.0,closed,mi_class,18,0.18025930088426523,-0.8937703281904386,0.4692791666666667
22,0.0,closed,mi_class,19,-0.0019600925614585074,0.0018921454212586398,0.4692791666666667
22,0.0,closed,mi_class,20,0.0667936480560889,-0.42871657335830077,0.4692791666666667
22,0.0,closed,mi_class,21,-0.022083992071133207,0.6254827485514678,0.4692791666666667
22,0.0,closed,mi_class,22,0.04288901314633636,-0.0676404544442751,0.4692791666666667
22,0.0,closed,mi_class,23,-0.0005413868767702924,0.0004539813431785465,0.4692791666666667
22,0.0,closed,mi_class,24,-0.0020703861431551427,0.015439707721052975,0.4692791666666667
22,0.0,closed,mi_class,25,0.10702410788852804,-0.11586062954601074,0.4692791666666667
22,0.0,closed,mi_class,26,-0.39911071065834897,0.7559947851276763,0.4692791666666667
22,0.0,closed,mi_class,27,0.024563231703102706,0.615922398251067,0.4692791666666667
22,0.0,closed,mi_class,28,-0.02502823407604554,0.380511073499158,0.4692791666666667
22,0.0,closed,mi_class,29,-0.02051649945609399,0.20577563519073483,0.4692791666666667
22,0.0,closed,mi_class,30,0.06989774587277772,-0.25752098284871267,0.4692791666666667
22,0.0,closed,mi_class,31,0.10723334771839244,-0.3927406077054837,0.4692791666666667
22,0.0,closed,mi_class,32,-0.005070343875201664,0.008239757444779686,0.4692791666666667
22,0.0,closed,mi_class,33,0.06490141190323155,0.017001225532395938,0.4692791666666667
22,0.0,closed,mi_class,34,-0.18555366888861996,0.49757337824041403,0.4692791666666667
22,0.0,closed,mi_class,35,-0.08921001164268771,0.890090499033976,0.4692791666666667
22,0.0,closed,mi_class,36,-0.015441962844806766,0.007514632737302042,0.4692791666666667
22,0.0,closed,mi_class,37,0.007884990773512568,0.35497163599902715,0.4692791666666667
22,0.0,closed,mi_class,38,0.03581800570294527,-0.26201340433690035,0.4692791666666667
22,0.0,closed,mi_class,39,-0.04385137631742231,0.4256708650544633,0.4692791666666667
22,0.0,closed,mi_class,40,-0.05806126481931129,0.30322221079844597,0.4692791666666667
22,0.0,closed,mi_class,41,-0.12755522352232068,-0.09417709138581967,0.4692791666666667
22,0.0,closed,mi_class,42,0.2547148556953287,-0.4102032496857949,0.4692791666666667
22,0.0,closed,mi_class,43,-0.060769772516943404,0.24151486110571055,0.4692791666666667
22,0.0,closed,mi_class,44,0.1144552577920408,-0.2636221736263121,0.4692791666666667
22,0.0,closed,mi_class,45,0.014547938498940408,0.002147194064294924,0.4692791666666667
22,0.0,closed,mi_class,46,0.07837030486250635,-0.5670841736009299,0.4692791666666667
22,0.0,closed,mi_class,47,-0.007008422622232796,0.0014895702316247712,0.4692791666666667
22,0.0,closed,mi_class,48,0.023065784209722336,-0.05776531413552124,0.4692791666666667
22,0.0,closed,mi_class,49,-0.00216488899299398,-0.005941243758576273,0.4692791666666667
22,0.0,closed,mi_class,50,0.008405893300295694,0.0038392813893178435,0.4692791666666667
22,0.0,closed,mi_class,51,-0.004932934783747255,0.0064392875475771825,0.4692791666666667
22,0.0,closed,mi_class,52,-0.017289289567667062,0.0010742951815904621,0.4692791666666667
22,0.0,closed,mi_class,53,-0.007069797058510506,0.00679742938139504,0.4692791666666667
22,0.0,closed,mi_class,54,0.0007934133316556645,0.015806251671084782,0.4692791666666667
22,0.0,closed,mi_class,55,0.008108046384756354,-0.00035286926571554593,0.4692791666666667
22,0.0,closed,mi_class,56,-0.002334815956189795,-0.0026565403272278596,0.4692791666666667
22,0.0,closed,mi_class,57,0.1511761135813252,-0.19074701217121612,0.4692791666666667
22,0.0,closed,mi_class,58,0.040981467638124665,0.009638455668278782,0.4692791666666667
22,0.0,closed,mi_class,59,0.04965699584107475,-0.589791350309293,0.4692791666666667
22,0.0,closed,mi_class,60,-0.3114363856750371,0.5399302667826154,0.4692791666666667
22,0.0,closed,mi_class,61,0.018572457131971688,-0.0021389812898304425,0.4692791666666667
22,0.0,closed,mi_class,62,-0.027743377314653164,0.005683787340974836,0.4692791666666667
22,0.0,closed,mi_class,63,0.030844004771422212,-0.15269479283130782,0.4692791666666667
22,0.0,closed,mi_class,64,-0.06334729233904257,0.38343698370119556,0.4692791666666667
22,0.0,closed,mi_class,65,-0.04852369381379322,0.004602211618483175,0.4692791666666667
22,0.0,closed,mi_site,0,0.0025085438933766325,0.006799222946534958,0.4692791666666667
22,0.0,closed,mi_site,1,-0.005294705943365148,-0.00629794115649253,0.4692791666666667
22,0.0,closed,mi_site,2,-0.024686391926823065,-0.20010437526133268,0.4692791666666667
22,0.0,closed,mi_site,3,-0.038207227770769125,-0.5473026816798418,0.4692791666666667
22,0.0,closed,mi_site,4,0.05390813121780341,0.482703028398819,0.4692791666666667
22,0.0,closed,mi_site,5,0.07424186564335156,-0.004462535020398391,0.4692791666666667
22,0.0,closed,mi_site,6,0.0063964751689541965,-0.267669539687956,0.4692791666666667
22,0.0,closed,mi_site,7,-0.008120704623128618,0.003698391621866361,0.4692791666666667
22,0.0,closed,mi_site,8,-0.00671331483225919,-0.037394494800314496,0.4692791666666667
22,0.0,closed,mi_site,9,0.012721392649568963,-0.009258699073483001,0.4692791666666667
22,0.0,closed,mi_site,10,-0.0011976257546595856,-0.0008202269302875163,0.4692791666666667
22,0.0,closed,mi_site,11,-0.02584546424078482,-0.756292737052554,0.4692791666666667
22,0.0,closed,mi_site,12,-0.03907623321160514,-0.8292230518703155,0.4692791666666667
22,0.0,closed,mi_site,13,0.029104745975629343,0.43548714753643064,0.4692791666666667
22,0.0,closed,mi_site,14,0.019077863618230766,-0.0010960332440634142,0.4692791666666667
22,0.0,closed,mi_site,15,-0.1108842859869327,-0.010627783628074615,0.4692791666666667
22,0.0,closed,mi_site,16,0.03909054237237278,0.24937060281206855,0.4692791666666667
22,0.0,closed,mi_site,17,-0.036659796494318386,-0.6088268890019586,0.4692791666666667
22,0.0,closed,mi_site,18,-0.032424391415819875,-0.8937703281904386,0.4692791666666667
22,0.0,closed,mi_site,19,0.013057620280885885,0.0018921454212586398,0.4692791666666667
22,0.0,closed,mi_site,20,-0.013888681000407188,-0.42871657335830077,0.4692791666666667
22,0.0,closed,mi_site,21,0.03660657339775253,0.6254827485514678,0.4692791666666667
22,0.0,closed,mi_site,22,-0.024587867794837223,-0.0676404544442751,0.4692791666666667
22,0.0,closed,mi_site,23,-0.011934987470554725,0.0004539813431785465,0.4692791666666667
22,0.0,closed,mi_site,24,0.04036998285007047,0.015439707721052975,0.4692791666666667
22,0.0,closed,mi_site,25,-0.01868548610119218,-0.11586062954601074,0.4692791666666667
22,0.0,closed,mi_site,26,0.04283439168136571,0.7559947851276763,0.4692791666666667
22,0.0,closed,mi_site,27,0.029410566414004746,0.615922398251067,0.4692791666666667
22,0.0,closed,mi_site,28,0.014945269988275445,0.380511073499158,0.4692791666666667
22,0.0,closed,mi_site,29,0.013067625710107167,0.20577563519073483,0.4692791666666667
22,0.0,closed,mi_site,30,-0.026636821462528715,-0.25752098284871267,0.4692791666666667
22,0.0,closed,mi_site,31,-0.01060199369478182,-0.3927406077054837,0.4692791666666667
22,0.0,closed,mi_site,32,0.08560050760178817,0.008239757444779686,0.4692791666666667
22,0.0,closed,mi_site,33,-0.06258823510676076,0.017001225532395938,0.4692791666666667
22,0.0,closed,mi_site,34,0.0356560378745473,0.49757337824041403,0.4692791666666667
22,0.0,closed,mi_site,35,0.020685613175963846,0.890090499033976,0.4692791666666667
22,0.0,closed,mi_site,36,-0.013901460976788078,0.007514632737302042,0.4692791666666667
22,0.0,closed,mi_site,37,0.01604333131144975,0.35497163599902715,0.4692791666666667
22,0.0,closed,mi_site,38,-0.01662335715173574,-0.26201340433690035,0.4692791666666667
22,0.0,closed,mi_site,39,-0.15159270205246023,0.4256708650544633,0.4692791666666667
22,0.0,closed,mi_site,40,0.03537287852051113,0.30322221079844597,0.4692791666666667
22,0.0,closed,mi_site,41,-0.02549404175082276,-0.09417709138581967,0.4692791666666667
22,0.0,closed,mi_site,42,-0.03280058276620029,-0.4102032496857949,0.4692791666666667
22,0.0,closed,mi_site,43,0.022432626730378352,0.24151486110571055,0.4692791666666667
22,0.0,closed,mi_site,44,-0.020689214464694627,-0.2636221736263121,0.4692791666666667
22,0.0,closed,mi_site,45,0.046694951949052904,0.002147194064294924,0.4692791666666667
22,0.0,closed,mi_site,46,0.03880890850749408,-0.5670841736009299,0.4692791666666667
22,0.0,closed,mi_site,47,-0.02045382503840369,0.0014895702316247712,0.4692791666666667
22,0.0,closed,mi_site,48,-0.016370843572509737,-0.05776531413552124,0.4692791666666667
22,0.0,closed,mi_site,49,0.006968703325976366,-0.005941243758576273,0.4692791666666667
22,0.0,closed,mi_site,50,-0.015728218331281185,0.0038392813893178435,0.4692791666666667
22,0.0,closed,mi_site,51,-0.05561183920436008,0.0064392875475771825,0.4692791666666667
22,0.0,closed,mi_site,52,0.04128446921937172,0.0010742951815904621,0.4692791666666667
22,0.0,closed,mi_site,53,0.1179045746059174,0.00679742938139504,0.4692791666666667
22,0.0,closed,mi_site,54,-0.05103891431006177,0.015806251671084782,0.4692791666666667
22,0.0,closed,mi_site,55,0.042410666211824315,-0.00035286926571554593,0.4692791666666667
22,0.0,closed,mi_site,56,0.006677319763507213,-0.0026565403272278596,0.4692791666666667
22,0.0,closed,mi_site,57,-0.03834878248986018,-0.19074701217121612,0.4692791666666667
22,0.0,closed,mi_site,58,0.005776642145647442,0.009638455668278782,0.4692791666666667
22,0.0,closed,mi_site,59,-0.07566489305661372,-0.589791350309293,0.4692791666666667
22,0.0,closed,mi_site,60,0.01929268201440315,0.5399302667826154,0.4692791666666667
22,0.0,closed,mi_site,61,-0.017524951248546892,-0.0021389812898304425,0.4692791666666667
22,0.0,closed,mi_site,62,0.0025851698718859367,0.005683787340974836,0.4692791666666667
22,0.0,closed,mi_site,63,-0.014579504454990067,-0.15269479283130782,0.4692791666666667
22,0.0,closed,mi_site,64,0.01688644111577753,0.38343698370119556,0.4692791666666667
22,0.0,closed,mi_site,65,-0.007469710611593934,0.004602211618483175,0.4692791666666667
22,1.0,aligned,available,0,0.00039862232478952986,0.008398304847880712,0.4692791666666667
22,1.0,aligned,available,1,-0.007542992723428638,-0.009015554138867437,0.4692791666666667
22,1.0,aligned,available,2,0.006699004220894034,-0.2028464969232804,0.4692791666666667
22,1.0,aligned,available,3,-0.0029100686713430246,-0.5502959387055936,0.4692791666666667
22,1.0,aligned,available,4,0.0036981719329190477,0.48303554578831653,0.4692791666666667
22,1.0,aligned,available,5,0.007591314677067552,-0.0054820209375378084,0.4692791666666667
22,1.0,aligned,available,6,-0.004029155054136591,-0.27002080481789376,0.4692791666666667
22,1.0,aligned,available,7,-0.004110708216177534,0.0002663252090077248,0.4692791666666667
22,1.0,aligned,available,8,-0.01653891882460324,-0.03866180816131065,0.4692791666666667
22,1.0,aligned,available,9,-0.008130718318681472,-0.011601208968950106,0.4692791666666667
22,1.0,aligned,available,10,-0.008758877497745616,-0.0015251365227492905,0.4692791666666667
22,1.0,aligned,available,11,0.0005505844029186635,-0.7569079954890955,0.4692791666666667
22,1.0,aligned,available,12,-0.005539234140181537,-0.8290989555470902,0.4692791666666667
22,1.0,aligned,available,13,-0.005688399341447659,0.43314798330686644,0.4692791666666667
22,1.0,aligned,available,14,0.008833197546846016,-5.714638982650676e-05,0.4692791666666667
22,1.0,aligned,available,15,-0.004938863811281927,-0.011250595108649323,0.4692791666666667
22,1.0,aligned,available,16,-0.0014363560458070523,0.2463904985844961,0.4692791666666667
22,1.0,aligned,available,17,0.001820917803810329,-0.6139623237455702,0.4692791666666667
22,1.0,aligned,available,18,-0.00018150060452570838,-0.8940608712028965,0.4692791666666667
22,1.0,aligned,available,19,0.004638508708548519,0.004828262089081954,0.4692791666666667
22,1.0,aligned,available,20,0.00602209404631876,-0.4265076303373518,0.4692791666666667
22,1.0,aligned,available,21,-0.007948553489318555,0.6253333767345941,0.4692791666666667
22,1.0,aligned,available,22,-0.005791664904957361,-0.06484243140069323,0.4692791666666667
22,1.0,aligned,available,23,-0.008524831180630984,-7.549231780586827e-05,0.4692791666666667
22,1.0,aligned,available,24,-0.004755660670886345,0.01601345955297898,0.4692791666666667
22,1.0,aligned,available,25,-0.005056850522355286,-0.1136918726017327,0.4692791666666667
22,1.0,aligned,available,26,0.008062972754933062,0.7556068121651371,0.4692791666666667
22,1.0,aligned,available,27,-0.001995957022381867,0.6147301806769355,0.4692791666666667
22,1.0,aligned,available,28,-0.00988388757516162,0.3808470693995997,0.4692791666666667
22,1.0,aligned,available,29,-0.0002254861812803488,0.2039753658891806,0.4692791666666667
22,1.0,aligned,available,30,-0.012476167267773564,-0.2543054312424247,0.4692791666666667
22,1.0,aligned,available,31,-0.008413880459509526,-0.3959205311071106,0.4692791666666667
22,1.0,aligned,available,32,0.015380382124178981,0.008783415348973245,0.4692791666666667
22,1.0,aligned,available,33,-0.00404994678571911,0.022699004617216915,0.4692791666666667
22,1.0,aligned,available,34,-0.005666828896175036,0.502212621615976,0.4692791666666667
22,1.0,aligned,available,35,0.003437143100253337,0.889414487770019,0.4692791666666667
22,1.0,aligned,available,36,-0.007000863396830245,0.0030750834805478755,0.4692791666666667
22,1.0,aligned,available,37,0.014753129431944956,0.35326743307761904,0.4692791666666667
22,1.0,aligned,available,38,0.0019919453581926927,-0.26356673716921925,0.4692791666666667
22,1.0,aligned,available,39,0.001203118324752006,0.4242717657149484,0.4692791666666667
22,1.0,aligned,available,40,0.007722518359504105,0.30410450465089195,0.4692791666666667
22,1.0,aligned,available,41,0.006400409582594857,-0.09582627086512137,0.4692791666666667
22,1.0,aligned,available,42,0.016298820523167334,-0.40955156139150184,0.4692791666666667
22,1.0,aligned,available,43,0.007165989033474235,0.24662953288703007,0.4692791666666667
22,1.0,aligned,available,44,-0.002234647921213251,-0.2621094077009255,0.4692791666666667
22,1.0,aligned,available,45,0.011711349902394466,0.002061805383091532,0.4692791666666667
22,1.0,aligned,available,46,0.000723066162577779,-0.5718399904911871,0.4692791666666667
22,1.0,aligned,available,47,-0.006630903202116982,-0.0010139051996764343,0.4692791666666667
22,1.0,aligned,available,48,-0.008312678499027296,-0.05915772695984227,0.4692791666666667
22,1.0,aligned,available,49,-0.014511744869956137,-0.0032014341360671696,0.4692791666666667
22,1.0,aligned,available,50,0.005262630298969491,0.003329740423024795,0.4692791666666667
22,1.0,aligned,available,51,0.003054129864905296,0.006448159399215831,0.4692791666666667
22,1.0,aligned,available,52,0.005459962721310179,0.002161758741078145,0.4692791666666667
22,1.0,aligned,available,53,0.013810020601874208,0.007430693195943047,0.4692791666666667
22,1.0,aligned,available,54,0.01328439308281719,0.015129529662193034,0.4692791666666667
22,1.0,aligned,available,55,-0.0016627974596206247,-0.00035286926571554593,0.4692791666666667
22,1.0,aligned,available,56,-0.009214696731731023,-0.0009464714506790575,0.4692791666666667
22,1.0,aligned,available,57,-0.021622294221158328,-0.1876905876873069,0.4692791666666667
22,1.0,aligned,available,58,0.00028281531986588775,0.00858929105238948,0.4692791666666667
22,1.0,aligned,available,59,-0.007082225962329325,-0.5871650293948313,0.4692791666666667
22,1.0,aligned,available,60,0.0005427105730622106,0.5454431040087178,0.4692791666666667
22,1.0,aligned,available,61,0.0004402688178103305,-0.01070642298669317,0.4692791666666667
22,1.0,aligned,available,62,0.009048575985975759,0.0055095983927641165,0.4692791666666667
22,1.0,aligned,available,63,0.0048027614764608595,-0.1589922512587158,0.4692791666666667
22,1.0,aligned,available,64,-0.0069934551211437435,0.3816006062097897,0.4692791666666667
22,1.0,aligned,available,65,6.4334845412517e-05,0.00449274957881008,0.4692791666666667
22,1.0,aligned,mi_obs,0,0.027707887913783036,0.008398304847880712,0.4692791666666667
22,1.0,aligned,mi_obs,1,-0.01126292518115959,-0.009015554138867437,0.4692791666666667
22,1.0,aligned,mi_obs,2,-0.042020540318495614,-0.2028464969232804,0.4692791666666667
22,1.0,aligned,mi_obs,3,-0.023374921682620786,-0.5502959387055936,0.4692791666666667
22,1.0,aligned,mi_obs,4,0.06794852066220014,0.48303554578831653,0.4692791666666667
22,1.0,aligned,mi_obs,5,0.10729112488194573,-0.0054820209375378084,0.4692791666666667
22,1.0,aligned,mi_obs,6,-0.010562057790681922,-0.27002080481789376,0.4692791666666667
22,1.0,aligned,mi_obs,7,-0.026240561693708093,0.0002663252090077248,0.4692791666666667
22,1.0,aligned,mi_obs,8,-0.04949082106317022,-0.03866180816131065,0.4692791666666667
22,1.0,aligned,mi_obs,9,0.004798697992424046,-0.011601208968950106,0.4692791666666667
22,1.0,aligned,mi_obs,10,-0.02614168186477492,-0.0015251365227492905,0.4692791666666667
22,1.0,aligned,mi_obs,11,-0.03688069337908506,-0.7569079954890955,0.4692791666666667
22,1.0,aligned,mi_obs,12,-0.047462386355687,-0.8290989555470902,0.4692791666666667
22,1.0,aligned,mi_obs,13,0.021836491501470823,0.43314798330686644,0.4692791666666667
22,1.0,aligned,mi_obs,14,0.02421673894959661,-5.714638982650676e-05,0.4692791666666667
22,1.0,aligned,mi_obs,15,-0.15833004156373764,-0.011250595108649323,0.4692791666666667
22,1.0,aligned,mi_obs,16,0.03125524661283949,0.2463904985844961,0.4692791666666667
22,1.0,aligned,mi_obs,17,-0.024680011824033232,-0.6139623237455702,0.4692791666666667
22,1.0,aligned,mi_obs,18,-0.036367046862793684,-0.8940608712028965,0.4692791666666667
22,1.0,aligned,mi_obs,19,0.017385752945520853,0.004828262089081954,0.4692791666666667
22,1.0,aligned,mi_obs,20,-0.01940252514196017,-0.4265076303373518,0.4692791666666667
22,1.0,aligned,mi_obs,21,0.0454464912533572,0.6253333767345941,0.4692791666666667
22,1.0,aligned,mi_obs,22,-0.026083802284524615,-0.06484243140069323,0.4692791666666667
22,1.0,aligned,mi_obs,23,-0.00292075616620616,-7.549231780586827e-05,0.4692791666666667
22,1.0,aligned,mi_obs,24,0.06871535878103675,0.01601345955297898,0.4692791666666667
22,1.0,aligned,mi_obs,25,-0.02719816457815595,-0.1136918726017327,0.4692791666666667
22,1.0,aligned,mi_obs,26,0.04696242739208567,0.7556068121651371,0.4692791666666667
22,1.0,aligned,mi_obs,27,0.048965965934198885,0.6147301806769355,0.4692791666666667
22,1.0,aligned,mi_obs,28,-0.004407225385774538,0.3808470693995997,0.4692791666666667
22,1.0,aligned,mi_obs,29,0.01909840153803541,0.2039753658891806,0.4692791666666667
22,1.0,aligned,mi_obs,30,-0.032819098393888635,-0.2543054312424247,0.4692791666666667
22,1.0,aligned,mi_obs,31,-0.02739730287001202,-0.3959205311071106,0.4692791666666667
22,1.0,aligned,mi_obs,32,0.12193279321674295,0.008783415348973245,0.4692791666666667
22,1.0,aligned,mi_obs,33,-0.05494896705231268,0.022699004617216915,0.4692791666666667
22,1.0,aligned,mi_obs,34,0.02803301231269717,0.502212621615976,0.4692791666666667
22,1.0,aligned,mi_obs,35,0.025778853345454933,0.889414487770019,0.4692791666666667
22,1.0,aligned,mi_obs,36,-0.014150222218518808,0.0030750834805478755,0.4692791666666667
22,1.0,aligned,mi_obs,37,0.0384265860151875,0.35326743307761904,0.4692791666666667
22,1.0,aligned,mi_obs,38,-0.012213449035594792,-0.26356673716921925,0.4692791666666667
22,1.0,aligned,mi_obs,39,-0.1937488626906593,0.4242717657149484,0.4692791666666667
22,1.0,aligned,mi_obs,40,0.0354084180936825,0.30410450465089195,0.4692791666666667
22,1.0,aligned,mi_obs,41,-0.012063500473212016,-0.09582627086512137,0.4692791666666667
22,1.0,aligned,mi_obs,42,-0.020857845865771052,-0.40955156139150184,0.4692791666666667
22,1.0,aligned,mi_obs,43,0.040862627678758284,0.24662953288703007,0.4692791666666667
22,1.0,aligned,mi_obs,44,-0.021380388960388352,-0.2621094077009255,0.4692791666666667
22,1.0,aligned,mi_obs,45,0.055583535984630034,0.002061805383091532,0.4692791666666667
22,1.0,aligned,mi_obs,46,0.01650090832031459,-0.5718399904911871,0.4692791666666667
22,1.0,aligned,mi_obs,47,-0.02837893192250907,-0.0010139051996764343,0.4692791666666667
22,1.0,aligned,mi_obs,48,-0.015462740768124192,-0.05915772695984227,0.4692791666666667
22,1.0,aligned,mi_obs,49,0.016603280500673747,-0.0032014341360671696,0.4692791666666667
22,1.0,aligned,mi_obs,50,-0.014737710696882685,0.003329740423024795,0.4692791666666667
22,1.0,aligned,mi_obs,51,-0.07313202867697327,0.006448159399215831,0.4692791666666667
22,1.0,aligned,mi_obs,52,0.03882787616842026,0.002161758741078145,0.4692791666666667
22,1.0,aligned,mi_obs,53,0.15900192590548093,0.007430693195943047,0.4692791666666667
22,1.0,aligned,mi_obs,54,-0.045172245693402675,0.015129529662193034,0.4692791666666667
22,1.0,aligned,mi_obs,55,0.07470208770666192,-0.00035286926571554593,0.4692791666666667
22,1.0,aligned,mi_obs,56,0.02211978265603564,-0.0009464714506790575,0.4692791666666667
22,1.0,aligned,mi_obs,57,-0.04740216913462017,-0.1876905876873069,0.4692791666666667
22,1.0,aligned,mi_obs,58,-0.02362770423144908,0.00858929105238948,0.4692791666666667
22,1.0,aligned,mi_obs,59,-0.07954110965742878,-0.5871650293948313,0.4692791666666667
22,1.0,aligned,mi_obs,60,0.014393897473905959,0.5454431040087178,0.4692791666666667
22,1.0,aligned,mi_obs,61,-0.03686073894555368,-0.01070642298669317,0.4692791666666667
22,1.0,aligned,mi_obs,62,-0.014615148005755713,0.0055095983927641165,0.4692791666666667
22,1.0,aligned,mi_obs,63,-0.017981746025291262,-0.1589922512587158,0.4692791666666667
22,1.0,aligned,mi_obs,64,0.030200732153372822,0.3816006062097897,0.4692791666666667
22,1.0,aligned,mi_obs,65,0.0024623663589210896,0.00449274957881008,0.4692791666666667
22,1.0,aligned,mi_class,0,-0.22871718359366533,0.008398304847880712,0.4692791666666667
22,1.0,aligned,mi_class,1,0.0007403306124100333,-0.009015554138867437,0.4692791666666667
22,1.0,aligned,mi_class,2,0.017339821332508387,-0.2028464969232804,0.4692791666666667
22,1.0,aligned,mi_class,3,0.21149372864338772,-0.5502959387055936,0.4692791666666667
22,1.0,aligned,mi_class,4,-0.13413704812159,0.48303554578831653,0.4692791666666667
22,1.0,aligned,mi_class,5,0.009544070076706388,-0.0054820209375378084,0.4692791666666667
22,1.0,aligned,mi_class,6,-0.026041545219238738,-0.27002080481789376,0.4692791666666667
22,1.0,aligned,mi_class,7,-0.001185043880390586,0.0002663252090077248,0.4692791666666667
22,1.0,aligned,mi_class,8,-0.026029222685865633,-0.03866180816131065,0.4692791666666667
22,1.0,aligned,mi_class,9,-0.016894760944046978,-0.011601208968950106,0.4692791666666667
22,1.0,aligned,mi_class,10,-0.03826620226284466,-0.0015251365227492905,0.4692791666666667
22,1.0,aligned,mi_class,11,0.2175192528571137,-0.7569079954890955,0.4692791666666667
22,1.0,aligned,mi_class,12,0.18550644919523385,-0.8290989555470902,0.4692791666666667
22,1.0,aligned,mi_class,13,-0.23343374810756953,0.43314798330686644,0.4692791666666667
22,1.0,aligned,mi_class,14,0.0026712922213810815,-5.714638982650676e-05,0.4692791666666667
22,1.0,aligned,mi_class,15,0.010856141989857626,-0.011250595108649323,0.4692791666666667
22,1.0,aligned,mi_class,16,-0.03244076917258118,0.2463904985844961,0.4692791666666667
22,1.0,aligned,mi_class,17,0.28375856191031756,-0.6139623237455702,0.4692791666666667
22,1.0,aligned,mi_class,18,0.29023053820720257,-0.8940608712028965,0.4692791666666667
22,1.0,aligned,mi_class,19,0.01808654458982293,0.004828262089081954,0.4692791666666667
22,1.0,aligned,mi_class,20,0.1701727758811174,-0.4265076303373518,0.4692791666666667
22,1.0,aligned,mi_class,21,-0.04130899590788739,0.6253333767345941,0.4692791666666667
22,1.0,aligned,mi_class,22,0.03160829574940299,-0.06484243140069323,0.4692791666666667
22,1.0,aligned,mi_class,23,-0.007473180782598357,-7.549231780586827e-05,0.4692791666666667
22,1.0,aligned,mi_class,24,-0.004747865616145994,0.01601345955297898,0.4692791666666667
22,1.0,aligned,mi_class,25,-0.003778289970467044,-0.1136918726017327,0.4692791666666667
22,1.0,aligned,mi_class,26,-0.36302020611134356,0.7556068121651371,0.4692791666666667
22,1.0,aligned,mi_class,27,0.022156356329797955,0.6147301806769355,0.4692791666666667
22,1.0,aligned,mi_class,28,-0.03696908357057843,0.3808470693995997,0.4692791666666667
22,1.0,aligned,mi_class,29,-0.012320920349498055,0.2039753658891806,0.4692791666666667
22,1.0,aligned,mi_class,30,0.09351203650023732,-0.2543054312424247,0.4692791666666667
22,1.0,aligned,mi_class,31,0.10246498933228049,-0.3959205311071106,0.4692791666666667
22,1.0,aligned,mi_class,32,0.0014104415157346686,0.008783415348973245,0.4692791666666667
22,1.0,aligned,mi_class,33,-0.09151150945523076,0.022699004617216915,0.4692791666666667
22,1.0,aligned,mi_class,34,-0.15021565028672168,0.502212621615976,0.4692791666666667
22,1.0,aligned,mi_class,35,-0.09961362879820668,0.889414487770019,0.4692791666666667
22,1.0,aligned,mi_class,36,-0.0182967494402947,0.0030750834805478755,0.4692791666666667
22,1.0,aligned,mi_class,37,0.023314684389501406,0.35326743307761904,0.4692791666666667
22,1.0,aligned,mi_class,38,0.05428327094467464,-0.26356673716921925,0.4692791666666667
22,1.0,aligned,mi_class,39,-0.06982529068216753,0.4242717657149484,0.4692791666666667
22,1.0,aligned,mi_class,40,-0.09289307566581728,0.30410450465089195,0.4692791666666667
22,1.0,aligned,mi_class,41,0.22685336417393576,-0.09582627086512137,0.4692791666666667
22,1.0,aligned,mi_class,42,0.3234839043828205,-0.40955156139150184,0.4692791666666667
22,1.0,aligned,mi_class,43,-0.10148055478110968,0.24662953288703007,0.4692791666666667
22,1.0,aligned,mi_class,44,0.10352026765934391,-0.2621094077009255,0.4692791666666667
22,1.0,aligned,mi_class,45,0.008936351427200392,0.002061805383091532,0.4692791666666667
22,1.0,aligned,mi_class,46,0.09083820785985086,-0.5718399904911871,0.4692791666666667
22,1.0,aligned,mi_class,47,-0.008376031142880585,-0.0010139051996764343,0.4692791666666667
22,1.0,aligned,mi_class,48,0.0027674179356206863,-0.05915772695984227,0.4692791666666667
22,1.0,aligned,mi_class,49,-0.007273696749006561,-0.0032014341360671696,0.4692791666666667
22,1.0,aligned,mi_class,50,0.005404023467226038,0.003329740423024795,0.4692791666666667
22,1.0,aligned,mi_class,51,0.000821023249180289,0.006448159399215831,0.4692791666666667
22,1.0,aligned,mi_class,52,0.011071103511982018,0.002161758741078145,0.4692791666666667
22,1.0,aligned,mi_class,53,-0.0072456290728290015,0.007430693195943047,0.4692791666666667
22,1.0,aligned,mi_class,54,0.0082112386351992,0.015129529662193034,0.4692791666666667
22,1.0,aligned,mi_class,55,0.005934778044854764,-0.00035286926571554593,0.4692791666666667
22,1.0,aligned,mi_class,56,-0.006105509050702948,-0.0009464714506790575,0.4692791666666667
22,1.0,aligned,mi_class,57,-0.0047143950957032055,-0.1876905876873069,0.4692791666666667
22,1.0,aligned,mi_class,58,-0.03160040878927996,0.00858929105238948,0.4692791666666667
22,1.0,aligned,mi_class,59,-0.04989868545800147,-0.5871650293948313,0.4692791666666667
22,1.0,aligned,mi_class,60,-0.2736398936735879,0.5454431040087178,0.4692791666666667
22,1.0,aligned,mi_class,61,-0.0076777140620538,-0.01070642298669317,0.4692791666666667
22,1.0,aligned,mi_class,62,0.0057144037407020195,0.0055095983927641165,0.4692791666666667
22,1.0,aligned,mi_class,63,0.030553946665883264,-0.1589922512587158,0.4692791666666667
22,1.0,aligned,mi_class,64,-0.03538131602805383,0.3816006062097897,0.4692791666666667
22,1.0,aligned,mi_class,65,0.043428703260545626,0.00449274957881008,0.4692791666666667
22,1.0,aligned,mi_site,0,0.014981836209216552,0.008398304847880712,0.4692791666666667
22,1.0,aligned,mi_site,1,-0.005089449516851922,-0.009015554138867437,0.4692791666666667
22,1.0,aligned,mi_site,2,0.02412106142683551,-0.2028464969232804,0.4692791666666667
22,1.0,aligned,mi_site,3,0.029048328492795705,-0.5502959387055936,0.4692791666666667
22,1.0,aligned,mi_site,4,0.003715044987348315,0.48303554578831653,0.4692791666666667
22,1.0,aligned,mi_site,5,0.047597539135350794,-0.0054820209375378084,0.4692791666666667
22,1.0,aligned,mi_site,6,0.005833627973829858,-0.27002080481789376,0.4692791666666667
22,1.0,aligned,mi_site,7,-0.007832232669508034,0.0002663252090077248,0.4692791666666667
22,1.0,aligned,mi_site,8,-0.023249517765093396,-0.03866180816131065,0.4692791666666667
22,1.0,aligned,mi_site,9,-0.011507964937915963,-0.011601208968950106,0.4692791666666667
22,1.0,aligned,mi_site,10,-0.012993416465808767,-0.0015251365227492905,0.4692791666666667
22,1.0,aligned,mi_site,11,0.03368874522548726,-0.7569079954890955,0.4692791666666667
22,1.0,aligned,mi_site,12,0.12231608232146074,-0.8290989555470902,0.4692791666666667
22,1.0,aligned,mi_site,13,-0.002907824156203276,0.43314798330686644,0.4692791666666667
22,1.0,aligned,mi_site,14,0.022706690049469694,-5.714638982650676e-05,0.4692791666666667
22,1.0,aligned,mi_site,15,-0.0796102610534593,-0.011250595108649323,0.4692791666666667
22,1.0,aligned,mi_site,16,0.021159553912206114,0.2463904985844961,0.4692791666666667
22,1.0,aligned,mi_site,17,-0.00571767345398555,-0.6139623237455702,0.4692791666666667
22,1.0,aligned,mi_site,18,0.042576235278489194,-0.8940608712028965,0.4692791666666667
22,1.0,aligned,mi_site,19,-0.00853688950454393,0.004828262089081954,0.4692791666666667
22,1.0,aligned,mi_site,20,0.003959833880421371,-0.4265076303373518,0.4692791666666667
22,1.0,aligned,mi_site,21,-0.03046230439164732,0.6253333767345941,0.4692791666666667
22,1.0,aligned,mi_site,22,-0.03964635999983321,-0.06484243140069323,0.4692791666666667
22,1.0,aligned,mi_site,23,-0.001754457406106455,-7.549231780586827e-05,0.4692791666666667
22,1.0,aligned,mi_site,24,0.04969472154582927,0.01601345955297898,0.4692791666666667
22,1.0,aligned,mi_site,25,-0.03232157914943466,-0.1136918726017327,0.4692791666666667
22,1.0,aligned,mi_site,26,0.022236851201797192,0.7556068121651371,0.4692791666666667
22,1.0,aligned,mi_site,27,0.01262408465461995,0.6147301806769355,0.4692791666666667
22,1.0,aligned,mi_site,28,-0.3549567275334167,0.3808470693995997,0.4692791666666667
22,1.0,aligned,mi_site,29,0.0038424444871876517,0.2039753658891806,0.4692791666666667
22,1.0,aligned,mi_site,30,-0.014951727144284332,-0.2543054312424247,0.4692791666666667
22,1.0,aligned,mi_site,31,0.03888260279386041,-0.3959205311071106,0.4692791666666667
22,1.0,aligned,mi_site,32,0.06207109097967163,0.008783415348973245,0.4692791666666667
22,1.0,aligned,mi_site,33,-0.048876960723843406,0.022699004617216915,0.4692791666666667
22,1.0,aligned,mi_site,34,-0.041071097829781356,0.502212621615976,0.4692791666666667
22,1.0,aligned,mi_site,35,-0.136282072238179,0.889414487770019,0.4692791666666667
22,1.0,aligned,mi_site,36,-0.0031903365538870857,0.0030750834805478755,0.4692791666666667
22,1.0,aligned,mi_site,37,-0.029583233953818455,0.35326743307761904,0.4692791666666667
22,1.0,aligned,mi_site,38,0.0028579470912063476,-0.26356673716921925,0.4692791666666667
22,1.0,aligned,mi_site,39,-0.11278650986886785,0.4242717657149484,0.4692791666666667
22,1.0,aligned,mi_site,40,0.026875713378740562,0.30410450465089195,0.4692791666666667
22,1.0,aligned,mi_site,41,-0.026392924057830364,-0.09582627086512137,0.4692791666666667
22,1.0,aligned,mi_site,42,-0.017008227388039532,-0.40955156139150184,0.4692791666666667
22,1.0,aligned,mi_site,43,-0.23983289525650883,0.24662953288703007,0.4692791666666667
22,1.0,aligned,mi_site,44,-0.0041654995642424475,-0.2621094077009255,0.4692791666666667
22,1.0,aligned,mi_site,45,0.021930585000040435,0.002061805383091532,0.4692791666666667
22,1.0,aligned,mi_site,46,0.02683857533895928,-0.5718399904911871,0.4692791666666667
22,1.0,aligned,mi_site,47,-0.02199287030468441,-0.0010139051996764343,0.4692791666666667
22,1.0,aligned,mi_site,48,-0.049285533216442065,-0.05915772695984227,0.4692791666666667
22,1.0,aligned,mi_site,49,-0.037421213807150355,-0.0032014341360671696,0.4692791666666667
22,1.0,aligned,mi_site,50,-0.0118834499828927,0.003329740423024795,0.4692791666666667
22,1.0,aligned,mi_site,51,-0.02766494373411922,0.006448159399215831,0.4692791666666667
22,1.0,aligned,mi_site,52,0.04768571480732221,0.002161758741078145,0.4692791666666667
22,1.0,aligned,mi_site,53,0.06810913681771259,0.007430693195943047,0.4692791666666667
22,1.0,aligned,mi_site,54,-0.039572890927792634,0.015129529662193034,0.4692791666666667
22,1.0,aligned,mi_site,55,0.030841574034876553,-0.00035286926571554593,0.4692791666666667
22,1.0,aligned,mi_site,56,0.007534697081088539,-0.0009464714506790575,0.4692791666666667
22,1.0,aligned,mi_site,57,-0.0294768913657594,-0.1876905876873069,0.4692791666666667
22,1.0,aligned,mi_site,58,0.0038827706748097712,0.00858929105238948,0.4692791666666667
22,1.0,aligned,mi_site,59,-0.04809351563547015,-0.5871650293948313,0.4692791666666667
22,1.0,aligned,mi_site,60,0.01531662078883933,0.5454431040087178,0.4692791666666667
22,1.0,aligned,mi_site,61,0.017431486055934624,-0.01070642298669317,0.4692791666666667
22,1.0,aligned,mi_site,62,-0.010044972644003267,0.0055095983927641165,0.4692791666666667
22,1.0,aligned,mi_site,63,0.4182425001116979,-0.1589922512587158,0.4692791666666667
22,1.0,aligned,mi_site,64,-0.0020801143674945566,0.3816006062097897,0.4692791666666667
22,1.0,aligned,mi_site,65,-0.004770160086557327,0.00449274957881008,0.4692791666666667
22,1.0,closed,available,0,0.0020308599535922654,0.008398304847880712,0.4692791666666667
22,1.0,closed,available,1,0.013402642937167718,-0.009015554138867437,0.4692791666666667
22,1.0,closed,available,2,0.0003757264127684512,-0.2028464969232804,0.4692791666666667
22,1.0,closed,available,3,0.009936250665663615,-0.5502959387055936,0.4692791666666667
22,1.0,closed,available,4,-0.00041814717909999244,0.48303554578831653,0.4692791666666667
22,1.0,closed,available,5,0.013988066811423613,-0.0054820209375378084,0.4692791666666667
22,1.0,closed,available,6,-0.005632990408292626,-0.27002080481789376,0.4692791666666667
22,1.0,closed,available,7,0.012399116274359877,0.0002663252090077248,0.4692791666666667
22,1.0,closed,available,8,0.01354599686733755,-0.03866180816131065,0.4692791666666667
22,1.0,closed,available,9,-0.007979766546135587,-0.011601208968950106,0.4692791666666667
22,1.0,closed,available,10,0.011651605447587565,-0.0015251365227492905,0.4692791666666667
22,1.0,closed,available,11,-0.0005321193450388284,-0.7569079954890955,0.4692791666666667
22,1.0,closed,available,12,0.0016107007174755994,-0.8290989555470902,0.4692791666666667
22,1.0,closed,available,13,-4.7629611414357065e-06,0.43314798330686644,0.4692791666666667
22,1.0,closed,available,14,-0.01196496659600129,-5.714638982650676e-05,0.4692791666666667
22,1.0,closed,available,15,-0.0014443229123453569,-0.011250595108649323,0.4692791666666667
22,1.0,closed,available,16,-0.003982559963975091,0.2463904985844961,0.4692791666666667
22,1.0,closed,available,17,0.008702315112696368,-0.6139623237455702,0.4692791666666667
22,1.0,closed,available,18,0.0002632267967485058,-0.8940608712028965,0.4692791666666667
22,1.0,closed,available,19,0.002502396804059011,0.004828262089081954,0.4692791666666667
22,1.0,closed,available,20,0.0011535577223357185,-0.4265076303373518,0.4692791666666667
22,1.0,closed,available,21,-0.004199883241110758,0.6253333767345941,0.4692791666666667
22,1.0,closed,available,22,-0.0007187636520665369,-0.06484243140069323,0.4692791666666667
22,1.0,closed,available,23,0.01781271709791198,-7.549231780586827e-05,0.4692791666666667
22,1.0,closed,available,24,0.01110331238073986,0.01601345955297898,0.4692791666666667
22,1.0,closed,available,25,0.010979818161397176,-0.1136918726017327,0.4692791666666667
22,1.0,closed,available,26,-0.005261967577149584,0.7556068121651371,0.4692791666666667
22,1.0,closed,available,27,0.0004665248669356581,0.6147301806769355,0.4692791666666667
22,1.0,closed,available,28,-0.0018294043150426376,0.3808470693995997,0.4692791666666667
22,1.0,closed,available,29,-0.0030899068902165983,0.2039753658891806,0.4692791666666667
22,1.0,closed,available,30,-0.035517535034193026,-0.2543054312424247,0.4692791666666667
22,1.0,closed,available,31,0.0152685509633258,-0.3959205311071106,0.4692791666666667
22,1.0,closed,available,32,-0.01571128742953956,0.008783415348973245,0.4692791666666667
22,1.0,closed,available,33,0.0038329434037206733,0.022699004617216915,0.4692791666666667
22,1.0,closed,available,34,-0.0057757514527486675,0.502212621615976,0.4692791666666667
22,1.0,closed,available,35,-0.004316878613109143,0.889414487770019,0.4692791666666667
22,1.0,closed,available,36,0.0052986411942757584,0.0030750834805478755,0.4692791666666667
22,1.0,closed,available,37,0.004583908789945079,0.35326743307761904,0.4692791666666667
22,1.0,closed,available,38,-0.00036433006588804107,-0.26356673716921925,0.4692791666666667
22,1.0,closed,available,39,0.0007657221315446883,0.4242717657149484,0.4692791666666667
22,1.0,closed,available,40,0.0003228354866883776,0.30410450465089195,0.4692791666666667
22,1.0,closed,available,41,0.009929177063156838,-0.09582627086512137,0.4692791666666667
22,1.0,closed,available,42,-0.007238895358342212,-0.40955156139150184,0.4692791666666667
22,1.0,closed,available,43,0.01451026133313113,0.24662953288703007,0.4692791666666667
22,1.0,closed,available,44,-0.003386632460253558,-0.2621094077009255,0.4692791666666667
22,1.0,closed,available,45,0.002885380552623836,0.002061805383091532,0.4692791666666667
22,1.0,closed,available,46,-0.006920209496144136,-0.5718399904911871,0.4692791666666667
22,1.0,closed,available,47,0.013231533172867342,-0.0010139051996764343,0.4692791666666667
22,1.0,closed,available,48,0.02837010173914526,-0.05915772695984227,0.4692791666666667
22,1.0,closed,available,49,0.0076748781460836794,-0.0032014341360671696,0.4692791666666667
22,1.0,closed,available,50,0.003574883293306471,0.003329740423024795,0.4692791666666667
22,1.0,closed,available,51,0.0025123953201749982,0.006448159399215831,0.4692791666666667
22,1.0,closed,available,52,0.00415676626732325,0.002161758741078145,0.4692791666666667
22,1.0,closed,available,53,-0.018115312939373504,0.007430693195943047,0.4692791666666667
22,1.0,closed,available,54,0.020674613006377615,0.015129529662193034,0.4692791666666667
22,1.0,closed,available,55,-0.005131857239787993,-0.00035286926571554593,0.4692791666666667
22,1.0,closed,available,56,0.0032554179895107078,-0.0009464714506790575,0.4692791666666667
22,1.0,closed,available,57,0.007822634516957638,-0.1876905876873069,0.4692791666666667
22,1.0,closed,available,58,-0.009656210017909355,0.00858929105238948,0.4692791666666667
22,1.0,closed,available,59,0.007974235039833744,-0.5871650293948313,0.4692791666666667
22,1.0,closed,available,60,-0.0018998124514824077,0.5454431040087178,0.4692791666666667
22,1.0,closed,available,61,0.0033094166552534564,-0.01070642298669317,0.4692791666666667
22,1.0,closed,available,62,-0.011887708926688355,0.0055095983927641165,0.4692791666666667
22,1.0,closed,available,63,0.013904990151771102,-0.1589922512587158,0.4692791666666667
22,1.0,closed,available,64,0.0017267628863694706,0.3816006062097897,0.4692791666666667
22,1.0,closed,available,65,-0.00975491975374498,0.00449274957881008,0.4692791666666667
22,1.0,closed,mi_obs,0,0.015513132041991364,0.008398304847880712,0.4692791666666667
22,1.0,closed,mi_obs,1,-0.005640376431761936,-0.009015554138867437,0.4692791666666667
22,1.0,closed,mi_obs,2,-0.03872525500757851,-0.2028464969232804,0.4692791666666667
22,1.0,closed,mi_obs,3,-0.024683502129524193,-0.5502959387055936,0.4692791666666667
22,1.0,closed,mi_obs,4,0.06554641772089487,0.48303554578831653,0.4692791666666667
22,1.0,closed,mi_obs,5,0.09252216660083062,-0.0054820209375378084,0.4692791666666667
22,1.0,closed,mi_obs,6,-0.0033615047869623438,-0.27002080481789376,0.4692791666666667
22,1.0,closed,mi_obs,7,-0.00638472166783725,0.0002663252090077248,0.4692791666666667
22,1.0,closed,mi_obs,8,-0.019605935671313045,-0.03866180816131065,0.4692791666666667
22,1.0,closed,mi_obs,9,0.0008871726066857627,-0.011601208968950106,0.4692791666666667
22,1.0,closed,mi_obs,10,-0.010012834165692342,-0.0015251365227492905,0.4692791666666667
22,1.0,closed,mi_obs,11,-0.033854030208801844,-0.7569079954890955,0.4692791666666667
22,1.0,closed,mi_obs,12,-0.040410809347670607,-0.8290989555470902,0.4692791666666667
22,1.0,closed,mi_obs,13,0.02071370372946607,0.43314798330686644,0.4692791666666667
22,1.0,closed,mi_obs,14,0.01137876033467828,-5.714638982650676e-05,0.4692791666666667
22,1.0,closed,mi_obs,15,-0.13112117122576986,-0.011250595108649323,0.4692791666666667
22,1.0,closed,mi_obs,16,0.02478002301279883,0.2463904985844961,0.4692791666666667
22,1.0,closed,mi_obs,17,-0.05083483237635045,-0.6139623237455702,0.4692791666666667
22,1.0,closed,mi_obs,18,-0.037827886728693416,-0.8940608712028965,0.4692791666666667
22,1.0,closed,mi_obs,19,0.0017533524381555332,0.004828262089081954,0.4692791666666667
22,1.0,closed,mi_obs,20,-0.017430910786565113,-0.4265076303373518,0.4692791666666667
22,1.0,closed,mi_obs,21,0.052662459328968736,0.6253333767345941,0.4692791666666667
22,1.0,closed,mi_obs,22,-0.015807224598439043,-0.06484243140069323,0.4692791666666667
22,1.0,closed,mi_obs,23,0.004255232083142483,-7.549231780586827e-05,0.4692791666666667
22,1.0,closed,mi_obs,24,0.049530823475985114,0.01601345955297898,0.4692791666666667
22,1.0,closed,mi_obs,25,-0.02120962750050466,-0.1136918726017327,0.4692791666666667
22,1.0,closed,mi_obs,26,0.059643503061495795,0.7556068121651371,0.4692791666666667
22,1.0,closed,mi_obs,27,0.041698106634677434,0.6147301806769355,0.4692791666666667
22,1.0,closed,mi_obs,28,0.010132470823119744,0.3808470693995997,0.4692791666666667
22,1.0,closed,mi_obs,29,0.013157141397995453,0.2039753658891806,0.4692791666666667
22,1.0,closed,mi_obs,30,-0.04082052763015931,-0.2543054312424247,0.4692791666666667
22,1.0,closed,mi_obs,31,-0.02614265353189038,-0.3959205311071106,0.4692791666666667
22,1.0,closed,mi_obs,32,0.08907262159942854,0.008783415348973245,0.4692791666666667
22,1.0,closed,mi_obs,33,-0.02427002077094054,0.022699004617216915,0.4692791666666667
22,1.0,closed,mi_obs,34,0.05056471244304317,0.502212621615976,0.4692791666666667
22,1.0,closed,mi_obs,35,0.021370675501155123,0.889414487770019,0.4692791666666667
22,1.0,closed,mi_obs,36,0.003357907702208201,0.0030750834805478755,0.4692791666666667
22,1.0,closed,mi_obs,37,0.025358335869805626,0.35326743307761904,0.4692791666666667
22,1.0,closed,mi_obs,38,-0.0031716089127912794,-0.26356673716921925,0.4692791666666667
22,1.0,closed,mi_obs,39,-0.1803031453053867,0.4242717657149484,0.4692791666666667
22,1.0,closed,mi_obs,40,0.029733051917318287,0.30410450465089195,0.4692791666666667
22,1.0,closed,mi_obs,41,-0.024890714947658002,-0.09582627086512137,0.4692791666666667
22,1.0,closed,mi_obs,42,-0.023093811322941304,-0.40955156139150184,0.4692791666666667
22,1.0,closed,mi_obs,43,0.03767285491104341,0.24662953288703007,0.4692791666666667
22,1.0,closed,mi_obs,44,-0.031119406891685297,-0.2621094077009255,0.4692791666666667
22,1.0,closed,mi_obs,45,0.02534087102212902,0.002061805383091532,0.4692791666666667
22,1.0,closed,mi_obs,46,0.009859745517508123,-0.5718399904911871,0.4692791666666667
22,1.0,closed,mi_obs,47,0.00512905819937225,-0.0010139051996764343,0.4692791666666667
22,1.0,closed,mi_obs,48,-0.00707658392869373,-0.05915772695984227,0.4692791666666667
22,1.0,closed,mi_obs,49,0.013958840338232473,-0.0032014341360671696,0.4692791666666667
22,1.0,closed,mi_obs,50,-0.006496008364353411,0.003329740423024795,0.4692791666666667
22,1.0,closed,mi_obs,51,-0.05412569480614266,0.006448159399215831,0.4692791666666667
22,1.0,closed,mi_obs,52,0.04776351924566131,0.002161758741078145,0.4692791666666667
22,1.0,closed,mi_obs,53,0.12121285372212161,0.007430693195943047,0.4692791666666667
22,1.0,closed,mi_obs,54,-0.032808796450063904,0.015129529662193034,0.4692791666666667
22,1.0,closed,mi_obs,55,0.06645666021625515,-0.00035286926571554593,0.4692791666666667
22,1.0,closed,mi_obs,56,0.005083131525531364,-0.0009464714506790575,0.4692791666666667
22,1.0,closed,mi_obs,57,-0.0241756088139517,-0.1876905876873069,0.4692791666666667
22,1.0,closed,mi_obs,58,-0.020210603152236363,0.00858929105238948,0.4692791666666667
22,1.0,closed,mi_obs,59,-0.07624410782273527,-0.5871650293948313,0.4692791666666667
22,1.0,closed,mi_obs,60,0.03523447632699106,0.5454431040087178,0.4692791666666667
22,1.0,closed,mi_obs,61,-0.03022968373510594,-0.01070642298669317,0.4692791666666667
22,1.0,closed,mi_obs,62,0.0006832757380533698,0.0055095983927641165,0.4692791666666667
22,1.0,closed,mi_obs,63,-0.00890320675063827,-0.1589922512587158,0.4692791666666667
22,1.0,closed,mi_obs,64,0.030456523078260855,0.3816006062097897,0.4692791666666667
22,1.0,closed,mi_obs,65,-0.0015667447479492595,0.00449274957881008,0.4692791666666667
22,1.0,closed,mi_class,0,-0.1530572819519705,0.008398304847880712,0.4692791666666667
22,1.0,closed,mi_class,1,0.041561517090789396,-0.009015554138867437,0.4692791666666667
22,1.0,closed,mi_class,2,0.006411566219201942,-0.2028464969232804,0.4692791666666667
22,1.0,closed,mi_class,3,0.18672962869885168,-0.5502959387055936,0.4692791666666667
22,1.0,closed,mi_class,4,-0.14396491944185807,0.48303554578831653,0.4692791666666667
22,1.0,closed,mi_class,5,0.009860456894856784,-0.0054820209375378084,0.4692791666666667
22,1.0,closed,mi_class,6,0.04328507027011186,-0.27002080481789376,0.4692791666666667
22,1.0,closed,mi_class,7,0.00123641161183851,0.0002663252090077248,0.4692791666666667
22,1.0,closed,mi_class,8,-0.10507001293978946,-0.03866180816131065,0.4692791666666667
22,1.0,closed,mi_class,9,0.0002497172666863414,-0.011601208968950106,0.4692791666666667
22,1.0,closed,mi_class,10,-0.04623165709220965,-0.0015251365227492905,0.4692791666666667
22,1.0,closed,mi_class,11,0.10537356046989543,-0.7569079954890955,0.4692791666666667
22,1.0,closed,mi_class,12,0.04169725104191646,-0.8290989555470902,0.4692791666666667
22,1.0,closed,mi_class,13,-0.16293676794809642,0.43314798330686644,0.4692791666666667
22,1.0,closed,mi_class,14,-0.009054247353388225,-5.714638982650676e-05,0.4692791666666667
22,1.0,closed,mi_class,15,0.0015693791571497352,-0.011250595108649323,0.4692791666666667
22,1.0,closed,mi_class,16,-0.1083337034860685,0.2463904985844961,0.4692791666666667
22,1.0,closed,mi_class,17,0.3015286682866654,-0.6139623237455702,0.4692791666666667
22,1.0,closed,mi_class,18,0.18562106595154826,-0.8940608712028965,0.4692791666666667
22,1.0,closed,mi_class,19,-0.01386231125102572,0.004828262089081954,0.4692791666666667
22,1.0,closed,mi_class,20,0.051348705337110334,-0.4265076303373518,0.4692791666666667
22,1.0,closed,mi_class,21,-0.0102501669770938,0.6253333767345941,0.4692791666666667
22,1.0,closed,mi_class,22,0.021789587465890888,-0.06484243140069323,0.4692791666666667
22,1.0,closed,mi_class,23,0.014368570775023164,-7.549231780586827e-05,0.4692791666666667
22,1.0,closed,mi_class,24,-0.005299984017107663,0.01601345955297898,0.4692791666666667
22,1.0,closed,mi_class,25,0.1366266446376949,-0.1136918726017327,0.4692791666666667
22,1.0,closed,mi_class,26,-0.44197004015222396,0.7556068121651371,0.4692791666666667
22,1.0,closed,mi_class,27,-0.027461961153456227,0.6147301806769355,0.4692791666666667
22,1.0,closed,mi_class,28,-0.01594619449372947,0.3808470693995997,0.4692791666666667
22,1.0,closed,mi_class,29,-0.017324155617766013,0.2039753658891806,0.4692791666666667
22,1.0,closed,mi_class,30,0.06326487679763126,-0.2543054312424247,0.4692791666666667
22,1.0,closed,mi_class,31,0.09624019583317805,-0.3959205311071106,0.4692791666666667
22,1.0,closed,mi_class,32,-0.001690608603293676,0.008783415348973245,0.4692791666666667
22,1.0,closed,mi_class,33,0.043251158182748606,0.022699004617216915,0.4692791666666667
22,1.0,closed,mi_class,34,-0.20957842987489983,0.502212621615976,0.4692791666666667
22,1.0,closed,mi_class,35,-0.10865175015815243,0.889414487770019,0.4692791666666667
22,1.0,closed,mi_class,36,0.005629078137092843,0.0030750834805478755,0.4692791666666667
22,1.0,closed,mi_class,37,0.012784402749631496,0.35326743307761904,0.4692791666666667
22,1.0,closed,mi_class,38,0.028696318500325474,-0.26356673716921925,0.4692791666666667
22,1.0,closed,mi_class,39,-0.03721971407366631,0.4242717657149484,0.4692791666666667
22,1.0,closed,mi_class,40,-0.037856917174569904,0.30410450465089195,0.4692791666666667
22,1.0,closed,mi_class,41,-0.1147438018366471,-0.09582627086512137,0.4692791666666667
22,1.0,closed,mi_class,42,0.3532825785827056,-0.40955156139150184,0.4692791666666667
22,1.0,closed,mi_class,43,-0.06260070592521752,0.24662953288703007,0.4692791666666667
22,1.0,closed,mi_class,44,0.07401759897288793,-0.2621094077009255,0.4692791666666667
22,1.0,closed,mi_class,45,0.0024702817350186154,0.002061805383091532,0.4692791666666667
22,1.0,closed,mi_class,46,0.03547484560708947,-0.5718399904911871,0.4692791666666667
22,1.0,closed,mi_class,47,0.011712896199819899,-0.0010139051996764343,0.4692791666666667
22,1.0,closed,mi_class,48,-0.01544044355302876,-0.05915772695984227,0.4692791666666667
22,1.0,closed,mi_class,49,0.012029192841080108,-0.0032014341360671696,0.4692791666666667
22,1.0,closed,mi_class,50,0.006886969515785353,0.003329740423024795,0.4692791666666667
22,1.0,closed,mi_class,51,-0.000318302405129315,0.006448159399215831,0.4692791666666667
22,1.0,closed,mi_class,52,0.0021456561096365053,0.002161758741078145,0.4692791666666667
22,1.0,closed,mi_class,53,-0.011299897692854222,0.007430693195943047,0.4692791666666667
22,1.0,closed,mi_class,54,0.012839360665339512,0.015129529662193034,0.4692791666666667
22,1.0,closed,mi_class,55,0.000554746294216304,-0.00035286926571554593,0.4692791666666667
22,1.0,closed,mi_class,56,0.012044490777564447,-0.0009464714506790575,0.4692791666666667
22,1.0,closed,mi_class,57,0.14005052210426608,-0.1876905876873069,0.4692791666666667
22,1.0,closed,mi_class,58,0.0564189249857838,0.00858929105238948,0.4692791666666667
22,1.0,closed,mi_class,59,0.040525049116123646,-0.5871650293948313,0.4692791666666667
22,1.0,closed,mi_class,60,-0.30689725683238045,0.5454431040087178,0.4692791666666667
22,1.0,closed,mi_class,61,0.036056717817579714,-0.01070642298669317,0.4692791666666667
22,1.0,closed,mi_class,62,-0.021943567295317386,0.0055095983927641165,0.4692791666666667
22,1.0,closed,mi_class,63,0.1507992237328004,-0.1589922512587158,0.4692791666666667
22,1.0,closed,mi_class,64,-0.05816615967126687,0.3816006062097897,0.4692791666666667
22,1.0,closed,mi_class,65,-0.05218177795137485,0.00449274957881008,0.4692791666666667
22,1.0,closed,mi_site,0,0.012849378216829192,0.008398304847880712,0.4692791666666667
22,1.0,closed,mi_site,1,-0.004110843800208947,-0.009015554138867437,0.4692791666666667
22,1.0,closed,mi_site,2,-0.02422375934310264,-0.2028464969232804,0.4692791666666667
22,1.0,closed,mi_site,3,-0.02260805060760729,-0.5502959387055936,0.4692791666666667
22,1.0,closed,mi_site,4,0.0577333819382132,0.48303554578831653,0.4692791666666667
22,1.0,closed,mi_site,5,0.09176326503529852,-0.0054820209375378084,0.4692791666666667
22,1.0,closed,mi_site,6,0.00478912783150115,-0.27002080481789376,0.4692791666666667
22,1.0,closed,mi_site,7,-0.014309930293481899,0.0002663252090077248,0.4692791666666667
22,1.0,closed,mi_site,8,-0.01829789139776103,-0.03866180816131065,0.4692791666666667
22,1.0,closed,mi_site,9,-0.0006311962475934949,-0.011601208968950106,0.4692791666666667
22,1.0,closed,mi_site,10,-0.003823311657657487,-0.0015251365227492905,0.4692791666666667
22,1.0,closed,mi_site,11,-0.029556631024964863,-0.7569079954890955,0.4692791666666667
22,1.0,closed,mi_site,12,-0.03396601077147554,-0.8290989555470902,0.4692791666666667
22,1.0,closed,mi_site,13,0.023917752442734308,0.43314798330686644,0.4692791666666667
22,1.0,closed,mi_site,14,0.008398237055223773,-5.714638982650676e-05,0.4692791666666667
22,1.0,closed,mi_site,15,-0.11649158181088347,-0.011250595108649323,0.4692791666666667
22,1.0,closed,mi_site,16,0.02736251362542122,0.2463904985844961,0.4692791666666667
22,1.0,closed,mi_site,17,-0.043721697855107045,-0.6139623237455702,0.4692791666666667
22,1.0,closed,mi_site,18,-0.03237362921684872,-0.8940608712028965,0.4692791666666667
22,1.0,closed,mi_site,19,0.002173875029492515,0.004828262089081954,0.4692791666666667
22,1.0,closed,mi_site,20,-0.013210037249674955,-0.4265076303373518,0.4692791666666667
22,1.0,closed,mi_site,21,0.04206930234518791,0.6253333767345941,0.4692791666666667
22,1.0,closed,mi_site,22,-0.02170367974375595,-0.06484243140069323,0.4692791666666667
22,1.0,closed,mi_site,23,0.010331163716663752,-7.549231780586827e-05,0.4692791666666667
22,1.0,closed,mi_site,24,0.04532886217107651,0.01601345955297898,0.4692791666666667
22,1.0,closed,mi_site,25,-0.0237216887932422,-0.1136918726017327,0.4692791666666667
22,1.0,closed,mi_site,26,0.04498937454410412,0.7556068121651371,0.4692791666666667
22,1.0,closed,mi_site,27,0.03754657700889752,0.6147301806769355,0.4692791666666667
22,1.0,closed,mi_site,28,0.001582327142259865,0.3808470693995997,0.4692791666666667
22,1.0,closed,mi_site,29,0.008700247683077228,0.2039753658891806,0.4692791666666667
22,1.0,closed,mi_site,30,-0.036834290699930106,-0.2543054312424247,0.4692791666666667
22,1.0,closed,mi_site,31,-0.005810928100334789,-0.3959205311071106,0.4692791666666667
22,1.0,closed,mi_site,32,0.07530708156264791,0.008783415348973245,0.4692791666666667
22,1.0,closed,mi_site,33,-0.036533186830909156,0.022699004617216915,0.4692791666666667
22,1.0,closed,mi_site,34,0.042959922057584476,0.502212621615976,0.4692791666666667
22,1.0,closed,mi_site,35,0.013588082888254971,0.889414487770019,0.4692791666666667
22,1.0,closed,mi_site,36,-0.0022272225700220925,0.0030750834805478755,0.4692791666666667
22,1.0,closed,mi_site,37,0.017294920207114817,0.35326743307761904,0.4692791666666667
22,1.0,closed,mi_site,38,-0.009855106714039497,-0.26356673716921925,0.4692791666666667
22,1.0,closed,mi_site,39,-0.16585789540688123,0.4242717657149484,0.4692791666666667
22,1.0,closed,mi_site,40,0.021941617119637158,0.30410450465089195,0.4692791666666667
22,1.0,closed,mi_site,41,-0.03066842592074455,-0.09582627086512137,0.4692791666666667
22,1.0,closed,mi_site,42,-0.028954909873556922,-0.40955156139150184,0.4692791666666667
22,1.0,closed,mi_site,43,0.04047189421055222,0.24662953288703007,0.4692791666666667
22,1.0,closed,mi_site,44,-0.02542974011723187,-0.2621094077009255,0.4692791666666667
22,1.0,closed,mi_site,45,0.03705627504479222,0.002061805383091532,0.4692791666666667
22,1.0,closed,mi_site,46,0.023288094450419128,-0.5718399904911871,0.4692791666666667
22,1.0,closed,mi_site,47,0.005446140031994591,-0.0010139051996764343,0.4692791666666667
22,1.0,closed,mi_site,48,-0.0032755590087375913,-0.05915772695984227,0.4692791666666667
22,1.0,closed,mi_site,49,0.01834545838405774,-0.0032014341360671696,0.4692791666666667
22,1.0,closed,mi_site,50,-0.006533305197921074,0.003329740423024795,0.4692791666666667
22,1.0,closed,mi_site,51,-0.05543073150329775,0.006448159399215831,0.4692791666666667
22,1.0,closed,mi_site,52,0.03829219156148654,0.002161758741078145,0.4692791666666667
22,1.0,closed,mi_site,53,0.11221789061303752,0.007430693195943047,0.4692791666666667
22,1.0,closed,mi_site,54,-0.0221367031048251,0.015129529662193034,0.4692791666666667
22,1.0,closed,mi_site,55,0.05894493152104423,-0.00035286926571554593,0.4692791666666667
22,1.0,closed,mi_site,56,0.0008637176687255531,-0.0009464714506790575,0.4692791666666667
22,1.0,closed,mi_site,57,-0.02044754609539809,-0.1876905876873069,0.4692791666666667
22,1.0,closed,mi_site,58,-0.022341152872139815,0.00858929105238948,0.4692791666666667
22,1.0,closed,mi_site,59,-0.06821882173820715,-0.5871650293948313,0.4692791666666667
22,1.0,closed,mi_site,60,0.02750797512381198,0.5454431040087178,0.4692791666666667
22,1.0,closed,mi_site,61,-0.03107856191814444,-0.01070642298669317,0.4692791666666667
22,1.0,closed,mi_site,62,-0.001483544229811216,0.0055095983927641165,0.4692791666666667
22,1.0,closed,mi_site,63,-0.011180334364154304,-0.1589922512587158,0.4692791666666667
22,1.0,closed,mi_site,64,0.024610732991409978,0.3816006062097897,0.4692791666666667
22,1.0,closed,mi_site,65,-0.005791417023385445,0.00449274957881008,0.4692791666666667
22,2.0,aligned,available,0,-0.000668685287096937,0.014294724857297244,0.4692791666666667
22,2.0,aligned,available,1,-0.01025796827578054,-0.018878120998018763,0.4692791666666667
22,2.0,aligned,available,2,0.0030552059049231417,-0.21118903224579624,0.4692791666666667
22,2.0,aligned,available,3,-0.007276674249618975,-0.558233314677288,0.4692791666666667
22,2.0,aligned,available,4,0.0020470612830835733,0.4839435659192031,0.4692791666666667
22,2.0,aligned,available,5,0.007349083991502349,-0.0063810333725301555,0.4692791666666667
22,2.0,aligned,available,6,-0.002912532391219913,-0.27698303662642665,0.4692791666666667
22,2.0,aligned,available,7,-0.00956795619671406,-0.01021919768315982,0.4692791666666667
22,2.0,aligned,available,8,-0.012316916633260747,-0.04337457860072574,0.4692791666666667
22,2.0,aligned,available,9,-0.01773913767375881,-0.017994986150377115,0.4692791666666667
22,2.0,aligned,available,10,-0.008788572213097898,-0.002182801724493437,0.4692791666666667
22,2.0,aligned,available,11,-0.00034422782980758626,-0.7579920959969642,0.4692791666666667
22,2.0,aligned,available,12,-0.0067908273783763295,-0.8292039220910353,0.4692791666666667
22,2.0,aligned,available,13,-0.009836689306859936,0.4250661788667591,0.4692791666666667
22,2.0,aligned,available,14,0.017764760092186915,0.006211251582427918,0.4692791666666667
22,2.0,aligned,available,15,-0.004912118529654799,-0.01175303648789747,0.4692791666666667
22,2.0,aligned,available,16,-0.005868137683971736,0.2361923084599024,0.4692791666666667
22,2.0,aligned,available,17,-0.0011308702584150732,-0.6284495451455838,0.4692791666666667
22,2.0,aligned,available,18,-0.0002274149621261934,-0.8953157028254195,0.4692791666666667
22,2.0,aligned,available,19,0.007237710134361213,0.013548798191191253,0.4692791666666667
22,2.0,aligned,available,20,0.006033730004568583,-0.42023843677238515,0.4692791666666667
22,2.0,aligned,available,21,-0.0066779194054013,0.6259301444380357,0.4692791666666667
22,2.0,aligned,available,22,-0.008064810957268409,-0.05364901642017505,0.4692791666666667
22,2.0,aligned,available,23,-0.01272351568674315,-0.004746455150259229,0.4692791666666667
22,2.0,aligned,available,24,-0.003655823630986238,0.016286282009327867,0.4692791666666667
22,2.0,aligned,available,25,-0.0032820125119067817,-0.1063276758998208,0.4692791666666667
22,2.0,aligned,available,26,0.01095649234829732,0.7571103020169557,0.4692791666666667
22,2.0,aligned,available,27,-0.006242869034287057,0.6120512982806225,0.4692791666666667
22,2.0,aligned,available,28,-0.010925281547661203,0.38282528153819423,0.4692791666666667
22,2.0,aligned,available,29,0.0003212519699804517,0.1986499673178212,0.4692791666666667
22,2.0,aligned,available,30,-0.012058793112781796,-0.2443099277560068,0.4692791666666667
22,2.0,aligned,available,31,-0.015032801764021941,-0.4074876291297387,0.4692791666666667
22,2.0,aligned,available,32,0.017381327536603194,0.009210043453678193,0.4692791666666667
22,2.0,aligned,available,33,-0.0017770990371048026,0.04062703483989888,0.4692791666666667
22,2.0,aligned,available,34,0.0009608505163730685,0.5170656632928682,0.4692791666666667
22,2.0,aligned,available,35,0.0037723479724124376,0.8880127473567878,0.4692791666666667
22,2.0,aligned,available,36,-0.013556211783715185,-0.008612565035764783,0.4692791666666667
22,2.0,aligned,available,37,0.0133879150676533,0.34737755762270667,0.4692791666666667
22,2.0,aligned,available,38,-0.0024508023012611013,-0.26542450616132823,0.4692791666666667
22,2.0,aligned,available,39,-0.0003322878783981742,0.4194741550319876,0.4692791666666667
22,2.0,aligned,available,40,0.00900413633206043,0.30508838965661955,0.4692791666666667
22,2.0,aligned,available,41,0.009036493516351593,-0.09715543056915092,0.4692791666666667
22,2.0,aligned,available,42,0.01631563333355257,-0.40627295297634947,0.4692791666666667
22,2.0,aligned,available,43,0.010762223116943637,0.26249533610791226,0.4692791666666667
22,2.0,aligned,available,44,-0.001103734144640045,-0.25850773178409364,0.4692791666666667
22,2.0,aligned,available,45,0.012414357375287332,0.0019349044224909414,0.4692791666666667
22,2.0,aligned,available,46,0.0003146348314296832,-0.5851233391237879,0.4692791666666667
22,2.0,aligned,available,47,-0.015547847751764111,-0.011672600903544826,0.4692791666666667
22,2.0,aligned,available,48,-0.006360769828124321,-0.06702685523018713,0.4692791666666667
22,2.0,aligned,available,49,-0.020267906693367505,0.005139092234458241,0.4692791666666667
22,2.0,aligned,available,50,0.004950954220188957,0.0027696903652791325,0.4692791666666667
22,2.0,aligned,available,51,0.0025764129590634278,0.006408342764235417,0.4692791666666667
22,2.0,aligned,available,52,0.00632146114470424,0.003144055808101412,0.4692791666666667
22,2.0,aligned,available,53,0.015583720669945955,0.007976317754890574,0.4692791666666667
22,2.0,aligned,available,54,0.014456082114979629,0.01392709419307557,0.4692791666666667
22,2.0,aligned,available,55,-0.0016627974596206247,-0.00035286926571554593,0.4692791666666667
22,2.0,aligned,available,56,-0.005548729959901067,0.005628746969153825,0.4692791666666667
22,2.0,aligned,available,57,-0.023823099201706027,-0.17647211036758392,0.4692791666666667
22,2.0,aligned,available,58,0.003885700219091181,0.0038826141839144695,0.4692791666666667
22,2.0,aligned,available,59,-0.008032013509455704,-0.5801581901627558,0.4692791666666667
22,2.0,aligned,available,60,-0.0002327942476423317,0.5613808628611494,0.4692791666666667
22,2.0,aligned,available,61,0.0016342486330671313,-0.027588715890334674,0.4692791666666667
22,2.0,aligned,available,62,0.01028174387695446,0.005208801355831936,0.4692791666666667
22,2.0,aligned,available,63,0.000992918003688753,-0.17538008257632895,0.4692791666666667
22,2.0,aligned,available,64,-0.006605756339513658,0.3759313710336258,0.4692791666666667
22,2.0,aligned,available,65,0.00036492862237557516,0.004220122476599397,0.4692791666666667
22,2.0,aligned,mi_obs,0,0.026532597986973223,0.014294724857297244,0.4692791666666667
22,2.0,aligned,mi_obs,1,-0.012171054468953554,-0.018878120998018763,0.4692791666666667
22,2.0,aligned,mi_obs,2,-0.04265955705600402,-0.21118903224579624,0.4692791666666667
22,2.0,aligned,mi_obs,3,-0.024383166733861095,-0.558233314677288,0.4692791666666667
22,2.0,aligned,mi_obs,4,0.0657134753187219,0.4839435659192031,0.4692791666666667
22,2.0,aligned,mi_obs,5,0.10647466181009536,-0.0063810333725301555,0.4692791666666667
22,2.0,aligned,mi_obs,6,-0.009549828858600451,-0.27698303662642665,0.4692791666666667
22,2.0,aligned,mi_obs,7,-0.029674302876277557,-0.01021919768315982,0.4692791666666667
22,2.0,aligned,mi_obs,8,-0.048518351687531415,-0.04337457860072574,0.4692791666666667
22,2.0,aligned,mi_obs,9,-0.0011295024363112485,-0.017994986150377115,0.4692791666666667
22,2.0,aligned,mi_obs,10,-0.02665956752552718,-0.002182801724493437,0.4692791666666667
22,2.0,aligned,mi_obs,11,-0.0352498370433042,-0.7579920959969642,0.4692791666666667
22,2.0,aligned,mi_obs,12,-0.046359177427540366,-0.8292039220910353,0.4692791666666667
22,2.0,aligned,mi_obs,13,0.02442199823714869,0.4250661788667591,0.4692791666666667
22,2.0,aligned,mi_obs,14,0.026240180753030015,0.006211251582427918,0.4692791666666667
22,2.0,aligned,mi_obs,15,-0.1534497377904156,-0.01175303648789747,0.4692791666666667
22,2.0,aligned,mi_obs,16,0.029529496643644293,0.2361923084599024,0.4692791666666667
22,2.0,aligned,mi_obs,17,-0.025511189261111178,-0.6284495451455838,0.4692791666666667
22,2.0,aligned,mi_obs,18,-0.03546415451762375,-0.8953157028254195,0.4692791666666667
22,2.0,aligned,mi_obs,19,0.02178573598521414,0.013548798191191253,0.4692791666666667
22,2.0,aligned,mi_obs,20,-0.019192089471492868,-0.42023843677238515,0.4692791666666667
22,2.0,aligned,mi_obs,21,0.04448779529709024,0.6259301444380357,0.4692791666666667
22,2.0,aligned,mi_obs,22,-0.027126136936319246,-0.05364901642017505,0.4692791666666667
22,2.0,aligned,mi_obs,23,-0.0048855460452672615,-0.004746455150259229,0.4692791666666667
22,2.0,aligned,mi_obs,24,0.06556059893700467,0.016286282009327867,0.4692791666666667
22,2.0,aligned,mi_obs,25,-0.026437236553235058,-0.1063276758998208,0.4692791666666667
22,2.0,aligned,mi_obs,26,0.04490483685462976,0.7571103020169557,0.4692791666666667
22,2.0,aligned,mi_obs,27,0.04774444054874105,0.6120512982806225,0.4692791666666667
22,2.0,aligned,mi_obs,28,-0.00810193828226985,0.38282528153819423,0.4692791666666667
22,2.0,aligned,mi_obs,29,0.019207924310528007,0.1986499673178212,0.4692791666666667
22,2.0,aligned,mi_obs,30,-0.03369249896535226,-0.2443099277560068,0.4692791666666667
22,2.0,aligned,mi_obs,31,-0.0285627757873137,-0.4074876291297387,0.4692791666666667
22,2.0,aligned,mi_obs,32,0.11612892516002819,0.009210043453678193,0.4692791666666667
22,2.0,aligned,mi_obs,33,-0.053551338485681575,0.04062703483989888,0.4692791666666667
22,2.0,aligned,mi_obs,34,0.03180372833826384,0.5170656632928682,0.4692791666666667
22,2.0,aligned,mi_obs,35,0.02516462496576899,0.8880127473567878,0.4692791666666667
22,2.0,aligned,mi_obs,36,-0.017825832149168143,-0.008612565035764783,0.4692791666666667
22,2.0,aligned,mi_obs,37,0.037718586474867755,0.34737755762270667,0.4692791666666667
22,2.0,aligned,mi_obs,38,-0.009918962967098932,-0.26542450616132823,0.4692791666666667
22,2.0,aligned,mi_obs,39,-0.19372694095743284,0.4194741550319876,0.4692791666666667
22,2.0,aligned,mi_obs,40,0.033037745492239534,0.30508838965661955,0.4692791666666667
22,2.0,aligned,mi_obs,41,-0.013751086406004948,-0.09715543056915092,0.4692791666666667
22,2.0,aligned,mi_obs,42,-0.02173891923450305,-0.40627295297634947,0.4692791666666667
22,2.0,aligned,mi_obs,43,0.04458926354023757,0.26249533610791226,0.4692791666666667
22,2.0,aligned,mi_obs,44,-0.020764676580182995,-0.25850773178409364,0.4692791666666667
22,2.0,aligned,mi_obs,45,0.05562655908736972,0.0019349044224909414,0.4692791666666667
22,2.0,aligned,mi_obs,46,0.01734078001502415,-0.5851233391237879,0.4692791666666667
22,2.0,aligned,mi_obs,47,-0.035625753767051335,-0.011672600903544826,0.4692791666666667
22,2.0,aligned,mi_obs,48,-0.01871204460035271,-0.06702685523018713,0.4692791666666667
22,2.0,aligned,mi_obs,49,0.019116922808887257,0.005139092234458241,0.4692791666666667
22,2.0,aligned,mi_obs,50,-0.014944025169350901,0.0027696903652791325,0.4692791666666667
22,2.0,aligned,mi_obs,51,-0.07132494637158038,0.006408342764235417,0.4692791666666667
22,2.0,aligned,mi_obs,52,0.04033089681107035,0.003144055808101412,0.4692791666666667
22,2.0,aligned,mi_obs,53,0.15571048039902696,0.007976317754890574,0.4692791666666667
22,2.0,aligned,mi_obs,54,-0.049020788027587886,0.01392709419307557,0.4692791666666667
22,2.0,aligned,mi_obs,55,0.0716881769475441,-0.00035286926571554593,0.4692791666666667
22,2.0,aligned,mi_obs,56,0.024453910309240615,0.005628746969153825,0.4692791666666667
22,2.0,aligned,mi_obs,57,-0.044804889017530214,-0.17647211036758392,0.4692791666666667
22,2.0,aligned,mi_obs,58,-0.02445715036160308,0.0038826141839144695,0.4692791666666667
22,2.0,aligned,mi_obs,59,-0.07938442750761066,-0.5801581901627558,0.4692791666666667
22,2.0,aligned,mi_obs,60,0.016895421575931602,0.5613808628611494,0.4692791666666667
22,2.0,aligned,mi_obs,61,-0.03737585703480365,-0.027588715890334674,0.4692791666666667
22,2.0,aligned,mi_obs,62,-0.012532199622040809,0.005208801355831936,0.4692791666666667
22,2.0,aligned,mi_obs,63,-0.021900283878669297,-0.17538008257632895,0.4692791666666667
22,2.0,aligned,mi_obs,64,0.03011538155100829,0.3759313710336258,0.4692791666666667
22,2.0,aligned,mi_obs,65,0.0026022137170329963,0.004220122476599397,0.4692791666666667
22,2.0,aligned,mi_class,0,-0.2760448368152121,0.014294724857297244,0.4692791666666667
22,2.0,aligned,mi_class,1,0.000270447226440141,-0.018878120998018763,0.4692791666666667
22,2.0,aligned,mi_class,2,0.01995302134484722,-0.21118903224579624,0.4692791666666667
22,2.0,aligned,mi_class,3,0.2119113153331677,-0.558233314677288,0.4692791666666667
22,2.0,aligned,mi_class,4,-0.13741128006004288,0.4839435659192031,0.4692791666666667
22,2.0,aligned,mi_class,5,0.008922240175177015,-0.0063810333725301555,0.4692791666666667
22,2.0,aligned,mi_class,6,-0.027222188043248996,-0.27698303662642665,0.4692791666666667
22,2.0,aligned,mi_class,7,-0.010709798053302525,-0.01021919768315982,0.4692791666666667
22,2.0,aligned,mi_class,8,-0.005210020041241457,-0.04337457860072574,0.4692791666666667
22,2.0,aligned,mi_class,9,-0.022532056551908878,-0.017994986150377115,0.4692791666666667
22,2.0,aligned,mi_class,10,-0.04620995819796299,-0.002182801724493437,0.4692791666666667
22,2.0,aligned,mi_class,11,0.23738097069994535,-0.7579920959969642,0.4692791666666667
22,2.0,aligned,mi_class,12,0.20179404526436362,-0.8292039220910353,0.4692791666666667
22,2.0,aligned,mi_class,13,-0.23836246639495262,0.4250661788667591,0.4692791666666667
22,2.0,aligned,mi_class,14,0.003995550187501577,0.006211251582427918,0.4692791666666667
22,2.0,aligned,mi_class,15,0.009544666016865077,-0.01175303648789747,0.4692791666666667
22,2.0,aligned,mi_class,16,-0.03500930957912379,0.2361923084599024,0.4692791666666667
22,2.0,aligned,mi_class,17,0.2915615312447255,-0.6284495451455838,0.4692791666666667
22,2.0,aligned,mi_class,18,0.31427763681110166,-0.8953157028254195,0.4692791666666667
22,2.0,aligned,mi_class,19,0.018237549142680366,0.013548798191191253,0.4692791666666667
22,2.0,aligned,mi_class,20,0.18288858729237378,-0.42023843677238515,0.4692791666666667
22,2.0,aligned,mi_class,21,-0.04152917810896506,0.6259301444380357,0.4692791666666667
22,2.0,aligned,mi_class,22,0.024447297144486374,-0.05364901642017505,0.4692791666666667
22,2.0,aligned,mi_class,23,-0.006369761458145766,-0.004746455150259229,0.4692791666666667
22,2.0,aligned,mi_class,24,-0.004516558827217205,0.016286282009327867,0.4692791666666667
22,2.0,aligned,mi_class,25,-0.008202041495475931,-0.1063276758998208,0.4692791666666667
22,2.0,aligned,mi_class,26,-0.3532989234215586,0.7571103020169557,0.4692791666666667
22,2.0,aligned,mi_class,27,0.01657272222367201,0.6120512982806225,0.4692791666666667
22,2.0,aligned,mi_class,28,-0.036465060143341055,0.38282528153819423,0.4692791666666667
22,2.0,aligned,mi_class,29,-0.01100576643243209,0.1986499673178212,0.4692791666666667
22,2.0,aligned,mi_class,30,0.09199127677789751,-0.2443099277560068,0.4692791666666667
22,2.0,aligned,mi_class,31,0.10026876613336494,-0.4074876291297387,0.4692791666666667
22,2.0,aligned,mi_class,32,0.002998453018619519,0.009210043453678193,0.4692791666666667
22,2.0,aligned,mi_class,33,-0.09335427949705963,0.04062703483989888,0.4692791666666667
22,2.0,aligned,mi_class,34,-0.13908802728377395,0.5170656632928682,0.4692791666666667
22,2.0,aligned,mi_class,35,-0.09910367074117876,0.8880127473567878,0.4692791666666667
22,2.0,aligned,mi_class,36,-0.02291471774480859,-0.008612565035764783,0.4692791666666667
22,2.0,aligned,mi_class,37,0.025008811105734663,0.34737755762270667,0.4692791666666667
22,2.0,aligned,mi_class,38,0.05084292973505722,-0.26542450616132823,0.4692791666666667
22,2.0,aligned,mi_class,39,-0.07093833511844938,0.4194741550319876,0.4692791666666667
22,2.0,aligned,mi_class,40,-0.08575858420498156,0.30508838965661955,0.4692791666666667
22,2.0,aligned,mi_class,41,0.21496833603217624,-0.09715543056915092,0.4692791666666667
22,2.0,aligned,mi_class,42,0.30178388301740716,-0.40627295297634947,0.4692791666666667
22,2.0,aligned,mi_class,43,-0.10638836282009062,0.26249533610791226,0.4692791666666667
22,2.0,aligned,mi_class,44,0.10208041689954442,-0.25850773178409364,0.4692791666666667
22,2.0,aligned,mi_class,45,0.009412718210371911,0.0019349044224909414,0.4692791666666667
22,2.0,aligned,mi_class,46,0.09142242210844587,-0.5851233391237879,0.4692791666666667
22,2.0,aligned,mi_class,47,-0.01631121152571066,-0.011672600903544826,0.4692791666666667
22,2.0,aligned,mi_class,48,0.0057325310165832755,-0.06702685523018713,0.4692791666666667
22,2.0,aligned,mi_class,49,-0.015524722509895027,0.005139092234458241,0.4692791666666667
22,2.0,aligned,mi_class,50,0.007331025273786515,0.0027696903652791325,0.4692791666666667
22,2.0,aligned,mi_class,51,0.00030616942669928465,0.006408342764235417,0.4692791666666667
22,2.0,aligned,mi_class,52,0.012255556002686177,0.003144055808101412,0.4692791666666667
22,2.0,aligned,mi_class,53,-0.006321437427518549,0.007976317754890574,0.4692791666666667
22,2.0,aligned,mi_class,54,0.009605672694176715,0.01392709419307557,0.4692791666666667
22,2.0,aligned,mi_class,55,0.005834427125988001,-0.00035286926571554593,0.4692791666666667
22,2.0,aligned,mi_class,56,-0.004547438192165231,0.005628746969153825,0.4692791666666667
22,2.0,aligned,mi_class,57,-0.00723981879990776,-0.17647211036758392,0.4692791666666667
22,2.0,aligned,mi_class,58,-0.025734425033552943,0.0038826141839144695,0.4692791666666667
22,2.0,aligned,mi_class,59,-0.049115991682455507,-0.5801581901627558,0.4692791666666667
22,2.0,aligned,mi_class,60,-0.2803409155467331,0.5613808628611494,0.4692791666666667
22,2.0,aligned,mi_class,61,0.0004785145734245745,-0.027588715890334674,0.4692791666666667
22,2.0,aligned,mi_class,62,0.008996746812863261,0.005208801355831936,0.4692791666666667
22,2.0,aligned,mi_class,63,0.0008274560489226479,-0.17538008257632895,0.4692791666666667
22,2.0,aligned,mi_class,64,-0.04054142839675029,0.3759313710336258,0.4692791666666667
22,2.0,aligned,mi_class,65,0.04716726083412353,0.004220122476599397,0.4692791666666667
22,2.0,aligned,mi_site,0,0.014202796525111505,0.014294724857297244,0.4692791666666667
22,2.0,aligned,mi_site,1,-0.0065706790806353,-0.018878120998018763,0.4692791666666667
22,2.0,aligned,mi_site,2,0.020582101544467185,-0.21118903224579624,0.4692791666666667
22,2.0,aligned,mi_site,3,0.030394236672352415,-0.558233314677288,0.4692791666666667
22,2.0,aligned,mi_site,4,-0.004258598950355463,0.4839435659192031,0.4692791666666667
22,2.0,aligned,mi_site,5,0.04857789631059155,-0.0063810333725301555,0.4692791666666667
22,2.0,aligned,mi_site,6,0.009976687746523882,-0.27698303662642665,0.4692791666666667
22,2.0,aligned,mi_site,7,-0.006599659715210662,-0.01021919768315982,0.4692791666666667
22,2.0,aligned,mi_site,8,-0.021408661589610127,-0.04337457860072574,0.4692791666666667
22,2.0,aligned,mi_site,9,-0.004809298445865126,-0.017994986150377115,0.4692791666666667
22,2.0,aligned,mi_site,10,-0.013082603172456377,-0.002182801724493437,0.4692791666666667
22,2.0,aligned,mi_site,11,0.033530832982473946,-0.7579920959969642,0.4692791666666667
22,2.0,aligned,mi_site,12,0.12170095341019438,-0.8292039220910353,0.4692791666666667
22,2.0,aligned,mi_site,13,-0.007082767934037171,0.4250661788667591,0.4692791666666667
22,2.0,aligned,mi_site,14,0.02625897673628315,0.006211251582427918,0.4692791666666667
22,2.0,aligned,mi_site,15,-0.07867764649934524,-0.01175303648789747,0.4692791666666667
22,2.0,aligned,mi_site,16,0.018222884047867982,0.2361923084599024,0.4692791666666667
22,2.0,aligned,mi_site,17,-0.0066629219592097,-0.6284495451455838,0.4692791666666667
22,2.0,aligned,mi_site,18,0.04136526194264478,-0.8953157028254195,0.4692791666666667
22,2.0,aligned,mi_site,19,-0.016957078462451345,0.013548798191191253,0.4692791666666667
22,2.0,aligned,mi_site,20,0.003968557108404436,-0.42023843677238515,0.4692791666666667
22,2.0,aligned,mi_site,21,-0.03132996626910933,0.6259301444380357,0.4692791666666667
22,2.0,aligned,mi_site,22,-0.03812504788127031,-0.05364901642017505,0.4692791666666667
22,2.0,aligned,mi_site,23,-0.0017805062908014084,-0.004746455150259229,0.4692791666666667
22,2.0,aligned,mi_site,24,0.05007266280870855,0.016286282009327867,0.4692791666666667
22,2.0,aligned,mi_site,25,-0.03240346505111859,-0.1063276758998208,0.4692791666666667
22,2.0,aligned,mi_site,26,0.019810359587891013,0.7571103020169557,0.4692791666666667
22,2.0,aligned,mi_site,27,0.011230617557352884,0.6120512982806225,0.4692791666666667
22,2.0,aligned,mi_site,28,-0.35714316581186867,0.38282528153819423,0.4692791666666667
22,2.0,aligned,mi_site,29,0.004347735693486399,0.1986499673178212,0.4692791666666667
22,2.0,aligned,mi_site,30,-0.011740926438284227,-0.2443099277560068,0.4692791666666667
22,2.0,aligned,mi_site,31,0.035188795398892525,-0.4074876291297387,0.4692791666666667
22,2.0,aligned,mi_site,32,0.059220670797529296,0.009210043453678193,0.4692791666666667
22,2.0,aligned,mi_site,33,-0.04575732904972083,0.04062703483989888,0.4692791666666667
22,2.0,aligned,mi_site,34,-0.041589886281045374,0.5170656632928682,0.4692791666666667
22,2.0,aligned,mi_site,35,-0.1362863136828737,0.8880127473567878,0.4692791666666667
22,2.0,aligned,mi_site,36,0.00829172781495796,-0.008612565035764783,0.4692791666666667
22,2.0,aligned,mi_site,37,-0.02954861888402721,0.34737755762270667,0.4692791666666667
22,2.0,aligned,mi_site,38,0.006113033306155424,-0.26542450616132823,0.4692791666666667
22,2.0,aligned,mi_site,39,-0.11453264290948201,0.4194741550319876,0.4692791666666667
22,2.0,aligned,mi_site,40,0.023302553047002794,0.30508838965661955,0.4692791666666667
22,2.0,aligned,mi_site,41,-0.023901042374733242,-0.09715543056915092,0.4692791666666667
22,2.0,aligned,mi_site,42,-0.014037696857021609,-0.40627295297634947,0.4692791666666667
22,2.0,aligned,mi_site,43,-0.25512058776068813,0.26249533610791226,0.4692791666666667
22,2.0,aligned,mi_site,44,-0.0030545083972045584,-0.25850773178409364,0.4692791666666667
22,2.0,aligned,mi_site,45,0.027319737496338845,0.0019349044224909414,0.4692791666666667
22,2.0,aligned,mi_site,46,0.024295810384854066,-0.5851233391237879,0.4692791666666667
22,2.0,aligned,mi_site,47,-0.026190563075779667,-0.011672600903544826,0.4692791666666667
22,2.0,aligned,mi_site,48,-0.050806040577614744,-0.06702685523018713,0.4692791666666667
22,2.0,aligned,mi_site,49,-0.043861433745537186,0.005139092234458241,0.4692791666666667
22,2.0,aligned,mi_site,50,-0.010889339958077816,0.0027696903652791325,0.4692791666666667
22,2.0,aligned,mi_site,51,-0.030085587051474336,0.006408342764235417,0.4692791666666667
22,2.0,aligned,mi_site,52,0.04883624349126715,0.003144055808101412,0.4692791666666667
22,2.0,aligned,mi_site,53,0.0675041780567025,0.007976317754890574,0.4692791666666667
22,2.0,aligned,mi_site,54,-0.038428436519700536,0.01392709419307557,0.4692791666666667
22,2.0,aligned,mi_site,55,0.029864974682854987,-0.00035286926571554593,0.4692791666666667
22,2.0,aligned,mi_site,56,0.008719079357093915,0.005628746969153825,0.4692791666666667
22,2.0,aligned,mi_site,57,-0.026690330516975835,-0.17647211036758392,0.4692791666666667
22,2.0,aligned,mi_site,58,0.008280413088384802,0.0038826141839144695,0.4692791666666667
22,2.0,aligned,mi_site,59,-0.04737076506018967,-0.5801581901627558,0.4692791666666667
22,2.0,aligned,mi_site,60,0.015248862602089464,0.5613808628611494,0.4692791666666667
22,2.0,aligned,mi_site,61,0.03357710276360311,-0.027588715890334674,0.4692791666666667
22,2.0,aligned,mi_site,62,-0.009037082691406812,0.005208801355831936,0.4692791666666667
22,2.0,aligned,mi_site,63,0.4301582153240714,-0.17538008257632895,0.4692791666666667
22,2.0,aligned,mi_site,64,-0.0017371864409310156,0.3759313710336258,0.4692791666666667
22,2.0,aligned,mi_site,65,-0.0044912956607018675,0.004220122476599397,0.4692791666666667
22,2.0,closed,available,0,0.0059566875281826855,0.014294724857297244,0.4692791666666667
22,2.0,closed,available,1,-0.000883599485149808,-0.018878120998018763,0.4692791666666667
22,2.0,closed,available,2,0.012976554172678206,-0.21118903224579624,0.4692791666666667
22,2.0,closed,available,3,-0.004535566682095538,-0.558233314677288,0.4692791666666667
22,2.0,closed,available,4,0.014757136630121237,0.4839435659192031,0.4692791666666667
22,2.0,closed,available,5,-0.014945568854117968,-0.0063810333725301555,0.4692791666666667
22,2.0,closed,available,6,0.004629980065180006,-0.27698303662642665,0.4692791666666667
22,2.0,closed,available,7,-0.0023774282711518865,-0.01021919768315982,0.4692791666666667
22,2.0,closed,available,8,0.015547596426128678,-0.04337457860072574,0.4692791666666667
22,2.0,closed,available,9,0.0008000349688677445,-0.017994986150377115,0.4692791666666667
22,2.0,closed,available,10,-0.00040386029193379466,-0.002182801724493437,0.4692791666666667
22,2.0,closed,available,11,-0.0027762798160082536,-0.7579920959969642,0.4692791666666667
22,2.0,closed,available,12,0.001277464663992256,-0.8292039220910353,0.4692791666666667
22,2.0,closed,available,13,-0.001797702109063104,0.4250661788667591,0.4692791666666667
22,2.0,closed,available,14,-0.005514832021235521,0.006211251582427918,0.4692791666666667
22,2.0,closed,available,15,0.009001421454157043,-0.01175303648789747,0.4692791666666667
22,2.0,closed,available,16,0.0069656607231251555,0.2361923084599024,0.4692791666666667
22,2.0,closed,available,17,-0.0035992905477657544,-0.6284495451455838,0.4692791666666667
22,2.0,closed,available,18,0.0031119578129061853,-0.8953157028254195,0.4692791666666667
22,2.0,closed,available,19,0.004385348334491208,0.013548798191191253,0.4692791666666667
22,2.0,closed,available,20,0.00033918604187122003,-0.42023843677238515,0.4692791666666667
22,2.0,closed,available,21,0.01107936020186584,0.6259301444380357,0.4692791666666667
22,2.0,closed,available,22,-0.015191227303129835,-0.05364901642017505,0.4692791666666667
22,2.0,closed,available,23,-0.01935463244679088,-0.004746455150259229,0.4692791666666667
22,2.0,closed,available,24,-0.015403822657739073,0.016286282009327867,0.4692791666666667
22,2.0,closed,available,25,-0.011275729469620466,-0.1063276758998208,0.4692791666666667
22,2.0,closed,available,26,0.001898758389432098,0.7571103020169557,0.4692791666666667
22,2.0,closed,available,27,0.0010762891297534383,0.6120512982806225,0.4692791666666667
22,2.0,closed,available,28,0.005718610903597654,0.38282528153819423,0.4692791666666667
22,2.0,closed,available,29,0.004807269643677087,0.1986499673178212,0.4692791666666667
22,2.0,closed,available,30,-0.021519146576962467,-0.2443099277560068,0.4692791666666667
22,2.0,closed,available,31,0.006092626342639851,-0.4074876291297387,0.4692791666666667
22,2.0,closed,available,32,0.009376897198575502,0.009210043453678193,0.4692791666666667
22,2.0,closed,available,33,0.0014876788100085872,0.04062703483989888,0.4692791666666667
22,2.0,closed,available,34,0.0069474249445619085,0.5170656632928682,0.4692791666666667
22,2.0,closed,available,35,-0.006532720915473411,0.8880127473567878,0.4692791666666667
22,2.0,closed,available,36,0.021271820331428038,-0.008612565035764783,0.4692791666666667
22,2.0,closed,available,37,0.009513564064254687,0.34737755762270667,0.4692791666666667
22,2.0,closed,available,38,0.0013542217385306143,-0.26542450616132823,0.4692791666666667
22,2.0,closed,available,39,0.008631879328159509,0.4194741550319876,0.4692791666666667
22,2.0,closed,available,40,-0.0139253707921278,0.30508838965661955,0.4692791666666667
22,2.0,closed,available,41,-0.007559113820329949,-0.09715543056915092,0.4692791666666667
22,2.0,closed,available,42,0.0032560652916119315,-0.40627295297634947,0.4692791666666667
22,2.0,closed,available,43,-0.019297775527163413,0.26249533610791226,0.4692791666666667
22,2.0,closed,available,44,0.017963196903239248,-0.25850773178409364,0.4692791666666667
22,2.0,closed,available,45,-0.005357918334076369,0.0019349044224909414,0.4692791666666667
22,2.0,closed,available,46,0.0036065386494423812,-0.5851233391237879,0.4692791666666667
22,2.0,closed,available,47,-0.012197015815647907,-0.011672600903544826,0.4692791666666667
22,2.0,closed,available,48,-0.009443205823217338,-0.06702685523018713,0.4692791666666667
22,2.0,closed,available,49,0.015068861157047994,0.005139092234458241,0.4692791666666667
22,2.0,closed,available,50,-0.004539449676757911,0.0027696903652791325,0.4692791666666667
22,2.0,closed,available,51,0.009130087794378822,0.006408342764235417,0.4692791666666667
22,2.0,closed,available,52,-0.01348640032960392,0.003144055808101412,0.4692791666666667
22,2.0,closed,available,53,0.004549664073214667,0.007976317754890574,0.4692791666666667
22,2.0,closed,available,54,0.0003327493062322915,0.01392709419307557,0.4692791666666667
22,2.0,closed,available,55,0.001555197926271092,-0.00035286926571554593,0.4692791666666667
22,2.0,closed,available,56,0.0026628155772809737,0.005628746969153825,0.4692791666666667
22,2.0,closed,available,57,0.016007865652160252,-0.17647211036758392,0.4692791666666667
22,2.0,closed,available,58,-0.009452106449602503,0.0038826141839144695,0.4692791666666667
22,2.0,closed,available,59,0.002636699404042875,-0.5801581901627558,0.4692791666666667
22,2.0,closed,available,60,0.0023521767594663068,0.5613808628611494,0.4692791666666667
22,2.0,closed,available,61,0.0016304229468162325,-0.027588715890334674,0.4692791666666667
22,2.0,closed,available,62,0.0036359594899390713,0.005208801355831936,0.4692791666666667
22,2.0,closed,available,63,-0.0024788339677284388,-0.17538008257632895,0.4692791666666667
22,2.0,closed,available,64,-0.008888542960847345,0.3759313710336258,0.4692791666666667
22,2.0,closed,available,65,0.005760933902028078,0.004220122476599397,0.4692791666666667
22,2.0,closed,mi_obs,0,0.030249139816613597,0.014294724857297244,0.4692791666666667
22,2.0,closed,mi_obs,1,-0.018314269763281883,-0.018878120998018763,0.4692791666666667
22,2.0,closed,mi_obs,2,-0.05096725325082482,-0.21118903224579624,0.4692791666666667
22,2.0,closed,mi_obs,3,-0.032392791607838034,-0.558233314677288,0.4692791666666667
22,2.0,closed,mi_obs,4,0.06168730300090958,0.4839435659192031,0.4692791666666667
22,2.0,closed,mi_obs,5,0.09634149148514853,-0.0063810333725301555,0.4692791666666667
22,2.0,closed,mi_obs,6,0.0027488594016338297,-0.27698303662642665,0.4692791666666667
22,2.0,closed,mi_obs,7,-0.03867595471899473,-0.01021919768315982,0.4692791666666667
22,2.0,closed,mi_obs,8,-0.02603961063137971,-0.04337457860072574,0.4692791666666667
22,2.0,closed,mi_obs,9,0.0048848450836395454,-0.017994986150377115,0.4692791666666667
22,2.0,closed,mi_obs,10,-0.024621629796665982,-0.002182801724493437,0.4692791666666667
22,2.0,closed,mi_obs,11,-0.03690387916836613,-0.7579920959969642,0.4692791666666667
22,2.0,closed,mi_obs,12,-0.04683176850816462,-0.8292039220910353,0.4692791666666667
22,2.0,closed,mi_obs,13,0.01130857581600081,0.4250661788667591,0.4692791666666667
22,2.0,closed,mi_obs,14,0.007009303247946413,0.006211251582427918,0.4692791666666667
22,2.0,closed,mi_obs,15,-0.14013204835911283,-0.01175303648789747,0.4692791666666667
22,2.0,closed,mi_obs,16,0.03395837490392639,0.2361923084599024,0.4692791666666667
22,2.0,closed,mi_obs,17,-0.0442454306173824,-0.6284495451455838,0.4692791666666667
22,2.0,closed,mi_obs,18,-0.035670577070270215,-0.8953157028254195,0.4692791666666667
22,2.0,closed,mi_obs,19,0.00964119815474382,0.013548798191191253,0.4692791666666667
22,2.0,closed,mi_obs,20,-0.01910578976926841,-0.42023843677238515,0.4692791666666667
22,2.0,closed,mi_obs,21,0.05172446798069519,0.6259301444380357,0.4692791666666667
22,2.0,closed,mi_obs,22,-0.03781321803853752,-0.05364901642017505,0.4692791666666667
22,2.0,closed,mi_obs,23,-0.00010261973279668095,-0.004746455150259229,0.4692791666666667
22,2.0,closed,mi_obs,24,0.025715579514890344,0.016286282009327867,0.4692791666666667
22,2.0,closed,mi_obs,25,-0.03368757655080591,-0.1063276758998208,0.4692791666666667
22,2.0,closed,mi_obs,26,0.0538862914040118,0.7571103020169557,0.4692791666666667
22,2.0,closed,mi_obs,27,0.0423374354140601,0.6120512982806225,0.4692791666666667
22,2.0,closed,mi_obs,28,0.0013207196086435502,0.38282528153819423,0.4692791666666667
22,2.0,closed,mi_obs,29,0.022858484783051858,0.1986499673178212,0.4692791666666667
22,2.0,closed,mi_obs,30,-0.024070564137410655,-0.2443099277560068,0.4692791666666667
22,2.0,closed,mi_obs,31,-0.0052135399828658335,-0.4074876291297387,0.4692791666666667
22,2.0,closed,mi_obs,32,0.11585096732506801,0.009210043453678193,0.4692791666666667
22,2.0,closed,mi_obs,33,-0.055838648859777844,0.04062703483989888,0.4692791666666667
22,2.0,closed,mi_obs,34,0.03624070308614302,0.5170656632928682,0.4692791666666667
22,2.0,closed,mi_obs,35,0.02376726047113098,0.8880127473567878,0.4692791666666667
22,2.0,closed,mi_obs,36,-0.000383116104885289,-0.008612565035764783,0.4692791666666667
22,2.0,closed,mi_obs,37,0.04533601839278306,0.34737755762270667,0.4692791666666667
22,2.0,closed,mi_obs,38,-0.01794372979824732,-0.26542450616132823,0.4692791666666667
22,2.0,closed,mi_obs,39,-0.18863001657446163,0.4194741550319876,0.4692791666666667
22,2.0,closed,mi_obs,40,0.02771964412992106,0.30508838965661955,0.4692791666666667
22,2.0,closed,mi_obs,41,-0.02415931009263958,-0.09715543056915092,0.4692791666666667
22,2.0,closed,mi_obs,42,-0.011290188849514327,-0.40627295297634947,0.4692791666666667
22,2.0,closed,mi_obs,43,0.003097615702974732,0.26249533610791226,0.4692791666666667
22,2.0,closed,mi_obs,44,-0.005225974415816348,-0.25850773178409364,0.4692791666666667
22,2.0,closed,mi_obs,45,0.02167391859358676,0.0019349044224909414,0.4692791666666667
22,2.0,closed,mi_obs,46,0.012959012206097742,-0.5851233391237879,0.4692791666666667
22,2.0,closed,mi_obs,47,-0.009559173162693809,-0.011672600903544826,0.4692791666666667
22,2.0,closed,mi_obs,48,0.00419028198879326,-0.06702685523018713,0.4692791666666667
22,2.0,closed,mi_obs,49,0.010490275894505819,0.005139092234458241,0.4692791666666667
22,2.0,closed,mi_obs,50,-0.006072322621207832,0.0027696903652791325,0.4692791666666667
22,2.0,closed,mi_obs,51,-0.05451090239926602,0.006408342764235417,0.4692791666666667
22,2.0,closed,mi_obs,52,0.022518213301754724,0.003144055808101412,0.4692791666666667
22,2.0,closed,mi_obs,53,0.13608237763948755,0.007976317754890574,0.4692791666666667
22,2.0,closed,mi_obs,54,-0.08267370521254452,0.01392709419307557,0.4692791666666667
22,2.0,closed,mi_obs,55,0.07877039255556187,-0.00035286926571554593,0.4692791666666667
22,2.0,closed,mi_obs,56,0.003503309400412373,0.005628746969153825,0.4692791666666667
22,2.0,closed,mi_obs,57,-0.03260841366059766,-0.17647211036758392,0.4692791666666667
22,2.0,closed,mi_obs,58,-0.0051861556389470554,0.0038826141839144695,0.4692791666666667
22,2.0,closed,mi_obs,59,-0.07759709703540785,-0.5801581901627558,0.4692791666666667
22,2.0,closed,mi_obs,60,0.04911236211386805,0.5613808628611494,0.4692791666666667
22,2.0,closed,mi_obs,61,-0.03283446896864928,-0.027588715890334674,0.4692791666666667
22,2.0,closed,mi_obs,62,-0.001642520959920036,0.005208801355831936,0.4692791666666667
22,2.0,closed,mi_obs,63,-0.02330266891166513,-0.17538008257632895,0.4692791666666667
22,2.0,closed,mi_obs,64,0.024473236272586518,0.3759313710336258,0.4692791666666667
22,2.0,closed,mi_obs,65,0.0111776907015409,0.004220122476599397,0.4692791666666667
22,2.0,closed,mi_class,0,-0.04308221699479901,0.014294724857297244,0.4692791666666667
22,2.0,closed,mi_class,1,0.03474294753180028,-0.018878120998018763,0.4692791666666667
22,2.0,closed,mi_class,2,-0.021625948405921358,-0.21118903224579624,0.4692791666666667
22,2.0,closed,mi_class,3,0.17614425417059515,-0.558233314677288,0.4692791666666667
22,2.0,closed,mi_class,4,-0.12169614526748113,0.4839435659192031,0.4692791666666667
22,2.0,closed,mi_class,5,-0.002694839135925997,-0.0063810333725301555,0.4692791666666667
22,2.0,closed,mi_class,6,-0.009396289728961671,-0.27698303662642665,0.4692791666666667
22,2.0,closed,mi_class,7,0.0181679070253244,-0.01021919768315982,0.4692791666666667
22,2.0,closed,mi_class,8,-0.03079499952036901,-0.04337457860072574,0.4692791666666667
22,2.0,closed,mi_class,9,-0.007696663701831339,-0.017994986150377115,0.4692791666666667
22,2.0,closed,mi_class,10,0.0012404606842046602,-0.002182801724493437,0.4692791666666667
22,2.0,closed,mi_class,11,0.06298071762545132,-0.7579920959969642,0.4692791666666667
22,2.0,closed,mi_class,12,-0.00783713258976848,-0.8292039220910353,0.4692791666666667
22,2.0,closed,mi_class,13,-0.13902652638389718,0.4250661788667591,0.4692791666666667
22,2.0,closed,mi_class,14,0.006151512944407515,0.006211251582427918,0.4692791666666667
22,2.0,closed,mi_class,15,0.008923642079512907,-0.01175303648789747,0.4692791666666667
22,2.0,closed,mi_class,16,0.018668201128429207,0.2361923084599024,0.4692791666666667
22,2.0,closed,mi_class,17,0.19127840406776597,-0.6284495451455838,0.4692791666666667
22,2.0,closed,mi_class,18,0.21959450714570306,-0.8953157028254195,0.4692791666666667
22,2.0,closed,mi_class,19,-0.0010692720347736228,0.013548798191191253,0.4692791666666667
22,2.0,closed,mi_class,20,-0.007438689022499612,-0.42023843677238515,0.4692791666666667
22,2.0,closed,mi_class,21,-0.0021621022064843842,0.6259301444380357,0.4692791666666667
22,2.0,closed,mi_class,22,0.0053561111611341305,-0.05364901642017505,0.4692791666666667
22,2.0,closed,mi_class,23,-0.008316098303088734,-0.004746455150259229,0.4692791666666667
22,2.0,closed,mi_class,24,-0.013006011974618325,0.016286282009327867,0.4692791666666667
22,2.0,closed,mi_class,25,-0.02260648367129793,-0.1063276758998208,0.4692791666666667
22,2.0,closed,mi_class,26,-0.3615581252811261,0.7571103020169557,0.4692791666666667
22,2.0,closed,mi_class,27,-0.08294837595209326,0.6120512982806225,0.4692791666666667
22,2.0,closed,mi_class,28,-0.04430160043617137,0.38282528153819423,0.4692791666666667
22,2.0,closed,mi_class,29,-0.012143256278259962,0.1986499673178212,0.4692791666666667
22,2.0,closed,mi_class,30,0.06327344048866762,-0.2443099277560068,0.4692791666666667
22,2.0,closed,mi_class,31,0.1007470984773734,-0.4074876291297387,0.4692791666666667
22,2.0,closed,mi_class,32,-0.0052944584523444485,0.009210043453678193,0.4692791666666667
22,2.0,closed,mi_class,33,-0.07911589878103381,0.04062703483989888,0.4692791666666667
22,2.0,closed,mi_class,34,-0.1601414940331352,0.5170656632928682,0.4692791666666667
22,2.0,closed,mi_class,35,-0.20625509463349379,0.8880127473567878,0.4692791666666667
22,2.0,closed,mi_class,36,-0.005286973920141318,-0.008612565035764783,0.4692791666666667
22,2.0,closed,mi_class,37,0.03915503943407317,0.34737755762270667,0.4692791666666667
22,2.0,closed,mi_class,38,0.03407658811918962,-0.26542450616132823,0.4692791666666667
22,2.0,closed,mi_class,39,-0.03186778012032676,0.4194741550319876,0.4692791666666667
22,2.0,closed,mi_class,40,-0.05053643894922921,0.30508838965661955,0.4692791666666667
22,2.0,closed,mi_class,41,-0.1235852222623718,-0.09715543056915092,0.4692791666666667
22,2.0,closed,mi_class,42,0.32889632038206473,-0.40627295297634947,0.4692791666666667
22,2.0,closed,mi_class,43,-0.09972848874150447,0.26249533610791226,0.4692791666666667
22,2.0,closed,mi_class,44,0.07855880608423851,-0.25850773178409364,0.4692791666666667
22,2.0,closed,mi_class,45,-0.00279956364319128,0.0019349044224909414,0.4692791666666667
22,2.0,closed,mi_class,46,0.05156427255532581,-0.5851233391237879,0.4692791666666667
22,2.0,closed,mi_class,47,-0.009571804490446928,-0.011672600903544826,0.4692791666666667
22,2.0,closed,mi_class,48,-0.004283471363856595,-0.06702685523018713,0.4692791666666667
22,2.0,closed,mi_class,49,0.0013907217366882097,0.005139092234458241,0.4692791666666667
22,2.0,closed,mi_class,50,-0.0025673693922271257,0.0027696903652791325,0.4692791666666667
22,2.0,closed,mi_class,51,0.0072774776504816625,0.006408342764235417,0.4692791666666667
22,2.0,closed,mi_class,52,-0.03300923855335845,0.003144055808101412,0.4692791666666667
22,2.0,closed,mi_class,53,-0.008277845645471531,0.007976317754890574,0.4692791666666667
22,2.0,closed,mi_class,54,-0.005477017235997205,0.01392709419307557,0.4692791666666667
22,2.0,closed,mi_class,55,0.0002526469749193497,-0.00035286926571554593,0.4692791666666667
22,2.0,closed,mi_class,56,-0.00032287442683029584,0.005628746969153825,0.4692791666666667
22,2.0,closed,mi_class,57,0.043744856709638624,-0.17647211036758392,0.4692791666666667
22,2.0,closed,mi_class,58,-0.0009823234396371745,0.0038826141839144695,0.4692791666666667
22,2.0,closed,mi_class,59,0.004051487829691558,-0.5801581901627558,0.4692791666666667
22,2.0,closed,mi_class,60,-0.2810652835044681,0.5613808628611494,0.4692791666666667
22,2.0,closed,mi_class,61,0.00098307295991645,-0.027588715890334674,0.4692791666666667
22,2.0,closed,mi_class,62,-0.00023230022626661,0.005208801355831936,0.4692791666666667
22,2.0,closed,mi_class,63,0.02438601491448736,-0.17538008257632895,0.4692791666666667
22,2.0,closed,mi_class,64,-0.08268013491029308,0.3759313710336258,0.4692791666666667
22,2.0,closed,mi_class,65,-0.047842626698751375,0.004220122476599397,0.4692791666666667
22,2.0,closed,mi_site,0,0.024645849324625484,0.014294724857297244,0.4692791666666667
22,2.0,closed,mi_site,1,-0.017852361908089413,-0.018878120998018763,0.4692791666666667
22,2.0,closed,mi_site,2,-0.03430516768768757,-0.21118903224579624,0.4692791666666667
22,2.0,closed,mi_site,3,-0.034829926952257395,-0.558233314677288,0.4692791666666667
22,2.0,closed,mi_site,4,0.05608750374668586,0.4839435659192031,0.4692791666666667
22,2.0,closed,mi_site,5,0.06890718713889683,-0.0063810333725301555,0.4692791666666667
22,2.0,closed,mi_site,6,0.012194533127319107,-0.27698303662642665,0.4692791666666667
22,2.0,closed,mi_site,7,-0.022423716304700247,-0.01021919768315982,0.4692791666666667
22,2.0,closed,mi_site,8,-0.022813642728288626,-0.04337457860072574,0.4692791666666667
22,2.0,closed,mi_site,9,-0.004088898025844147,-0.017994986150377115,0.4692791666666667
22,2.0,closed,mi_site,10,-0.02100633144023803,-0.002182801724493437,0.4692791666666667
22,2.0,closed,mi_site,11,-0.028951265728661135,-0.7579920959969642,0.4692791666666667
22,2.0,closed,mi_site,12,-0.04025854995244438,-0.8292039220910353,0.4692791666666667
22,2.0,closed,mi_site,13,0.015203245544570976,0.4250661788667591,0.4692791666666667
22,2.0,closed,mi_site,14,0.012597497972891688,0.006211251582427918,0.4692791666666667
22,2.0,closed,mi_site,15,-0.13194371420658701,-0.01175303648789747,0.4692791666666667
22,2.0,closed,mi_site,16,0.029829479759393818,0.2361923084599024,0.4692791666666667
22,2.0,closed,mi_site,17,-0.048759592361402815,-0.6284495451455838,0.4692791666666667
22,2.0,closed,mi_site,18,-0.030003270242925595,-0.8953157028254195,0.4692791666666667
22,2.0,closed,mi_site,19,0.009730706453359586,0.013548798191191253,0.4692791666666667
22,2.0,closed,mi_site,20,-0.014550503314959329,-0.42023843677238515,0.4692791666666667
22,2.0,closed,mi_site,21,0.03836442793385364,0.6259301444380357,0.4692791666666667
22,2.0,closed,mi_site,22,-0.034093170352535125,-0.05364901642017505,0.4692791666666667
22,2.0,closed,mi_site,23,-0.002488436930180255,-0.004746455150259229,0.4692791666666667
22,2.0,closed,mi_site,24,0.03143733524954315,0.016286282009327867,0.4692791666666667
22,2.0,closed,mi_site,25,-0.029687901601624836,-0.1063276758998208,0.4692791666666667
22,2.0,closed,mi_site,26,0.04569031159784853,0.7571103020169557,0.4692791666666667
22,2.0,closed,mi_site,27,0.03017421751332583,0.6120512982806225,0.4692791666666667
22,2.0,closed,mi_site,28,0.003310728278330788,0.38282528153819423,0.4692791666666667
22,2.0,closed,mi_site,29,0.014587756390123635,0.1986499673178212,0.4692791666666667
22,2.0,closed,mi_site,30,-0.028792060293748145,-0.2443099277560068,0.4692791666666667
22,2.0,closed,mi_site,31,-0.004141093849156563,-0.4074876291297387,0.4692791666666667
22,2.0,closed,mi_site,32,0.11098303631627823,0.009210043453678193,0.4692791666666667
22,2.0,closed,mi_site,33,-0.05507544008370693,0.04062703483989888,0.4692791666666667
22,2.0,closed,mi_site,34,0.04531717254245249,0.5170656632928682,0.4692791666666667
22,2.0,closed,mi_site,35,0.01820805689938154,0.8880127473567878,0.4692791666666667
22,2.0,closed,mi_site,36,-0.010944423477211983,-0.008612565035764783,0.4692791666666667
22,2.0,closed,mi_site,37,0.033868825294878724,0.34737755762270667,0.4692791666666667
22,2.0,closed,mi_site,38,-0.016503560037031573,-0.26542450616132823,0.4692791666666667
22,2.0,closed,mi_site,39,-0.17061181009623716,0.4194741550319876,0.4692791666666667
22,2.0,closed,mi_site,40,0.01709206540561481,0.30508838965661955,0.4692791666666667
22,2.0,closed,mi_site,41,-0.04343148337288309,-0.09715543056915092,0.4692791666666667
22,2.0,closed,mi_site,42,-0.01681200329711957,-0.40627295297634947,0.4692791666666667
22,2.0,closed,mi_site,43,0.013521352821672272,0.26249533610791226,0.4692791666666667
22,2.0,closed,mi_site,44,-5.8930488418929006e-05,-0.25850773178409364,0.4692791666666667
22,2.0,closed,mi_site,45,0.024655813550172198,0.0019349044224909414,0.4692791666666667
22,2.0,closed,mi_site,46,0.026139364553712907,-0.5851233391237879,0.4692791666666667
22,2.0,closed,mi_site,47,-0.01180898884833169,-0.011672600903544826,0.4692791666666667
22,2.0,closed,mi_site,48,-0.002509292584703837,-0.06702685523018713,0.4692791666666667
22,2.0,closed,mi_site,49,0.013451254662079056,0.005139092234458241,0.4692791666666667
22,2.0,closed,mi_site,50,-0.010257898463935867,0.0027696903652791325,0.4692791666666667
22,2.0,closed,mi_site,51,-0.047485951879799884,0.006408342764235417,0.4692791666666667
22,2.0,closed,mi_site,52,0.03221920151784683,0.003144055808101412,0.4692791666666667
22,2.0,closed,mi_site,53,0.14157805942574206,0.007976317754890574,0.4692791666666667
22,2.0,closed,mi_site,54,-0.060427082338904974,0.01392709419307557,0.4692791666666667
22,2.0,closed,mi_site,55,0.07360513316072641,-0.00035286926571554593,0.4692791666666667
22,2.0,closed,mi_site,56,-0.0017367644721789544,0.005628746969153825,0.4692791666666667
22,2.0,closed,mi_site,57,-0.029360577833730667,-0.17647211036758392,0.4692791666666667
22,2.0,closed,mi_site,58,-0.0072960957827646585,0.0038826141839144695,0.4692791666666667
22,2.0,closed,mi_site,59,-0.07226739176885044,-0.5801581901627558,0.4692791666666667
22,2.0,closed,mi_site,60,0.05167395677824915,0.5613808628611494,0.4692791666666667
22,2.0,closed,mi_site,61,-0.03696451600708087,-0.027588715890334674,0.4692791666666667
22,2.0,closed,mi_site,62,0.0026564410765402783,0.005208801355831936,0.4692791666666667
22,2.0,closed,mi_site,63,-0.025260297894559747,-0.17538008257632895,0.4692791666666667
22,2.0,closed,mi_site,64,0.017884965323026136,0.3759313710336258,0.4692791666666667
22,2.0,closed,mi_site,65,0.00898471347739134,0.004220122476599397,0.4692791666666667
