rep,gamma,alignment,estimator,pair,signed_err,truth,miss_rate
32,0.0,aligned,available,0,0.003633793733510804,-0.37897694616435224,0.47028333333333333
32,0.0,aligned,available,1,-0.01335925917310321,-0.3243381088362329,0.47028333333333333
32,0.0,aligned,available,2,0.0091249729843908,-0.372839102962645,0.47028333333333333
32,0.0,aligned,available,3,0.00439737065986158,0.08253153308572272,0.47028333333333333
32,0.0,aligned,available,4,0.002271113220043669,0.09268502356304434,0.47028333333333333
32,0.0,aligned,available,5,0.003112229643119302,0.8496168910940167,0.47028333333333333
32,0.0,aligned,available,6,0.001965615268952947,0.3569727350876711,0.47028333333333333
32,0.0,aligned,available,7,0.002220763633643652,0.35457813601719773,0.47028333333333333
32,0.0,aligned,available,8,0.008635634653022785,0.021864827981019245,0.47028333333333333
32,0.0,aligned,available,9,-0.0007746257638509002,-0.8686825929110001,0.47028333333333333
32,0.0,aligned,available,10,-0.008570188089050176,-0.06484123962102202,0.47028333333333333
32,0.0,aligned,available,11,0.003883885752965342,-0.004341041172054523,0.47028333333333333
32,0.0,aligned,available,12,0.0006378676829370562,-0.0034008605390561325,0.47028333333333333
32,0.0,aligned,available,13,-0.02053068587594359,0.3900906583161995,0.47028333333333333
32,0.0,aligned,available,14,4.594646792444035e-05,-0.7203943371139786,0.47028333333333333
32,0.0,aligned,available,15,0.008872835304245819,-0.3008194926147792,0.47028333333333333
32,0.0,aligned,available,16,0.004585115895801528,-0.0005281428850284634,0.47028333333333333
32,0.0,aligned,available,17,-0.005477996705857419,0.0013267970139047838,0.47028333333333333
32,0.0,aligned,available,18,0.010357476681818694,0.0012647425568046663,0.47028333333333333
32,0.0,aligned,available,19,-0.004564695102795835,0.43393094994743253,0.47028333333333333
32,0.0,aligned,available,20,-0.0009614378460520868,-0.005903464338560751,0.47028333333333333
32,0.0,aligned,available,21,0.0028018599993473448,0.6423564647689579,0.47028333333333333
32,0.0,aligned,available,22,0.03653056714785606,-0.0028525863716438826,0.47028333333333333
32,0.0,aligned,available,23,-0.01849676904743373,0.001963527575919203,0.47028333333333333
32,0.0,aligned,available,24,-0.003911643647313556,-0.7038299329770974,0.47028333333333333
32,0.0,aligned,available,25,0.013862662954039318,0.4284496373732833,0.47028333333333333
32,0.0,aligned,available,26,0.020643429070649172,0.0011257827535970238,0.47028333333333333
32,0.0,aligned,available,27,-0.007802837498329718,0.34825205831301975,0.47028333333333333
32,0.0,aligned,available,28,0.014693900866343867,0.3774229310154111,0.47028333333333333
32,0.0,aligned,available,29,0.0032070830529182803,0.3825180638228709,0.47028333333333333
32,0.0,aligned,available,30,0.009040994909809983,-0.0018505974696654355,0.47028333333333333
32,0.0,aligned,available,31,0.020589096527705922,0.0019486241849911358,0.47028333333333333
32,0.0,aligned,available,32,0.012282551865444802,-0.5862282266342593,0.47028333333333333
32,0.0,aligned,available,33,0.007626862090883631,-0.0010574771964131943,0.47028333333333333
32,0.0,aligned,available,34,-0.015287555476588041,0.00334457995970876,0.47028333333333333
32,0.0,aligned,available,35,-0.008883188276986864,0.538768269634299,0.47028333333333333
32,0.0,aligned,available,36,-0.007736815619644455,0.43310308063090763,0.47028333333333333
32,0.0,aligned,available,37,-0.00489833171408649,0.5929790552906902,0.47028333333333333
32,0.0,aligned,available,38,0.005645290893710242,-0.6154944545174968,0.47028333333333333
32,0.0,aligned,available,39,0.012338344210697445,-0.026921068690604316,0.47028333333333333
32,0.0,aligned,available,40,0.005478240922417179,-0.011454859151208,0.47028333333333333
32,0.0,aligned,available,41,0.003065154002280135,0.6487566624833662,0.47028333333333333
32,0.0,aligned,available,42,0.020154874755882846,0.4031189086455301,0.47028333333333333
32,0.0,aligned,available,43,-0.0016315672112409974,0.17726241233352377,0.47028333333333333
32,0.0,aligned,available,44,-0.002377524117460561,0.2742286275055885,0.47028333333333333
32,0.0,aligned,available,45,-0.003990057253680318,0.14841072815535788,0.47028333333333333
32,0.0,aligned,available,46,0.0012527353154376886,0.0065220128529654324,0.47028333333333333
32,0.0,aligned,available,47,0.0057890871591198545,-0.5071480912641632,0.47028333333333333
32,0.0,aligned,available,48,-0.023779548174421294,-0.31586548030198586,0.47028333333333333
32,0.0,aligned,available,49,-0.004283542738189483,-0.31918050309902446,0.47028333333333333
32,0.0,aligned,available,50,0.01237009383058671,-0.21184954573384862,0.47028333333333333
32,0.0,aligned,available,51,-0.0014240699286081904,0.09950178276860264,0.47028333333333333
32,0.0,aligned,available,52,0.013429657635885134,0.13765549497493607,0.47028333333333333
32,0.0,aligned,available,53,0.015309515795379036,-0.23022428016337848,0.47028333333333333
32,0.0,aligned,available,54,-0.002637652933940249,-0.8664416098825357,0.47028333333333333
32,0.0,aligned,available,55,0.009736982296811414,-0.2857883031070361,0.47028333333333333
32,0.0,aligned,available,56,0.002029078029681511,-0.013834738667430964,0.47028333333333333
32,0.0,aligned,available,57,0.0004217612297345054,-0.006405810561463255,0.47028333333333333
32,0.0,aligned,available,58,0.009906344314124627,-0.41175351203378857,0.47028333333333333
32,0.0,aligned,available,59,0.004251943115235074,-0.001851657200990754,0.47028333333333333
32,0.0,aligned,available,60,0.01986355904295445,0.6244599043007601,0.47028333333333333
32,0.0,aligned,available,61,-0.0027353643039988405,0.013120888962875726,0.47028333333333333
32,0.0,aligned,available,62,-0.013178818378231927,0.43073880975331097,0.47028333333333333
32,0.0,aligned,available,63,-0.002307981237294754,0.2380300199775447,0.47028333333333333
32,0.0,aligned,available,64,0.006820692845574405,0.5848752590197476,0.47028333333333333
32,0.0,aligned,available,65,0.004616595147313662,0.2569234913290766,0.47028333333333333
32,0.0,aligned,mi_obs,0,-0.00719167807288873,-0.37897694616435224,0.47028333333333333
32,0.0,aligned,mi_obs,1,0.06011501044963902,-0.3243381088362329,0.47028333333333333
32,0.0,aligned,mi_obs,2,-0.04874857157111284,-0.372839102962645,0.47028333333333333
32,0.0,aligned,mi_obs,3,0.028045535656227805,0.08253153308572272,0.47028333333333333
32,0.0,aligned,mi_obs,4,0.003879067234550476,0.09268502356304434,0.47028333333333333
32,0.0,aligned,mi_obs,5,0.013185351940818268,0.8496168910940167,0.47028333333333333
32,0.0,aligned,mi_obs,6,0.11273135270648021,0.3569727350876711,0.47028333333333333
32,0.0,aligned,mi_obs,7,0.06366530241518359,0.35457813601719773,0.47028333333333333
32,0.0,aligned,mi_obs,8,0.05083969490093489,0.021864827981019245,0.47028333333333333
32,0.0,aligned,mi_obs,9,-0.018431493925016418,-0.8686825929110001,0.47028333333333333
32,0.0,aligned,mi_obs,10,-0.0015187411823740504,-0.06484123962102202,0.47028333333333333
32,0.0,aligned,mi_obs,11,-0.032260786205918275,-0.004341041172054523,0.47028333333333333
32,0.0,aligned,mi_obs,12,-0.03253337178116934,-0.0034008605390561325,0.47028333333333333
32,0.0,aligned,mi_obs,13,0.0437159947223873,0.3900906583161995,0.47028333333333333
32,0.0,aligned,mi_obs,14,-0.057504050371188664,-0.7203943371139786,0.47028333333333333
32,0.0,aligned,mi_obs,15,-0.005776337606953896,-0.3008194926147792,0.47028333333333333
32,0.0,aligned,mi_obs,16,-0.03429794998580624,-0.0005281428850284634,0.47028333333333333
32,0.0,aligned,mi_obs,17,-0.07793079195502696,0.0013267970139047838,0.47028333333333333
32,0.0,aligned,mi_obs,18,0.004295906603057361,0.0012647425568046663,0.47028333333333333
32,0.0,aligned,mi_obs,19,0.006233819254340689,0.43393094994743253,0.47028333333333333
32,0.0,aligned,mi_obs,20,-0.0051069994611230105,-0.005903464338560751,0.47028333333333333
32,0.0,aligned,mi_obs,21,0.0394183870756637,0.6423564647689579,0.47028333333333333
32,0.0,aligned,mi_obs,22,0.005510098198848096,-0.0028525863716438826,0.47028333333333333
32,0.0,aligned,mi_obs,23,0.008747436006855971,0.001963527575919203,0.47028333333333333
32,0.0,aligned,mi_obs,24,0.03119509722759861,-0.7038299329770974,0.47028333333333333
32,0.0,aligned,mi_obs,25,-0.0015417588715379016,0.4284496373732833,0.47028333333333333
32,0.0,aligned,mi_obs,26,0.01693041121220558,0.0011257827535970238,0.47028333333333333
32,0.0,aligned,mi_obs,27,-0.0018988388008755464,0.34825205831301975,0.47028333333333333
32,0.0,aligned,mi_obs,28,-0.05268276040330522,0.3774229310154111,0.47028333333333333
32,0.0,aligned,mi_obs,29,0.013156011313833427,0.3825180638228709,0.47028333333333333
32,0.0,aligned,mi_obs,30,0.06855574197353925,-0.0018505974696654355,0.47028333333333333
32,0.0,aligned,mi_obs,31,-0.013979152175996728,0.0019486241849911358,0.47028333333333333
32,0.0,aligned,mi_obs,32,-0.04703361160065189,-0.5862282266342593,0.47028333333333333
32,0.0,aligned,mi_obs,33,-0.07854089481920226,-0.0010574771964131943,0.47028333333333333
32,0.0,aligned,mi_obs,34,0.0027799824500854492,0.00334457995970876,0.47028333333333333
32,0.0,aligned,mi_obs,35,0.049574995731967775,0.538768269634299,0.47028333333333333
32,0.0,aligned,mi_obs,36,0.05748981917659807,0.43310308063090763,0.47028333333333333
32,0.0,aligned,mi_obs,37,0.10780124509602274,0.5929790552906902,0.47028333333333333
32,0.0,aligned,mi_obs,38,-0.07152581651021295,-0.6154944545174968,0.47028333333333333
32,0.0,aligned,mi_obs,39,-0.001978603171170913,-0.026921068690604316,0.47028333333333333
32,0.0,aligned,mi_obs,40,-0.007206251608139274,-0.011454859151208,0.47028333333333333
32,0.0,aligned,mi_obs,41,0.008904271691180243,0.6487566624833662,0.47028333333333333
32,0.0,aligned,mi_obs,42,0.08358125969848423,0.4031189086455301,0.47028333333333333
32,0.0,aligned,mi_obs,43,0.013877463542614793,0.17726241233352377,0.47028333333333333
32,0.0,aligned,mi_obs,44,0.04399367057959003,0.2742286275055885,0.47028333333333333
32,0.0,aligned,mi_obs,45,0.016721554189932653,0.14841072815535788,0.47028333333333333
32,0.0,aligned,mi_obs,46,0.013510416411274338,0.0065220128529654324,0.47028333333333333
32,0.0,aligned,mi_obs,47,0.060692841549379206,-0.5071480912641632,0.47028333333333333
32,0.0,aligned,mi_obs,48,-0.055222059256439804,-0.31586548030198586,0.47028333333333333
32,0.0,aligned,mi_obs,49,-0.018915937616542644,-0.31918050309902446,0.47028333333333333
32,0.0,aligned,mi_obs,50,-0.0006622432783048027,-0.21184954573384862,0.47028333333333333
32,0.0,aligned,mi_obs,51,0.10777844173152323,0.09950178276860264,0.47028333333333333
32,0.0,aligned,mi_obs,52,0.03529041613873787,0.13765549497493607,0.47028333333333333
32,0.0,aligned,mi_obs,53,0.01182932708963072,-0.23022428016337848,0.47028333333333333
32,0.0,aligned,mi_obs,54,-0.014521419228143317,-0.8664416098825357,0.47028333333333333
32,0.0,aligned,mi_obs,55,-0.0011910181120394214,-0.2857883031070361,0.47028333333333333
32,0.0,aligned,mi_obs,56,0.035076633090816906,-0.013834738667430964,0.47028333333333333
32,0.0,aligned,mi_obs,57,-0.037689513015720606,-0.006405810561463255,0.47028333333333333
32,0.0,aligned,mi_obs,58,-0.12226220654992598,-0.41175351203378857,0.47028333333333333
32,0.0,aligned,mi_obs,59,-0.0340594441477988,-0.001851657200990754,0.47028333333333333
32,0.0,aligned,mi_obs,60,0.09488278252821813,0.6244599043007601,0.47028333333333333
32,0.0,aligned,mi_obs,61,-0.05737698902815938,0.013120888962875726,0.47028333333333333
32,0.0,aligned,mi_obs,62,-0.004770056169438486,0.43073880975331097,0.47028333333333333
32,0.0,aligned,mi_obs,63,-0.014451416612329793,0.2380300199775447,0.47028333333333333
32,0.0,aligned,mi_obs,64,0.07274268368443737,0.5848752590197476,0.47028333333333333
32,0.0,aligned,mi_obs,65,-0.0011815392317971463,0.2569234913290766,0.47028333333333333
32,0.0,aligned,mi_class,0,-0.01395863083127502,-0.37897694616435224,0.47028333333333333
32,0.0,aligned,mi_class,1,0.02941274611365924,-0.3243381088362329,0.47028333333333333
32,0.0,aligned,mi_class,2,-0.03304221007646757,-0.372839102962645,0.47028333333333333
32,0.0,aligned,mi_class,3,-0.036006583680505765,0.08253153308572272,0.47028333333333333
32,0.0,aligned,mi_class,4,-0.018370776784266005,0.09268502356304434,0.47028333333333333
32,0.0,aligned,mi_class,5,-0.09246844942122245,0.8496168910940167,0.47028333333333333
32,0.0,aligned,mi_class,6,-0.09873068177373612,0.3569727350876711,0.47028333333333333
32,0.0,aligned,mi_class,7,-0.11478328691766929,0.35457813601719773,0.47028333333333333
32,0.0,aligned,mi_class,8,-0.005339986117666125,0.021864827981019245,0.47028333333333333
32,0.0,aligned,mi_class,9,0.22575263358367725,-0.8686825929110001,0.47028333333333333
32,0.0,aligned,mi_class,10,-0.005663718068312257,-0.06484123962102202,0.47028333333333333
32,0.0,aligned,mi_class,11,0.051319983115875344,-0.004341041172054523,0.47028333333333333
32,0.0,aligned,mi_class,12,0.05796656861078204,-0.0034008605390561325,0.47028333333333333
32,0.0,aligned,mi_class,13,-0.1353365371150601,0.3900906583161995,0.47028333333333333
32,0.0,aligned,mi_class,14,0.1824123050319032,-0.7203943371139786,0.47028333333333333
32,0.0,aligned,mi_class,15,-0.005206263946196277,-0.3008194926147792,0.47028333333333333
32,0.0,aligned,mi_class,16,-0.02940148788586736,-0.0005281428850284634,0.47028333333333333
32,0.0,aligned,mi_class,17,0.03738630330443259,0.0013267970139047838,0.47028333333333333
32,0.0,aligned,mi_class,18,0.05058088246334852,0.0012647425568046663,0.47028333333333333
32,0.0,aligned,mi_class,19,-0.08280512025987663,0.43393094994743253,0.47028333333333333
32,0.0,aligned,mi_class,20,0.021291335343643403,-0.005903464338560751,0.47028333333333333
32,0.0,aligned,mi_class,21,-0.039302729044552676,0.6423564647689579,0.47028333333333333
32,0.0,aligned,mi_class,22,0.010500514418642332,-0.0028525863716438826,0.47028333333333333
32,0.0,aligned,mi_class,23,-0.01131827337889553,0.001963527575919203,0.47028333333333333
32,0.0,aligned,mi_class,24,0.21662186683463186,-0.7038299329770974,0.47028333333333333
32,0.0,aligned,mi_class,25,-0.17830014645296283,0.4284496373732833,0.47028333333333333
32,0.0,aligned,mi_class,26,0.015328965540018474,0.0011257827535970238,0.47028333333333333
32,0.0,aligned,mi_class,27,-0.005575409081316596,0.34825205831301975,0.47028333333333333
32,0.0,aligned,mi_class,28,-0.10238853328069836,0.3774229310154111,0.47028333333333333
32,0.0,aligned,mi_class,29,-0.03026284262431278,0.3825180638228709,0.47028333333333333
32,0.0,aligned,mi_class,30,-0.027236092760244586,-0.0018505974696654355,0.47028333333333333
32,0.0,aligned,mi_class,31,0.01380939086657108,0.0019486241849911358,0.47028333333333333
32,0.0,aligned,mi_class,32,0.009426101423974376,-0.5862282266342593,0.47028333333333333
32,0.0,aligned,mi_class,33,0.024130521763501483,-0.0010574771964131943,0.47028333333333333
32,0.0,aligned,mi_class,34,0.00467667009887691,0.00334457995970876,0.47028333333333333
32,0.0,aligned,mi_class,35,0.04799101565273178,0.538768269634299,0.47028333333333333
32,0.0,aligned,mi_class,36,-0.20247160896150743,0.43310308063090763,0.47028333333333333
32,0.0,aligned,mi_class,37,0.03838431601055525,0.5929790552906902,0.47028333333333333
32,0.0,aligned,mi_class,38,0.05600405102334549,-0.6154944545174968,0.47028333333333333
32,0.0,aligned,mi_class,39,0.005501395825387351,-0.026921068690604316,0.47028333333333333
32,0.0,aligned,mi_class,40,-0.04128422173975398,-0.011454859151208,0.47028333333333333
32,0.0,aligned,mi_class,41,-0.12549767688024682,0.6487566624833662,0.47028333333333333
32,0.0,aligned,mi_class,42,-0.09837147010296798,0.4031189086455301,0.47028333333333333
32,0.0,aligned,mi_class,43,-0.07754600773626644,0.17726241233352377,0.47028333333333333
32,0.0,aligned,mi_class,44,-0.11445490698892896,0.2742286275055885,0.47028333333333333
32,0.0,aligned,mi_class,45,-0.02140373096210363,0.14841072815535788,0.47028333333333333
32,0.0,aligned,mi_class,46,-0.0034081811593746287,0.0065220128529654324,0.47028333333333333
32,0.0,aligned,mi_class,47,0.05606669966925826,-0.5071480912641632,0.47028333333333333
32,0.0,aligned,mi_class,48,0.026723582571047233,-0.31586548030198586,0.47028333333333333
32,0.0,aligned,mi_class,49,0.14017830266796472,-0.31918050309902446,0.47028333333333333
32,0.0,aligned,mi_class,50,0.06185837082239512,-0.21184954573384862,0.47028333333333333
32,0.0,aligned,mi_class,51,-0.01980745053349947,0.09950178276860264,0.47028333333333333
32,0.0,aligned,mi_class,52,-0.017865282735580468,0.13765549497493607,0.47028333333333333
32,0.0,aligned,mi_class,53,-0.02371320425273521,-0.23022428016337848,0.47028333333333333
32,0.0,aligned,mi_class,54,0.2887835314573225,-0.8664416098825357,0.47028333333333333
32,0.0,aligned,mi_class,55,0.011755702757982711,-0.2857883031070361,0.47028333333333333
32,0.0,aligned,mi_class,56,0.038587951987952715,-0.013834738667430964,0.47028333333333333
32,0.0,aligned,mi_class,57,-0.005471237340559438,-0.006405810561463255,0.47028333333333333
32,0.0,aligned,mi_class,58,0.18120199146520471,-0.41175351203378857,0.47028333333333333
32,0.0,aligned,mi_class,59,0.005458716924575837,-0.001851657200990754,0.47028333333333333
32,0.0,aligned,mi_class,60,-0.12079672821991538,0.6244599043007601,0.47028333333333333
32,0.0,aligned,mi_class,61,-0.009085499842945013,0.013120888962875726,0.47028333333333333
32,0.0,aligned,mi_class,62,-0.15171157102650962,0.43073880975331097,0.47028333333333333
32,0.0,aligned,mi_class,63,-0.050504404954315824,0.2380300199775447,0.47028333333333333
32,0.0,aligned,mi_class,64,0.021622313634536372,0.5848752590197476,0.47028333333333333
32,0.0,aligned,mi_class,65,-0.06644510077049437,0.2569234913290766,0.47028333333333333
32,0.0,aligned,mi_site,0,0.024868275941571594,-0.37897694616435224,0.47028333333333333
32,0.0,aligned,mi_site,1,0.0451035170387612,-0.3243381088362329,0.47028333333333333
32,0.0,aligned,mi_site,2,0.04619409444344347,-0.372839102962645,0.47028333333333333
32,0.0,aligned,mi_site,3,0.006638093265869671,0.08253153308572272,0.47028333333333333
32,0.0,aligned,mi_site,4,0.006758199971242995,0.09268502356304434,0.47028333333333333
32,0.0,aligned,mi_site,5,-0.05915677933200669,0.8496168910940167,0.47028333333333333
32,0.0,aligned,mi_site,6,0.05157303414857062,0.3569727350876711,0.47028333333333333
32,0.0,aligned,mi_site,7,-0.0013358703312137399,0.35457813601719773,0.47028333333333333
32,0.0,aligned,mi_site,8,0.012925555861753254,0.021864827981019245,0.47028333333333333
32,0.0,aligned,mi_site,9,0.21622713304946728,-0.8686825929110001,0.47028333333333333
32,0.0,aligned,mi_site,10,-0.0006327064124792142,-0.06484123962102202,0.47028333333333333
32,0.0,aligned,mi_site,11,-0.01295377551598275,-0.004341041172054523,0.47028333333333333
32,0.0,aligned,mi_site,12,-0.02931873355170171,-0.0034008605390561325,0.47028333333333333
32,0.0,aligned,mi_site,13,-0.012434022242931442,0.3900906583161995,0.47028333333333333
32,0.0,aligned,mi_site,14,-0.031782658272057396,-0.7203943371139786,0.47028333333333333
32,0.0,aligned,mi_site,15,0.008691208418078356,-0.3008194926147792,0.47028333333333333
32,0.0,aligned,mi_site,16,-0.02886458909380951,-0.0005281428850284634,0.47028333333333333
32,0.0,aligned,mi_site,17,-0.0382471980691512,0.0013267970139047838,0.47028333333333333
32,0.0,aligned,mi_site,18,0.0074037227428475245,0.0012647425568046663,0.47028333333333333
32,0.0,aligned,mi_site,19,-0.10437757501469841,0.43393094994743253,0.47028333333333333
32,0.0,aligned,mi_site,20,-0.003347489549428888,-0.005903464338560751,0.47028333333333333
32,0.0,aligned,mi_site,21,-0.0415463711171824,0.6423564647689579,0.47028333333333333
32,0.0,aligned,mi_site,22,0.0029078000215600835,-0.0028525863716438826,0.47028333333333333
32,0.0,aligned,mi_site,23,-0.0015359222974189902,0.001963527575919203,0.47028333333333333
32,0.0,aligned,mi_site,24,0.02406748145724047,-0.7038299329770974,0.47028333333333333
32,0.0,aligned,mi_site,25,-0.02868197728381,0.4284496373732833,0.47028333333333333
32,0.0,aligned,mi_site,26,0.014915193807989991,0.0011257827535970238,0.47028333333333333
32,0.0,aligned,mi_site,27,-0.0625059486720212,0.34825205831301975,0.47028333333333333
32,0.0,aligned,mi_site,28,-0.09383957217831468,0.3774229310154111,0.47028333333333333
32,0.0,aligned,mi_site,29,-0.0075223852862427165,0.3825180638228709,0.47028333333333333
32,0.0,aligned,mi_site,30,0.028402219545716593,-0.0018505974696654355,0.47028333333333333
32,0.0,aligned,mi_site,31,0.012205575022210534,0.0019486241849911358,0.47028333333333333
32,0.0,aligned,mi_site,32,0.05838777349760926,-0.5862282266342593,0.47028333333333333
32,0.0,aligned,mi_site,33,-0.05527390558214157,-0.0010574771964131943,0.47028333333333333
32,0.0,aligned,mi_site,34,0.002481385632137372,0.00334457995970876,0.47028333333333333
32,0.0,aligned,mi_site,35,-0.1381545900849887,0.538768269634299,0.47028333333333333
32,0.0,aligned,mi_site,36,-0.10474541966301859,0.43310308063090763,0.47028333333333333
32,0.0,aligned,mi_site,37,-0.04415900701599518,0.5929790552906902,0.47028333333333333
32,0.0,aligned,mi_site,38,-0.011128290477080194,-0.6154944545174968,0.47028333333333333
32,0.0,aligned,mi_site,39,-0.004514928743714848,-0.026921068690604316,0.47028333333333333
32,0.0,aligned,mi_site,40,-0.004936394924819227,-0.011454859151208,0.47028333333333333
32,0.0,aligned,mi_site,41,-0.0017153964816677414,0.6487566624833662,0.47028333333333333
32,0.0,aligned,mi_site,42,0.001660217971557909,0.4031189086455301,0.47028333333333333
32,0.0,aligned,mi_site,43,-0.05858718935949665,0.17726241233352377,0.47028333333333333
32,0.0,aligned,mi_site,44,0.011362052465889005,0.2742286275055885,0.47028333333333333
32,0.0,aligned,mi_site,45,0.019794895263651413,0.14841072815535788,0.47028333333333333
32,0.0,aligned,mi_site,46,0.005584889941906265,0.0065220128529654324,0.47028333333333333
32,0.0,aligned,mi_site,47,0.04906555021720144,-0.5071480912641632,0.47028333333333333
32,0.0,aligned,mi_site,48,0.03062861037103415,-0.31586548030198586,0.47028333333333333
32,0.0,aligned,mi_site,49,0.06317904819261494,-0.31918050309902446,0.47028333333333333
32,0.0,aligned,mi_site,50,0.02183615171780881,-0.21184954573384862,0.47028333333333333
32,0.0,aligned,mi_site,51,0.08354944918520804,0.09950178276860264,0.47028333333333333
32,0.0,aligned,mi_site,52,0.008088334051081447,0.13765549497493607,0.47028333333333333
32,0.0,aligned,mi_site,53,0.036062318447381614,-0.23022428016337848,0.47028333333333333
32,0.0,aligned,mi_site,54,0.17455893666188282,-0.8664416098825357,0.47028333333333333
32,0.0,aligned,mi_site,55,0.004989731139602438,-0.2857883031070361,0.47028333333333333
32,0.0,aligned,mi_site,56,0.021983486117982006,-0.013834738667430964,0.47028333333333333
32,0.0,aligned,mi_site,57,-0.02763521853620885,-0.006405810561463255,0.47028333333333333
32,0.0,aligned,mi_site,58,0.01743104647902588,-0.41175351203378857,0.47028333333333333
32,0.0,aligned,mi_site,59,-0.014580189682016187,-0.001851657200990754,0.47028333333333333
32,0.0,aligned,mi_site,60,-0.028944512610726614,0.6244599043007601,0.47028333333333333
32,0.0,aligned,mi_site,61,-0.03322045205107506,0.013120888962875726,0.47028333333333333
32,0.0,aligned,mi_site,62,-0.008927421371260125,0.43073880975331097,0.47028333333333333
32,0.0,aligned,mi_site,63,-0.42945055230934037,0.2380300199775447,0.47028333333333333
32,0.0,aligned,mi_site,64,-0.07088691864993502,0.5848752590197476,0.47028333333333333
32,0.0,aligned,mi_site,65,-0.06134541641923072,0.2569234913290766,0.47028333333333333
32,0.0,closed,available,0,-0.004513747795324319,-0.37897694616435224,0.47028333333333333
32,0.0,closed,available,1,-0.00969269594989336,-0.3243381088362329,0.47028333333333333
32,0.0,closed,available,2,0.013912124553441874,-0.372839102962645,0.47028333333333333
32,0.0,closed,available,3,-0.010396666289429507,0.08253153308572272,0.47028333333333333
32,0.0,closed,available,4,0.006903074276599697,0.09268502356304434,0.47028333333333333
32,0.0,closed,available,5,0.002890197385953308,0.8496168910940167,0.47028333333333333
32,0.0,closed,available,6,0.005298269477970963,0.3569727350876711,0.47028333333333333
32,0.0,closed,available,7,-0.000274522822505896,0.35457813601719773,0.47028333333333333
32,0.0,closed,available,8,0.01002892369428247,0.021864827981019245,0.47028333333333333
32,0.0,closed,available,9,0.002384170094006044,-0.8686825929110001,0.47028333333333333
32,0.0,closed,available,10,-0.01013106466418083,-0.06484123962102202,0.47028333333333333
32,0.0,closed,available,11,-0.005326037179592707,-0.004341041172054523,0.47028333333333333
32,0.0,closed,available,12,0.004850013690838361,-0.0034008605390561325,0.47028333333333333
32,0.0,closed,available,13,-0.002148024265599513,0.3900906583161995,0.47028333333333333
32,0.0,closed,available,14,0.0006225301407468686,-0.7203943371139786,0.47028333333333333
32,0.0,closed,available,15,0.004718509364496581,-0.3008194926147792,0.47028333333333333
32,0.0,closed,available,16,0.00454900352447754,-0.0005281428850284634,0.47028333333333333
32,0.0,closed,available,17,-0.012557158965602479,0.0013267970139047838,0.47028333333333333
32,0.0,closed,available,18,-0.003097727721852228,0.0012647425568046663,0.47028333333333333
32,0.0,closed,available,19,-0.007727009875976687,0.43393094994743253,0.47028333333333333
32,0.0,closed,available,20,0.004527361867909311,-0.005903464338560751,0.47028333333333333
32,0.0,closed,available,21,-0.01244457807805821,0.6423564647689579,0.47028333333333333
32,0.0,closed,available,22,0.006336366184777349,-0.0028525863716438826,0.47028333333333333
32,0.0,closed,available,23,0.008300200062129667,0.001963527575919203,0.47028333333333333
32,0.0,closed,available,24,0.001732125106917115,-0.7038299329770974,0.47028333333333333
32,0.0,closed,available,25,-0.004563996865801334,0.4284496373732833,0.47028333333333333
32,0.0,closed,available,26,0.017178391790493228,0.0011257827535970238,0.47028333333333333
32,0.0,closed,available,27,0.004105886422944405,0.34825205831301975,0.47028333333333333
32,0.0,closed,available,28,-0.0023548371617125863,0.3774229310154111,0.47028333333333333
32,0.0,closed,available,29,0.009415116102728605,0.3825180638228709,0.47028333333333333
32,0.0,closed,available,30,0.023395406527514186,-0.0018505974696654355,0.47028333333333333
32,0.0,closed,available,31,-0.04553396517944151,0.0019486241849911358,0.47028333333333333
32,0.0,closed,available,32,0.019614494122589088,-0.5862282266342593,0.47028333333333333
32,0.0,closed,available,33,-0.020258118131591604,-0.0010574771964131943,0.47028333333333333
32,0.0,closed,available,34,0.04385319489063697,0.00334457995970876,0.47028333333333333
32,0.0,closed,available,35,0.016024862229529147,0.538768269634299,0.47028333333333333
32,0.0,closed,available,36,-0.01687844375442349,0.43310308063090763,0.47028333333333333
32,0.0,closed,available,37,0.0016747788508068018,0.5929790552906902,0.47028333333333333
32,0.0,closed,available,38,0.005555699913549761,-0.6154944545174968,0.47028333333333333
32,0.0,closed,available,39,-0.0075096210583993,-0.026921068690604316,0.47028333333333333
32,0.0,closed,available,40,-0.00487135628435143,-0.011454859151208,0.47028333333333333
32,0.0,closed,available,41,-0.004429090594493812,0.6487566624833662,0.47028333333333333
32,0.0,closed,available,42,0.01604237561463384,0.4031189086455301,0.47028333333333333
32,0.0,closed,available,43,0.013893503764854126,0.17726241233352377,0.47028333333333333
32,0.0,closed,available,44,0.001836132385561351,0.2742286275055885,0.47028333333333333
32,0.0,closed,available,45,0.005771274390155123,0.14841072815535788,0.47028333333333333
32,0.0,closed,available,46,0.0003866164984469428,0.0065220128529654324,0.47028333333333333
32,0.0,closed,available,47,0.009599648538233252,-0.5071480912641632,0.47028333333333333
32,0.0,closed,available,48,0.0036365517016866966,-0.31586548030198586,0.47028333333333333
32,0.0,closed,available,49,0.001435385033792702,-0.31918050309902446,0.47028333333333333
32,0.0,closed,available,50,0.0007775318542543042,-0.21184954573384862,0.47028333333333333
32,0.0,closed,available,51,0.016296449163255955,0.09950178276860264,0.47028333333333333
32,0.0,closed,available,52,-0.0017915541842405958,0.13765549497493607,0.47028333333333333
32,0.0,closed,available,53,-0.0068921534180576005,-0.23022428016337848,0.47028333333333333
32,0.0,closed,available,54,-0.002479850313972465,-0.8664416098825357,0.47028333333333333
32,0.0,closed,available,55,0.00023487293520407793,-0.2857883031070361,0.47028333333333333
32,0.0,closed,available,56,0.010091973244597097,-0.013834738667430964,0.47028333333333333
32,0.0,closed,available,57,-0.010137806198201097,-0.006405810561463255,0.47028333333333333
32,0.0,closed,available,58,-0.015359495668808065,-0.41175351203378857,0.47028333333333333
32,0.0,closed,available,59,-0.006100714840353883,-0.001851657200990754,0.47028333333333333
32,0.0,closed,available,60,0.015129866512159529,0.6244599043007601,0.47028333333333333
32,0.0,closed,available,61,0.0024416487356837355,0.013120888962875726,0.47028333333333333
32,0.0,closed,available,62,-9.903330694133183e-05,0.43073880975331097,0.47028333333333333
32,0.0,closed,available,63,-0.017700263092533447,0.2380300199775447,0.47028333333333333
32,0.0,closed,available,64,-0.004063964115914032,0.5848752590197476,0.47028333333333333
32,0.0,closed,available,65,0.003849807583389986,0.2569234913290766,0.47028333333333333
32,0.0,closed,mi_obs,0,-0.012014116541756992,-0.37897694616435224,0.47028333333333333
32,0.0,closed,mi_obs,1,0.05910975648994221,-0.3243381088362329,0.47028333333333333
32,0.0,closed,mi_obs,2,-0.04526577535353343,-0.372839102962645,0.47028333333333333
32,0.0,closed,mi_obs,3,0.02792749712004379,0.08253153308572272,0.47028333333333333
32,0.0,closed,mi_obs,4,0.017657729760034144,0.09268502356304434,0.47028333333333333
32,0.0,closed,mi_obs,5,0.014370024309217744,0.8496168910940167,0.47028333333333333
32,0.0,closed,mi_obs,6,0.11705738807207633,0.3569727350876711,0.47028333333333333
32,0.0,closed,mi_obs,7,0.06615345181803628,0.35457813601719773,0.47028333333333333
32,0.0,closed,mi_obs,8,0.04396391903922933,0.021864827981019245,0.47028333333333333
32,0.0,closed,mi_obs,9,-0.01924006856081184,-0.8686825929110001,0.47028333333333333
32,0.0,closed,mi_obs,10,-0.010867642798777305,-0.06484123962102202,0.47028333333333333
32,0.0,closed,mi_obs,11,-0.03852022050262475,-0.004341041172054523,0.47028333333333333
32,0.0,closed,mi_obs,12,-0.03556096619723476,-0.0034008605390561325,0.47028333333333333
32,0.0,closed,mi_obs,13,-0.0003834389076072253,0.3900906583161995,0.47028333333333333
32,0.0,closed,mi_obs,14,-0.05377975799622825,-0.7203943371139786,0.47028333333333333
32,0.0,closed,mi_obs,15,-0.00824184429477598,-0.3008194926147792,0.47028333333333333
32,0.0,closed,mi_obs,16,-0.03461112474177733,-0.0005281428850284634,0.47028333333333333
32,0.0,closed,mi_obs,17,-0.09458543844703578,0.0013267970139047838,0.47028333333333333
32,0.0,closed,mi_obs,18,0.012925553468468097,0.0012647425568046663,0.47028333333333333
32,0.0,closed,mi_obs,19,0.008360010527127482,0.43393094994743253,0.47028333333333333
32,0.0,closed,mi_obs,20,-0.008312927614265936,-0.005903464338560751,0.47028333333333333
32,0.0,closed,mi_obs,21,0.024881589045290586,0.6423564647689579,0.47028333333333333
32,0.0,closed,mi_obs,22,0.009111571088797645,-0.0028525863716438826,0.47028333333333333
32,0.0,closed,mi_obs,23,0.010653870223219186,0.001963527575919203,0.47028333333333333
32,0.0,closed,mi_obs,24,0.031561174461238295,-0.7038299329770974,0.47028333333333333
32,0.0,closed,mi_obs,25,-0.006149129110802731,0.4284496373732833,0.47028333333333333
32,0.0,closed,mi_obs,26,0.01320427054484119,0.0011257827535970238,0.47028333333333333
32,0.0,closed,mi_obs,27,0.00851853134166064,0.34825205831301975,0.47028333333333333
32,0.0,closed,mi_obs,28,-0.04807722003056053,0.3774229310154111,0.47028333333333333
32,0.0,closed,mi_obs,29,0.01746077836890264,0.3825180638228709,0.47028333333333333
32,0.0,closed,mi_obs,30,-0.04464780064265668,-0.0018505974696654355,0.47028333333333333
32,0.0,closed,mi_obs,31,-0.05416894950524848,0.0019486241849911358,0.47028333333333333
32,0.0,closed,mi_obs,32,-0.04236005988812497,-0.5862282266342593,0.47028333333333333
32,0.0,closed,mi_obs,33,-0.09308888998942447,-0.0010574771964131943,0.47028333333333333
32,0.0,closed,mi_obs,34,-0.001178989298346643,0.00334457995970876,0.47028333333333333
32,0.0,closed,mi_obs,35,0.054542160021977426,0.538768269634299,0.47028333333333333
32,0.0,closed,mi_obs,36,0.05486603039921428,0.43310308063090763,0.47028333333333333
32,0.0,closed,mi_obs,37,0.11455582620688376,0.5929790552906902,0.47028333333333333
32,0.0,closed,mi_obs,38,-0.04280379662785394,-0.6154944545174968,0.47028333333333333
32,0.0,closed,mi_obs,39,0.009961403353345964,-0.026921068690604316,0.47028333333333333
32,0.0,closed,mi_obs,40,0.00637950486136714,-0.011454859151208,0.47028333333333333
32,0.0,closed,mi_obs,41,0.023911524711642707,0.6487566624833662,0.47028333333333333
32,0.0,closed,mi_obs,42,0.1255568880235537,0.4031189086455301,0.47028333333333333
32,0.0,closed,mi_obs,43,-0.0071066750447178195,0.17726241233352377,0.47028333333333333
32,0.0,closed,mi_obs,44,0.006667264268805206,0.2742286275055885,0.47028333333333333
32,0.0,closed,mi_obs,45,0.027245690630053665,0.14841072815535788,0.47028333333333333
32,0.0,closed,mi_obs,46,0.023663776282371075,0.0065220128529654324,0.47028333333333333
32,0.0,closed,mi_obs,47,0.07962959097110994,-0.5071480912641632,0.47028333333333333
32,0.0,closed,mi_obs,48,-0.06757173103276298,-0.31586548030198586,0.47028333333333333
32,0.0,closed,mi_obs,49,-0.0326557402081582,-0.31918050309902446,0.47028333333333333
32,0.0,closed,mi_obs,50,-0.017025768121772172,-0.21184954573384862,0.47028333333333333
32,0.0,closed,mi_obs,51,0.11412256179353705,0.09950178276860264,0.47028333333333333
32,0.0,closed,mi_obs,52,0.04306287234661718,0.13765549497493607,0.47028333333333333
32,0.0,closed,mi_obs,53,0.002394178672902786,-0.23022428016337848,0.47028333333333333
32,0.0,closed,mi_obs,54,-0.016779770690500295,-0.8664416098825357,0.47028333333333333
32,0.0,closed,mi_obs,55,-0.008663292316403615,-0.2857883031070361,0.47028333333333333
32,0.0,closed,mi_obs,56,0.0363417532184881,-0.013834738667430964,0.47028333333333333
32,0.0,closed,mi_obs,57,-0.026114617404505283,-0.006405810561463255,0.47028333333333333
32,0.0,closed,mi_obs,58,-0.11991789320177532,-0.41175351203378857,0.47028333333333333
32,0.0,closed,mi_obs,59,-0.039528928537369806,-0.001851657200990754,0.47028333333333333
32,0.0,closed,mi_obs,60,0.08540564336202794,0.6244599043007601,0.47028333333333333
32,0.0,closed,mi_obs,61,-0.06368340073933512,0.013120888962875726,0.47028333333333333
32,0.0,closed,mi_obs,62,-0.008311542788754012,0.43073880975331097,0.47028333333333333
32,0.0,closed,mi_obs,63,-0.012368068911271263,0.2380300199775447,0.47028333333333333
32,0.0,closed,mi_obs,64,0.06196840976718265,0.5848752590197476,0.47028333333333333
32,0.0,closed,mi_obs,65,0.006584850418612842,0.2569234913290766,0.47028333333333333
32,0.0,closed,mi_class,0,0.0013380017703128466,-0.37897694616435224,0.47028333333333333
32,0.0,closed,mi_class,1,0.22612465248037408,-0.3243381088362329,0.47028333333333333
32,0.0,closed,mi_class,2,-0.0583380433737275,-0.372839102962645,0.47028333333333333
32,0.0,closed,mi_class,3,-0.20296233044182996,0.08253153308572272,0.47028333333333333
32,0.0,closed,mi_class,4,-0.01904349481845262,0.09268502356304434,0.47028333333333333
32,0.0,closed,mi_class,5,-0.15920085823043406,0.8496168910940167,0.47028333333333333
32,0.0,closed,mi_class,6,-0.011404942124259021,0.3569727350876711,0.47028333333333333
32,0.0,closed,mi_class,7,-0.10472920970947461,0.35457813601719773,0.47028333333333333
32,0.0,closed,mi_class,8,-0.0028382879667504766,0.021864827981019245,0.47028333333333333
32,0.0,closed,mi_class,9,0.053223474719482744,-0.8686825929110001,0.47028333333333333
32,0.0,closed,mi_class,10,-0.008723462170774757,-0.06484123962102202,0.47028333333333333
32,0.0,closed,mi_class,11,0.019496201116620104,-0.004341041172054523,0.47028333333333333
32,0.0,closed,mi_class,12,0.07235499632400977,-0.0034008605390561325,0.47028333333333333
32,0.0,closed,mi_class,13,-0.16215649907142152,0.3900906583161995,0.47028333333333333
32,0.0,closed,mi_class,14,0.24231040722596398,-0.7203943371139786,0.47028333333333333
32,0.0,closed,mi_class,15,0.04532457408227858,-0.3008194926147792,0.47028333333333333
32,0.0,closed,mi_class,16,0.014782919906760342,-0.0005281428850284634,0.47028333333333333
32,0.0,closed,mi_class,17,-0.0063609908752113985,0.0013267970139047838,0.47028333333333333
32,0.0,closed,mi_class,18,0.030355342181731772,0.0012647425568046663,0.47028333333333333
32,0.0,closed,mi_class,19,-0.01286061449555842,0.43393094994743253,0.47028333333333333
32,0.0,closed,mi_class,20,0.0005559879997571252,-0.005903464338560751,0.47028333333333333
32,0.0,closed,mi_class,21,-0.3962926814351525,0.6423564647689579,0.47028333333333333
32,0.0,closed,mi_class,22,0.0304018760960219,-0.0028525863716438826,0.47028333333333333
32,0.0,closed,mi_class,23,-0.00444897040299793,0.001963527575919203,0.47028333333333333
32,0.0,closed,mi_class,24,0.5506147642613686,-0.7038299329770974,0.47028333333333333
32,0.0,closed,mi_class,25,-0.35736630544893433,0.4284496373732833,0.47028333333333333
32,0.0,closed,mi_class,26,0.008107451922063278,0.0011257827535970238,0.47028333333333333
32,0.0,closed,mi_class,27,-0.2366500420522004,0.34825205831301975,0.47028333333333333
32,0.0,closed,mi_class,28,-0.11951811963593545,0.3774229310154111,0.47028333333333333
32,0.0,closed,mi_class,29,-0.25395853806783564,0.3825180638228709,0.47028333333333333
32,0.0,closed,mi_class,30,0.05140303375554547,-0.0018505974696654355,0.47028333333333333
32,0.0,closed,mi_class,31,0.016607897026428634,0.0019486241849911358,0.47028333333333333
32,0.0,closed,mi_class,32,0.02497602501997609,-0.5862282266342593,0.47028333333333333
32,0.0,closed,mi_class,33,-0.08363757419936399,-0.0010574771964131943,0.47028333333333333
32,0.0,closed,mi_class,34,0.0025467073543534993,0.00334457995970876,0.47028333333333333
32,0.0,closed,mi_class,35,0.040847123429971655,0.538768269634299,0.47028333333333333
32,0.0,closed,mi_class,36,0.040128370995749174,0.43310308063090763,0.47028333333333333
32,0.0,closed,mi_class,37,0.01936109828293009,0.5929790552906902,0.47028333333333333
32,0.0,closed,mi_class,38,0.2756461452039564,-0.6154944545174968,0.47028333333333333
32,0.0,closed,mi_class,39,-0.11123472022521397,-0.026921068690604316,0.47028333333333333
32,0.0,closed,mi_class,40,0.0025523808324520447,-0.011454859151208,0.47028333333333333
32,0.0,closed,mi_class,41,-0.3797791009958273,0.6487566624833662,0.47028333333333333
32,0.0,closed,mi_class,42,-0.15734482710365244,0.4031189086455301,0.47028333333333333
32,0.0,closed,mi_class,43,0.03773384066079849,0.17726241233352377,0.47028333333333333
32,0.0,closed,mi_class,44,-0.10883811696917833,0.2742286275055885,0.47028333333333333
32,0.0,closed,mi_class,45,-0.006525556252304443,0.14841072815535788,0.47028333333333333
32,0.0,closed,mi_class,46,-0.0011130107365087466,0.0065220128529654324,0.47028333333333333
32,0.0,closed,mi_class,47,0.08604751313424241,-0.5071480912641632,0.47028333333333333
32,0.0,closed,mi_class,48,0.02613845762490935,-0.31586548030198586,0.47028333333333333
32,0.0,closed,mi_class,49,0.09333227476809502,-0.31918050309902446,0.47028333333333333
32,0.0,closed,mi_class,50,0.05565617877034634,-0.21184954573384862,0.47028333333333333
32,0.0,closed,mi_class,51,0.06014995806446122,0.09950178276860264,0.47028333333333333
32,0.0,closed,mi_class,52,-0.020502645121702454,0.13765549497493607,0.47028333333333333
32,0.0,closed,mi_class,53,-0.07365668778827533,-0.23022428016337848,0.47028333333333333
32,0.0,closed,mi_class,54,0.1814671478141826,-0.8664416098825357,0.47028333333333333
32,0.0,closed,mi_class,55,-0.011899519203228126,-0.2857883031070361,0.47028333333333333
32,0.0,closed,mi_class,56,-0.0037570586459761725,-0.013834738667430964,0.47028333333333333
32,0.0,closed,mi_class,57,-0.07157192913553123,-0.006405810561463255,0.47028333333333333
32,0.0,closed,mi_class,58,0.03414233470975059,-0.41175351203378857,0.47028333333333333
32,0.0,closed,mi_class,59,-0.08862959143301476,-0.001851657200990754,0.47028333333333333
32,0.0,closed,mi_class,60,-0.13138860929516705,0.6244599043007601,0.47028333333333333
32,0.0,closed,mi_class,61,-0.011492141949874291,0.013120888962875726,0.47028333333333333
32,0.0,closed,mi_class,62,-0.1586733298012138,0.43073880975331097,0.47028333333333333
32,0.0,closed,mi_class,63,-0.004834811666436567,0.2380300199775447,0.47028333333333333
32,0.0,closed,mi_class,64,0.0055668263280613806,0.5848752590197476,0.47028333333333333
32,0.0,closed,mi_class,65,-0.010556898292648303,0.2569234913290766,0.47028333333333333
32,0.0,closed,mi_site,0,-0.006740762260430022,-0.37897694616435224,0.47028333333333333
32,0.0,closed,mi_site,1,0.041260335832687456,-0.3243381088362329,0.47028333333333333
32,0.0,closed,mi_site,2,-0.025635092372051582,-0.372839102962645,0.47028333333333333
32,0.0,closed,mi_site,3,0.020950440372896603,0.08253153308572272,0.47028333333333333
32,0.0,closed,mi_site,4,0.013388461831986456,0.09268502356304434,0.47028333333333333
32,0.0,closed,mi_site,5,0.01336848109112343,0.8496168910940167,0.47028333333333333
32,0.0,closed,mi_site,6,0.10661620650955284,0.3569727350876711,0.47028333333333333
32,0.0,closed,mi_site,7,0.06362595695684414,0.35457813601719773,0.47028333333333333
32,0.0,closed,mi_site,8,0.03075837684329844,0.021864827981019245,0.47028333333333333
32,0.0,closed,mi_site,9,-0.015907351560734417,-0.8686825929110001,0.47028333333333333
32,0.0,closed,mi_site,10,-0.007998358505728817,-0.06484123962102202,0.47028333333333333
32,0.0,closed,mi_site,11,-0.030780008560159385,-0.004341041172054523,0.47028333333333333
32,0.0,closed,mi_site,12,-0.023216003939206094,-0.0034008605390561325,0.47028333333333333
32,0.0,closed,mi_site,13,-0.005092162594342031,0.3900906583161995,0.47028333333333333
32,0.0,closed,mi_site,14,-0.04122925133912625,-0.7203943371139786,0.47028333333333333
32,0.0,closed,mi_site,15,-0.0052499575977829616,-0.3008194926147792,0.47028333333333333
32,0.0,closed,mi_site,16,-0.027888183085339156,-0.0005281428850284634,0.47028333333333333
32,0.0,closed,mi_site,17,-0.10078051786896176,0.0013267970139047838,0.47028333333333333
32,0.0,closed,mi_site,18,0.00887844859876082,0.0012647425568046663,0.47028333333333333
32,0.0,closed,mi_site,19,0.0024456241123997358,0.43393094994743253,0.47028333333333333
32,0.0,closed,mi_site,20,-0.007950625875149712,-0.005903464338560751,0.47028333333333333
32,0.0,closed,mi_site,21,0.0037069836142406,0.6423564647689579,0.47028333333333333
32,0.0,closed,mi_site,22,0.003354940424639784,-0.0028525863716438826,0.47028333333333333
32,0.0,closed,mi_site,23,0.012074508139207208,0.001963527575919203,0.47028333333333333
32,0.0,closed,mi_site,24,0.02471231651446737,-0.7038299329770974,0.47028333333333333
32,0.0,closed,mi_site,25,-0.016747640469006397,0.4284496373732833,0.47028333333333333
32,0.0,closed,mi_site,26,0.01821850495398873,0.0011257827535970238,0.47028333333333333
32,0.0,closed,mi_site,27,0.001115122052184614,0.34825205831301975,0.47028333333333333
32,0.0,closed,mi_site,28,-0.033127729978482845,0.3774229310154111,0.47028333333333333
32,0.0,closed,mi_site,29,0.011739274317894344,0.3825180638228709,0.47028333333333333
32,0.0,closed,mi_site,30,-0.03469107885863231,-0.0018505974696654355,0.47028333333333333
32,0.0,closed,mi_site,31,-0.03725748714225131,0.0019486241849911358,0.47028333333333333
32,0.0,closed,mi_site,32,-0.02439669144184431,-0.5862282266342593,0.47028333333333333
32,0.0,closed,mi_site,33,-0.0847015903539088,-0.0010574771964131943,0.47028333333333333
32,0.0,closed,mi_site,34,0.018756002018918583,0.00334457995970876,0.47028333333333333
32,0.0,closed,mi_site,35,0.03861750348259163,0.538768269634299,0.47028333333333333
32,0.0,closed,mi_site,36,0.03976352560854646,0.43310308063090763,0.47028333333333333
32,0.0,closed,mi_site,37,0.09296376105002746,0.5929790552906902,0.47028333333333333
32,0.0,closed,mi_site,38,-0.029694325382228715,-0.6154944545174968,0.47028333333333333
32,0.0,closed,mi_site,39,0.0031622728251627964,-0.026921068690604316,0.47028333333333333
32,0.0,closed,mi_site,40,0.0009119393392593659,-0.011454859151208,0.47028333333333333
32,0.0,closed,mi_site,41,0.009980703093379173,0.6487566624833662,0.47028333333333333
32,0.0,closed,mi_site,42,0.12344044202629689,0.4031189086455301,0.47028333333333333
32,0.0,closed,mi_site,43,0.00030806934628949123,0.17726241233352377,0.47028333333333333
32,0.0,closed,mi_site,44,0.010534983358402084,0.2742286275055885,0.47028333333333333
32,0.0,closed,mi_site,45,0.024026252908007056,0.14841072815535788,0.47028333333333333
32,0.0,closed,mi_site,46,0.019983209307885143,0.0065220128529654324,0.47028333333333333
32,0.0,closed,mi_site,47,0.08289083821780663,-0.5071480912641632,0.47028333333333333
32,0.0,closed,mi_site,48,-0.06470727031754259,-0.31586548030198586,0.47028333333333333
32,0.0,closed,mi_site,49,-0.028388365841714502,-0.31918050309902446,0.47028333333333333
32,0.0,closed,mi_site,50,-0.007774544388648247,-0.21184954573384862,0.47028333333333333
32,0.0,closed,mi_site,51,0.11010556958075685,0.09950178276860264,0.47028333333333333
32,0.0,closed,mi_site,52,0.03543394131078201,0.13765549497493607,0.47028333333333333
32,0.0,closed,mi_site,53,-0.004066488247810307,-0.23022428016337848,0.47028333333333333
32,0.0,closed,mi_site,54,-0.016306649836524745,-0.8664416098825357,0.47028333333333333
32,0.0,closed,mi_site,55,-0.008615750987523041,-0.2857883031070361,0.47028333333333333
32,0.0,closed,mi_site,56,0.035867905811966125,-0.013834738667430964,0.47028333333333333
32,0.0,closed,mi_site,57,-0.027921800010081828,-0.006405810561463255,0.47028333333333333
32,0.0,closed,mi_site,58,-0.10831057877775424,-0.41175351203378857,0.47028333333333333
32,0.0,closed,mi_site,59,-0.03788561368918822,-0.001851657200990754,0.47028333333333333
32,0.0,closed,mi_site,60,0.05951907516137367,0.6244599043007601,0.47028333333333333
32,0.0,closed,mi_site,61,-0.054616169681073155,0.013120888962875726,0.47028333333333333
32,0.0,closed,mi_site,62,-0.004720276276311219,0.43073880975331097,0.47028333333333333
32,0.0,closed,mi_site,63,0.0007894161473739891,0.2380300199775447,0.47028333333333333
32,0.0,closed,mi_site,64,0.054536828426451134,0.5848752590197476,0.47028333333333333
32,0.0,closed,mi_site,65,0.009431324331573288,0.2569234913290766,0.47028333333333333
32,1.0,aligned,available,0,0.0037724008306621593,-0.3762494607330649,0.47028333333333333
32,1.0,aligned,available,1,-0.011307801161722364,-0.3294435121743923,0.47028333333333333
32,1.0,aligned,available,2,0.015809212932851646,-0.3792307020123252,0.47028333333333333
32,1.0,aligned,available,3,-0.0016516445709173627,0.09424927627818841,0.47028333333333333
32,1.0,aligned,available,4,0.00772961576787233,0.08149498407637949,0.47028333333333333
32,1.0,aligned,available,5,0.0027721658325080556,0.8498010564739735,0.47028333333333333
32,1.0,aligned,available,6,0.0022065024860135063,0.3547783823585962,0.47028333333333333
32,1.0,aligned,available,7,-0.002372485429219251,0.36281478898488867,0.47028333333333333
32,1.0,aligned,available,8,0.004237760723429986,0.02685255304410809,0.47028333333333333
32,1.0,aligned,available,9,-0.0009188407315434688,-0.8667948514470524,0.47028333333333333
32,1.0,aligned,available,10,-0.010608170414535337,-0.0681025758390116,0.47028333333333333
32,1.0,aligned,available,11,0.0005809343021005971,-0.00470908811594201,0.47028333333333333
32,1.0,aligned,available,12,3.2485786985418305e-05,-0.003955041164295218,0.47028333333333333
32,1.0,aligned,available,13,-0.019326050137927653,0.38639734909488,0.47028333333333333
32,1.0,aligned,available,14,-0.0015045818336447692,-0.7157420573296145,0.47028333333333333
32,1.0,aligned,available,15,0.009961090928507,-0.29830956498326133,0.47028333333333333
32,1.0,aligned,available,16,0.004585115895801528,-0.0005281428850284634,0.47028333333333333
32,1.0,aligned,available,17,-0.005953146440788676,0.0018108733648083246,0.47028333333333333
32,1.0,aligned,available,18,0.011332171911644843,0.0009757258917975902,0.47028333333333333
32,1.0,aligned,available,19,-0.0048723386140919756,0.4323540866862957,0.47028333333333333
32,1.0,aligned,available,20,-0.0018259848720248864,-0.0055539602592861595,0.47028333333333333
32,1.0,aligned,available,21,-0.0009090711019817954,0.6495839105527466,0.47028333333333333
32,1.0,aligned,available,22,0.03455065679028939,-0.005718101910794992,0.47028333333333333
32,1.0,aligned,available,23,-0.01616799216098935,0.003226416431602951,0.47028333333333333
32,1.0,aligned,available,24,-0.0056925842999037135,-0.7076180256254287,0.47028333333333333
32,1.0,aligned,available,25,0.012129108336046801,0.4257002433815896,0.47028333333333333
32,1.0,aligned,available,26,0.01579846720270833,-0.0016831435026775636,0.47028333333333333
32,1.0,aligned,available,27,-0.009697726202594126,0.3483366699030559,0.47028333333333333
32,1.0,aligned,available,28,0.014686244693504102,0.3831041369889481,0.47028333333333333
32,1.0,aligned,available,29,0.0061313512928466984,0.3889533277883276,0.47028333333333333
32,1.0,aligned,available,30,0.0032376799829367028,-0.007798886008327253,0.47028333333333333
32,1.0,aligned,available,31,0.025143459495003403,0.005059258999862233,0.47028333333333333
32,1.0,aligned,available,32,0.012238315218506157,-0.5933144577787954,0.47028333333333333
32,1.0,aligned,available,33,0.008194087231073042,5.947107212751669e-06,0.47028333333333333
32,1.0,aligned,available,34,-0.03201114314395038,-0.0033584586852081016,0.47028333333333333
32,1.0,aligned,available,35,-0.00944760893752472,0.5318824071996009,0.47028333333333333
32,1.0,aligned,available,36,-0.009540560519645191,0.4386913134644376,0.47028333333333333
32,1.0,aligned,available,37,-0.006147097052668249,0.5940425910020761,0.47028333333333333
32,1.0,aligned,available,38,0.007766234254051763,-0.6217138421977775,0.47028333333333333
32,1.0,aligned,available,39,0.011409661441073374,-0.019216333634358533,0.47028333333333333
32,1.0,aligned,available,40,0.005886339543502678,-0.010687499628783754,0.47028333333333333
32,1.0,aligned,available,41,9.324762497353589e-05,0.657871026920903,0.47028333333333333
32,1.0,aligned,available,42,0.012604476519392005,0.4104365283428363,0.47028333333333333
32,1.0,aligned,available,43,-0.0001648510401047465,0.17290989018948064,0.47028333333333333
32,1.0,aligned,available,44,-0.002938350651730093,0.2740652381404585,0.47028333333333333
32,1.0,aligned,available,45,-0.0022226605130450106,0.141483729322764,0.47028333333333333
32,1.0,aligned,available,46,0.0005277855732007865,0.00596969525152059,0.47028333333333333
32,1.0,aligned,available,47,0.009670736544167946,-0.5170210711229951,0.47028333333333333
32,1.0,aligned,available,48,-0.018455700057353086,-0.3236341984672195,0.47028333333333333
32,1.0,aligned,available,49,-0.005491474535379903,-0.3151669713274448,0.47028333333333333
32,1.0,aligned,available,50,0.013247583006504166,-0.213757939098159,0.47028333333333333
32,1.0,aligned,available,51,-0.001584413154594927,0.09834722061439681,0.47028333333333333
32,1.0,aligned,available,52,0.012672925294021503,0.14290138131600547,0.47028333333333333
32,1.0,aligned,available,53,0.011881039813538524,-0.2282376400961415,0.47028333333333333
32,1.0,aligned,available,54,-0.002862012278237347,-0.8666520283373231,0.47028333333333333
32,1.0,aligned,available,55,0.006641712690699908,-0.2909966811563558,0.47028333333333333
32,1.0,aligned,available,56,0.003691419595113203,-0.012525565652214318,0.47028333333333333
32,1.0,aligned,available,57,-0.0024721286636054315,-0.005117291224760952,0.47028333333333333
32,1.0,aligned,available,58,0.009940726376147901,-0.41005900103097165,0.47028333333333333
32,1.0,aligned,available,59,0.005414217442958268,0.00026582567298712195,0.47028333333333333
32,1.0,aligned,available,60,0.013967259939680399,0.6274913316252073,0.47028333333333333
32,1.0,aligned,available,61,-0.0012887043756355156,0.010880213602986594,0.47028333333333333
32,1.0,aligned,available,62,-0.012802025977722509,0.42469330160071683,0.47028333333333333
32,1.0,aligned,available,63,0.00015191003562342598,0.23839048850711597,0.47028333333333333
32,1.0,aligned,available,64,0.006431252973946422,0.579081715507539,0.47028333333333333
32,1.0,aligned,available,65,0.0052674561082013405,0.26153557633527563,0.47028333333333333
32,1.0,aligned,mi_obs,0,-0.006412356195847846,-0.3762494607330649,0.47028333333333333
32,1.0,aligned,mi_obs,1,0.06016718166609725,-0.3294435121743923,0.47028333333333333
32,1.0,aligned,mi_obs,2,-0.04779364562742777,-0.3792307020123252,0.47028333333333333
32,1.0,aligned,mi_obs,3,0.02516705994827932,0.09424927627818841,0.47028333333333333
32,1.0,aligned,mi_obs,4,0.006971595094321645,0.08149498407637949,0.47028333333333333
32,1.0,aligned,mi_obs,5,0.013204049379645477,0.8498010564739735,0.47028333333333333
32,1.0,aligned,mi_obs,6,0.11422242516799885,0.3547783823585962,0.47028333333333333
32,1.0,aligned,mi_obs,7,0.06280286439920602,0.36281478898488867,0.47028333333333333
32,1.0,aligned,mi_obs,8,0.045270291247357874,0.02685255304410809,0.47028333333333333
32,1.0,aligned,mi_obs,9,-0.019154283688044837,-0.8667948514470524,0.47028333333333333
32,1.0,aligned,mi_obs,10,-0.0038068593348794394,-0.0681025758390116,0.47028333333333333
32,1.0,aligned,mi_obs,11,-0.03156674384491963,-0.00470908811594201,0.47028333333333333
32,1.0,aligned,mi_obs,12,-0.03060520106597388,-0.003955041164295218,0.47028333333333333
32,1.0,aligned,mi_obs,13,0.043947818609615996,0.38639734909488,0.47028333333333333
32,1.0,aligned,mi_obs,14,-0.05897604000654455,-0.7157420573296145,0.47028333333333333
32,1.0,aligned,mi_obs,15,-0.005334980669995382,-0.29830956498326133,0.47028333333333333
32,1.0,aligned,mi_obs,16,-0.03443350860462585,-0.0005281428850284634,0.47028333333333333
32,1.0,aligned,mi_obs,17,-0.07825341104980897,0.0018108733648083246,0.47028333333333333
32,1.0,aligned,mi_obs,18,0.0027899661236231313,0.0009757258917975902,0.47028333333333333
32,1.0,aligned,mi_obs,19,0.005156036631261851,0.4323540866862957,0.47028333333333333
32,1.0,aligned,mi_obs,20,-0.00581919245185876,-0.0055539602592861595,0.47028333333333333
32,1.0,aligned,mi_obs,21,0.03880370822782686,0.6495839105527466,0.47028333333333333
32,1.0,aligned,mi_obs,22,0.0059551479197247495,-0.005718101910794992,0.47028333333333333
32,1.0,aligned,mi_obs,23,0.007209724472829117,0.003226416431602951,0.47028333333333333
32,1.0,aligned,mi_obs,24,0.031098572205963793,-0.7076180256254287,0.47028333333333333
32,1.0,aligned,mi_obs,25,-0.0026959551487399924,0.4257002433815896,0.47028333333333333
32,1.0,aligned,mi_obs,26,0.015443500266217061,-0.0016831435026775636,0.47028333333333333
32,1.0,aligned,mi_obs,27,0.00016436352279697308,0.3483366699030559,0.47028333333333333
32,1.0,aligned,mi_obs,28,-0.05232435283365389,0.3831041369889481,0.47028333333333333
32,1.0,aligned,mi_obs,29,0.01584668828637731,0.3889533277883276,0.47028333333333333
32,1.0,aligned,mi_obs,30,0.0692101340574588,-0.007798886008327253,0.47028333333333333
32,1.0,aligned,mi_obs,31,-0.019711676829352934,0.005059258999862233,0.47028333333333333
32,1.0,aligned,mi_obs,32,-0.046142942165781964,-0.5933144577787954,0.47028333333333333
32,1.0,aligned,mi_obs,33,-0.07952747419926733,5.947107212751669e-06,0.47028333333333333
32,1.0,aligned,mi_obs,34,-0.004334803613216377,-0.0033584586852081016,0.47028333333333333
32,1.0,aligned,mi_obs,35,0.0531123697956325,0.5318824071996009,0.47028333333333333
32,1.0,aligned,mi_obs,36,0.056519138133180324,0.4386913134644376,0.47028333333333333
32,1.0,aligned,mi_obs,37,0.10765163038585812,0.5940425910020761,0.47028333333333333
32,1.0,aligned,mi_obs,38,-0.06811438990584984,-0.6217138421977775,0.47028333333333333
32,1.0,aligned,mi_obs,39,-0.003071948013882674,-0.019216333634358533,0.47028333333333333
32,1.0,aligned,mi_obs,40,-0.006090855570790626,-0.010687499628783754,0.47028333333333333
32,1.0,aligned,mi_obs,41,0.005150111309464744,0.657871026920903,0.47028333333333333
32,1.0,aligned,mi_obs,42,0.07924401994407376,0.4104365283428363,0.47028333333333333
32,1.0,aligned,mi_obs,43,0.014054594686475547,0.17290989018948064,0.47028333333333333
32,1.0,aligned,mi_obs,44,0.04055652341281751,0.2740652381404585,0.47028333333333333
32,1.0,aligned,mi_obs,45,0.018345520365652235,0.141483729322764,0.47028333333333333
32,1.0,aligned,mi_obs,46,0.013283216398864074,0.00596969525152059,0.47028333333333333
32,1.0,aligned,mi_obs,47,0.06539883904565835,-0.5170210711229951,0.47028333333333333
32,1.0,aligned,mi_obs,48,-0.05138707302987572,-0.3236341984672195,0.47028333333333333
32,1.0,aligned,mi_obs,49,-0.019848037629528137,-0.3151669713274448,0.47028333333333333
32,1.0,aligned,mi_obs,50,0.0023951132758188165,-0.213757939098159,0.47028333333333333
32,1.0,aligned,mi_obs,51,0.1081319286230296,0.09834722061439681,0.47028333333333333
32,1.0,aligned,mi_obs,52,0.03680316998683644,0.14290138131600547,0.47028333333333333
32,1.0,aligned,mi_obs,53,0.00844160795812618,-0.2282376400961415,0.47028333333333333
32,1.0,aligned,mi_obs,54,-0.01444845506519099,-0.8666520283373231,0.47028333333333333
32,1.0,aligned,mi_obs,55,-0.00261251749651481,-0.2909966811563558,0.47028333333333333
32,1.0,aligned,mi_obs,56,0.038149700204393074,-0.012525565652214318,0.47028333333333333
32,1.0,aligned,mi_obs,57,-0.041629373170752534,-0.005117291224760952,0.47028333333333333
32,1.0,aligned,mi_obs,58,-0.12264547531832143,-0.41005900103097165,0.47028333333333333
32,1.0,aligned,mi_obs,59,-0.034154408167065595,0.00026582567298712195,0.47028333333333333
32,1.0,aligned,mi_obs,60,0.085579068292707,0.6274913316252073,0.47028333333333333
32,1.0,aligned,mi_obs,61,-0.05930336178989076,0.010880213602986594,0.47028333333333333
32,1.0,aligned,mi_obs,62,-0.010511642471457527,0.42469330160071683,0.47028333333333333
32,1.0,aligned,mi_obs,63,-0.011700318244237479,0.23839048850711597,0.47028333333333333
32,1.0,aligned,mi_obs,64,0.07571189827933755,0.579081715507539,0.47028333333333333
32,1.0,aligned,mi_obs,65,-0.0008631170851605696,0.26153557633527563,0.47028333333333333
32,1.0,aligned,mi_class,0,-0.019286046769153853,-0.3762494607330649,0.47028333333333333
32,1.0,aligned,mi_class,1,0.029084517783250552,-0.3294435121743923,0.47028333333333333
32,1.0,aligned,mi_class,2,-0.02558378363810382,-0.3792307020123252,0.47028333333333333
32,1.0,aligned,mi_class,3,-0.008212421888803806,0.09424927627818841,0.47028333333333333
32,1.0,aligned,mi_class,4,-0.01161509846863254,0.08149498407637949,0.47028333333333333
32,1.0,aligned,mi_class,5,-0.09630716500101866,0.8498010564739735,0.47028333333333333
32,1.0,aligned,mi_class,6,-0.09763189996646887,0.3547783823585962,0.47028333333333333
32,1.0,aligned,mi_class,7,-0.10909639191440845,0.36281478898488867,0.47028333333333333
32,1.0,aligned,mi_class,8,-0.015665089561837407,0.02685255304410809,0.47028333333333333
32,1.0,aligned,mi_class,9,0.26711118948575385,-0.8667948514470524,0.47028333333333333
32,1.0,aligned,mi_class,10,-0.01012767775960903,-0.0681025758390116,0.47028333333333333
32,1.0,aligned,mi_class,11,0.05677445850956776,-0.00470908811594201,0.47028333333333333
32,1.0,aligned,mi_class,12,0.060465011825909985,-0.003955041164295218,0.47028333333333333
32,1.0,aligned,mi_class,13,-0.1570105985476736,0.38639734909488,0.47028333333333333
32,1.0,aligned,mi_class,14,0.18118848775744456,-0.7157420573296145,0.47028333333333333
32,1.0,aligned,mi_class,15,-0.007918731977790416,-0.29830956498326133,0.47028333333333333
32,1.0,aligned,mi_class,16,-0.0313799625741313,-0.0005281428850284634,0.47028333333333333
32,1.0,aligned,mi_class,17,0.036758382245198465,0.0018108733648083246,0.47028333333333333
32,1.0,aligned,mi_class,18,0.050433666276563247,0.0009757258917975902,0.47028333333333333
32,1.0,aligned,mi_class,19,-0.10131136455476142,0.4323540866862957,0.47028333333333333
32,1.0,aligned,mi_class,20,0.02294215958213459,-0.0055539602592861595,0.47028333333333333
32,1.0,aligned,mi_class,21,-0.04566895579658714,0.6495839105527466,0.47028333333333333
32,1.0,aligned,mi_class,22,-0.02526465029898609,-0.005718101910794992,0.47028333333333333
32,1.0,aligned,mi_class,23,-0.011169706639870016,0.003226416431602951,0.47028333333333333
32,1.0,aligned,mi_class,24,0.21361323278656708,-0.7076180256254287,0.47028333333333333
32,1.0,aligned,mi_class,25,-0.1795618362151035,0.4257002433815896,0.47028333333333333
32,1.0,aligned,mi_class,26,0.004231410060766371,-0.0016831435026775636,0.47028333333333333
32,1.0,aligned,mi_class,27,-0.005066499608367081,0.3483366699030559,0.47028333333333333
32,1.0,aligned,mi_class,28,-0.13566209259743495,0.3831041369889481,0.47028333333333333
32,1.0,aligned,mi_class,29,-0.030002521340870558,0.3889533277883276,0.47028333333333333
32,1.0,aligned,mi_class,30,-0.048419540859284876,-0.007798886008327253,0.47028333333333333
32,1.0,aligned,mi_class,31,0.009446893196505959,0.005059258999862233,0.47028333333333333
32,1.0,aligned,mi_class,32,0.010814636803130107,-0.5933144577787954,0.47028333333333333
32,1.0,aligned,mi_class,33,0.018438794237412674,5.947107212751669e-06,0.47028333333333333
32,1.0,aligned,mi_class,34,-0.012310348200964627,-0.0033584586852081016,0.47028333333333333
32,1.0,aligned,mi_class,35,0.04414621855673828,0.5318824071996009,0.47028333333333333
32,1.0,aligned,mi_class,36,-0.2382288231814962,0.4386913134644376,0.47028333333333333
32,1.0,aligned,mi_class,37,0.03977887280389125,0.5940425910020761,0.47028333333333333
32,1.0,aligned,mi_class,38,0.07764942308017353,-0.6217138421977775,0.47028333333333333
32,1.0,aligned,mi_class,39,0.05764165942755171,-0.019216333634358533,0.47028333333333333
32,1.0,aligned,mi_class,40,-0.055660294332303545,-0.010687499628783754,0.47028333333333333
32,1.0,aligned,mi_class,41,-0.14939579943455805,0.657871026920903,0.47028333333333333
32,1.0,aligned,mi_class,42,-0.1448060356524587,0.4104365283428363,0.47028333333333333
32,1.0,aligned,mi_class,43,-0.11182169414850535,0.17290989018948064,0.47028333333333333
32,1.0,aligned,mi_class,44,-0.13408345345674458,0.2740652381404585,0.47028333333333333
32,1.0,aligned,mi_class,45,-0.018465325795981077,0.141483729322764,0.47028333333333333
32,1.0,aligned,mi_class,46,-0.005540606459287293,0.00596969525152059,0.47028333333333333
32,1.0,aligned,mi_class,47,0.05331636816493995,-0.5170210711229951,0.47028333333333333
32,1.0,aligned,mi_class,48,0.03074650873573398,-0.3236341984672195,0.47028333333333333
32,1.0,aligned,mi_class,49,0.14918270557012098,-0.3151669713274448,0.47028333333333333
32,1.0,aligned,mi_class,50,0.06077941645955742,-0.213757939098159,0.47028333333333333
32,1.0,aligned,mi_class,51,-0.017682876003293935,0.09834722061439681,0.47028333333333333
32,1.0,aligned,mi_class,52,-0.01734463037875303,0.14290138131600547,0.47028333333333333
32,1.0,aligned,mi_class,53,-0.02945926835647039,-0.2282376400961415,0.47028333333333333
32,1.0,aligned,mi_class,54,0.3268452851936784,-0.8666520283373231,0.47028333333333333
32,1.0,aligned,mi_class,55,0.006187050003290007,-0.2909966811563558,0.47028333333333333
32,1.0,aligned,mi_class,56,0.04233358434398914,-0.012525565652214318,0.47028333333333333
32,1.0,aligned,mi_class,57,-0.0047270862815276034,-0.005117291224760952,0.47028333333333333
32,1.0,aligned,mi_class,58,0.192736161304987,-0.41005900103097165,0.47028333333333333
32,1.0,aligned,mi_class,59,0.0017448911126479478,0.00026582567298712195,0.47028333333333333
32,1.0,aligned,mi_class,60,-0.11317844725472759,0.6274913316252073,0.47028333333333333
32,1.0,aligned,mi_class,61,-0.013749241494311927,0.010880213602986594,0.47028333333333333
32,1.0,aligned,mi_class,62,-0.15333915596695424,0.42469330160071683,0.47028333333333333
32,1.0,aligned,mi_class,63,-0.058081328344514044,0.23839048850711597,0.47028333333333333
32,1.0,aligned,mi_class,64,0.023637298622759984,0.579081715507539,0.47028333333333333
32,1.0,aligned,mi_class,65,-0.08066500395384149,0.26153557633527563,0.47028333333333333
32,1.0,aligned,mi_site,0,0.024234940303165864,-0.3762494607330649,0.47028333333333333
32,1.0,aligned,mi_site,1,0.04858887403383938,-0.3294435121743923,0.47028333333333333
32,1.0,aligned,mi_site,2,0.05054986577309162,-0.3792307020123252,0.47028333333333333
32,1.0,aligned,mi_site,3,0.0002007074536143627,0.09424927627818841,0.47028333333333333
32,1.0,aligned,mi_site,4,0.01214741560901994,0.08149498407637949,0.47028333333333333
32,1.0,aligned,mi_site,5,-0.061828964258805796,0.8498010564739735,0.47028333333333333
32,1.0,aligned,mi_site,6,0.05235767132521357,0.3547783823585962,0.47028333333333333
32,1.0,aligned,mi_site,7,-0.008472666630389258,0.36281478898488867,0.47028333333333333
32,1.0,aligned,mi_site,8,0.010167156475605208,0.02685255304410809,0.47028333333333333
32,1.0,aligned,mi_site,9,0.2151208959359483,-0.8667948514470524,0.47028333333333333
32,1.0,aligned,mi_site,10,-0.002215017419549034,-0.0681025758390116,0.47028333333333333
32,1.0,aligned,mi_site,11,-0.012729922644657766,-0.00470908811594201,0.47028333333333333
32,1.0,aligned,mi_site,12,-0.028195764701075435,-0.003955041164295218,0.47028333333333333
32,1.0,aligned,mi_site,13,-0.012597572168342008,0.38639734909488,0.47028333333333333
32,1.0,aligned,mi_site,14,-0.03227336325147001,-0.7157420573296145,0.47028333333333333
32,1.0,aligned,mi_site,15,0.009109036387793423,-0.29830956498326133,0.47028333333333333
32,1.0,aligned,mi_site,16,-0.029009459934918328,-0.0005281428850284634,0.47028333333333333
32,1.0,aligned,mi_site,17,-0.03800456035793508,0.0018108733648083246,0.47028333333333333
32,1.0,aligned,mi_site,18,0.006840257991526125,0.0009757258917975902,0.47028333333333333
32,1.0,aligned,mi_site,19,-0.10385049973238558,0.4323540866862957,0.47028333333333333
32,1.0,aligned,mi_site,20,-0.003530909756568998,-0.0055539602592861595,0.47028333333333333
32,1.0,aligned,mi_site,21,-0.04000717078323046,0.6495839105527466,0.47028333333333333
32,1.0,aligned,mi_site,22,-0.000638155428131627,-0.005718101910794992,0.47028333333333333
32,1.0,aligned,mi_site,23,-0.00044351625539488767,0.003226416431602951,0.47028333333333333
32,1.0,aligned,mi_site,24,0.023668309044832192,-0.7076180256254287,0.47028333333333333
32,1.0,aligned,mi_site,25,-0.0282279346731229,0.4257002433815896,0.47028333333333333
32,1.0,aligned,mi_site,26,0.009495631038876394,-0.0016831435026775636,0.47028333333333333
32,1.0,aligned,mi_site,27,-0.06367512619940424,0.3483366699030559,0.47028333333333333
32,1.0,aligned,mi_site,28,-0.09471755265370396,0.3831041369889481,0.47028333333333333
32,1.0,aligned,mi_site,29,-0.005710943924811807,0.3889533277883276,0.47028333333333333
32,1.0,aligned,mi_site,30,0.02748213921593948,-0.007798886008327253,0.47028333333333333
32,1.0,aligned,mi_site,31,0.010137155735610224,0.005059258999862233,0.47028333333333333
32,1.0,aligned,mi_site,32,0.05738471253078914,-0.5933144577787954,0.47028333333333333
32,1.0,aligned,mi_site,33,-0.054102564892715435,5.947107212751669e-06,0.47028333333333333
32,1.0,aligned,mi_site,34,-0.003974394250790365,-0.0033584586852081016,0.47028333333333333
32,1.0,aligned,mi_site,35,-0.13665506018579648,0.5318824071996009,0.47028333333333333
32,1.0,aligned,mi_site,36,-0.10647301304714107,0.4386913134644376,0.47028333333333333
32,1.0,aligned,mi_site,37,-0.0412226757883436,0.5940425910020761,0.47028333333333333
32,1.0,aligned,mi_site,38,-0.009763053947219547,-0.6217138421977775,0.47028333333333333
32,1.0,aligned,mi_site,39,-0.007305667681764126,-0.019216333634358533,0.47028333333333333
32,1.0,aligned,mi_site,40,-0.0028329422806352474,-0.010687499628783754,0.47028333333333333
32,1.0,aligned,mi_site,41,-0.0025047448323732846,0.657871026920903,0.47028333333333333
32,1.0,aligned,mi_site,42,0.004907225871842613,0.4104365283428363,0.47028333333333333
32,1.0,aligned,mi_site,43,-0.05785853317714386,0.17290989018948064,0.47028333333333333
32,1.0,aligned,mi_site,44,0.011563952159025337,0.2740652381404585,0.47028333333333333
32,1.0,aligned,mi_site,45,0.020131609434315134,0.141483729322764,0.47028333333333333
32,1.0,aligned,mi_site,46,0.0038129389330758164,0.00596969525152059,0.47028333333333333
32,1.0,aligned,mi_site,47,0.04990545850488093,-0.5170210711229951,0.47028333333333333
32,1.0,aligned,mi_site,48,0.02938590374083222,-0.3236341984672195,0.47028333333333333
32,1.0,aligned,mi_site,49,0.06174373413864487,-0.3151669713274448,0.47028333333333333
32,1.0,aligned,mi_site,50,0.023947083442225764,-0.213757939098159,0.47028333333333333
32,1.0,aligned,mi_site,51,0.08249283801443606,0.09834722061439681,0.47028333333333333
32,1.0,aligned,mi_site,52,0.00986905788233891,0.14290138131600547,0.47028333333333333
32,1.0,aligned,mi_site,53,0.03592828006675969,-0.2282376400961415,0.47028333333333333
32,1.0,aligned,mi_site,54,0.1743356652084972,-0.8666520283373231,0.47028333333333333
32,1.0,aligned,mi_site,55,0.001449963322291692,-0.2909966811563558,0.47028333333333333
32,1.0,aligned,mi_site,56,0.02630215226008377,-0.012525565652214318,0.47028333333333333
32,1.0,aligned,mi_site,57,-0.02698070102566553,-0.005117291224760952,0.47028333333333333
32,1.0,aligned,mi_site,58,0.017180659001823972,-0.41005900103097165,0.47028333333333333
32,1.0,aligned,mi_site,59,-0.011872948311024306,0.00026582567298712195,0.47028333333333333
32,1.0,aligned,mi_site,60,-0.028724181149228922,0.6274913316252073,0.47028333333333333
32,1.0,aligned,mi_site,61,-0.03382889057654975,0.010880213602986594,0.47028333333333333
32,1.0,aligned,mi_site,62,-0.01545939998838508,0.42469330160071683,0.47028333333333333
32,1.0,aligned,mi_site,63,-0.4226033533542542,0.23839048850711597,0.47028333333333333
32,1.0,aligned,mi_site,64,-0.07018495795306445,0.579081715507539,0.47028333333333333
32,1.0,aligned,mi_site,65,-0.06212928857448141,0.26153557633527563,0.47028333333333333
32,1.0,closed,available,0,0.00616034763145068,-0.3762494607330649,0.47028333333333333
32,1.0,closed,available,1,-0.0011264220567989702,-0.3294435121743923,0.47028333333333333
32,1.0,closed,available,2,-0.02616552495831126,-0.3792307020123252,0.47028333333333333
32,1.0,closed,available,3,-0.028275314555394337,0.09424927627818841,0.47028333333333333
32,1.0,closed,available,4,0.010792998745492555,0.08149498407637949,0.47028333333333333
32,1.0,closed,available,5,0.0013068188532091574,0.8498010564739735,0.47028333333333333
32,1.0,closed,available,6,0.009792673208392666,0.3547783823585962,0.47028333333333333
32,1.0,closed,available,7,-0.031483967986318584,0.36281478898488867,0.47028333333333333
32,1.0,closed,available,8,-0.0032731903856260715,0.02685255304410809,0.47028333333333333
32,1.0,closed,available,9,0.0003776113609468279,-0.8667948514470524,0.47028333333333333
32,1.0,closed,available,10,-0.004649007279965062,-0.0681025758390116,0.47028333333333333
32,1.0,closed,available,11,-0.01913761900934417,-0.00470908811594201,0.47028333333333333
32,1.0,closed,available,12,-0.011760718735695272,-0.003955041164295218,0.47028333333333333
32,1.0,closed,available,13,0.010620973894503005,0.38639734909488,0.47028333333333333
32,1.0,closed,available,14,-0.00929223660705969,-0.7157420573296145,0.47028333333333333
32,1.0,closed,available,15,-0.009625284734570694,-0.29830956498326133,0.47028333333333333
32,1.0,closed,available,16,-0.0029676359466114235,-0.0005281428850284634,0.47028333333333333
32,1.0,closed,available,17,0.00728684306543284,0.0018108733648083246,0.47028333333333333
32,1.0,closed,available,18,-0.014106540893493601,0.0009757258917975902,0.47028333333333333
32,1.0,closed,available,19,0.006087983700652555,0.4323540866862957,0.47028333333333333
32,1.0,closed,available,20,-0.0009755389121381356,-0.0055539602592861595,0.47028333333333333
32,1.0,closed,available,21,0.019117485636513498,0.6495839105527466,0.47028333333333333
32,1.0,closed,available,22,-0.026825440603718644,-0.005718101910794992,0.47028333333333333
32,1.0,closed,available,23,0.015950405922976876,0.003226416431602951,0.47028333333333333
32,1.0,closed,available,24,-0.005890431333479884,-0.7076180256254287,0.47028333333333333
32,1.0,closed,available,25,-0.0033372053298458826,0.4257002433815896,0.47028333333333333
32,1.0,closed,available,26,0.006656174438326762,-0.0016831435026775636,0.47028333333333333
32,1.0,closed,available,27,-0.007358312170559433,0.3483366699030559,0.47028333333333333
32,1.0,closed,available,28,0.014137793346494398,0.3831041369889481,0.47028333333333333
32,1.0,closed,available,29,0.01196112445140235,0.3889533277883276,0.47028333333333333
32,1.0,closed,available,30,0.03130675325418477,-0.007798886008327253,0.47028333333333333
32,1.0,closed,available,31,0.007820554681352756,0.005059258999862233,0.47028333333333333
32,1.0,closed,available,32,-0.014798929533288319,-0.5933144577787954,0.47028333333333333
32,1.0,closed,available,33,0.018744367806268026,5.947107212751669e-06,0.47028333333333333
32,1.0,closed,available,34,0.009686656713512513,-0.0033584586852081016,0.47028333333333333
32,1.0,closed,available,35,0.017656857652284197,0.5318824071996009,0.47028333333333333
32,1.0,closed,available,36,0.023458514524683616,0.4386913134644376,0.47028333333333333
32,1.0,closed,available,37,0.0075067988945931585,0.5940425910020761,0.47028333333333333
32,1.0,closed,available,38,-0.00017148487402940393,-0.6217138421977775,0.47028333333333333
32,1.0,closed,available,39,-0.014685966530007089,-0.019216333634358533,0.47028333333333333
32,1.0,closed,available,40,-0.02247735285380806,-0.010687499628783754,0.47028333333333333
32,1.0,closed,available,41,0.001160513874390534,0.657871026920903,0.47028333333333333
32,1.0,closed,available,42,0.0030506981840285885,0.4104365283428363,0.47028333333333333
32,1.0,closed,available,43,0.014051793870520829,0.17290989018948064,0.47028333333333333
32,1.0,closed,available,44,-0.00474372168510806,0.2740652381404585,0.47028333333333333
32,1.0,closed,available,45,0.015116755698502488,0.141483729322764,0.47028333333333333
32,1.0,closed,available,46,0.01363728932396054,0.00596969525152059,0.47028333333333333
32,1.0,closed,available,47,-0.0009559707565757192,-0.5170210711229951,0.47028333333333333
32,1.0,closed,available,48,0.008436312806109791,-0.3236341984672195,0.47028333333333333
32,1.0,closed,available,49,-0.017363001394156308,-0.3151669713274448,0.47028333333333333
32,1.0,closed,available,50,0.0047637954488222445,-0.213757939098159,0.47028333333333333
32,1.0,closed,available,51,0.0002884694964122858,0.09834722061439681,0.47028333333333333
32,1.0,closed,available,52,-0.016577690732618194,0.14290138131600547,0.47028333333333333
32,1.0,closed,available,53,-0.008039255757298858,-0.2282376400961415,0.47028333333333333
32,1.0,closed,available,54,-0.0021578327915496853,-0.8666520283373231,0.47028333333333333
32,1.0,closed,available,55,-0.008338894508154948,-0.2909966811563558,0.47028333333333333
32,1.0,closed,available,56,-0.014441439677371713,-0.012525565652214318,0.47028333333333333
32,1.0,closed,available,57,-0.03689948907603527,-0.005117291224760952,0.47028333333333333
32,1.0,closed,available,58,0.001363341681179131,-0.41005900103097165,0.47028333333333333
32,1.0,closed,available,59,-0.007286657413146446,0.00026582567298712195,0.47028333333333333
32,1.0,closed,available,60,-0.0008396147453320069,0.6274913316252073,0.47028333333333333
32,1.0,closed,available,61,0.015759494244663448,0.010880213602986594,0.47028333333333333
32,1.0,closed,available,62,-0.0050341727480165965,0.42469330160071683,0.47028333333333333
32,1.0,closed,available,63,0.004126163101786318,0.23839048850711597,0.47028333333333333
32,1.0,closed,available,64,0.010825165032542827,0.579081715507539,0.47028333333333333
32,1.0,closed,available,65,0.005103234422770775,0.26153557633527563,0.47028333333333333
32,1.0,closed,mi_obs,0,-0.010610623298067057,-0.3762494607330649,0.47028333333333333
32,1.0,closed,mi_obs,1,0.06004302447063076,-0.3294435121743923,0.47028333333333333
32,1.0,closed,mi_obs,2,-0.07412129938892298,-0.3792307020123252,0.47028333333333333
32,1.0,closed,mi_obs,3,0.006769988293184898,0.09424927627818841,0.47028333333333333
32,1.0,closed,mi_obs,4,0.011250796062156301,0.08149498407637949,0.47028333333333333
32,1.0,closed,mi_obs,5,0.013383497514730114,0.8498010564739735,0.47028333333333333
32,1.0,closed,mi_obs,6,0.12346308501659181,0.3547783823585962,0.47028333333333333
32,1.0,closed,mi_obs,7,0.056668377989839924,0.36281478898488867,0.47028333333333333
32,1.0,closed,mi_obs,8,0.023739216593383437,0.02685255304410809,0.47028333333333333
32,1.0,closed,mi_obs,9,-0.018061428954254333,-0.8667948514470524,0.47028333333333333
32,1.0,closed,mi_obs,10,-0.009701073049724507,-0.0681025758390116,0.47028333333333333
32,1.0,closed,mi_obs,11,-0.03830839694966014,-0.00470908811594201,0.47028333333333333
32,1.0,closed,mi_obs,12,-0.029440970108296032,-0.003955041164295218,0.47028333333333333
32,1.0,closed,mi_obs,13,0.055939763123981745,0.38639734909488,0.47028333333333333
32,1.0,closed,mi_obs,14,-0.05799073175133285,-0.7157420573296145,0.47028333333333333
32,1.0,closed,mi_obs,15,-0.01475838541521357,-0.29830956498326133,0.47028333333333333
32,1.0,closed,mi_obs,16,-0.04037247644678965,-0.0005281428850284634,0.47028333333333333
32,1.0,closed,mi_obs,17,-0.09397072561409943,0.0018108733648083246,0.47028333333333333
32,1.0,closed,mi_obs,18,-0.003942868345763701,0.0009757258917975902,0.47028333333333333
32,1.0,closed,mi_obs,19,0.012756150239374986,0.4323540866862957,0.47028333333333333
32,1.0,closed,mi_obs,20,-0.0059909418378662664,-0.0055539602592861595,0.47028333333333333
32,1.0,closed,mi_obs,21,0.02281795101194073,0.6495839105527466,0.47028333333333333
32,1.0,closed,mi_obs,22,-0.007417776481520591,-0.005718101910794992,0.47028333333333333
32,1.0,closed,mi_obs,23,0.01644805541758365,0.003226416431602951,0.47028333333333333
32,1.0,closed,mi_obs,24,0.030001686328449018,-0.7076180256254287,0.47028333333333333
32,1.0,closed,mi_obs,25,-0.012500418012243164,0.4257002433815896,0.47028333333333333
32,1.0,closed,mi_obs,26,0.029701314136898287,-0.0016831435026775636,0.47028333333333333
32,1.0,closed,mi_obs,27,0.010347877902110614,0.3483366699030559,0.47028333333333333
32,1.0,closed,mi_obs,28,-0.05003209480461218,0.3831041369889481,0.47028333333333333
32,1.0,closed,mi_obs,29,0.026677188796569107,0.3889533277883276,0.47028333333333333
32,1.0,closed,mi_obs,30,0.0410238138437629,-0.007798886008327253,0.47028333333333333
32,1.0,closed,mi_obs,31,-0.0020750318332401125,0.005059258999862233,0.47028333333333333
32,1.0,closed,mi_obs,32,-0.05553672374855356,-0.5933144577787954,0.47028333333333333
32,1.0,closed,mi_obs,33,-0.10143191898929216,5.947107212751669e-06,0.47028333333333333
32,1.0,closed,mi_obs,34,-0.03808106122390822,-0.0033584586852081016,0.47028333333333333
32,1.0,closed,mi_obs,35,0.03060194889936063,0.5318824071996009,0.47028333333333333
32,1.0,closed,mi_obs,36,0.05330467252915294,0.4386913134644376,0.47028333333333333
32,1.0,closed,mi_obs,37,0.08586891484970083,0.5940425910020761,0.47028333333333333
32,1.0,closed,mi_obs,38,-0.06896246946788243,-0.6217138421977775,0.47028333333333333
32,1.0,closed,mi_obs,39,-0.019276542244559908,-0.019216333634358533,0.47028333333333333
32,1.0,closed,mi_obs,40,-0.024874467906090016,-0.010687499628783754,0.47028333333333333
32,1.0,closed,mi_obs,41,-0.002948163471580223,0.657871026920903,0.47028333333333333
32,1.0,closed,mi_obs,42,0.100530565647445,0.4104365283428363,0.47028333333333333
32,1.0,closed,mi_obs,43,0.026331391013292293,0.17290989018948064,0.47028333333333333
32,1.0,closed,mi_obs,44,0.030513076672491757,0.2740652381404585,0.47028333333333333
32,1.0,closed,mi_obs,45,0.022094169442265194,0.141483729322764,0.47028333333333333
32,1.0,closed,mi_obs,46,0.026121780914002395,0.00596969525152059,0.47028333333333333
32,1.0,closed,mi_obs,47,0.07896812761744826,-0.5170210711229951,0.47028333333333333
32,1.0,closed,mi_obs,48,-0.03027689210129375,-0.3236341984672195,0.47028333333333333
32,1.0,closed,mi_obs,49,-0.024847400511265327,-0.3151669713274448,0.47028333333333333
32,1.0,closed,mi_obs,50,0.0025543070145454816,-0.213757939098159,0.47028333333333333
32,1.0,closed,mi_obs,51,0.11505936893375616,0.09834722061439681,0.47028333333333333
32,1.0,closed,mi_obs,52,0.03384068640682383,0.14290138131600547,0.47028333333333333
32,1.0,closed,mi_obs,53,-0.01095266740278708,-0.2282376400961415,0.47028333333333333
32,1.0,closed,mi_obs,54,-0.01685724206128436,-0.8666520283373231,0.47028333333333333
32,1.0,closed,mi_obs,55,-0.01155728517873289,-0.2909966811563558,0.47028333333333333
32,1.0,closed,mi_obs,56,0.02933727429929335,-0.012525565652214318,0.47028333333333333
32,1.0,closed,mi_obs,57,-0.06260386652923938,-0.005117291224760952,0.47028333333333333
32,1.0,closed,mi_obs,58,-0.12291041130939712,-0.41005900103097165,0.47028333333333333
32,1.0,closed,mi_obs,59,-0.04476812908695612,0.00026582567298712195,0.47028333333333333
32,1.0,closed,mi_obs,60,0.09051598541988981,0.6274913316252073,0.47028333333333333
32,1.0,closed,mi_obs,61,-0.05921125140417441,0.010880213602986594,0.47028333333333333
32,1.0,closed,mi_obs,62,-0.01002274671726655,0.42469330160071683,0.47028333333333333
32,1.0,closed,mi_obs,63,0.0038252690523528643,0.23839048850711597,0.47028333333333333
32,1.0,closed,mi_obs,64,0.0858761633099615,0.579081715507539,0.47028333333333333
32,1.0,closed,mi_obs,65,0.0049464071125430165,0.26153557633527563,0.47028333333333333
32,1.0,closed,mi_class,0,0.07018826307252479,-0.3762494607330649,0.47028333333333333
32,1.0,closed,mi_class,1,0.048806356087412905,-0.3294435121743923,0.47028333333333333
32,1.0,closed,mi_class,2,-0.07686398873089201,-0.3792307020123252,0.47028333333333333
32,1.0,closed,mi_class,3,-0.07441379886315586,0.09424927627818841,0.47028333333333333
32,1.0,closed,mi_class,4,-0.004621856132315541,0.08149498407637949,0.47028333333333333
32,1.0,closed,mi_class,5,-0.21157209721900505,0.8498010564739735,0.47028333333333333
32,1.0,closed,mi_class,6,0.007060112934121288,0.3547783823585962,0.47028333333333333
32,1.0,closed,mi_class,7,-0.11743642756181727,0.36281478898488867,0.47028333333333333
32,1.0,closed,mi_class,8,-0.023130933476673523,0.02685255304410809,0.47028333333333333
32,1.0,closed,mi_class,9,0.013334067109569747,-0.8667948514470524,0.47028333333333333
32,1.0,closed,mi_class,10,-0.00848943535669823,-0.0681025758390116,0.47028333333333333
32,1.0,closed,mi_class,11,0.07116750639508178,-0.00470908811594201,0.47028333333333333
32,1.0,closed,mi_class,12,0.030282157913079175,-0.003955041164295218,0.47028333333333333
32,1.0,closed,mi_class,13,-0.1652019843632799,0.38639734909488,0.47028333333333333
32,1.0,closed,mi_class,14,0.3980280401649886,-0.7157420573296145,0.47028333333333333
32,1.0,closed,mi_class,15,0.05245972730215334,-0.29830956498326133,0.47028333333333333
32,1.0,closed,mi_class,16,-0.018097168638523963,-0.0005281428850284634,0.47028333333333333
32,1.0,closed,mi_class,17,-0.03326440412397627,0.0018108733648083246,0.47028333333333333
32,1.0,closed,mi_class,18,-4.8533921809144876e-05,0.0009757258917975902,0.47028333333333333
32,1.0,closed,mi_class,19,-0.09085911019862858,0.4323540866862957,0.47028333333333333
32,1.0,closed,mi_class,20,0.026044755183968905,-0.0055539602592861595,0.47028333333333333
32,1.0,closed,mi_class,21,-0.037404806971207516,0.6495839105527466,0.47028333333333333
32,1.0,closed,mi_class,22,0.04183001940181546,-0.005718101910794992,0.47028333333333333
32,1.0,closed,mi_class,23,-0.006783710208723605,0.003226416431602951,0.47028333333333333
32,1.0,closed,mi_class,24,0.36393384900210257,-0.7076180256254287,0.47028333333333333
32,1.0,closed,mi_class,25,-0.19680527072557666,0.4257002433815896,0.47028333333333333
32,1.0,closed,mi_class,26,0.011737042436190817,-0.0016831435026775636,0.47028333333333333
32,1.0,closed,mi_class,27,-0.042207564563217226,0.3483366699030559,0.47028333333333333
32,1.0,closed,mi_class,28,-0.03912887169700069,0.3831041369889481,0.47028333333333333
32,1.0,closed,mi_class,29,-0.01539060511798318,0.3889533277883276,0.47028333333333333
32,1.0,closed,mi_class,30,0.06739290195302147,-0.007798886008327253,0.47028333333333333
32,1.0,closed,mi_class,31,0.009558135626345624,0.005059258999862233,0.47028333333333333
32,1.0,closed,mi_class,32,0.15115022747520246,-0.5933144577787954,0.47028333333333333
32,1.0,closed,mi_class,33,-0.0073639287066113255,5.947107212751669e-06,0.47028333333333333
32,1.0,closed,mi_class,34,-0.010208143856428108,-0.0033584586852081016,0.47028333333333333
32,1.0,closed,mi_class,35,0.01420345200995532,0.5318824071996009,0.47028333333333333
32,1.0,closed,mi_class,36,0.048800276185652636,0.4386913134644376,0.47028333333333333
32,1.0,closed,mi_class,37,0.04845378451228799,0.5940425910020761,0.47028333333333333
32,1.0,closed,mi_class,38,0.004314129743861694,-0.6217138421977775,0.47028333333333333
32,1.0,closed,mi_class,39,-0.028087879254337374,-0.019216333634358533,0.47028333333333333
32,1.0,closed,mi_class,40,-0.016569426488746503,-0.010687499628783754,0.47028333333333333
32,1.0,closed,mi_class,41,-0.028200581955708848,0.657871026920903,0.47028333333333333
32,1.0,closed,mi_class,42,-0.00526399322818516,0.4104365283428363,0.47028333333333333
32,1.0,closed,mi_class,43,0.012536850500762725,0.17290989018948064,0.47028333333333333
32,1.0,closed,mi_class,44,-0.0362992991940187,0.2740652381404585,0.47028333333333333
32,1.0,closed,mi_class,45,0.0018091216106510821,0.141483729322764,0.47028333333333333
32,1.0,closed,mi_class,46,0.011036076702391984,0.00596969525152059,0.47028333333333333
32,1.0,closed,mi_class,47,0.023306741946837295,-0.5170210711229951,0.47028333333333333
32,1.0,closed,mi_class,48,0.04922747435925612,-0.3236341984672195,0.47028333333333333
32,1.0,closed,mi_class,49,0.06775223247732975,-0.3151669713274448,0.47028333333333333
32,1.0,closed,mi_class,50,0.05764450071664515,-0.213757939098159,0.47028333333333333
32,1.0,closed,mi_class,51,-0.01817624734995342,0.09834722061439681,0.47028333333333333
32,1.0,closed,mi_class,52,-0.03900823396878207,0.14290138131600547,0.47028333333333333
32,1.0,closed,mi_class,53,0.028965987890911787,-0.2282376400961415,0.47028333333333333
32,1.0,closed,mi_class,54,0.21611379986390777,-0.8666520283373231,0.47028333333333333
32,1.0,closed,mi_class,55,0.0862026000514308,-0.2909966811563558,0.47028333333333333
32,1.0,closed,mi_class,56,0.00046996878589822613,-0.012525565652214318,0.47028333333333333
32,1.0,closed,mi_class,57,0.009750330707920628,-0.005117291224760952,0.47028333333333333
32,1.0,closed,mi_class,58,0.05251770624528146,-0.41005900103097165,0.47028333333333333
32,1.0,closed,mi_class,59,0.044265976324975254,0.00026582567298712195,0.47028333333333333
32,1.0,closed,mi_class,60,-0.10822523975320275,0.6274913316252073,0.47028333333333333
32,1.0,closed,mi_class,61,0.00676293146171587,0.010880213602986594,0.47028333333333333
32,1.0,closed,mi_class,62,-0.11739121332485264,0.42469330160071683,0.47028333333333333
32,1.0,closed,mi_class,63,0.020283381570465386,0.23839048850711597,0.47028333333333333
32,1.0,closed,mi_class,64,0.043410503977875825,0.579081715507539,0.47028333333333333
32,1.0,closed,mi_class,65,0.0035435520193273784,0.26153557633527563,0.47028333333333333
32,1.0,closed,mi_site,0,-0.006542818772718839,-0.3762494607330649,0.47028333333333333
32,1.0,closed,mi_site,1,0.04132586927005827,-0.3294435121743923,0.47028333333333333
32,1.0,closed,mi_site,2,-0.054459936960603805,-0.3792307020123252,0.47028333333333333
32,1.0,closed,mi_site,3,0.008606385634207847,0.09424927627818841,0.47028333333333333
32,1.0,closed,mi_site,4,0.011183179106870236,0.08149498407637949,0.47028333333333333
32,1.0,closed,mi_site,5,0.01344876804783468,0.8498010564739735,0.47028333333333333
32,1.0,closed,mi_site,6,0.10903432659298701,0.3547783823585962,0.47028333333333333
32,1.0,closed,mi_site,7,0.0541741611712922,0.36281478898488867,0.47028333333333333
32,1.0,closed,mi_site,8,0.0032972968024360914,0.02685255304410809,0.47028333333333333
32,1.0,closed,mi_site,9,-0.01617131873989386,-0.8667948514470524,0.47028333333333333
32,1.0,closed,mi_site,10,-0.011120347718501414,-0.0681025758390116,0.47028333333333333
32,1.0,closed,mi_site,11,-0.03637769766948823,-0.00470908811594201,0.47028333333333333
32,1.0,closed,mi_site,12,-0.032126439648837365,-0.003955041164295218,0.47028333333333333
32,1.0,closed,mi_site,13,0.03441642570241721,0.38639734909488,0.47028333333333333
32,1.0,closed,mi_site,14,-0.05012772154840628,-0.7157420573296145,0.47028333333333333
32,1.0,closed,mi_site,15,-0.008661161203601553,-0.29830956498326133,0.47028333333333333
32,1.0,closed,mi_site,16,-0.03339508260098505,-0.0005281428850284634,0.47028333333333333
32,1.0,closed,mi_site,17,-0.09542414822517459,0.0018108733648083246,0.47028333333333333
32,1.0,closed,mi_site,18,-0.0038530711010003856,0.0009757258917975902,0.47028333333333333
32,1.0,closed,mi_site,19,0.011473936454916178,0.4323540866862957,0.47028333333333333
32,1.0,closed,mi_site,20,-0.0068408907616178795,-0.0055539602592861595,0.47028333333333333
32,1.0,closed,mi_site,21,0.014272062741223612,0.6495839105527466,0.47028333333333333
32,1.0,closed,mi_site,22,-0.00774441358237143,-0.005718101910794992,0.47028333333333333
32,1.0,closed,mi_site,23,0.012539641437543408,0.003226416431602951,0.47028333333333333
32,1.0,closed,mi_site,24,0.022131611121426364,-0.7076180256254287,0.47028333333333333
32,1.0,closed,mi_site,25,-0.0291032925721737,0.4257002433815896,0.47028333333333333
32,1.0,closed,mi_site,26,0.03315433096454845,-0.0016831435026775636,0.47028333333333333
32,1.0,closed,mi_site,27,0.017259897860257556,0.3483366699030559,0.47028333333333333
32,1.0,closed,mi_site,28,-0.03207538630469314,0.3831041369889481,0.47028333333333333
32,1.0,closed,mi_site,29,0.027471640371766193,0.3889533277883276,0.47028333333333333
32,1.0,closed,mi_site,30,0.021365696323490023,-0.007798886008327253,0.47028333333333333
32,1.0,closed,mi_site,31,0.010043524559878541,0.005059258999862233,0.47028333333333333
32,1.0,closed,mi_site,32,-0.03759273918339001,-0.5933144577787954,0.47028333333333333
32,1.0,closed,mi_site,33,-0.08090926483701126,5.947107212751669e-06,0.47028333333333333
32,1.0,closed,mi_site,34,-0.011176729576217775,-0.0033584586852081016,0.47028333333333333
32,1.0,closed,mi_site,35,0.02586248334742669,0.5318824071996009,0.47028333333333333
32,1.0,closed,mi_site,36,0.03938251000830173,0.4386913134644376,0.47028333333333333
32,1.0,closed,mi_site,37,0.06062810030990484,0.5940425910020761,0.47028333333333333
32,1.0,closed,mi_site,38,-0.048074204309796253,-0.6217138421977775,0.47028333333333333
32,1.0,closed,mi_site,39,-0.009621495248178936,-0.019216333634358533,0.47028333333333333
32,1.0,closed,mi_site,40,-0.02498748033519978,-0.010687499628783754,0.47028333333333333
32,1.0,closed,mi_site,41,-0.0037750940313113768,0.657871026920903,0.47028333333333333
32,1.0,closed,mi_site,42,0.08834296979782275,0.4104365283428363,0.47028333333333333
32,1.0,closed,mi_site,43,0.016034721221711318,0.17290989018948064,0.47028333333333333
32,1.0,closed,mi_site,44,0.014508835083550886,0.2740652381404585,0.47028333333333333
32,1.0,closed,mi_site,45,0.017899443914245194,0.141483729322764,0.47028333333333333
32,1.0,closed,mi_site,46,0.023896867270671574,0.00596969525152059,0.47028333333333333
32,1.0,closed,mi_site,47,0.08386354553885894,-0.5170210711229951,0.47028333333333333
32,1.0,closed,mi_site,48,-0.020281738079930334,-0.3236341984672195,0.47028333333333333
32,1.0,closed,mi_site,49,-0.024201649375903023,-0.3151669713274448,0.47028333333333333
32,1.0,closed,mi_site,50,0.010478930922240726,-0.213757939098159,0.47028333333333333
32,1.0,closed,mi_site,51,0.10874521472789216,0.09834722061439681,0.47028333333333333
32,1.0,closed,mi_site,52,0.03295153689600716,0.14290138131600547,0.47028333333333333
32,1.0,closed,mi_site,53,-0.0181369963418386,-0.2282376400961415,0.47028333333333333
32,1.0,closed,mi_site,54,-0.015779073582989134,-0.8666520283373231,0.47028333333333333
32,1.0,closed,mi_site,55,-0.011145296415120798,-0.2909966811563558,0.47028333333333333
32,1.0,closed,mi_site,56,0.022310225456617594,-0.012525565652214318,0.47028333333333333
32,1.0,closed,mi_site,57,-0.06759819607168627,-0.005117291224760952,0.47028333333333333
32,1.0,closed,mi_site,58,-0.1091642214868131,-0.41005900103097165,0.47028333333333333
32,1.0,closed,mi_site,59,-0.044107360228955526,0.00026582567298712195,0.47028333333333333
32,1.0,closed,mi_site,60,0.06273743643587326,0.6274913316252073,0.47028333333333333
32,1.0,closed,mi_site,61,-0.056478295051448676,0.010880213602986594,0.47028333333333333
32,1.0,closed,mi_site,62,-0.011412532941555587,0.42469330160071683,0.47028333333333333
32,1.0,closed,mi_site,63,0.016369727700653813,0.23839048850711597,0.47028333333333333
32,1.0,closed,mi_site,64,0.07274675821566079,0.579081715507539,0.47028333333333333
32,1.0,closed,mi_site,65,0.006366153424517129,0.26153557633527563,0.47028333333333333
32,2.0,aligned,available,0,0.0026157319964081327,-0.36835374563214923,0.47028333333333333
32,2.0,aligned,available,1,-0.009368184893556064,-0.3469712747319511,0.47028333333333333
32,2.0,aligned,available,2,0.02285212703329903,-0.4001560379388887,0.47028333333333333
32,2.0,aligned,available,3,-0.01730279318123812,0.12726854690846715,0.47028333333333333
32,2.0,aligned,available,4,0.020980255588460055,0.04898855727394293,0.47028333333333333
32,2.0,aligned,available,5,0.002049266240707115,0.8513762321296382,0.47028333333333333
32,2.0,aligned,available,6,0.003877850883521161,0.3477009936629558,0.47028333333333333
32,2.0,aligned,available,7,-0.014015743019781868,0.3876806358920455,0.47028333333333333
32,2.0,aligned,available,8,-0.005639884466774631,0.03951453511742563,0.47028333333333333
32,2.0,aligned,available,9,-0.0024804129230547867,-0.8620471301106575,0.47028333333333333
32,2.0,aligned,available,10,-0.018922200538603245,-0.07768198768307669,0.47028333333333333
32,2.0,aligned,available,11,-0.002596745409743054,-0.004993535426311897,0.47028333333333333
32,2.0,aligned,available,12,-0.0005135860360978226,-0.004331715912460554,0.47028333333333333
32,2.0,aligned,available,13,-0.017471701340425194,0.37578342319010294,0.47028333333333333
32,2.0,aligned,available,14,-0.003120273119933792,-0.7030417168901603,0.47028333333333333
32,2.0,aligned,available,15,0.011556853156782287,-0.2912745547200234,0.47028333333333333
32,2.0,aligned,available,16,0.004585115895801528,-0.0005281428850284634,0.47028333333333333
32,2.0,aligned,available,17,-0.006153693993294504,0.002182780079279643,0.47028333333333333
32,2.0,aligned,available,18,0.011942052806622801,0.0006766144369025758,0.47028333333333333
32,2.0,aligned,available,19,-0.005263339797351663,0.4276309021926144,0.47028333333333333
32,2.0,aligned,available,20,-0.0025979384318590027,-0.005054899925086077,0.47028333333333333
32,2.0,aligned,available,21,-0.002353541964004613,0.6696204003896523,0.47028333333333333
32,2.0,aligned,available,22,0.031001148360733796,-0.015192137967782694,0.47028333333333333
32,2.0,aligned,available,23,-0.01263829875802084,0.009864867472719188,0.47028333333333333
32,2.0,aligned,available,24,-0.008201823492202442,-0.7192278893723943,0.47028333333333333
32,2.0,aligned,available,25,0.009674406522136636,0.4165079028167001,0.47028333333333333
32,2.0,aligned,available,26,0.008026928424965286,-0.014371679210455046,0.47028333333333333
32,2.0,aligned,available,27,-0.012771997584026196,0.34721863632340394,0.47028333333333333
32,2.0,aligned,available,28,0.015934273487429707,0.4010130191926993,0.47028333333333333
32,2.0,aligned,available,29,0.014931589153429348,0.40355408282399224,0.47028333333333333
32,2.0,aligned,available,30,-0.01938003793492957,-0.02318247742386201,0.47028333333333333
32,2.0,aligned,available,31,0.042095157292003534,0.015935306331227465,0.47028333333333333
32,2.0,aligned,available,32,0.009924464811740918,-0.6147445396173424,0.47028333333333333
32,2.0,aligned,available,33,0.008453955767089105,0.0009911706848953223,0.47028333333333333
32,2.0,aligned,available,34,-0.06880179293830783,-0.02423403317279268,0.47028333333333333
32,2.0,aligned,available,35,-0.006136010712387008,0.5135544277558363,0.47028333333333333
32,2.0,aligned,available,36,-0.010258180527478011,0.45716851557246047,0.47028333333333333
32,2.0,aligned,available,37,-0.004793200751647797,0.5963156690535409,0.47028333333333333
32,2.0,aligned,available,38,0.010514978441128142,-0.6379366843168903,0.47028333333333333
32,2.0,aligned,available,39,0.011192783194810811,0.003323481617969457,0.47028333333333333
32,2.0,aligned,available,40,0.006169815315012757,-0.009754238739121233,0.47028333333333333
32,2.0,aligned,available,41,-0.004069870603035097,0.6815177518654825,0.47028333333333333
32,2.0,aligned,available,42,-0.0006795482869134117,0.4286840304052371,0.47028333333333333
32,2.0,aligned,available,43,-0.0017189581861567216,0.15952786826794657,0.47028333333333333
32,2.0,aligned,available,44,-0.007052379339837933,0.27154899224435003,0.47028333333333333
32,2.0,aligned,available,45,-0.001455448656471084,0.1195183360362084,0.47028333333333333
32,2.0,aligned,available,46,-0.00018739824151613182,0.005362992105293579,0.47028333333333333
32,2.0,aligned,available,47,0.013595618626597417,-0.5418604608493758,0.47028333333333333
32,2.0,aligned,available,48,-0.010071235884334007,-0.3421746392148621,0.47028333333333333
32,2.0,aligned,available,49,-0.0038717705963873805,-0.30159002412748553,0.47028333333333333
32,2.0,aligned,available,50,0.015533777689262479,-0.21521113293836672,0.47028333333333333
32,2.0,aligned,available,51,-0.001812308741508964,0.0957102501570147,0.47028333333333333
32,2.0,aligned,available,52,0.013771831299510873,0.16135786917225356,0.47028333333333333
32,2.0,aligned,available,53,0.005784966980616396,-0.22237367201336272,0.47028333333333333
32,2.0,aligned,available,54,-0.003251931825319465,-0.86775788338392,0.47028333333333333
32,2.0,aligned,available,55,0.0006311258638566075,-0.30436902238400765,0.47028333333333333
32,2.0,aligned,available,56,0.005080461279214901,-0.010828351911276688,0.47028333333333333
32,2.0,aligned,available,57,-0.005153430103329696,-0.003759960145175378,0.47028333333333333
32,2.0,aligned,available,58,0.010174555118037276,-0.4053830534216745,0.47028333333333333
32,2.0,aligned,available,59,0.0063398830784282476,0.002227676967745189,0.47028333333333333
32,2.0,aligned,available,60,0.004642477394842248,0.6328013474268005,0.47028333333333333
32,2.0,aligned,available,61,-0.00580505986342348,0.0012303722948270412,0.47028333333333333
32,2.0,aligned,available,62,-0.01493047786266849,0.4059816433333077,0.47028333333333333
32,2.0,aligned,available,63,0.000775861202285788,0.23990641568683296,0.47028333333333333
32,2.0,aligned,available,64,0.005563474422363601,0.5634530295264172,0.47028333333333333
32,2.0,aligned,available,65,0.00828874450966205,0.27427901545085126,0.47028333333333333
32,2.0,aligned,mi_obs,0,-0.00619055930830914,-0.36835374563214923,0.47028333333333333
32,2.0,aligned,mi_obs,1,0.058123956162820845,-0.3469712747319511,0.47028333333333333
32,2.0,aligned,mi_obs,2,-0.0463637909090161,-0.4001560379388887,0.47028333333333333
32,2.0,aligned,mi_obs,3,0.02276078518685612,0.12726854690846715,0.47028333333333333
32,2.0,aligned,mi_obs,4,0.01029611507512529,0.04898855727394293,0.47028333333333333
32,2.0,aligned,mi_obs,5,0.01277368918061983,0.8513762321296382,0.47028333333333333
32,2.0,aligned,mi_obs,6,0.11691337973336818,0.3477009936629558,0.47028333333333333
32,2.0,aligned,mi_obs,7,0.05954572431709215,0.3876806358920455,0.47028333333333333
32,2.0,aligned,mi_obs,8,0.035505782690973306,0.03951453511742563,0.47028333333333333
32,2.0,aligned,mi_obs,9,-0.02066255229641445,-0.8620471301106575,0.47028333333333333
32,2.0,aligned,mi_obs,10,-0.010599216778374013,-0.07768198768307669,0.47028333333333333
32,2.0,aligned,mi_obs,11,-0.030957066902429997,-0.004993535426311897,0.47028333333333333
32,2.0,aligned,mi_obs,12,-0.0276028149379552,-0.004331715912460554,0.47028333333333333
32,2.0,aligned,mi_obs,13,0.04210938697535105,0.37578342319010294,0.47028333333333333
32,2.0,aligned,mi_obs,14,-0.060181333865849895,-0.7030417168901603,0.47028333333333333
32,2.0,aligned,mi_obs,15,-0.004851503231385612,-0.2912745547200234,0.47028333333333333
32,2.0,aligned,mi_obs,16,-0.03502074027879905,-0.0005281428850284634,0.47028333333333333
32,2.0,aligned,mi_obs,17,-0.07819204214187486,0.002182780079279643,0.47028333333333333
32,2.0,aligned,mi_obs,18,0.0007578346634134047,0.0006766144369025758,0.47028333333333333
32,2.0,aligned,mi_obs,19,0.004208886388116895,0.4276309021926144,0.47028333333333333
32,2.0,aligned,mi_obs,20,-0.006526716556234607,-0.005054899925086077,0.47028333333333333
32,2.0,aligned,mi_obs,21,0.035053393844210246,0.6696204003896523,0.47028333333333333
32,2.0,aligned,mi_obs,22,0.0037958517065718057,-0.015192137967782694,0.47028333333333333
32,2.0,aligned,mi_obs,23,0.007475153250848287,0.009864867472719188,0.47028333333333333
32,2.0,aligned,mi_obs,24,0.0296064896480277,-0.7192278893723943,0.47028333333333333
32,2.0,aligned,mi_obs,25,-0.006256712372862516,0.4165079028167001,0.47028333333333333
32,2.0,aligned,mi_obs,26,0.010043886925121414,-0.014371679210455046,0.47028333333333333
32,2.0,aligned,mi_obs,27,0.0024151884950561753,0.34721863632340394,0.47028333333333333
32,2.0,aligned,mi_obs,28,-0.050767817333501164,0.4010130191926993,0.47028333333333333
32,2.0,aligned,mi_obs,29,0.020976433575201514,0.40355408282399224,0.47028333333333333
32,2.0,aligned,mi_obs,30,0.06016780560134141,-0.02318247742386201,0.47028333333333333
32,2.0,aligned,mi_obs,31,-0.019463989240891946,0.015935306331227465,0.47028333333333333
32,2.0,aligned,mi_obs,32,-0.04349792912110195,-0.6147445396173424,0.47028333333333333
32,2.0,aligned,mi_obs,33,-0.08305771216156278,0.0009911706848953223,0.47028333333333333
32,2.0,aligned,mi_obs,34,-0.017289091296209393,-0.02423403317279268,0.47028333333333333
32,2.0,aligned,mi_obs,35,0.056551691308899255,0.5135544277558363,0.47028333333333333
32,2.0,aligned,mi_obs,36,0.053860925491750866,0.45716851557246047,0.47028333333333333
32,2.0,aligned,mi_obs,37,0.11035515140823593,0.5963156690535409,0.47028333333333333
32,2.0,aligned,mi_obs,38,-0.0613901689093892,-0.6379366843168903,0.47028333333333333
32,2.0,aligned,mi_obs,39,-0.0018559556202645618,0.003323481617969457,0.47028333333333333
32,2.0,aligned,mi_obs,40,-0.0028983575788460343,-0.009754238739121233,0.47028333333333333
32,2.0,aligned,mi_obs,41,0.0007324727165025635,0.6815177518654825,0.47028333333333333
32,2.0,aligned,mi_obs,42,0.06778122750966326,0.4286840304052371,0.47028333333333333
32,2.0,aligned,mi_obs,43,0.01053690918126482,0.15952786826794657,0.47028333333333333
32,2.0,aligned,mi_obs,44,0.030766749861994125,0.27154899224435003,0.47028333333333333
32,2.0,aligned,mi_obs,45,0.018528162680217397,0.1195183360362084,0.47028333333333333
32,2.0,aligned,mi_obs,46,0.011628524518440413,0.005362992105293579,0.47028333333333333
32,2.0,aligned,mi_obs,47,0.0696918917798871,-0.5418604608493758,0.47028333333333333
32,2.0,aligned,mi_obs,48,-0.04248878518781668,-0.3421746392148621,0.47028333333333333
32,2.0,aligned,mi_obs,49,-0.018564752076868474,-0.30159002412748553,0.47028333333333333
32,2.0,aligned,mi_obs,50,0.009253562680012511,-0.21521113293836672,0.47028333333333333
32,2.0,aligned,mi_obs,51,0.10918973928588654,0.0957102501570147,0.47028333333333333
32,2.0,aligned,mi_obs,52,0.03870858686416001,0.16135786917225356,0.47028333333333333
32,2.0,aligned,mi_obs,53,0.001967576003481325,-0.22237367201336272,0.47028333333333333
32,2.0,aligned,mi_obs,54,-0.014129122402219307,-0.86775788338392,0.47028333333333333
32,2.0,aligned,mi_obs,55,-0.007723164593837983,-0.30436902238400765,0.47028333333333333
32,2.0,aligned,mi_obs,56,0.0418524658598181,-0.010828351911276688,0.47028333333333333
32,2.0,aligned,mi_obs,57,-0.046902162121465786,-0.003759960145175378,0.47028333333333333
32,2.0,aligned,mi_obs,58,-0.12402458761989715,-0.4053830534216745,0.47028333333333333
32,2.0,aligned,mi_obs,59,-0.03608761345306507,0.002227676967745189,0.47028333333333333
32,2.0,aligned,mi_obs,60,0.06936965190866551,0.6328013474268005,0.47028333333333333
32,2.0,aligned,mi_obs,61,-0.06275139903777023,0.0012303722948270412,0.47028333333333333
32,2.0,aligned,mi_obs,62,-0.021038497203730078,0.4059816433333077,0.47028333333333333
32,2.0,aligned,mi_obs,63,-0.008399323926654406,0.23990641568683296,0.47028333333333333
32,2.0,aligned,mi_obs,64,0.07910550642589464,0.5634530295264172,0.47028333333333333
32,2.0,aligned,mi_obs,65,0.0016105491347303547,0.27427901545085126,0.47028333333333333
32,2.0,aligned,mi_class,0,-0.021678883102419666,-0.36835374563214923,0.47028333333333333
32,2.0,aligned,mi_class,1,0.03009253721188976,-0.3469712747319511,0.47028333333333333
32,2.0,aligned,mi_class,2,-0.02786987594279461,-0.4001560379388887,0.47028333333333333
32,2.0,aligned,mi_class,3,-0.005393230625011958,0.12726854690846715,0.47028333333333333
32,2.0,aligned,mi_class,4,0.0022213522578430206,0.04898855727394293,0.47028333333333333
32,2.0,aligned,mi_class,5,-0.10050454472261483,0.8513762321296382,0.47028333333333333
32,2.0,aligned,mi_class,6,-0.09465580993909695,0.3477009936629558,0.47028333333333333
32,2.0,aligned,mi_class,7,-0.11084623837259472,0.3876806358920455,0.47028333333333333
32,2.0,aligned,mi_class,8,-0.026517424981957194,0.03951453511742563,0.47028333333333333
32,2.0,aligned,mi_class,9,0.4492213578381886,-0.8620471301106575,0.47028333333333333
32,2.0,aligned,mi_class,10,-0.019526039938652956,-0.07768198768307669,0.47028333333333333
32,2.0,aligned,mi_class,11,0.060634688518638645,-0.004993535426311897,0.47028333333333333
32,2.0,aligned,mi_class,12,0.05752469553049519,-0.004331715912460554,0.47028333333333333
32,2.0,aligned,mi_class,13,-0.16403476509471696,0.37578342319010294,0.47028333333333333
32,2.0,aligned,mi_class,14,0.1662379075612428,-0.7030417168901603,0.47028333333333333
32,2.0,aligned,mi_class,15,-0.006633839880956394,-0.2912745547200234,0.47028333333333333
32,2.0,aligned,mi_class,16,-0.026238249035621723,-0.0005281428850284634,0.47028333333333333
32,2.0,aligned,mi_class,17,0.0398399337649101,0.002182780079279643,0.47028333333333333
32,2.0,aligned,mi_class,18,0.049309355007452,0.0006766144369025758,0.47028333333333333
32,2.0,aligned,mi_class,19,-0.1990236245221303,0.4276309021926144,0.47028333333333333
32,2.0,aligned,mi_class,20,0.024860415439377767,-0.005054899925086077,0.47028333333333333
32,2.0,aligned,mi_class,21,-0.054870810529853986,0.6696204003896523,0.47028333333333333
32,2.0,aligned,mi_class,22,-0.037632959026647504,-0.015192137967782694,0.47028333333333333
32,2.0,aligned,mi_class,23,-0.0146452830197301,0.009864867472719188,0.47028333333333333
32,2.0,aligned,mi_class,24,0.21277304112636308,-0.7192278893723943,0.47028333333333333
32,2.0,aligned,mi_class,25,-0.17811079943318844,0.4165079028167001,0.47028333333333333
32,2.0,aligned,mi_class,26,0.0015712791586239023,-0.014371679210455046,0.47028333333333333
32,2.0,aligned,mi_class,27,-0.0032552667024104975,0.34721863632340394,0.47028333333333333
32,2.0,aligned,mi_class,28,-0.28513059998345974,0.4010130191926993,0.47028333333333333
32,2.0,aligned,mi_class,29,-0.02637772302140745,0.40355408282399224,0.47028333333333333
32,2.0,aligned,mi_class,30,-0.04897770887176579,-0.02318247742386201,0.47028333333333333
32,2.0,aligned,mi_class,31,0.0038881539900227496,0.015935306331227465,0.47028333333333333
32,2.0,aligned,mi_class,32,0.014168690701717557,-0.6147445396173424,0.47028333333333333
32,2.0,aligned,mi_class,33,0.012565504676166045,0.0009911706848953223,0.47028333333333333
32,2.0,aligned,mi_class,34,-0.030246754912678486,-0.02423403317279268,0.47028333333333333
32,2.0,aligned,mi_class,35,0.03623906670403876,0.5135544277558363,0.47028333333333333
32,2.0,aligned,mi_class,36,-0.3120702897552622,0.45716851557246047,0.47028333333333333
32,2.0,aligned,mi_class,37,0.04267677769297351,0.5963156690535409,0.47028333333333333
32,2.0,aligned,mi_class,38,0.10153796795223013,-0.6379366843168903,0.47028333333333333
32,2.0,aligned,mi_class,39,0.0835236118980274,0.003323481617969457,0.47028333333333333
32,2.0,aligned,mi_class,40,-0.06755527383503636,-0.009754238739121233,0.47028333333333333
32,2.0,aligned,mi_class,41,-0.1737691101402673,0.6815177518654825,0.47028333333333333
32,2.0,aligned,mi_class,42,-0.17864408616764632,0.4286840304052371,0.47028333333333333
32,2.0,aligned,mi_class,43,-0.1334822138519952,0.15952786826794657,0.47028333333333333
32,2.0,aligned,mi_class,44,-0.134370776049939,0.27154899224435003,0.47028333333333333
32,2.0,aligned,mi_class,45,-0.013305164960672605,0.1195183360362084,0.47028333333333333
32,2.0,aligned,mi_class,46,-0.007350499721304244,0.005362992105293579,0.47028333333333333
32,2.0,aligned,mi_class,47,0.05017239197091322,-0.5418604608493758,0.47028333333333333
32,2.0,aligned,mi_class,48,0.03950302030381686,-0.3421746392148621,0.47028333333333333
32,2.0,aligned,mi_class,49,0.19068167706748698,-0.30159002412748553,0.47028333333333333
32,2.0,aligned,mi_class,50,0.060278541002039804,-0.21521113293836672,0.47028333333333333
32,2.0,aligned,mi_class,51,-0.014752478443054273,0.0957102501570147,0.47028333333333333
32,2.0,aligned,mi_class,52,-0.017713982471820877,0.16135786917225356,0.47028333333333333
32,2.0,aligned,mi_class,53,-0.03579818413806718,-0.22237367201336272,0.47028333333333333
32,2.0,aligned,mi_class,54,0.49593351550642223,-0.86775788338392,0.47028333333333333
32,2.0,aligned,mi_class,55,9.491274976219932e-05,-0.30436902238400765,0.47028333333333333
32,2.0,aligned,mi_class,56,0.04431440166691809,-0.010828351911276688,0.47028333333333333
32,2.0,aligned,mi_class,57,-0.004171309688466421,-0.003759960145175378,0.47028333333333333
32,2.0,aligned,mi_class,58,0.256347330315125,-0.4053830534216745,0.47028333333333333
32,2.0,aligned,mi_class,59,-0.001805697572060794,0.002227676967745189,0.47028333333333333
32,2.0,aligned,mi_class,60,-0.10780509115124759,0.6328013474268005,0.47028333333333333
32,2.0,aligned,mi_class,61,-0.009108154433987391,0.0012303722948270412,0.47028333333333333
32,2.0,aligned,mi_class,62,-0.147760857554181,0.4059816433333077,0.47028333333333333
32,2.0,aligned,mi_class,63,-0.1179923658175419,0.23990641568683296,0.47028333333333333
32,2.0,aligned,mi_class,64,0.026952177807602617,0.5634530295264172,0.47028333333333333
32,2.0,aligned,mi_class,65,-0.1428207873739762,0.27427901545085126,0.47028333333333333
32,2.0,aligned,mi_site,0,0.021419835841543056,-0.36835374563214923,0.47028333333333333
32,2.0,aligned,mi_site,1,0.055362888577488834,-0.3469712747319511,0.47028333333333333
32,2.0,aligned,mi_site,2,0.06009855132943903,-0.4001560379388887,0.47028333333333333
32,2.0,aligned,mi_site,3,-0.015221682241190762,0.12726854690846715,0.47028333333333333
32,2.0,aligned,mi_site,4,0.024473503576196258,0.04898855727394293,0.47028333333333333
32,2.0,aligned,mi_site,5,-0.06840987201804916,0.8513762321296382,0.47028333333333333
32,2.0,aligned,mi_site,6,0.05521141989879125,0.3477009936629558,0.47028333333333333
32,2.0,aligned,mi_site,7,-0.030742931738032386,0.3876806358920455,0.47028333333333333
32,2.0,aligned,mi_site,8,0.0034643034149244786,0.03951453511742563,0.47028333333333333
32,2.0,aligned,mi_site,9,0.21092708959605588,-0.8620471301106575,0.47028333333333333
32,2.0,aligned,mi_site,10,-0.008470235246817337,-0.07768198768307669,0.47028333333333333
32,2.0,aligned,mi_site,11,-0.012348812041978803,-0.004993535426311897,0.47028333333333333
32,2.0,aligned,mi_site,12,-0.025816987441479686,-0.004331715912460554,0.47028333333333333
32,2.0,aligned,mi_site,13,-0.015859266274620254,0.37578342319010294,0.47028333333333333
32,2.0,aligned,mi_site,14,-0.029607546509497706,-0.7030417168901603,0.47028333333333333
32,2.0,aligned,mi_site,15,0.009864039989268991,-0.2912745547200234,0.47028333333333333
32,2.0,aligned,mi_site,16,-0.029360784608920824,-0.0005281428850284634,0.47028333333333333
32,2.0,aligned,mi_site,17,-0.03692217393670764,0.002182780079279643,0.47028333333333333
32,2.0,aligned,mi_site,18,0.005931328634189669,0.0006766144369025758,0.47028333333333333
32,2.0,aligned,mi_site,19,-0.10160942771306619,0.4276309021926144,0.47028333333333333
32,2.0,aligned,mi_site,20,-0.003588004983371529,-0.005054899925086077,0.47028333333333333
32,2.0,aligned,mi_site,21,-0.03687321729778692,0.6696204003896523,0.47028333333333333
32,2.0,aligned,mi_site,22,-0.007822733025432503,-0.015192137967782694,0.47028333333333333
32,2.0,aligned,mi_site,23,0.00295410813006969,0.009864867472719188,0.47028333333333333
32,2.0,aligned,mi_site,24,0.02285861764345576,-0.7192278893723943,0.47028333333333333
32,2.0,aligned,mi_site,25,-0.029007376136946872,0.4165079028167001,0.47028333333333333
32,2.0,aligned,mi_site,26,-0.0012916331688538497,-0.014371679210455046,0.47028333333333333
32,2.0,aligned,mi_site,27,-0.06499393293685812,0.34721863632340394,0.47028333333333333
32,2.0,aligned,mi_site,28,-0.09639808611079553,0.4010130191926993,0.47028333333333333
32,2.0,aligned,mi_site,29,-0.0003589776430535374,0.40355408282399224,0.47028333333333333
32,2.0,aligned,mi_site,30,0.014518545901853534,-0.02318247742386201,0.47028333333333333
32,2.0,aligned,mi_site,31,0.01462307591474106,0.015935306331227465,0.47028333333333333
32,2.0,aligned,mi_site,32,0.05456783067419657,-0.6147445396173424,0.47028333333333333
32,2.0,aligned,mi_site,33,-0.05271578966875836,0.0009911706848953223,0.47028333333333333
32,2.0,aligned,mi_site,34,-0.02256756196376428,-0.02423403317279268,0.47028333333333333
32,2.0,aligned,mi_site,35,-0.13501802387310163,0.5135544277558363,0.47028333333333333
32,2.0,aligned,mi_site,36,-0.10992109433572683,0.45716851557246047,0.47028333333333333
32,2.0,aligned,mi_site,37,-0.0326781571745548,0.5963156690535409,0.47028333333333333
32,2.0,aligned,mi_site,38,-0.009707890920951034,-0.6379366843168903,0.47028333333333333
32,2.0,aligned,mi_site,39,-0.003930600853386687,0.003323481617969457,0.47028333333333333
32,2.0,aligned,mi_site,40,0.00022320801964594017,-0.009754238739121233,0.47028333333333333
32,2.0,aligned,mi_site,41,0.0004896202645343628,0.6815177518654825,0.47028333333333333
32,2.0,aligned,mi_site,42,0.007948419414889718,0.4286840304052371,0.47028333333333333
32,2.0,aligned,mi_site,43,-0.05845062505951734,0.15952786826794657,0.47028333333333333
32,2.0,aligned,mi_site,44,0.002732626305322561,0.27154899224435003,0.47028333333333333
32,2.0,aligned,mi_site,45,0.015636994638418833,0.1195183360362084,0.47028333333333333
32,2.0,aligned,mi_site,46,0.001435472910425237,0.005362992105293579,0.47028333333333333
32,2.0,aligned,mi_site,47,0.0437156486652856,-0.5418604608493758,0.47028333333333333
32,2.0,aligned,mi_site,48,0.02398852138990598,-0.3421746392148621,0.47028333333333333
32,2.0,aligned,mi_site,49,0.060566430047108766,-0.30159002412748553,0.47028333333333333
32,2.0,aligned,mi_site,50,0.03140512197721099,-0.21521113293836672,0.47028333333333333
32,2.0,aligned,mi_site,51,0.08058851302542933,0.0957102501570147,0.47028333333333333
32,2.0,aligned,mi_site,52,0.01604699286663161,0.16135786917225356,0.47028333333333333
32,2.0,aligned,mi_site,53,0.03639279508272236,-0.22237367201336272,0.47028333333333333
32,2.0,aligned,mi_site,54,0.17320822769847433,-0.86775788338392,0.47028333333333333
32,2.0,aligned,mi_site,55,-0.007116765116791657,-0.30436902238400765,0.47028333333333333
32,2.0,aligned,mi_site,56,0.030037982541969495,-0.010828351911276688,0.47028333333333333
32,2.0,aligned,mi_site,57,-0.02637989782573461,-0.003759960145175378,0.47028333333333333
32,2.0,aligned,mi_site,58,0.015305427070048006,-0.4053830534216745,0.47028333333333333
32,2.0,aligned,mi_site,59,-0.009432776186819116,0.002227676967745189,0.47028333333333333
32,2.0,aligned,mi_site,60,-0.025830161139861363,0.6328013474268005,0.47028333333333333
32,2.0,aligned,mi_site,61,-0.03531936049414018,0.0012303722948270412,0.47028333333333333
32,2.0,aligned,mi_site,62,-0.03613408788366701,0.4059816433333077,0.47028333333333333
32,2.0,aligned,mi_site,63,-0.40653638513486623,0.23990641568683296,0.47028333333333333
32,2.0,aligned,mi_site,64,-0.06982420415073348,0.5634530295264172,0.47028333333333333
32,2.0,aligned,mi_site,65,-0.062239106157075064,0.27427901545085126,0.47028333333333333
32,2.0,closed,available,0,0.00543255738094206,-0.36835374563214923,0.47028333333333333
32,2.0,closed,available,1,0.004495538006831223,-0.3469712747319511,0.47028333333333333
32,2.0,closed,available,2,0.008122824832965225,-0.4001560379388887,0.47028333333333333
32,2.0,closed,available,3,0.010902579518624222,0.12726854690846715,0.47028333333333333
32,2.0,closed,available,4,-0.0045539144836426945,0.04898855727394293,0.47028333333333333
32,2.0,closed,available,5,-0.0012810412136637916,0.8513762321296382,0.47028333333333333
32,2.0,closed,available,6,0.015574995005385117,0.3477009936629558,0.47028333333333333
32,2.0,closed,available,7,0.004949088930118473,0.3876806358920455,0.47028333333333333
32,2.0,closed,available,8,-0.004625366286982638,0.03951453511742563,0.47028333333333333
32,2.0,closed,available,9,0.002749870895770834,-0.8620471301106575,0.47028333333333333
32,2.0,closed,available,10,0.0006353352801461709,-0.07768198768307669,0.47028333333333333
32,2.0,closed,available,11,0.005919604406849226,-0.004993535426311897,0.47028333333333333
32,2.0,closed,available,12,0.009354469811708635,-0.004331715912460554,0.47028333333333333
32,2.0,closed,available,13,-0.008784773675715285,0.37578342319010294,0.47028333333333333
32,2.0,closed,available,14,-0.0021810660572224583,-0.7030417168901603,0.47028333333333333
32,2.0,closed,available,15,0.0035644765613405682,-0.2912745547200234,0.47028333333333333
32,2.0,closed,available,16,0.005130097251847258,-0.0005281428850284634,0.47028333333333333
32,2.0,closed,available,17,-0.0023690455199182055,0.002182780079279643,0.47028333333333333
32,2.0,closed,available,18,0.008080920390383791,0.0006766144369025758,0.47028333333333333
32,2.0,closed,available,19,0.0005489064939993016,0.4276309021926144,0.47028333333333333
32,2.0,closed,available,20,0.007826125030500343,-0.005054899925086077,0.47028333333333333
32,2.0,closed,available,21,-0.011967670006114761,0.6696204003896523,0.47028333333333333
32,2.0,closed,available,22,0.010035914237529423,-0.015192137967782694,0.47028333333333333
32,2.0,closed,available,23,0.005075981406939057,0.009864867472719188,0.47028333333333333
32,2.0,closed,available,24,0.00826204003328146,-0.7192278893723943,0.47028333333333333
32,2.0,closed,available,25,0.011133020077936429,0.4165079028167001,0.47028333333333333
32,2.0,closed,available,26,0.010156201713223633,-0.014371679210455046,0.47028333333333333
32,2.0,closed,available,27,-0.0035715733565511165,0.34721863632340394,0.47028333333333333
32,2.0,closed,available,28,-0.007643447001526249,0.4010130191926993,0.47028333333333333
32,2.0,closed,available,29,-0.004723417221763948,0.40355408282399224,0.47028333333333333
32,2.0,closed,available,30,-0.031203740791402795,-0.02318247742386201,0.47028333333333333
32,2.0,closed,available,31,0.0053096497485809226,0.015935306331227465,0.47028333333333333
32,2.0,closed,available,32,0.007587500516029078,-0.6147445396173424,0.47028333333333333
32,2.0,closed,available,33,-0.022540801021920513,0.0009911706848953223,0.47028333333333333
32,2.0,closed,available,34,-0.00845715237234709,-0.02423403317279268,0.47028333333333333
32,2.0,closed,available,35,-0.011601958619579578,0.5135544277558363,0.47028333333333333
32,2.0,closed,available,36,0.0026650115165776644,0.45716851557246047,0.47028333333333333
32,2.0,closed,available,37,-0.00818254298507215,0.5963156690535409,0.47028333333333333
32,2.0,closed,available,38,0.007722988001031883,-0.6379366843168903,0.47028333333333333
32,2.0,closed,available,39,0.017424068746561387,0.003323481617969457,0.47028333333333333
32,2.0,closed,available,40,-2.214216349111925e-05,-0.009754238739121233,0.47028333333333333
32,2.0,closed,available,41,0.001292347714048403,0.6815177518654825,0.47028333333333333
32,2.0,closed,available,42,0.0010921691961507385,0.4286840304052371,0.47028333333333333
32,2.0,closed,available,43,-0.02053391954648065,0.15952786826794657,0.47028333333333333
32,2.0,closed,available,44,-0.0065900075496873045,0.27154899224435003,0.47028333333333333
32,2.0,closed,available,45,-0.007115363591268881,0.1195183360362084,0.47028333333333333
32,2.0,closed,available,46,0.0010421828708409922,0.005362992105293579,0.47028333333333333
32,2.0,closed,available,47,-0.0003769308810780414,-0.5418604608493758,0.47028333333333333
32,2.0,closed,available,48,0.005962555503385092,-0.3421746392148621,0.47028333333333333
32,2.0,closed,available,49,0.01995487148034758,-0.30159002412748553,0.47028333333333333
32,2.0,closed,available,50,0.01478677193739869,-0.21521113293836672,0.47028333333333333
32,2.0,closed,available,51,0.011539531805820902,0.0957102501570147,0.47028333333333333
32,2.0,closed,available,52,0.00894676272620562,0.16135786917225356,0.47028333333333333
32,2.0,closed,available,53,-0.010175524200174868,-0.22237367201336272,0.47028333333333333
32,2.0,closed,available,54,0.0034103493026778064,-0.86775788338392,0.47028333333333333
32,2.0,closed,available,55,0.005424401244892685,-0.30436902238400765,0.47028333333333333
32,2.0,closed,available,56,-0.0033920011084012536,-0.010828351911276688,0.47028333333333333
32,2.0,closed,available,57,0.0015538574533552193,-0.003759960145175378,0.47028333333333333
32,2.0,closed,available,58,-0.0073465236426200065,-0.4053830534216745,0.47028333333333333
32,2.0,closed,available,59,0.004207235288063672,0.002227676967745189,0.47028333333333333
32,2.0,closed,available,60,-0.013323278188270504,0.6328013474268005,0.47028333333333333
32,2.0,closed,available,61,-0.012235009507637265,0.0012303722948270412,0.47028333333333333
32,2.0,closed,available,62,-0.002971337961832299,0.4059816433333077,0.47028333333333333
32,2.0,closed,available,63,0.006272307550790612,0.23990641568683296,0.47028333333333333
32,2.0,closed,available,64,-0.00843149448317504,0.5634530295264172,0.47028333333333333
32,2.0,closed,available,65,-0.002216458015256717,0.27427901545085126,0.47028333333333333
32,2.0,closed,mi_obs,0,-0.008447651287795399,-0.36835374563214923,0.47028333333333333
32,2.0,closed,mi_obs,1,0.06448001692175331,-0.3469712747319511,0.47028333333333333
32,2.0,closed,mi_obs,2,-0.04369794594556081,-0.4001560379388887,0.47028333333333333
32,2.0,closed,mi_obs,3,0.039482595540796084,0.12726854690846715,0.47028333333333333
32,2.0,closed,mi_obs,4,0.011222236553988421,0.04898855727394293,0.47028333333333333
32,2.0,closed,mi_obs,5,0.006329705371039385,0.8513762321296382,0.47028333333333333
32,2.0,closed,mi_obs,6,0.12161108819217226,0.3477009936629558,0.47028333333333333
32,2.0,closed,mi_obs,7,0.060131631036431044,0.3876806358920455,0.47028333333333333
32,2.0,closed,mi_obs,8,0.04345121974536692,0.03951453511742563,0.47028333333333333
32,2.0,closed,mi_obs,9,-0.017441304374118283,-0.8620471301106575,0.47028333333333333
32,2.0,closed,mi_obs,10,-0.0019151881385737063,-0.07768198768307669,0.47028333333333333
32,2.0,closed,mi_obs,11,-0.020854075514521012,-0.004993535426311897,0.47028333333333333
32,2.0,closed,mi_obs,12,-0.020855346187910247,-0.004331715912460554,0.47028333333333333
32,2.0,closed,mi_obs,13,0.0017852952223972318,0.37578342319010294,0.47028333333333333
32,2.0,closed,mi_obs,14,-0.05887044481205561,-0.7030417168901603,0.47028333333333333
32,2.0,closed,mi_obs,15,-0.014399265669997274,-0.2912745547200234,0.47028333333333333
32,2.0,closed,mi_obs,16,-0.02628322937396518,-0.0005281428850284634,0.47028333333333333
32,2.0,closed,mi_obs,17,-0.08280306847995318,0.002182780079279643,0.47028333333333333
32,2.0,closed,mi_obs,18,-0.0019632130510425774,0.0006766144369025758,0.47028333333333333
32,2.0,closed,mi_obs,19,0.010560196191084337,0.4276309021926144,0.47028333333333333
32,2.0,closed,mi_obs,20,-0.004247437880013579,-0.005054899925086077,0.47028333333333333
32,2.0,closed,mi_obs,21,0.04019848196282694,0.6696204003896523,0.47028333333333333
32,2.0,closed,mi_obs,22,-0.004514146285804993,-0.015192137967782694,0.47028333333333333
32,2.0,closed,mi_obs,23,0.0043547859188556096,0.009864867472719188,0.47028333333333333
32,2.0,closed,mi_obs,24,0.027237418919658696,-0.7192278893723943,0.47028333333333333
32,2.0,closed,mi_obs,25,-0.003796093531282685,0.4165079028167001,0.47028333333333333
32,2.0,closed,mi_obs,26,0.007097456917678077,-0.014371679210455046,0.47028333333333333
32,2.0,closed,mi_obs,27,-0.002400750770367277,0.34721863632340394,0.47028333333333333
32,2.0,closed,mi_obs,28,-0.05517489851564056,0.4010130191926993,0.47028333333333333
32,2.0,closed,mi_obs,29,0.013146086835182591,0.40355408282399224,0.47028333333333333
32,2.0,closed,mi_obs,30,-0.06535258053812672,-0.02318247742386201,0.47028333333333333
32,2.0,closed,mi_obs,31,-0.032627737875110356,0.015935306331227465,0.47028333333333333
32,2.0,closed,mi_obs,32,-0.04918135926606737,-0.6147445396173424,0.47028333333333333
32,2.0,closed,mi_obs,33,-0.0655929633691996,0.0009911706848953223,0.47028333333333333
32,2.0,closed,mi_obs,34,-0.016124590585435136,-0.02423403317279268,0.47028333333333333
32,2.0,closed,mi_obs,35,0.03636395638415335,0.5135544277558363,0.47028333333333333
32,2.0,closed,mi_obs,36,0.052107909332062274,0.45716851557246047,0.47028333333333333
32,2.0,closed,mi_obs,37,0.09360140914335657,0.5963156690535409,0.47028333333333333
32,2.0,closed,mi_obs,38,-0.038245352704039504,-0.6379366843168903,0.47028333333333333
32,2.0,closed,mi_obs,39,0.014031376223992378,0.003323481617969457,0.47028333333333333
32,2.0,closed,mi_obs,40,0.014705514458044867,-0.009754238739121233,0.47028333333333333
32,2.0,closed,mi_obs,41,0.025749595923065027,0.6815177518654825,0.47028333333333333
32,2.0,closed,mi_obs,42,0.11412836097454065,0.4286840304052371,0.47028333333333333
32,2.0,closed,mi_obs,43,-0.0191448849629077,0.15952786826794657,0.47028333333333333
32,2.0,closed,mi_obs,44,0.0024997370640352234,0.27154899224435003,0.47028333333333333
32,2.0,closed,mi_obs,45,0.027554229242046036,0.1195183360362084,0.47028333333333333
32,2.0,closed,mi_obs,46,0.01405394969543992,0.005362992105293579,0.47028333333333333
32,2.0,closed,mi_obs,47,0.06824541070904827,-0.5418604608493758,0.47028333333333333
32,2.0,closed,mi_obs,48,-0.04180740207641126,-0.3421746392148621,0.47028333333333333
32,2.0,closed,mi_obs,49,-0.02801147820075517,-0.30159002412748553,0.47028333333333333
32,2.0,closed,mi_obs,50,-0.005490975244443891,-0.21521113293836672,0.47028333333333333
32,2.0,closed,mi_obs,51,0.10636422461526981,0.0957102501570147,0.47028333333333333
32,2.0,closed,mi_obs,52,0.033701839102918074,0.16135786917225356,0.47028333333333333
32,2.0,closed,mi_obs,53,-0.0030344292656193095,-0.22237367201336272,0.47028333333333333
32,2.0,closed,mi_obs,54,-0.011799375036344428,-0.86775788338392,0.47028333333333333
32,2.0,closed,mi_obs,55,-0.006572502059658203,-0.30436902238400765,0.47028333333333333
32,2.0,closed,mi_obs,56,0.02932913685125805,-0.010828351911276688,0.47028333333333333
32,2.0,closed,mi_obs,57,-0.03658803358552229,-0.003759960145175378,0.47028333333333333
32,2.0,closed,mi_obs,58,-0.12370105925286229,-0.4053830534216745,0.47028333333333333
32,2.0,closed,mi_obs,59,-0.03294337393076456,0.002227676967745189,0.47028333333333333
32,2.0,closed,mi_obs,60,0.07776043869473026,0.6328013474268005,0.47028333333333333
32,2.0,closed,mi_obs,61,-0.0564045444168651,0.0012303722948270412,0.47028333333333333
32,2.0,closed,mi_obs,62,-0.006083245506328827,0.4059816433333077,0.47028333333333333
32,2.0,closed,mi_obs,63,-0.008473811159239814,0.23990641568683296,0.47028333333333333
32,2.0,closed,mi_obs,64,0.05590655071898187,0.5634530295264172,0.47028333333333333
32,2.0,closed,mi_obs,65,-0.0017379280364149263,0.27427901545085126,0.47028333333333333
32,2.0,closed,mi_class,0,0.05192820642945095,-0.36835374563214923,0.47028333333333333
32,2.0,closed,mi_class,1,0.042163900196593385,-0.3469712747319511,0.47028333333333333
32,2.0,closed,mi_class,2,-0.026136760991830876,-0.4001560379388887,0.47028333333333333
32,2.0,closed,mi_class,3,0.19086047029688333,0.12726854690846715,0.47028333333333333
32,2.0,closed,mi_class,4,-0.009837628221719519,0.04898855727394293,0.47028333333333333
32,2.0,closed,mi_class,5,-0.10127779365049039,0.8513762321296382,0.47028333333333333
32,2.0,closed,mi_class,6,-0.14762012396016438,0.3477009936629558,0.47028333333333333
32,2.0,closed,mi_class,7,-0.11803846831163411,0.3876806358920455,0.47028333333333333
32,2.0,closed,mi_class,8,-0.009543275671308023,0.03951453511742563,0.47028333333333333
32,2.0,closed,mi_class,9,0.08813915896396984,-0.8620471301106575,0.47028333333333333
32,2.0,closed,mi_class,10,-0.010429157036407732,-0.07768198768307669,0.47028333333333333
32,2.0,closed,mi_class,11,0.008415333889776107,-0.004993535426311897,0.47028333333333333
32,2.0,closed,mi_class,12,0.03144168457602645,-0.004331715912460554,0.47028333333333333
32,2.0,closed,mi_class,13,-0.20472627518320413,0.37578342319010294,0.47028333333333333
32,2.0,closed,mi_class,14,0.23919922173343805,-0.7030417168901603,0.47028333333333333
32,2.0,closed,mi_class,15,0.07638917503127932,-0.2912745547200234,0.47028333333333333
32,2.0,closed,mi_class,16,-0.030704277110720362,-0.0005281428850284634,0.47028333333333333
32,2.0,closed,mi_class,17,0.04677640431514925,0.002182780079279643,0.47028333333333333
32,2.0,closed,mi_class,18,0.02251279006435903,0.0006766144369025758,0.47028333333333333
32,2.0,closed,mi_class,19,-0.07638613115176313,0.4276309021926144,0.47028333333333333
32,2.0,closed,mi_class,20,0.005375478546856643,-0.005054899925086077,0.47028333333333333
32,2.0,closed,mi_class,21,-0.016150776642270936,0.6696204003896523,0.47028333333333333
32,2.0,closed,mi_class,22,-0.2369887829968288,-0.015192137967782694,0.47028333333333333
32,2.0,closed,mi_class,23,-0.001227260329296636,0.009864867472719188,0.47028333333333333
32,2.0,closed,mi_class,24,0.2142537637923959,-0.7192278893723943,0.47028333333333333
32,2.0,closed,mi_class,25,-0.024754205222054404,0.4165079028167001,0.47028333333333333
32,2.0,closed,mi_class,26,0.02326734745760619,-0.014371679210455046,0.47028333333333333
32,2.0,closed,mi_class,27,-0.018613209811780995,0.34721863632340394,0.47028333333333333
32,2.0,closed,mi_class,28,-0.1714456148962536,0.4010130191926993,0.47028333333333333
32,2.0,closed,mi_class,29,-0.02756931801972229,0.40355408282399224,0.47028333333333333
32,2.0,closed,mi_class,30,-0.2468397048115947,-0.02318247742386201,0.47028333333333333
32,2.0,closed,mi_class,31,0.013720745369742857,0.015935306331227465,0.47028333333333333
32,2.0,closed,mi_class,32,0.0015713233445537877,-0.6147445396173424,0.47028333333333333
32,2.0,closed,mi_class,33,0.1670308162722574,0.0009911706848953223,0.47028333333333333
32,2.0,closed,mi_class,34,-0.0014013424639838165,-0.02423403317279268,0.47028333333333333
32,2.0,closed,mi_class,35,0.04438983107662575,0.5135544277558363,0.47028333333333333
32,2.0,closed,mi_class,36,-0.005335016754081601,0.45716851557246047,0.47028333333333333
32,2.0,closed,mi_class,37,0.03253179741810108,0.5963156690535409,0.47028333333333333
32,2.0,closed,mi_class,38,0.2007447524602226,-0.6379366843168903,0.47028333333333333
32,2.0,closed,mi_class,39,0.3079863908666959,0.003323481617969457,0.47028333333333333
32,2.0,closed,mi_class,40,-0.15366687865746556,-0.009754238739121233,0.47028333333333333
32,2.0,closed,mi_class,41,-0.22191822410438833,0.6815177518654825,0.47028333333333333
32,2.0,closed,mi_class,42,-0.2370806528555039,0.4286840304052371,0.47028333333333333
32,2.0,closed,mi_class,43,-0.29511428660729855,0.15952786826794657,0.47028333333333333
32,2.0,closed,mi_class,44,-0.28296362342686526,0.27154899224435003,0.47028333333333333
32,2.0,closed,mi_class,45,-0.017225531013920367,0.1195183360362084,0.47028333333333333
32,2.0,closed,mi_class,46,0.0005126866192817093,0.005362992105293579,0.47028333333333333
32,2.0,closed,mi_class,47,0.0651136940898831,-0.5418604608493758,0.47028333333333333
32,2.0,closed,mi_class,48,0.05385505526237222,-0.3421746392148621,0.47028333333333333
32,2.0,closed,mi_class,49,0.1008741822434617,-0.30159002412748553,0.47028333333333333
32,2.0,closed,mi_class,50,0.06554554059276446,-0.21521113293836672,0.47028333333333333
32,2.0,closed,mi_class,51,-0.10144850298209966,0.0957102501570147,0.47028333333333333
32,2.0,closed,mi_class,52,-0.021262984174399868,0.16135786917225356,0.47028333333333333
32,2.0,closed,mi_class,53,-0.028639709100408528,-0.22237367201336272,0.47028333333333333
32,2.0,closed,mi_class,54,0.18121551249793022,-0.86775788338392,0.47028333333333333
32,2.0,closed,mi_class,55,0.0011659142438258385,-0.30436902238400765,0.47028333333333333
32,2.0,closed,mi_class,56,0.0025154647272310118,-0.010828351911276688,0.47028333333333333
32,2.0,closed,mi_class,57,0.06641281750929201,-0.003759960145175378,0.47028333333333333
32,2.0,closed,mi_class,58,0.16990006422474718,-0.4053830534216745,0.47028333333333333
32,2.0,closed,mi_class,59,0.1341272208616526,0.002227676967745189,0.47028333333333333
32,2.0,closed,mi_class,60,-0.13626872944741092,0.6328013474268005,0.47028333333333333
32,2.0,closed,mi_class,61,0.004050695038081016,0.0012303722948270412,0.47028333333333333
32,2.0,closed,mi_class,62,-0.1354664605267174,0.4059816433333077,0.47028333333333333
32,2.0,closed,mi_class,63,-0.0134330767380757,0.23990641568683296,0.47028333333333333
32,2.0,closed,mi_class,64,0.017581439583049918,0.5634530295264172,0.47028333333333333
32,2.0,closed,mi_class,65,-0.02573348280786167,0.27427901545085126,0.47028333333333333
32,2.0,closed,mi_site,0,-0.0036896477709636444,-0.36835374563214923,0.47028333333333333
32,2.0,closed,mi_site,1,0.04366003479133895,-0.3469712747319511,0.47028333333333333
32,2.0,closed,mi_site,2,-0.0278743477892629,-0.4001560379388887,0.47028333333333333
32,2.0,closed,mi_site,3,0.042160294857557595,0.12726854690846715,0.47028333333333333
32,2.0,closed,mi_site,4,-0.002417470892367289,0.04898855727394293,0.47028333333333333
32,2.0,closed,mi_site,5,0.007942778209725776,0.8513762321296382,0.47028333333333333
32,2.0,closed,mi_site,6,0.10950417233110438,0.3477009936629558,0.47028333333333333
32,2.0,closed,mi_site,7,0.05642925296703871,0.3876806358920455,0.47028333333333333
32,2.0,closed,mi_site,8,0.028020756969907204,0.03951453511742563,0.47028333333333333
32,2.0,closed,mi_site,9,-0.01670956045393268,-0.8620471301106575,0.47028333333333333
32,2.0,closed,mi_site,10,-0.005355309977383038,-0.07768198768307669,0.47028333333333333
32,2.0,closed,mi_site,11,-0.015266641499009439,-0.004993535426311897,0.47028333333333333
32,2.0,closed,mi_site,12,-0.0038993112383556823,-0.004331715912460554,0.47028333333333333
32,2.0,closed,mi_site,13,-0.0032150685817680102,0.37578342319010294,0.47028333333333333
32,2.0,closed,mi_site,14,-0.04274177113376598,-0.7030417168901603,0.47028333333333333
32,2.0,closed,mi_site,15,-0.011765503371981123,-0.2912745547200234,0.47028333333333333
32,2.0,closed,mi_site,16,-0.028086358785489138,-0.0005281428850284634,0.47028333333333333
32,2.0,closed,mi_site,17,-0.08014468022774082,0.002182780079279643,0.47028333333333333
32,2.0,closed,mi_site,18,-0.005153230269588528,0.0006766144369025758,0.47028333333333333
32,2.0,closed,mi_site,19,0.00951050359547645,0.4276309021926144,0.47028333333333333
32,2.0,closed,mi_site,20,-0.0022403557889929503,-0.005054899925086077,0.47028333333333333
32,2.0,closed,mi_site,21,0.015528313684885386,0.6696204003896523,0.47028333333333333
32,2.0,closed,mi_site,22,-0.012187842734162435,-0.015192137967782694,0.47028333333333333
32,2.0,closed,mi_site,23,0.011404633699217159,0.009864867472719188,0.47028333333333333
32,2.0,closed,mi_site,24,0.018731899903094873,-0.7192278893723943,0.47028333333333333
32,2.0,closed,mi_site,25,-0.02345783508683702,0.4165079028167001,0.47028333333333333
32,2.0,closed,mi_site,26,0.0006613005174729604,-0.014371679210455046,0.47028333333333333
32,2.0,closed,mi_site,27,-0.0003554104535822833,0.34721863632340394,0.47028333333333333
32,2.0,closed,mi_site,28,-0.03853212275507428,0.4010130191926993,0.47028333333333333
32,2.0,closed,mi_site,29,0.015628763748374963,0.40355408282399224,0.47028333333333333
32,2.0,closed,mi_site,30,-0.06040148263599958,-0.02318247742386201,0.47028333333333333
32,2.0,closed,mi_site,31,-0.0028726811129550327,0.015935306331227465,0.47028333333333333
32,2.0,closed,mi_site,32,-0.031397016342587514,-0.6147445396173424,0.47028333333333333
32,2.0,closed,mi_site,33,-0.07324598364093543,0.0009911706848953223,0.47028333333333333
32,2.0,closed,mi_site,34,-0.005924576279221588,-0.02423403317279268,0.47028333333333333
32,2.0,closed,mi_site,35,0.015042451001878843,0.5135544277558363,0.47028333333333333
32,2.0,closed,mi_site,36,0.03370899177842607,0.45716851557246047,0.47028333333333333
32,2.0,closed,mi_site,37,0.07446144756088846,0.5963156690535409,0.47028333333333333
32,2.0,closed,mi_site,38,-0.03253727814733187,-0.6379366843168903,0.47028333333333333
32,2.0,closed,mi_site,39,0.022221145353459537,0.003323481617969457,0.47028333333333333
32,2.0,closed,mi_site,40,0.011290370599053988,-0.009754238739121233,0.47028333333333333
32,2.0,closed,mi_site,41,0.017294561931629815,0.6815177518654825,0.47028333333333333
32,2.0,closed,mi_site,42,0.08924665079799382,0.4286840304052371,0.47028333333333333
32,2.0,closed,mi_site,43,-0.022320476357687885,0.15952786826794657,0.47028333333333333
32,2.0,closed,mi_site,44,-0.0022051628844502735,0.27154899224435003,0.47028333333333333
32,2.0,closed,mi_site,45,0.011325363169417096,0.1195183360362084,0.47028333333333333
32,2.0,closed,mi_site,46,0.01635346644337538,0.005362992105293579,0.47028333333333333
32,2.0,closed,mi_site,47,0.054784771492256135,-0.5418604608493758,0.47028333333333333
32,2.0,closed,mi_site,48,-0.02983031687850929,-0.3421746392148621,0.47028333333333333
32,2.0,closed,mi_site,49,-0.014812578117154529,-0.30159002412748553,0.47028333333333333
32,2.0,closed,mi_site,50,0.00775941639854727,-0.21521113293836672,0.47028333333333333
32,2.0,closed,mi_site,51,0.10504839106606018,0.0957102501570147,0.47028333333333333
32,2.0,closed,mi_site,52,0.037054312554538255,0.16135786917225356,0.47028333333333333
32,2.0,closed,mi_site,53,-0.0027317909583238764,-0.22237367201336272,0.47028333333333333
32,2.0,closed,mi_site,54,-0.01152907617703458,-0.86775788338392,0.47028333333333333
32,2.0,closed,mi_site,55,-0.010105884693270117,-0.30436902238400765,0.47028333333333333
32,2.0,closed,mi_site,56,0.01573121198955054,-0.010828351911276688,0.47028333333333333
32,2.0,closed,mi_site,57,-0.04223732281424043,-0.003759960145175378,0.47028333333333333
32,2.0,closed,mi_site,58,-0.11564046647350296,-0.4053830534216745,0.47028333333333333
32,2.0,closed,mi_site,59,-0.03131049985066948,0.002227676967745189,0.47028333333333333
32,2.0,closed,mi_site,60,0.06232809079928925,0.6328013474268005,0.47028333333333333
32,2.0,closed,mi_site,61,-0.05243539226778147,0.0012303722948270412,0.47028333333333333
32,2.0,closed,mi_site,62,-0.014598024439177293,0.4059816433333077,0.47028333333333333
32,2.0,closed,mi_site,63,-0.0041964833918353706,0.23990641568683296,0.47028333333333333
32,2.0,closed,mi_site,64,0.036236264519248884,0.5634530295264172,0.47028333333333333
32,2.0,closed,mi_site,65,-0.0012921926560844899,0.27427901545085126,0.47028333333333333
