rep,gamma,alignment,estimator,pair,signed_err,truth,miss_rate
35,0.0,aligned,available,0,0.0016446739071988015,0.5431941565068248,0.473025
35,0.0,aligned,available,1,0.01197784920033556,-0.007261356491457207,0.473025
35,0.0,aligned,available,2,0.007035170282817416,-0.51922482645015,0.473025
35,0.0,aligned,available,3,0.00991520428584508,0.4155735027360724,0.473025
35,0.0,aligned,available,4,-0.00572899034359604,0.008522926609179741,0.473025
35,0.0,aligned,available,5,-0.0041707286963271915,-0.005286777266332696,0.473025
35,0.0,aligned,available,6,0.007415247047639764,-0.0025439069055875297,0.473025
35,0.0,aligned,available,7,-0.002981550144369809,0.0007379982066878653,0.473025
35,0.0,aligned,available,8,0.005149699298209439,0.0037043250925748333,0.473025
35,0.0,aligned,available,9,-0.008513273755661521,-0.3259882932866912,0.473025
35,0.0,aligned,available,10,0.0021272042868124503,0.004500602646273362,0.473025
35,0.0,aligned,available,11,-0.005632388038953417,-0.0008925637949403947,0.473025
35,0.0,aligned,available,12,-0.0008967729813834646,-0.8427667068505613,0.473025
35,0.0,aligned,available,13,-0.0026557820725719994,0.7621875888423456,0.473025
35,0.0,aligned,available,14,0.003759635396630101,0.2585213252365418,0.473025
35,0.0,aligned,available,15,0.0031695080687139665,-0.5602759995119919,0.473025
35,0.0,aligned,available,16,0.003824598984996763,-0.48619100756306144,0.473025
35,0.0,aligned,available,17,0.00265126382018005,-0.3544135302175994,0.473025
35,0.0,aligned,available,18,0.017703238452093144,-0.0004855976183234711,0.473025
35,0.0,aligned,available,19,-0.004563726939851798,-0.33859410172184706,0.473025
35,0.0,aligned,available,20,-0.0006252520027464903,0.3661728264467044,0.473025
35,0.0,aligned,available,21,0.021517319091798805,0.008755151269135933,0.473025
35,0.0,aligned,available,22,-0.01865730775814811,-0.385747145694729,0.473025
35,0.0,aligned,available,23,0.008628504706957925,-0.010529973289148752,0.473025
35,0.0,aligned,available,24,0.013592130214040096,-0.00906622815435526,0.473025
35,0.0,aligned,available,25,0.010960250729020776,0.006445806307138791,0.473025
35,0.0,aligned,available,26,0.0035659286474041332,-0.0060172138366979,0.473025
35,0.0,aligned,available,27,0.0021862055206771647,-0.6814824245913026,0.473025
35,0.0,aligned,available,28,-7.182420276979906e-05,-0.4869184923144165,0.473025
35,0.0,aligned,available,29,0.006217163567536616,0.010788062070583401,0.473025
35,0.0,aligned,available,30,0.006039905918026944,-0.6480245740802159,0.473025
35,0.0,aligned,available,31,0.024461073771663122,-0.4271427015170679,0.473025
35,0.0,aligned,available,32,0.012937934324144112,0.24587294681488506,0.473025
35,0.0,aligned,available,33,-0.026858090803283496,0.562374850628991,0.473025
35,0.0,aligned,available,34,-0.006197256702665049,-0.073719499192257,0.473025
35,0.0,aligned,available,35,-0.004444070013590444,-0.00861112643261443,0.473025
35,0.0,aligned,available,36,-0.004509929131572443,0.5757647137965124,0.473025
35,0.0,aligned,available,37,0.006571120303918432,0.08413129859070488,0.473025
35,0.0,aligned,available,38,-0.00035435766345393027,0.20464211567507837,0.473025
35,0.0,aligned,available,39,0.010558785904989987,-0.41808176755605136,0.473025
35,0.0,aligned,available,40,0.006633746554871034,-0.37997569886099547,0.473025
35,0.0,aligned,available,41,0.010058268463082332,-0.26152127836253397,0.473025
35,0.0,aligned,available,42,0.03570125717945971,0.5628257377094553,0.473025
35,0.0,aligned,available,43,0.007192996098034976,-0.07639705087346647,0.473025
35,0.0,aligned,available,44,-0.013873344653773323,0.2703526249628717,0.473025
35,0.0,aligned,available,45,-0.00021436693236876261,-0.0086108009636515,0.473025
35,0.0,aligned,available,46,0.004536114577562644,-0.5247701154908981,0.473025
35,0.0,aligned,available,47,0.0016417869807494045,0.4251599665752984,0.473025
35,0.0,aligned,available,48,0.04077001272759841,0.009786572393596272,0.473025
35,0.0,aligned,available,49,0.0019379520923900884,-0.1410771667216022,0.473025
35,0.0,aligned,available,50,-0.002779980946222161,0.013530834403618847,0.473025
35,0.0,aligned,available,51,-0.010523853811396956,0.012381857846599127,0.473025
35,0.0,aligned,available,52,-0.002021965039843976,0.6703531476393045,0.473025
35,0.0,aligned,available,53,0.0010838625014052625,0.012187799344518099,0.473025
35,0.0,aligned,available,54,-0.012763471029527684,-0.15164208176211616,0.473025
35,0.0,aligned,available,55,-0.0018702947710471651,-0.6682152825114137,0.473025
35,0.0,aligned,available,56,0.00257317762293692,-0.025595251048677985,0.473025
35,0.0,aligned,available,57,-0.03986633447799287,-0.01575760163666241,0.473025
35,0.0,aligned,available,58,-0.011870312256047344,0.29472658226587367,0.473025
35,0.0,aligned,available,59,0.013171648590079719,-2.6034362231394133e-05,0.473025
35,0.0,aligned,available,60,0.02321110023580196,0.009032255669006064,0.473025
35,0.0,aligned,available,61,-0.004906577731507045,-0.3531561214448576,0.473025
35,0.0,aligned,available,62,0.0021526563702198853,-0.7650589167892179,0.473025
35,0.0,aligned,available,63,-0.00906081100392836,0.3254637929206275,0.473025
35,0.0,aligned,available,64,-0.008228248502381899,-0.011910783410182415,0.473025
35,0.0,aligned,available,65,0.004057596418584719,0.5192453987327812,0.473025
35,0.0,aligned,mi_obs,0,0.029799020531786957,0.5431941565068248,0.473025
35,0.0,aligned,mi_obs,1,-0.0066735856187430526,-0.007261356491457207,0.473025
35,0.0,aligned,mi_obs,2,-0.05247879973518654,-0.51922482645015,0.473025
35,0.0,aligned,mi_obs,3,0.053848264858440464,0.4155735027360724,0.473025
35,0.0,aligned,mi_obs,4,-0.0042126213005027795,0.008522926609179741,0.473025
35,0.0,aligned,mi_obs,5,-0.0156725397009766,-0.005286777266332696,0.473025
35,0.0,aligned,mi_obs,6,-0.001407409385661744,-0.0025439069055875297,0.473025
35,0.0,aligned,mi_obs,7,-0.00012153648010541896,0.0007379982066878653,0.473025
35,0.0,aligned,mi_obs,8,-0.03393205482869811,0.0037043250925748333,0.473025
35,0.0,aligned,mi_obs,9,-0.02613255922710228,-0.3259882932866912,0.473025
35,0.0,aligned,mi_obs,10,0.0005531206762241668,0.004500602646273362,0.473025
35,0.0,aligned,mi_obs,11,0.0032374281739831062,-0.0008925637949403947,0.473025
35,0.0,aligned,mi_obs,12,-0.02089357131497871,-0.8427667068505613,0.473025
35,0.0,aligned,mi_obs,13,0.03312313896333352,0.7621875888423456,0.473025
35,0.0,aligned,mi_obs,14,0.04680011932708439,0.2585213252365418,0.473025
35,0.0,aligned,mi_obs,15,-0.05868050903712785,-0.5602759995119919,0.473025
35,0.0,aligned,mi_obs,16,-0.06594297873115118,-0.48619100756306144,0.473025
35,0.0,aligned,mi_obs,17,-0.0625185969115169,-0.3544135302175994,0.473025
35,0.0,aligned,mi_obs,18,0.006476372877775151,-0.0004855976183234711,0.473025
35,0.0,aligned,mi_obs,19,-0.009552489023009036,-0.33859410172184706,0.473025
35,0.0,aligned,mi_obs,20,-0.005795573713472224,0.3661728264467044,0.473025
35,0.0,aligned,mi_obs,21,-0.00930037168452668,0.008755151269135933,0.473025
35,0.0,aligned,mi_obs,22,0.007614608553867308,-0.385747145694729,0.473025
35,0.0,aligned,mi_obs,23,0.007149150507618262,-0.010529973289148752,0.473025
35,0.0,aligned,mi_obs,24,0.00811618595061149,-0.00906622815435526,0.473025
35,0.0,aligned,mi_obs,25,-0.0009744222878330889,0.006445806307138791,0.473025
35,0.0,aligned,mi_obs,26,0.019640762644808855,-0.0060172138366979,0.473025
35,0.0,aligned,mi_obs,27,-0.04699569329556508,-0.6814824245913026,0.473025
35,0.0,aligned,mi_obs,28,-0.029882904458486237,-0.4869184923144165,0.473025
35,0.0,aligned,mi_obs,29,-0.0010029602575177422,0.010788062070583401,0.473025
35,0.0,aligned,mi_obs,30,-0.03893308964157649,-0.6480245740802159,0.473025
35,0.0,aligned,mi_obs,31,-0.06490102388615648,-0.4271427015170679,0.473025
35,0.0,aligned,mi_obs,32,0.0414405426814041,0.24587294681488506,0.473025
35,0.0,aligned,mi_obs,33,0.09910070956379924,0.562374850628991,0.473025
35,0.0,aligned,mi_obs,34,0.06177006895111041,-0.073719499192257,0.473025
35,0.0,aligned,mi_obs,35,-0.01969772004357846,-0.00861112643261443,0.473025
35,0.0,aligned,mi_obs,36,0.02676487736836486,0.5757647137965124,0.473025
35,0.0,aligned,mi_obs,37,0.014810080777959755,0.08413129859070488,0.473025
35,0.0,aligned,mi_obs,38,0.03307086133097914,0.20464211567507837,0.473025
35,0.0,aligned,mi_obs,39,-0.05116360315461366,-0.41808176755605136,0.473025
35,0.0,aligned,mi_obs,40,-0.05337591966763355,-0.37997569886099547,0.473025
35,0.0,aligned,mi_obs,41,-0.04698286906430993,-0.26152127836253397,0.473025
35,0.0,aligned,mi_obs,42,0.015219871194364187,0.5628257377094553,0.473025
35,0.0,aligned,mi_obs,43,-0.025742038834697917,-0.07639705087346647,0.473025
35,0.0,aligned,mi_obs,44,-0.0005028088807307318,0.2703526249628717,0.473025
35,0.0,aligned,mi_obs,45,-0.07276292826332081,-0.0086108009636515,0.473025
35,0.0,aligned,mi_obs,46,-0.04910010724164138,-0.5247701154908981,0.473025
35,0.0,aligned,mi_obs,47,-0.12751237349059374,0.4251599665752984,0.473025
35,0.0,aligned,mi_obs,48,0.011533611951968002,0.009786572393596272,0.473025
35,0.0,aligned,mi_obs,49,-0.020790178058043257,-0.1410771667216022,0.473025
35,0.0,aligned,mi_obs,50,0.002052413263918423,0.013530834403618847,0.473025
35,0.0,aligned,mi_obs,51,0.12713698013475513,0.012381857846599127,0.473025
35,0.0,aligned,mi_obs,52,0.08178671101281132,0.6703531476393045,0.473025
35,0.0,aligned,mi_obs,53,0.009793391676675417,0.012187799344518099,0.473025
35,0.0,aligned,mi_obs,54,-0.012381891344022428,-0.15164208176211616,0.473025
35,0.0,aligned,mi_obs,55,-0.04798666974732124,-0.6682152825114137,0.473025
35,0.0,aligned,mi_obs,56,0.06156370476488663,-0.025595251048677985,0.473025
35,0.0,aligned,mi_obs,57,0.0024460135136545203,-0.01575760163666241,0.473025
35,0.0,aligned,mi_obs,58,0.06093185204525109,0.29472658226587367,0.473025
35,0.0,aligned,mi_obs,59,0.02471216803016522,-2.6034362231394133e-05,0.473025
35,0.0,aligned,mi_obs,60,0.028571762059229518,0.009032255669006064,0.473025
35,0.0,aligned,mi_obs,61,-0.017008209084836412,-0.3531561214448576,0.473025
35,0.0,aligned,mi_obs,62,-0.06495455035678732,-0.7650589167892179,0.473025
35,0.0,aligned,mi_obs,63,-0.012377872055489403,0.3254637929206275,0.473025
35,0.0,aligned,mi_obs,64,-0.01619803403104022,-0.011910783410182415,0.473025
35,0.0,aligned,mi_obs,65,0.02703190788560439,0.5192453987327812,0.473025
35,0.0,aligned,mi_class,0,-0.2369062698866108,0.5431941565068248,0.473025
35,0.0,aligned,mi_class,1,0.007024585633036564,-0.007261356491457207,0.473025
35,0.0,aligned,mi_class,2,0.21011574567918345,-0.51922482645015,0.473025
35,0.0,aligned,mi_class,3,-0.1778807917081655,0.4155735027360724,0.473025
35,0.0,aligned,mi_class,4,-0.012033297354580821,0.008522926609179741,0.473025
35,0.0,aligned,mi_class,5,0.002087389354539692,-0.005286777266332696,0.473025
35,0.0,aligned,mi_class,6,-0.006778971200793619,-0.0025439069055875297,0.473025
35,0.0,aligned,mi_class,7,0.009173763427596189,0.0007379982066878653,0.473025
35,0.0,aligned,mi_class,8,0.02920561607841937,0.0037043250925748333,0.473025
35,0.0,aligned,mi_class,9,0.09046228846408419,-0.3259882932866912,0.473025
35,0.0,aligned,mi_class,10,-0.08133360561475457,0.004500602646273362,0.473025
35,0.0,aligned,mi_class,11,0.01188559537266758,-0.0008925637949403947,0.473025
35,0.0,aligned,mi_class,12,0.07806849633887636,-0.8427667068505613,0.473025
35,0.0,aligned,mi_class,13,-0.17097489419659262,0.7621875888423456,0.473025
35,0.0,aligned,mi_class,14,0.026510002191203696,0.2585213252365418,0.473025
35,0.0,aligned,mi_class,15,0.13157547513377754,-0.5602759995119919,0.473025
35,0.0,aligned,mi_class,16,0.1342572756864472,-0.48619100756306144,0.473025
35,0.0,aligned,mi_class,17,0.0676332120308587,-0.3544135302175994,0.473025
35,0.0,aligned,mi_class,18,0.0031155544700057197,-0.0004855976183234711,0.473025
35,0.0,aligned,mi_class,19,-0.017493494790799646,-0.33859410172184706,0.473025
35,0.0,aligned,mi_class,20,0.013119252319702901,0.3661728264467044,0.473025
35,0.0,aligned,mi_class,21,-0.08647078404003185,0.008755151269135933,0.473025
35,0.0,aligned,mi_class,22,0.2524556559775085,-0.385747145694729,0.473025
35,0.0,aligned,mi_class,23,0.0073917851361828615,-0.010529973289148752,0.473025
35,0.0,aligned,mi_class,24,0.007991417152127915,-0.00906622815435526,0.473025
35,0.0,aligned,mi_class,25,0.009626682108318484,0.006445806307138791,0.473025
35,0.0,aligned,mi_class,26,0.0009850957205901007,-0.0060172138366979,0.473025
35,0.0,aligned,mi_class,27,0.5006087024170077,-0.6814824245913026,0.473025
35,0.0,aligned,mi_class,28,0.37553877283265474,-0.4869184923144165,0.473025
35,0.0,aligned,mi_class,29,0.21212742742440127,0.010788062070583401,0.473025
35,0.0,aligned,mi_class,30,0.07647293190016302,-0.6480245740802159,0.473025
35,0.0,aligned,mi_class,31,0.09633231766306688,-0.4271427015170679,0.473025
35,0.0,aligned,mi_class,32,-0.026525067751707126,0.24587294681488506,0.473025
35,0.0,aligned,mi_class,33,-0.14105101941253234,0.562374850628991,0.473025
35,0.0,aligned,mi_class,34,0.01882429092459014,-0.073719499192257,0.473025
35,0.0,aligned,mi_class,35,0.01041672056227177,-0.00861112643261443,0.473025
35,0.0,aligned,mi_class,36,-0.04252628871736097,0.5757647137965124,0.473025
35,0.0,aligned,mi_class,37,-0.08348232358078625,0.08413129859070488,0.473025
35,0.0,aligned,mi_class,38,-0.023347179332918994,0.20464211567507837,0.473025
35,0.0,aligned,mi_class,39,0.003984859685066622,-0.41808176755605136,0.473025
35,0.0,aligned,mi_class,40,0.05330507823456948,-0.37997569886099547,0.473025
35,0.0,aligned,mi_class,41,0.012723086090813851,-0.26152127836253397,0.473025
35,0.0,aligned,mi_class,42,-0.29262703186280803,0.5628257377094553,0.473025
35,0.0,aligned,mi_class,43,-0.0013006126740524038,-0.07639705087346647,0.473025
35,0.0,aligned,mi_class,44,-0.09562258665469572,0.2703526249628717,0.473025
35,0.0,aligned,mi_class,45,-0.0035244630077437243,-0.0086108009636515,0.473025
35,0.0,aligned,mi_class,46,0.14180583190586227,-0.5247701154908981,0.473025
35,0.0,aligned,mi_class,47,-0.13912565372142183,0.4251599665752984,0.473025
35,0.0,aligned,mi_class,48,0.025005544990513356,0.009786572393596272,0.473025
35,0.0,aligned,mi_class,49,0.08369087005747852,-0.1410771667216022,0.473025
35,0.0,aligned,mi_class,50,0.1390588729436839,0.013530834403618847,0.473025
35,0.0,aligned,mi_class,51,-0.004383559164051172,0.012381857846599127,0.473025
35,0.0,aligned,mi_class,52,-0.01488565279130838,0.6703531476393045,0.473025
35,0.0,aligned,mi_class,53,-0.0012284967669588392,0.012187799344518099,0.473025
35,0.0,aligned,mi_class,54,0.028457817805514526,-0.15164208176211616,0.473025
35,0.0,aligned,mi_class,55,0.17479446642680319,-0.6682152825114137,0.473025
35,0.0,aligned,mi_class,56,0.010195316299507361,-0.025595251048677985,0.473025
35,0.0,aligned,mi_class,57,-0.0021896586526482,-0.01575760163666241,0.473025
35,0.0,aligned,mi_class,58,-0.10616572145652461,0.29472658226587367,0.473025
35,0.0,aligned,mi_class,59,-0.017951543114864698,-2.6034362231394133e-05,0.473025
35,0.0,aligned,mi_class,60,0.04224870274682768,0.009032255669006064,0.473025
35,0.0,aligned,mi_class,61,0.04715867887901459,-0.3531561214448576,0.473025
35,0.0,aligned,mi_class,62,0.16989935084735475,-0.7650589167892179,0.473025
35,0.0,aligned,mi_class,63,-0.30170253319118767,0.3254637929206275,0.473025
35,0.0,aligned,mi_class,64,-0.0014945360096733813,-0.011910783410182415,0.473025
35,0.0,aligned,mi_class,65,-0.028649007727716114,0.5192453987327812,0.473025
35,0.0,aligned,mi_site,0,-0.01720664513085135,0.5431941565068248,0.473025
35,0.0,aligned,mi_site,1,0.006067002149111225,-0.007261356491457207,0.473025
35,0.0,aligned,mi_site,2,0.10886042755427172,-0.51922482645015,0.473025
35,0.0,aligned,mi_site,3,-0.003025114698051723,0.4155735027360724,0.473025
35,0.0,aligned,mi_site,4,0.01107336765354952,0.008522926609179741,0.473025
35,0.0,aligned,mi_site,5,-0.02557850649590993,-0.005286777266332696,0.473025
35,0.0,aligned,mi_site,6,-0.011168186871626719,-0.0025439069055875297,0.473025
35,0.0,aligned,mi_site,7,-0.007012047821717835,0.0007379982066878653,0.473025
35,0.0,aligned,mi_site,8,-0.023618648802466856,0.0037043250925748333,0.473025
35,0.0,aligned,mi_site,9,0.0018112829866369085,-0.3259882932866912,0.473025
35,0.0,aligned,mi_site,10,0.003592721173570807,0.004500602646273362,0.473025
35,0.0,aligned,mi_site,11,0.0020333322590249353,-0.0008925637949403947,0.473025
35,0.0,aligned,mi_site,12,0.18261499698304184,-0.8427667068505613,0.473025
35,0.0,aligned,mi_site,13,-0.03150052657469027,0.7621875888423456,0.473025
35,0.0,aligned,mi_site,14,0.03408076778429053,0.2585213252365418,0.473025
35,0.0,aligned,mi_site,15,-0.03417631775902208,-0.5602759995119919,0.473025
35,0.0,aligned,mi_site,16,-0.04468295857646065,-0.48619100756306144,0.473025
35,0.0,aligned,mi_site,17,-0.039904038127467345,-0.3544135302175994,0.473025
35,0.0,aligned,mi_site,18,0.004091432542112407,-0.0004855976183234711,0.473025
35,0.0,aligned,mi_site,19,0.00048622350619981214,-0.33859410172184706,0.473025
35,0.0,aligned,mi_site,20,-0.015371871923295588,0.3661728264467044,0.473025
35,0.0,aligned,mi_site,21,0.0016891489023863823,0.008755151269135933,0.473025
35,0.0,aligned,mi_site,22,0.052035637432748916,-0.385747145694729,0.473025
35,0.0,aligned,mi_site,23,0.0039515599205211275,-0.010529973289148752,0.473025
35,0.0,aligned,mi_site,24,0.011041182675270267,-0.00906622815435526,0.473025
35,0.0,aligned,mi_site,25,-0.011792403615856036,0.006445806307138791,0.473025
35,0.0,aligned,mi_site,26,0.022908429962826004,-0.0060172138366979,0.473025
35,0.0,aligned,mi_site,27,-0.018691612650364675,-0.6814824245913026,0.473025
35,0.0,aligned,mi_site,28,0.0037885719911648352,-0.4869184923144165,0.473025
35,0.0,aligned,mi_site,29,-0.006791471932107681,0.010788062070583401,0.473025
35,0.0,aligned,mi_site,30,0.10139888863045765,-0.6480245740802159,0.473025
35,0.0,aligned,mi_site,31,0.04844573941479752,-0.4271427015170679,0.473025
35,0.0,aligned,mi_site,32,0.01628872079884311,0.24587294681488506,0.473025
35,0.0,aligned,mi_site,33,-0.05054982676359643,0.562374850628991,0.473025
35,0.0,aligned,mi_site,34,0.07573865416294534,-0.073719499192257,0.473025
35,0.0,aligned,mi_site,35,-0.0069964020048669424,-0.00861112643261443,0.473025
35,0.0,aligned,mi_site,36,-0.11887129030642674,0.5757647137965124,0.473025
35,0.0,aligned,mi_site,37,-0.045918330084678216,0.08413129859070488,0.473025
35,0.0,aligned,mi_site,38,0.0314648146606136,0.20464211567507837,0.473025
35,0.0,aligned,mi_site,39,-0.043046953469716875,-0.41808176755605136,0.473025
35,0.0,aligned,mi_site,40,-0.039855985179484354,-0.37997569886099547,0.473025
35,0.0,aligned,mi_site,41,-0.03653981541749429,-0.26152127836253397,0.473025
35,0.0,aligned,mi_site,42,-0.033999911443399644,0.5628257377094553,0.473025
35,0.0,aligned,mi_site,43,-0.02688792964147864,-0.07639705087346647,0.473025
35,0.0,aligned,mi_site,44,-0.004731911733096228,0.2703526249628717,0.473025
35,0.0,aligned,mi_site,45,-0.06614381698933838,-0.0086108009636515,0.473025
35,0.0,aligned,mi_site,46,-0.010006086835653294,-0.5247701154908981,0.473025
35,0.0,aligned,mi_site,47,-0.11158112880097931,0.4251599665752984,0.473025
35,0.0,aligned,mi_site,48,0.01702004909820965,0.009786572393596272,0.473025
35,0.0,aligned,mi_site,49,-0.0007419499515472772,-0.1410771667216022,0.473025
35,0.0,aligned,mi_site,50,0.018876521363655342,0.013530834403618847,0.473025
35,0.0,aligned,mi_site,51,0.11280929320700181,0.012381857846599127,0.473025
35,0.0,aligned,mi_site,52,0.0669006918222722,0.6703531476393045,0.473025
35,0.0,aligned,mi_site,53,0.009636484433061388,0.012187799344518099,0.473025
35,0.0,aligned,mi_site,54,0.0021549003102334374,-0.15164208176211616,0.473025
35,0.0,aligned,mi_site,55,-0.02763662031969427,-0.6682152825114137,0.473025
35,0.0,aligned,mi_site,56,0.04763898540337877,-0.025595251048677985,0.473025
35,0.0,aligned,mi_site,57,-0.002087322767890736,-0.01575760163666241,0.473025
35,0.0,aligned,mi_site,58,0.05301682034637689,0.29472658226587367,0.473025
35,0.0,aligned,mi_site,59,0.011823753543929593,-2.6034362231394133e-05,0.473025
35,0.0,aligned,mi_site,60,0.014753325321441814,0.009032255669006064,0.473025
35,0.0,aligned,mi_site,61,-0.004497735854939011,-0.3531561214448576,0.473025
35,0.0,aligned,mi_site,62,-0.0352814531556368,-0.7650589167892179,0.473025
35,0.0,aligned,mi_site,63,0.0038746346533398146,0.3254637929206275,0.473025
35,0.0,aligned,mi_site,64,-0.005897668691787735,-0.011910783410182415,0.473025
35,0.0,aligned,mi_site,65,0.003936479242845126,0.5192453987327812,0.473025
35,0.0,closed,available,0,-0.00379102747170168,0.5431941565068248,0.473025
35,0.0,closed,available,1,-0.007395217354739489,-0.007261356491457207,0.473025
35,0.0,closed,available,2,0.016699527437038064,-0.51922482645015,0.473025
35,0.0,closed,available,3,-0.0040632161469405514,0.4155735027360724,0.473025
35,0.0,closed,available,4,-0.00720888830032213,0.008522926609179741,0.473025
35,0.0,closed,available,5,0.005639492261343002,-0.005286777266332696,0.473025
35,0.0,closed,available,6,-0.0021462628944542922,-0.0025439069055875297,0.473025
35,0.0,closed,available,7,0.007563537702045034,0.0007379982066878653,0.473025
35,0.0,closed,available,8,0.0018793981119508188,0.0037043250925748333,0.473025
35,0.0,closed,available,9,0.0088774362070983,-0.3259882932866912,0.473025
35,0.0,closed,available,10,0.0019741671758549987,0.004500602646273362,0.473025
35,0.0,closed,available,11,0.008907373130995128,-0.0008925637949403947,0.473025
35,0.0,closed,available,12,-0.003302171339397475,-0.8427667068505613,0.473025
35,0.0,closed,available,13,-3.205489969948516e-05,0.7621875888423456,0.473025
35,0.0,closed,available,14,0.0018462853415759373,0.2585213252365418,0.473025
35,0.0,closed,available,15,-0.0015571582821157781,-0.5602759995119919,0.473025
35,0.0,closed,available,16,-0.006386091081487022,-0.48619100756306144,0.473025
35,0.0,closed,available,17,0.0009552260839055804,-0.3544135302175994,0.473025
35,0.0,closed,available,18,0.005636275538391392,-0.0004855976183234711,0.473025
35,0.0,closed,available,19,-0.0015377197955857569,-0.33859410172184706,0.473025
35,0.0,closed,available,20,0.004156783651811546,0.3661728264467044,0.473025
35,0.0,closed,available,21,0.012197498579605575,0.008755151269135933,0.473025
35,0.0,closed,available,22,-0.004374075881984518,-0.385747145694729,0.473025
35,0.0,closed,available,23,0.0027786763795846292,-0.010529973289148752,0.473025
35,0.0,closed,available,24,0.010297976373138213,-0.00906622815435526,0.473025
35,0.0,closed,available,25,-0.012124316425320612,0.006445806307138791,0.473025
35,0.0,closed,available,26,0.010914283200305672,-0.0060172138366979,0.473025
35,0.0,closed,available,27,-0.004592414851099846,-0.6814824245913026,0.473025
35,0.0,closed,available,28,-0.019199694253548005,-0.4869184923144165,0.473025
35,0.0,closed,available,29,-0.009390044812660715,0.010788062070583401,0.473025
35,0.0,closed,available,30,-0.0038571375496146976,-0.6480245740802159,0.473025
35,0.0,closed,available,31,0.007939016627456996,-0.4271427015170679,0.473025
35,0.0,closed,available,32,0.004966396390976763,0.24587294681488506,0.473025
35,0.0,closed,available,33,0.0004795517817851591,0.562374850628991,0.473025
35,0.0,closed,available,34,0.021111986635984216,-0.073719499192257,0.473025
35,0.0,closed,available,35,-0.00983579623669744,-0.00861112643261443,0.473025
35,0.0,closed,available,36,-0.01119078396702855,0.5757647137965124,0.473025
35,0.0,closed,available,37,-0.015565449436766146,0.08413129859070488,0.473025
35,0.0,closed,available,38,-0.0069270769027071355,0.20464211567507837,0.473025
35,0.0,closed,available,39,-0.014018370423733273,-0.41808176755605136,0.473025
35,0.0,closed,available,40,0.003585580831426627,-0.37997569886099547,0.473025
35,0.0,closed,available,41,-0.009165890628780149,-0.26152127836253397,0.473025
35,0.0,closed,available,42,-0.006399810937293027,0.5628257377094553,0.473025
35,0.0,closed,available,43,0.008393808386832347,-0.07639705087346647,0.473025
35,0.0,closed,available,44,0.009818100901014759,0.2703526249628717,0.473025
35,0.0,closed,available,45,0.002037336929290215,-0.0086108009636515,0.473025
35,0.0,closed,available,46,-0.0027843281527863972,-0.5247701154908981,0.473025
35,0.0,closed,available,47,-0.008900183643929527,0.4251599665752984,0.473025
35,0.0,closed,available,48,-0.016088429277031184,0.009786572393596272,0.473025
35,0.0,closed,available,49,0.009265084450169908,-0.1410771667216022,0.473025
35,0.0,closed,available,50,0.0068770425010720535,0.013530834403618847,0.473025
35,0.0,closed,available,51,0.010071999768798877,0.012381857846599127,0.473025
35,0.0,closed,available,52,0.0072740777928334,0.6703531476393045,0.473025
35,0.0,closed,available,53,-0.007140598841301314,0.012187799344518099,0.473025
35,0.0,closed,available,54,-0.01055167329261611,-0.15164208176211616,0.473025
35,0.0,closed,available,55,0.002231354543361097,-0.6682152825114137,0.473025
35,0.0,closed,available,56,0.002041148739740529,-0.025595251048677985,0.473025
35,0.0,closed,available,57,0.006060476657509998,-0.01575760163666241,0.473025
35,0.0,closed,available,58,0.001933435626355673,0.29472658226587367,0.473025
35,0.0,closed,available,59,-0.0031814471447601488,-2.6034362231394133e-05,0.473025
35,0.0,closed,available,60,-0.013579898997023037,0.009032255669006064,0.473025
35,0.0,closed,available,61,-0.009735009667542927,-0.3531561214448576,0.473025
35,0.0,closed,available,62,0.00011778625799352405,-0.7650589167892179,0.473025
35,0.0,closed,available,63,-0.00022768124581618032,0.3254637929206275,0.473025
35,0.0,closed,available,64,0.0003090500679677269,-0.011910783410182415,0.473025
35,0.0,closed,available,65,-0.0045295292715039626,0.5192453987327812,0.473025
35,0.0,closed,mi_obs,0,0.03420150245521414,0.5431941565068248,0.473025
35,0.0,closed,mi_obs,1,0.006973542781937335,-0.007261356491457207,0.473025
35,0.0,closed,mi_obs,2,-0.017053642891056597,-0.51922482645015,0.473025
35,0.0,closed,mi_obs,3,0.04567739090128775,0.4155735027360724,0.473025
35,0.0,closed,mi_obs,4,0.014703628412279679,0.008522926609179741,0.473025
35,0.0,closed,mi_obs,5,-0.010638775329541956,-0.005286777266332696,0.473025
35,0.0,closed,mi_obs,6,-0.005590048835482937,-0.0025439069055875297,0.473025
35,0.0,closed,mi_obs,7,-0.01995720465847613,0.0007379982066878653,0.473025
35,0.0,closed,mi_obs,8,0.011189070446514309,0.0037043250925748333,0.473025
35,0.0,closed,mi_obs,9,-0.0020660922193815323,-0.3259882932866912,0.473025
35,0.0,closed,mi_obs,10,0.018201820188191824,0.004500602646273362,0.473025
35,0.0,closed,mi_obs,11,0.0026259290402132064,-0.0008925637949403947,0.473025
35,0.0,closed,mi_obs,12,-0.018284945907169226,-0.8427667068505613,0.473025
35,0.0,closed,mi_obs,13,0.03674946514113597,0.7621875888423456,0.473025
35,0.0,closed,mi_obs,14,0.0575477809135298,0.2585213252365418,0.473025
35,0.0,closed,mi_obs,15,-0.053525704161873744,-0.5602759995119919,0.473025
35,0.0,closed,mi_obs,16,-0.0982644251667466,-0.48619100756306144,0.473025
35,0.0,closed,mi_obs,17,-0.06525669697517561,-0.3544135302175994,0.473025
35,0.0,closed,mi_obs,18,0.006339739519992419,-0.0004855976183234711,0.473025
35,0.0,closed,mi_obs,19,-0.005154860049802146,-0.33859410172184706,0.473025
35,0.0,closed,mi_obs,20,0.0005502109357811147,0.3661728264467044,0.473025
35,0.0,closed,mi_obs,21,0.0021751846292395773,0.008755151269135933,0.473025
35,0.0,closed,mi_obs,22,0.005634901543250026,-0.385747145694729,0.473025
35,0.0,closed,mi_obs,23,-0.014650125155524905,-0.010529973289148752,0.473025
35,0.0,closed,mi_obs,24,0.008966088051064443,-0.00906622815435526,0.473025
35,0.0,closed,mi_obs,25,-0.019807586575524255,0.006445806307138791,0.473025
35,0.0,closed,mi_obs,26,0.007463133929583072,-0.0060172138366979,0.473025
35,0.0,closed,mi_obs,27,-0.040584080604717854,-0.6814824245913026,0.473025
35,0.0,closed,mi_obs,28,-0.03318277694988708,-0.4869184923144165,0.473025
35,0.0,closed,mi_obs,29,-0.003220991010153592,0.010788062070583401,0.473025
35,0.0,closed,mi_obs,30,-0.03674466517881925,-0.6480245740802159,0.473025
35,0.0,closed,mi_obs,31,-0.054316251918472946,-0.4271427015170679,0.473025
35,0.0,closed,mi_obs,32,0.039536495411228584,0.24587294681488506,0.473025
35,0.0,closed,mi_obs,33,0.07019700939938911,0.562374850628991,0.473025
35,0.0,closed,mi_obs,34,0.06084136406248422,-0.073719499192257,0.473025
35,0.0,closed,mi_obs,35,-0.01741359456300887,-0.00861112643261443,0.473025
35,0.0,closed,mi_obs,36,0.017723337583057885,0.5757647137965124,0.473025
35,0.0,closed,mi_obs,37,0.009417648644669568,0.08413129859070488,0.473025
35,0.0,closed,mi_obs,38,0.039644031238796035,0.20464211567507837,0.473025
35,0.0,closed,mi_obs,39,-0.0659497696762506,-0.41808176755605136,0.473025
35,0.0,closed,mi_obs,40,-0.09065394648443181,-0.37997569886099547,0.473025
35,0.0,closed,mi_obs,41,-0.06330762957056502,-0.26152127836253397,0.473025
35,0.0,closed,mi_obs,42,0.011023587044162841,0.5628257377094553,0.473025
35,0.0,closed,mi_obs,43,-0.02206446854618592,-0.07639705087346647,0.473025
35,0.0,closed,mi_obs,44,0.006307612226018389,0.2703526249628717,0.473025
35,0.0,closed,mi_obs,45,-0.07669159218018537,-0.0086108009636515,0.473025
35,0.0,closed,mi_obs,46,-0.024663224013661056,-0.5247701154908981,0.473025
35,0.0,closed,mi_obs,47,-0.15175629066786006,0.4251599665752984,0.473025
35,0.0,closed,mi_obs,48,-0.003912160955177504,0.009786572393596272,0.473025
35,0.0,closed,mi_obs,49,-0.01054464226982052,-0.1410771667216022,0.473025
35,0.0,closed,mi_obs,50,0.03162748672972536,0.013530834403618847,0.473025
35,0.0,closed,mi_obs,51,0.1856489710353942,0.012381857846599127,0.473025
35,0.0,closed,mi_obs,52,0.08181802679960759,0.6703531476393045,0.473025
35,0.0,closed,mi_obs,53,-0.003458613850313267,0.012187799344518099,0.473025
35,0.0,closed,mi_obs,54,-0.005001088510203089,-0.15164208176211616,0.473025
35,0.0,closed,mi_obs,55,-0.04156222417988398,-0.6682152825114137,0.473025
35,0.0,closed,mi_obs,56,0.11288254351651514,-0.025595251048677985,0.473025
35,0.0,closed,mi_obs,57,0.010636282410187853,-0.01575760163666241,0.473025
35,0.0,closed,mi_obs,58,0.030664088640425802,0.29472658226587367,0.473025
35,0.0,closed,mi_obs,59,-0.047928336996813134,-2.6034362231394133e-05,0.473025
35,0.0,closed,mi_obs,60,0.008376512928305312,0.009032255669006064,0.473025
35,0.0,closed,mi_obs,61,-0.03178505643607771,-0.3531561214448576,0.473025
35,0.0,closed,mi_obs,62,-0.07393594626251565,-0.7650589167892179,0.473025
35,0.0,closed,mi_obs,63,-0.0037342766895625545,0.3254637929206275,0.473025
35,0.0,closed,mi_obs,64,-0.004040602747467441,-0.011910783410182415,0.473025
35,0.0,closed,mi_obs,65,0.024878756401122026,0.5192453987327812,0.473025
35,0.0,closed,mi_class,0,-0.16782983461413697,0.5431941565068248,0.473025
35,0.0,closed,mi_class,1,0.004433523834038363,-0.007261356491457207,0.473025
35,0.0,closed,mi_class,2,0.21003086344211125,-0.51922482645015,0.473025
35,0.0,closed,mi_class,3,-0.11836215129243893,0.4155735027360724,0.473025
35,0.0,closed,mi_class,4,-0.005379304466995031,0.008522926609179741,0.473025
35,0.0,closed,mi_class,5,0.0021672215465721447,-0.005286777266332696,0.473025
35,0.0,closed,mi_class,6,0.029753850652228762,-0.0025439069055875297,0.473025
35,0.0,closed,mi_class,7,0.00043702934590142666,0.0007379982066878653,0.473025
35,0.0,closed,mi_class,8,-0.011899312401895866,0.0037043250925748333,0.473025
35,0.0,closed,mi_class,9,0.0688205473177434,-0.3259882932866912,0.473025
35,0.0,closed,mi_class,10,-0.0571585482053546,0.004500602646273362,0.473025
35,0.0,closed,mi_class,11,3.5798817695940335e-05,-0.0008925637949403947,0.473025
35,0.0,closed,mi_class,12,0.1760323518424105,-0.8427667068505613,0.473025
35,0.0,closed,mi_class,13,-0.11938144267685658,0.7621875888423456,0.473025
35,0.0,closed,mi_class,14,0.030233635526571934,0.2585213252365418,0.473025
35,0.0,closed,mi_class,15,0.13082874320621068,-0.5602759995119919,0.473025
35,0.0,closed,mi_class,16,0.1062281395490059,-0.48619100756306144,0.473025
35,0.0,closed,mi_class,17,0.05236852632066119,-0.3544135302175994,0.473025
35,0.0,closed,mi_class,18,0.015448405096217754,-0.0004855976183234711,0.473025
35,0.0,closed,mi_class,19,-0.015750007817984468,-0.33859410172184706,0.473025
35,0.0,closed,mi_class,20,0.01296594540554169,0.3661728264467044,0.473025
35,0.0,closed,mi_class,21,-0.5054102380189134,0.008755151269135933,0.473025
35,0.0,closed,mi_class,22,0.3485320659139847,-0.385747145694729,0.473025
35,0.0,closed,mi_class,23,0.011023223960701404,-0.010529973289148752,0.473025
35,0.0,closed,mi_class,24,0.008746474471033959,-0.00906622815435526,0.473025
35,0.0,closed,mi_class,25,-0.00964040731968695,0.006445806307138791,0.473025
35,0.0,closed,mi_class,26,0.006224239338893013,-0.0060172138366979,0.473025
35,0.0,closed,mi_class,27,0.5853216943060654,-0.6814824245913026,0.473025
35,0.0,closed,mi_class,28,0.5529184015653913,-0.4869184923144165,0.473025
35,0.0,closed,mi_class,29,0.2776356917945783,0.010788062070583401,0.473025
35,0.0,closed,mi_class,30,0.18925612440268363,-0.6480245740802159,0.473025
35,0.0,closed,mi_class,31,0.1734419760423065,-0.4271427015170679,0.473025
35,0.0,closed,mi_class,32,-0.06237340946925318,0.24587294681488506,0.473025
35,0.0,closed,mi_class,33,-0.17423782779137587,0.562374850628991,0.473025
35,0.0,closed,mi_class,34,0.03536363612593824,-0.073719499192257,0.473025
35,0.0,closed,mi_class,35,0.004988050177233838,-0.00861112643261443,0.473025
35,0.0,closed,mi_class,36,-0.17475684603677566,0.5757647137965124,0.473025
35,0.0,closed,mi_class,37,-0.2689211895197869,0.08413129859070488,0.473025
35,0.0,closed,mi_class,38,-0.05015409429896672,0.20464211567507837,0.473025
35,0.0,closed,mi_class,39,0.00704911406424702,-0.41808176755605136,0.473025
35,0.0,closed,mi_class,40,-0.008385777846754705,-0.37997569886099547,0.473025
35,0.0,closed,mi_class,41,-0.008348376514542899,-0.26152127836253397,0.473025
35,0.0,closed,mi_class,42,-0.16709148316731942,0.5628257377094553,0.473025
35,0.0,closed,mi_class,43,-0.027453462228709133,-0.07639705087346647,0.473025
35,0.0,closed,mi_class,44,-0.09200159627272844,0.2703526249628717,0.473025
35,0.0,closed,mi_class,45,-0.0035558026846932,-0.0086108009636515,0.473025
35,0.0,closed,mi_class,46,0.1624181751254123,-0.5247701154908981,0.473025
35,0.0,closed,mi_class,47,-0.21418476624539037,0.4251599665752984,0.473025
35,0.0,closed,mi_class,48,-0.007758891868956676,0.009786572393596272,0.473025
35,0.0,closed,mi_class,49,0.1008908842003304,-0.1410771667216022,0.473025
35,0.0,closed,mi_class,50,0.14775189647766407,0.013530834403618847,0.473025
35,0.0,closed,mi_class,51,0.01465317758283162,0.012381857846599127,0.473025
35,0.0,closed,mi_class,52,0.014488731952265188,0.6703531476393045,0.473025
35,0.0,closed,mi_class,53,-0.011735077629061135,0.012187799344518099,0.473025
35,0.0,closed,mi_class,54,0.032009608352304486,-0.15164208176211616,0.473025
35,0.0,closed,mi_class,55,0.23743965405984818,-0.6682152825114137,0.473025
35,0.0,closed,mi_class,56,0.008700551896939971,-0.025595251048677985,0.473025
35,0.0,closed,mi_class,57,0.10824039279274737,-0.01575760163666241,0.473025
35,0.0,closed,mi_class,58,0.024560757033313285,0.29472658226587367,0.473025
35,0.0,closed,mi_class,59,0.03757341260165406,-2.6034362231394133e-05,0.473025
35,0.0,closed,mi_class,60,-0.0064524950508107436,0.009032255669006064,0.473025
35,0.0,closed,mi_class,61,0.056817361407420275,-0.3531561214448576,0.473025
35,0.0,closed,mi_class,62,0.2251479416670572,-0.7650589167892179,0.473025
35,0.0,closed,mi_class,63,0.028018965420660458,0.3254637929206275,0.473025
35,0.0,closed,mi_class,64,0.005412950623124036,-0.011910783410182415,0.473025
35,0.0,closed,mi_class,65,-0.10750480749019925,0.5192453987327812,0.473025
35,0.0,closed,mi_site,0,0.03075942312592206,0.5431941565068248,0.473025
35,0.0,closed,mi_site,1,-0.006406628698813031,-0.007261356491457207,0.473025
35,0.0,closed,mi_site,2,-0.029391460391536617,-0.51922482645015,0.473025
35,0.0,closed,mi_site,3,0.04513144875116404,0.4155735027360724,0.473025
35,0.0,closed,mi_site,4,0.00854242112804364,0.008522926609179741,0.473025
35,0.0,closed,mi_site,5,-0.013571589993060615,-0.005286777266332696,0.473025
35,0.0,closed,mi_site,6,-0.004230074280959295,-0.0025439069055875297,0.473025
35,0.0,closed,mi_site,7,-0.012212054916410095,0.0007379982066878653,0.473025
35,0.0,closed,mi_site,8,0.0037995362747200354,0.0037043250925748333,0.473025
35,0.0,closed,mi_site,9,-0.008051299043068727,-0.3259882932866912,0.473025
35,0.0,closed,mi_site,10,0.01291451963135108,0.004500602646273362,0.473025
35,0.0,closed,mi_site,11,-0.0005163962755460144,-0.0008925637949403947,0.473025
35,0.0,closed,mi_site,12,-0.017553953923315713,-0.8427667068505613,0.473025
35,0.0,closed,mi_site,13,0.03174330898105393,0.7621875888423456,0.473025
35,0.0,closed,mi_site,14,0.04522067673242963,0.2585213252365418,0.473025
35,0.0,closed,mi_site,15,-0.04531635612674534,-0.5602759995119919,0.473025
35,0.0,closed,mi_site,16,-0.07535160803946528,-0.48619100756306144,0.473025
35,0.0,closed,mi_site,17,-0.057606049314610386,-0.3544135302175994,0.473025
35,0.0,closed,mi_site,18,0.009445636457605567,-0.0004855976183234711,0.473025
35,0.0,closed,mi_site,19,-0.006173848781001523,-0.33859410172184706,0.473025
35,0.0,closed,mi_site,20,-0.001148214688741378,0.3661728264467044,0.473025
35,0.0,closed,mi_site,21,0.004783673649255346,0.008755151269135933,0.473025
35,0.0,closed,mi_site,22,0.006302951269227142,-0.385747145694729,0.473025
35,0.0,closed,mi_site,23,-0.015944888272808135,-0.010529973289148752,0.473025
35,0.0,closed,mi_site,24,-1.500800729820062e-05,-0.00906622815435526,0.473025
35,0.0,closed,mi_site,25,-0.02362480427546882,0.006445806307138791,0.473025
35,0.0,closed,mi_site,26,-0.008384223959483506,-0.0060172138366979,0.473025
35,0.0,closed,mi_site,27,-0.009152998767050335,-0.6814824245913026,0.473025
35,0.0,closed,mi_site,28,-0.019557229939166587,-0.4869184923144165,0.473025
35,0.0,closed,mi_site,29,0.0007991587866980013,0.010788062070583401,0.473025
35,0.0,closed,mi_site,30,-0.031152277334720146,-0.6480245740802159,0.473025
35,0.0,closed,mi_site,31,-0.030086465435993415,-0.4271427015170679,0.473025
35,0.0,closed,mi_site,32,0.04897905804634409,0.24587294681488506,0.473025
35,0.0,closed,mi_site,33,0.04268810597160222,0.562374850628991,0.473025
35,0.0,closed,mi_site,34,0.0633412411405368,-0.073719499192257,0.473025
35,0.0,closed,mi_site,35,-0.009606511059750803,-0.00861112643261443,0.473025
35,0.0,closed,mi_site,36,0.01371503378560135,0.5757647137965124,0.473025
35,0.0,closed,mi_site,37,-0.0032859003394054564,0.08413129859070488,0.473025
35,0.0,closed,mi_site,38,0.030179205063529613,0.20464211567507837,0.473025
35,0.0,closed,mi_site,39,-0.05591441362139221,-0.41808176755605136,0.473025
35,0.0,closed,mi_site,40,-0.06445804939451272,-0.37997569886099547,0.473025
35,0.0,closed,mi_site,41,-0.05859736427430762,-0.26152127836253397,0.473025
35,0.0,closed,mi_site,42,0.009085661716542348,0.5628257377094553,0.473025
35,0.0,closed,mi_site,43,-0.016747011573974374,-0.07639705087346647,0.473025
35,0.0,closed,mi_site,44,0.0047119453221149965,0.2703526249628717,0.473025
35,0.0,closed,mi_site,45,-0.07044318878203598,-0.0086108009636515,0.473025
35,0.0,closed,mi_site,46,-0.011907452607748281,-0.5247701154908981,0.473025
35,0.0,closed,mi_site,47,-0.1349160470326224,0.4251599665752984,0.473025
35,0.0,closed,mi_site,48,0.0018650281185494926,0.009786572393596272,0.473025
35,0.0,closed,mi_site,49,-0.00467789989455672,-0.1410771667216022,0.473025
35,0.0,closed,mi_site,50,0.03175761822727979,0.013530834403618847,0.473025
35,0.0,closed,mi_site,51,0.1534049835942312,0.012381857846599127,0.473025
35,0.0,closed,mi_site,52,0.06736620766453216,0.6703531476393045,0.473025
35,0.0,closed,mi_site,53,-0.005225110646485425,0.012187799344518099,0.473025
35,0.0,closed,mi_site,54,0.0041340153075964114,-0.15164208176211616,0.473025
35,0.0,closed,mi_site,55,-0.024872412734439298,-0.6682152825114137,0.473025
35,0.0,closed,mi_site,56,0.09589177371201513,-0.025595251048677985,0.473025
35,0.0,closed,mi_site,57,0.01364721389225507,-0.01575760163666241,0.473025
35,0.0,closed,mi_site,58,0.028251760073724153,0.29472658226587367,0.473025
35,0.0,closed,mi_site,59,-0.03254129867482695,-2.6034362231394133e-05,0.473025
35,0.0,closed,mi_site,60,-1.0663403500019153e-05,0.009032255669006064,0.473025
35,0.0,closed,mi_site,61,-0.022224904266705314,-0.3531561214448576,0.473025
35,0.0,closed,mi_site,62,-0.060011502942690975,-0.7650589167892179,0.473025
35,0.0,closed,mi_site,63,-0.015002227063634965,0.3254637929206275,0.473025
35,0.0,closed,mi_site,64,0.001785320870739104,-0.011910783410182415,0.473025
35,0.0,closed,mi_site,65,0.023731909265140683,0.5192453987327812,0.473025
35,1.0,aligned,available,0,0.0032022730322913695,0.5379250671111349,0.473025
35,1.0,aligned,available,1,0.0016105814740790796,-0.012409638254841784,0.473025
35,1.0,aligned,available,2,0.009369464959867568,-0.5171392451397412,0.473025
35,1.0,aligned,available,3,0.010618980269906764,0.4131921443705598,0.473025
35,1.0,aligned,available,4,-0.007691934055542672,0.007496467768360027,0.473025
35,1.0,aligned,available,5,-0.005813453003636032,0.001289137354291103,0.473025
35,1.0,aligned,available,6,0.008579751265491143,-0.0011469620698703897,0.473025
35,1.0,aligned,available,7,-0.005074162236669301,0.004817680251464561,0.473025
35,1.0,aligned,available,8,0.008909860940370736,0.0070187624992831005,0.473025
35,1.0,aligned,available,9,-0.008002694166388269,-0.3244404475688428,0.473025
35,1.0,aligned,available,10,0.0009473261488560996,0.0010204649843257457,0.473025
35,1.0,aligned,available,11,-0.008374528060113472,-0.00508546419426041,0.473025
35,1.0,aligned,available,12,-0.0013281461199299294,-0.8437932229818039,0.473025
35,1.0,aligned,available,13,-0.0010030232451180288,0.7637339768071998,0.473025
35,1.0,aligned,available,14,0.005758356223622196,0.2629306088158411,0.473025
35,1.0,aligned,available,15,0.006714588658916498,-0.5624855771449131,0.473025
35,1.0,aligned,available,16,0.0032068118712675897,-0.4910552397741625,0.473025
35,1.0,aligned,available,17,0.006972481411152698,-0.3595418313150563,0.473025
35,1.0,aligned,available,18,0.01842130496715983,0.003222390869332341,0.473025
35,1.0,aligned,available,19,-0.005614622755594989,-0.3358821704953195,0.473025
35,1.0,aligned,available,20,-0.003367533616655982,0.37142267119056005,0.473025
35,1.0,aligned,available,21,0.02159460146617821,0.013393913164666437,0.473025
35,1.0,aligned,available,22,-0.014563502481093393,-0.3939531033283154,0.473025
35,1.0,aligned,available,23,0.007916719580089155,-0.013574625002517072,0.473025
35,1.0,aligned,available,24,0.017887612716073472,-0.008724678713851242,0.473025
35,1.0,aligned,available,25,0.009712887189812076,0.009568568998283143,0.473025
35,1.0,aligned,available,26,0.0065237314691200515,-0.00808027500552186,0.473025
35,1.0,aligned,available,27,0.001438092005321745,-0.690793461936801,0.473025
35,1.0,aligned,available,28,-2.225990236182085e-05,-0.4912187186599461,0.473025
35,1.0,aligned,available,29,0.00777373119713979,0.011999190006925526,0.473025
35,1.0,aligned,available,30,0.007138207725164825,-0.6503985312666124,0.473025
35,1.0,aligned,available,31,0.028590581930333148,-0.4316809307172539,0.473025
35,1.0,aligned,available,32,0.020433336885319175,0.24650575562979138,0.473025
35,1.0,aligned,available,33,-0.03022034928918893,0.568196884137598,0.473025
35,1.0,aligned,available,34,0.003913734642035399,-0.0683935513937389,0.473025
35,1.0,aligned,available,35,-0.0009764560181213036,-0.01216443984721758,0.473025
35,1.0,aligned,available,36,-0.006185753983792175,0.5725764150800677,0.473025
35,1.0,aligned,available,37,-0.0017498886404384295,0.07819294401252824,0.473025
35,1.0,aligned,available,38,0.0026226001789468323,0.20920048816384115,0.473025
35,1.0,aligned,available,39,0.011441169066536305,-0.4204390521712156,0.473025
35,1.0,aligned,available,40,0.003095114234443419,-0.38478485241306926,0.473025
35,1.0,aligned,available,41,0.011196911323513636,-0.265013802642911,0.473025
35,1.0,aligned,available,42,0.0318469802903103,0.5656436157509096,0.473025
35,1.0,aligned,available,43,0.004020746838842473,-0.06982929974364804,0.473025
35,1.0,aligned,available,44,-0.015759311434254686,0.2741982260112675,0.473025
35,1.0,aligned,available,45,0.0012479592043337165,-0.00877692179380891,0.473025
35,1.0,aligned,available,46,0.0026651907312197354,-0.5316552703435812,0.473025
35,1.0,aligned,available,47,0.0035208312163383937,0.42000230832046725,0.473025
35,1.0,aligned,available,48,0.04050402331364174,0.0120517594439088,0.473025
35,1.0,aligned,available,49,0.0014521279891103467,-0.14340094932338937,0.473025
35,1.0,aligned,available,50,-0.004236525531664799,0.013518160067573814,0.473025
35,1.0,aligned,available,51,-0.01432400378513418,0.01725001777667858,0.473025
35,1.0,aligned,available,52,-0.0040886247133132825,0.676980195472731,0.473025
35,1.0,aligned,available,53,0.001395267509811374,0.010320457866199223,0.473025
35,1.0,aligned,available,54,-0.01570084042806083,-0.15308183695213043,0.473025
35,1.0,aligned,available,55,9.87855422655004e-05,-0.6739535378273989,0.473025
35,1.0,aligned,available,56,-0.0001506351799701565,-0.02267057609834203,0.473025
35,1.0,aligned,available,57,-0.03729853059707218,-0.017859413304890614,0.473025
35,1.0,aligned,available,58,-0.012880946373504842,0.2958739658940798,0.473025
35,1.0,aligned,available,59,0.015232677096707522,-0.003354607240303557,0.473025
35,1.0,aligned,available,60,0.02358895294254954,0.009389165001007454,0.473025
35,1.0,aligned,available,61,-0.004650775125621676,-0.35066080744896133,0.473025
35,1.0,aligned,available,62,0.0036089815163611316,-0.768581188603287,0.473025
35,1.0,aligned,available,63,-0.011123147140796041,0.3333715824804936,0.473025
35,1.0,aligned,available,64,-0.009600767978376112,-0.011741710302514186,0.473025
35,1.0,aligned,available,65,0.0039437078225248445,0.5144578017578176,0.473025
35,1.0,aligned,mi_obs,0,0.03110058888736056,0.5379250671111349,0.473025
35,1.0,aligned,mi_obs,1,-0.013338916979418459,-0.012409638254841784,0.473025
35,1.0,aligned,mi_obs,2,-0.05351346102401333,-0.5171392451397412,0.473025
35,1.0,aligned,mi_obs,3,0.05424820562943811,0.4131921443705598,0.473025
35,1.0,aligned,mi_obs,4,-0.004444632099467729,0.007496467768360027,0.473025
35,1.0,aligned,mi_obs,5,-0.016244658360865513,0.001289137354291103,0.473025
35,1.0,aligned,mi_obs,6,-0.003365564382033409,-0.0011469620698703897,0.473025
35,1.0,aligned,mi_obs,7,-0.0006595490193938795,0.004817680251464561,0.473025
35,1.0,aligned,mi_obs,8,-0.03268546518292617,0.0070187624992831005,0.473025
35,1.0,aligned,mi_obs,9,-0.025544100155976468,-0.3244404475688428,0.473025
35,1.0,aligned,mi_obs,10,0.0002648269643019379,0.0010204649843257457,0.473025
35,1.0,aligned,mi_obs,11,-0.0004623883190727181,-0.00508546419426041,0.473025
35,1.0,aligned,mi_obs,12,-0.020852907220324957,-0.8437932229818039,0.473025
35,1.0,aligned,mi_obs,13,0.032962997436877806,0.7637339768071998,0.473025
35,1.0,aligned,mi_obs,14,0.046866106880360414,0.2629306088158411,0.473025
35,1.0,aligned,mi_obs,15,-0.055838546794917954,-0.5624855771449131,0.473025
35,1.0,aligned,mi_obs,16,-0.06538520823732324,-0.4910552397741625,0.473025
35,1.0,aligned,mi_obs,17,-0.06102033569570797,-0.3595418313150563,0.473025
35,1.0,aligned,mi_obs,18,0.005884765069301537,0.003222390869332341,0.473025
35,1.0,aligned,mi_obs,19,-0.010432472089118294,-0.3358821704953195,0.473025
35,1.0,aligned,mi_obs,20,-0.007695764283594642,0.37142267119056005,0.473025
35,1.0,aligned,mi_obs,21,-0.007315770271647321,0.013393913164666437,0.473025
35,1.0,aligned,mi_obs,22,0.007060389652810473,-0.3939531033283154,0.473025
35,1.0,aligned,mi_obs,23,0.006297829828946722,-0.013574625002517072,0.473025
35,1.0,aligned,mi_obs,24,0.011066450664761305,-0.008724678713851242,0.473025
35,1.0,aligned,mi_obs,25,-0.00028021937936146754,0.009568568998283143,0.473025
35,1.0,aligned,mi_obs,26,0.01929366074141109,-0.00808027500552186,0.473025
35,1.0,aligned,mi_obs,27,-0.04352941979469005,-0.690793461936801,0.473025
35,1.0,aligned,mi_obs,28,-0.027338667485627577,-0.4912187186599461,0.473025
35,1.0,aligned,mi_obs,29,-0.0011247537638765532,0.011999190006925526,0.473025
35,1.0,aligned,mi_obs,30,-0.03867319574086525,-0.6503985312666124,0.473025
35,1.0,aligned,mi_obs,31,-0.0637316923018878,-0.4316809307172539,0.473025
35,1.0,aligned,mi_obs,32,0.03914327532379669,0.24650575562979138,0.473025
35,1.0,aligned,mi_obs,33,0.09706737683534661,0.568196884137598,0.473025
35,1.0,aligned,mi_obs,34,0.06092451305016366,-0.0683935513937389,0.473025
35,1.0,aligned,mi_obs,35,-0.017784414702675604,-0.01216443984721758,0.473025
35,1.0,aligned,mi_obs,36,0.02826568252178907,0.5725764150800677,0.473025
35,1.0,aligned,mi_obs,37,0.016277215283084553,0.07819294401252824,0.473025
35,1.0,aligned,mi_obs,38,0.0335260991664976,0.20920048816384115,0.473025
35,1.0,aligned,mi_obs,39,-0.049196473285925635,-0.4204390521712156,0.473025
35,1.0,aligned,mi_obs,40,-0.05321204840815086,-0.38478485241306926,0.473025
35,1.0,aligned,mi_obs,41,-0.04582286571534672,-0.265013802642911,0.473025
35,1.0,aligned,mi_obs,42,0.013526264943410138,0.5656436157509096,0.473025
35,1.0,aligned,mi_obs,43,-0.02716586392044229,-0.06982929974364804,0.473025
35,1.0,aligned,mi_obs,44,-0.0022829299667523895,0.2741982260112675,0.473025
35,1.0,aligned,mi_obs,45,-0.07235366762364392,-0.00877692179380891,0.473025
35,1.0,aligned,mi_obs,46,-0.04931645986259969,-0.5316552703435812,0.473025
35,1.0,aligned,mi_obs,47,-0.12771985496865057,0.42000230832046725,0.473025
35,1.0,aligned,mi_obs,48,0.010307358066560204,0.0120517594439088,0.473025
35,1.0,aligned,mi_obs,49,-0.020074539912467187,-0.14340094932338937,0.473025
35,1.0,aligned,mi_obs,50,0.002852095070731338,0.013518160067573814,0.473025
35,1.0,aligned,mi_obs,51,0.12381452037911304,0.01725001777667858,0.473025
35,1.0,aligned,mi_obs,52,0.08010388392199719,0.676980195472731,0.473025
35,1.0,aligned,mi_obs,53,0.009293555938452379,0.010320457866199223,0.473025
35,1.0,aligned,mi_obs,54,-0.012426307640057088,-0.15308183695213043,0.473025
35,1.0,aligned,mi_obs,55,-0.046426996028808176,-0.6739535378273989,0.473025
35,1.0,aligned,mi_obs,56,0.06167615353650806,-0.02267057609834203,0.473025
35,1.0,aligned,mi_obs,57,0.004154130344576455,-0.017859413304890614,0.473025
35,1.0,aligned,mi_obs,58,0.060285858941366066,0.2958739658940798,0.473025
35,1.0,aligned,mi_obs,59,0.024926476118718503,-0.003354607240303557,0.473025
35,1.0,aligned,mi_obs,60,0.028780107961500906,0.009389165001007454,0.473025
35,1.0,aligned,mi_obs,61,-0.015526998631154143,-0.35066080744896133,0.473025
35,1.0,aligned,mi_obs,62,-0.06335493207964804,-0.768581188603287,0.473025
35,1.0,aligned,mi_obs,63,-0.012708919015543219,0.3333715824804936,0.473025
35,1.0,aligned,mi_obs,64,-0.016915151523565493,-0.011741710302514186,0.473025
35,1.0,aligned,mi_obs,65,0.0269392164419463,0.5144578017578176,0.473025
35,1.0,aligned,mi_class,0,-0.325331213947159,0.5379250671111349,0.473025
35,1.0,aligned,mi_class,1,0.0098708132312616,-0.012409638254841784,0.473025
35,1.0,aligned,mi_class,2,0.27571903928518227,-0.5171392451397412,0.473025
35,1.0,aligned,mi_class,3,-0.2350868827092201,0.4131921443705598,0.473025
35,1.0,aligned,mi_class,4,-0.011639817527160975,0.007496467768360027,0.473025
35,1.0,aligned,mi_class,5,-0.0021877895245010883,0.001289137354291103,0.473025
35,1.0,aligned,mi_class,6,-0.002561051476386365,-0.0011469620698703897,0.473025
35,1.0,aligned,mi_class,7,0.003760785034821781,0.004817680251464561,0.473025
35,1.0,aligned,mi_class,8,0.01701899743833024,0.0070187624992831005,0.473025
35,1.0,aligned,mi_class,9,0.13995149129582707,-0.3244404475688428,0.473025
35,1.0,aligned,mi_class,10,-0.09793740097907244,0.0010204649843257457,0.473025
35,1.0,aligned,mi_class,11,0.020295419524905132,-0.00508546419426041,0.473025
35,1.0,aligned,mi_class,12,0.07489442394010104,-0.8437932229818039,0.473025
35,1.0,aligned,mi_class,13,-0.17236267273137462,0.7637339768071998,0.473025
35,1.0,aligned,mi_class,14,0.025093688133418834,0.2629306088158411,0.473025
35,1.0,aligned,mi_class,15,0.1337543096976297,-0.5624855771449131,0.473025
35,1.0,aligned,mi_class,16,0.14085180655070123,-0.4910552397741625,0.473025
35,1.0,aligned,mi_class,17,0.07230865390778757,-0.3595418313150563,0.473025
35,1.0,aligned,mi_class,18,0.0016728416319110777,0.003222390869332341,0.473025
35,1.0,aligned,mi_class,19,-0.01835266285651377,-0.3358821704953195,0.473025
35,1.0,aligned,mi_class,20,0.00941917178517826,0.37142267119056005,0.473025
35,1.0,aligned,mi_class,21,-0.024409125388881393,0.013393913164666437,0.473025
35,1.0,aligned,mi_class,22,0.16652321345551965,-0.3939531033283154,0.473025
35,1.0,aligned,mi_class,23,0.0038787642969889506,-0.013574625002517072,0.473025
35,1.0,aligned,mi_class,24,0.010230544060211474,-0.008724678713851242,0.473025
35,1.0,aligned,mi_class,25,0.013705674551864465,0.009568568998283143,0.473025
35,1.0,aligned,mi_class,26,-0.00014404506337755384,-0.00808027500552186,0.473025
35,1.0,aligned,mi_class,27,0.4273722482518862,-0.690793461936801,0.473025
35,1.0,aligned,mi_class,28,0.17488004611076996,-0.4912187186599461,0.473025
35,1.0,aligned,mi_class,29,0.09603568859903318,0.011999190006925526,0.473025
35,1.0,aligned,mi_class,30,0.0761439791835512,-0.6503985312666124,0.473025
35,1.0,aligned,mi_class,31,0.09435651493012615,-0.4316809307172539,0.473025
35,1.0,aligned,mi_class,32,-0.027587839274379106,0.24650575562979138,0.473025
35,1.0,aligned,mi_class,33,-0.1439997388339429,0.568196884137598,0.473025
35,1.0,aligned,mi_class,34,0.018157858543204203,-0.0683935513937389,0.473025
35,1.0,aligned,mi_class,35,0.012604141239363799,-0.01216443984721758,0.473025
35,1.0,aligned,mi_class,36,-0.02952101000771168,0.5725764150800677,0.473025
35,1.0,aligned,mi_class,37,-0.05978740054411097,0.07819294401252824,0.473025
35,1.0,aligned,mi_class,38,-0.022876326521714868,0.20920048816384115,0.473025
35,1.0,aligned,mi_class,39,0.006649497247300684,-0.4204390521712156,0.473025
35,1.0,aligned,mi_class,40,0.04998610537877329,-0.38478485241306926,0.473025
35,1.0,aligned,mi_class,41,0.01607087591555681,-0.265013802642911,0.473025
35,1.0,aligned,mi_class,42,-0.32267955683425764,0.5656436157509096,0.473025
35,1.0,aligned,mi_class,43,0.004850610659695609,-0.06982929974364804,0.473025
35,1.0,aligned,mi_class,44,-0.09199543485437978,0.2741982260112675,0.473025
35,1.0,aligned,mi_class,45,-0.0019429860490608117,-0.00877692179380891,0.473025
35,1.0,aligned,mi_class,46,0.1423893480477788,-0.5316552703435812,0.473025
35,1.0,aligned,mi_class,47,-0.14418185388863464,0.42000230832046725,0.473025
35,1.0,aligned,mi_class,48,0.028249374080796585,0.0120517594439088,0.473025
35,1.0,aligned,mi_class,49,0.08252155593840427,-0.14340094932338937,0.473025
35,1.0,aligned,mi_class,50,0.1401763458242912,0.013518160067573814,0.473025
35,1.0,aligned,mi_class,51,-0.008173383259473362,0.01725001777667858,0.473025
35,1.0,aligned,mi_class,52,-0.02057238168965292,0.676980195472731,0.473025
35,1.0,aligned,mi_class,53,-0.001741921451590479,0.010320457866199223,0.473025
35,1.0,aligned,mi_class,54,0.02872016710638753,-0.15308183695213043,0.473025
35,1.0,aligned,mi_class,55,0.1744674686434154,-0.6739535378273989,0.473025
35,1.0,aligned,mi_class,56,0.008568128561302183,-0.02267057609834203,0.473025
35,1.0,aligned,mi_class,57,0.0015066144525977161,-0.017859413304890614,0.473025
35,1.0,aligned,mi_class,58,-0.10554924194176807,0.2958739658940798,0.473025
35,1.0,aligned,mi_class,59,-0.012953760125037284,-0.003354607240303557,0.473025
35,1.0,aligned,mi_class,60,0.04347302654404148,0.009389165001007454,0.473025
35,1.0,aligned,mi_class,61,0.048478311461227774,-0.35066080744896133,0.473025
35,1.0,aligned,mi_class,62,0.17140490842061806,-0.768581188603287,0.473025
35,1.0,aligned,mi_class,63,-0.33296070186293086,0.3333715824804936,0.473025
35,1.0,aligned,mi_class,64,-0.0003786690860676841,-0.011741710302514186,0.473025
35,1.0,aligned,mi_class,65,-0.024084773884664623,0.5144578017578176,0.473025
35,1.0,aligned,mi_site,0,-0.01577468347914368,0.5379250671111349,0.473025
35,1.0,aligned,mi_site,1,-0.004677633360850777,-0.012409638254841784,0.473025
35,1.0,aligned,mi_site,2,0.11017732761347726,-0.5171392451397412,0.473025
35,1.0,aligned,mi_site,3,-0.00364097436930666,0.4131921443705598,0.473025
35,1.0,aligned,mi_site,4,0.004408417542632701,0.007496467768360027,0.473025
35,1.0,aligned,mi_site,5,-0.026715936032300224,0.001289137354291103,0.473025
35,1.0,aligned,mi_site,6,-0.011983607444693461,-0.0011469620698703897,0.473025
35,1.0,aligned,mi_site,7,-0.010153581897684673,0.004817680251464561,0.473025
35,1.0,aligned,mi_site,8,-0.02053673699045315,0.0070187624992831005,0.473025
35,1.0,aligned,mi_site,9,0.0035498447978525305,-0.3244404475688428,0.473025
35,1.0,aligned,mi_site,10,0.0031728481948691857,0.0010204649843257457,0.473025
35,1.0,aligned,mi_site,11,-0.0027030215131755627,-0.00508546419426041,0.473025
35,1.0,aligned,mi_site,12,0.17890761233779218,-0.8437932229818039,0.473025
35,1.0,aligned,mi_site,13,-0.03163917716047682,0.7637339768071998,0.473025
35,1.0,aligned,mi_site,14,0.03317132397292544,0.2629306088158411,0.473025
35,1.0,aligned,mi_site,15,-0.02875821391762856,-0.5624855771449131,0.473025
35,1.0,aligned,mi_site,16,-0.04271763988026683,-0.4910552397741625,0.473025
35,1.0,aligned,mi_site,17,-0.038070145122850785,-0.3595418313150563,0.473025
35,1.0,aligned,mi_site,18,0.005584544059686582,0.003222390869332341,0.473025
35,1.0,aligned,mi_site,19,-0.00010698716881812897,-0.3358821704953195,0.473025
35,1.0,aligned,mi_site,20,-0.017496298579991354,0.37142267119056005,0.473025
35,1.0,aligned,mi_site,21,0.010157179527938449,0.013393913164666437,0.473025
35,1.0,aligned,mi_site,22,0.05152846071628264,-0.3939531033283154,0.473025
35,1.0,aligned,mi_site,23,0.012501239845832058,-0.013574625002517072,0.473025
35,1.0,aligned,mi_site,24,0.016352496884431838,-0.008724678713851242,0.473025
35,1.0,aligned,mi_site,25,-0.01118936593906731,0.009568568998283143,0.473025
35,1.0,aligned,mi_site,26,0.026385908742255743,-0.00808027500552186,0.473025
35,1.0,aligned,mi_site,27,-0.019111120682246185,-0.690793461936801,0.473025
35,1.0,aligned,mi_site,28,0.007174631972870105,-0.4912187186599461,0.473025
35,1.0,aligned,mi_site,29,-0.0033315153661493957,0.011999190006925526,0.473025
35,1.0,aligned,mi_site,30,0.09679927558079227,-0.6503985312666124,0.473025
35,1.0,aligned,mi_site,31,0.04764629584947261,-0.4316809307172539,0.473025
35,1.0,aligned,mi_site,32,0.013321216892826782,0.24650575562979138,0.473025
35,1.0,aligned,mi_site,33,-0.04883773989304141,0.568196884137598,0.473025
35,1.0,aligned,mi_site,34,0.07526924374885859,-0.0683935513937389,0.473025
35,1.0,aligned,mi_site,35,-0.011017164647346232,-0.01216443984721758,0.473025
35,1.0,aligned,mi_site,36,-0.12015901412315966,0.5725764150800677,0.473025
35,1.0,aligned,mi_site,37,-0.04567705069325423,0.07819294401252824,0.473025
35,1.0,aligned,mi_site,38,0.03002414047866306,0.20920048816384115,0.473025
35,1.0,aligned,mi_site,39,-0.04515795828559205,-0.4204390521712156,0.473025
35,1.0,aligned,mi_site,40,-0.04066446671162771,-0.38478485241306926,0.473025
35,1.0,aligned,mi_site,41,-0.039754425488159606,-0.265013802642911,0.473025
35,1.0,aligned,mi_site,42,-0.03502483908378884,0.5656436157509096,0.473025
35,1.0,aligned,mi_site,43,-0.02847933474740795,-0.06982929974364804,0.473025
35,1.0,aligned,mi_site,44,-0.005897759008029524,0.2741982260112675,0.473025
35,1.0,aligned,mi_site,45,-0.06762800108896189,-0.00877692179380891,0.473025
35,1.0,aligned,mi_site,46,-0.013620153629752774,-0.5316552703435812,0.473025
35,1.0,aligned,mi_site,47,-0.11362148804979316,0.42000230832046725,0.473025
35,1.0,aligned,mi_site,48,0.010028387889305542,0.0120517594439088,0.473025
35,1.0,aligned,mi_site,49,-0.004773063266280492,-0.14340094932338937,0.473025
35,1.0,aligned,mi_site,50,0.019726388096888654,0.013518160067573814,0.473025
35,1.0,aligned,mi_site,51,0.10799763884837964,0.01725001777667858,0.473025
35,1.0,aligned,mi_site,52,0.06532156042249604,0.676980195472731,0.473025
35,1.0,aligned,mi_site,53,0.0030159821863980606,0.010320457866199223,0.473025
35,1.0,aligned,mi_site,54,0.000806980545760505,-0.15308183695213043,0.473025
35,1.0,aligned,mi_site,55,-0.024252187960817517,-0.6739535378273989,0.473025
35,1.0,aligned,mi_site,56,0.04710607949453516,-0.02267057609834203,0.473025
35,1.0,aligned,mi_site,57,-0.0009868469038896432,-0.017859413304890614,0.473025
35,1.0,aligned,mi_site,58,0.05361587546611174,0.2958739658940798,0.473025
35,1.0,aligned,mi_site,59,0.011981028183900434,-0.003354607240303557,0.473025
35,1.0,aligned,mi_site,60,0.009501814197475663,0.009389165001007454,0.473025
35,1.0,aligned,mi_site,61,-0.004945211165298946,-0.35066080744896133,0.473025
35,1.0,aligned,mi_site,62,-0.03383953315182309,-0.768581188603287,0.473025
35,1.0,aligned,mi_site,63,0.005077810852581022,0.3333715824804936,0.473025
35,1.0,aligned,mi_site,64,-0.006703054792076064,-0.011741710302514186,0.473025
35,1.0,aligned,mi_site,65,0.0029419296589707766,0.5144578017578176,0.473025
35,1.0,closed,available,0,0.00011260859428174896,0.5379250671111349,0.473025
35,1.0,closed,available,1,-0.004962922912537235,-0.012409638254841784,0.473025
35,1.0,closed,available,2,-0.004572487926301716,-0.5171392451397412,0.473025
35,1.0,closed,available,3,0.016005277877084167,0.4131921443705598,0.473025
35,1.0,closed,available,4,0.018811989435609983,0.007496467768360027,0.473025
35,1.0,closed,available,5,-0.00981077161978779,0.001289137354291103,0.473025
35,1.0,closed,available,6,-0.014831556602115882,-0.0011469620698703897,0.473025
35,1.0,closed,available,7,0.004969181279793819,0.004817680251464561,0.473025
35,1.0,closed,available,8,0.002922845064714517,0.0070187624992831005,0.473025
35,1.0,closed,available,9,-0.0007211465734061617,-0.3244404475688428,0.473025
35,1.0,closed,available,10,0.00495061349511678,0.0010204649843257457,0.473025
35,1.0,closed,available,11,0.0006677288761594404,-0.00508546419426041,0.473025
35,1.0,closed,available,12,0.001486587366521963,-0.8437932229818039,0.473025
35,1.0,closed,available,13,-0.002612424671618485,0.7637339768071998,0.473025
35,1.0,closed,available,14,0.012231191597440516,0.2629306088158411,0.473025
35,1.0,closed,available,15,0.002066878314254561,-0.5624855771449131,0.473025
35,1.0,closed,available,16,-0.010862151831578959,-0.4910552397741625,0.473025
35,1.0,closed,available,17,-0.003958932086621569,-0.3595418313150563,0.473025
35,1.0,closed,available,18,0.0042563451832177916,0.003222390869332341,0.473025
35,1.0,closed,available,19,-0.0005941394555970536,-0.3358821704953195,0.473025
35,1.0,closed,available,20,0.003429346845773118,0.37142267119056005,0.473025
35,1.0,closed,available,21,0.010839319836915651,0.013393913164666437,0.473025
35,1.0,closed,available,22,0.0002923800113981412,-0.3939531033283154,0.473025
35,1.0,closed,available,23,0.015304492900406837,-0.013574625002517072,0.473025
35,1.0,closed,available,24,-0.005729965437845944,-0.008724678713851242,0.473025
35,1.0,closed,available,25,-0.01533430898018667,0.009568568998283143,0.473025
35,1.0,closed,available,26,0.0026791274311858916,-0.00808027500552186,0.473025
35,1.0,closed,available,27,-0.01061132241280116,-0.690793461936801,0.473025
35,1.0,closed,available,28,0.0039022296453478655,-0.4912187186599461,0.473025
35,1.0,closed,available,29,0.0025841285920380833,0.011999190006925526,0.473025
35,1.0,closed,available,30,-0.006521481257656725,-0.6503985312666124,0.473025
35,1.0,closed,available,31,-0.004165661129995946,-0.4316809307172539,0.473025
35,1.0,closed,available,32,0.0022919359938448902,0.24650575562979138,0.473025
35,1.0,closed,available,33,0.004142529893863323,0.568196884137598,0.473025
35,1.0,closed,available,34,0.009045563650478941,-0.0683935513937389,0.473025
35,1.0,closed,available,35,-0.004666138655534429,-0.01216443984721758,0.473025
35,1.0,closed,available,36,-0.00564173293588377,0.5725764150800677,0.473025
35,1.0,closed,available,37,-0.0037304906984286096,0.07819294401252824,0.473025
35,1.0,closed,available,38,0.0038763802530471514,0.20920048816384115,0.473025
35,1.0,closed,available,39,0.005780042365444327,-0.4204390521712156,0.473025
35,1.0,closed,available,40,-0.00661704099478061,-0.38478485241306926,0.473025
35,1.0,closed,available,41,0.006253306878153064,-0.265013802642911,0.473025
35,1.0,closed,available,42,0.01021085228371399,0.5656436157509096,0.473025
35,1.0,closed,available,43,-0.013192350890344776,-0.06982929974364804,0.473025
35,1.0,closed,available,44,-0.0036473400747825124,0.2741982260112675,0.473025
35,1.0,closed,available,45,0.005291898864493597,-0.00877692179380891,0.473025
35,1.0,closed,available,46,0.0028101887156533056,-0.5316552703435812,0.473025
35,1.0,closed,available,47,-0.001254469211081466,0.42000230832046725,0.473025
35,1.0,closed,available,48,-0.02829281309251967,0.0120517594439088,0.473025
35,1.0,closed,available,49,-0.011272302420735736,-0.14340094932338937,0.473025
35,1.0,closed,available,50,0.003660042291309144,0.013518160067573814,0.473025
35,1.0,closed,available,51,-0.01149482384549605,0.01725001777667858,0.473025
35,1.0,closed,available,52,0.0019221668038713613,0.676980195472731,0.473025
35,1.0,closed,available,53,-0.009725063567272235,0.010320457866199223,0.473025
35,1.0,closed,available,54,0.0006152658014378642,-0.15308183695213043,0.473025
35,1.0,closed,available,55,-0.001600484847747996,-0.6739535378273989,0.473025
35,1.0,closed,available,56,0.0022720730617199897,-0.02267057609834203,0.473025
35,1.0,closed,available,57,0.015794867179246063,-0.017859413304890614,0.473025
35,1.0,closed,available,58,0.019330471796025428,0.2958739658940798,0.473025
35,1.0,closed,available,59,0.005730589695054649,-0.003354607240303557,0.473025
35,1.0,closed,available,60,-0.011431088577421158,0.009389165001007454,0.473025
35,1.0,closed,available,61,0.019107795104126413,-0.35066080744896133,0.473025
35,1.0,closed,available,62,0.0022627402840950106,-0.768581188603287,0.473025
35,1.0,closed,available,63,0.008676435060436416,0.3333715824804936,0.473025
35,1.0,closed,available,64,0.012367381865892946,-0.011741710302514186,0.473025
35,1.0,closed,available,65,-0.004528057429658339,0.5144578017578176,0.473025
35,1.0,closed,mi_obs,0,0.03907916061907679,0.5379250671111349,0.473025
35,1.0,closed,mi_obs,1,0.016053685562535242,-0.012409638254841784,0.473025
35,1.0,closed,mi_obs,2,-0.03213340247108454,-0.5171392451397412,0.473025
35,1.0,closed,mi_obs,3,0.05164530209806345,0.4131921443705598,0.473025
35,1.0,closed,mi_obs,4,0.03457419815902462,0.007496467768360027,0.473025
35,1.0,closed,mi_obs,5,-0.010960107854234902,0.001289137354291103,0.473025
35,1.0,closed,mi_obs,6,-0.01699971679999085,-0.0011469620698703897,0.473025
35,1.0,closed,mi_obs,7,-0.004768667167315651,0.004817680251464561,0.473025
35,1.0,closed,mi_obs,8,0.010821784764930184,0.0070187624992831005,0.473025
35,1.0,closed,mi_obs,9,-0.01855438183891739,-0.3244404475688428,0.473025
35,1.0,closed,mi_obs,10,0.013263802815425664,0.0010204649843257457,0.473025
35,1.0,closed,mi_obs,11,-0.005604368657050269,-0.00508546419426041,0.473025
35,1.0,closed,mi_obs,12,-0.015301586136697187,-0.8437932229818039,0.473025
35,1.0,closed,mi_obs,13,0.0331626860737575,0.7637339768071998,0.473025
35,1.0,closed,mi_obs,14,0.05642442877599968,0.2629306088158411,0.473025
35,1.0,closed,mi_obs,15,-0.04507357352076102,-0.5624855771449131,0.473025
35,1.0,closed,mi_obs,16,-0.08955936977007889,-0.4910552397741625,0.473025
35,1.0,closed,mi_obs,17,-0.0530686267875729,-0.3595418313150563,0.473025
35,1.0,closed,mi_obs,18,0.005717934428550101,0.003222390869332341,0.473025
35,1.0,closed,mi_obs,19,-0.005981090690670876,-0.3358821704953195,0.473025
35,1.0,closed,mi_obs,20,-0.0005181418106537938,0.37142267119056005,0.473025
35,1.0,closed,mi_obs,21,-0.011013171643437247,0.013393913164666437,0.473025
35,1.0,closed,mi_obs,22,-1.1222724870862955e-05,-0.3939531033283154,0.473025
35,1.0,closed,mi_obs,23,-0.009145209403458974,-0.013574625002517072,0.473025
35,1.0,closed,mi_obs,24,-0.017558490217154783,-0.008724678713851242,0.473025
35,1.0,closed,mi_obs,25,-0.027413117163730412,0.009568568998283143,0.473025
35,1.0,closed,mi_obs,26,0.012399876092249459,-0.00808027500552186,0.473025
35,1.0,closed,mi_obs,27,-0.04344809021215246,-0.690793461936801,0.473025
35,1.0,closed,mi_obs,28,-0.02321956918640372,-0.4912187186599461,0.473025
35,1.0,closed,mi_obs,29,0.0036921918094176207,0.011999190006925526,0.473025
35,1.0,closed,mi_obs,30,-0.028635185107771077,-0.6503985312666124,0.473025
35,1.0,closed,mi_obs,31,-0.07591008192530113,-0.4316809307172539,0.473025
35,1.0,closed,mi_obs,32,0.024391147278193748,0.24650575562979138,0.473025
35,1.0,closed,mi_obs,33,0.08651068856953803,0.568196884137598,0.473025
35,1.0,closed,mi_obs,34,0.029982881910370428,-0.0683935513937389,0.473025
35,1.0,closed,mi_obs,35,-0.010909795129763908,-0.01216443984721758,0.473025
35,1.0,closed,mi_obs,36,0.03038346864656849,0.5725764150800677,0.473025
35,1.0,closed,mi_obs,37,0.013118435993936084,0.07819294401252824,0.473025
35,1.0,closed,mi_obs,38,0.039078578252901425,0.20920048816384115,0.473025
35,1.0,closed,mi_obs,39,-0.04703616648179065,-0.4204390521712156,0.473025
35,1.0,closed,mi_obs,40,-0.07665098987288727,-0.38478485241306926,0.473025
35,1.0,closed,mi_obs,41,-0.053599596078990674,-0.265013802642911,0.473025
35,1.0,closed,mi_obs,42,0.013810545203078894,0.5656436157509096,0.473025
35,1.0,closed,mi_obs,43,-0.019970284044186437,-0.06982929974364804,0.473025
35,1.0,closed,mi_obs,44,0.0037488006403318397,0.2741982260112675,0.473025
35,1.0,closed,mi_obs,45,-0.06865272269341881,-0.00877692179380891,0.473025
35,1.0,closed,mi_obs,46,-0.032020339609411086,-0.5316552703435812,0.473025
35,1.0,closed,mi_obs,47,-0.11999326226039564,0.42000230832046725,0.473025
35,1.0,closed,mi_obs,48,0.0011353615404804153,0.0120517594439088,0.473025
35,1.0,closed,mi_obs,49,-0.012497095969015187,-0.14340094932338937,0.473025
35,1.0,closed,mi_obs,50,0.018279344438040745,0.013518160067573814,0.473025
35,1.0,closed,mi_obs,51,0.15056213071058067,0.01725001777667858,0.473025
35,1.0,closed,mi_obs,52,0.07787665031779545,0.676980195472731,0.473025
35,1.0,closed,mi_obs,53,0.006088980168444487,0.010320457866199223,0.473025
35,1.0,closed,mi_obs,54,-0.019183093872329693,-0.15308183695213043,0.473025
35,1.0,closed,mi_obs,55,-0.05199348244615498,-0.6739535378273989,0.473025
35,1.0,closed,mi_obs,56,0.08016855965357064,-0.02267057609834203,0.473025
35,1.0,closed,mi_obs,57,0.014678185313000188,-0.017859413304890614,0.473025
35,1.0,closed,mi_obs,58,0.043380114356125155,0.2958739658940798,0.473025
35,1.0,closed,mi_obs,59,-0.022641722640767317,-0.003354607240303557,0.473025
35,1.0,closed,mi_obs,60,0.00048800595035089836,0.009389165001007454,0.473025
35,1.0,closed,mi_obs,61,-0.027030721432563076,-0.35066080744896133,0.473025
35,1.0,closed,mi_obs,62,-0.0693006361506161,-0.768581188603287,0.473025
35,1.0,closed,mi_obs,63,0.007624030920238167,0.3333715824804936,0.473025
35,1.0,closed,mi_obs,64,-0.00434904120935788,-0.011741710302514186,0.473025
35,1.0,closed,mi_obs,65,0.0196452298731693,0.5144578017578176,0.473025
35,1.0,closed,mi_class,0,-0.2999209742638567,0.5379250671111349,0.473025
35,1.0,closed,mi_class,1,0.009635900126173505,-0.012409638254841784,0.473025
35,1.0,closed,mi_class,2,0.4046920624473685,-0.5171392451397412,0.473025
35,1.0,closed,mi_class,3,-0.3185756990143864,0.4131921443705598,0.473025
35,1.0,closed,mi_class,4,0.0037255243539597764,0.007496467768360027,0.473025
35,1.0,closed,mi_class,5,-0.004221511147526781,0.001289137354291103,0.473025
35,1.0,closed,mi_class,6,-0.019759743403651275,-0.0011469620698703897,0.473025
35,1.0,closed,mi_class,7,-0.0064175422561255505,0.004817680251464561,0.473025
35,1.0,closed,mi_class,8,-0.015218985073927318,0.0070187624992831005,0.473025
35,1.0,closed,mi_class,9,0.2524986956201755,-0.3244404475688428,0.473025
35,1.0,closed,mi_class,10,0.04138853656265423,0.0010204649843257457,0.473025
35,1.0,closed,mi_class,11,0.004596790019640433,-0.00508546419426041,0.473025
35,1.0,closed,mi_class,12,0.16664456489691803,-0.8437932229818039,0.473025
35,1.0,closed,mi_class,13,-0.14765806050373143,0.7637339768071998,0.473025
35,1.0,closed,mi_class,14,0.03051570081339361,0.2629306088158411,0.473025
35,1.0,closed,mi_class,15,0.13590430625278743,-0.5624855771449131,0.473025
35,1.0,closed,mi_class,16,0.016928023831797756,-0.4910552397741625,0.473025
35,1.0,closed,mi_class,17,0.0688995114153596,-0.3595418313150563,0.473025
35,1.0,closed,mi_class,18,0.010697917730081247,0.003222390869332341,0.473025
35,1.0,closed,mi_class,19,-0.014231214272335424,-0.3358821704953195,0.473025
35,1.0,closed,mi_class,20,-0.08230653641768365,0.37142267119056005,0.473025
35,1.0,closed,mi_class,21,-0.43952229693066003,0.013393913164666437,0.473025
35,1.0,closed,mi_class,22,0.31902066332862744,-0.3939531033283154,0.473025
35,1.0,closed,mi_class,23,0.015087403496844934,-0.013574625002517072,0.473025
35,1.0,closed,mi_class,24,0.005761904998120507,-0.008724678713851242,0.473025
35,1.0,closed,mi_class,25,-0.0024400933726402988,0.009568568998283143,0.473025
35,1.0,closed,mi_class,26,0.006807166870632187,-0.00808027500552186,0.473025
35,1.0,closed,mi_class,27,0.5190052887658035,-0.690793461936801,0.473025
35,1.0,closed,mi_class,28,0.4699663553461786,-0.4912187186599461,0.473025
35,1.0,closed,mi_class,29,0.30442610163580097,0.011999190006925526,0.473025
35,1.0,closed,mi_class,30,0.1645124022224515,-0.6503985312666124,0.473025
35,1.0,closed,mi_class,31,0.10545876459419662,-0.4316809307172539,0.473025
35,1.0,closed,mi_class,32,-0.060700725239691555,0.24650575562979138,0.473025
35,1.0,closed,mi_class,33,-0.1996845052266139,0.568196884137598,0.473025
35,1.0,closed,mi_class,34,0.01129704324966245,-0.0683935513937389,0.473025
35,1.0,closed,mi_class,35,-0.0019341810834728607,-0.01216443984721758,0.473025
35,1.0,closed,mi_class,36,-0.15455164017676087,0.5725764150800677,0.473025
35,1.0,closed,mi_class,37,-0.43317977946148606,0.07819294401252824,0.473025
35,1.0,closed,mi_class,38,-0.014351305521451335,0.20920048816384115,0.473025
35,1.0,closed,mi_class,39,0.013408745713358261,-0.4204390521712156,0.473025
35,1.0,closed,mi_class,40,0.03793063492227089,-0.38478485241306926,0.473025
35,1.0,closed,mi_class,41,0.024582619742531536,-0.265013802642911,0.473025
35,1.0,closed,mi_class,42,-0.2403014391073396,0.5656436157509096,0.473025
35,1.0,closed,mi_class,43,-0.026999523577161233,-0.06982929974364804,0.473025
35,1.0,closed,mi_class,44,-0.1935306063254802,0.2741982260112675,0.473025
35,1.0,closed,mi_class,45,0.0006529977622049266,-0.00877692179380891,0.473025
35,1.0,closed,mi_class,46,0.0490760805655282,-0.5316552703435812,0.473025
35,1.0,closed,mi_class,47,-0.0410430704201995,0.42000230832046725,0.473025
35,1.0,closed,mi_class,48,-0.0450910066174777,0.0120517594439088,0.473025
35,1.0,closed,mi_class,49,-0.01566217426527891,-0.14340094932338937,0.473025
35,1.0,closed,mi_class,50,0.004134433320135673,0.013518160067573814,0.473025
35,1.0,closed,mi_class,51,-0.008661227824516587,0.01725001777667858,0.473025
35,1.0,closed,mi_class,52,-0.05710621624429735,0.676980195472731,0.473025
35,1.0,closed,mi_class,53,-0.008846126592917638,0.010320457866199223,0.473025
35,1.0,closed,mi_class,54,0.027028923259907855,-0.15308183695213043,0.473025
35,1.0,closed,mi_class,55,0.4674533807130986,-0.6739535378273989,0.473025
35,1.0,closed,mi_class,56,0.03214234516055704,-0.02267057609834203,0.473025
35,1.0,closed,mi_class,57,0.004485836218307315,-0.017859413304890614,0.473025
35,1.0,closed,mi_class,58,-0.0445231563748113,0.2958739658940798,0.473025
35,1.0,closed,mi_class,59,-0.019257446967552452,-0.003354607240303557,0.473025
35,1.0,closed,mi_class,60,-0.11114038163291502,0.009389165001007454,0.473025
35,1.0,closed,mi_class,61,0.030364990749472354,-0.35066080744896133,0.473025
35,1.0,closed,mi_class,62,0.5223491925440917,-0.768581188603287,0.473025
35,1.0,closed,mi_class,63,0.006952994412597224,0.3333715824804936,0.473025
35,1.0,closed,mi_class,64,0.010429543349283466,-0.011741710302514186,0.473025
35,1.0,closed,mi_class,65,-0.37295596671082154,0.5144578017578176,0.473025
35,1.0,closed,mi_site,0,0.03357581098682383,0.5379250671111349,0.473025
35,1.0,closed,mi_site,1,0.0017903266217350507,-0.012409638254841784,0.473025
35,1.0,closed,mi_site,2,-0.03250490373005854,-0.5171392451397412,0.473025
35,1.0,closed,mi_site,3,0.049224892663721154,0.4131921443705598,0.473025
35,1.0,closed,mi_site,4,0.03188196207987869,0.007496467768360027,0.473025
35,1.0,closed,mi_site,5,-0.01204456680903644,0.001289137354291103,0.473025
35,1.0,closed,mi_site,6,-0.02202839929355597,-0.0011469620698703897,0.473025
35,1.0,closed,mi_site,7,0.004395233033754101,0.004817680251464561,0.473025
35,1.0,closed,mi_site,8,-0.0006290047668872714,0.0070187624992831005,0.473025
35,1.0,closed,mi_site,9,-0.019398605119021084,-0.3244404475688428,0.473025
35,1.0,closed,mi_site,10,0.008000915420932453,0.0010204649843257457,0.473025
35,1.0,closed,mi_site,11,-0.0031641276052462542,-0.00508546419426041,0.473025
35,1.0,closed,mi_site,12,-0.00943388163184078,-0.8437932229818039,0.473025
35,1.0,closed,mi_site,13,0.026223847340142492,0.7637339768071998,0.473025
35,1.0,closed,mi_site,14,0.04842485395185708,0.2629306088158411,0.473025
35,1.0,closed,mi_site,15,-0.03994357754382727,-0.5624855771449131,0.473025
35,1.0,closed,mi_site,16,-0.07954595462152064,-0.4910552397741625,0.473025
35,1.0,closed,mi_site,17,-0.05294868744321818,-0.3595418313150563,0.473025
35,1.0,closed,mi_site,18,0.00656936360326219,0.003222390869332341,0.473025
35,1.0,closed,mi_site,19,-0.004879776138426439,-0.3358821704953195,0.473025
35,1.0,closed,mi_site,20,-0.0008001483523241704,0.37142267119056005,0.473025
35,1.0,closed,mi_site,21,-0.005457503237672672,0.013393913164666437,0.473025
35,1.0,closed,mi_site,22,-0.004616596608781609,-0.3939531033283154,0.473025
35,1.0,closed,mi_site,23,-0.006340691766614346,-0.013574625002517072,0.473025
35,1.0,closed,mi_site,24,-0.011213816227342528,-0.008724678713851242,0.473025
35,1.0,closed,mi_site,25,-0.02597102552995069,0.009568568998283143,0.473025
35,1.0,closed,mi_site,26,0.007865842281458818,-0.00808027500552186,0.473025
35,1.0,closed,mi_site,27,-0.01872419836168826,-0.690793461936801,0.473025
35,1.0,closed,mi_site,28,-0.019564641055172916,-0.4912187186599461,0.473025
35,1.0,closed,mi_site,29,-0.002641123155742924,0.011999190006925526,0.473025
35,1.0,closed,mi_site,30,-0.02639110242397924,-0.6503985312666124,0.473025
35,1.0,closed,mi_site,31,-0.055299644585493635,-0.4316809307172539,0.473025
35,1.0,closed,mi_site,32,0.022983471340369988,0.24650575562979138,0.473025
35,1.0,closed,mi_site,33,0.07275838927962297,0.568196884137598,0.473025
35,1.0,closed,mi_site,34,0.03345423834118332,-0.0683935513937389,0.473025
35,1.0,closed,mi_site,35,-0.013172343515202176,-0.01216443984721758,0.473025
35,1.0,closed,mi_site,36,0.025620282456882415,0.5725764150800677,0.473025
35,1.0,closed,mi_site,37,0.00857851282987393,0.07819294401252824,0.473025
35,1.0,closed,mi_site,38,0.03209686246420959,0.20920048816384115,0.473025
35,1.0,closed,mi_site,39,-0.03886063888436808,-0.4204390521712156,0.473025
35,1.0,closed,mi_site,40,-0.06122144565800014,-0.38478485241306926,0.473025
35,1.0,closed,mi_site,41,-0.048760631956595524,-0.265013802642911,0.473025
35,1.0,closed,mi_site,42,0.010721775229300956,0.5656436157509096,0.473025
35,1.0,closed,mi_site,43,-0.013436339049524973,-0.06982929974364804,0.473025
35,1.0,closed,mi_site,44,-6.61428092912919e-06,0.2741982260112675,0.473025
35,1.0,closed,mi_site,45,-0.06217441052675308,-0.00877692179380891,0.473025
35,1.0,closed,mi_site,46,-0.019215535664561356,-0.5316552703435812,0.473025
35,1.0,closed,mi_site,47,-0.11410786037126569,0.42000230832046725,0.473025
35,1.0,closed,mi_site,48,0.006994927208203425,0.0120517594439088,0.473025
35,1.0,closed,mi_site,49,-0.013687690871432373,-0.14340094932338937,0.473025
35,1.0,closed,mi_site,50,0.025543050123591676,0.013518160067573814,0.473025
35,1.0,closed,mi_site,51,0.1284640729650129,0.01725001777667858,0.473025
35,1.0,closed,mi_site,52,0.06779045677939743,0.676980195472731,0.473025
35,1.0,closed,mi_site,53,0.007864776326811955,0.010320457866199223,0.473025
35,1.0,closed,mi_site,54,-0.01409158214488282,-0.15308183695213043,0.473025
35,1.0,closed,mi_site,55,-0.03944628836233277,-0.6739535378273989,0.473025
35,1.0,closed,mi_site,56,0.07761791687182558,-0.02267057609834203,0.473025
35,1.0,closed,mi_site,57,0.014372831061080194,-0.017859413304890614,0.473025
35,1.0,closed,mi_site,58,0.05237997765350377,0.2958739658940798,0.473025
35,1.0,closed,mi_site,59,-0.011350963955291282,-0.003354607240303557,0.473025
35,1.0,closed,mi_site,60,-0.000493665061427867,0.009389165001007454,0.473025
35,1.0,closed,mi_site,61,-0.02277430076671333,-0.35066080744896133,0.473025
35,1.0,closed,mi_site,62,-0.05656926132599904,-0.768581188603287,0.473025
35,1.0,closed,mi_site,63,-0.0003145539964688471,0.3333715824804936,0.473025
35,1.0,closed,mi_site,64,-0.0033511353732623463,-0.011741710302514186,0.473025
35,1.0,closed,mi_site,65,0.018628147280993157,0.5144578017578176,0.473025
35,2.0,aligned,available,0,0.0057034299833914615,0.5265271549457097,0.473025
35,2.0,aligned,available,1,-0.020216767851514512,-0.029410753329687633,0.473025
35,2.0,aligned,available,2,0.014022460641549772,-0.5141794247164357,0.473025
35,2.0,aligned,available,3,0.010145923423514336,0.4115446890965031,0.473025
35,2.0,aligned,available,4,-0.009933802662263368,0.006795370259945655,0.473025
35,2.0,aligned,available,5,-0.01674505996961553,0.016197290918565477,0.473025
35,2.0,aligned,available,6,0.00957202609563013,-0.000721246593424406,0.473025
35,2.0,aligned,available,7,-0.013486071961329796,0.014692842898525597,0.473025
35,2.0,aligned,available,8,0.0149617478212762,0.019254668165433874,0.473025
35,2.0,aligned,available,9,-0.0038945198644076418,-0.31949756004971697,0.473025
35,2.0,aligned,available,10,0.0012584899190297306,-0.008410999633223455,0.473025
35,2.0,aligned,available,11,-0.01181141877385634,-0.01490549320085583,0.473025
35,2.0,aligned,available,12,-0.0033862408155191925,-0.8482475164649818,0.473025
35,2.0,aligned,available,13,0.0030387954920471083,0.7683672343610004,0.473025
35,2.0,aligned,available,14,0.008550190964240256,0.2789878248120762,0.473025
35,2.0,aligned,available,15,0.01390136825913757,-0.567769357994373,0.473025
35,2.0,aligned,available,16,0.0026889210025403676,-0.5054126052233165,0.473025
35,2.0,aligned,available,17,0.01654571799986504,-0.37273809373803035,0.473025
35,2.0,aligned,available,18,0.014999259704880644,0.011112311086734505,0.473025
35,2.0,aligned,available,19,-0.01058206485429769,-0.3288044037644973,0.473025
35,2.0,aligned,available,20,-0.00925460676047235,0.3851250102389866,0.473025
35,2.0,aligned,available,21,0.011709005687152163,0.02386587938748142,0.473025
35,2.0,aligned,available,22,-0.008507381919025114,-0.4145675810616823,0.473025
35,2.0,aligned,available,23,0.007681992388326451,-0.016506280025299195,0.473025
35,2.0,aligned,available,24,0.02625303331818786,-0.010316045060037842,0.473025
35,2.0,aligned,available,25,0.006060135350752276,0.01319383183251191,0.473025
35,2.0,aligned,available,26,0.013536109978927485,-0.011216674805400229,0.473025
35,2.0,aligned,available,27,0.00011838400662500526,-0.7151798408922433,0.473025
35,2.0,aligned,available,28,0.0004884802341524885,-0.5060567850850541,0.473025
35,2.0,aligned,available,29,0.012205265285134782,0.014102826301621263,0.473025
35,2.0,aligned,available,30,0.00741672407244276,-0.6584366600527042,0.473025
35,2.0,aligned,available,31,0.03445885205794197,-0.44596539849565126,0.473025
35,2.0,aligned,available,32,0.040826471711430834,0.2501894013297413,0.473025
35,2.0,aligned,available,33,-0.0343352070334747,0.5847116702125469,0.473025
35,2.0,aligned,available,34,0.022977445336394984,-0.051917740417787746,0.473025
35,2.0,aligned,available,35,0.012998049743857487,-0.020106501505238697,0.473025
35,2.0,aligned,available,36,-0.005035372552331996,0.5627890965285102,0.473025
35,2.0,aligned,available,37,-0.023090455635092072,0.059859447845393765,0.473025
35,2.0,aligned,available,38,0.009005435675204954,0.22285127685987247,0.473025
35,2.0,aligned,available,39,0.011136696766001764,-0.42488805772159716,0.473025
35,2.0,aligned,available,40,-0.005479490724591363,-0.39717238397048127,0.473025
35,2.0,aligned,available,41,0.01307151988493982,-0.27456228595218185,0.473025
35,2.0,aligned,available,42,0.02414407171672628,0.5712243553827129,0.473025
35,2.0,aligned,available,43,-0.002866616867861778,-0.05166079665345594,0.473025
35,2.0,aligned,available,44,-0.01813051959443912,0.28440179886328926,0.473025
35,2.0,aligned,available,45,0.006822642512727425,-0.013013452397037906,0.473025
35,2.0,aligned,available,46,0.00023038874792924435,-0.5512955229276656,0.473025
35,2.0,aligned,available,47,0.00906667971154701,0.40292607247662143,0.473025
35,2.0,aligned,available,48,0.04084684950520552,0.014453171272361068,0.473025
35,2.0,aligned,available,49,-0.000609681862408118,-0.15206666060689888,0.473025
35,2.0,aligned,available,50,-0.008257557273969499,0.016195231541294486,0.473025
35,2.0,aligned,available,51,-0.02260806720333702,0.028504424318762447,0.473025
35,2.0,aligned,available,52,-0.0077488067245121695,0.6941905926082117,0.473025
35,2.0,aligned,available,53,0.0016665695753841983,0.009913604431662981,0.473025
35,2.0,aligned,available,54,-0.01850913282711117,-0.1561851913093211,0.473025
35,2.0,aligned,available,55,0.0041151573637300265,-0.6904060833934069,0.473025
35,2.0,aligned,available,56,-0.007675436744210383,-0.015160603110194263,0.473025
35,2.0,aligned,available,57,-0.03438468724164641,-0.019964995862639036,0.473025
35,2.0,aligned,available,58,-0.011580420363699995,0.30095299162800904,0.473025
35,2.0,aligned,available,59,0.020312618274767207,-0.011708082825498038,0.473025
35,2.0,aligned,available,60,0.022193488152143327,0.010650444131025272,0.473025
35,2.0,aligned,available,61,-0.006267474767506609,-0.34453902504840755,0.473025
35,2.0,aligned,available,62,0.006338986039153616,-0.778355086553076,0.473025
35,2.0,aligned,available,63,-0.01559313661898698,0.3565601048450658,0.473025
35,2.0,aligned,available,64,-0.016113798778871438,-0.012388113440471148,0.473025
35,2.0,aligned,available,65,0.0019418629720048264,0.5009164192797766,0.473025
35,2.0,aligned,mi_obs,0,0.03373122010860352,0.5265271549457097,0.473025
35,2.0,aligned,mi_obs,1,-0.028226364739271485,-0.029410753329687633,0.473025
35,2.0,aligned,mi_obs,2,-0.0532972727286799,-0.5141794247164357,0.473025
35,2.0,aligned,mi_obs,3,0.05592647829306768,0.4115446890965031,0.473025
35,2.0,aligned,mi_obs,4,-0.00437921924753982,0.006795370259945655,0.473025
35,2.0,aligned,mi_obs,5,-0.020792317300169724,0.016197290918565477,0.473025
35,2.0,aligned,mi_obs,6,-0.006471336364227564,-0.000721246593424406,0.473025
35,2.0,aligned,mi_obs,7,-0.003749708503623616,0.014692842898525597,0.473025
35,2.0,aligned,mi_obs,8,-0.027740186989726207,0.019254668165433874,0.473025
35,2.0,aligned,mi_obs,9,-0.021176735658188228,-0.31949756004971697,0.473025
35,2.0,aligned,mi_obs,10,0.0012449832019323231,-0.008410999633223455,0.473025
35,2.0,aligned,mi_obs,11,-0.0038297357917540208,-0.01490549320085583,0.473025
35,2.0,aligned,mi_obs,12,-0.020260055299751834,-0.8482475164649818,0.473025
35,2.0,aligned,mi_obs,13,0.032239078291233736,0.7683672343610004,0.473025
35,2.0,aligned,mi_obs,14,0.04705517375068008,0.2789878248120762,0.473025
35,2.0,aligned,mi_obs,15,-0.050872282693974924,-0.567769357994373,0.473025
35,2.0,aligned,mi_obs,16,-0.06340226680373195,-0.5054126052233165,0.473025
35,2.0,aligned,mi_obs,17,-0.059048320667048904,-0.37273809373803035,0.473025
35,2.0,aligned,mi_obs,18,0.004985961597699481,0.011112311086734505,0.473025
35,2.0,aligned,mi_obs,19,-0.013191047336647554,-0.3288044037644973,0.473025
35,2.0,aligned,mi_obs,20,-0.011049674088344119,0.3851250102389866,0.473025
35,2.0,aligned,mi_obs,21,-0.005710414569344166,0.02386587938748142,0.473025
35,2.0,aligned,mi_obs,22,0.008334551421560421,-0.4145675810616823,0.473025
35,2.0,aligned,mi_obs,23,0.006366635327256403,-0.016506280025299195,0.473025
35,2.0,aligned,mi_obs,24,0.010152243753664589,-0.010316045060037842,0.473025
35,2.0,aligned,mi_obs,25,-0.0023212817943836124,0.01319383183251191,0.473025
35,2.0,aligned,mi_obs,26,0.01453647100030295,-0.011216674805400229,0.473025
35,2.0,aligned,mi_obs,27,-0.03671767896263489,-0.7151798408922433,0.473025
35,2.0,aligned,mi_obs,28,-0.021183770609411456,-0.5060567850850541,0.473025
35,2.0,aligned,mi_obs,29,0.001733037272602907,0.014102826301621263,0.473025
35,2.0,aligned,mi_obs,30,-0.037569723899218865,-0.6584366600527042,0.473025
35,2.0,aligned,mi_obs,31,-0.062107612261202705,-0.44596539849565126,0.473025
35,2.0,aligned,mi_obs,32,0.035369957283056475,0.2501894013297413,0.473025
35,2.0,aligned,mi_obs,33,0.09367392750950476,0.5847116702125469,0.473025
35,2.0,aligned,mi_obs,34,0.0610675817849605,-0.051917740417787746,0.473025
35,2.0,aligned,mi_obs,35,-0.014531224943546653,-0.020106501505238697,0.473025
35,2.0,aligned,mi_obs,36,0.031227596820440184,0.5627890965285102,0.473025
35,2.0,aligned,mi_obs,37,0.018430285724518478,0.059859447845393765,0.473025
35,2.0,aligned,mi_obs,38,0.03453457145966218,0.22285127685987247,0.473025
35,2.0,aligned,mi_obs,39,-0.04576301516318554,-0.42488805772159716,0.473025
35,2.0,aligned,mi_obs,40,-0.051927018782491896,-0.39717238397048127,0.473025
35,2.0,aligned,mi_obs,41,-0.044216668395298975,-0.27456228595218185,0.473025
35,2.0,aligned,mi_obs,42,0.009891889220681627,0.5712243553827129,0.473025
35,2.0,aligned,mi_obs,43,-0.03089372278932831,-0.05166079665345594,0.473025
35,2.0,aligned,mi_obs,44,-0.005531662953133898,0.28440179886328926,0.473025
35,2.0,aligned,mi_obs,45,-0.07108175937678336,-0.013013452397037906,0.473025
35,2.0,aligned,mi_obs,46,-0.04953044178895938,-0.5512955229276656,0.473025
35,2.0,aligned,mi_obs,47,-0.12836403393108498,0.40292607247662143,0.473025
35,2.0,aligned,mi_obs,48,0.008152143340619821,0.014453171272361068,0.473025
35,2.0,aligned,mi_obs,49,-0.019963132360691915,-0.15206666060689888,0.473025
35,2.0,aligned,mi_obs,50,0.00403678635771168,0.016195231541294486,0.473025
35,2.0,aligned,mi_obs,51,0.11670082699611621,0.028504424318762447,0.473025
35,2.0,aligned,mi_obs,52,0.07673881834990304,0.6941905926082117,0.473025
35,2.0,aligned,mi_obs,53,0.009095148548467385,0.009913604431662981,0.473025
35,2.0,aligned,mi_obs,54,-0.009478093079864858,-0.1561851913093211,0.473025
35,2.0,aligned,mi_obs,55,-0.043387121788069694,-0.6904060833934069,0.473025
35,2.0,aligned,mi_obs,56,0.06247535678593486,-0.015160603110194263,0.473025
35,2.0,aligned,mi_obs,57,0.006846253910165046,-0.019964995862639036,0.473025
35,2.0,aligned,mi_obs,58,0.060741763156713424,0.30095299162800904,0.473025
35,2.0,aligned,mi_obs,59,0.025458107802620332,-0.011708082825498038,0.473025
35,2.0,aligned,mi_obs,60,0.02926050560392299,0.010650444131025272,0.473025
35,2.0,aligned,mi_obs,61,-0.010072847752181369,-0.34453902504840755,0.473025
35,2.0,aligned,mi_obs,62,-0.05960748344596367,-0.778355086553076,0.473025
35,2.0,aligned,mi_obs,63,-0.014072891183741665,0.3565601048450658,0.473025
35,2.0,aligned,mi_obs,64,-0.018503709944174596,-0.012388113440471148,0.473025
35,2.0,aligned,mi_obs,65,0.025293231972160712,0.5009164192797766,0.473025
35,2.0,aligned,mi_class,0,0.016332175025506657,0.5265271549457097,0.473025
35,2.0,aligned,mi_class,1,0.02386446877275431,-0.029410753329687633,0.473025
35,2.0,aligned,mi_class,2,0.03898775933818949,-0.5141794247164357,0.473025
35,2.0,aligned,mi_class,3,-0.0984804406324783,0.4115446890965031,0.473025
35,2.0,aligned,mi_class,4,-0.01807703366114411,0.006795370259945655,0.473025
35,2.0,aligned,mi_class,5,-0.01509030875170601,0.016197290918565477,0.473025
35,2.0,aligned,mi_class,6,-0.003062753437598964,-0.000721246593424406,0.473025
35,2.0,aligned,mi_class,7,0.002859262032812478,0.014692842898525597,0.473025
35,2.0,aligned,mi_class,8,0.018452977486382176,0.019254668165433874,0.473025
35,2.0,aligned,mi_class,9,0.03021669447026787,-0.31949756004971697,0.473025
35,2.0,aligned,mi_class,10,6.099364057357559e-05,-0.008410999633223455,0.473025
35,2.0,aligned,mi_class,11,0.019305917092274406,-0.01490549320085583,0.473025
35,2.0,aligned,mi_class,12,0.07524118809619496,-0.8482475164649818,0.473025
35,2.0,aligned,mi_class,13,-0.1744915339594243,0.7683672343610004,0.473025
35,2.0,aligned,mi_class,14,0.01931826293631339,0.2789878248120762,0.473025
35,2.0,aligned,mi_class,15,0.13710610499397385,-0.567769357994373,0.473025
35,2.0,aligned,mi_class,16,0.14684164406365824,-0.5054126052233165,0.473025
35,2.0,aligned,mi_class,17,0.08020041838899894,-0.37273809373803035,0.473025
35,2.0,aligned,mi_class,18,-0.0033772951578716712,0.011112311086734505,0.473025
35,2.0,aligned,mi_class,19,-0.020889857735069517,-0.3288044037644973,0.473025
35,2.0,aligned,mi_class,20,0.005992093133610377,0.3851250102389866,0.473025
35,2.0,aligned,mi_class,21,-0.06368657312806889,0.02386587938748142,0.473025
35,2.0,aligned,mi_class,22,0.23162779842694603,-0.4145675810616823,0.473025
35,2.0,aligned,mi_class,23,0.005974630419931078,-0.016506280025299195,0.473025
35,2.0,aligned,mi_class,24,0.014165749913588009,-0.010316045060037842,0.473025
35,2.0,aligned,mi_class,25,0.001530657537893658,0.01319383183251191,0.473025
35,2.0,aligned,mi_class,26,0.007239845168260757,-0.011216674805400229,0.473025
35,2.0,aligned,mi_class,27,0.5408949643834298,-0.7151798408922433,0.473025
35,2.0,aligned,mi_class,28,0.32600604254946475,-0.5060567850850541,0.473025
35,2.0,aligned,mi_class,29,0.18333513101851795,0.014102826301621263,0.473025
35,2.0,aligned,mi_class,30,0.08023727599516972,-0.6584366600527042,0.473025
35,2.0,aligned,mi_class,31,0.09732160195607725,-0.44596539849565126,0.473025
35,2.0,aligned,mi_class,32,-0.0304385180042889,0.2501894013297413,0.473025
35,2.0,aligned,mi_class,33,-0.14835844334145643,0.5847116702125469,0.473025
35,2.0,aligned,mi_class,34,0.015397139888779027,-0.051917740417787746,0.473025
35,2.0,aligned,mi_class,35,0.017662196722722165,-0.020106501505238697,0.473025
35,2.0,aligned,mi_class,36,-0.03304324900378186,0.5627890965285102,0.473025
35,2.0,aligned,mi_class,37,-0.06957819329467947,0.059859447845393765,0.473025
35,2.0,aligned,mi_class,38,-0.023678299519646284,0.22285127685987247,0.473025
35,2.0,aligned,mi_class,39,0.008557790307455793,-0.42488805772159716,0.473025
35,2.0,aligned,mi_class,40,0.04730999494447796,-0.39717238397048127,0.473025
35,2.0,aligned,mi_class,41,0.020182682921186912,-0.27456228595218185,0.473025
35,2.0,aligned,mi_class,42,-0.35840631758348196,0.5712243553827129,0.473025
35,2.0,aligned,mi_class,43,0.008958312980234862,-0.05166079665345594,0.473025
35,2.0,aligned,mi_class,44,-0.09368193965687444,0.28440179886328926,0.473025
35,2.0,aligned,mi_class,45,0.0030020181092077908,-0.013013452397037906,0.473025
35,2.0,aligned,mi_class,46,0.14207303015299,-0.5512955229276656,0.473025
35,2.0,aligned,mi_class,47,-0.1440989377635577,0.40292607247662143,0.473025
35,2.0,aligned,mi_class,48,0.05565930859502535,0.014453171272361068,0.473025
35,2.0,aligned,mi_class,49,0.07709010133863492,-0.15206666060689888,0.473025
35,2.0,aligned,mi_class,50,0.13751089399842167,0.016195231541294486,0.473025
35,2.0,aligned,mi_class,51,-0.01644725479933319,0.028504424318762447,0.473025
35,2.0,aligned,mi_class,52,-0.03057775873472368,0.6941905926082117,0.473025
35,2.0,aligned,mi_class,53,-0.004551938709794173,0.009913604431662981,0.473025
35,2.0,aligned,mi_class,54,0.028951823544661276,-0.1561851913093211,0.473025
35,2.0,aligned,mi_class,55,0.18596567679758425,-0.6904060833934069,0.473025
35,2.0,aligned,mi_class,56,0.0023745324270453318,-0.015160603110194263,0.473025
35,2.0,aligned,mi_class,57,0.0033839096156196187,-0.019964995862639036,0.473025
35,2.0,aligned,mi_class,58,-0.1042434699505661,0.30095299162800904,0.473025
35,2.0,aligned,mi_class,59,-0.004920319359605565,-0.011708082825498038,0.473025
35,2.0,aligned,mi_class,60,0.06097922996670488,0.010650444131025272,0.473025
35,2.0,aligned,mi_class,61,0.04556041517636872,-0.34453902504840755,0.473025
35,2.0,aligned,mi_class,62,0.18577607158814557,-0.778355086553076,0.473025
35,2.0,aligned,mi_class,63,-0.37956016407935766,0.3565601048450658,0.473025
35,2.0,aligned,mi_class,64,0.0016370237561742374,-0.012388113440471148,0.473025
35,2.0,aligned,mi_class,65,-0.03039754707393172,0.5009164192797766,0.473025
35,2.0,aligned,mi_site,0,-0.0119297221714868,0.5265271549457097,0.473025
35,2.0,aligned,mi_site,1,-0.024742381813722517,-0.029410753329687633,0.473025
35,2.0,aligned,mi_site,2,0.11153998661273723,-0.5141794247164357,0.473025
35,2.0,aligned,mi_site,3,-0.005211779093992008,0.4115446890965031,0.473025
35,2.0,aligned,mi_site,4,-0.0013771360307643504,0.006795370259945655,0.473025
35,2.0,aligned,mi_site,5,-0.029379532008456017,0.016197290918565477,0.473025
35,2.0,aligned,mi_site,6,-0.01349529521392228,-0.000721246593424406,0.473025
35,2.0,aligned,mi_site,7,-0.014836399442488027,0.014692842898525597,0.473025
35,2.0,aligned,mi_site,8,-0.012501237810746248,0.019254668165433874,0.473025
35,2.0,aligned,mi_site,9,0.008819696610729344,-0.31949756004971697,0.473025
35,2.0,aligned,mi_site,10,0.004952794359133084,-0.008410999633223455,0.473025
35,2.0,aligned,mi_site,11,-0.01044677871800951,-0.01490549320085583,0.473025
35,2.0,aligned,mi_site,12,0.16830206719132312,-0.8482475164649818,0.473025
35,2.0,aligned,mi_site,13,-0.03007638623535025,0.7683672343610004,0.473025
35,2.0,aligned,mi_site,14,0.033630339838668255,0.2789878248120762,0.473025
35,2.0,aligned,mi_site,15,-0.01671305373279186,-0.567769357994373,0.473025
35,2.0,aligned,mi_site,16,-0.03887040243751039,-0.5054126052233165,0.473025
35,2.0,aligned,mi_site,17,-0.033304208166678784,-0.37273809373803035,0.473025
35,2.0,aligned,mi_site,18,0.009072077664179605,0.011112311086734505,0.473025
35,2.0,aligned,mi_site,19,-0.0021776304770764754,-0.3288044037644973,0.473025
35,2.0,aligned,mi_site,20,-0.021176185805120762,0.3851250102389866,0.473025
35,2.0,aligned,mi_site,21,0.015217899407523536,0.02386587938748142,0.473025
35,2.0,aligned,mi_site,22,0.05318383628465734,-0.4145675810616823,0.473025
35,2.0,aligned,mi_site,23,0.01887887936974383,-0.016506280025299195,0.473025
35,2.0,aligned,mi_site,24,0.015277138247842418,-0.010316045060037842,0.473025
35,2.0,aligned,mi_site,25,-0.010839751056558003,0.01319383183251191,0.473025
35,2.0,aligned,mi_site,26,0.024385747955489895,-0.011216674805400229,0.473025
35,2.0,aligned,mi_site,27,-0.019165961750425176,-0.7151798408922433,0.473025
35,2.0,aligned,mi_site,28,0.012884732387625941,-0.5060567850850541,0.473025
35,2.0,aligned,mi_site,29,0.0047227586938489875,0.014102826301621263,0.473025
35,2.0,aligned,mi_site,30,0.08794346749080362,-0.6584366600527042,0.473025
35,2.0,aligned,mi_site,31,0.0431185420606115,-0.44596539849565126,0.473025
35,2.0,aligned,mi_site,32,0.010364303177196554,0.2501894013297413,0.473025
35,2.0,aligned,mi_site,33,-0.040851342682219016,0.5847116702125469,0.473025
35,2.0,aligned,mi_site,34,0.07578817542218372,-0.051917740417787746,0.473025
35,2.0,aligned,mi_site,35,-0.013142562203982723,-0.020106501505238697,0.473025
35,2.0,aligned,mi_site,36,-0.1169904955225442,0.5627890965285102,0.473025
35,2.0,aligned,mi_site,37,-0.04595125358352619,0.059859447845393765,0.473025
35,2.0,aligned,mi_site,38,0.03175213242719341,0.22285127685987247,0.473025
35,2.0,aligned,mi_site,39,-0.047166412701797,-0.42488805772159716,0.473025
35,2.0,aligned,mi_site,40,-0.0436826297742971,-0.39717238397048127,0.473025
35,2.0,aligned,mi_site,41,-0.044549833182950915,-0.27456228595218185,0.473025
35,2.0,aligned,mi_site,42,-0.03832332182208664,0.5712243553827129,0.473025
35,2.0,aligned,mi_site,43,-0.03345840885434699,-0.05166079665345594,0.473025
35,2.0,aligned,mi_site,44,-0.006989306253727734,0.28440179886328926,0.473025
35,2.0,aligned,mi_site,45,-0.06749913481710422,-0.013013452397037906,0.473025
35,2.0,aligned,mi_site,46,-0.020049944492727234,-0.5512955229276656,0.473025
35,2.0,aligned,mi_site,47,-0.11675567328627218,0.40292607247662143,0.473025
35,2.0,aligned,mi_site,48,0.0031398422374079304,0.014453171272361068,0.473025
35,2.0,aligned,mi_site,49,-0.01103761909912851,-0.15206666060689888,0.473025
35,2.0,aligned,mi_site,50,0.02010095819296564,0.016195231541294486,0.473025
35,2.0,aligned,mi_site,51,0.10025487787586261,0.028504424318762447,0.473025
35,2.0,aligned,mi_site,52,0.06355550454576642,0.6941905926082117,0.473025
35,2.0,aligned,mi_site,53,-0.004071445521401113,0.009913604431662981,0.473025
35,2.0,aligned,mi_site,54,0.004617248294969956,-0.1561851913093211,0.473025
35,2.0,aligned,mi_site,55,-0.01647456291964522,-0.6904060833934069,0.473025
35,2.0,aligned,mi_site,56,0.04778702738289911,-0.015160603110194263,0.473025
35,2.0,aligned,mi_site,57,0.0012975126293851488,-0.019964995862639036,0.473025
35,2.0,aligned,mi_site,58,0.05549630228146568,0.30095299162800904,0.473025
35,2.0,aligned,mi_site,59,0.011597746443769772,-0.011708082825498038,0.473025
35,2.0,aligned,mi_site,60,0.0036953568291061487,0.010650444131025272,0.473025
35,2.0,aligned,mi_site,61,-0.0003926856719709826,-0.34453902504840755,0.473025
35,2.0,aligned,mi_site,62,-0.029518268308988738,-0.778355086553076,0.473025
35,2.0,aligned,mi_site,63,0.007075911838477722,0.3565601048450658,0.473025
35,2.0,aligned,mi_site,64,-0.00817129168018646,-0.012388113440471148,0.473025
35,2.0,aligned,mi_site,65,-0.0015443527662887813,0.5009164192797766,0.473025
35,2.0,closed,available,0,-0.006118821950747311,0.5265271549457097,0.473025
35,2.0,closed,available,1,0.004766732854847643,-0.029410753329687633,0.473025
35,2.0,closed,available,2,-0.007017165419442972,-0.5141794247164357,0.473025
35,2.0,closed,available,3,-0.0078041384092849,0.4115446890965031,0.473025
35,2.0,closed,available,4,-0.0002801130814235721,0.006795370259945655,0.473025
35,2.0,closed,available,5,0.002400534452331911,0.016197290918565477,0.473025
35,2.0,closed,available,6,-0.005972950885353612,-0.000721246593424406,0.473025
35,2.0,closed,available,7,-0.0032412080468297716,0.014692842898525597,0.473025
35,2.0,closed,available,8,0.0020381893939000056,0.019254668165433874,0.473025
35,2.0,closed,available,9,0.0009124330471376174,-0.31949756004971697,0.473025
35,2.0,closed,available,10,0.002446130133126034,-0.008410999633223455,0.473025
35,2.0,closed,available,11,-0.0018731858602016975,-0.01490549320085583,0.473025
35,2.0,closed,available,12,-0.003683459993296667,-0.8482475164649818,0.473025
35,2.0,closed,available,13,-0.004142873032037198,0.7683672343610004,0.473025
35,2.0,closed,available,14,-0.005359272080158961,0.2789878248120762,0.473025
35,2.0,closed,available,15,-0.0021686861211555053,-0.567769357994373,0.473025
35,2.0,closed,available,16,-0.008437202935446253,-0.5054126052233165,0.473025
35,2.0,closed,available,17,-0.005984095542414192,-0.37273809373803035,0.473025
35,2.0,closed,available,18,0.01361050125493768,0.011112311086734505,0.473025
35,2.0,closed,available,19,0.006294540064720799,-0.3288044037644973,0.473025
35,2.0,closed,available,20,0.002054708242307357,0.3851250102389866,0.473025
35,2.0,closed,available,21,-0.006013403349865196,0.02386587938748142,0.473025
35,2.0,closed,available,22,0.015772377621395106,-0.4145675810616823,0.473025
35,2.0,closed,available,23,0.0008576248178152474,-0.016506280025299195,0.473025
35,2.0,closed,available,24,-0.009085343366836814,-0.010316045060037842,0.473025
35,2.0,closed,available,25,0.00967268679399385,0.01319383183251191,0.473025
35,2.0,closed,available,26,-0.0057199083657581,-0.011216674805400229,0.473025
35,2.0,closed,available,27,-0.0006543656227727679,-0.7151798408922433,0.473025
35,2.0,closed,available,28,-0.014512089954472285,-0.5060567850850541,0.473025
35,2.0,closed,available,29,0.000463376780397623,0.014102826301621263,0.473025
35,2.0,closed,available,30,-0.0031793934265421653,-0.6584366600527042,0.473025
35,2.0,closed,available,31,-0.00862679370475089,-0.44596539849565126,0.473025
35,2.0,closed,available,32,-0.013708241517215641,0.2501894013297413,0.473025
35,2.0,closed,available,33,0.010515570063218904,0.5847116702125469,0.473025
35,2.0,closed,available,34,-0.020322248197940367,-0.051917740417787746,0.473025
35,2.0,closed,available,35,-0.04323626793120999,-0.020106501505238697,0.473025
35,2.0,closed,available,36,-0.010441613289845386,0.5627890965285102,0.473025
35,2.0,closed,available,37,-0.0020030113626101145,0.059859447845393765,0.473025
35,2.0,closed,available,38,-0.010167250064273742,0.22285127685987247,0.473025
35,2.0,closed,available,39,-0.0010027256079445657,-0.42488805772159716,0.473025
35,2.0,closed,available,40,0.0022446609533589568,-0.39717238397048127,0.473025
35,2.0,closed,available,41,-0.008952078912113026,-0.27456228595218185,0.473025
35,2.0,closed,available,42,-0.009313705495766045,0.5712243553827129,0.473025
35,2.0,closed,available,43,0.006620094587066194,-0.05166079665345594,0.473025
35,2.0,closed,available,44,0.004702413100848901,0.28440179886328926,0.473025
35,2.0,closed,available,45,-0.0025654870652967576,-0.013013452397037906,0.473025
35,2.0,closed,available,46,0.0053268437340623365,-0.5512955229276656,0.473025
35,2.0,closed,available,47,-0.00121568311549336,0.40292607247662143,0.473025
35,2.0,closed,available,48,-0.004579407003908919,0.014453171272361068,0.473025
35,2.0,closed,available,49,0.014092891863539042,-0.15206666060689888,0.473025
35,2.0,closed,available,50,0.0030361627896311333,0.016195231541294486,0.473025
35,2.0,closed,available,51,0.004585579073504313,0.028504424318762447,0.473025
35,2.0,closed,available,52,-0.0027720527511467807,0.6941905926082117,0.473025
35,2.0,closed,available,53,0.00565649986348025,0.009913604431662981,0.473025
35,2.0,closed,available,54,0.003334242863696213,-0.1561851913093211,0.473025
35,2.0,closed,available,55,0.0015010674659423628,-0.6904060833934069,0.473025
35,2.0,closed,available,56,0.005118724121600748,-0.015160603110194263,0.473025
35,2.0,closed,available,57,-0.009027291324706168,-0.019964995862639036,0.473025
35,2.0,closed,available,58,-0.01808007343681911,0.30095299162800904,0.473025
35,2.0,closed,available,59,-0.01181887330416253,-0.011708082825498038,0.473025
35,2.0,closed,available,60,-0.021280452928471156,0.010650444131025272,0.473025
35,2.0,closed,available,61,0.007184515691457949,-0.34453902504840755,0.473025
35,2.0,closed,available,62,0.0007579772738992574,-0.778355086553076,0.473025
35,2.0,closed,available,63,0.00987081303477827,0.3565601048450658,0.473025
35,2.0,closed,available,64,0.015134229172529937,-0.012388113440471148,0.473025
35,2.0,closed,available,65,-0.0009593220517961631,0.5009164192797766,0.473025
35,2.0,closed,mi_obs,0,0.03471882800287751,0.5265271549457097,0.473025
35,2.0,closed,mi_obs,1,0.009434816261856112,-0.029410753329687633,0.473025
35,2.0,closed,mi_obs,2,-0.018853617333461248,-0.5141794247164357,0.473025
35,2.0,closed,mi_obs,3,0.04244566922124682,0.4115446890965031,0.473025
35,2.0,closed,mi_obs,4,0.017787116893795883,0.006795370259945655,0.473025
35,2.0,closed,mi_obs,5,-0.014278021082435206,0.016197290918565477,0.473025
35,2.0,closed,mi_obs,6,-0.004444394835844622,-0.000721246593424406,0.473025
35,2.0,closed,mi_obs,7,-0.014857873028938604,0.014692842898525597,0.473025
35,2.0,closed,mi_obs,8,0.013868112740707098,0.019254668165433874,0.473025
35,2.0,closed,mi_obs,9,-0.015216418673642096,-0.31949756004971697,0.473025
35,2.0,closed,mi_obs,10,0.006232769017028602,-0.008410999633223455,0.473025
35,2.0,closed,mi_obs,11,-0.001994309687644826,-0.01490549320085583,0.473025
35,2.0,closed,mi_obs,12,-0.011146141876432702,-0.8482475164649818,0.473025
35,2.0,closed,mi_obs,13,0.0319298948414124,0.7683672343610004,0.473025
35,2.0,closed,mi_obs,14,0.05527316578283509,0.2789878248120762,0.473025
35,2.0,closed,mi_obs,15,-0.04931511641311914,-0.567769357994373,0.473025
35,2.0,closed,mi_obs,16,-0.0922987885427844,-0.5054126052233165,0.473025
35,2.0,closed,mi_obs,17,-0.057083114244951216,-0.37273809373803035,0.473025
35,2.0,closed,mi_obs,18,0.011618272344391684,0.011112311086734505,0.473025
35,2.0,closed,mi_obs,19,-0.001767264038140759,-0.3288044037644973,0.473025
35,2.0,closed,mi_obs,20,-0.0033886307651064262,0.3851250102389866,0.473025
35,2.0,closed,mi_obs,21,0.003545450122467632,0.02386587938748142,0.473025
35,2.0,closed,mi_obs,22,0.013024492039231284,-0.4145675810616823,0.473025
35,2.0,closed,mi_obs,23,0.0070842653751302855,-0.016506280025299195,0.473025
35,2.0,closed,mi_obs,24,-0.017185072488493738,-0.010316045060037842,0.473025
35,2.0,closed,mi_obs,25,0.0036483627485521322,0.01319383183251191,0.473025
35,2.0,closed,mi_obs,26,0.0005468553547872141,-0.011216674805400229,0.473025
35,2.0,closed,mi_obs,27,-0.030833625194321646,-0.7151798408922433,0.473025
35,2.0,closed,mi_obs,28,-0.0146807515284052,-0.5060567850850541,0.473025
35,2.0,closed,mi_obs,29,0.010932493402890068,0.014102826301621263,0.473025
35,2.0,closed,mi_obs,30,-0.026232690475182507,-0.6584366600527042,0.473025
35,2.0,closed,mi_obs,31,-0.04979112328885499,-0.44596539849565126,0.473025
35,2.0,closed,mi_obs,32,0.032486276155991645,0.2501894013297413,0.473025
35,2.0,closed,mi_obs,33,0.07491155276689654,0.5847116702125469,0.473025
35,2.0,closed,mi_obs,34,0.046426285193083575,-0.051917740417787746,0.473025
35,2.0,closed,mi_obs,35,-0.014827578173048736,-0.020106501505238697,0.473025
35,2.0,closed,mi_obs,36,0.02852719679859861,0.5627890965285102,0.473025
35,2.0,closed,mi_obs,37,0.027024395129746817,0.059859447845393765,0.473025
35,2.0,closed,mi_obs,38,0.038630335030999746,0.22285127685987247,0.473025
35,2.0,closed,mi_obs,39,-0.05570948913139151,-0.42488805772159716,0.473025
35,2.0,closed,mi_obs,40,-0.08495576728448034,-0.39717238397048127,0.473025
35,2.0,closed,mi_obs,41,-0.05992845758475385,-0.27456228595218185,0.473025
35,2.0,closed,mi_obs,42,0.01493831029482473,0.5712243553827129,0.473025
35,2.0,closed,mi_obs,43,-0.01710901223952782,-0.05166079665345594,0.473025
35,2.0,closed,mi_obs,44,0.004356128311481411,0.28440179886328926,0.473025
35,2.0,closed,mi_obs,45,-0.08102923083968815,-0.013013452397037906,0.473025
35,2.0,closed,mi_obs,46,-0.026335594938494578,-0.5512955229276656,0.473025
35,2.0,closed,mi_obs,47,-0.13555965045100465,0.40292607247662143,0.473025
35,2.0,closed,mi_obs,48,0.0033268219394563883,0.014453171272361068,0.473025
35,2.0,closed,mi_obs,49,0.003659443647724442,-0.15206666060689888,0.473025
35,2.0,closed,mi_obs,50,0.024907907750021406,0.016195231541294486,0.473025
35,2.0,closed,mi_obs,51,0.1713300850461243,0.028504424318762447,0.473025
35,2.0,closed,mi_obs,52,0.07251285447600353,0.6941905926082117,0.473025
35,2.0,closed,mi_obs,53,0.00040275059767795086,0.009913604431662981,0.473025
35,2.0,closed,mi_obs,54,-0.008786141117339413,-0.1561851913093211,0.473025
35,2.0,closed,mi_obs,55,-0.043398383625324666,-0.6904060833934069,0.473025
35,2.0,closed,mi_obs,56,0.10001206390411968,-0.015160603110194263,0.473025
35,2.0,closed,mi_obs,57,0.004313722276950729,-0.019964995862639036,0.473025
35,2.0,closed,mi_obs,58,0.016998594942191636,0.30095299162800904,0.473025
35,2.0,closed,mi_obs,59,-0.038560533819609034,-0.011708082825498038,0.473025
35,2.0,closed,mi_obs,60,-0.00727115892401682,0.010650444131025272,0.473025
35,2.0,closed,mi_obs,61,-0.024426208930403426,-0.34453902504840755,0.473025
35,2.0,closed,mi_obs,62,-0.0697204473073757,-0.778355086553076,0.473025
35,2.0,closed,mi_obs,63,0.0023003004564303153,0.3565601048450658,0.473025
35,2.0,closed,mi_obs,64,0.010947187793245092,-0.012388113440471148,0.473025
35,2.0,closed,mi_obs,65,0.030308554698634915,0.5009164192797766,0.473025
35,2.0,closed,mi_class,0,-0.3331338246073843,0.5265271549457097,0.473025
35,2.0,closed,mi_class,1,0.028287441401313652,-0.029410753329687633,0.473025
35,2.0,closed,mi_class,2,0.435988664549531,-0.5141794247164357,0.473025
35,2.0,closed,mi_class,3,-0.3249543149810807,0.4115446890965031,0.473025
35,2.0,closed,mi_class,4,-0.0008697486649548022,0.006795370259945655,0.473025
35,2.0,closed,mi_class,5,-0.01493276299319142,0.016197290918565477,0.473025
35,2.0,closed,mi_class,6,0.00417699621262044,-0.000721246593424406,0.473025
35,2.0,closed,mi_class,7,-0.008100761783090148,0.014692842898525597,0.473025
35,2.0,closed,mi_class,8,-0.011456508483699689,0.019254668165433874,0.473025
35,2.0,closed,mi_class,9,0.24062632714919144,-0.31949756004971697,0.473025
35,2.0,closed,mi_class,10,0.0024299243999125744,-0.008410999633223455,0.473025
35,2.0,closed,mi_class,11,0.01433835627580211,-0.01490549320085583,0.473025
35,2.0,closed,mi_class,12,0.27591483101097836,-0.8482475164649818,0.473025
35,2.0,closed,mi_class,13,-0.13685720712662852,0.7683672343610004,0.473025
35,2.0,closed,mi_class,14,0.008132473252148109,0.2789878248120762,0.473025
35,2.0,closed,mi_class,15,0.12947694430904005,-0.567769357994373,0.473025
35,2.0,closed,mi_class,16,0.09834765458069766,-0.5054126052233165,0.473025
35,2.0,closed,mi_class,17,0.07274350942914015,-0.37273809373803035,0.473025
35,2.0,closed,mi_class,18,0.0015356034023396737,0.011112311086734505,0.473025
35,2.0,closed,mi_class,19,-0.004284575923002243,-0.3288044037644973,0.473025
35,2.0,closed,mi_class,20,-0.019994305142819246,0.3851250102389866,0.473025
35,2.0,closed,mi_class,21,-0.6689285355473192,0.02386587938748142,0.473025
35,2.0,closed,mi_class,22,0.34140740570077244,-0.4145675810616823,0.473025
35,2.0,closed,mi_class,23,0.01234960572277327,-0.016506280025299195,0.473025
35,2.0,closed,mi_class,24,0.005371251206729717,-0.010316045060037842,0.473025
35,2.0,closed,mi_class,25,-0.020932732110970603,0.01319383183251191,0.473025
35,2.0,closed,mi_class,26,0.006145977459111668,-0.011216674805400229,0.473025
35,2.0,closed,mi_class,27,0.5939749097680858,-0.7151798408922433,0.473025
35,2.0,closed,mi_class,28,0.5190475203969658,-0.5060567850850541,0.473025
35,2.0,closed,mi_class,29,0.2762022722841521,0.014102826301621263,0.473025
35,2.0,closed,mi_class,30,0.2567195876362943,-0.6584366600527042,0.473025
35,2.0,closed,mi_class,31,0.20400543059242493,-0.44596539849565126,0.473025
35,2.0,closed,mi_class,32,-0.08752949851709169,0.2501894013297413,0.473025
35,2.0,closed,mi_class,33,-0.24301213672570643,0.5847116702125469,0.473025
35,2.0,closed,mi_class,34,0.01856166883191967,-0.051917740417787746,0.473025
35,2.0,closed,mi_class,35,0.0043454930068133335,-0.020106501505238697,0.473025
35,2.0,closed,mi_class,36,-0.26898602398065696,0.5627890965285102,0.473025
35,2.0,closed,mi_class,37,-0.34028863919097735,0.059859447845393765,0.473025
35,2.0,closed,mi_class,38,-0.0378456097572441,0.22285127685987247,0.473025
35,2.0,closed,mi_class,39,0.007509795072327019,-0.42488805772159716,0.473025
35,2.0,closed,mi_class,40,0.015348963766256274,-0.39717238397048127,0.473025
35,2.0,closed,mi_class,41,0.008882609408446818,-0.27456228595218185,0.473025
35,2.0,closed,mi_class,42,-0.2501510897182873,0.5712243553827129,0.473025
35,2.0,closed,mi_class,43,0.02150529483678898,-0.05166079665345594,0.473025
35,2.0,closed,mi_class,44,-0.11331736993081709,0.28440179886328926,0.473025
35,2.0,closed,mi_class,45,-0.005397513317787381,-0.013013452397037906,0.473025
35,2.0,closed,mi_class,46,0.07922969285915676,-0.5512955229276656,0.473025
35,2.0,closed,mi_class,47,-0.155369443088207,0.40292607247662143,0.473025
35,2.0,closed,mi_class,48,-0.15643861309648416,0.014453171272361068,0.473025
35,2.0,closed,mi_class,49,0.1089460919327536,-0.15206666060689888,0.473025
35,2.0,closed,mi_class,50,0.07422214250259747,0.016195231541294486,0.473025
35,2.0,closed,mi_class,51,0.009190030968373078,0.028504424318762447,0.473025
35,2.0,closed,mi_class,52,-0.010444333480650658,0.6941905926082117,0.473025
35,2.0,closed,mi_class,53,-0.0032744816427453345,0.009913604431662981,0.473025
35,2.0,closed,mi_class,54,0.03803769490346398,-0.1561851913093211,0.473025
35,2.0,closed,mi_class,55,0.3248076901557681,-0.6904060833934069,0.473025
35,2.0,closed,mi_class,56,0.014498627115762526,-0.015160603110194263,0.473025
35,2.0,closed,mi_class,57,0.0280974907688157,-0.019964995862639036,0.473025
35,2.0,closed,mi_class,58,-0.03825232827437147,0.30095299162800904,0.473025
35,2.0,closed,mi_class,59,-0.011200579811945098,-0.011708082825498038,0.473025
35,2.0,closed,mi_class,60,-0.019678514099212223,0.010650444131025272,0.473025
35,2.0,closed,mi_class,61,0.03013648338003061,-0.34453902504840755,0.473025
35,2.0,closed,mi_class,62,0.3162034134074753,-0.778355086553076,0.473025
35,2.0,closed,mi_class,63,-0.2670420301603385,0.3565601048450658,0.473025
35,2.0,closed,mi_class,64,0.011261083042448477,-0.012388113440471148,0.473025
35,2.0,closed,mi_class,65,-0.18624253409779956,0.5009164192797766,0.473025
35,2.0,closed,mi_site,0,0.02350294391277319,0.5265271549457097,0.473025
35,2.0,closed,mi_site,1,-0.008718761943515344,-0.029410753329687633,0.473025
35,2.0,closed,mi_site,2,-0.0238985614448054,-0.5141794247164357,0.473025
35,2.0,closed,mi_site,3,0.03355087122704864,0.4115446890965031,0.473025
35,2.0,closed,mi_site,4,0.019039969273371656,0.006795370259945655,0.473025
35,2.0,closed,mi_site,5,0.0012262390731953982,0.016197290918565477,0.473025
35,2.0,closed,mi_site,6,-0.006216645429018743,-0.000721246593424406,0.473025
35,2.0,closed,mi_site,7,0.007846403467936204,0.014692842898525597,0.473025
35,2.0,closed,mi_site,8,0.006125247600365646,0.019254668165433874,0.473025
35,2.0,closed,mi_site,9,-0.015432224507029246,-0.31949756004971697,0.473025
35,2.0,closed,mi_site,10,-0.0048638005210167486,-0.008410999633223455,0.473025
35,2.0,closed,mi_site,11,-0.011785490930218596,-0.01490549320085583,0.473025
35,2.0,closed,mi_site,12,-0.00897060292119245,-0.8482475164649818,0.473025
35,2.0,closed,mi_site,13,0.02442890783072227,0.7683672343610004,0.473025
35,2.0,closed,mi_site,14,0.05367163688471477,0.2789878248120762,0.473025
35,2.0,closed,mi_site,15,-0.041990622464571525,-0.567769357994373,0.473025
35,2.0,closed,mi_site,16,-0.07641504750343964,-0.5054126052233165,0.473025
35,2.0,closed,mi_site,17,-0.05067334658996492,-0.37273809373803035,0.473025
35,2.0,closed,mi_site,18,0.01765396277365997,0.011112311086734505,0.473025
35,2.0,closed,mi_site,19,-0.002377690739752858,-0.3288044037644973,0.473025
35,2.0,closed,mi_site,20,-0.0028204253026106185,0.3851250102389866,0.473025
35,2.0,closed,mi_site,21,0.011978470152091664,0.02386587938748142,0.473025
35,2.0,closed,mi_site,22,-0.0018836183751972935,-0.4145675810616823,0.473025
35,2.0,closed,mi_site,23,-0.0003980838547491053,-0.016506280025299195,0.473025
35,2.0,closed,mi_site,24,-0.011412326947002716,-0.010316045060037842,0.473025
35,2.0,closed,mi_site,25,0.022890370567274797,0.01319383183251191,0.473025
35,2.0,closed,mi_site,26,-0.003220096906660929,-0.011216674805400229,0.473025
35,2.0,closed,mi_site,27,-0.024594136339409545,-0.7151798408922433,0.473025
35,2.0,closed,mi_site,28,-0.007647055217894438,-0.5060567850850541,0.473025
35,2.0,closed,mi_site,29,0.003363688006497398,0.014102826301621263,0.473025
35,2.0,closed,mi_site,30,-0.027986167795578276,-0.6584366600527042,0.473025
35,2.0,closed,mi_site,31,-0.030182262374871982,-0.44596539849565126,0.473025
35,2.0,closed,mi_site,32,0.03426999558023891,0.2501894013297413,0.473025
35,2.0,closed,mi_site,33,0.04774036609552723,0.5847116702125469,0.473025
35,2.0,closed,mi_site,34,0.04224807443448955,-0.051917740417787746,0.473025
35,2.0,closed,mi_site,35,-0.01831013435802878,-0.020106501505238697,0.473025
35,2.0,closed,mi_site,36,0.02729984233397964,0.5627890965285102,0.473025
35,2.0,closed,mi_site,37,0.018383830094322012,0.059859447845393765,0.473025
35,2.0,closed,mi_site,38,0.0422266527425573,0.22285127685987247,0.473025
35,2.0,closed,mi_site,39,-0.046135450170256886,-0.42488805772159716,0.473025
35,2.0,closed,mi_site,40,-0.06617200371673987,-0.39717238397048127,0.473025
35,2.0,closed,mi_site,41,-0.046808801544995615,-0.27456228595218185,0.473025
35,2.0,closed,mi_site,42,0.01854519157283374,0.5712243553827129,0.473025
35,2.0,closed,mi_site,43,-0.01265035837295797,-0.05166079665345594,0.473025
35,2.0,closed,mi_site,44,0.001635699432653015,0.28440179886328926,0.473025
35,2.0,closed,mi_site,45,-0.08112735304530878,-0.013013452397037906,0.473025
35,2.0,closed,mi_site,46,-0.016507503437084292,-0.5512955229276656,0.473025
35,2.0,closed,mi_site,47,-0.1289569989308954,0.40292607247662143,0.473025
35,2.0,closed,mi_site,48,0.0034671534468848457,0.014453171272361068,0.473025
35,2.0,closed,mi_site,49,0.012086516815441817,-0.15206666060689888,0.473025
35,2.0,closed,mi_site,50,0.03606934281422351,0.016195231541294486,0.473025
35,2.0,closed,mi_site,51,0.14431455801897553,0.028504424318762447,0.473025
35,2.0,closed,mi_site,52,0.057549887812139766,0.6941905926082117,0.473025
35,2.0,closed,mi_site,53,-0.0032762307022552633,0.009913604431662981,0.473025
35,2.0,closed,mi_site,54,-0.00032925856761278904,-0.1561851913093211,0.473025
35,2.0,closed,mi_site,55,-0.024900607871862324,-0.6904060833934069,0.473025
35,2.0,closed,mi_site,56,0.09035850666686181,-0.015160603110194263,0.473025
35,2.0,closed,mi_site,57,0.0020501106278143673,-0.019964995862639036,0.473025
35,2.0,closed,mi_site,58,0.01784308840335247,0.30095299162800904,0.473025
35,2.0,closed,mi_site,59,-0.03194740298654073,-0.011708082825498038,0.473025
35,2.0,closed,mi_site,60,-0.00763844638079326,0.010650444131025272,0.473025
35,2.0,closed,mi_site,61,-0.01479410323285385,-0.34453902504840755,0.473025
35,2.0,closed,mi_site,62,-0.05637845238005412,-0.778355086553076,0.473025
35,2.0,closed,mi_site,63,-0.0006108337686093201,0.3565601048450658,0.473025
35,2.0,closed,mi_site,64,0.014335941982268462,-0.012388113440471148,0.473025
35,2.0,closed,mi_site,65,0.02501048488550872,0.5009164192797766,0.473025
