rep,gamma,alignment,estimator,pair,signed_err,truth,miss_rate
33,0.0,aligned,available,0,-0.018403810344778306,0.0031635706879598402,0.4709833333333333
33,0.0,aligned,available,1,-0.008831357594219158,0.7441716187492539,0.4709833333333333
33,0.0,aligned,available,2,-0.004768383767771778,0.8458684533170234,0.4709833333333333
33,0.0,aligned,available,3,0.00043688224816496035,-0.7106521404810902,0.4709833333333333
33,0.0,aligned,available,4,-0.001415167403852613,-0.7004260552733681,0.4709833333333333
33,0.0,aligned,available,5,0.0008040777829693146,0.7016034133622505,0.4709833333333333
33,0.0,aligned,available,6,0.0007211551332619026,-0.006104150161232458,0.4709833333333333
33,0.0,aligned,available,7,-0.0024622072514466978,0.029884558077729856,0.4709833333333333
33,0.0,aligned,available,8,-0.01390073928179468,0.0003551726720736401,0.4709833333333333
33,0.0,aligned,available,9,0.00038874678641687144,-0.8112850087341781,0.4709833333333333
33,0.0,aligned,available,10,-0.00020760746680681397,-0.8490216783715274,0.4709833333333333
33,0.0,aligned,available,11,-0.008526095987471338,-0.36285647280603045,0.4709833333333333
33,0.0,aligned,available,12,0.017846057986686453,0.0060059250663975425,0.4709833333333333
33,0.0,aligned,available,13,-0.009904683729522443,-0.0027555625334124067,0.4709833333333333
33,0.0,aligned,available,14,0.0021375297415934997,-0.003924349201526344,0.4709833333333333
33,0.0,aligned,available,15,0.009086920984965923,0.005755031694721361,0.4709833333333333
33,0.0,aligned,available,16,0.008148812480934131,-0.6888745213847429,0.4709833333333333
33,0.0,aligned,available,17,-0.0076918311629391636,-0.001040809396828199,0.4709833333333333
33,0.0,aligned,available,18,-0.007754080918299101,-0.0019044803258550433,0.4709833333333333
33,0.0,aligned,available,19,0.0030582643456882053,0.2061463001321842,0.4709833333333333
33,0.0,aligned,available,20,0.005653788647550138,-0.002142884477746682,0.4709833333333333
33,0.0,aligned,available,21,0.007973874722402297,0.6293396416332714,0.4709833333333333
33,0.0,aligned,available,22,-0.007775936782598469,-0.5299309065946738,0.4709833333333333
33,0.0,aligned,available,23,-0.009301352170637878,-0.6196754144115837,0.4709833333333333
33,0.0,aligned,available,24,0.008212439168668206,0.521137613102505,0.4709833333333333
33,0.0,aligned,available,25,-0.01103141497487592,0.525660015727355,0.4709833333333333
33,0.0,aligned,available,26,-0.0043782725161157915,0.06656472951180165,0.4709833333333333
33,0.0,aligned,available,27,0.003925347002642243,-0.054790427500146496,0.4709833333333333
33,0.0,aligned,available,28,0.0015787260570030437,-0.860894470174931,0.4709833333333333
33,0.0,aligned,available,29,0.001152490314907384,-0.6713209745725287,0.4709833333333333
33,0.0,aligned,available,30,-0.0017668446050108644,-0.8414811848725752,0.4709833333333333
33,0.0,aligned,available,31,-0.006042580495393635,-0.5923110379995636,0.4709833333333333
33,0.0,aligned,available,32,-0.0030483642603141847,0.8319385948088969,0.4709833333333333
33,0.0,aligned,available,33,-0.02520834229655975,-0.0063886564843448545,0.4709833333333333
33,0.0,aligned,available,34,0.01288582262099816,-0.22461562201141708,0.4709833333333333
33,0.0,aligned,available,35,-0.013112298349000462,0.34028033008685193,0.4709833333333333
33,0.0,aligned,available,36,0.002978661391070725,-0.8162388424275776,0.4709833333333333
33,0.0,aligned,available,37,0.0014372556132207226,-0.9078183782653775,0.4709833333333333
33,0.0,aligned,available,38,0.00038286694854811065,0.4925965915152447,0.4709833333333333
33,0.0,aligned,available,39,-0.00748154517356403,-0.7011408506954062,0.4709833333333333
33,0.0,aligned,available,40,0.00037874265258108905,0.0005852023113186919,0.4709833333333333
33,0.0,aligned,available,41,0.012388350594113863,-0.024316733437707246,0.4709833333333333
33,0.0,aligned,available,42,0.00897719981586892,-0.29040486127633097,0.4709833333333333
33,0.0,aligned,available,43,0.007058111799584377,0.6872915983099146,0.4709833333333333
33,0.0,aligned,available,44,0.0022568160972408213,0.7615250673445906,0.4709833333333333
33,0.0,aligned,available,45,-0.0009078326866190367,-0.49403073347170307,0.4709833333333333
33,0.0,aligned,available,46,-0.004050136321945742,0.00835570871902457,0.4709833333333333
33,0.0,aligned,available,47,0.004345355969334441,-0.2326154979600696,0.4709833333333333
33,0.0,aligned,available,48,0.006269483538039411,0.28612694856898463,0.4709833333333333
33,0.0,aligned,available,49,0.006298772278498288,0.6286208655466183,0.4709833333333333
33,0.0,aligned,available,50,0.001954366651464201,0.7976036246189773,0.4709833333333333
33,0.0,aligned,available,51,0.0027884010489705848,-0.006721973682825775,0.4709833333333333
33,0.0,aligned,available,52,-0.003923511161168569,-0.4035350434838813,0.4709833333333333
33,0.0,aligned,available,53,-0.01691204172011107,0.2845323099516946,0.4709833333333333
33,0.0,aligned,available,54,-0.006052144286039951,-0.8434369006361133,0.4709833333333333
33,0.0,aligned,available,55,-0.0006042589618806549,-0.7553143936584579,0.4709833333333333
33,0.0,aligned,available,56,0.006141978553405334,0.002144082172371967,0.4709833333333333
33,0.0,aligned,available,57,0.008680695080682702,0.004916705040523887,0.4709833333333333
33,0.0,aligned,available,58,-0.006348583441694866,-0.298258912245818,0.4709833333333333
33,0.0,aligned,available,59,0.004569378862203808,0.004753148215321078,0.4709833333333333
33,0.0,aligned,available,60,0.0004396618350026582,-0.7497438566017773,0.4709833333333333
33,0.0,aligned,available,61,0.011211355145926305,0.17799913767521297,0.4709833333333333
33,0.0,aligned,available,62,0.0033864637756208307,0.05799239232084805,0.4709833333333333
33,0.0,aligned,available,63,-0.008956245581961841,-0.12151139459985016,0.4709833333333333
33,0.0,aligned,available,64,-0.005123272812454241,-0.11205264974667094,0.4709833333333333
33,0.0,aligned,available,65,-0.0005896607267390497,0.7988411171648677,0.4709833333333333
33,0.0,aligned,mi_obs,0,-0.016799214994452225,0.0031635706879598402,0.4709833333333333
33,0.0,aligned,mi_obs,1,0.023645091978206967,0.7441716187492539,0.4709833333333333
33,0.0,aligned,mi_obs,2,0.03621756385681896,0.8458684533170234,0.4709833333333333
33,0.0,aligned,mi_obs,3,-0.037534701892100064,-0.7106521404810902,0.4709833333333333
33,0.0,aligned,mi_obs,4,-0.04348734925290432,-0.7004260552733681,0.4709833333333333
33,0.0,aligned,mi_obs,5,0.035869256523444526,0.7016034133622505,0.4709833333333333
33,0.0,aligned,mi_obs,6,0.013394231054964612,-0.006104150161232458,0.4709833333333333
33,0.0,aligned,mi_obs,7,-0.13422950081365892,0.029884558077729856,0.4709833333333333
33,0.0,aligned,mi_obs,8,0.009230652287342168,0.0003551726720736401,0.4709833333333333
33,0.0,aligned,mi_obs,9,-0.011990501220502714,-0.8112850087341781,0.4709833333333333
33,0.0,aligned,mi_obs,10,-0.013521991697652003,-0.8490216783715274,0.4709833333333333
33,0.0,aligned,mi_obs,11,-0.04622644640433171,-0.36285647280603045,0.4709833333333333
33,0.0,aligned,mi_obs,12,-0.021646682426226447,0.0060059250663975425,0.4709833333333333
33,0.0,aligned,mi_obs,13,-0.0016551847003356546,-0.0027555625334124067,0.4709833333333333
33,0.0,aligned,mi_obs,14,0.013297353468061712,-0.003924349201526344,0.4709833333333333
33,0.0,aligned,mi_obs,15,-0.004075433120325517,0.005755031694721361,0.4709833333333333
33,0.0,aligned,mi_obs,16,-0.0655650932008559,-0.6888745213847429,0.4709833333333333
33,0.0,aligned,mi_obs,17,-0.018066770858886402,-0.001040809396828199,0.4709833333333333
33,0.0,aligned,mi_obs,18,-0.024533807862862213,-0.0019044803258550433,0.4709833333333333
33,0.0,aligned,mi_obs,19,0.020964269870192953,0.2061463001321842,0.4709833333333333
33,0.0,aligned,mi_obs,20,0.005615623137965726,-0.002142884477746682,0.4709833333333333
33,0.0,aligned,mi_obs,21,0.028218313825188024,0.6293396416332714,0.4709833333333333
33,0.0,aligned,mi_obs,22,-0.04873875931077165,-0.5299309065946738,0.4709833333333333
33,0.0,aligned,mi_obs,23,-0.03553298658930659,-0.6196754144115837,0.4709833333333333
33,0.0,aligned,mi_obs,24,0.051422863940358776,0.521137613102505,0.4709833333333333
33,0.0,aligned,mi_obs,25,0.05726457527752604,0.525660015727355,0.4709833333333333
33,0.0,aligned,mi_obs,26,-0.12515049165602993,0.06656472951180165,0.4709833333333333
33,0.0,aligned,mi_obs,27,0.029312534688039214,-0.054790427500146496,0.4709833333333333
33,0.0,aligned,mi_obs,28,-0.02187968500851345,-0.860894470174931,0.4709833333333333
33,0.0,aligned,mi_obs,29,-0.011871638662033557,-0.6713209745725287,0.4709833333333333
33,0.0,aligned,mi_obs,30,-0.03096282349510837,-0.8414811848725752,0.4709833333333333
33,0.0,aligned,mi_obs,31,-0.041770223265780504,-0.5923110379995636,0.4709833333333333
33,0.0,aligned,mi_obs,32,0.014350507553906322,0.8319385948088969,0.4709833333333333
33,0.0,aligned,mi_obs,33,0.016079901630314607,-0.0063886564843448545,0.4709833333333333
33,0.0,aligned,mi_obs,34,-0.16425771852445506,-0.22461562201141708,0.4709833333333333
33,0.0,aligned,mi_obs,35,-0.0057650744704879076,0.34028033008685193,0.4709833333333333
33,0.0,aligned,mi_obs,36,-0.018101227830954247,-0.8162388424275776,0.4709833333333333
33,0.0,aligned,mi_obs,37,-0.01958265855636465,-0.9078183782653775,0.4709833333333333
33,0.0,aligned,mi_obs,38,0.061053237149599315,0.4925965915152447,0.4709833333333333
33,0.0,aligned,mi_obs,39,-0.04003617784295821,-0.7011408506954062,0.4709833333333333
33,0.0,aligned,mi_obs,40,-0.028169899956872115,0.0005852023113186919,0.4709833333333333
33,0.0,aligned,mi_obs,41,0.17172333416978705,-0.024316733437707246,0.4709833333333333
33,0.0,aligned,mi_obs,42,-0.009352950904553736,-0.29040486127633097,0.4709833333333333
33,0.0,aligned,mi_obs,43,0.03729852826030744,0.6872915983099146,0.4709833333333333
33,0.0,aligned,mi_obs,44,0.03195214351877507,0.7615250673445906,0.4709833333333333
33,0.0,aligned,mi_obs,45,-0.08018166561636647,-0.49403073347170307,0.4709833333333333
33,0.0,aligned,mi_obs,46,-0.031007271760525007,0.00835570871902457,0.4709833333333333
33,0.0,aligned,mi_obs,47,0.12705979537761675,-0.2326154979600696,0.4709833333333333
33,0.0,aligned,mi_obs,48,-0.017592194557203567,0.28612694856898463,0.4709833333333333
33,0.0,aligned,mi_obs,49,0.040067873199164494,0.6286208655466183,0.4709833333333333
33,0.0,aligned,mi_obs,50,0.03659027210057586,0.7976036246189773,0.4709833333333333
33,0.0,aligned,mi_obs,51,0.041109417844715064,-0.006721973682825775,0.4709833333333333
33,0.0,aligned,mi_obs,52,-0.08224921112056333,-0.4035350434838813,0.4709833333333333
33,0.0,aligned,mi_obs,53,-0.03225420145325347,0.2845323099516946,0.4709833333333333
33,0.0,aligned,mi_obs,54,-0.031215841816362055,-0.8434369006361133,0.4709833333333333
33,0.0,aligned,mi_obs,55,-0.032117358797780104,-0.7553143936584579,0.4709833333333333
33,0.0,aligned,mi_obs,56,-0.01875334267713181,0.002144082172371967,0.4709833333333333
33,0.0,aligned,mi_obs,57,0.005073599444607535,0.004916705040523887,0.4709833333333333
33,0.0,aligned,mi_obs,58,-0.05719068541863043,-0.298258912245818,0.4709833333333333
33,0.0,aligned,mi_obs,59,-0.020794330876303162,0.004753148215321078,0.4709833333333333
33,0.0,aligned,mi_obs,60,-0.057728817176994296,-0.7497438566017773,0.4709833333333333
33,0.0,aligned,mi_obs,61,0.1380682066210121,0.17799913767521297,0.4709833333333333
33,0.0,aligned,mi_obs,62,0.16860553904016984,0.05799239232084805,0.4709833333333333
33,0.0,aligned,mi_obs,63,-0.021280871284778013,-0.12151139459985016,0.4709833333333333
33,0.0,aligned,mi_obs,64,-0.025279084643867536,-0.11205264974667094,0.4709833333333333
33,0.0,aligned,mi_obs,65,0.0066728409516461085,0.7988411171648677,0.4709833333333333
33,0.0,aligned,mi_class,0,0.004889608844458341,0.0031635706879598402,0.4709833333333333
33,0.0,aligned,mi_class,1,-0.16419369488673885,0.7441716187492539,0.4709833333333333
33,0.0,aligned,mi_class,2,-0.060995891600870156,0.8458684533170234,0.4709833333333333
33,0.0,aligned,mi_class,3,0.1452449480467285,-0.7106521404810902,0.4709833333333333
33,0.0,aligned,mi_class,4,0.13807340530909673,-0.7004260552733681,0.4709833333333333
33,0.0,aligned,mi_class,5,-0.37598332566120135,0.7016034133622505,0.4709833333333333
33,0.0,aligned,mi_class,6,-0.08078399463416473,-0.006104150161232458,0.4709833333333333
33,0.0,aligned,mi_class,7,-0.011711689893628703,0.029884558077729856,0.4709833333333333
33,0.0,aligned,mi_class,8,0.10230656792125457,0.0003551726720736401,0.4709833333333333
33,0.0,aligned,mi_class,9,-0.010691970119187877,-0.8112850087341781,0.4709833333333333
33,0.0,aligned,mi_class,10,3.236816611495996e-05,-0.8490216783715274,0.4709833333333333
33,0.0,aligned,mi_class,11,0.06579993665140604,-0.36285647280603045,0.4709833333333333
33,0.0,aligned,mi_class,12,-0.0039042998656279027,0.0060059250663975425,0.4709833333333333
33,0.0,aligned,mi_class,13,-0.005016362155269124,-0.0027555625334124067,0.4709833333333333
33,0.0,aligned,mi_class,14,0.0010504752214246164,-0.003924349201526344,0.4709833333333333
33,0.0,aligned,mi_class,15,0.01010861666993601,0.005755031694721361,0.4709833333333333
33,0.0,aligned,mi_class,16,0.3143312037576528,-0.6888745213847429,0.4709833333333333
33,0.0,aligned,mi_class,17,-0.0077743345581714925,-0.001040809396828199,0.4709833333333333
33,0.0,aligned,mi_class,18,-0.01283155397524545,-0.0019044803258550433,0.4709833333333333
33,0.0,aligned,mi_class,19,-0.0033382105329508582,0.2061463001321842,0.4709833333333333
33,0.0,aligned,mi_class,20,-0.021788865570929204,-0.002142884477746682,0.4709833333333333
33,0.0,aligned,mi_class,21,-0.10653333729916925,0.6293396416332714,0.4709833333333333
33,0.0,aligned,mi_class,22,0.2765950268040298,-0.5299309065946738,0.4709833333333333
33,0.0,aligned,mi_class,23,0.3176734033683748,-0.6196754144115837,0.4709833333333333
33,0.0,aligned,mi_class,24,-0.3909090132503386,0.521137613102505,0.4709833333333333
33,0.0,aligned,mi_class,25,-0.3404447323796441,0.525660015727355,0.4709833333333333
33,0.0,aligned,mi_class,26,-0.03073992021495848,0.06656472951180165,0.4709833333333333
33,0.0,aligned,mi_class,27,0.2663879685540155,-0.054790427500146496,0.4709833333333333
33,0.0,aligned,mi_class,28,0.11819017152381528,-0.860894470174931,0.4709833333333333
33,0.0,aligned,mi_class,29,0.1480917157380245,-0.6713209745725287,0.4709833333333333
33,0.0,aligned,mi_class,30,0.22706118985200352,-0.8414811848725752,0.4709833333333333
33,0.0,aligned,mi_class,31,0.15755377648595503,-0.5923110379995636,0.4709833333333333
33,0.0,aligned,mi_class,32,-0.4759682015735482,0.8319385948088969,0.4709833333333333
33,0.0,aligned,mi_class,33,0.050396570288478215,-0.0063886564843448545,0.4709833333333333
33,0.0,aligned,mi_class,34,0.06419970176792689,-0.22461562201141708,0.4709833333333333
33,0.0,aligned,mi_class,35,0.12304762231938282,0.34028033008685193,0.4709833333333333
33,0.0,aligned,mi_class,36,-0.005819720096062575,-0.8162388424275776,0.4709833333333333
33,0.0,aligned,mi_class,37,0.06049186777239035,-0.9078183782653775,0.4709833333333333
33,0.0,aligned,mi_class,38,0.01269602953520832,0.4925965915152447,0.4709833333333333
33,0.0,aligned,mi_class,39,0.24818648550825767,-0.7011408506954062,0.4709833333333333
33,0.0,aligned,mi_class,40,-0.0019904520478430067,0.0005852023113186919,0.4709833333333333
33,0.0,aligned,mi_class,41,0.01132095728169825,-0.024316733437707246,0.4709833333333333
33,0.0,aligned,mi_class,42,0.26544742491829204,-0.29040486127633097,0.4709833333333333
33,0.0,aligned,mi_class,43,-0.14806343301325164,0.6872915983099146,0.4709833333333333
33,0.0,aligned,mi_class,44,-0.17273229585528338,0.7615250673445906,0.4709833333333333
33,0.0,aligned,mi_class,45,0.17124057683526528,-0.49403073347170307,0.4709833333333333
33,0.0,aligned,mi_class,46,-0.0040783794675258445,0.00835570871902457,0.4709833333333333
33,0.0,aligned,mi_class,47,-0.001488630335299751,-0.2326154979600696,0.4709833333333333
33,0.0,aligned,mi_class,48,-0.261807688054257,0.28612694856898463,0.4709833333333333
33,0.0,aligned,mi_class,49,-0.13221279603894254,0.6286208655466183,0.4709833333333333
33,0.0,aligned,mi_class,50,-0.17612787222771487,0.7976036246189773,0.4709833333333333
33,0.0,aligned,mi_class,51,-0.0685295329625487,-0.006721973682825775,0.4709833333333333
33,0.0,aligned,mi_class,52,0.16610255201133925,-0.4035350434838813,0.4709833333333333
33,0.0,aligned,mi_class,53,-0.26808272775353714,0.2845323099516946,0.4709833333333333
33,0.0,aligned,mi_class,54,0.45796472672694366,-0.8434369006361133,0.4709833333333333
33,0.0,aligned,mi_class,55,0.4027435405234434,-0.7553143936584579,0.4709833333333333
33,0.0,aligned,mi_class,56,0.0021433293130362543,0.002144082172371967,0.4709833333333333
33,0.0,aligned,mi_class,57,0.21867567620023437,0.004916705040523887,0.4709833333333333
33,0.0,aligned,mi_class,58,0.14848498575360378,-0.298258912245818,0.4709833333333333
33,0.0,aligned,mi_class,59,0.11266094158629968,0.004753148215321078,0.4709833333333333
33,0.0,aligned,mi_class,60,0.6873551725192923,-0.7497438566017773,0.4709833333333333
33,0.0,aligned,mi_class,61,-0.04190887163520318,0.17799913767521297,0.4709833333333333
33,0.0,aligned,mi_class,62,-0.011902158474734664,0.05799239232084805,0.4709833333333333
33,0.0,aligned,mi_class,63,-0.08638116779142219,-0.12151139459985016,0.4709833333333333
33,0.0,aligned,mi_class,64,0.062038570277023135,-0.11205264974667094,0.4709833333333333
33,0.0,aligned,mi_class,65,0.006128219376081767,0.7988411171648677,0.4709833333333333
33,0.0,aligned,mi_site,0,-0.017290576332976395,0.0031635706879598402,0.4709833333333333
33,0.0,aligned,mi_site,1,-0.0671074930574167,0.7441716187492539,0.4709833333333333
33,0.0,aligned,mi_site,2,-0.16561561875595743,0.8458684533170234,0.4709833333333333
33,0.0,aligned,mi_site,3,0.03401000658517228,-0.7106521404810902,0.4709833333333333
33,0.0,aligned,mi_site,4,0.01181887491080269,-0.7004260552733681,0.4709833333333333
33,0.0,aligned,mi_site,5,-0.02801554551303609,0.7016034133622505,0.4709833333333333
33,0.0,aligned,mi_site,6,0.016714847907931044,-0.006104150161232458,0.4709833333333333
33,0.0,aligned,mi_site,7,-0.0729596741890347,0.029884558077729856,0.4709833333333333
33,0.0,aligned,mi_site,8,-0.0024742868130123393,0.0003551726720736401,0.4709833333333333
33,0.0,aligned,mi_site,9,0.48425521516300657,-0.8112850087341781,0.4709833333333333
33,0.0,aligned,mi_site,10,0.07170591594462239,-0.8490216783715274,0.4709833333333333
33,0.0,aligned,mi_site,11,0.003958459489342703,-0.36285647280603045,0.4709833333333333
33,0.0,aligned,mi_site,12,-0.015568581949268436,0.0060059250663975425,0.4709833333333333
33,0.0,aligned,mi_site,13,0.006031016821503627,-0.0027555625334124067,0.4709833333333333
33,0.0,aligned,mi_site,14,0.01648760839588909,-0.003924349201526344,0.4709833333333333
33,0.0,aligned,mi_site,15,-0.009787276048473903,0.005755031694721361,0.4709833333333333
33,0.0,aligned,mi_site,16,-0.015381173465817466,-0.6888745213847429,0.4709833333333333
33,0.0,aligned,mi_site,17,-0.009587618191484458,-0.001040809396828199,0.4709833333333333
33,0.0,aligned,mi_site,18,-0.010990769035050299,-0.0019044803258550433,0.4709833333333333
33,0.0,aligned,mi_site,19,-0.11631778934346224,0.2061463001321842,0.4709833333333333
33,0.0,aligned,mi_site,20,0.008106814502724817,-0.002142884477746682,0.4709833333333333
33,0.0,aligned,mi_site,21,-0.026762734721446746,0.6293396416332714,0.4709833333333333
33,0.0,aligned,mi_site,22,-0.024792343540854134,-0.5299309065946738,0.4709833333333333
33,0.0,aligned,mi_site,23,-0.01796622606980325,-0.6196754144115837,0.4709833333333333
33,0.0,aligned,mi_site,24,0.04944892913757004,0.521137613102505,0.4709833333333333
33,0.0,aligned,mi_site,25,0.034016598012712174,0.525660015727355,0.4709833333333333
33,0.0,aligned,mi_site,26,-0.0794738438968739,0.06656472951180165,0.4709833333333333
33,0.0,aligned,mi_site,27,0.008703266734925899,-0.054790427500146496,0.4709833333333333
33,0.0,aligned,mi_site,28,0.4926555855711463,-0.860894470174931,0.4709833333333333
33,0.0,aligned,mi_site,29,0.02546888295122607,-0.6713209745725287,0.4709833333333333
33,0.0,aligned,mi_site,30,0.06539206789970442,-0.8414811848725752,0.4709833333333333
33,0.0,aligned,mi_site,31,0.04226579311735934,-0.5923110379995636,0.4709833333333333
33,0.0,aligned,mi_site,32,-0.07727678218264333,0.8319385948088969,0.4709833333333333
33,0.0,aligned,mi_site,33,0.026726807773426998,-0.0063886564843448545,0.4709833333333333
33,0.0,aligned,mi_site,34,-0.06993789792599844,-0.22461562201141708,0.4709833333333333
33,0.0,aligned,mi_site,35,-0.0345261164516002,0.34028033008685193,0.4709833333333333
33,0.0,aligned,mi_site,36,0.4941660332535397,-0.8162388424275776,0.4709833333333333
33,0.0,aligned,mi_site,37,0.10790746438916776,-0.9078183782653775,0.4709833333333333
33,0.0,aligned,mi_site,38,0.04669592445211557,0.4925965915152447,0.4709833333333333
33,0.0,aligned,mi_site,39,-0.03197504603693191,-0.7011408506954062,0.4709833333333333
33,0.0,aligned,mi_site,40,-0.02769012456354279,0.0005852023113186919,0.4709833333333333
33,0.0,aligned,mi_site,41,0.13449410164103356,-0.024316733437707246,0.4709833333333333
33,0.0,aligned,mi_site,42,-0.014887182955962586,-0.29040486127633097,0.4709833333333333
33,0.0,aligned,mi_site,43,-0.38589783755273493,0.6872915983099146,0.4709833333333333
33,0.0,aligned,mi_site,44,0.016265700099332148,0.7615250673445906,0.4709833333333333
33,0.0,aligned,mi_site,45,-0.07487190828007623,-0.49403073347170307,0.4709833333333333
33,0.0,aligned,mi_site,46,-0.035001887678496116,0.00835570871902457,0.4709833333333333
33,0.0,aligned,mi_site,47,0.08149746157345528,-0.2326154979600696,0.4709833333333333
33,0.0,aligned,mi_site,48,-0.022068300709559174,0.28612694856898463,0.4709833333333333
33,0.0,aligned,mi_site,49,-0.34924405529877545,0.6286208655466183,0.4709833333333333
33,0.0,aligned,mi_site,50,-0.003755212628200888,0.7976036246189773,0.4709833333333333
33,0.0,aligned,mi_site,51,0.04471285543367384,-0.006721973682825775,0.4709833333333333
33,0.0,aligned,mi_site,52,-0.044532384557813,-0.4035350434838813,0.4709833333333333
33,0.0,aligned,mi_site,53,-0.021978547179461516,0.2845323099516946,0.4709833333333333
33,0.0,aligned,mi_site,54,0.46438726779629924,-0.8434369006361133,0.4709833333333333
33,0.0,aligned,mi_site,55,-0.013769863662890902,-0.7553143936584579,0.4709833333333333
33,0.0,aligned,mi_site,56,-0.022476202710754713,0.002144082172371967,0.4709833333333333
33,0.0,aligned,mi_site,57,0.006691471676307993,0.004916705040523887,0.4709833333333333
33,0.0,aligned,mi_site,58,0.14949755967867265,-0.298258912245818,0.4709833333333333
33,0.0,aligned,mi_site,59,-0.013972640388656084,0.004753148215321078,0.4709833333333333
33,0.0,aligned,mi_site,60,-0.037312186330262564,-0.7497438566017773,0.4709833333333333
33,0.0,aligned,mi_site,61,-0.03870447837261207,0.17799913767521297,0.4709833333333333
33,0.0,aligned,mi_site,62,0.08852106440953128,0.05799239232084805,0.4709833333333333
33,0.0,aligned,mi_site,63,0.06404093704577304,-0.12151139459985016,0.4709833333333333
33,0.0,aligned,mi_site,64,-0.0048562497696813395,-0.11205264974667094,0.4709833333333333
33,0.0,aligned,mi_site,65,-0.46062079336533285,0.7988411171648677,0.4709833333333333
33,0.0,closed,available,0,0.0005083284608686594,0.0031635706879598402,0.4709833333333333
33,0.0,closed,available,1,0.004199300188728605,0.7441716187492539,0.4709833333333333
33,0.0,closed,available,2,0.001932981973339909,0.8458684533170234,0.4709833333333333
33,0.0,closed,available,3,-0.005094999177553183,-0.7106521404810902,0.4709833333333333
33,0.0,closed,available,4,-0.00013420868392599594,-0.7004260552733681,0.4709833333333333
33,0.0,closed,available,5,0.005506122409945191,0.7016034133622505,0.4709833333333333
33,0.0,closed,available,6,-0.004285946852594359,-0.006104150161232458,0.4709833333333333
33,0.0,closed,available,7,-0.0005001125272675114,0.029884558077729856,0.4709833333333333
33,0.0,closed,available,8,0.009207772831364975,0.0003551726720736401,0.4709833333333333
33,0.0,closed,available,9,-0.00526864791314996,-0.8112850087341781,0.4709833333333333
33,0.0,closed,available,10,-0.001098842884427298,-0.8490216783715274,0.4709833333333333
33,0.0,closed,available,11,0.008919658706309952,-0.36285647280603045,0.4709833333333333
33,0.0,closed,available,12,0.021108618986388664,0.0060059250663975425,0.4709833333333333
33,0.0,closed,available,13,-0.010431122690145619,-0.0027555625334124067,0.4709833333333333
33,0.0,closed,available,14,-0.011384791849324654,-0.003924349201526344,0.4709833333333333
33,0.0,closed,available,15,0.014109861707187924,0.005755031694721361,0.4709833333333333
33,0.0,closed,available,16,0.00026091337727285335,-0.6888745213847429,0.4709833333333333
33,0.0,closed,available,17,-0.0012649937976555383,-0.001040809396828199,0.4709833333333333
33,0.0,closed,available,18,-3.486378885934308e-05,-0.0019044803258550433,0.4709833333333333
33,0.0,closed,available,19,-0.010148661656582542,0.2061463001321842,0.4709833333333333
33,0.0,closed,available,20,-0.001823215368536425,-0.002142884477746682,0.4709833333333333
33,0.0,closed,available,21,-0.005585837159479801,0.6293396416332714,0.4709833333333333
33,0.0,closed,available,22,-0.0011625866985964795,-0.5299309065946738,0.4709833333333333
33,0.0,closed,available,23,0.0008692137509273001,-0.6196754144115837,0.4709833333333333
33,0.0,closed,available,24,0.007453474441088015,0.521137613102505,0.4709833333333333
33,0.0,closed,available,25,-0.007002813924776197,0.525660015727355,0.4709833333333333
33,0.0,closed,available,26,0.006771601313752901,0.06656472951180165,0.4709833333333333
33,0.0,closed,available,27,0.019553587922822496,-0.054790427500146496,0.4709833333333333
33,0.0,closed,available,28,-0.001842878963851713,-0.860894470174931,0.4709833333333333
33,0.0,closed,available,29,-0.0010231105527207518,-0.6713209745725287,0.4709833333333333
33,0.0,closed,available,30,0.0027278857239178,-0.8414811848725752,0.4709833333333333
33,0.0,closed,available,31,-0.014860826872497568,-0.5923110379995636,0.4709833333333333
33,0.0,closed,available,32,0.003769402116121423,0.8319385948088969,0.4709833333333333
33,0.0,closed,available,33,-0.027876177429985716,-0.0063886564843448545,0.4709833333333333
33,0.0,closed,available,34,0.022528525173692887,-0.22461562201141708,0.4709833333333333
33,0.0,closed,available,35,-6.845942944877503e-05,0.34028033008685193,0.4709833333333333
33,0.0,closed,available,36,-0.0005416378345750594,-0.8162388424275776,0.4709833333333333
33,0.0,closed,available,37,-0.0030886837559699343,-0.9078183782653775,0.4709833333333333
33,0.0,closed,available,38,0.006054395988480288,0.4925965915152447,0.4709833333333333
33,0.0,closed,available,39,0.0029736229810202186,-0.7011408506954062,0.4709833333333333
33,0.0,closed,available,40,0.001963924903467489,0.0005852023113186919,0.4709833333333333
33,0.0,closed,available,41,-0.0006449754174892505,-0.024316733437707246,0.4709833333333333
33,0.0,closed,available,42,0.021890529824916738,-0.29040486127633097,0.4709833333333333
33,0.0,closed,available,43,0.0025052251863246777,0.6872915983099146,0.4709833333333333
33,0.0,closed,available,44,-0.0010272288707304789,0.7615250673445906,0.4709833333333333
33,0.0,closed,available,45,-0.007426998182488431,-0.49403073347170307,0.4709833333333333
33,0.0,closed,available,46,0.0011352750834029424,0.00835570871902457,0.4709833333333333
33,0.0,closed,available,47,-0.0032039581005350593,-0.2326154979600696,0.4709833333333333
33,0.0,closed,available,48,0.015131039377633049,0.28612694856898463,0.4709833333333333
33,0.0,closed,available,49,0.0017179902784465462,0.6286208655466183,0.4709833333333333
33,0.0,closed,available,50,0.007189249534662268,0.7976036246189773,0.4709833333333333
33,0.0,closed,available,51,-0.0037983366179867506,-0.006721973682825775,0.4709833333333333
33,0.0,closed,available,52,-5.950087803663351e-05,-0.4035350434838813,0.4709833333333333
33,0.0,closed,available,53,-0.021465355503414607,0.2845323099516946,0.4709833333333333
33,0.0,closed,available,54,0.0010863106721238358,-0.8434369006361133,0.4709833333333333
33,0.0,closed,available,55,-0.0032219119470181523,-0.7553143936584579,0.4709833333333333
33,0.0,closed,available,56,0.0034118889429797586,0.002144082172371967,0.4709833333333333
33,0.0,closed,available,57,0.00046810483689152613,0.004916705040523887,0.4709833333333333
33,0.0,closed,available,58,0.007012281166799028,-0.298258912245818,0.4709833333333333
33,0.0,closed,available,59,0.0020130406006844057,0.004753148215321078,0.4709833333333333
33,0.0,closed,available,60,0.0008190690769621645,-0.7497438566017773,0.4709833333333333
33,0.0,closed,available,61,-0.0032517572385656335,0.17799913767521297,0.4709833333333333
33,0.0,closed,available,62,-0.004778566174295368,0.05799239232084805,0.4709833333333333
33,0.0,closed,available,63,0.0029866890936892793,-0.12151139459985016,0.4709833333333333
33,0.0,closed,available,64,0.001790276888430295,-0.11205264974667094,0.4709833333333333
33,0.0,closed,available,65,-4.4016368042743004e-05,0.7988411171648677,0.4709833333333333
33,0.0,closed,mi_obs,0,-0.02563293061894763,0.0031635706879598402,0.4709833333333333
33,0.0,closed,mi_obs,1,0.031705784690837624,0.7441716187492539,0.4709833333333333
33,0.0,closed,mi_obs,2,0.03589625899815463,0.8458684533170234,0.4709833333333333
33,0.0,closed,mi_obs,3,-0.046785476545813776,-0.7106521404810902,0.4709833333333333
33,0.0,closed,mi_obs,4,-0.036406458798045715,-0.7004260552733681,0.4709833333333333
33,0.0,closed,mi_obs,5,0.037892881000165635,0.7016034133622505,0.4709833333333333
33,0.0,closed,mi_obs,6,0.02699236520404324,-0.006104150161232458,0.4709833333333333
33,0.0,closed,mi_obs,7,-0.1199330928474922,0.029884558077729856,0.4709833333333333
33,0.0,closed,mi_obs,8,0.029625700997328256,0.0003551726720736401,0.4709833333333333
33,0.0,closed,mi_obs,9,-0.016910278694722614,-0.8112850087341781,0.4709833333333333
33,0.0,closed,mi_obs,10,-0.015090121364422115,-0.8490216783715274,0.4709833333333333
33,0.0,closed,mi_obs,11,-0.02906771127109886,-0.36285647280603045,0.4709833333333333
33,0.0,closed,mi_obs,12,0.017171115770014102,0.0060059250663975425,0.4709833333333333
33,0.0,closed,mi_obs,13,0.017847430647879973,-0.0027555625334124067,0.4709833333333333
33,0.0,closed,mi_obs,14,0.0003316515212945267,-0.003924349201526344,0.4709833333333333
33,0.0,closed,mi_obs,15,0.005212596130445019,0.005755031694721361,0.4709833333333333
33,0.0,closed,mi_obs,16,-0.07178689378686942,-0.6888745213847429,0.4709833333333333
33,0.0,closed,mi_obs,17,-0.002871588617162908,-0.001040809396828199,0.4709833333333333
33,0.0,closed,mi_obs,18,0.007410327398201856,-0.0019044803258550433,0.4709833333333333
33,0.0,closed,mi_obs,19,0.015879923940414764,0.2061463001321842,0.4709833333333333
33,0.0,closed,mi_obs,20,0.007508059807307719,-0.002142884477746682,0.4709833333333333
33,0.0,closed,mi_obs,21,0.03244852619487626,0.6293396416332714,0.4709833333333333
33,0.0,closed,mi_obs,22,-0.0520670795679129,-0.5299309065946738,0.4709833333333333
33,0.0,closed,mi_obs,23,-0.03102426949186665,-0.6196754144115837,0.4709833333333333
33,0.0,closed,mi_obs,24,0.06088947267689604,0.521137613102505,0.4709833333333333
33,0.0,closed,mi_obs,25,0.055675908630996696,0.525660015727355,0.4709833333333333
33,0.0,closed,mi_obs,26,-0.11641861724355816,0.06656472951180165,0.4709833333333333
33,0.0,closed,mi_obs,27,0.037665634913788985,-0.054790427500146496,0.4709833333333333
33,0.0,closed,mi_obs,28,-0.027008410120051063,-0.860894470174931,0.4709833333333333
33,0.0,closed,mi_obs,29,-0.016951681800314256,-0.6713209745725287,0.4709833333333333
33,0.0,closed,mi_obs,30,-0.040552552961221844,-0.8414811848725752,0.4709833333333333
33,0.0,closed,mi_obs,31,-0.04503668367887781,-0.5923110379995636,0.4709833333333333
33,0.0,closed,mi_obs,32,0.027530013351168336,0.8319385948088969,0.4709833333333333
33,0.0,closed,mi_obs,33,0.02847613841143705,-0.0063886564843448545,0.4709833333333333
33,0.0,closed,mi_obs,34,-0.14534446614407123,-0.22461562201141708,0.4709833333333333
33,0.0,closed,mi_obs,35,0.0024889371750047573,0.34028033008685193,0.4709833333333333
33,0.0,closed,mi_obs,36,-0.019682558069723632,-0.8162388424275776,0.4709833333333333
33,0.0,closed,mi_obs,37,-0.020767022788994782,-0.9078183782653775,0.4709833333333333
33,0.0,closed,mi_obs,38,0.06336248945427836,0.4925965915152447,0.4709833333333333
33,0.0,closed,mi_obs,39,-0.036946233320966804,-0.7011408506954062,0.4709833333333333
33,0.0,closed,mi_obs,40,-0.03014325312368498,0.0005852023113186919,0.4709833333333333
33,0.0,closed,mi_obs,41,0.1569337923566947,-0.024316733437707246,0.4709833333333333
33,0.0,closed,mi_obs,42,-0.02219878552872606,-0.29040486127633097,0.4709833333333333
33,0.0,closed,mi_obs,43,0.030001238519627105,0.6872915983099146,0.4709833333333333
33,0.0,closed,mi_obs,44,0.035345926768163505,0.7615250673445906,0.4709833333333333
33,0.0,closed,mi_obs,45,-0.08057934525427152,-0.49403073347170307,0.4709833333333333
33,0.0,closed,mi_obs,46,-0.026541395543576943,0.00835570871902457,0.4709833333333333
33,0.0,closed,mi_obs,47,0.10851265135101565,-0.2326154979600696,0.4709833333333333
33,0.0,closed,mi_obs,48,-0.028342002582052106,0.28612694856898463,0.4709833333333333
33,0.0,closed,mi_obs,49,0.03659811693817727,0.6286208655466183,0.4709833333333333
33,0.0,closed,mi_obs,50,0.036897170858853245,0.7976036246189773,0.4709833333333333
33,0.0,closed,mi_obs,51,0.04257677777504589,-0.006721973682825775,0.4709833333333333
33,0.0,closed,mi_obs,52,-0.07317754258699799,-0.4035350434838813,0.4709833333333333
33,0.0,closed,mi_obs,53,-0.015316703876600113,0.2845323099516946,0.4709833333333333
33,0.0,closed,mi_obs,54,-0.03147251447063526,-0.8434369006361133,0.4709833333333333
33,0.0,closed,mi_obs,55,-0.03728381692044058,-0.7553143936584579,0.4709833333333333
33,0.0,closed,mi_obs,56,-0.026347411942897237,0.002144082172371967,0.4709833333333333
33,0.0,closed,mi_obs,57,-0.004633945544771235,0.004916705040523887,0.4709833333333333
33,0.0,closed,mi_obs,58,-0.05782206826673336,-0.298258912245818,0.4709833333333333
33,0.0,closed,mi_obs,59,-0.025745467265873716,0.004753148215321078,0.4709833333333333
33,0.0,closed,mi_obs,60,-0.06651301232164875,-0.7497438566017773,0.4709833333333333
33,0.0,closed,mi_obs,61,0.11972468078942466,0.17799913767521297,0.4709833333333333
33,0.0,closed,mi_obs,62,0.15316477533246067,0.05799239232084805,0.4709833333333333
33,0.0,closed,mi_obs,63,-0.02153165087292383,-0.12151139459985016,0.4709833333333333
33,0.0,closed,mi_obs,64,-0.04109049701541319,-0.11205264974667094,0.4709833333333333
33,0.0,closed,mi_obs,65,0.007785018694206114,0.7988411171648677,0.4709833333333333
33,0.0,closed,mi_class,0,-0.0023273528637253313,0.0031635706879598402,0.4709833333333333
33,0.0,closed,mi_class,1,-0.3735458988648897,0.7441716187492539,0.4709833333333333
33,0.0,closed,mi_class,2,-0.371705217917206,0.8458684533170234,0.4709833333333333
33,0.0,closed,mi_class,3,0.34439177877390137,-0.7106521404810902,0.4709833333333333
33,0.0,closed,mi_class,4,0.3413752590857139,-0.7004260552733681,0.4709833333333333
33,0.0,closed,mi_class,5,-0.3216382191500421,0.7016034133622505,0.4709833333333333
33,0.0,closed,mi_class,6,0.0818772688608248,-0.006104150161232458,0.4709833333333333
33,0.0,closed,mi_class,7,-0.012348885983582216,0.029884558077729856,0.4709833333333333
33,0.0,closed,mi_class,8,0.017811077427908002,0.0003551726720736401,0.4709833333333333
33,0.0,closed,mi_class,9,0.7980371326116339,-0.8112850087341781,0.4709833333333333
33,0.0,closed,mi_class,10,0.30763426436347163,-0.8490216783715274,0.4709833333333333
33,0.0,closed,mi_class,11,0.36075814292175445,-0.36285647280603045,0.4709833333333333
33,0.0,closed,mi_class,12,-0.0059627574066634355,0.0060059250663975425,0.4709833333333333
33,0.0,closed,mi_class,13,0.002700334885181885,-0.0027555625334124067,0.4709833333333333
33,0.0,closed,mi_class,14,0.003825620912829784,-0.003924349201526344,0.4709833333333333
33,0.0,closed,mi_class,15,-0.0057662436396962785,0.005755031694721361,0.4709833333333333
33,0.0,closed,mi_class,16,0.6843816335773254,-0.6888745213847429,0.4709833333333333
33,0.0,closed,mi_class,17,0.001032451433982731,-0.001040809396828199,0.4709833333333333
33,0.0,closed,mi_class,18,0.001931261224018664,-0.0019044803258550433,0.4709833333333333
33,0.0,closed,mi_class,19,-1.205758086672125,0.2061463001321842,0.4709833333333333
33,0.0,closed,mi_class,20,0.06564475883983334,-0.002142884477746682,0.4709833333333333
33,0.0,closed,mi_class,21,-0.08633169354892256,0.6293396416332714,0.4709833333333333
33,0.0,closed,mi_class,22,0.2726835901456948,-0.5299309065946738,0.4709833333333333
33,0.0,closed,mi_class,23,0.3380795998857654,-0.6196754144115837,0.4709833333333333
33,0.0,closed,mi_class,24,-0.22680261801050638,0.521137613102505,0.4709833333333333
33,0.0,closed,mi_class,25,-0.14925510022385569,0.525660015727355,0.4709833333333333
33,0.0,closed,mi_class,26,-0.03378065038292753,0.06656472951180165,0.4709833333333333
33,0.0,closed,mi_class,27,-0.009720556216699552,-0.054790427500146496,0.4709833333333333
33,0.0,closed,mi_class,28,0.841751491317924,-0.860894470174931,0.4709833333333333
33,0.0,closed,mi_class,29,0.14470883581194416,-0.6713209745725287,0.4709833333333333
33,0.0,closed,mi_class,30,0.2627982812889411,-0.8414811848725752,0.4709833333333333
33,0.0,closed,mi_class,31,0.17157658065600523,-0.5923110379995636,0.4709833333333333
33,0.0,closed,mi_class,32,-0.2363217432146988,0.8319385948088969,0.4709833333333333
33,0.0,closed,mi_class,33,0.0006327110861070054,-0.0063886564843448545,0.4709833333333333
33,0.0,closed,mi_class,34,0.07614714502544592,-0.22461562201141708,0.4709833333333333
33,0.0,closed,mi_class,35,-0.1894338256587305,0.34028033008685193,0.4709833333333333
33,0.0,closed,mi_class,36,0.7959565380482254,-0.8162388424275776,0.4709833333333333
33,0.0,closed,mi_class,37,0.09767727920162539,-0.9078183782653775,0.4709833333333333
33,0.0,closed,mi_class,38,0.01641012187549995,0.4925965915152447,0.4709833333333333
33,0.0,closed,mi_class,39,0.016550107014526416,-0.7011408506954062,0.4709833333333333
33,0.0,closed,mi_class,40,-0.00022762945492844065,0.0005852023113186919,0.4709833333333333
33,0.0,closed,mi_class,41,-0.007119914720471764,-0.024316733437707246,0.4709833333333333
33,0.0,closed,mi_class,42,0.06279601799416235,-0.29040486127633097,0.4709833333333333
33,0.0,closed,mi_class,43,-0.6737246502532904,0.6872915983099146,0.4709833333333333
33,0.0,closed,mi_class,44,-0.16720026934819088,0.7615250673445906,0.4709833333333333
33,0.0,closed,mi_class,45,-0.0029096628755724274,-0.49403073347170307,0.4709833333333333
33,0.0,closed,mi_class,46,0.004061929515892546,0.00835570871902457,0.4709833333333333
33,0.0,closed,mi_class,47,-0.0024401498418195056,-0.2326154979600696,0.4709833333333333
33,0.0,closed,mi_class,48,-0.054500145558385504,0.28612694856898463,0.4709833333333333
33,0.0,closed,mi_class,49,-0.6160381762524852,0.6286208655466183,0.4709833333333333
33,0.0,closed,mi_class,50,-0.16926184840953773,0.7976036246189773,0.4709833333333333
33,0.0,closed,mi_class,51,0.027722007690689686,-0.006721973682825775,0.4709833333333333
33,0.0,closed,mi_class,52,0.013590918011799624,-0.4035350434838813,0.4709833333333333
33,0.0,closed,mi_class,53,-0.05971345895711361,0.2845323099516946,0.4709833333333333
33,0.0,closed,mi_class,54,0.8260200335781104,-0.8434369006361133,0.4709833333333333
33,0.0,closed,mi_class,55,0.1354925645088142,-0.7553143936584579,0.4709833333333333
33,0.0,closed,mi_class,56,0.005870770195521627,0.002144082172371967,0.4709833333333333
33,0.0,closed,mi_class,57,0.10031252707403943,0.004916705040523887,0.4709833333333333
33,0.0,closed,mi_class,58,0.2896465146699235,-0.298258912245818,0.4709833333333333
33,0.0,closed,mi_class,59,-0.11213982540989069,0.004753148215321078,0.4709833333333333
33,0.0,closed,mi_class,60,0.14484347527067787,-0.7497438566017773,0.4709833333333333
33,0.0,closed,mi_class,61,-0.17474449312764725,0.17799913767521297,0.4709833333333333
33,0.0,closed,mi_class,62,-0.017446011430658867,0.05799239232084805,0.4709833333333333
33,0.0,closed,mi_class,63,0.11904736734594687,-0.12151139459985016,0.4709833333333333
33,0.0,closed,mi_class,64,-0.02535110648762219,-0.11205264974667094,0.4709833333333333
33,0.0,closed,mi_class,65,-0.841725208392699,0.7988411171648677,0.4709833333333333
33,0.0,closed,mi_site,0,-0.02307267498211395,0.0031635706879598402,0.4709833333333333
33,0.0,closed,mi_site,1,0.03091436761955657,0.7441716187492539,0.4709833333333333
33,0.0,closed,mi_site,2,0.027178538379101558,0.8458684533170234,0.4709833333333333
33,0.0,closed,mi_site,3,-0.04597348715990346,-0.7106521404810902,0.4709833333333333
33,0.0,closed,mi_site,4,-0.043601897882743046,-0.7004260552733681,0.4709833333333333
33,0.0,closed,mi_site,5,0.03900481269928968,0.7016034133622505,0.4709833333333333
33,0.0,closed,mi_site,6,0.029111287921949384,-0.006104150161232458,0.4709833333333333
33,0.0,closed,mi_site,7,-0.09861101358584388,0.029884558077729856,0.4709833333333333
33,0.0,closed,mi_site,8,0.025204142346417303,0.0003551726720736401,0.4709833333333333
33,0.0,closed,mi_site,9,-0.019507036181626525,-0.8112850087341781,0.4709833333333333
33,0.0,closed,mi_site,10,-0.01436297163432887,-0.8490216783715274,0.4709833333333333
33,0.0,closed,mi_site,11,-0.02080664936006199,-0.36285647280603045,0.4709833333333333
33,0.0,closed,mi_site,12,0.01437739083641635,0.0060059250663975425,0.4709833333333333
33,0.0,closed,mi_site,13,0.010846367962475425,-0.0027555625334124067,0.4709833333333333
33,0.0,closed,mi_site,14,-0.0019634920852737757,-0.003924349201526344,0.4709833333333333
33,0.0,closed,mi_site,15,-0.0036137198376733314,0.005755031694721361,0.4709833333333333
33,0.0,closed,mi_site,16,-0.06167463641289006,-0.6888745213847429,0.4709833333333333
33,0.0,closed,mi_site,17,0.002274084923123037,-0.001040809396828199,0.4709833333333333
33,0.0,closed,mi_site,18,-0.009462275211453887,-0.0019044803258550433,0.4709833333333333
33,0.0,closed,mi_site,19,0.010097273019712721,0.2061463001321842,0.4709833333333333
33,0.0,closed,mi_site,20,0.003946792555949607,-0.002142884477746682,0.4709833333333333
33,0.0,closed,mi_site,21,0.02361781643088323,0.6293396416332714,0.4709833333333333
33,0.0,closed,mi_site,22,-0.043292392169004046,-0.5299309065946738,0.4709833333333333
33,0.0,closed,mi_site,23,-0.02885148354396061,-0.6196754144115837,0.4709833333333333
33,0.0,closed,mi_site,24,0.061556265945722055,0.521137613102505,0.4709833333333333
33,0.0,closed,mi_site,25,0.04949778522436998,0.525660015727355,0.4709833333333333
33,0.0,closed,mi_site,26,-0.10645498528588493,0.06656472951180165,0.4709833333333333
33,0.0,closed,mi_site,27,0.037703597283505065,-0.054790427500146496,0.4709833333333333
33,0.0,closed,mi_site,28,-0.022474769857045884,-0.860894470174931,0.4709833333333333
33,0.0,closed,mi_site,29,-0.012462585714186458,-0.6713209745725287,0.4709833333333333
33,0.0,closed,mi_site,30,-0.032232439902007526,-0.8414811848725752,0.4709833333333333
33,0.0,closed,mi_site,31,-0.05967925811774599,-0.5923110379995636,0.4709833333333333
33,0.0,closed,mi_site,32,0.01919572933453695,0.8319385948088969,0.4709833333333333
33,0.0,closed,mi_site,33,0.01930588346476219,-0.0063886564843448545,0.4709833333333333
33,0.0,closed,mi_site,34,-0.12132149579623994,-0.22461562201141708,0.4709833333333333
33,0.0,closed,mi_site,35,0.004548399361904432,0.34028033008685193,0.4709833333333333
33,0.0,closed,mi_site,36,-0.01342898574339424,-0.8162388424275776,0.4709833333333333
33,0.0,closed,mi_site,37,-0.019080086852800826,-0.9078183782653775,0.4709833333333333
33,0.0,closed,mi_site,38,0.06310108081265287,0.4925965915152447,0.4709833333333333
33,0.0,closed,mi_site,39,-0.032750520108006276,-0.7011408506954062,0.4709833333333333
33,0.0,closed,mi_site,40,-0.023488508386185537,0.0005852023113186919,0.4709833333333333
33,0.0,closed,mi_site,41,0.13756440634321085,-0.024316733437707246,0.4709833333333333
33,0.0,closed,mi_site,42,-0.024328482311570532,-0.29040486127633097,0.4709833333333333
33,0.0,closed,mi_site,43,0.027636479795117075,0.6872915983099146,0.4709833333333333
33,0.0,closed,mi_site,44,0.032465656618469785,0.7615250673445906,0.4709833333333333
33,0.0,closed,mi_site,45,-0.08433345639913808,-0.49403073347170307,0.4709833333333333
33,0.0,closed,mi_site,46,-0.029232626526412335,0.00835570871902457,0.4709833333333333
33,0.0,closed,mi_site,47,0.10329841522599387,-0.2326154979600696,0.4709833333333333
33,0.0,closed,mi_site,48,-0.03093384406308669,0.28612694856898463,0.4709833333333333
33,0.0,closed,mi_site,49,0.040189949636682654,0.6286208655466183,0.4709833333333333
33,0.0,closed,mi_site,50,0.042105841706097324,0.7976036246189773,0.4709833333333333
33,0.0,closed,mi_site,51,0.05287040894540966,-0.006721973682825775,0.4709833333333333
33,0.0,closed,mi_site,52,-0.05858559357914889,-0.4035350434838813,0.4709833333333333
33,0.0,closed,mi_site,53,-0.023460418326417987,0.2845323099516946,0.4709833333333333
33,0.0,closed,mi_site,54,-0.033029361673992286,-0.8434369006361133,0.4709833333333333
33,0.0,closed,mi_site,55,-0.03393258071324523,-0.7553143936584579,0.4709833333333333
33,0.0,closed,mi_site,56,-0.02801590643598278,0.002144082172371967,0.4709833333333333
33,0.0,closed,mi_site,57,-0.008195578767388696,0.004916705040523887,0.4709833333333333
33,0.0,closed,mi_site,58,-0.05452686209180241,-0.298258912245818,0.4709833333333333
33,0.0,closed,mi_site,59,-0.0239262098260738,0.004753148215321078,0.4709833333333333
33,0.0,closed,mi_site,60,-0.049324514207431225,-0.7497438566017773,0.4709833333333333
33,0.0,closed,mi_site,61,0.10674314718562022,0.17799913767521297,0.4709833333333333
33,0.0,closed,mi_site,62,0.12931342219640865,0.05799239232084805,0.4709833333333333
33,0.0,closed,mi_site,63,-0.01767352893138535,-0.12151139459985016,0.4709833333333333
33,0.0,closed,mi_site,64,-0.034780706650618456,-0.11205264974667094,0.4709833333333333
33,0.0,closed,mi_site,65,0.008274882896471492,0.7988411171648677,0.4709833333333333
33,1.0,aligned,available,0,-0.013702434977474283,0.00020632074530963144,0.4709833333333333
33,1.0,aligned,available,1,-0.01007250512948743,0.7502803416990385,0.4709833333333333
33,1.0,aligned,available,2,-0.005341775332239895,0.8471908015544699,0.4709833333333333
33,1.0,aligned,available,3,0.0013821574284480498,-0.7146812970704818,0.4709833333333333
33,1.0,aligned,available,4,-0.004486357433983623,-0.7030325243340367,0.4709833333333333
33,1.0,aligned,available,5,-0.0008385107346297049,0.7068067899772085,0.4709833333333333
33,1.0,aligned,available,6,0.0028911758083389177,-0.002861258005824979,0.4709833333333333
33,1.0,aligned,available,7,0.0022558464027305145,0.0312466259196885,0.4709833333333333
33,1.0,aligned,available,8,-0.020849870309934203,-0.0028824711269171835,0.4709833333333333
33,1.0,aligned,available,9,0.0017692648045318782,-0.8159836655443176,0.4709833333333333
33,1.0,aligned,available,10,-0.00021291745766538472,-0.8511832050689372,0.4709833333333333
33,1.0,aligned,available,11,-0.0030893540635024697,-0.36426886173896966,0.4709833333333333
33,1.0,aligned,available,12,0.02505624170680505,0.00454988395269709,0.4709833333333333
33,1.0,aligned,available,13,-0.00950819607581938,-0.000962238520949577,0.4709833333333333
33,1.0,aligned,available,14,0.002281176399010059,-0.004555844591896914,0.4709833333333333
33,1.0,aligned,available,15,0.009288462318833873,0.004590030413967372,0.4709833333333333
33,1.0,aligned,available,16,0.009238393482358886,-0.693496410393115,0.4709833333333333
33,1.0,aligned,available,17,-0.006719910711265319,-0.0030286711720593,0.4709833333333333
33,1.0,aligned,available,18,-0.010455273867257534,-0.0003905118634142859,0.4709833333333333
33,1.0,aligned,available,19,0.002349224409531697,0.208017406844774,0.4709833333333333
33,1.0,aligned,available,20,0.00337358640077869,-0.0012467974684617338,0.4709833333333333
33,1.0,aligned,available,21,0.0033229785670146894,0.6357844076032279,0.4709833333333333
33,1.0,aligned,available,22,-0.00956036454653919,-0.5377770872759341,0.4709833333333333
33,1.0,aligned,available,23,-0.011514955448707509,-0.6249043512095678,0.4709833333333333
33,1.0,aligned,available,24,0.007391921979735927,0.52947493088249,0.4709833333333333
33,1.0,aligned,available,25,-0.01214177129477334,0.523363080492637,0.4709833333333333
33,1.0,aligned,available,26,-0.0016826119795032707,0.06833438606972346,0.4709833333333333
33,1.0,aligned,available,27,0.0003442347774160748,-0.05734725790535846,0.4709833333333333
33,1.0,aligned,available,28,0.0024525503083528966,-0.8641545790371922,0.4709833333333333
33,1.0,aligned,available,29,0.0027490579568907325,-0.6779006317861122,0.4709833333333333
33,1.0,aligned,available,30,-0.001237992382130182,-0.8452149236014898,0.4709833333333333
33,1.0,aligned,available,31,-0.010945872541527457,-0.5959801757654277,0.4709833333333333
33,1.0,aligned,available,32,-0.0024106847433141843,0.8363977110172575,0.4709833333333333
33,1.0,aligned,available,33,-0.027819611498776497,-0.004067645696563818,0.4709833333333333
33,1.0,aligned,available,34,0.014246095178423984,-0.22512705519357398,0.4709833333333333
33,1.0,aligned,available,35,-0.005250138973035778,0.3384477579538918,0.4709833333333333
33,1.0,aligned,available,36,0.0039787769671701945,-0.8204610167710654,0.4709833333333333
33,1.0,aligned,available,37,0.0012913892447540265,-0.9097398252979157,0.4709833333333333
33,1.0,aligned,available,38,0.0014526677005103905,0.4980679086706978,0.4709833333333333
33,1.0,aligned,available,39,-0.006224142883763273,-0.7079872264298555,0.4709833333333333
33,1.0,aligned,available,40,4.8923335894811727e-05,-0.001708204226481383,0.4709833333333333
33,1.0,aligned,available,41,0.009965808091769833,-0.019579171987758128,0.4709833333333333
33,1.0,aligned,available,42,0.012030055855648814,-0.29023414071106773,0.4709833333333333
33,1.0,aligned,available,43,0.005051408364695309,0.6939279481597315,0.4709833333333333
33,1.0,aligned,available,44,0.0013737050200006706,0.766601257252536,0.4709833333333333
33,1.0,aligned,available,45,-0.001608481048735566,-0.499360134502318,0.4709833333333333
33,1.0,aligned,available,46,-0.0036615439369403766,0.007975768178717407,0.4709833333333333
33,1.0,aligned,available,47,0.003388968978077306,-0.2345188132677545,0.4709833333333333
33,1.0,aligned,available,48,0.012303990599523529,0.2879411283443209,0.4709833333333333
33,1.0,aligned,available,49,0.006101367182967166,0.6332366723550606,0.4709833333333333
33,1.0,aligned,available,50,0.002290756745506939,0.7996907056235082,0.4709833333333333
33,1.0,aligned,available,51,0.002539624314849415,-0.004808479045939608,0.4709833333333333
33,1.0,aligned,available,52,-0.0026057896654686497,-0.4013298350407968,0.4709833333333333
33,1.0,aligned,available,53,-0.017275404386730864,0.2845180856693672,0.4709833333333333
33,1.0,aligned,available,54,-0.005494563910584338,-0.8460782682228418,0.4709833333333333
33,1.0,aligned,available,55,0.00030976191007903164,-0.7608310619132717,0.4709833333333333
33,1.0,aligned,available,56,0.0061246167260034685,0.003196175439516887,0.4709833333333333
33,1.0,aligned,available,57,0.00733888642319387,0.00428610793654329,0.4709833333333333
33,1.0,aligned,available,58,-0.006777529147562078,-0.2981421115817974,0.4709833333333333
33,1.0,aligned,available,59,0.005023139020873828,0.0029178367420923876,0.4709833333333333
33,1.0,aligned,available,60,-0.00045461146550229703,-0.7525712189993911,0.4709833333333333
33,1.0,aligned,available,61,0.01178703897749292,0.1750330863234468,0.4709833333333333
33,1.0,aligned,available,62,0.0017903770451952739,0.057998603610327014,0.4709833333333333
33,1.0,aligned,available,63,-0.00730139345546571,-0.11948908814552914,0.4709833333333333
33,1.0,aligned,available,64,-0.0025012182511320313,-0.11071865842632311,0.4709833333333333
33,1.0,aligned,available,65,-0.0014403917347516337,0.8038500605516969,0.4709833333333333
33,1.0,aligned,mi_obs,0,-0.018448726778053377,0.00020632074530963144,0.4709833333333333
33,1.0,aligned,mi_obs,1,0.022214875139656698,0.7502803416990385,0.4709833333333333
33,1.0,aligned,mi_obs,2,0.03431630918500017,0.8471908015544699,0.4709833333333333
33,1.0,aligned,mi_obs,3,-0.03511953273712165,-0.7146812970704818,0.4709833333333333
33,1.0,aligned,mi_obs,4,-0.04258758164704057,-0.7030325243340367,0.4709833333333333
33,1.0,aligned,mi_obs,5,0.03231624270406519,0.7068067899772085,0.4709833333333333
33,1.0,aligned,mi_obs,6,0.013178961590678745,-0.002861258005824979,0.4709833333333333
33,1.0,aligned,mi_obs,7,-0.13379246854735521,0.0312466259196885,0.4709833333333333
33,1.0,aligned,mi_obs,8,0.004995985598665438,-0.0028824711269171835,0.4709833333333333
33,1.0,aligned,mi_obs,9,-0.010451317758883083,-0.8159836655443176,0.4709833333333333
33,1.0,aligned,mi_obs,10,-0.01245211957164949,-0.8511832050689372,0.4709833333333333
33,1.0,aligned,mi_obs,11,-0.022618110525974233,-0.36426886173896966,0.4709833333333333
33,1.0,aligned,mi_obs,12,0.023806615708370272,0.00454988395269709,0.4709833333333333
33,1.0,aligned,mi_obs,13,0.00042645357125394197,-0.000962238520949577,0.4709833333333333
33,1.0,aligned,mi_obs,14,0.0004342071021919249,-0.004555844591896914,0.4709833333333333
33,1.0,aligned,mi_obs,15,0.010377736014227791,0.004590030413967372,0.4709833333333333
33,1.0,aligned,mi_obs,16,-0.07508356072012712,-0.693496410393115,0.4709833333333333
33,1.0,aligned,mi_obs,17,1.850802750897728e-06,-0.0030286711720593,0.4709833333333333
33,1.0,aligned,mi_obs,18,-0.00023157486299115284,-0.0003905118634142859,0.4709833333333333
33,1.0,aligned,mi_obs,19,0.02144589871641353,0.208017406844774,0.4709833333333333
33,1.0,aligned,mi_obs,20,0.0013650627626526851,-0.0012467974684617338,0.4709833333333333
33,1.0,aligned,mi_obs,21,0.028520917470966967,0.6357844076032279,0.4709833333333333
33,1.0,aligned,mi_obs,22,-0.04945324480707969,-0.5377770872759341,0.4709833333333333
33,1.0,aligned,mi_obs,23,-0.033705655798237366,-0.6249043512095678,0.4709833333333333
33,1.0,aligned,mi_obs,24,0.050938898785390596,0.52947493088249,0.4709833333333333
33,1.0,aligned,mi_obs,25,0.05151401264840372,0.523363080492637,0.4709833333333333
33,1.0,aligned,mi_obs,26,-0.12934872748991644,0.06833438606972346,0.4709833333333333
33,1.0,aligned,mi_obs,27,0.028944625093035217,-0.05734725790535846,0.4709833333333333
33,1.0,aligned,mi_obs,28,-0.022321118006989438,-0.8641545790371922,0.4709833333333333
33,1.0,aligned,mi_obs,29,-0.011322056397185754,-0.6779006317861122,0.4709833333333333
33,1.0,aligned,mi_obs,30,-0.03102632414521267,-0.8452149236014898,0.4709833333333333
33,1.0,aligned,mi_obs,31,-0.04107683658501515,-0.5959801757654277,0.4709833333333333
33,1.0,aligned,mi_obs,32,0.013517861926569341,0.8363977110172575,0.4709833333333333
33,1.0,aligned,mi_obs,33,0.010122342321837738,-0.004067645696563818,0.4709833333333333
33,1.0,aligned,mi_obs,34,-0.1636570500581309,-0.22512705519357398,0.4709833333333333
33,1.0,aligned,mi_obs,35,-0.009392633221513291,0.3384477579538918,0.4709833333333333
33,1.0,aligned,mi_obs,36,-0.016608869756703504,-0.8204610167710654,0.4709833333333333
33,1.0,aligned,mi_obs,37,-0.01830909802252778,-0.9097398252979157,0.4709833333333333
33,1.0,aligned,mi_obs,38,0.06163845802634366,0.4980679086706978,0.4709833333333333
33,1.0,aligned,mi_obs,39,-0.039849912080776484,-0.7079872264298555,0.4709833333333333
33,1.0,aligned,mi_obs,40,-0.026242317553094294,-0.001708204226481383,0.4709833333333333
33,1.0,aligned,mi_obs,41,0.1713367721745392,-0.019579171987758128,0.4709833333333333
33,1.0,aligned,mi_obs,42,-0.005486105924399298,-0.29023414071106773,0.4709833333333333
33,1.0,aligned,mi_obs,43,0.03642247104586238,0.6939279481597315,0.4709833333333333
33,1.0,aligned,mi_obs,44,0.03183303463265519,0.766601257252536,0.4709833333333333
33,1.0,aligned,mi_obs,45,-0.07944998828988847,-0.499360134502318,0.4709833333333333
33,1.0,aligned,mi_obs,46,-0.02332821028390857,0.007975768178717407,0.4709833333333333
33,1.0,aligned,mi_obs,47,0.12737776931707484,-0.2345188132677545,0.4709833333333333
33,1.0,aligned,mi_obs,48,-0.012809271337693717,0.2879411283443209,0.4709833333333333
33,1.0,aligned,mi_obs,49,0.039657812552180594,0.6332366723550606,0.4709833333333333
33,1.0,aligned,mi_obs,50,0.03573230900996627,0.7996907056235082,0.4709833333333333
33,1.0,aligned,mi_obs,51,0.029984079515282116,-0.004808479045939608,0.4709833333333333
33,1.0,aligned,mi_obs,52,-0.08320746767925508,-0.4013298350407968,0.4709833333333333
33,1.0,aligned,mi_obs,53,-0.033423440735102894,0.2845180856693672,0.4709833333333333
33,1.0,aligned,mi_obs,54,-0.029576502107391267,-0.8460782682228418,0.4709833333333333
33,1.0,aligned,mi_obs,55,-0.030137469677634865,-0.7608310619132717,0.4709833333333333
33,1.0,aligned,mi_obs,56,-0.01784307961003217,0.003196175439516887,0.4709833333333333
33,1.0,aligned,mi_obs,57,0.001493148328370138,0.00428610793654329,0.4709833333333333
33,1.0,aligned,mi_obs,58,-0.05198026744608153,-0.2981421115817974,0.4709833333333333
33,1.0,aligned,mi_obs,59,-0.01658998663257438,0.0029178367420923876,0.4709833333333333
33,1.0,aligned,mi_obs,60,-0.06004967010160611,-0.7525712189993911,0.4709833333333333
33,1.0,aligned,mi_obs,61,0.13783077861070317,0.1750330863234468,0.4709833333333333
33,1.0,aligned,mi_obs,62,0.16771027812098485,0.057998603610327014,0.4709833333333333
33,1.0,aligned,mi_obs,63,-0.018313459953132133,-0.11948908814552914,0.4709833333333333
33,1.0,aligned,mi_obs,64,-0.021001180570266426,-0.11071865842632311,0.4709833333333333
33,1.0,aligned,mi_obs,65,0.0055533954096743665,0.8038500605516969,0.4709833333333333
33,1.0,aligned,mi_class,0,0.002858990275514618,0.00020632074530963144,0.4709833333333333
33,1.0,aligned,mi_class,1,-0.7882481975604176,0.7502803416990385,0.4709833333333333
33,1.0,aligned,mi_class,2,0.13456491377789803,0.8471908015544699,0.4709833333333333
33,1.0,aligned,mi_class,3,0.6897874201430525,-0.7146812970704818,0.4709833333333333
33,1.0,aligned,mi_class,4,0.6782299167514555,-0.7030325243340367,0.4709833333333333
33,1.0,aligned,mi_class,5,-0.6918862363423938,0.7068067899772085,0.4709833333333333
33,1.0,aligned,mi_class,6,-0.994281885027551,-0.002861258005824979,0.4709833333333333
33,1.0,aligned,mi_class,7,-0.030185759391583855,0.0312466259196885,0.4709833333333333
33,1.0,aligned,mi_class,8,0.09334079176152285,-0.0028824711269171835,0.4709833333333333
33,1.0,aligned,mi_class,9,-0.16766666008269038,-0.8159836655443176,0.4709833333333333
33,1.0,aligned,mi_class,10,0.8078784294421322,-0.8511832050689372,0.4709833333333333
33,1.0,aligned,mi_class,11,0.06937141915322825,-0.36426886173896966,0.4709833333333333
33,1.0,aligned,mi_class,12,-0.0018086001385988365,0.00454988395269709,0.4709833333333333
33,1.0,aligned,mi_class,13,-0.004957193564551595,-0.000962238520949577,0.4709833333333333
33,1.0,aligned,mi_class,14,0.0022317472105321304,-0.004555844591896914,0.4709833333333333
33,1.0,aligned,mi_class,15,0.018033179686328896,0.004590030413967372,0.4709833333333333
33,1.0,aligned,mi_class,16,0.6627037922453682,-0.693496410393115,0.4709833333333333
33,1.0,aligned,mi_class,17,-0.006136634589134227,-0.0030286711720593,0.4709833333333333
33,1.0,aligned,mi_class,18,-0.015582837541611117,-0.0003905118634142859,0.4709833333333333
33,1.0,aligned,mi_class,19,-0.16825828243443816,0.208017406844774,0.4709833333333333
33,1.0,aligned,mi_class,20,-0.02507729121132253,-0.0012467974684617338,0.4709833333333333
33,1.0,aligned,mi_class,21,-0.5801917316922554,0.6357844076032279,0.4709833333333333
33,1.0,aligned,mi_class,22,0.27659803496386903,-0.5377770872759341,0.4709833333333333
33,1.0,aligned,mi_class,23,0.3162369976871206,-0.6249043512095678,0.4709833333333333
33,1.0,aligned,mi_class,24,-0.394698337174784,0.52947493088249,0.4709833333333333
33,1.0,aligned,mi_class,25,-0.44678525456383045,0.523363080492637,0.4709833333333333
33,1.0,aligned,mi_class,26,-0.03080064767791378,0.06833438606972346,0.4709833333333333
33,1.0,aligned,mi_class,27,0.01693259173304726,-0.05734725790535846,0.4709833333333333
33,1.0,aligned,mi_class,28,0.7683019010475013,-0.8641545790371922,0.4709833333333333
33,1.0,aligned,mi_class,29,0.14274416163925185,-0.6779006317861122,0.4709833333333333
33,1.0,aligned,mi_class,30,0.6939055805923933,-0.8452149236014898,0.4709833333333333
33,1.0,aligned,mi_class,31,0.48865648006305545,-0.5959801757654277,0.4709833333333333
33,1.0,aligned,mi_class,32,-0.7432810395559327,0.8363977110172575,0.4709833333333333
33,1.0,aligned,mi_class,33,-0.9685361299247509,-0.004067645696563818,0.4709833333333333
33,1.0,aligned,mi_class,34,0.18618474606004085,-0.22512705519357398,0.4709833333333333
33,1.0,aligned,mi_class,35,-0.16905219343859237,0.3384477579538918,0.4709833333333333
33,1.0,aligned,mi_class,36,-0.17200721174686717,-0.8204610167710654,0.4709833333333333
33,1.0,aligned,mi_class,37,0.6950367565141017,-0.9097398252979157,0.4709833333333333
33,1.0,aligned,mi_class,38,0.01304702295734389,0.4980679086706978,0.4709833333333333
33,1.0,aligned,mi_class,39,0.2384635201781281,-0.7079872264298555,0.4709833333333333
33,1.0,aligned,mi_class,40,0.001507370188449491,-0.001708204226481383,0.4709833333333333
33,1.0,aligned,mi_class,41,0.009579991661038805,-0.019579171987758128,0.4709833333333333
33,1.0,aligned,mi_class,42,0.04756747469248593,-0.29023414071106773,0.4709833333333333
33,1.0,aligned,mi_class,43,-0.5776160535395048,0.6939279481597315,0.4709833333333333
33,1.0,aligned,mi_class,44,-0.17581084463838914,0.766601257252536,0.4709833333333333
33,1.0,aligned,mi_class,45,0.16088677195934625,-0.499360134502318,0.4709833333333333
33,1.0,aligned,mi_class,46,-0.007650458254351115,0.007975768178717407,0.4709833333333333
33,1.0,aligned,mi_class,47,-0.0022201061000983457,-0.2345188132677545,0.4709833333333333
33,1.0,aligned,mi_class,48,-0.043887158746148736,0.2879411283443209,0.4709833333333333
33,1.0,aligned,mi_class,49,-0.5262037867307986,0.6332366723550606,0.4709833333333333
33,1.0,aligned,mi_class,50,-0.17816671103336357,0.7996907056235082,0.4709833333333333
33,1.0,aligned,mi_class,51,-0.000649390900235673,-0.004808479045939608,0.4709833333333333
33,1.0,aligned,mi_class,52,0.15738005790249363,-0.4013298350407968,0.4709833333333333
33,1.0,aligned,mi_class,53,-0.11195052727660845,0.2845180856693672,0.4709833333333333
33,1.0,aligned,mi_class,54,0.7601547289371728,-0.8460782682228418,0.4709833333333333
33,1.0,aligned,mi_class,55,0.3882224332626585,-0.7608310619132717,0.4709833333333333
33,1.0,aligned,mi_class,56,-0.002939939937696324,0.003196175439516887,0.4709833333333333
33,1.0,aligned,mi_class,57,-0.0951167992404871,0.00428610793654329,0.4709833333333333
33,1.0,aligned,mi_class,58,1.270544192418435,-0.2981421115817974,0.4709833333333333
33,1.0,aligned,mi_class,59,0.008920183728399858,0.0029178367420923876,0.4709833333333333
33,1.0,aligned,mi_class,60,0.1326436106489176,-0.7525712189993911,0.4709833333333333
33,1.0,aligned,mi_class,61,-0.1468638085833151,0.1750330863234468,0.4709833333333333
33,1.0,aligned,mi_class,62,-0.014887202528150761,0.057998603610327014,0.4709833333333333
33,1.0,aligned,mi_class,63,0.0019382766027769838,-0.11948908814552914,0.4709833333333333
33,1.0,aligned,mi_class,64,-0.020910035887411388,-0.11071865842632311,0.4709833333333333
33,1.0,aligned,mi_class,65,-0.6248681756443534,0.8038500605516969,0.4709833333333333
33,1.0,aligned,mi_site,0,-0.019880866359521816,0.00020632074530963144,0.4709833333333333
33,1.0,aligned,mi_site,1,-0.06948978365212732,0.7502803416990385,0.4709833333333333
33,1.0,aligned,mi_site,2,-0.1735389680840741,0.8471908015544699,0.4709833333333333
33,1.0,aligned,mi_site,3,0.03917769276245375,-0.7146812970704818,0.4709833333333333
33,1.0,aligned,mi_site,4,0.01063884348229327,-0.7030325243340367,0.4709833333333333
33,1.0,aligned,mi_site,5,-0.034693933520120845,0.7068067899772085,0.4709833333333333
33,1.0,aligned,mi_site,6,0.01544615560573317,-0.002861258005824979,0.4709833333333333
33,1.0,aligned,mi_site,7,-0.0646217476665627,0.0312466259196885,0.4709833333333333
33,1.0,aligned,mi_site,8,-0.013141938675485167,-0.0028824711269171835,0.4709833333333333
33,1.0,aligned,mi_site,9,0.48352675836722103,-0.8159836655443176,0.4709833333333333
33,1.0,aligned,mi_site,10,0.07286348889917338,-0.8511832050689372,0.4709833333333333
33,1.0,aligned,mi_site,11,0.018006381994322473,-0.36426886173896966,0.4709833333333333
33,1.0,aligned,mi_site,12,0.006651808069334579,0.00454988395269709,0.4709833333333333
33,1.0,aligned,mi_site,13,0.008053232477660712,-0.000962238520949577,0.4709833333333333
33,1.0,aligned,mi_site,14,0.012276366407686104,-0.004555844591896914,0.4709833333333333
33,1.0,aligned,mi_site,15,-0.0038157455949501657,0.004590030413967372,0.4709833333333333
33,1.0,aligned,mi_site,16,-0.016894814328244467,-0.693496410393115,0.4709833333333333
33,1.0,aligned,mi_site,17,4.568135354875852e-05,-0.0030286711720593,0.4709833333333333
33,1.0,aligned,mi_site,18,0.002183811441936653,-0.0003905118634142859,0.4709833333333333
33,1.0,aligned,mi_site,19,-0.11473131860430014,0.208017406844774,0.4709833333333333
33,1.0,aligned,mi_site,20,0.007577409707599203,-0.0012467974684617338,0.4709833333333333
33,1.0,aligned,mi_site,21,-0.031706641346841535,0.6357844076032279,0.4709833333333333
33,1.0,aligned,mi_site,22,-0.025445557768368543,-0.5377770872759341,0.4709833333333333
33,1.0,aligned,mi_site,23,-0.017485610941687768,-0.6249043512095678,0.4709833333333333
33,1.0,aligned,mi_site,24,0.04888324033830649,0.52947493088249,0.4709833333333333
33,1.0,aligned,mi_site,25,0.030560223656336705,0.523363080492637,0.4709833333333333
33,1.0,aligned,mi_site,26,-0.07972660240390246,0.06833438606972346,0.4709833333333333
33,1.0,aligned,mi_site,27,0.006674375253497129,-0.05734725790535846,0.4709833333333333
33,1.0,aligned,mi_site,28,0.4901842194305177,-0.8641545790371922,0.4709833333333333
33,1.0,aligned,mi_site,29,0.02679129102498745,-0.6779006317861122,0.4709833333333333
33,1.0,aligned,mi_site,30,0.06663576137719862,-0.8452149236014898,0.4709833333333333
33,1.0,aligned,mi_site,31,0.04876889864565814,-0.5959801757654277,0.4709833333333333
33,1.0,aligned,mi_site,32,-0.07901370821604281,0.8363977110172575,0.4709833333333333
33,1.0,aligned,mi_site,33,0.021737658267240816,-0.004067645696563818,0.4709833333333333
33,1.0,aligned,mi_site,34,-0.07230242607963419,-0.22512705519357398,0.4709833333333333
33,1.0,aligned,mi_site,35,-0.034333847543172924,0.3384477579538918,0.4709833333333333
33,1.0,aligned,mi_site,36,0.49343696732488207,-0.8204610167710654,0.4709833333333333
33,1.0,aligned,mi_site,37,0.10869254992737121,-0.9097398252979157,0.4709833333333333
33,1.0,aligned,mi_site,38,0.04656054285812877,0.4980679086706978,0.4709833333333333
33,1.0,aligned,mi_site,39,-0.032390732890537066,-0.7079872264298555,0.4709833333333333
33,1.0,aligned,mi_site,40,-0.0263757835512002,-0.001708204226481383,0.4709833333333333
33,1.0,aligned,mi_site,41,0.13356336188615917,-0.019579171987758128,0.4709833333333333
33,1.0,aligned,mi_site,42,-0.010737045417753555,-0.29023414071106773,0.4709833333333333
33,1.0,aligned,mi_site,43,-0.3889581771073631,0.6939279481597315,0.4709833333333333
33,1.0,aligned,mi_site,44,0.01479826866119549,0.766601257252536,0.4709833333333333
33,1.0,aligned,mi_site,45,-0.07307806151265894,-0.499360134502318,0.4709833333333333
33,1.0,aligned,mi_site,46,-0.031854432100160646,0.007975768178717407,0.4709833333333333
33,1.0,aligned,mi_site,47,0.07876418168341148,-0.2345188132677545,0.4709833333333333
33,1.0,aligned,mi_site,48,-0.014957084973621526,0.2879411283443209,0.4709833333333333
33,1.0,aligned,mi_site,49,-0.3492875610702987,0.6332366723550606,0.4709833333333333
33,1.0,aligned,mi_site,50,-0.005893321325803447,0.7996907056235082,0.4709833333333333
33,1.0,aligned,mi_site,51,0.039195006068038,-0.004808479045939608,0.4709833333333333
33,1.0,aligned,mi_site,52,-0.043621763090973265,-0.4013298350407968,0.4709833333333333
33,1.0,aligned,mi_site,53,-0.024184894967758552,0.2845180856693672,0.4709833333333333
33,1.0,aligned,mi_site,54,0.4643582850399861,-0.8460782682228418,0.4709833333333333
33,1.0,aligned,mi_site,55,-0.01197004574372873,-0.7608310619132717,0.4709833333333333
33,1.0,aligned,mi_site,56,-0.021971686151635313,0.003196175439516887,0.4709833333333333
33,1.0,aligned,mi_site,57,0.004522223529322144,0.00428610793654329,0.4709833333333333
33,1.0,aligned,mi_site,58,0.14820624255710196,-0.2981421115817974,0.4709833333333333
33,1.0,aligned,mi_site,59,-0.010616721661103681,0.0029178367420923876,0.4709833333333333
33,1.0,aligned,mi_site,60,-0.03979618070678992,-0.7525712189993911,0.4709833333333333
33,1.0,aligned,mi_site,61,-0.037660473867693584,0.1750330863234468,0.4709833333333333
33,1.0,aligned,mi_site,62,0.087280042585689,0.057998603610327014,0.4709833333333333
33,1.0,aligned,mi_site,63,0.06541941380217786,-0.11948908814552914,0.4709833333333333
33,1.0,aligned,mi_site,64,5.327557301215702e-05,-0.11071865842632311,0.4709833333333333
33,1.0,aligned,mi_site,65,-0.4607352665985694,0.8038500605516969,0.4709833333333333
33,1.0,closed,available,0,-0.0007836349249592199,0.00020632074530963144,0.4709833333333333
33,1.0,closed,available,1,-0.0021893085761082176,0.7502803416990385,0.4709833333333333
33,1.0,closed,available,2,-0.007564306147477162,0.8471908015544699,0.4709833333333333
33,1.0,closed,available,3,0.0034528325137670457,-0.7146812970704818,0.4709833333333333
33,1.0,closed,available,4,-0.008240473555021666,-0.7030325243340367,0.4709833333333333
33,1.0,closed,available,5,-0.0032431947211541967,0.7068067899772085,0.4709833333333333
33,1.0,closed,available,6,0.015109171179421477,-0.002861258005824979,0.4709833333333333
33,1.0,closed,available,7,0.007103906243961344,0.0312466259196885,0.4709833333333333
33,1.0,closed,available,8,-0.007830861436794831,-0.0028824711269171835,0.4709833333333333
33,1.0,closed,available,9,0.0018276621414816674,-0.8159836655443176,0.4709833333333333
33,1.0,closed,available,10,-0.0010246699263788406,-0.8511832050689372,0.4709833333333333
33,1.0,closed,available,11,0.009631556769046201,-0.36426886173896966,0.4709833333333333
33,1.0,closed,available,12,-0.008081039247583301,0.00454988395269709,0.4709833333333333
33,1.0,closed,available,13,0.007457939461527669,-0.000962238520949577,0.4709833333333333
33,1.0,closed,available,14,0.01832074386133238,-0.004555844591896914,0.4709833333333333
33,1.0,closed,available,15,-0.00824663017032685,0.004590030413967372,0.4709833333333333
33,1.0,closed,available,16,0.001578501218247541,-0.693496410393115,0.4709833333333333
33,1.0,closed,available,17,-0.003441520480489845,-0.0030286711720593,0.4709833333333333
33,1.0,closed,available,18,0.021017361417030762,-0.0003905118634142859,0.4709833333333333
33,1.0,closed,available,19,0.0005764144404765414,0.208017406844774,0.4709833333333333
33,1.0,closed,available,20,0.004063675284602662,-0.0012467974684617338,0.4709833333333333
33,1.0,closed,available,21,0.002411740911229421,0.6357844076032279,0.4709833333333333
33,1.0,closed,available,22,0.026437859552346343,-0.5377770872759341,0.4709833333333333
33,1.0,closed,available,23,0.001876779532088535,-0.6249043512095678,0.4709833333333333
33,1.0,closed,available,24,-0.012813204684600898,0.52947493088249,0.4709833333333333
33,1.0,closed,available,25,0.005134414910687002,0.523363080492637,0.4709833333333333
33,1.0,closed,available,26,-0.002384224389518491,0.06833438606972346,0.4709833333333333
33,1.0,closed,available,27,-0.008493048724852577,-0.05734725790535846,0.4709833333333333
33,1.0,closed,available,28,0.001584179431020516,-0.8641545790371922,0.4709833333333333
33,1.0,closed,available,29,-0.00022163569780297987,-0.6779006317861122,0.4709833333333333
33,1.0,closed,available,30,-0.00446963318672311,-0.8452149236014898,0.4709833333333333
33,1.0,closed,available,31,-0.006584490435703194,-0.5959801757654277,0.4709833333333333
33,1.0,closed,available,32,0.0027026116060451244,0.8363977110172575,0.4709833333333333
33,1.0,closed,available,33,0.03109609225091561,-0.004067645696563818,0.4709833333333333
33,1.0,closed,available,34,-0.01551267394635536,-0.22512705519357398,0.4709833333333333
33,1.0,closed,available,35,0.024368439330628044,0.3384477579538918,0.4709833333333333
33,1.0,closed,available,36,-0.0007487315955838625,-0.8204610167710654,0.4709833333333333
33,1.0,closed,available,37,-0.00016628094906434576,-0.9097398252979157,0.4709833333333333
33,1.0,closed,available,38,0.0021842091234557937,0.4980679086706978,0.4709833333333333
33,1.0,closed,available,39,-0.005719091753902061,-0.7079872264298555,0.4709833333333333
33,1.0,closed,available,40,0.004791592161935114,-0.001708204226481383,0.4709833333333333
33,1.0,closed,available,41,0.003972025553373384,-0.019579171987758128,0.4709833333333333
33,1.0,closed,available,42,-0.011763632509618815,-0.29023414071106773,0.4709833333333333
33,1.0,closed,available,43,0.0030380007756576344,0.6939279481597315,0.4709833333333333
33,1.0,closed,available,44,0.0026410618139117714,0.766601257252536,0.4709833333333333
33,1.0,closed,available,45,-0.004018185793006168,-0.499360134502318,0.4709833333333333
33,1.0,closed,available,46,-0.008484422077384974,0.007975768178717407,0.4709833333333333
33,1.0,closed,available,47,-0.011614650251046854,-0.2345188132677545,0.4709833333333333
33,1.0,closed,available,48,-0.0033659594981295116,0.2879411283443209,0.4709833333333333
33,1.0,closed,available,49,0.013602859800016076,0.6332366723550606,0.4709833333333333
33,1.0,closed,available,50,0.00254013022801447,0.7996907056235082,0.4709833333333333
33,1.0,closed,available,51,6.0759379248954797e-05,-0.004808479045939608,0.4709833333333333
33,1.0,closed,available,52,0.003988946065800469,-0.4013298350407968,0.4709833333333333
33,1.0,closed,available,53,0.006801979260651014,0.2845180856693672,0.4709833333333333
33,1.0,closed,available,54,0.0003830762683919575,-0.8460782682228418,0.4709833333333333
33,1.0,closed,available,55,-0.0020126457378882856,-0.7608310619132717,0.4709833333333333
33,1.0,closed,available,56,-0.002560781180099748,0.003196175439516887,0.4709833333333333
33,1.0,closed,available,57,-0.025273170624405344,0.00428610793654329,0.4709833333333333
33,1.0,closed,available,58,0.007657183285801339,-0.2981421115817974,0.4709833333333333
33,1.0,closed,available,59,-0.0047718641913460725,0.0029178367420923876,0.4709833333333333
33,1.0,closed,available,60,0.0018019478889010898,-0.7525712189993911,0.4709833333333333
33,1.0,closed,available,61,-0.0008647537535606264,0.1750330863234468,0.4709833333333333
33,1.0,closed,available,62,-0.010619089564484367,0.057998603610327014,0.4709833333333333
33,1.0,closed,available,63,-0.0008225146613786982,-0.11948908814552914,0.4709833333333333
33,1.0,closed,available,64,-0.006553385327938893,-0.11071865842632311,0.4709833333333333
33,1.0,closed,available,65,-0.0005142345085398237,0.8038500605516969,0.4709833333333333
33,1.0,closed,mi_obs,0,-0.019802615690962852,0.00020632074530963144,0.4709833333333333
33,1.0,closed,mi_obs,1,0.022680117735183414,0.7502803416990385,0.4709833333333333
33,1.0,closed,mi_obs,2,0.03285598064252104,0.8471908015544699,0.4709833333333333
33,1.0,closed,mi_obs,3,-0.0211671281028305,-0.7146812970704818,0.4709833333333333
33,1.0,closed,mi_obs,4,-0.03572643755369587,-0.7030325243340367,0.4709833333333333
33,1.0,closed,mi_obs,5,0.024871585557306508,0.7068067899772085,0.4709833333333333
33,1.0,closed,mi_obs,6,0.026282616792766472,-0.002861258005824979,0.4709833333333333
33,1.0,closed,mi_obs,7,-0.14073852255823777,0.0312466259196885,0.4709833333333333
33,1.0,closed,mi_obs,8,0.015845212956111188,-0.0028824711269171835,0.4709833333333333
33,1.0,closed,mi_obs,9,-0.009837896549641179,-0.8159836655443176,0.4709833333333333
33,1.0,closed,mi_obs,10,-0.012677099116909285,-0.8511832050689372,0.4709833333333333
33,1.0,closed,mi_obs,11,-0.036283726196613186,-0.36426886173896966,0.4709833333333333
33,1.0,closed,mi_obs,12,0.002459170233665379,0.00454988395269709,0.4709833333333333
33,1.0,closed,mi_obs,13,0.011252231711577021,-0.000962238520949577,0.4709833333333333
33,1.0,closed,mi_obs,14,0.020598550869954265,-0.004555844591896914,0.4709833333333333
33,1.0,closed,mi_obs,15,-0.004851380752294514,0.004590030413967372,0.4709833333333333
33,1.0,closed,mi_obs,16,-0.0805832617590938,-0.693496410393115,0.4709833333333333
33,1.0,closed,mi_obs,17,-0.0010089108543511515,-0.0030286711720593,0.4709833333333333
33,1.0,closed,mi_obs,18,0.007912435521975007,-0.0003905118634142859,0.4709833333333333
33,1.0,closed,mi_obs,19,0.028943648423339435,0.208017406844774,0.4709833333333333
33,1.0,closed,mi_obs,20,0.012534743765519477,-0.0012467974684617338,0.4709833333333333
33,1.0,closed,mi_obs,21,0.031480826685400976,0.6357844076032279,0.4709833333333333
33,1.0,closed,mi_obs,22,-0.03019046341465048,-0.5377770872759341,0.4709833333333333
33,1.0,closed,mi_obs,23,-0.03351013866196151,-0.6249043512095678,0.4709833333333333
33,1.0,closed,mi_obs,24,0.05247814649747273,0.52947493088249,0.4709833333333333
33,1.0,closed,mi_obs,25,0.05865463533725157,0.523363080492637,0.4709833333333333
33,1.0,closed,mi_obs,26,-0.13557603257177414,0.06833438606972346,0.4709833333333333
33,1.0,closed,mi_obs,27,0.027522206842403564,-0.05734725790535846,0.4709833333333333
33,1.0,closed,mi_obs,28,-0.023173258299980293,-0.8641545790371922,0.4709833333333333
33,1.0,closed,mi_obs,29,-0.013149470154943943,-0.6779006317861122,0.4709833333333333
33,1.0,closed,mi_obs,30,-0.022891446750234357,-0.8452149236014898,0.4709833333333333
33,1.0,closed,mi_obs,31,-0.04375488485307322,-0.5959801757654277,0.4709833333333333
33,1.0,closed,mi_obs,32,0.013199293932899092,0.8363977110172575,0.4709833333333333
33,1.0,closed,mi_obs,33,0.035360165749604,-0.004067645696563818,0.4709833333333333
33,1.0,closed,mi_obs,34,-0.16060784571834805,-0.22512705519357398,0.4709833333333333
33,1.0,closed,mi_obs,35,-0.00488882642725591,0.3384477579538918,0.4709833333333333
33,1.0,closed,mi_obs,36,-0.020026199323372684,-0.8204610167710654,0.4709833333333333
33,1.0,closed,mi_obs,37,-0.02324292344279566,-0.9097398252979157,0.4709833333333333
33,1.0,closed,mi_obs,38,0.0524106611284853,0.4980679086706978,0.4709833333333333
33,1.0,closed,mi_obs,39,-0.03305304115293284,-0.7079872264298555,0.4709833333333333
33,1.0,closed,mi_obs,40,-0.02280746443263251,-0.001708204226481383,0.4709833333333333
33,1.0,closed,mi_obs,41,0.1626222883140864,-0.019579171987758128,0.4709833333333333
33,1.0,closed,mi_obs,42,-0.017529968439251975,-0.29023414071106773,0.4709833333333333
33,1.0,closed,mi_obs,43,0.019171322253936474,0.6939279481597315,0.4709833333333333
33,1.0,closed,mi_obs,44,0.02312362988583383,0.766601257252536,0.4709833333333333
33,1.0,closed,mi_obs,45,-0.07666338337003731,-0.499360134502318,0.4709833333333333
33,1.0,closed,mi_obs,46,-0.03196980114941536,0.007975768178717407,0.4709833333333333
33,1.0,closed,mi_obs,47,0.11869266463179322,-0.2345188132677545,0.4709833333333333
33,1.0,closed,mi_obs,48,-0.019290925054053,0.2879411283443209,0.4709833333333333
33,1.0,closed,mi_obs,49,0.029001999226078934,0.6332366723550606,0.4709833333333333
33,1.0,closed,mi_obs,50,0.03437555470952358,0.7996907056235082,0.4709833333333333
33,1.0,closed,mi_obs,51,0.048498350967438174,-0.004808479045939608,0.4709833333333333
33,1.0,closed,mi_obs,52,-0.08304952321533166,-0.4013298350407968,0.4709833333333333
33,1.0,closed,mi_obs,53,-0.03039992448330542,0.2845180856693672,0.4709833333333333
33,1.0,closed,mi_obs,54,-0.029499900098910126,-0.8460782682228418,0.4709833333333333
33,1.0,closed,mi_obs,55,-0.03171637503281444,-0.7608310619132717,0.4709833333333333
33,1.0,closed,mi_obs,56,-0.04207731791464828,0.003196175439516887,0.4709833333333333
33,1.0,closed,mi_obs,57,0.006982428571763649,0.00428610793654329,0.4709833333333333
33,1.0,closed,mi_obs,58,-0.06390580973358678,-0.2981421115817974,0.4709833333333333
33,1.0,closed,mi_obs,59,-0.02705282601634865,0.0029178367420923876,0.4709833333333333
33,1.0,closed,mi_obs,60,-0.05062665428954394,-0.7525712189993911,0.4709833333333333
33,1.0,closed,mi_obs,61,0.14842926984699692,0.1750330863234468,0.4709833333333333
33,1.0,closed,mi_obs,62,0.16607265749939118,0.057998603610327014,0.4709833333333333
33,1.0,closed,mi_obs,63,-0.024686557789874747,-0.11948908814552914,0.4709833333333333
33,1.0,closed,mi_obs,64,-0.03207894348612669,-0.11071865842632311,0.4709833333333333
33,1.0,closed,mi_obs,65,0.003459642292875542,0.8038500605516969,0.4709833333333333
33,1.0,closed,mi_class,0,0.08694927029656857,0.00020632074530963144,0.4709833333333333
33,1.0,closed,mi_class,1,-0.340859937772406,0.7502803416990385,0.4709833333333333
33,1.0,closed,mi_class,2,-0.8245393058207944,0.8471908015544699,0.4709833333333333
33,1.0,closed,mi_class,3,0.3310747062273743,-0.7146812970704818,0.4709833333333333
33,1.0,closed,mi_class,4,0.31871440189962646,-0.7030325243340367,0.4709833333333333
33,1.0,closed,mi_class,5,-0.44377247542544584,0.7068067899772085,0.4709833333333333
33,1.0,closed,mi_class,6,-0.030327437048262885,-0.002861258005824979,0.4709833333333333
33,1.0,closed,mi_class,7,-0.01761835996605166,0.0312466259196885,0.4709833333333333
33,1.0,closed,mi_class,8,0.028348136968679577,-0.0028824711269171835,0.4709833333333333
33,1.0,closed,mi_class,9,0.2638177992533597,-0.8159836655443176,0.4709833333333333
33,1.0,closed,mi_class,10,0.27501139735140445,-0.8511832050689372,0.4709833333333333
33,1.0,closed,mi_class,11,0.050336692195049826,-0.36426886173896966,0.4709833333333333
33,1.0,closed,mi_class,12,-0.014829003991295202,0.00454988395269709,0.4709833333333333
33,1.0,closed,mi_class,13,0.005251167367942499,-0.000962238520949577,0.4709833333333333
33,1.0,closed,mi_class,14,0.007620822366823533,-0.004555844591896914,0.4709833333333333
33,1.0,closed,mi_class,15,-0.005490285825437734,0.004590030413967372,0.4709833333333333
33,1.0,closed,mi_class,16,0.09546550852969882,-0.693496410393115,0.4709833333333333
33,1.0,closed,mi_class,17,-0.0001584912493212999,-0.0030286711720593,0.4709833333333333
33,1.0,closed,mi_class,18,-0.011414624787116589,-0.0003905118634142859,0.4709833333333333
33,1.0,closed,mi_class,19,0.006012422355160363,0.208017406844774,0.4709833333333333
33,1.0,closed,mi_class,20,-0.004393241501990401,-0.0012467974684617338,0.4709833333333333
33,1.0,closed,mi_class,21,-0.31810219004610835,0.6357844076032279,0.4709833333333333
33,1.0,closed,mi_class,22,0.28816848419285224,-0.5377770872759341,0.4709833333333333
33,1.0,closed,mi_class,23,0.31906639789612684,-0.6249043512095678,0.4709833333333333
33,1.0,closed,mi_class,24,-0.39676519334804533,0.52947493088249,0.4709833333333333
33,1.0,closed,mi_class,25,-0.21329130617686487,0.523363080492637,0.4709833333333333
33,1.0,closed,mi_class,26,-0.04238519382498142,0.06833438606972346,0.4709833333333333
33,1.0,closed,mi_class,27,0.017135344166183383,-0.05734725790535846,0.4709833333333333
33,1.0,closed,mi_class,28,0.0986709123347369,-0.8641545790371922,0.4709833333333333
33,1.0,closed,mi_class,29,0.13532846538584187,-0.6779006317861122,0.4709833333333333
33,1.0,closed,mi_class,30,0.5334087617430141,-0.8452149236014898,0.4709833333333333
33,1.0,closed,mi_class,31,0.36988831706390946,-0.5959801757654277,0.4709833333333333
33,1.0,closed,mi_class,32,-0.6107962211342965,0.8363977110172575,0.4709833333333333
33,1.0,closed,mi_class,33,-0.016302528238677044,-0.004067645696563818,0.4709833333333333
33,1.0,closed,mi_class,34,0.1497446122808479,-0.22512705519357398,0.4709833333333333
33,1.0,closed,mi_class,35,-0.24705800141776096,0.3384477579538918,0.4709833333333333
33,1.0,closed,mi_class,36,0.3536752273500742,-0.8204610167710654,0.4709833333333333
33,1.0,closed,mi_class,37,0.4741084861929411,-0.9097398252979157,0.4709833333333333
33,1.0,closed,mi_class,38,0.015172531714515547,0.4980679086706978,0.4709833333333333
33,1.0,closed,mi_class,39,0.0613266573069049,-0.7079872264298555,0.4709833333333333
33,1.0,closed,mi_class,40,0.003654746109499682,-0.001708204226481383,0.4709833333333333
33,1.0,closed,mi_class,41,-0.000791741897192777,-0.019579171987758128,0.4709833333333333
33,1.0,closed,mi_class,42,0.04333287402973823,-0.29023414071106773,0.4709833333333333
33,1.0,closed,mi_class,43,-0.15848351077555123,0.6939279481597315,0.4709833333333333
33,1.0,closed,mi_class,44,-0.17158195966538092,0.766601257252536,0.4709833333333333
33,1.0,closed,mi_class,45,0.038263318433870264,-0.499360134502318,0.4709833333333333
33,1.0,closed,mi_class,46,-0.002181986134405757,0.007975768178717407,0.4709833333333333
33,1.0,closed,mi_class,47,0.008466077476925599,-0.2345188132677545,0.4709833333333333
33,1.0,closed,mi_class,48,-0.04090937390431734,0.2879411283443209,0.4709833333333333
33,1.0,closed,mi_class,49,-0.1427508285579681,0.6332366723550606,0.4709833333333333
33,1.0,closed,mi_class,50,-0.17343159728552948,0.7996907056235082,0.4709833333333333
33,1.0,closed,mi_class,51,0.0064055844999922765,-0.004808479045939608,0.4709833333333333
33,1.0,closed,mi_class,52,0.05459657456782979,-0.4013298350407968,0.4709833333333333
33,1.0,closed,mi_class,53,-0.07024716916475673,0.2845180856693672,0.4709833333333333
33,1.0,closed,mi_class,54,0.36184489490173816,-0.8460782682228418,0.4709833333333333
33,1.0,closed,mi_class,55,0.3531779414655642,-0.7608310619132717,0.4709833333333333
33,1.0,closed,mi_class,56,0.0015860436464970682,0.003196175439516887,0.4709833333333333
33,1.0,closed,mi_class,57,-0.0394279920832072,0.00428610793654329,0.4709833333333333
33,1.0,closed,mi_class,58,0.05825543249961404,-0.2981421115817974,0.4709833333333333
33,1.0,closed,mi_class,59,0.049828625761424404,0.0029178367420923876,0.4709833333333333
33,1.0,closed,mi_class,60,0.17419741800275623,-0.7525712189993911,0.4709833333333333
33,1.0,closed,mi_class,61,-0.04872718448405294,0.1750330863234468,0.4709833333333333
33,1.0,closed,mi_class,62,-0.016338898499881183,0.057998603610327014,0.4709833333333333
33,1.0,closed,mi_class,63,-0.003020166559206394,-0.11948908814552914,0.4709833333333333
33,1.0,closed,mi_class,64,-0.01137715721701349,-0.11071865842632311,0.4709833333333333
33,1.0,closed,mi_class,65,0.0036699317176246415,0.8038500605516969,0.4709833333333333
33,1.0,closed,mi_site,0,-0.01860851599525166,0.00020632074530963144,0.4709833333333333
33,1.0,closed,mi_site,1,0.020555718348561958,0.7502803416990385,0.4709833333333333
33,1.0,closed,mi_site,2,0.022299842691863025,0.8471908015544699,0.4709833333333333
33,1.0,closed,mi_site,3,-0.023488522716506366,-0.7146812970704818,0.4709833333333333
33,1.0,closed,mi_site,4,-0.03850280086976143,-0.7030325243340367,0.4709833333333333
33,1.0,closed,mi_site,5,0.026298334198764373,0.7068067899772085,0.4709833333333333
33,1.0,closed,mi_site,6,0.03149108006225819,-0.002861258005824979,0.4709833333333333
33,1.0,closed,mi_site,7,-0.11381076617133001,0.0312466259196885,0.4709833333333333
33,1.0,closed,mi_site,8,0.004394338975540821,-0.0028824711269171835,0.4709833333333333
33,1.0,closed,mi_site,9,-0.011188423463262431,-0.8159836655443176,0.4709833333333333
33,1.0,closed,mi_site,10,-0.011565368211604032,-0.8511832050689372,0.4709833333333333
33,1.0,closed,mi_site,11,-0.030884415135987553,-0.36426886173896966,0.4709833333333333
33,1.0,closed,mi_site,12,-0.0012567034801860776,0.00454988395269709,0.4709833333333333
33,1.0,closed,mi_site,13,0.01316835439004886,-0.000962238520949577,0.4709833333333333
33,1.0,closed,mi_site,14,0.01674049396967175,-0.004555844591896914,0.4709833333333333
33,1.0,closed,mi_site,15,-0.015452106299446308,0.004590030413967372,0.4709833333333333
33,1.0,closed,mi_site,16,-0.06324821097896383,-0.693496410393115,0.4709833333333333
33,1.0,closed,mi_site,17,0.0041901589092128,-0.0030286711720593,0.4709833333333333
33,1.0,closed,mi_site,18,0.01254061131276561,-0.0003905118634142859,0.4709833333333333
33,1.0,closed,mi_site,19,0.026398976404331503,0.208017406844774,0.4709833333333333
33,1.0,closed,mi_site,20,0.012112647496485414,-0.0012467974684617338,0.4709833333333333
33,1.0,closed,mi_site,21,0.026207439135600086,0.6357844076032279,0.4709833333333333
33,1.0,closed,mi_site,22,-0.023876128257650953,-0.5377770872759341,0.4709833333333333
33,1.0,closed,mi_site,23,-0.033160681171251705,-0.6249043512095678,0.4709833333333333
33,1.0,closed,mi_site,24,0.051468180448905554,0.52947493088249,0.4709833333333333
33,1.0,closed,mi_site,25,0.05193319972939192,0.523363080492637,0.4709833333333333
33,1.0,closed,mi_site,26,-0.11721390686839345,0.06833438606972346,0.4709833333333333
33,1.0,closed,mi_site,27,0.01951393433459999,-0.05734725790535846,0.4709833333333333
33,1.0,closed,mi_site,28,-0.020761218752539667,-0.8641545790371922,0.4709833333333333
33,1.0,closed,mi_site,29,-0.010349205573016107,-0.6779006317861122,0.4709833333333333
33,1.0,closed,mi_site,30,-0.021443543836139,-0.8452149236014898,0.4709833333333333
33,1.0,closed,mi_site,31,-0.05440792481718515,-0.5959801757654277,0.4709833333333333
33,1.0,closed,mi_site,32,0.01357733360448099,0.8363977110172575,0.4709833333333333
33,1.0,closed,mi_site,33,0.03514165456149117,-0.004067645696563818,0.4709833333333333
33,1.0,closed,mi_site,34,-0.12844754976063313,-0.22512705519357398,0.4709833333333333
33,1.0,closed,mi_site,35,-0.01565092193728418,0.3384477579538918,0.4709833333333333
33,1.0,closed,mi_site,36,-0.0175044595720929,-0.8204610167710654,0.4709833333333333
33,1.0,closed,mi_site,37,-0.01986198893103852,-0.9097398252979157,0.4709833333333333
33,1.0,closed,mi_site,38,0.0596772375948918,0.4980679086706978,0.4709833333333333
33,1.0,closed,mi_site,39,-0.03568789810024964,-0.7079872264298555,0.4709833333333333
33,1.0,closed,mi_site,40,-0.02120655018443984,-0.001708204226481383,0.4709833333333333
33,1.0,closed,mi_site,41,0.14129314352091976,-0.019579171987758128,0.4709833333333333
33,1.0,closed,mi_site,42,-0.01146941928258649,-0.29023414071106773,0.4709833333333333
33,1.0,closed,mi_site,43,0.021990554307735888,0.6939279481597315,0.4709833333333333
33,1.0,closed,mi_site,44,0.02824761224307093,0.766601257252536,0.4709833333333333
33,1.0,closed,mi_site,45,-0.07783031624197634,-0.499360134502318,0.4709833333333333
33,1.0,closed,mi_site,46,-0.030419318883959764,0.007975768178717407,0.4709833333333333
33,1.0,closed,mi_site,47,0.10433077879501512,-0.2345188132677545,0.4709833333333333
33,1.0,closed,mi_site,48,-0.018615575900114978,0.2879411283443209,0.4709833333333333
33,1.0,closed,mi_site,49,0.031637735210173434,0.6332366723550606,0.4709833333333333
33,1.0,closed,mi_site,50,0.03780606190309577,0.7996907056235082,0.4709833333333333
33,1.0,closed,mi_site,51,0.05756956445348985,-0.004808479045939608,0.4709833333333333
33,1.0,closed,mi_site,52,-0.06259502477635331,-0.4013298350407968,0.4709833333333333
33,1.0,closed,mi_site,53,-0.037451888237237,0.2845180856693672,0.4709833333333333
33,1.0,closed,mi_site,54,-0.027987942483305828,-0.8460782682228418,0.4709833333333333
33,1.0,closed,mi_site,55,-0.030788771699364892,-0.7608310619132717,0.4709833333333333
33,1.0,closed,mi_site,56,-0.04509651229182307,0.003196175439516887,0.4709833333333333
33,1.0,closed,mi_site,57,0.0010638812830946502,0.00428610793654329,0.4709833333333333
33,1.0,closed,mi_site,58,-0.06490310533871269,-0.2981421115817974,0.4709833333333333
33,1.0,closed,mi_site,59,-0.0271770044267073,0.0029178367420923876,0.4709833333333333
33,1.0,closed,mi_site,60,-0.03659500294135287,-0.7525712189993911,0.4709833333333333
33,1.0,closed,mi_site,61,0.12542108953452394,0.1750330863234468,0.4709833333333333
33,1.0,closed,mi_site,62,0.13386018486812043,0.057998603610327014,0.4709833333333333
33,1.0,closed,mi_site,63,-0.01598022911713648,-0.11948908814552914,0.4709833333333333
33,1.0,closed,mi_site,64,-0.018150877626447903,-0.11071865842632311,0.4709833333333333
33,1.0,closed,mi_site,65,0.004412206522992679,0.8038500605516969,0.4709833333333333
33,2.0,aligned,available,0,0.0006696553595704167,-0.010342492370605067,0.4709833333333333
33,2.0,aligned,available,1,-0.010568537657446586,0.7659495818264178,0.4709833333333333
33,2.0,aligned,available,2,-0.008059581451329012,0.8498934076275174,0.4709833333333333
33,2.0,aligned,available,3,0.001157006185611098,-0.7254729567316064,0.4709833333333333
33,2.0,aligned,available,4,-0.01361138384607008,-0.7084824025663367,0.4709833333333333
33,2.0,aligned,available,5,-0.001937571519672332,0.7188968198469645,0.4709833333333333
33,2.0,aligned,available,6,0.010456912962549851,0.00576555940542819,0.4709833333333333
33,2.0,aligned,available,7,0.012516000643502806,0.0386781488420817,0.4709833333333333
33,2.0,aligned,available,8,-0.03427164120369085,-0.012880174497807446,0.4709833333333333
33,2.0,aligned,available,9,0.0035638982537449237,-0.8276570490626615,0.4709833333333333
33,2.0,aligned,available,10,-0.00027191435804274633,-0.855523703724642,0.4709833333333333
33,2.0,aligned,available,11,0.013361391020938251,-0.3706965499141067,0.4709833333333333
33,2.0,aligned,available,12,0.042546338149890325,-0.0015402073033977948,0.4709833333333333
33,2.0,aligned,available,13,-0.012488352168388579,0.004611900121761927,0.4709833333333333
33,2.0,aligned,available,14,-0.004422864000547401,-0.0009330236649409949,0.4709833333333333
33,2.0,aligned,available,15,0.013120562235031798,-0.000541208504153116,0.4709833333333333
33,2.0,aligned,available,16,0.012103138110600264,-0.7070898755342419,0.4709833333333333
33,2.0,aligned,available,17,-0.003044084449188067,-0.006431763591472193,0.4709833333333333
33,2.0,aligned,available,18,-0.015143898986749168,0.0029379786612757546,0.4709833333333333
33,2.0,aligned,available,19,-0.0036678190090720098,0.21496924916105947,0.4709833333333333
33,2.0,aligned,available,20,-0.006301916879975845,0.0042690358428771474,0.4709833333333333
33,2.0,aligned,available,21,-0.004941444263819705,0.6511051691494608,0.4709833333333333
33,2.0,aligned,available,22,-0.014277976779500379,-0.5573834459174772,0.4709833333333333
33,2.0,aligned,available,23,-0.01586136983713049,-0.6381345071460934,0.4709833333333333
33,2.0,aligned,available,24,0.0078006360727941315,0.5497582945590215,0.4709833333333333
33,2.0,aligned,available,25,-0.012581732330502637,0.5177973516890252,0.4709833333333333
33,2.0,aligned,available,26,-0.00042241855394467565,0.07574514673042836,0.4709833333333333
33,2.0,aligned,available,27,-0.004548793374649959,-0.0658921967413801,0.4709833333333333
33,2.0,aligned,available,28,0.0044224331398831085,-0.8721968516435228,0.4709833333333333
33,2.0,aligned,available,29,0.0050264096260748126,-0.6937945243198211,0.4709833333333333
33,2.0,aligned,available,30,-0.0024422492772566695,-0.8553669700106756,0.4709833333333333
33,2.0,aligned,available,31,-0.024542183415268926,-0.605527023568365,0.4709833333333333
33,2.0,aligned,available,32,0.00012446422766099197,0.8474939010258293,0.4709833333333333
33,2.0,aligned,available,33,-0.02185607879608751,0.00141358048319976,0.4709833333333333
33,2.0,aligned,available,34,0.014173867064856571,-0.22238171140392465,0.4709833333333333
33,2.0,aligned,available,35,0.01581534850563704,0.33172065028685405,0.4709833333333333
33,2.0,aligned,available,36,0.00571665393771037,-0.8306307961917618,0.4709833333333333
33,2.0,aligned,available,37,-3.476179631856091e-05,-0.9140526034741843,0.4709833333333333
33,2.0,aligned,available,38,0.004213454018759166,0.5127203590148172,0.4709833333333333
33,2.0,aligned,available,39,-0.004863054713438952,-0.7259030709388952,0.4709833333333333
33,2.0,aligned,available,40,-0.0028277086182163192,-0.006529109424151156,0.4709833333333333
33,2.0,aligned,available,41,0.00476070423279226,-0.01064447562349504,0.4709833333333333
33,2.0,aligned,available,42,0.01412417314691572,-0.2878583354912924,0.4709833333333333
33,2.0,aligned,available,43,0.0032516671266988872,0.7109664312935089,0.4709833333333333
33,2.0,aligned,available,44,0.0009596446914634793,0.7797005751757831,0.4709833333333333
33,2.0,aligned,available,45,-0.0038898788857454347,-0.5136903960422464,0.4709833333333333
33,2.0,aligned,available,46,-0.003524616571984192,0.004532416412131946,0.4709833333333333
33,2.0,aligned,available,47,0.0038477013445077646,-0.24182521500883214,0.4709833333333333
33,2.0,aligned,available,48,0.017894758966270352,0.29401055059820697,0.4709833333333333
33,2.0,aligned,available,49,0.006807449564967483,0.6456289068502921,0.4709833333333333
33,2.0,aligned,available,50,0.003411590676480336,0.806238175958527,0.4709833333333333
33,2.0,aligned,available,51,0.0037928521914924345,-0.00015812424522850666,0.4709833333333333
33,2.0,aligned,available,52,-0.0010865836423631925,-0.39230951478440573,0.4709833333333333
33,2.0,aligned,available,53,-0.015856719258324548,0.282510430232288,0.4709833333333333
33,2.0,aligned,available,54,-0.004793385455123311,-0.8524171639927702,0.4709833333333333
33,2.0,aligned,available,55,0.0003719332148104382,-0.7744645347101781,0.4709833333333333
33,2.0,aligned,available,56,0.005607101743131445,0.005294731303529298,0.4709833333333333
33,2.0,aligned,available,57,0.004853757602228251,0.00223931526930804,0.4709833333333333
33,2.0,aligned,available,58,-0.00764266370843486,-0.29776518956900366,0.4709833333333333
33,2.0,aligned,available,59,0.004162312190737507,-0.0021443345612040666,0.4709833333333333
33,2.0,aligned,available,60,-0.0008532115087312997,-0.7593938494583469,0.4709833333333333
33,2.0,aligned,available,61,0.013106259263735154,0.1638812255444662,0.4709833333333333
33,2.0,aligned,available,62,0.0009679848014735662,0.05337636035869961,0.4709833333333333
33,2.0,aligned,available,63,-0.0059001707480273585,-0.11199848431939845,0.4709833333333333
33,2.0,aligned,available,64,-8.278012747296726e-05,-0.10410487199257952,0.4709833333333333
33,2.0,aligned,available,65,-0.002817473480052346,0.816117381279182,0.4709833333333333
33,2.0,aligned,mi_obs,0,-0.012358357346708053,-0.010342492370605067,0.4709833333333333
33,2.0,aligned,mi_obs,1,0.02026198473942331,0.7659495818264178,0.4709833333333333
33,2.0,aligned,mi_obs,2,0.030095366784890665,0.8498934076275174,0.4709833333333333
33,2.0,aligned,mi_obs,3,-0.029580935321577018,-0.7254729567316064,0.4709833333333333
33,2.0,aligned,mi_obs,4,-0.04136737290837822,-0.7084824025663367,0.4709833333333333
33,2.0,aligned,mi_obs,5,0.026072326805930857,0.7188968198469645,0.4709833333333333
33,2.0,aligned,mi_obs,6,0.01588450669236999,0.00576555940542819,0.4709833333333333
33,2.0,aligned,mi_obs,7,-0.1327139837174753,0.0386781488420817,0.4709833333333333
33,2.0,aligned,mi_obs,8,-0.00026543471657206573,-0.012880174497807446,0.4709833333333333
33,2.0,aligned,mi_obs,9,-0.008140241977404372,-0.8276570490626615,0.4709833333333333
33,2.0,aligned,mi_obs,10,-0.010268586627565246,-0.855523703724642,0.4709833333333333
33,2.0,aligned,mi_obs,11,-0.019004615323304164,-0.3706965499141067,0.4709833333333333
33,2.0,aligned,mi_obs,12,0.030723477212824018,-0.0015402073033977948,0.4709833333333333
33,2.0,aligned,mi_obs,13,-0.0013576661978523964,0.004611900121761927,0.4709833333333333
33,2.0,aligned,mi_obs,14,-0.005181841913622986,-0.0009330236649409949,0.4709833333333333
33,2.0,aligned,mi_obs,15,0.013511034685016469,-0.000541208504153116,0.4709833333333333
33,2.0,aligned,mi_obs,16,-0.06987258956307318,-0.7070898755342419,0.4709833333333333
33,2.0,aligned,mi_obs,17,0.0058622159879546335,-0.006431763591472193,0.4709833333333333
33,2.0,aligned,mi_obs,18,-0.004947134193145053,0.0029379786612757546,0.4709833333333333
33,2.0,aligned,mi_obs,19,0.018406425848198682,0.21496924916105947,0.4709833333333333
33,2.0,aligned,mi_obs,20,-0.0037776915581191088,0.0042690358428771474,0.4709833333333333
33,2.0,aligned,mi_obs,21,0.024087367010743987,0.6511051691494608,0.4709833333333333
33,2.0,aligned,mi_obs,22,-0.04525767713965079,-0.5573834459174772,0.4709833333333333
33,2.0,aligned,mi_obs,23,-0.031172319392749226,-0.6381345071460934,0.4709833333333333
33,2.0,aligned,mi_obs,24,0.045659019664540224,0.5497582945590215,0.4709833333333333
33,2.0,aligned,mi_obs,25,0.052064912468515745,0.5177973516890252,0.4709833333333333
33,2.0,aligned,mi_obs,26,-0.13204052280190332,0.07574514673042836,0.4709833333333333
33,2.0,aligned,mi_obs,27,0.02718889460258246,-0.0658921967413801,0.4709833333333333
33,2.0,aligned,mi_obs,28,-0.02059483066941059,-0.8721968516435228,0.4709833333333333
33,2.0,aligned,mi_obs,29,-0.007857924155738716,-0.6937945243198211,0.4709833333333333
33,2.0,aligned,mi_obs,30,-0.027629812254629127,-0.8553669700106756,0.4709833333333333
33,2.0,aligned,mi_obs,31,-0.03989459161272291,-0.605527023568365,0.4709833333333333
33,2.0,aligned,mi_obs,32,0.010194433991051355,0.8474939010258293,0.4709833333333333
33,2.0,aligned,mi_obs,33,0.009451591462261918,0.00141358048319976,0.4709833333333333
33,2.0,aligned,mi_obs,34,-0.16475114199881696,-0.22238171140392465,0.4709833333333333
33,2.0,aligned,mi_obs,35,-0.01006945714708285,0.33172065028685405,0.4709833333333333
33,2.0,aligned,mi_obs,36,-0.012878329138716338,-0.8306307961917618,0.4709833333333333
33,2.0,aligned,mi_obs,37,-0.017295577694989017,-0.9140526034741843,0.4709833333333333
33,2.0,aligned,mi_obs,38,0.061340621928253736,0.5127203590148172,0.4709833333333333
33,2.0,aligned,mi_obs,39,-0.036840853360666004,-0.7259030709388952,0.4709833333333333
33,2.0,aligned,mi_obs,40,-0.02684637998455934,-0.006529109424151156,0.4709833333333333
33,2.0,aligned,mi_obs,41,0.1699124359328417,-0.01064447562349504,0.4709833333333333
33,2.0,aligned,mi_obs,42,-0.0013784159013885966,-0.2878583354912924,0.4709833333333333
33,2.0,aligned,mi_obs,43,0.03300964713717802,0.7109664312935089,0.4709833333333333
33,2.0,aligned,mi_obs,44,0.030171137959936756,0.7797005751757831,0.4709833333333333
33,2.0,aligned,mi_obs,45,-0.07707878341096197,-0.5136903960422464,0.4709833333333333
33,2.0,aligned,mi_obs,46,-0.022567795982347726,0.004532416412131946,0.4709833333333333
33,2.0,aligned,mi_obs,47,0.1291363684539725,-0.24182521500883214,0.4709833333333333
33,2.0,aligned,mi_obs,48,-0.01123844988105649,0.29401055059820697,0.4709833333333333
33,2.0,aligned,mi_obs,49,0.03730553434904649,0.6456289068502921,0.4709833333333333
33,2.0,aligned,mi_obs,50,0.033550075804253066,0.806238175958527,0.4709833333333333
33,2.0,aligned,mi_obs,51,0.029560809716912596,-0.00015812424522850666,0.4709833333333333
33,2.0,aligned,mi_obs,52,-0.085032967821839,-0.39230951478440573,0.4709833333333333
33,2.0,aligned,mi_obs,53,-0.03621492776994387,0.282510430232288,0.4709833333333333
33,2.0,aligned,mi_obs,54,-0.026377175455789215,-0.8524171639927702,0.4709833333333333
33,2.0,aligned,mi_obs,55,-0.02736108234129253,-0.7744645347101781,0.4709833333333333
33,2.0,aligned,mi_obs,56,-0.01926916836070183,0.005294731303529298,0.4709833333333333
33,2.0,aligned,mi_obs,57,0.0009718199976529165,0.00223931526930804,0.4709833333333333
33,2.0,aligned,mi_obs,58,-0.053061150775687016,-0.29776518956900366,0.4709833333333333
33,2.0,aligned,mi_obs,59,-0.015479123659313001,-0.0021443345612040666,0.4709833333333333
33,2.0,aligned,mi_obs,60,-0.057743418102174315,-0.7593938494583469,0.4709833333333333
33,2.0,aligned,mi_obs,61,0.13965589314879379,0.1638812255444662,0.4709833333333333
33,2.0,aligned,mi_obs,62,0.16862319543569046,0.05337636035869961,0.4709833333333333
33,2.0,aligned,mi_obs,63,-0.01607206891727396,-0.11199848431939845,0.4709833333333333
33,2.0,aligned,mi_obs,64,-0.01872160645911465,-0.10410487199257952,0.4709833333333333
33,2.0,aligned,mi_obs,65,0.0030798655223717164,0.816117381279182,0.4709833333333333
33,2.0,aligned,mi_class,0,0.014474158621311505,-0.010342492370605067,0.4709833333333333
33,2.0,aligned,mi_class,1,-1.761279512502259,0.7659495818264178,0.4709833333333333
33,2.0,aligned,mi_class,2,0.10309017532108666,0.8498934076275174,0.4709833333333333
33,2.0,aligned,mi_class,3,0.7113222138886377,-0.7254729567316064,0.4709833333333333
33,2.0,aligned,mi_class,4,0.6943935754993669,-0.7084824025663367,0.4709833333333333
33,2.0,aligned,mi_class,5,-0.7099957193338404,0.7188968198469645,0.4709833333333333
33,2.0,aligned,mi_class,6,-1.0048490712079505,0.00576555940542819,0.4709833333333333
33,2.0,aligned,mi_class,7,-0.03782366320877832,0.0386781488420817,0.4709833333333333
33,2.0,aligned,mi_class,8,0.1041301780805813,-0.012880174497807446,0.4709833333333333
33,2.0,aligned,mi_class,9,-0.16876886275900027,-0.8276570490626615,0.4709833333333333
33,2.0,aligned,mi_class,10,0.8276987711913071,-0.855523703724642,0.4709833333333333
33,2.0,aligned,mi_class,11,0.34240516844368335,-0.3706965499141067,0.4709833333333333
33,2.0,aligned,mi_class,12,0.005208742279263195,-0.0015402073033977948,0.4709833333333333
33,2.0,aligned,mi_class,13,-0.008834976172893196,0.004611900121761927,0.4709833333333333
33,2.0,aligned,mi_class,14,-0.0015951219327058424,-0.0009330236649409949,0.4709833333333333
33,2.0,aligned,mi_class,15,0.030424557275521426,-0.000541208504153116,0.4709833333333333
33,2.0,aligned,mi_class,16,0.6871472849674594,-0.7070898755342419,0.4709833333333333
33,2.0,aligned,mi_class,17,-0.0025920917692157297,-0.006431763591472193,0.4709833333333333
33,2.0,aligned,mi_class,18,-0.024845360658418063,0.0029379786612757546,0.4709833333333333
33,2.0,aligned,mi_class,19,-0.19789763747590322,0.21496924916105947,0.4709833333333333
33,2.0,aligned,mi_class,20,-0.021810014974792732,0.0042690358428771474,0.4709833333333333
33,2.0,aligned,mi_class,21,-1.5807015429545397,0.6511051691494608,0.4709833333333333
33,2.0,aligned,mi_class,22,0.5355992587528785,-0.5573834459174772,0.4709833333333333
33,2.0,aligned,mi_class,23,0.6127725700190584,-0.6381345071460934,0.4709833333333333
33,2.0,aligned,mi_class,24,-0.5382104835741066,0.5497582945590215,0.4709833333333333
33,2.0,aligned,mi_class,25,0.47887969407442166,0.5177973516890252,0.4709833333333333
33,2.0,aligned,mi_class,26,-0.07243704404876573,0.07574514673042836,0.4709833333333333
33,2.0,aligned,mi_class,27,-0.02924457755221084,-0.0658921967413801,0.4709833333333333
33,2.0,aligned,mi_class,28,1.8574188116638393,-0.8721968516435228,0.4709833333333333
33,2.0,aligned,mi_class,29,0.6571981933255059,-0.6937945243198211,0.4709833333333333
33,2.0,aligned,mi_class,30,0.6375209856680784,-0.8553669700106756,0.4709833333333333
33,2.0,aligned,mi_class,31,0.4496394851336256,-0.605527023568365,0.4709833333333333
33,2.0,aligned,mi_class,32,-0.70440023194504,0.8474939010258293,0.4709833333333333
33,2.0,aligned,mi_class,33,-0.9476474319925646,0.00141358048319976,0.4709833333333333
33,2.0,aligned,mi_class,34,0.1680021270511492,-0.22238171140392465,0.4709833333333333
33,2.0,aligned,mi_class,35,-0.13260491544248978,0.33172065028685405,0.4709833333333333
33,2.0,aligned,mi_class,36,-0.13931946293392328,-0.8306307961917618,0.4709833333333333
33,2.0,aligned,mi_class,37,0.6090328854902429,-0.9140526034741843,0.4709833333333333
33,2.0,aligned,mi_class,38,0.01507456096728077,0.5127203590148172,0.4709833333333333
33,2.0,aligned,mi_class,39,0.2268740766322122,-0.7259030709388952,0.4709833333333333
33,2.0,aligned,mi_class,40,0.006238282082361012,-0.006529109424151156,0.4709833333333333
33,2.0,aligned,mi_class,41,0.007009469819636578,-0.01064447562349504,0.4709833333333333
33,2.0,aligned,mi_class,42,0.05173861471005306,-0.2878583354912924,0.4709833333333333
33,2.0,aligned,mi_class,43,-0.6531627348603561,0.7109664312935089,0.4709833333333333
33,2.0,aligned,mi_class,44,-0.18010352541536356,0.7797005751757831,0.4709833333333333
33,2.0,aligned,mi_class,45,0.14923757796670134,-0.5136903960422464,0.4709833333333333
33,2.0,aligned,mi_class,46,-0.004472644047218665,0.004532416412131946,0.4709833333333333
33,2.0,aligned,mi_class,47,-0.0012005262752441404,-0.24182521500883214,0.4709833333333333
33,2.0,aligned,mi_class,48,-0.04609423575727434,0.29401055059820697,0.4709833333333333
33,2.0,aligned,mi_class,49,-0.5926037941056231,0.6456289068502921,0.4709833333333333
33,2.0,aligned,mi_class,50,-0.18125878375979942,0.806238175958527,0.4709833333333333
33,2.0,aligned,mi_class,51,-0.0031429345706000915,-0.00015812424522850666,0.4709833333333333
33,2.0,aligned,mi_class,52,0.14323959858909235,-0.39230951478440573,0.4709833333333333
33,2.0,aligned,mi_class,53,-0.09904281168614307,0.282510430232288,0.4709833333333333
33,2.0,aligned,mi_class,54,0.8083393000571117,-0.8524171639927702,0.4709833333333333
33,2.0,aligned,mi_class,55,0.37442801789782876,-0.7744645347101781,0.4709833333333333
33,2.0,aligned,mi_class,56,-0.005090002327845687,0.005294731303529298,0.4709833333333333
33,2.0,aligned,mi_class,57,-0.09417081230214966,0.00223931526930804,0.4709833333333333
33,2.0,aligned,mi_class,58,1.2911560244283566,-0.29776518956900366,0.4709833333333333
33,2.0,aligned,mi_class,59,0.012686739607090037,-0.0021443345612040666,0.4709833333333333
33,2.0,aligned,mi_class,60,0.13511951583148585,-0.7593938494583469,0.4709833333333333
33,2.0,aligned,mi_class,61,-0.1510918745413498,0.1638812255444662,0.4709833333333333
33,2.0,aligned,mi_class,62,-0.015024085181724954,0.05337636035869961,0.4709833333333333
33,2.0,aligned,mi_class,63,0.007783628491190908,-0.11199848431939845,0.4709833333333333
33,2.0,aligned,mi_class,64,-0.0196197651651472,-0.10410487199257952,0.4709833333333333
33,2.0,aligned,mi_class,65,-0.7243518574629797,0.816117381279182,0.4709833333333333
33,2.0,aligned,mi_site,0,-0.014818819743527561,-0.010342492370605067,0.4709833333333333
33,2.0,aligned,mi_site,1,-0.07371428426287363,0.7659495818264178,0.4709833333333333
33,2.0,aligned,mi_site,2,-0.18864687816445835,0.8498934076275174,0.4709833333333333
33,2.0,aligned,mi_site,3,0.051019160834770316,-0.7254729567316064,0.4709833333333333
33,2.0,aligned,mi_site,4,0.007464647743547381,-0.7084824025663367,0.4709833333333333
33,2.0,aligned,mi_site,5,-0.048005935690887735,0.7188968198469645,0.4709833333333333
33,2.0,aligned,mi_site,6,0.016631136816931968,0.00576555940542819,0.4709833333333333
33,2.0,aligned,mi_site,7,-0.04869357681489318,0.0386781488420817,0.4709833333333333
33,2.0,aligned,mi_site,8,-0.03104408472364358,-0.012880174497807446,0.4709833333333333
33,2.0,aligned,mi_site,9,0.4808552132657855,-0.8276570490626615,0.4709833333333333
33,2.0,aligned,mi_site,10,0.0763310361135584,-0.855523703724642,0.4709833333333333
33,2.0,aligned,mi_site,11,0.02576627627828293,-0.3706965499141067,0.4709833333333333
33,2.0,aligned,mi_site,12,0.009621906230944876,-0.0015402073033977948,0.4709833333333333
33,2.0,aligned,mi_site,13,0.004909693464512749,0.004611900121761927,0.4709833333333333
33,2.0,aligned,mi_site,14,0.007780288320253986,-0.0009330236649409949,0.4709833333333333
33,2.0,aligned,mi_site,15,-0.0009321755859827963,-0.000541208504153116,0.4709833333333333
33,2.0,aligned,mi_site,16,-0.01074128408374686,-0.7070898755342419,0.4709833333333333
33,2.0,aligned,mi_site,17,0.005827585328024528,-0.006431763591472193,0.4709833333333333
33,2.0,aligned,mi_site,18,-0.0007134454100251766,0.0029379786612757546,0.4709833333333333
33,2.0,aligned,mi_site,19,-0.1164586947025868,0.21496924916105947,0.4709833333333333
33,2.0,aligned,mi_site,20,0.0038073188088960323,0.0042690358428771474,0.4709833333333333
33,2.0,aligned,mi_site,21,-0.04426241972147704,0.6511051691494608,0.4709833333333333
33,2.0,aligned,mi_site,22,-0.02485849936641904,-0.5573834459174772,0.4709833333333333
33,2.0,aligned,mi_site,23,-0.015330587150809483,-0.6381345071460934,0.4709833333333333
33,2.0,aligned,mi_site,24,0.046140403996751345,0.5497582945590215,0.4709833333333333
33,2.0,aligned,mi_site,25,0.029546357356060704,0.5177973516890252,0.4709833333333333
33,2.0,aligned,mi_site,26,-0.07744002007915632,0.07574514673042836,0.4709833333333333
33,2.0,aligned,mi_site,27,0.0041255458457201966,-0.0658921967413801,0.4709833333333333
33,2.0,aligned,mi_site,28,0.4843896138148292,-0.8721968516435228,0.4709833333333333
33,2.0,aligned,mi_site,29,0.0311575900213783,-0.6937945243198211,0.4709833333333333
33,2.0,aligned,mi_site,30,0.07248890832635091,-0.8553669700106756,0.4709833333333333
33,2.0,aligned,mi_site,31,0.0635160982545524,-0.605527023568365,0.4709833333333333
33,2.0,aligned,mi_site,32,-0.08463774207032271,0.8474939010258293,0.4709833333333333
33,2.0,aligned,mi_site,33,0.01849686833280412,0.00141358048319976,0.4709833333333333
33,2.0,aligned,mi_site,34,-0.07834022180010963,-0.22238171140392465,0.4709833333333333
33,2.0,aligned,mi_site,35,-0.027740632999399606,0.33172065028685405,0.4709833333333333
33,2.0,aligned,mi_site,36,0.49098975344959545,-0.8306307961917618,0.4709833333333333
33,2.0,aligned,mi_site,37,0.11022837499927296,-0.9140526034741843,0.4709833333333333
33,2.0,aligned,mi_site,38,0.04250690430816206,0.5127203590148172,0.4709833333333333
33,2.0,aligned,mi_site,39,-0.03284990542608235,-0.7259030709388952,0.4709833333333333
33,2.0,aligned,mi_site,40,-0.026707366294748243,-0.006529109424151156,0.4709833333333333
33,2.0,aligned,mi_site,41,0.13065407868666795,-0.01064447562349504,0.4709833333333333
33,2.0,aligned,mi_site,42,-0.006407638503212132,-0.2878583354912924,0.4709833333333333
33,2.0,aligned,mi_site,43,-0.39163434487718896,0.7109664312935089,0.4709833333333333
33,2.0,aligned,mi_site,44,0.011202623040346138,0.7797005751757831,0.4709833333333333
33,2.0,aligned,mi_site,45,-0.06685532730300014,-0.5136903960422464,0.4709833333333333
33,2.0,aligned,mi_site,46,-0.0317736664013191,0.004532416412131946,0.4709833333333333
33,2.0,aligned,mi_site,47,0.07219182626133425,-0.24182521500883214,0.4709833333333333
33,2.0,aligned,mi_site,48,-0.006853047719279637,0.29401055059820697,0.4709833333333333
33,2.0,aligned,mi_site,49,-0.3497101675762133,0.6456289068502921,0.4709833333333333
33,2.0,aligned,mi_site,50,-0.011130703171784329,0.806238175958527,0.4709833333333333
33,2.0,aligned,mi_site,51,0.039179611416230775,-0.00015812424522850666,0.4709833333333333
33,2.0,aligned,mi_site,52,-0.041078502248288795,-0.39230951478440573,0.4709833333333333
33,2.0,aligned,mi_site,53,-0.026528422410605768,0.282510430232288,0.4709833333333333
33,2.0,aligned,mi_site,54,0.4592405377722128,-0.8524171639927702,0.4709833333333333
33,2.0,aligned,mi_site,55,-0.008775573464137043,-0.7744645347101781,0.4709833333333333
33,2.0,aligned,mi_site,56,-0.021711019776371805,0.005294731303529298,0.4709833333333333
33,2.0,aligned,mi_site,57,0.002438844209020367,0.00223931526930804,0.4709833333333333
33,2.0,aligned,mi_site,58,0.14356683054463962,-0.29776518956900366,0.4709833333333333
33,2.0,aligned,mi_site,59,-0.0067398623324738186,-0.0021443345612040666,0.4709833333333333
33,2.0,aligned,mi_site,60,-0.040669020590649474,-0.7593938494583469,0.4709833333333333
33,2.0,aligned,mi_site,61,-0.03078177123036316,0.1638812255444662,0.4709833333333333
33,2.0,aligned,mi_site,62,0.08492180300499841,0.05337636035869961,0.4709833333333333
33,2.0,aligned,mi_site,63,0.0626420631902403,-0.11199848431939845,0.4709833333333333
33,2.0,aligned,mi_site,64,0.003896279498372346,-0.10410487199257952,0.4709833333333333
33,2.0,aligned,mi_site,65,-0.45748661441306704,0.816117381279182,0.4709833333333333
33,2.0,closed,available,0,-0.01306110555642972,-0.010342492370605067,0.4709833333333333
33,2.0,closed,available,1,0.0015668362913190403,0.7659495818264178,0.4709833333333333
33,2.0,closed,available,2,-0.004340257082213306,0.8498934076275174,0.4709833333333333
33,2.0,closed,available,3,0.00358123448756531,-0.7254729567316064,0.4709833333333333
33,2.0,closed,available,4,0.010735833455848276,-0.7084824025663367,0.4709833333333333
33,2.0,closed,available,5,-0.004350248668812173,0.7188968198469645,0.4709833333333333
33,2.0,closed,available,6,0.00815338617565153,0.00576555940542819,0.4709833333333333
33,2.0,closed,available,7,0.006786094391380948,0.0386781488420817,0.4709833333333333
33,2.0,closed,available,8,0.015058791225975938,-0.012880174497807446,0.4709833333333333
33,2.0,closed,available,9,-0.0033702516259401794,-0.8276570490626615,0.4709833333333333
33,2.0,closed,available,10,-0.0014205050411941755,-0.855523703724642,0.4709833333333333
33,2.0,closed,available,11,0.014988456336623768,-0.3706965499141067,0.4709833333333333
33,2.0,closed,available,12,0.01616174638046043,-0.0015402073033977948,0.4709833333333333
33,2.0,closed,available,13,-0.005739361356729375,0.004611900121761927,0.4709833333333333
33,2.0,closed,available,14,-0.012685150130455685,-0.0009330236649409949,0.4709833333333333
33,2.0,closed,available,15,0.006458047934228477,-0.000541208504153116,0.4709833333333333
33,2.0,closed,available,16,0.0024901233256776623,-0.7070898755342419,0.4709833333333333
33,2.0,closed,available,17,0.005433229525295955,-0.006431763591472193,0.4709833333333333
33,2.0,closed,available,18,0.003205116091354567,0.0029379786612757546,0.4709833333333333
33,2.0,closed,available,19,0.00024417444170277136,0.21496924916105947,0.4709833333333333
33,2.0,closed,available,20,-0.000536855664406281,0.0042690358428771474,0.4709833333333333
33,2.0,closed,available,21,-0.02155758089355353,0.6511051691494608,0.4709833333333333
33,2.0,closed,available,22,0.011502204062031174,-0.5573834459174772,0.4709833333333333
33,2.0,closed,available,23,-0.002038160675479239,-0.6381345071460934,0.4709833333333333
33,2.0,closed,available,24,-0.0035798948891386795,0.5497582945590215,0.4709833333333333
33,2.0,closed,available,25,-0.005003337832122368,0.5177973516890252,0.4709833333333333
33,2.0,closed,available,26,-0.008373778079165187,0.07574514673042836,0.4709833333333333
33,2.0,closed,available,27,0.018804553748302137,-0.0658921967413801,0.4709833333333333
33,2.0,closed,available,28,0.001484621854940693,-0.8721968516435228,0.4709833333333333
33,2.0,closed,available,29,0.002929380025778916,-0.6937945243198211,0.4709833333333333
33,2.0,closed,available,30,0.0048593058699708536,-0.8553669700106756,0.4709833333333333
33,2.0,closed,available,31,0.024894080398850216,-0.605527023568365,0.4709833333333333
33,2.0,closed,available,32,-0.005527336274818717,0.8474939010258293,0.4709833333333333
33,2.0,closed,available,33,0.0033457919713938836,0.00141358048319976,0.4709833333333333
33,2.0,closed,available,34,-0.02576367041071731,-0.22238171140392465,0.4709833333333333
33,2.0,closed,available,35,0.005521845242639323,0.33172065028685405,0.4709833333333333
33,2.0,closed,available,36,0.013502703844812558,-0.8306307961917618,0.4709833333333333
33,2.0,closed,available,37,0.0020430816403840257,-0.9140526034741843,0.4709833333333333
33,2.0,closed,available,38,-0.0016983208300688224,0.5127203590148172,0.4709833333333333
33,2.0,closed,available,39,0.006795315626546006,-0.7259030709388952,0.4709833333333333
33,2.0,closed,available,40,0.006220234812684749,-0.006529109424151156,0.4709833333333333
33,2.0,closed,available,41,-0.01319387720429143,-0.01064447562349504,0.4709833333333333
33,2.0,closed,available,42,-0.0002605618228268547,-0.2878583354912924,0.4709833333333333
33,2.0,closed,available,43,-0.0029193043323992862,0.7109664312935089,0.4709833333333333
33,2.0,closed,available,44,-0.002741722142381664,0.7797005751757831,0.4709833333333333
33,2.0,closed,available,45,0.005351321406589338,-0.5136903960422464,0.4709833333333333
33,2.0,closed,available,46,0.005388942930559781,0.004532416412131946,0.4709833333333333
33,2.0,closed,available,47,-0.0030734912394441982,-0.24182521500883214,0.4709833333333333
33,2.0,closed,available,48,0.027050523696748152,0.29401055059820697,0.4709833333333333
33,2.0,closed,available,49,0.003999414229698073,0.6456289068502921,0.4709833333333333
33,2.0,closed,available,50,-1.215751736227677e-05,0.806238175958527,0.4709833333333333
33,2.0,closed,available,51,-0.0023237759578170125,-0.00015812424522850666,0.4709833333333333
33,2.0,closed,available,52,-0.0017855303966302638,-0.39230951478440573,0.4709833333333333
33,2.0,closed,available,53,0.016610302448831382,0.282510430232288,0.4709833333333333
33,2.0,closed,available,54,-0.00030950445064636956,-0.8524171639927702,0.4709833333333333
33,2.0,closed,available,55,0.0015329491352191749,-0.7744645347101781,0.4709833333333333
33,2.0,closed,available,56,-0.009379857676217102,0.005294731303529298,0.4709833333333333
33,2.0,closed,available,57,0.0034593125230513782,0.00223931526930804,0.4709833333333333
33,2.0,closed,available,58,-0.0012203026970631914,-0.29776518956900366,0.4709833333333333
33,2.0,closed,available,59,0.0034410105327467577,-0.0021443345612040666,0.4709833333333333
33,2.0,closed,available,60,-0.008603821668544231,-0.7593938494583469,0.4709833333333333
33,2.0,closed,available,61,0.01118639172312666,0.1638812255444662,0.4709833333333333
33,2.0,closed,available,62,-0.008561035576557227,0.05337636035869961,0.4709833333333333
33,2.0,closed,available,63,-0.004047866222880156,-0.11199848431939845,0.4709833333333333
33,2.0,closed,available,64,-0.003401110410771055,-0.10410487199257952,0.4709833333333333
33,2.0,closed,available,65,0.000924218137091537,0.816117381279182,0.4709833333333333
33,2.0,closed,mi_obs,0,-0.015344344640182443,-0.010342492370605067,0.4709833333333333
33,2.0,closed,mi_obs,1,0.024225940177719618,0.7659495818264178,0.4709833333333333
33,2.0,closed,mi_obs,2,0.038657842108679064,0.8498934076275174,0.4709833333333333
33,2.0,closed,mi_obs,3,-0.03719290699963296,-0.7254729567316064,0.4709833333333333
33,2.0,closed,mi_obs,4,-0.02802375303662985,-0.7084824025663367,0.4709833333333333
33,2.0,closed,mi_obs,5,0.035918678132979,0.7188968198469645,0.4709833333333333
33,2.0,closed,mi_obs,6,0.027228845290320155,0.00576555940542819,0.4709833333333333
33,2.0,closed,mi_obs,7,-0.15638852421556668,0.0386781488420817,0.4709833333333333
33,2.0,closed,mi_obs,8,0.02348349897263801,-0.012880174497807446,0.4709833333333333
33,2.0,closed,mi_obs,9,-0.013739155343920006,-0.8276570490626615,0.4709833333333333
33,2.0,closed,mi_obs,10,-0.01272495597180523,-0.855523703724642,0.4709833333333333
33,2.0,closed,mi_obs,11,-0.021087353783512675,-0.3706965499141067,0.4709833333333333
33,2.0,closed,mi_obs,12,0.0102684479785013,-0.0015402073033977948,0.4709833333333333
33,2.0,closed,mi_obs,13,0.006022114246202267,0.004611900121761927,0.4709833333333333
33,2.0,closed,mi_obs,14,-0.0013041617979846058,-0.0009330236649409949,0.4709833333333333
33,2.0,closed,mi_obs,15,0.008671818396843445,-0.000541208504153116,0.4709833333333333
33,2.0,closed,mi_obs,16,-0.07873313177481367,-0.7070898755342419,0.4709833333333333
33,2.0,closed,mi_obs,17,-0.0052768702178359545,-0.006431763591472193,0.4709833333333333
33,2.0,closed,mi_obs,18,-0.00010533009881878849,0.0029379786612757546,0.4709833333333333
33,2.0,closed,mi_obs,19,0.02332033860880145,0.21496924916105947,0.4709833333333333
33,2.0,closed,mi_obs,20,0.0012974654558718397,0.0042690358428771474,0.4709833333333333
33,2.0,closed,mi_obs,21,0.031393123920027244,0.6511051691494608,0.4709833333333333
33,2.0,closed,mi_obs,22,-0.03519889366217055,-0.5573834459174772,0.4709833333333333
33,2.0,closed,mi_obs,23,-0.03163005694307819,-0.6381345071460934,0.4709833333333333
33,2.0,closed,mi_obs,24,0.05329004565323492,0.5497582945590215,0.4709833333333333
33,2.0,closed,mi_obs,25,0.05193978608058458,0.5177973516890252,0.4709833333333333
33,2.0,closed,mi_obs,26,-0.1462353861047509,0.07574514673042836,0.4709833333333333
33,2.0,closed,mi_obs,27,0.023243315748600224,-0.0658921967413801,0.4709833333333333
33,2.0,closed,mi_obs,28,-0.021708005858101176,-0.8721968516435228,0.4709833333333333
33,2.0,closed,mi_obs,29,-0.0116613326550693,-0.6937945243198211,0.4709833333333333
33,2.0,closed,mi_obs,30,-0.019975122602470252,-0.8553669700106756,0.4709833333333333
33,2.0,closed,mi_obs,31,-0.04362547321983612,-0.605527023568365,0.4709833333333333
33,2.0,closed,mi_obs,32,0.014767965968673247,0.8474939010258293,0.4709833333333333
33,2.0,closed,mi_obs,33,0.03125792527064404,0.00141358048319976,0.4709833333333333
33,2.0,closed,mi_obs,34,-0.16995545097322134,-0.22238171140392465,0.4709833333333333
33,2.0,closed,mi_obs,35,-0.022480973651717362,0.33172065028685405,0.4709833333333333
33,2.0,closed,mi_obs,36,-0.017884441112734573,-0.8306307961917618,0.4709833333333333
33,2.0,closed,mi_obs,37,-0.021581487737055483,-0.9140526034741843,0.4709833333333333
33,2.0,closed,mi_obs,38,0.05599431036908076,0.5127203590148172,0.4709833333333333
33,2.0,closed,mi_obs,39,-0.028443152717050002,-0.7259030709388952,0.4709833333333333
33,2.0,closed,mi_obs,40,-0.021418903723189085,-0.006529109424151156,0.4709833333333333
33,2.0,closed,mi_obs,41,0.16116802832445257,-0.01064447562349504,0.4709833333333333
33,2.0,closed,mi_obs,42,0.006243663315467218,-0.2878583354912924,0.4709833333333333
33,2.0,closed,mi_obs,43,0.02144561431676173,0.7109664312935089,0.4709833333333333
33,2.0,closed,mi_obs,44,0.024711617073198244,0.7797005751757831,0.4709833333333333
33,2.0,closed,mi_obs,45,-0.07534324246945667,-0.5136903960422464,0.4709833333333333
33,2.0,closed,mi_obs,46,-0.029347632739482217,0.004532416412131946,0.4709833333333333
33,2.0,closed,mi_obs,47,0.13865132575269756,-0.24182521500883214,0.4709833333333333
33,2.0,closed,mi_obs,48,-0.013011552486624,0.29401055059820697,0.4709833333333333
33,2.0,closed,mi_obs,49,0.030622064556545814,0.6456289068502921,0.4709833333333333
33,2.0,closed,mi_obs,50,0.030988870241522637,0.806238175958527,0.4709833333333333
33,2.0,closed,mi_obs,51,0.039086101105087256,-0.00015812424522850666,0.4709833333333333
33,2.0,closed,mi_obs,52,-0.09606974188152928,-0.39230951478440573,0.4709833333333333
33,2.0,closed,mi_obs,53,-0.03751251107873324,0.282510430232288,0.4709833333333333
33,2.0,closed,mi_obs,54,-0.029536286915247456,-0.8524171639927702,0.4709833333333333
33,2.0,closed,mi_obs,55,-0.03246619689552266,-0.7744645347101781,0.4709833333333333
33,2.0,closed,mi_obs,56,-0.026417793973812484,0.005294731303529298,0.4709833333333333
33,2.0,closed,mi_obs,57,-0.008143338336357737,0.00223931526930804,0.4709833333333333
33,2.0,closed,mi_obs,58,-0.05683455910663526,-0.29776518956900366,0.4709833333333333
33,2.0,closed,mi_obs,59,-0.024360088236365627,-0.0021443345612040666,0.4709833333333333
33,2.0,closed,mi_obs,60,-0.05117395604727215,-0.7593938494583469,0.4709833333333333
33,2.0,closed,mi_obs,61,0.15624745161585074,0.1638812255444662,0.4709833333333333
33,2.0,closed,mi_obs,62,0.18274941155633898,0.05337636035869961,0.4709833333333333
33,2.0,closed,mi_obs,63,-0.012035737388815096,-0.11199848431939845,0.4709833333333333
33,2.0,closed,mi_obs,64,-0.018191255581254853,-0.10410487199257952,0.4709833333333333
33,2.0,closed,mi_obs,65,0.004424397041799533,0.816117381279182,0.4709833333333333
33,2.0,closed,mi_class,0,0.0010643813483552627,-0.010342492370605067,0.4709833333333333
33,2.0,closed,mi_class,1,-1.7594252495212834,0.7659495818264178,0.4709833333333333
33,2.0,closed,mi_class,2,-1.8484149354051809,0.8498934076275174,0.4709833333333333
33,2.0,closed,mi_class,3,0.7106237626290638,-0.7254729567316064,0.4709833333333333
33,2.0,closed,mi_class,4,0.6940608630483991,-0.7084824025663367,0.4709833333333333
33,2.0,closed,mi_class,5,-0.7072396522087212,0.7188968198469645,0.4709833333333333
33,2.0,closed,mi_class,6,0.7599814861314379,0.00576555940542819,0.4709833333333333
33,2.0,closed,mi_class,7,-0.0379282240033818,0.0386781488420817,0.4709833333333333
33,2.0,closed,mi_class,8,0.0856350685090321,-0.012880174497807446,0.4709833333333333
33,2.0,closed,mi_class,9,1.8148017782438814,-0.8276570490626615,0.4709833333333333
33,2.0,closed,mi_class,10,0.8292788684189165,-0.855523703724642,0.4709833333333333
33,2.0,closed,mi_class,11,0.3473653406541366,-0.3706965499141067,0.4709833333333333
33,2.0,closed,mi_class,12,0.006211682353358458,-0.0015402073033977948,0.4709833333333333
33,2.0,closed,mi_class,13,-0.005816144596510436,0.004611900121761927,0.4709833333333333
33,2.0,closed,mi_class,14,-0.011371883002095401,-0.0009330236649409949,0.4709833333333333
33,2.0,closed,mi_class,15,0.07605239258262082,-0.000541208504153116,0.4709833333333333
33,2.0,closed,mi_class,16,0.36964393950197477,-0.7070898755342419,0.4709833333333333
33,2.0,closed,mi_class,17,0.001911811388909103,-0.006431763591472193,0.4709833333333333
33,2.0,closed,mi_class,18,-0.00695950479254345,0.0029379786612757546,0.4709833333333333
33,2.0,closed,mi_class,19,-0.188004682259967,0.21496924916105947,0.4709833333333333
33,2.0,closed,mi_class,20,-0.013582989821382906,0.0042690358428771474,0.4709833333333333
33,2.0,closed,mi_class,21,0.3456971690008821,0.6511051691494608,0.4709833333333333
33,2.0,closed,mi_class,22,0.5311234127170342,-0.5573834459174772,0.4709833333333333
33,2.0,closed,mi_class,23,0.607759192150937,-0.6381345071460934,0.4709833333333333
33,2.0,closed,mi_class,24,-0.5366555939668954,0.5497582945590215,0.4709833333333333
33,2.0,closed,mi_class,25,-1.268175447585551,0.5177973516890252,0.4709833333333333
33,2.0,closed,mi_class,26,-0.07255362073457033,0.07574514673042836,0.4709833333333333
33,2.0,closed,mi_class,27,-0.010011159394003474,-0.0658921967413801,0.4709833333333333
33,2.0,closed,mi_class,28,-0.12427099315267376,-0.8721968516435228,0.4709833333333333
33,2.0,closed,mi_class,29,0.6417951775995595,-0.6937945243198211,0.4709833333333333
33,2.0,closed,mi_class,30,0.8406798369060224,-0.8553669700106756,0.4709833333333333
33,2.0,closed,mi_class,31,0.5951612446684099,-0.605527023568365,0.4709833333333333
33,2.0,closed,mi_class,32,-0.8351938751727833,0.8474939010258293,0.4709833333333333
33,2.0,closed,mi_class,33,-0.7708429813382152,0.00141358048319976,0.4709833333333333
33,2.0,closed,mi_class,34,0.21883312149871956,-0.22238171140392465,0.4709833333333333
33,2.0,closed,mi_class,35,-0.3977885725162903,0.33172065028685405,0.4709833333333333
33,2.0,closed,mi_class,36,-0.16241674557122587,-0.8306307961917618,0.4709833333333333
33,2.0,closed,mi_class,37,0.898397972353804,-0.9140526034741843,0.4709833333333333
33,2.0,closed,mi_class,38,0.0037464625250729355,0.5127203590148172,0.4709833333333333
33,2.0,closed,mi_class,39,0.0683823130914828,-0.7259030709388952,0.4709833333333333
33,2.0,closed,mi_class,40,0.0065864907474019055,-0.006529109424151156,0.4709833333333333
33,2.0,closed,mi_class,41,-0.0075967280849221115,-0.01064447562349504,0.4709833333333333
33,2.0,closed,mi_class,42,0.06366536157578903,-0.2878583354912924,0.4709833333333333
33,2.0,closed,mi_class,43,-0.638176688395763,0.7109664312935089,0.4709833333333333
33,2.0,closed,mi_class,44,-0.182759248215978,0.7797005751757831,0.4709833333333333
33,2.0,closed,mi_class,45,0.0529791023011314,-0.5136903960422464,0.4709833333333333
33,2.0,closed,mi_class,46,0.0016051350896248472,0.004532416412131946,0.4709833333333333
33,2.0,closed,mi_class,47,-0.004593513023197493,-0.24182521500883214,0.4709833333333333
33,2.0,closed,mi_class,48,-0.036089650063005574,0.29401055059820697,0.4709833333333333
33,2.0,closed,mi_class,49,-0.5791968031420464,0.6456289068502921,0.4709833333333333
33,2.0,closed,mi_class,50,-0.18665742266216023,0.806238175958527,0.4709833333333333
33,2.0,closed,mi_class,51,-0.05064073142935261,-0.00015812424522850666,0.4709833333333333
33,2.0,closed,mi_class,52,0.026744263196064155,-0.39230951478440573,0.4709833333333333
33,2.0,closed,mi_class,53,-0.014631530180629626,0.282510430232288,0.4709833333333333
33,2.0,closed,mi_class,54,0.7827930482416438,-0.8524171639927702,0.4709833333333333
33,2.0,closed,mi_class,55,0.2970577033202706,-0.7744645347101781,0.4709833333333333
33,2.0,closed,mi_class,56,-0.0097021224353213,0.005294731303529298,0.4709833333333333
33,2.0,closed,mi_class,57,0.060199349251216866,0.00223931526930804,0.4709833333333333
33,2.0,closed,mi_class,58,1.0449155897303855,-0.29776518956900366,0.4709833333333333
33,2.0,closed,mi_class,59,0.084723864210309,-0.0021443345612040666,0.4709833333333333
33,2.0,closed,mi_class,60,0.14329136887625815,-0.7593938494583469,0.4709833333333333
33,2.0,closed,mi_class,61,-0.1466408183475732,0.1638812255444662,0.4709833333333333
33,2.0,closed,mi_class,62,-0.01852609154887934,0.05337636035869961,0.4709833333333333
33,2.0,closed,mi_class,63,0.16890493150052865,-0.11199848431939845,0.4709833333333333
33,2.0,closed,mi_class,64,-0.0062496910652699855,-0.10410487199257952,0.4709833333333333
33,2.0,closed,mi_class,65,-0.7102674055339201,0.816117381279182,0.4709833333333333
33,2.0,closed,mi_site,0,-0.01084960450702502,-0.010342492370605067,0.4709833333333333
33,2.0,closed,mi_site,1,0.022279416916836436,0.7659495818264178,0.4709833333333333
33,2.0,closed,mi_site,2,0.032129035649114734,0.8498934076275174,0.4709833333333333
33,2.0,closed,mi_site,3,-0.04251194966255334,-0.7254729567316064,0.4709833333333333
33,2.0,closed,mi_site,4,-0.02932264382654448,-0.7084824025663367,0.4709833333333333
33,2.0,closed,mi_site,5,0.036468495444479276,0.7188968198469645,0.4709833333333333
33,2.0,closed,mi_site,6,0.025511061973577217,0.00576555940542819,0.4709833333333333
33,2.0,closed,mi_site,7,-0.11632526728928128,0.0386781488420817,0.4709833333333333
33,2.0,closed,mi_site,8,0.01914180765843481,-0.012880174497807446,0.4709833333333333
33,2.0,closed,mi_site,9,-0.014648776747082648,-0.8276570490626615,0.4709833333333333
33,2.0,closed,mi_site,10,-0.012656127365384018,-0.855523703724642,0.4709833333333333
33,2.0,closed,mi_site,11,-0.018693993169099976,-0.3706965499141067,0.4709833333333333
33,2.0,closed,mi_site,12,0.0026833831680144306,-0.0015402073033977948,0.4709833333333333
33,2.0,closed,mi_site,13,0.006367666797262984,0.004611900121761927,0.4709833333333333
33,2.0,closed,mi_site,14,-0.0028131292107278563,-0.0009330236649409949,0.4709833333333333
33,2.0,closed,mi_site,15,-0.002025346845381188,-0.000541208504153116,0.4709833333333333
33,2.0,closed,mi_site,16,-0.06380391111519612,-0.7070898755342419,0.4709833333333333
33,2.0,closed,mi_site,17,-0.002918340273251634,-0.006431763591472193,0.4709833333333333
33,2.0,closed,mi_site,18,0.002364048559222838,0.0029379786612757546,0.4709833333333333
33,2.0,closed,mi_site,19,0.01818326892895203,0.21496924916105947,0.4709833333333333
33,2.0,closed,mi_site,20,0.00011597930918507034,0.0042690358428771474,0.4709833333333333
33,2.0,closed,mi_site,21,0.02570041274851753,0.6511051691494608,0.4709833333333333
33,2.0,closed,mi_site,22,-0.03775134050666962,-0.5573834459174772,0.4709833333333333
33,2.0,closed,mi_site,23,-0.03154483991341939,-0.6381345071460934,0.4709833333333333
33,2.0,closed,mi_site,24,0.052682869440812796,0.5497582945590215,0.4709833333333333
33,2.0,closed,mi_site,25,0.04490886139016792,0.5177973516890252,0.4709833333333333
33,2.0,closed,mi_site,26,-0.10967546695712077,0.07574514673042836,0.4709833333333333
33,2.0,closed,mi_site,27,0.017290034391737458,-0.0658921967413801,0.4709833333333333
33,2.0,closed,mi_site,28,-0.01829736006475735,-0.8721968516435228,0.4709833333333333
33,2.0,closed,mi_site,29,-0.011002749719850158,-0.6937945243198211,0.4709833333333333
33,2.0,closed,mi_site,30,-0.0246564533130903,-0.8553669700106756,0.4709833333333333
33,2.0,closed,mi_site,31,-0.044675023317324314,-0.605527023568365,0.4709833333333333
33,2.0,closed,mi_site,32,0.013921499565819673,0.8474939010258293,0.4709833333333333
33,2.0,closed,mi_site,33,0.027787161763443202,0.00141358048319976,0.4709833333333333
33,2.0,closed,mi_site,34,-0.12382439276832402,-0.22238171140392465,0.4709833333333333
33,2.0,closed,mi_site,35,-0.01884777897171447,0.33172065028685405,0.4709833333333333
33,2.0,closed,mi_site,36,-0.01687293392192435,-0.8306307961917618,0.4709833333333333
33,2.0,closed,mi_site,37,-0.019333844751665996,-0.9140526034741843,0.4709833333333333
33,2.0,closed,mi_site,38,0.05896246092329549,0.5127203590148172,0.4709833333333333
33,2.0,closed,mi_site,39,-0.03204573147528633,-0.7259030709388952,0.4709833333333333
33,2.0,closed,mi_site,40,-0.02067583453634758,-0.006529109424151156,0.4709833333333333
33,2.0,closed,mi_site,41,0.13155283721845182,-0.01064447562349504,0.4709833333333333
33,2.0,closed,mi_site,42,0.004505277607805502,-0.2878583354912924,0.4709833333333333
33,2.0,closed,mi_site,43,0.027045242891318044,0.7109664312935089,0.4709833333333333
33,2.0,closed,mi_site,44,0.029345332591379725,0.7797005751757831,0.4709833333333333
33,2.0,closed,mi_site,45,-0.07211212758512453,-0.5136903960422464,0.4709833333333333
33,2.0,closed,mi_site,46,-0.027241901168867252,0.004532416412131946,0.4709833333333333
33,2.0,closed,mi_site,47,0.10242218541707149,-0.24182521500883214,0.4709833333333333
33,2.0,closed,mi_site,48,-0.013441600771237017,0.29401055059820697,0.4709833333333333
33,2.0,closed,mi_site,49,0.030797660751504585,0.6456289068502921,0.4709833333333333
33,2.0,closed,mi_site,50,0.030379881723012425,0.806238175958527,0.4709833333333333
33,2.0,closed,mi_site,51,0.04679713532745989,-0.00015812424522850666,0.4709833333333333
33,2.0,closed,mi_site,52,-0.06267007809025887,-0.39230951478440573,0.4709833333333333
33,2.0,closed,mi_site,53,-0.036973977174961176,0.282510430232288,0.4709833333333333
33,2.0,closed,mi_site,54,-0.029860067696756087,-0.8524171639927702,0.4709833333333333
33,2.0,closed,mi_site,55,-0.029945062308801562,-0.7744645347101781,0.4709833333333333
33,2.0,closed,mi_site,56,-0.029735041313538546,0.005294731303529298,0.4709833333333333
33,2.0,closed,mi_site,57,-0.007301748932859662,0.00223931526930804,0.4709833333333333
33,2.0,closed,mi_site,58,-0.053183141753135155,-0.29776518956900366,0.4709833333333333
33,2.0,closed,mi_site,59,-0.02167271783224643,-0.0021443345612040666,0.4709833333333333
33,2.0,closed,mi_site,60,-0.04744735163847136,-0.7593938494583469,0.4709833333333333
33,2.0,closed,mi_site,61,0.1188518827727984,0.1638812255444662,0.4709833333333333
33,2.0,closed,mi_site,62,0.13606243709098115,0.05337636035869961,0.4709833333333333
33,2.0,closed,mi_site,63,-0.011071394028774925,-0.11199848431939845,0.4709833333333333
33,2.0,closed,mi_site,64,-0.015180789866464192,-0.10410487199257952,0.4709833333333333
33,2.0,closed,mi_site,65,0.00616679208929205,0.816117381279182,0.4709833333333333
