rep,gamma,alignment,estimator,pair,signed_err,truth,miss_rate
39,0.0,aligned,available,0,-0.013883866262067375,0.006021747023481176,0.47055
39,0.0,aligned,available,1,0.008267131363469033,-0.0024255386310245396,0.47055
39,0.0,aligned,available,2,0.0133355611937138,0.0017270047737485644,0.47055
39,0.0,aligned,available,3,-0.005317148439240905,0.005323332956318772,0.47055
39,0.0,aligned,available,4,-0.0012016281874949364,0.0024246330848545195,0.47055
39,0.0,aligned,available,5,0.012093920349763115,0.1071951647501372,0.47055
39,0.0,aligned,available,6,0.0011543417697911455,-0.00425411067419031,0.47055
39,0.0,aligned,available,7,-0.008684002515881924,0.009825937346798453,0.47055
39,0.0,aligned,available,8,0.01937425046326774,-0.002651506723582833,0.47055
39,0.0,aligned,available,9,0.01103545221315944,0.0014021566893225943,0.47055
39,0.0,aligned,available,10,0.0119825433978809,-0.004245157791666344,0.47055
39,0.0,aligned,available,11,0.012834933177142765,-0.010016296131676239,0.47055
39,0.0,aligned,available,12,-0.0018958292098498752,-0.6002208139556886,0.47055
39,0.0,aligned,available,13,-0.00898294698921187,0.5474453756942609,0.47055
39,0.0,aligned,available,14,0.00984068933190993,-0.22529811972555572,0.47055
39,0.0,aligned,available,15,0.00931605635282029,-0.6014021873006818,0.47055
39,0.0,aligned,available,16,-0.005015641842575466,0.01206464783752137,0.47055
39,0.0,aligned,available,17,0.009379038414827841,-0.0035973059683954713,0.47055
39,0.0,aligned,available,18,0.010648032312764566,-0.621265265311037,0.47055
39,0.0,aligned,available,19,-0.005725846694730087,0.00598486032935514,0.47055
39,0.0,aligned,available,20,0.0010953667306594639,-0.7552531400872322,0.47055
39,0.0,aligned,available,21,0.010688682391998272,-0.5791668009046751,0.47055
39,0.0,aligned,available,22,-0.008507823285946459,0.5228296352615587,0.47055
39,0.0,aligned,available,23,0.014573757503934089,-0.07526639732726305,0.47055
39,0.0,aligned,available,24,0.020459053250582337,-0.35555802640595957,0.47055
39,0.0,aligned,available,25,-0.0009595524555106039,-0.5576938111682643,0.47055
39,0.0,aligned,available,26,-0.01863139374875841,-0.0007243884086757695,0.47055
39,0.0,aligned,available,27,0.005791019356431282,-0.36494771776071006,0.47055
39,0.0,aligned,available,28,0.004563543564658043,-0.0035121461957573563,0.47055
39,0.0,aligned,available,29,-0.00580712426348998,0.01789703228580435,0.47055
39,0.0,aligned,available,30,-0.004819624126403466,-0.9082235371233408,0.47055
39,0.0,aligned,available,31,0.008771424372918446,0.39942548959868396,0.47055
39,0.0,aligned,available,32,-0.012652612902012805,0.7574959946519481,0.47055
39,0.0,aligned,available,33,-0.007798401806265398,0.31742185027513037,0.47055
39,0.0,aligned,available,34,-0.015035738208798437,0.004514516049397988,0.47055
39,0.0,aligned,available,35,-0.0031365098624717147,0.7791525665890227,0.47055
39,0.0,aligned,available,36,0.012469934831441567,-0.0007619561518808547,0.47055
39,0.0,aligned,available,37,-0.003929497010076,0.44824536204849236,0.47055
39,0.0,aligned,available,38,0.009492444393809085,-0.44744716101528076,0.47055
39,0.0,aligned,available,39,0.00672736076159397,-0.8159489333145022,0.47055
39,0.0,aligned,available,40,-0.0022194858783838867,-0.3963819257072029,0.47055
39,0.0,aligned,available,41,-0.002202004378113215,0.1935957810617231,0.47055
39,0.0,aligned,available,42,0.012195704780545213,-0.8404661673282521,0.47055
39,0.0,aligned,available,43,0.0008857936214235126,-0.0429239907533474,0.47055
39,0.0,aligned,available,44,0.023341825512410208,-0.4220309217133041,0.47055
39,0.0,aligned,available,45,-0.0029952604541911843,0.6018297817224323,0.47055
39,0.0,aligned,available,46,-0.005841316088711468,-0.1982046354096998,0.47055
39,0.0,aligned,available,47,0.009112014697290085,0.012531669537842537,0.47055
39,0.0,aligned,available,48,0.0005114024732595368,0.6199549751810274,0.47055
39,0.0,aligned,available,49,0.005266025404980265,0.03666079804041548,0.47055
39,0.0,aligned,available,50,-0.003932179069982722,0.4256102980119451,0.47055
39,0.0,aligned,available,51,-0.004542752520507121,0.34918777664146433,0.47055
39,0.0,aligned,available,52,0.0037177820703219178,-0.277378201414396,0.47055
39,0.0,aligned,available,53,-0.0017758497640214532,0.9711493650539197,0.47055
39,0.0,aligned,available,54,0.000322255005061306,0.23566281712483697,0.47055
39,0.0,aligned,available,55,-0.009952138339861749,0.7328989920326212,0.47055
39,0.0,aligned,available,56,0.003862694082011564,-0.5636024357676275,0.47055
39,0.0,aligned,available,57,-0.00010978652445964299,0.3606838762843139,0.47055
39,0.0,aligned,available,58,-0.018116544057963646,0.4023019352456897,0.47055
39,0.0,aligned,available,59,-0.012006543692645338,0.11716432583723325,0.47055
39,0.0,aligned,available,60,0.0020951737695485417,-0.2887887937230287,0.47055
39,0.0,aligned,available,61,0.008431791176079395,-0.7115770655460063,0.47055
39,0.0,aligned,available,62,0.007864246840711131,-0.23249228442940023,0.47055
39,0.0,aligned,available,63,0.012156475730897925,0.2445821362835525,0.47055
39,0.0,aligned,available,64,0.0015268267860715223,0.7556554970122733,0.47055
39,0.0,aligned,available,65,0.003535823112285452,0.32682808203680763,0.47055
39,0.0,aligned,mi_obs,0,0.0067197871540277555,0.006021747023481176,0.47055
39,0.0,aligned,mi_obs,1,0.008076900480838185,-0.0024255386310245396,0.47055
39,0.0,aligned,mi_obs,2,0.02496049014784865,0.0017270047737485644,0.47055
39,0.0,aligned,mi_obs,3,0.030757675597344863,0.005323332956318772,0.47055
39,0.0,aligned,mi_obs,4,-0.02755423310504975,0.0024246330848545195,0.47055
39,0.0,aligned,mi_obs,5,0.022130944139300432,0.1071951647501372,0.47055
39,0.0,aligned,mi_obs,6,-0.019428660385324478,-0.00425411067419031,0.47055
39,0.0,aligned,mi_obs,7,-0.004250998018776954,0.009825937346798453,0.47055
39,0.0,aligned,mi_obs,8,-0.0230835977966709,-0.002651506723582833,0.47055
39,0.0,aligned,mi_obs,9,-0.012129656065390244,0.0014021566893225943,0.47055
39,0.0,aligned,mi_obs,10,-0.019401252500853765,-0.004245157791666344,0.47055
39,0.0,aligned,mi_obs,11,-0.06368647605260246,-0.010016296131676239,0.47055
39,0.0,aligned,mi_obs,12,-0.031574088562806524,-0.6002208139556886,0.47055
39,0.0,aligned,mi_obs,13,0.005504364702872855,0.5474453756942609,0.47055
39,0.0,aligned,mi_obs,14,-0.004325132745336746,-0.22529811972555572,0.47055
39,0.0,aligned,mi_obs,15,0.0010610463630346123,-0.6014021873006818,0.47055
39,0.0,aligned,mi_obs,16,0.0977392429153316,0.01206464783752137,0.47055
39,0.0,aligned,mi_obs,17,-0.10345747891792471,-0.0035973059683954713,0.47055
39,0.0,aligned,mi_obs,18,-0.0008035531690239184,-0.621265265311037,0.47055
39,0.0,aligned,mi_obs,19,-0.001185669113628834,0.00598486032935514,0.47055
39,0.0,aligned,mi_obs,20,-0.0077401741369279575,-0.7552531400872322,0.47055
39,0.0,aligned,mi_obs,21,-0.008121131017816974,-0.5791668009046751,0.47055
39,0.0,aligned,mi_obs,22,0.007929091697715607,0.5228296352615587,0.47055
39,0.0,aligned,mi_obs,23,0.03357743768832534,-0.07526639732726305,0.47055
39,0.0,aligned,mi_obs,24,0.033360163504205675,-0.35555802640595957,0.47055
39,0.0,aligned,mi_obs,25,-0.07455045556456286,-0.5576938111682643,0.47055
39,0.0,aligned,mi_obs,26,-0.09332806527327171,-0.0007243884086757695,0.47055
39,0.0,aligned,mi_obs,27,0.027595122371631697,-0.36494771776071006,0.47055
39,0.0,aligned,mi_obs,28,0.009615560559601385,-0.0035121461957573563,0.47055
39,0.0,aligned,mi_obs,29,0.03453545864729163,0.01789703228580435,0.47055
39,0.0,aligned,mi_obs,30,-0.02917377599851434,-0.9082235371233408,0.47055
39,0.0,aligned,mi_obs,31,0.0264709031762011,0.39942548959868396,0.47055
39,0.0,aligned,mi_obs,32,-0.007190948692529675,0.7574959946519481,0.47055
39,0.0,aligned,mi_obs,33,-0.0848019026973377,0.31742185027513037,0.47055
39,0.0,aligned,mi_obs,34,0.1734628844398401,0.004514516049397988,0.47055
39,0.0,aligned,mi_obs,35,0.019717178743921093,0.7791525665890227,0.47055
39,0.0,aligned,mi_obs,36,0.007467184567791006,-0.0007619561518808547,0.47055
39,0.0,aligned,mi_obs,37,0.015325074707958575,0.44824536204849236,0.47055
39,0.0,aligned,mi_obs,38,-0.03412299966750043,-0.44744716101528076,0.47055
39,0.0,aligned,mi_obs,39,0.019186001113054574,-0.8159489333145022,0.47055
39,0.0,aligned,mi_obs,40,0.08037396899017119,-0.3963819257072029,0.47055
39,0.0,aligned,mi_obs,41,-0.17679552282556046,0.1935957810617231,0.47055
39,0.0,aligned,mi_obs,42,0.011384042755175572,-0.8404661673282521,0.47055
39,0.0,aligned,mi_obs,43,0.011769469773004033,-0.0429239907533474,0.47055
39,0.0,aligned,mi_obs,44,0.009914781561675468,-0.4220309217133041,0.47055
39,0.0,aligned,mi_obs,45,0.061468665892303154,0.6018297817224323,0.47055
39,0.0,aligned,mi_obs,46,-0.00831840389004812,-0.1982046354096998,0.47055
39,0.0,aligned,mi_obs,47,0.054881629457923124,0.012531669537842537,0.47055
39,0.0,aligned,mi_obs,48,0.08175549073579125,0.6199549751810274,0.47055
39,0.0,aligned,mi_obs,49,0.02806267639997504,0.03666079804041548,0.47055
39,0.0,aligned,mi_obs,50,0.03931255928702293,0.4256102980119451,0.47055
39,0.0,aligned,mi_obs,51,-0.07620765230480558,0.34918777664146433,0.47055
39,0.0,aligned,mi_obs,52,0.11691597657379141,-0.277378201414396,0.47055
39,0.0,aligned,mi_obs,53,0.0028477346179081042,0.9711493650539197,0.47055
39,0.0,aligned,mi_obs,54,0.025109808026787445,0.23566281712483697,0.47055
39,0.0,aligned,mi_obs,55,0.016194991633865063,0.7328989920326212,0.47055
39,0.0,aligned,mi_obs,56,0.023223603334942222,-0.5636024357676275,0.47055
39,0.0,aligned,mi_obs,57,-0.10379419532967282,0.3606838762843139,0.47055
39,0.0,aligned,mi_obs,58,0.03241674931478056,0.4023019352456897,0.47055
39,0.0,aligned,mi_obs,59,-0.07344155038551169,0.11716432583723325,0.47055
39,0.0,aligned,mi_obs,60,0.15246669413647054,-0.2887887937230287,0.47055
39,0.0,aligned,mi_obs,61,-0.06435696830202053,-0.7115770655460063,0.47055
39,0.0,aligned,mi_obs,62,0.08107095311725862,-0.23249228442940023,0.47055
39,0.0,aligned,mi_obs,63,0.029776028865891785,0.2445821362835525,0.47055
39,0.0,aligned,mi_obs,64,0.017753412179385197,0.7556554970122733,0.47055
39,0.0,aligned,mi_obs,65,0.030271177124345017,0.32682808203680763,0.47055
39,0.0,aligned,mi_class,0,0.0844633390073474,0.006021747023481176,0.47055
39,0.0,aligned,mi_class,1,0.0070104877818702995,-0.0024255386310245396,0.47055
39,0.0,aligned,mi_class,2,-0.011697361062808536,0.0017270047737485644,0.47055
39,0.0,aligned,mi_class,3,-0.007400379214955215,0.005323332956318772,0.47055
39,0.0,aligned,mi_class,4,0.006219440123918472,0.0024246330848545195,0.47055
39,0.0,aligned,mi_class,5,-0.07264184895427733,0.1071951647501372,0.47055
39,0.0,aligned,mi_class,6,0.005911523524904228,-0.00425411067419031,0.47055
39,0.0,aligned,mi_class,7,-0.010867236657971931,0.009825937346798453,0.47055
39,0.0,aligned,mi_class,8,0.015928218365486517,-0.002651506723582833,0.47055
39,0.0,aligned,mi_class,9,-0.0010768492080758946,0.0014021566893225943,0.47055
39,0.0,aligned,mi_class,10,0.007954900796291818,-0.004245157791666344,0.47055
39,0.0,aligned,mi_class,11,0.022703535832762974,-0.010016296131676239,0.47055
39,0.0,aligned,mi_class,12,0.006603837636191989,-0.6002208139556886,0.47055
39,0.0,aligned,mi_class,13,-0.1952583750711388,0.5474453756942609,0.47055
39,0.0,aligned,mi_class,14,0.03072050211943303,-0.22529811972555572,0.47055
39,0.0,aligned,mi_class,15,0.20559972166382484,-0.6014021873006818,0.47055
39,0.0,aligned,mi_class,16,-0.02667521345012599,0.01206464783752137,0.47055
39,0.0,aligned,mi_class,17,0.02452225047038089,-0.0035973059683954713,0.47055
39,0.0,aligned,mi_class,18,0.03536360989068088,-0.621265265311037,0.47055
39,0.0,aligned,mi_class,19,-0.01424035311437586,0.00598486032935514,0.47055
39,0.0,aligned,mi_class,20,0.06891069567742092,-0.7552531400872322,0.47055
39,0.0,aligned,mi_class,21,0.04534582103439555,-0.5791668009046751,0.47055
39,0.0,aligned,mi_class,22,-0.20688637078996674,0.5228296352615587,0.47055
39,0.0,aligned,mi_class,23,0.07321479692003116,-0.07526639732726305,0.47055
39,0.0,aligned,mi_class,24,0.1415829532838193,-0.35555802640595957,0.47055
39,0.0,aligned,mi_class,25,0.21031305852869614,-0.5576938111682643,0.47055
39,0.0,aligned,mi_class,26,-0.011508327367909464,-0.0007243884086757695,0.47055
39,0.0,aligned,mi_class,27,0.006385869308727199,-0.36494771776071006,0.47055
39,0.0,aligned,mi_class,28,0.05591795890166868,-0.0035121461957573563,0.47055
39,0.0,aligned,mi_class,29,-0.02461805988156795,0.01789703228580435,0.47055
39,0.0,aligned,mi_class,30,0.22253997339766352,-0.9082235371233408,0.47055
39,0.0,aligned,mi_class,31,-0.08986210924051508,0.39942548959868396,0.47055
39,0.0,aligned,mi_class,32,-0.1741886592596058,0.7574959946519481,0.47055
39,0.0,aligned,mi_class,33,-0.08664933083022361,0.31742185027513037,0.47055
39,0.0,aligned,mi_class,34,-0.02083168980168851,0.004514516049397988,0.47055
39,0.0,aligned,mi_class,35,-0.016279198917503956,0.7791525665890227,0.47055
39,0.0,aligned,mi_class,36,-0.03495808624144281,-0.0007619561518808547,0.47055
39,0.0,aligned,mi_class,37,0.04747044164973646,0.44824536204849236,0.47055
39,0.0,aligned,mi_class,38,0.04728633541447613,-0.44744716101528076,0.47055
39,0.0,aligned,mi_class,39,0.021423683859766895,-0.8159489333145022,0.47055
39,0.0,aligned,mi_class,40,0.08008933058827844,-0.3963819257072029,0.47055
39,0.0,aligned,mi_class,41,-0.022348238416691257,0.1935957810617231,0.47055
39,0.0,aligned,mi_class,42,0.2655772459169715,-0.8404661673282521,0.47055
39,0.0,aligned,mi_class,43,0.013192913538246653,-0.0429239907533474,0.47055
39,0.0,aligned,mi_class,44,0.1159089214900943,-0.4220309217133041,0.47055
39,0.0,aligned,mi_class,45,-0.050834803175378696,0.6018297817224323,0.47055
39,0.0,aligned,mi_class,46,-0.036230363025533396,-0.1982046354096998,0.47055
39,0.0,aligned,mi_class,47,0.012782158656649327,0.012531669537842537,0.47055
39,0.0,aligned,mi_class,48,-0.13661939856664423,0.6199549751810274,0.47055
39,0.0,aligned,mi_class,49,0.06341280739065622,0.03666079804041548,0.47055
39,0.0,aligned,mi_class,50,-0.03705386083225792,0.4256102980119451,0.47055
39,0.0,aligned,mi_class,51,-0.03237667924211435,0.34918777664146433,0.47055
39,0.0,aligned,mi_class,52,0.012521911123806295,-0.277378201414396,0.47055
39,0.0,aligned,mi_class,53,-0.28577012103109045,0.9711493650539197,0.47055
39,0.0,aligned,mi_class,54,-0.061757993830507785,0.23566281712483697,0.47055
39,0.0,aligned,mi_class,55,-0.17529777819752435,0.7328989920326212,0.47055
39,0.0,aligned,mi_class,56,0.015478147620027971,-0.5636024357676275,0.47055
39,0.0,aligned,mi_class,57,-0.10754093752322585,0.3606838762843139,0.47055
39,0.0,aligned,mi_class,58,-0.1144180782579946,0.4023019352456897,0.47055
39,0.0,aligned,mi_class,59,-0.008523075561060897,0.11716432583723325,0.47055
39,0.0,aligned,mi_class,60,0.08037057791239832,-0.2887887937230287,0.47055
39,0.0,aligned,mi_class,61,0.19982820452714922,-0.7115770655460063,0.47055
39,0.0,aligned,mi_class,62,0.04056581810171056,-0.23249228442940023,0.47055
39,0.0,aligned,mi_class,63,0.02234307805008809,0.2445821362835525,0.47055
39,0.0,aligned,mi_class,64,0.019458017242465653,0.7556554970122733,0.47055
39,0.0,aligned,mi_class,65,0.008215099899860856,0.32682808203680763,0.47055
39,0.0,aligned,mi_site,0,-0.0066940929745402415,0.006021747023481176,0.47055
39,0.0,aligned,mi_site,1,0.0038614658896915775,-0.0024255386310245396,0.47055
39,0.0,aligned,mi_site,2,0.0106446791178646,0.0017270047737485644,0.47055
39,0.0,aligned,mi_site,3,0.009176675539716236,0.005323332956318772,0.47055
39,0.0,aligned,mi_site,4,-0.005777789378922647,0.0024246330848545195,0.47055
39,0.0,aligned,mi_site,5,0.005228932205238054,0.1071951647501372,0.47055
39,0.0,aligned,mi_site,6,-0.01570925014619487,-0.00425411067419031,0.47055
39,0.0,aligned,mi_site,7,0.0021349991035761497,0.009825937346798453,0.47055
39,0.0,aligned,mi_site,8,-0.00658880179487169,-0.002651506723582833,0.47055
39,0.0,aligned,mi_site,9,-0.003866391231042071,0.0014021566893225943,0.47055
39,0.0,aligned,mi_site,10,-0.0007393966772228913,-0.004245157791666344,0.47055
39,0.0,aligned,mi_site,11,-0.04435868653991394,-0.010016296131676239,0.47055
39,0.0,aligned,mi_site,12,0.08439904105017026,-0.6002208139556886,0.47055
39,0.0,aligned,mi_site,13,-0.05336762955827884,0.5474453756942609,0.47055
39,0.0,aligned,mi_site,14,0.020607468179968225,-0.22529811972555572,0.47055
39,0.0,aligned,mi_site,15,0.03117337010196808,-0.6014021873006818,0.47055
39,0.0,aligned,mi_site,16,0.049177081940028705,0.01206464783752137,0.47055
39,0.0,aligned,mi_site,17,-0.04444906227881439,-0.0035973059683954713,0.47055
39,0.0,aligned,mi_site,18,0.02942980205138057,-0.621265265311037,0.47055
39,0.0,aligned,mi_site,19,-0.00773578486763027,0.00598486032935514,0.47055
39,0.0,aligned,mi_site,20,0.02061140945720108,-0.7552531400872322,0.47055
39,0.0,aligned,mi_site,21,0.02856301375229675,-0.5791668009046751,0.47055
39,0.0,aligned,mi_site,22,-0.03329704151969837,0.5228296352615587,0.47055
39,0.0,aligned,mi_site,23,0.04787307606939879,-0.07526639732726305,0.47055
39,0.0,aligned,mi_site,24,0.03527980006946102,-0.35555802640595957,0.47055
39,0.0,aligned,mi_site,25,-0.06596928622365039,-0.5576938111682643,0.47055
39,0.0,aligned,mi_site,26,-0.036305463999958563,-0.0007243884086757695,0.47055
39,0.0,aligned,mi_site,27,0.03245043245385687,-0.36494771776071006,0.47055
39,0.0,aligned,mi_site,28,-0.00524805492718686,-0.0035121461957573563,0.47055
39,0.0,aligned,mi_site,29,0.030269592457001313,0.01789703228580435,0.47055
39,0.0,aligned,mi_site,30,0.07583789057988233,-0.9082235371233408,0.47055
39,0.0,aligned,mi_site,31,-0.026982092981795103,0.39942548959868396,0.47055
39,0.0,aligned,mi_site,32,-0.07896535444755448,0.7574959946519481,0.47055
39,0.0,aligned,mi_site,33,-0.05186235185600907,0.31742185027513037,0.47055
39,0.0,aligned,mi_site,34,0.07109444499780829,0.004514516049397988,0.47055
39,0.0,aligned,mi_site,35,-0.06629377774195233,0.7791525665890227,0.47055
39,0.0,aligned,mi_site,36,0.00741856701746344,-0.0007619561518808547,0.47055
39,0.0,aligned,mi_site,37,-0.06576674812411892,0.44824536204849236,0.47055
39,0.0,aligned,mi_site,38,-0.008557874814007549,-0.44744716101528076,0.47055
39,0.0,aligned,mi_site,39,0.035629270138661684,-0.8159489333145022,0.47055
39,0.0,aligned,mi_site,40,0.03569959743676743,-0.3963819257072029,0.47055
39,0.0,aligned,mi_site,41,-0.09542933405230304,0.1935957810617231,0.47055
39,0.0,aligned,mi_site,42,0.04527476092305349,-0.8404661673282521,0.47055
39,0.0,aligned,mi_site,43,0.02151336606714417,-0.0429239907533474,0.47055
39,0.0,aligned,mi_site,44,0.048448851056538955,-0.4220309217133041,0.47055
39,0.0,aligned,mi_site,45,0.028327937135921077,0.6018297817224323,0.47055
39,0.0,aligned,mi_site,46,0.034824067647252155,-0.1982046354096998,0.47055
39,0.0,aligned,mi_site,47,-0.006248920132847363,0.012531669537842537,0.47055
39,0.0,aligned,mi_site,48,0.030934871204686853,0.6199549751810274,0.47055
39,0.0,aligned,mi_site,49,0.020526965480820794,0.03666079804041548,0.47055
39,0.0,aligned,mi_site,50,-0.006648232726074121,0.4256102980119451,0.47055
39,0.0,aligned,mi_site,51,-0.01763668029852694,0.34918777664146433,0.47055
39,0.0,aligned,mi_site,52,0.03238626549952611,-0.277378201414396,0.47055
39,0.0,aligned,mi_site,53,0.004110333761326523,0.9711493650539197,0.47055
39,0.0,aligned,mi_site,54,0.024516241584257442,0.23566281712483697,0.47055
39,0.0,aligned,mi_site,55,-0.017948686361671462,0.7328989920326212,0.47055
39,0.0,aligned,mi_site,56,0.012428347442489662,-0.5636024357676275,0.47055
39,0.0,aligned,mi_site,57,-0.03794896312795937,0.3606838762843139,0.47055
39,0.0,aligned,mi_site,58,0.02830584630596178,0.4023019352456897,0.47055
39,0.0,aligned,mi_site,59,-0.03958245258038759,0.11716432583723325,0.47055
39,0.0,aligned,mi_site,60,0.05416306758558023,-0.2887887937230287,0.47055
39,0.0,aligned,mi_site,61,-0.06060053586114755,-0.7115770655460063,0.47055
39,0.0,aligned,mi_site,62,0.030843341801403273,-0.23249228442940023,0.47055
39,0.0,aligned,mi_site,63,0.025153379961635053,0.2445821362835525,0.47055
39,0.0,aligned,mi_site,64,-0.015071290463069653,0.7556554970122733,0.47055
39,0.0,aligned,mi_site,65,0.01918922807736878,0.32682808203680763,0.47055
39,0.0,closed,available,0,0.010645812559355563,0.006021747023481176,0.47055
39,0.0,closed,available,1,0.0063606146179940246,-0.0024255386310245396,0.47055
39,0.0,closed,available,2,0.01776613983877806,0.0017270047737485644,0.47055
39,0.0,closed,available,3,-0.0030889900383597292,0.005323332956318772,0.47055
39,0.0,closed,available,4,-0.002421685396257089,0.0024246330848545195,0.47055
39,0.0,closed,available,5,0.005865277281886724,0.1071951647501372,0.47055
39,0.0,closed,available,6,0.009577610138586174,-0.00425411067419031,0.47055
39,0.0,closed,available,7,0.00265512600859975,0.009825937346798453,0.47055
39,0.0,closed,available,8,-0.017888420465307194,-0.002651506723582833,0.47055
39,0.0,closed,available,9,-0.009743697862389163,0.0014021566893225943,0.47055
39,0.0,closed,available,10,-0.004184578344428132,-0.004245157791666344,0.47055
39,0.0,closed,available,11,0.010606054586572967,-0.010016296131676239,0.47055
39,0.0,closed,available,12,0.009771519255840633,-0.6002208139556886,0.47055
39,0.0,closed,available,13,-0.0015748280714502627,0.5474453756942609,0.47055
39,0.0,closed,available,14,0.010061651311791042,-0.22529811972555572,0.47055
39,0.0,closed,available,15,0.0027942842253304567,-0.6014021873006818,0.47055
39,0.0,closed,available,16,0.00935625130343113,0.01206464783752137,0.47055
39,0.0,closed,available,17,-0.0036566638650074534,-0.0035973059683954713,0.47055
39,0.0,closed,available,18,-0.007230598046017334,-0.621265265311037,0.47055
39,0.0,closed,available,19,-0.009213069572640389,0.00598486032935514,0.47055
39,0.0,closed,available,20,0.0005381090519922527,-0.7552531400872322,0.47055
39,0.0,closed,available,21,-0.03080661293333664,-0.5791668009046751,0.47055
39,0.0,closed,available,22,0.008949800750818526,0.5228296352615587,0.47055
39,0.0,closed,available,23,-0.003284784749964381,-0.07526639732726305,0.47055
39,0.0,closed,available,24,-0.013823791408687669,-0.35555802640595957,0.47055
39,0.0,closed,available,25,-0.00641799098122009,-0.5576938111682643,0.47055
39,0.0,closed,available,26,-0.006742293117693036,-0.0007243884086757695,0.47055
39,0.0,closed,available,27,-0.006501175418357208,-0.36494771776071006,0.47055
39,0.0,closed,available,28,0.0009958260870716446,-0.0035121461957573563,0.47055
39,0.0,closed,available,29,-0.021121246042016335,0.01789703228580435,0.47055
39,0.0,closed,available,30,-0.002234780858144547,-0.9082235371233408,0.47055
39,0.0,closed,available,31,0.01021887060460036,0.39942548959868396,0.47055
39,0.0,closed,available,32,0.0002001778368291296,0.7574959946519481,0.47055
39,0.0,closed,available,33,0.0018265243457399882,0.31742185027513037,0.47055
39,0.0,closed,available,34,0.012797093512955129,0.004514516049397988,0.47055
39,0.0,closed,available,35,0.012959526284631484,0.7791525665890227,0.47055
39,0.0,closed,available,36,0.018854745812272228,-0.0007619561518808547,0.47055
39,0.0,closed,available,37,-0.007845374407151273,0.44824536204849236,0.47055
39,0.0,closed,available,38,0.009254051366320848,-0.44744716101528076,0.47055
39,0.0,closed,available,39,0.0017771573056271084,-0.8159489333145022,0.47055
39,0.0,closed,available,40,0.006008835736589946,-0.3963819257072029,0.47055
39,0.0,closed,available,41,-0.001441404673218405,0.1935957810617231,0.47055
39,0.0,closed,available,42,-0.006146035868252131,-0.8404661673282521,0.47055
39,0.0,closed,available,43,-0.01659573816858321,-0.0429239907533474,0.47055
39,0.0,closed,available,44,-0.0004954535144306993,-0.4220309217133041,0.47055
39,0.0,closed,available,45,-0.004961363275413966,0.6018297817224323,0.47055
39,0.0,closed,available,46,-0.010559064287132103,-0.1982046354096998,0.47055
39,0.0,closed,available,47,0.0017156328469137127,0.012531669537842537,0.47055
39,0.0,closed,available,48,-0.009371506008008734,0.6199549751810274,0.47055
39,0.0,closed,available,49,-0.001344531938954792,0.03666079804041548,0.47055
39,0.0,closed,available,50,-0.003183459761151919,0.4256102980119451,0.47055
39,0.0,closed,available,51,-0.005862325356180087,0.34918777664146433,0.47055
39,0.0,closed,available,52,-0.0006010334697401643,-0.277378201414396,0.47055
39,0.0,closed,available,53,0.0005916587904450932,0.9711493650539197,0.47055
39,0.0,closed,available,54,0.007658352342419683,0.23566281712483697,0.47055
39,0.0,closed,available,55,0.0023701158403971467,0.7328989920326212,0.47055
39,0.0,closed,available,56,0.0018719067795770483,-0.5636024357676275,0.47055
39,0.0,closed,available,57,0.0033900628862066906,0.3606838762843139,0.47055
39,0.0,closed,available,58,-0.012275989737725646,0.4023019352456897,0.47055
39,0.0,closed,available,59,-0.007944542667180726,0.11716432583723325,0.47055
39,0.0,closed,available,60,-0.0009123710827366738,-0.2887887937230287,0.47055
39,0.0,closed,available,61,0.008796736490027102,-0.7115770655460063,0.47055
39,0.0,closed,available,62,0.0017707823141080714,-0.23249228442940023,0.47055
39,0.0,closed,available,63,-0.006629389028629584,0.2445821362835525,0.47055
39,0.0,closed,available,64,0.004548396245017017,0.7556554970122733,0.47055
39,0.0,closed,available,65,0.0009748208462802554,0.32682808203680763,0.47055
39,0.0,closed,mi_obs,0,0.020286571976769644,0.006021747023481176,0.47055
39,0.0,closed,mi_obs,1,0.01105204463098139,-0.0024255386310245396,0.47055
39,0.0,closed,mi_obs,2,0.004149176010069381,0.0017270047737485644,0.47055
39,0.0,closed,mi_obs,3,0.04132253320202967,0.005323332956318772,0.47055
39,0.0,closed,mi_obs,4,-0.033833328997284945,0.0024246330848545195,0.47055
39,0.0,closed,mi_obs,5,0.004937550646894398,0.1071951647501372,0.47055
39,0.0,closed,mi_obs,6,-0.01724780644787038,-0.00425411067419031,0.47055
39,0.0,closed,mi_obs,7,-0.00634407746297927,0.009825937346798453,0.47055
39,0.0,closed,mi_obs,8,-0.036066547773082436,-0.002651506723582833,0.47055
39,0.0,closed,mi_obs,9,-0.01618644077565316,0.0014021566893225943,0.47055
39,0.0,closed,mi_obs,10,-0.03230679709990318,-0.004245157791666344,0.47055
39,0.0,closed,mi_obs,11,-0.05906143936952287,-0.010016296131676239,0.47055
39,0.0,closed,mi_obs,12,-0.02448786986052498,-0.6002208139556886,0.47055
39,0.0,closed,mi_obs,13,0.010243384735387884,0.5474453756942609,0.47055
39,0.0,closed,mi_obs,14,-0.032946322723283156,-0.22529811972555572,0.47055
39,0.0,closed,mi_obs,15,-0.008213901648241984,-0.6014021873006818,0.47055
39,0.0,closed,mi_obs,16,0.11017774632141657,0.01206464783752137,0.47055
39,0.0,closed,mi_obs,17,-0.11063233937259614,-0.0035973059683954713,0.47055
39,0.0,closed,mi_obs,18,-0.01745587977776275,-0.621265265311037,0.47055
39,0.0,closed,mi_obs,19,-0.004243491131677553,0.00598486032935514,0.47055
39,0.0,closed,mi_obs,20,-0.011746483802902663,-0.7552531400872322,0.47055
39,0.0,closed,mi_obs,21,-0.02507207474327222,-0.5791668009046751,0.47055
39,0.0,closed,mi_obs,22,0.0233345090028666,0.5228296352615587,0.47055
39,0.0,closed,mi_obs,23,0.018748757991606864,-0.07526639732726305,0.47055
39,0.0,closed,mi_obs,24,0.013173172423810164,-0.35555802640595957,0.47055
39,0.0,closed,mi_obs,25,-0.06591753354043606,-0.5576938111682643,0.47055
39,0.0,closed,mi_obs,26,-0.08760273006723213,-0.0007243884086757695,0.47055
39,0.0,closed,mi_obs,27,0.017946260838826666,-0.36494771776071006,0.47055
39,0.0,closed,mi_obs,28,0.008375054705609933,-0.0035121461957573563,0.47055
39,0.0,closed,mi_obs,29,0.018829608830050717,0.01789703228580435,0.47055
39,0.0,closed,mi_obs,30,-0.029637837260322986,-0.9082235371233408,0.47055
39,0.0,closed,mi_obs,31,0.06647496578880052,0.39942548959868396,0.47055
39,0.0,closed,mi_obs,32,0.00034703768283861347,0.7574959946519481,0.47055
39,0.0,closed,mi_obs,33,-0.09505253703588357,0.31742185027513037,0.47055
39,0.0,closed,mi_obs,34,0.18684607714312546,0.004514516049397988,0.47055
39,0.0,closed,mi_obs,35,0.024959120806300805,0.7791525665890227,0.47055
39,0.0,closed,mi_obs,36,0.007069329264413851,-0.0007619561518808547,0.47055
39,0.0,closed,mi_obs,37,0.0179832176560894,0.44824536204849236,0.47055
39,0.0,closed,mi_obs,38,-0.053278975975072196,-0.44744716101528076,0.47055
39,0.0,closed,mi_obs,39,0.015089187763117184,-0.8159489333145022,0.47055
39,0.0,closed,mi_obs,40,0.09292854560648522,-0.3963819257072029,0.47055
39,0.0,closed,mi_obs,41,-0.1886018954764727,0.1935957810617231,0.47055
39,0.0,closed,mi_obs,42,0.007167473380455203,-0.8404661673282521,0.47055
39,0.0,closed,mi_obs,43,0.015063826917358723,-0.0429239907533474,0.47055
39,0.0,closed,mi_obs,44,0.005457696587897964,-0.4220309217133041,0.47055
39,0.0,closed,mi_obs,45,0.06724210049755752,0.6018297817224323,0.47055
39,0.0,closed,mi_obs,46,-0.01661301916552166,-0.1982046354096998,0.47055
39,0.0,closed,mi_obs,47,0.07015920246370122,0.012531669537842537,0.47055
39,0.0,closed,mi_obs,48,0.0881440436073141,0.6199549751810274,0.47055
39,0.0,closed,mi_obs,49,0.014485825691223572,0.03666079804041548,0.47055
39,0.0,closed,mi_obs,50,0.04734986948378728,0.4256102980119451,0.47055
39,0.0,closed,mi_obs,51,-0.08112738121940072,0.34918777664146433,0.47055
39,0.0,closed,mi_obs,52,0.12346655340727272,-0.277378201414396,0.47055
39,0.0,closed,mi_obs,53,0.004936147593495144,0.9711493650539197,0.47055
39,0.0,closed,mi_obs,54,0.019465060611774637,0.23566281712483697,0.47055
39,0.0,closed,mi_obs,55,0.02105738418544767,0.7328989920326212,0.47055
39,0.0,closed,mi_obs,56,0.02121974752552802,-0.5636024357676275,0.47055
39,0.0,closed,mi_obs,57,-0.10867227257394502,0.3606838762843139,0.47055
39,0.0,closed,mi_obs,58,0.027646850124718236,0.4023019352456897,0.47055
39,0.0,closed,mi_obs,59,-0.08001042869339406,0.11716432583723325,0.47055
39,0.0,closed,mi_obs,60,0.1564429433961625,-0.2887887937230287,0.47055
39,0.0,closed,mi_obs,61,-0.06391565920044506,-0.7115770655460063,0.47055
39,0.0,closed,mi_obs,62,0.08496126754624758,-0.23249228442940023,0.47055
39,0.0,closed,mi_obs,63,0.01427237602704809,0.2445821362835525,0.47055
39,0.0,closed,mi_obs,64,0.020087934263203544,0.7556554970122733,0.47055
39,0.0,closed,mi_obs,65,0.020697033304041268,0.32682808203680763,0.47055
39,0.0,closed,mi_class,0,0.06862364535233348,0.006021747023481176,0.47055
39,0.0,closed,mi_class,1,0.00106369643868136,-0.0024255386310245396,0.47055
39,0.0,closed,mi_class,2,-0.0165177420758091,0.0017270047737485644,0.47055
39,0.0,closed,mi_class,3,-0.0017417636855501912,0.005323332956318772,0.47055
39,0.0,closed,mi_class,4,-0.005445596182507255,0.0024246330848545195,0.47055
39,0.0,closed,mi_class,5,-0.07634526468771811,0.1071951647501372,0.47055
39,0.0,closed,mi_class,6,0.00019784119379900877,-0.00425411067419031,0.47055
39,0.0,closed,mi_class,7,-0.01801448020714865,0.009825937346798453,0.47055
39,0.0,closed,mi_class,8,0.00963050026284117,-0.002651506723582833,0.47055
39,0.0,closed,mi_class,9,-0.0038424114466987375,0.0014021566893225943,0.47055
39,0.0,closed,mi_class,10,0.004845624364340682,-0.004245157791666344,0.47055
39,0.0,closed,mi_class,11,0.00874804076497036,-0.010016296131676239,0.47055
39,0.0,closed,mi_class,12,0.06558959706930179,-0.6002208139556886,0.47055
39,0.0,closed,mi_class,13,-0.18808920989062744,0.5474453756942609,0.47055
39,0.0,closed,mi_class,14,0.042312477892558986,-0.22529811972555572,0.47055
39,0.0,closed,mi_class,15,0.19274706261697733,-0.6014021873006818,0.47055
39,0.0,closed,mi_class,16,-0.019790642478769483,0.01206464783752137,0.47055
39,0.0,closed,mi_class,17,-0.018098964611061603,-0.0035973059683954713,0.47055
39,0.0,closed,mi_class,18,0.04739329095143341,-0.621265265311037,0.47055
39,0.0,closed,mi_class,19,-0.004746061815417755,0.00598486032935514,0.47055
39,0.0,closed,mi_class,20,0.07381496401397913,-0.7552531400872322,0.47055
39,0.0,closed,mi_class,21,0.14099939887540547,-0.5791668009046751,0.47055
39,0.0,closed,mi_class,22,-0.3537636030597522,0.5228296352615587,0.47055
39,0.0,closed,mi_class,23,0.2028170135128629,-0.07526639732726305,0.47055
39,0.0,closed,mi_class,24,0.23800471880542995,-0.35555802640595957,0.47055
39,0.0,closed,mi_class,25,0.40550333417264073,-0.5576938111682643,0.47055
39,0.0,closed,mi_class,26,-0.27655615120237426,-0.0007243884086757695,0.47055
39,0.0,closed,mi_class,27,-0.027527236086926032,-0.36494771776071006,0.47055
39,0.0,closed,mi_class,28,0.21497778021062355,-0.0035121461957573563,0.47055
39,0.0,closed,mi_class,29,-0.021999040848063468,0.01789703228580435,0.47055
39,0.0,closed,mi_class,30,0.1851377449400442,-0.9082235371233408,0.47055
39,0.0,closed,mi_class,31,-0.10815112145116074,0.39942548959868396,0.47055
39,0.0,closed,mi_class,32,-0.14213619196108518,0.7574959946519481,0.47055
39,0.0,closed,mi_class,33,-0.16550644746135765,0.31742185027513037,0.47055
39,0.0,closed,mi_class,34,0.08882305940781593,0.004514516049397988,0.47055
39,0.0,closed,mi_class,35,0.028087528128539097,0.7791525665890227,0.47055
39,0.0,closed,mi_class,36,-0.049319019525945015,-0.0007619561518808547,0.47055
39,0.0,closed,mi_class,37,-0.003316105629449173,0.44824536204849236,0.47055
39,0.0,closed,mi_class,38,0.027272042368454597,-0.44744716101528076,0.47055
39,0.0,closed,mi_class,39,0.02606744941760253,-0.8159489333145022,0.47055
39,0.0,closed,mi_class,40,0.13560593698876405,-0.3963819257072029,0.47055
39,0.0,closed,mi_class,41,-0.04750768059399585,0.1935957810617231,0.47055
39,0.0,closed,mi_class,42,0.22272139355458787,-0.8404661673282521,0.47055
39,0.0,closed,mi_class,43,-0.0002616948086335766,-0.0429239907533474,0.47055
39,0.0,closed,mi_class,44,0.10434719060301323,-0.4220309217133041,0.47055
39,0.0,closed,mi_class,45,-0.02817613927404561,0.6018297817224323,0.47055
39,0.0,closed,mi_class,46,0.06561029773535768,-0.1982046354096998,0.47055
39,0.0,closed,mi_class,47,-0.08002945590837413,0.012531669537842537,0.47055
39,0.0,closed,mi_class,48,-0.17453071141569793,0.6199549751810274,0.47055
39,0.0,closed,mi_class,49,0.0374384766151717,0.03666079804041548,0.47055
39,0.0,closed,mi_class,50,-0.05761712746477021,0.4256102980119451,0.47055
39,0.0,closed,mi_class,51,-0.08913658600634755,0.34918777664146433,0.47055
39,0.0,closed,mi_class,52,0.036527509619369264,-0.277378201414396,0.47055
39,0.0,closed,mi_class,53,-0.23557501100333367,0.9711493650539197,0.47055
39,0.0,closed,mi_class,54,-0.03595543163444587,0.23566281712483697,0.47055
39,0.0,closed,mi_class,55,-0.16560778865510417,0.7328989920326212,0.47055
39,0.0,closed,mi_class,56,0.35727503893936313,-0.5636024357676275,0.47055
39,0.0,closed,mi_class,57,-0.12780016771941974,0.3606838762843139,0.47055
39,0.0,closed,mi_class,58,-0.1398987313146003,0.4023019352456897,0.47055
39,0.0,closed,mi_class,59,-0.01947949879030085,0.11716432583723325,0.47055
39,0.0,closed,mi_class,60,0.15703755106790984,-0.2887887937230287,0.47055
39,0.0,closed,mi_class,61,0.12288430024326968,-0.7115770655460063,0.47055
39,0.0,closed,mi_class,62,0.06772381693461604,-0.23249228442940023,0.47055
39,0.0,closed,mi_class,63,-0.04676284576583295,0.2445821362835525,0.47055
39,0.0,closed,mi_class,64,0.000985281494880419,0.7556554970122733,0.47055
39,0.0,closed,mi_class,65,0.01546423808680486,0.32682808203680763,0.47055
39,0.0,closed,mi_site,0,0.02205092438337636,0.006021747023481176,0.47055
39,0.0,closed,mi_site,1,-0.007410872930400906,-0.0024255386310245396,0.47055
39,0.0,closed,mi_site,2,-0.0015067515343915596,0.0017270047737485644,0.47055
39,0.0,closed,mi_site,3,0.03013940732660683,0.005323332956318772,0.47055
39,0.0,closed,mi_site,4,-0.030635727697387843,0.0024246330848545195,0.47055
39,0.0,closed,mi_site,5,0.004104477358253145,0.1071951647501372,0.47055
39,0.0,closed,mi_site,6,-0.004235071248994929,-0.00425411067419031,0.47055
39,0.0,closed,mi_site,7,0.0010486332782308934,0.009825937346798453,0.47055
39,0.0,closed,mi_site,8,-0.028482606087974517,-0.002651506723582833,0.47055
39,0.0,closed,mi_site,9,-0.01099711470352166,0.0014021566893225943,0.47055
39,0.0,closed,mi_site,10,-0.0291494436911831,-0.004245157791666344,0.47055
39,0.0,closed,mi_site,11,-0.042413375449563036,-0.010016296131676239,0.47055
39,0.0,closed,mi_site,12,-0.02208315077150025,-0.6002208139556886,0.47055
39,0.0,closed,mi_site,13,0.005893049564725805,0.5474453756942609,0.47055
39,0.0,closed,mi_site,14,-0.02807087791558463,-0.22529811972555572,0.47055
39,0.0,closed,mi_site,15,-0.010647237847630109,-0.6014021873006818,0.47055
39,0.0,closed,mi_site,16,0.10169535628236659,0.01206464783752137,0.47055
39,0.0,closed,mi_site,17,-0.09475919926613227,-0.0035973059683954713,0.47055
39,0.0,closed,mi_site,18,-0.017397073521651985,-0.621265265311037,0.47055
39,0.0,closed,mi_site,19,-0.004656593225618883,0.00598486032935514,0.47055
39,0.0,closed,mi_site,20,-0.009844302134487615,-0.7552531400872322,0.47055
39,0.0,closed,mi_site,21,-0.007346856388012246,-0.5791668009046751,0.47055
39,0.0,closed,mi_site,22,0.016697231869960305,0.5228296352615587,0.47055
39,0.0,closed,mi_site,23,0.01828571442028879,-0.07526639732726305,0.47055
39,0.0,closed,mi_site,24,0.024751071487713605,-0.35555802640595957,0.47055
39,0.0,closed,mi_site,25,-0.0632592667245635,-0.5576938111682643,0.47055
39,0.0,closed,mi_site,26,-0.08567728669102807,-0.0007243884086757695,0.47055
39,0.0,closed,mi_site,27,0.01652158461540154,-0.36494771776071006,0.47055
39,0.0,closed,mi_site,28,0.004350855141133099,-0.0035121461957573563,0.47055
39,0.0,closed,mi_site,29,0.021451601639887127,0.01789703228580435,0.47055
39,0.0,closed,mi_site,30,-0.01626124707796195,-0.9082235371233408,0.47055
39,0.0,closed,mi_site,31,0.05463942725649207,0.39942548959868396,0.47055
39,0.0,closed,mi_site,32,-0.011560190634086975,0.7574959946519481,0.47055
39,0.0,closed,mi_site,33,-0.08601027847915482,0.31742185027513037,0.47055
39,0.0,closed,mi_site,34,0.16261736820486708,0.004514516049397988,0.47055
39,0.0,closed,mi_site,35,0.01746660687552315,0.7791525665890227,0.47055
39,0.0,closed,mi_site,36,-0.003481018058185529,-0.0007619561518808547,0.47055
39,0.0,closed,mi_site,37,0.012158435391744105,0.44824536204849236,0.47055
39,0.0,closed,mi_site,38,-0.03516201825426918,-0.44744716101528076,0.47055
39,0.0,closed,mi_site,39,0.024511262739696282,-0.8159489333145022,0.47055
39,0.0,closed,mi_site,40,0.07453328180142899,-0.3963819257072029,0.47055
39,0.0,closed,mi_site,41,-0.1560912914550986,0.1935957810617231,0.47055
39,0.0,closed,mi_site,42,0.02065028578407546,-0.8404661673282521,0.47055
39,0.0,closed,mi_site,43,0.017500537950151007,-0.0429239907533474,0.47055
39,0.0,closed,mi_site,44,0.01451370139065744,-0.4220309217133041,0.47055
39,0.0,closed,mi_site,45,0.05460683066092975,0.6018297817224323,0.47055
39,0.0,closed,mi_site,46,0.007158179851731061,-0.1982046354096998,0.47055
39,0.0,closed,mi_site,47,0.038655908135581424,0.012531669537842537,0.47055
39,0.0,closed,mi_site,48,0.07028869607362775,0.6199549751810274,0.47055
39,0.0,closed,mi_site,49,0.016600476163214785,0.03666079804041548,0.47055
39,0.0,closed,mi_site,50,0.039245216212161205,0.4256102980119451,0.47055
39,0.0,closed,mi_site,51,-0.06648060212580137,0.34918777664146433,0.47055
39,0.0,closed,mi_site,52,0.09776180181192098,-0.277378201414396,0.47055
39,0.0,closed,mi_site,53,-0.0006365905739453837,0.9711493650539197,0.47055
39,0.0,closed,mi_site,54,0.015827297802990664,0.23566281712483697,0.47055
39,0.0,closed,mi_site,55,0.021714302805093566,0.7328989920326212,0.47055
39,0.0,closed,mi_site,56,0.03978135874742339,-0.5636024357676275,0.47055
39,0.0,closed,mi_site,57,-0.08678617552890522,0.3606838762843139,0.47055
39,0.0,closed,mi_site,58,0.01429737033736006,0.4023019352456897,0.47055
39,0.0,closed,mi_site,59,-0.06799070183095007,0.11716432583723325,0.47055
39,0.0,closed,mi_site,60,0.13113245217003278,-0.2887887937230287,0.47055
39,0.0,closed,mi_site,61,-0.06250432096078129,-0.7115770655460063,0.47055
39,0.0,closed,mi_site,62,0.06418491779862628,-0.23249228442940023,0.47055
39,0.0,closed,mi_site,63,0.011747546085554311,0.2445821362835525,0.47055
39,0.0,closed,mi_site,64,0.013584045829633351,0.7556554970122733,0.47055
39,0.0,closed,mi_site,65,0.0225545458561367,0.32682808203680763,0.47055
39,1.0,aligned,available,0,-0.01704011232273742,0.00840266055181259,0.47055
39,1.0,aligned,available,1,0.006294840429299699,0.0012632086726021246,0.47055
39,1.0,aligned,available,2,0.031004615620908154,-0.0015055278577558754,0.47055
39,1.0,aligned,available,3,-0.007173407118764149,0.008198083232938361,0.47055
39,1.0,aligned,available,4,0.0022122159112460942,0.002505676567001215,0.47055
39,1.0,aligned,available,5,0.014327734537008849,0.10604532965088571,0.47055
39,1.0,aligned,available,6,-0.0013277924794054471,-0.003998171214653993,0.47055
39,1.0,aligned,available,7,-0.005129564160442536,0.00534994580291853,0.47055
39,1.0,aligned,available,8,0.020218928883321465,-0.004371912217911624,0.47055
39,1.0,aligned,available,9,0.007385811267268318,0.008062949208012744,0.47055
39,1.0,aligned,available,10,0.011713887265596534,-0.004299305329413081,0.47055
39,1.0,aligned,available,11,0.017740661100158005,-0.009206383648698193,0.47055
39,1.0,aligned,available,12,-0.0015243157440976152,-0.6026688265539373,0.47055
39,1.0,aligned,available,13,-0.007596313342760452,0.550301468705974,0.47055
39,1.0,aligned,available,14,0.01104331638083944,-0.227747131831364,0.47055
39,1.0,aligned,available,15,0.009567987584353621,-0.6041392452759475,0.47055
39,1.0,aligned,available,16,-0.0036903872829113,0.012729216355003852,0.47055
39,1.0,aligned,available,17,0.009390404577072593,-0.0062481363704628935,0.47055
39,1.0,aligned,available,18,0.010189513139729156,-0.6241668210640581,0.47055
39,1.0,aligned,available,19,-0.006285416877085167,0.009199201770613471,0.47055
39,1.0,aligned,available,20,0.00035493592501323334,-0.7577729799839197,0.47055
39,1.0,aligned,available,21,0.01040115443124967,-0.5827883126970174,0.47055
39,1.0,aligned,available,22,-0.003779733166806798,0.5275033888682257,0.47055
39,1.0,aligned,available,23,0.013720194197914537,-0.07727604269943955,0.47055
39,1.0,aligned,available,24,0.014835342342761848,-0.3589693048286388,0.47055
39,1.0,aligned,available,25,-0.0027453357848497006,-0.5625771034718102,0.47055
39,1.0,aligned,available,26,-0.02049000199611208,-0.002081103030843805,0.47055
39,1.0,aligned,available,27,0.00034406763000183194,-0.36844471232966075,0.47055
39,1.0,aligned,available,28,0.0011086345527083292,-0.002223130962249316,0.47055
39,1.0,aligned,available,29,-0.01324304355663547,0.017374804977143995,0.47055
39,1.0,aligned,available,30,-0.0050504249915219734,-0.909964209773462,0.47055
39,1.0,aligned,available,31,0.011890642750111036,0.4001496918509156,0.47055
39,1.0,aligned,available,32,-0.008721673158731513,0.7600502735399637,0.47055
39,1.0,aligned,available,33,-0.0028227010844052436,0.32172041984763006,0.47055
39,1.0,aligned,available,34,-0.01996117479275637,0.006780498299532369,0.47055
39,1.0,aligned,available,35,-0.003036680724648355,0.781709761509318,0.47055
39,1.0,aligned,available,36,0.023478179447438217,-0.0033379433907794603,0.47055
39,1.0,aligned,available,37,0.001782894658950429,0.45157199994044467,0.47055
39,1.0,aligned,available,38,0.010821857973187687,-0.44800844239736115,0.47055
39,1.0,aligned,available,39,0.006301041691824549,-0.8175851632210352,0.47055
39,1.0,aligned,available,40,-0.003350013539414276,-0.39961211950118875,0.47055
39,1.0,aligned,available,41,-0.0012166772341067333,0.18868234568010164,0.47055
39,1.0,aligned,available,42,0.011388019255655246,-0.8420103895943136,0.47055
39,1.0,aligned,available,43,-0.0011824728015457711,-0.04054144969768031,0.47055
39,1.0,aligned,available,44,0.020670111403279012,-0.42566504536058763,0.47055
39,1.0,aligned,available,45,-0.0035284278456559903,0.601619155807591,0.47055
39,1.0,aligned,available,46,-0.005000645050890179,-0.19407527637949124,0.47055
39,1.0,aligned,available,47,0.006709587251312888,0.011603253617690901,0.47055
39,1.0,aligned,available,48,-0.0002571440939470593,0.6194331727958308,0.47055
39,1.0,aligned,available,49,0.008184718612306796,0.03722427749995916,0.47055
39,1.0,aligned,available,50,-0.0038532307085201722,0.4262314647544837,0.47055
39,1.0,aligned,available,51,-0.00375371555788262,0.35325713770741274,0.47055
39,1.0,aligned,available,52,0.003306749007654708,-0.27706620615391236,0.47055
39,1.0,aligned,available,53,-0.0016612375679320168,0.9714548659171534,0.47055
39,1.0,aligned,available,54,0.00014905689166255787,0.23633912897101875,0.47055
39,1.0,aligned,available,55,-0.008802882996330141,0.7346709454021785,0.47055
39,1.0,aligned,available,56,0.0057718672481067435,-0.5631149253275977,0.47055
39,1.0,aligned,available,57,0.0014695453824243865,0.3644697187314406,0.47055
39,1.0,aligned,available,58,-0.01904043426098223,0.40505149030189574,0.47055
39,1.0,aligned,available,59,-0.011142491152049225,0.1188164633196186,0.47055
39,1.0,aligned,available,60,0.0037097725834429607,-0.2877292081959832,0.47055
39,1.0,aligned,available,61,0.007681006911655186,-0.7181202131207574,0.47055
39,1.0,aligned,available,62,0.00715930733758377,-0.2346623246126393,0.47055
39,1.0,aligned,available,63,0.014457806570152498,0.24426187885239853,0.47055
39,1.0,aligned,available,64,0.00211534055961915,0.7571923958781249,0.47055
39,1.0,aligned,available,65,0.003090807948689045,0.32716759140089763,0.47055
39,1.0,aligned,mi_obs,0,0.002494737291902114,0.00840266055181259,0.47055
39,1.0,aligned,mi_obs,1,0.008022633494399247,0.0012632086726021246,0.47055
39,1.0,aligned,mi_obs,2,0.029141102683369457,-0.0015055278577558754,0.47055
39,1.0,aligned,mi_obs,3,0.026598953095363424,0.008198083232938361,0.47055
39,1.0,aligned,mi_obs,4,-0.024985033449330774,0.002505676567001215,0.47055
39,1.0,aligned,mi_obs,5,0.023743974098713053,0.10604532965088571,0.47055
39,1.0,aligned,mi_obs,6,-0.021592694364138874,-0.003998171214653993,0.47055
39,1.0,aligned,mi_obs,7,0.0016439653050594593,0.00534994580291853,0.47055
39,1.0,aligned,mi_obs,8,-0.02094947735997527,-0.004371912217911624,0.47055
39,1.0,aligned,mi_obs,9,-0.01503707147200167,0.008062949208012744,0.47055
39,1.0,aligned,mi_obs,10,-0.018966179861646948,-0.004299305329413081,0.47055
39,1.0,aligned,mi_obs,11,-0.05805027778776155,-0.009206383648698193,0.47055
39,1.0,aligned,mi_obs,12,-0.03122071240390023,-0.6026688265539373,0.47055
39,1.0,aligned,mi_obs,13,0.00501306213194197,0.550301468705974,0.47055
39,1.0,aligned,mi_obs,14,-0.005950063366137431,-0.227747131831364,0.47055
39,1.0,aligned,mi_obs,15,0.0004436984522838694,-0.6041392452759475,0.47055
39,1.0,aligned,mi_obs,16,0.09956703725118277,0.012729216355003852,0.47055
39,1.0,aligned,mi_obs,17,-0.10318419086274035,-0.0062481363704628935,0.47055
39,1.0,aligned,mi_obs,18,-0.0013970066766620937,-0.6241668210640581,0.47055
39,1.0,aligned,mi_obs,19,-0.0037337896713359508,0.009199201770613471,0.47055
39,1.0,aligned,mi_obs,20,-0.008074791813000082,-0.7577729799839197,0.47055
39,1.0,aligned,mi_obs,21,-0.009763048891845427,-0.5827883126970174,0.47055
39,1.0,aligned,mi_obs,22,0.009633024918372035,0.5275033888682257,0.47055
39,1.0,aligned,mi_obs,23,0.03156681920109547,-0.07727604269943955,0.47055
39,1.0,aligned,mi_obs,24,0.029498768303960532,-0.3589693048286388,0.47055
39,1.0,aligned,mi_obs,25,-0.07358510363359239,-0.5625771034718102,0.47055
39,1.0,aligned,mi_obs,26,-0.09389636155278712,-0.002081103030843805,0.47055
39,1.0,aligned,mi_obs,27,0.024157195490738415,-0.36844471232966075,0.47055
39,1.0,aligned,mi_obs,28,0.004752796176029415,-0.002223130962249316,0.47055
39,1.0,aligned,mi_obs,29,0.029501040552361118,0.017374804977143995,0.47055
39,1.0,aligned,mi_obs,30,-0.02841774737720093,-0.909964209773462,0.47055
39,1.0,aligned,mi_obs,31,0.028294732821739832,0.4001496918509156,0.47055
39,1.0,aligned,mi_obs,32,-0.006631301380799592,0.7600502735399637,0.47055
39,1.0,aligned,mi_obs,33,-0.08649751705193065,0.32172041984763006,0.47055
39,1.0,aligned,mi_obs,34,0.172865496184582,0.006780498299532369,0.47055
39,1.0,aligned,mi_obs,35,0.020429893451770154,0.781709761509318,0.47055
39,1.0,aligned,mi_obs,36,0.012405027641482196,-0.0033379433907794603,0.47055
39,1.0,aligned,mi_obs,37,0.016499635588335948,0.45157199994044467,0.47055
39,1.0,aligned,mi_obs,38,-0.034500300923252125,-0.44800844239736115,0.47055
39,1.0,aligned,mi_obs,39,0.01934047898039326,-0.8175851632210352,0.47055
39,1.0,aligned,mi_obs,40,0.08232074175760035,-0.39961211950118875,0.47055
39,1.0,aligned,mi_obs,41,-0.17779016917369383,0.18868234568010164,0.47055
39,1.0,aligned,mi_obs,42,0.011636770690219289,-0.8420103895943136,0.47055
39,1.0,aligned,mi_obs,43,0.009636637230052071,-0.04054144969768031,0.47055
39,1.0,aligned,mi_obs,44,0.009943704406337128,-0.42566504536058763,0.47055
39,1.0,aligned,mi_obs,45,0.06185043992187511,0.601619155807591,0.47055
39,1.0,aligned,mi_obs,46,-0.010691935692712734,-0.19407527637949124,0.47055
39,1.0,aligned,mi_obs,47,0.055470219984819234,0.011603253617690901,0.47055
39,1.0,aligned,mi_obs,48,0.08342964536457709,0.6194331727958308,0.47055
39,1.0,aligned,mi_obs,49,0.03239910343197451,0.03722427749995916,0.47055
39,1.0,aligned,mi_obs,50,0.04067205787308947,0.4262314647544837,0.47055
39,1.0,aligned,mi_obs,51,-0.07901805189966926,0.35325713770741274,0.47055
39,1.0,aligned,mi_obs,52,0.11895994947336522,-0.27706620615391236,0.47055
39,1.0,aligned,mi_obs,53,0.002276397252097606,0.9714548659171534,0.47055
39,1.0,aligned,mi_obs,54,0.026619475488317473,0.23633912897101875,0.47055
39,1.0,aligned,mi_obs,55,0.016329358928094617,0.7346709454021785,0.47055
39,1.0,aligned,mi_obs,56,0.026014726207135186,-0.5631149253275977,0.47055
39,1.0,aligned,mi_obs,57,-0.10842985025962754,0.3644697187314406,0.47055
39,1.0,aligned,mi_obs,58,0.02889518504342853,0.40505149030189574,0.47055
39,1.0,aligned,mi_obs,59,-0.07639278056856846,0.1188164633196186,0.47055
39,1.0,aligned,mi_obs,60,0.1549219336488061,-0.2877292081959832,0.47055
39,1.0,aligned,mi_obs,61,-0.06028330400514825,-0.7181202131207574,0.47055
39,1.0,aligned,mi_obs,62,0.0833196354852607,-0.2346623246126393,0.47055
39,1.0,aligned,mi_obs,63,0.031519535697569545,0.24426187885239853,0.47055
39,1.0,aligned,mi_obs,64,0.017828319655717295,0.7571923958781249,0.47055
39,1.0,aligned,mi_obs,65,0.030394039630521286,0.32716759140089763,0.47055
39,1.0,aligned,mi_class,0,0.007694172027924001,0.00840266055181259,0.47055
39,1.0,aligned,mi_class,1,0.008710592069689735,0.0012632086726021246,0.47055
39,1.0,aligned,mi_class,2,-0.015008389943560501,-0.0015055278577558754,0.47055
39,1.0,aligned,mi_class,3,-0.006553045555219685,0.008198083232938361,0.47055
39,1.0,aligned,mi_class,4,0.009447624336434429,0.002505676567001215,0.47055
39,1.0,aligned,mi_class,5,9.951263762791873e-05,0.10604532965088571,0.47055
39,1.0,aligned,mi_class,6,0.013269681170147912,-0.003998171214653993,0.47055
39,1.0,aligned,mi_class,7,-0.005620054074482611,0.00534994580291853,0.47055
39,1.0,aligned,mi_class,8,0.010896973653890786,-0.004371912217911624,0.47055
39,1.0,aligned,mi_class,9,-0.004422693903396462,0.008062949208012744,0.47055
39,1.0,aligned,mi_class,10,0.01151389316979261,-0.004299305329413081,0.47055
39,1.0,aligned,mi_class,11,0.010525466078571279,-0.009206383648698193,0.47055
39,1.0,aligned,mi_class,12,0.28846981168312663,-0.6026688265539373,0.47055
39,1.0,aligned,mi_class,13,-0.21376492667966313,0.550301468705974,0.47055
39,1.0,aligned,mi_class,14,0.0836602505905317,-0.227747131831364,0.47055
39,1.0,aligned,mi_class,15,0.2076228810063283,-0.6041392452759475,0.47055
39,1.0,aligned,mi_class,16,-0.03239821418104493,0.012729216355003852,0.47055
39,1.0,aligned,mi_class,17,0.024625835360610773,-0.0062481363704628935,0.47055
39,1.0,aligned,mi_class,18,0.3814495687785725,-0.6241668210640581,0.47055
39,1.0,aligned,mi_class,19,0.06708127970479662,0.009199201770613471,0.47055
39,1.0,aligned,mi_class,20,0.07447601825253825,-0.7577729799839197,0.47055
39,1.0,aligned,mi_class,21,-0.30409365886349204,-0.5827883126970174,0.47055
39,1.0,aligned,mi_class,22,-0.4669828939048088,0.5275033888682257,0.47055
39,1.0,aligned,mi_class,23,-0.5428616054924121,-0.07727604269943955,0.47055
39,1.0,aligned,mi_class,24,0.31424846575525434,-0.3589693048286388,0.47055
39,1.0,aligned,mi_class,25,0.483500267158121,-0.5625771034718102,0.47055
39,1.0,aligned,mi_class,26,0.7383621169232826,-0.002081103030843805,0.47055
39,1.0,aligned,mi_class,27,-0.5532479338785543,-0.36844471232966075,0.47055
39,1.0,aligned,mi_class,28,0.0024927631095752398,-0.002223130962249316,0.47055
39,1.0,aligned,mi_class,29,-0.01983722528660441,0.017374804977143995,0.47055
39,1.0,aligned,mi_class,30,0.5569075317312612,-0.909964209773462,0.47055
39,1.0,aligned,mi_class,31,0.2697545552959673,0.4001496918509156,0.47055
39,1.0,aligned,mi_class,32,-0.4524780867691524,0.7600502735399637,0.47055
39,1.0,aligned,mi_class,33,-0.19646552608833193,0.32172041984763006,0.47055
39,1.0,aligned,mi_class,34,-0.6539418532605037,0.006780498299532369,0.47055
39,1.0,aligned,mi_class,35,0.16097893797880525,0.781709761509318,0.47055
39,1.0,aligned,mi_class,36,-0.019471122092952774,-0.0033379433907794603,0.47055
39,1.0,aligned,mi_class,37,-0.18544389278083473,0.45157199994044467,0.47055
39,1.0,aligned,mi_class,38,0.11395716251369359,-0.44800844239736115,0.47055
39,1.0,aligned,mi_class,39,0.0485353265677515,-0.8175851632210352,0.47055
39,1.0,aligned,mi_class,40,0.12636210142599547,-0.39961211950118875,0.47055
39,1.0,aligned,mi_class,41,-0.09747604682056568,0.18868234568010164,0.47055
39,1.0,aligned,mi_class,42,0.6076624842678313,-0.8420103895943136,0.47055
39,1.0,aligned,mi_class,43,0.036836436368846426,-0.04054144969768031,0.47055
39,1.0,aligned,mi_class,44,0.12729483870069908,-0.42566504536058763,0.47055
39,1.0,aligned,mi_class,45,-0.14808211919285402,0.601619155807591,0.47055
39,1.0,aligned,mi_class,46,0.03718270708264848,-0.19407527637949124,0.47055
39,1.0,aligned,mi_class,47,-0.48366626465582585,0.011603253617690901,0.47055
39,1.0,aligned,mi_class,48,0.10742428296359618,0.6194331727958308,0.47055
39,1.0,aligned,mi_class,49,-0.048469495991798985,0.03722427749995916,0.47055
39,1.0,aligned,mi_class,50,-0.12041574539514427,0.4262314647544837,0.47055
39,1.0,aligned,mi_class,51,-0.03259365378037887,0.35325713770741274,0.47055
39,1.0,aligned,mi_class,52,0.10951871490437717,-0.27706620615391236,0.47055
39,1.0,aligned,mi_class,53,-0.6849497483802169,0.9714548659171534,0.47055
39,1.0,aligned,mi_class,54,-0.21469455074072913,0.23633912897101875,0.47055
39,1.0,aligned,mi_class,55,-0.17469338302764392,0.7346709454021785,0.47055
39,1.0,aligned,mi_class,56,0.20280088105325617,-0.5631149253275977,0.47055
39,1.0,aligned,mi_class,57,-0.24791155698095635,0.3644697187314406,0.47055
39,1.0,aligned,mi_class,58,-0.36647593177660315,0.40505149030189574,0.47055
39,1.0,aligned,mi_class,59,0.008933750048079683,0.1188164633196186,0.47055
39,1.0,aligned,mi_class,60,-0.4526782482382417,-0.2877292081959832,0.47055
39,1.0,aligned,mi_class,61,0.6973900446143483,-0.7181202131207574,0.47055
39,1.0,aligned,mi_class,62,0.10037453680013064,-0.2346623246126393,0.47055
39,1.0,aligned,mi_class,63,-0.25743138583773717,0.24426187885239853,0.47055
39,1.0,aligned,mi_class,64,-0.43457055409056744,0.7571923958781249,0.47055
39,1.0,aligned,mi_class,65,-0.28727651511431795,0.32716759140089763,0.47055
39,1.0,aligned,mi_site,0,-0.010382716824442835,0.00840266055181259,0.47055
39,1.0,aligned,mi_site,1,0.0014891725430916315,0.0012632086726021246,0.47055
39,1.0,aligned,mi_site,2,0.016331617907904,-0.0015055278577558754,0.47055
39,1.0,aligned,mi_site,3,0.004809771266625216,0.008198083232938361,0.47055
39,1.0,aligned,mi_site,4,-0.003589035077279692,0.002505676567001215,0.47055
39,1.0,aligned,mi_site,5,0.006893516702643737,0.10604532965088571,0.47055
39,1.0,aligned,mi_site,6,-0.016148497983755266,-0.003998171214653993,0.47055
39,1.0,aligned,mi_site,7,0.009389528350301614,0.00534994580291853,0.47055
39,1.0,aligned,mi_site,8,-0.004739755416705322,-0.004371912217911624,0.47055
39,1.0,aligned,mi_site,9,-0.00870165008102888,0.008062949208012744,0.47055
39,1.0,aligned,mi_site,10,-0.0014062158092707985,-0.004299305329413081,0.47055
39,1.0,aligned,mi_site,11,-0.03938862397849695,-0.009206383648698193,0.47055
39,1.0,aligned,mi_site,12,0.08364808275231228,-0.6026688265539373,0.47055
39,1.0,aligned,mi_site,13,-0.05284108449485336,0.550301468705974,0.47055
39,1.0,aligned,mi_site,14,0.017873562541853488,-0.227747131831364,0.47055
39,1.0,aligned,mi_site,15,0.030509087161392,-0.6041392452759475,0.47055
39,1.0,aligned,mi_site,16,0.04835899853036336,0.012729216355003852,0.47055
39,1.0,aligned,mi_site,17,-0.041712386992390195,-0.0062481363704628935,0.47055
39,1.0,aligned,mi_site,18,0.02888712949498906,-0.6241668210640581,0.47055
39,1.0,aligned,mi_site,19,-0.00920953826872833,0.009199201770613471,0.47055
39,1.0,aligned,mi_site,20,0.020978902090978302,-0.7577729799839197,0.47055
39,1.0,aligned,mi_site,21,0.028243194162618,-0.5827883126970174,0.47055
39,1.0,aligned,mi_site,22,-0.03168042156351952,0.5275033888682257,0.47055
39,1.0,aligned,mi_site,23,0.043738581039017836,-0.07727604269943955,0.47055
39,1.0,aligned,mi_site,24,0.03262824926056612,-0.3589693048286388,0.47055
39,1.0,aligned,mi_site,25,-0.06419747082086447,-0.5625771034718102,0.47055
39,1.0,aligned,mi_site,26,-0.03854512764310997,-0.002081103030843805,0.47055
39,1.0,aligned,mi_site,27,0.030059087883259672,-0.36844471232966075,0.47055
39,1.0,aligned,mi_site,28,-0.00956664521929422,-0.002223130962249316,0.47055
39,1.0,aligned,mi_site,29,0.02615902461956383,0.017374804977143995,0.47055
39,1.0,aligned,mi_site,30,0.07703564939680974,-0.909964209773462,0.47055
39,1.0,aligned,mi_site,31,-0.026469268846194827,0.4001496918509156,0.47055
39,1.0,aligned,mi_site,32,-0.07885073613284499,0.7600502735399637,0.47055
39,1.0,aligned,mi_site,33,-0.05164801746941555,0.32172041984763006,0.47055
39,1.0,aligned,mi_site,34,0.06995844162034905,0.006780498299532369,0.47055
39,1.0,aligned,mi_site,35,-0.06568627186808229,0.781709761509318,0.47055
39,1.0,aligned,mi_site,36,0.011385869074084537,-0.0033379433907794603,0.47055
39,1.0,aligned,mi_site,37,-0.06367650361135124,0.45157199994044467,0.47055
39,1.0,aligned,mi_site,38,-0.010872679376965344,-0.44800844239736115,0.47055
39,1.0,aligned,mi_site,39,0.035065561164669745,-0.8175851632210352,0.47055
39,1.0,aligned,mi_site,40,0.035144205816596163,-0.39961211950118875,0.47055
39,1.0,aligned,mi_site,41,-0.09607451014881394,0.18868234568010164,0.47055
39,1.0,aligned,mi_site,42,0.04456195469063906,-0.8420103895943136,0.47055
39,1.0,aligned,mi_site,43,0.018161273454156912,-0.04054144969768031,0.47055
39,1.0,aligned,mi_site,44,0.04676643403607028,-0.42566504536058763,0.47055
39,1.0,aligned,mi_site,45,0.030724766541653903,0.601619155807591,0.47055
39,1.0,aligned,mi_site,46,0.037709490809298224,-0.19407527637949124,0.47055
39,1.0,aligned,mi_site,47,-0.009195663157646285,0.011603253617690901,0.47055
39,1.0,aligned,mi_site,48,0.03406568536861121,0.6194331727958308,0.47055
39,1.0,aligned,mi_site,49,0.027335777223659583,0.03722427749995916,0.47055
39,1.0,aligned,mi_site,50,-0.0035953756819822047,0.4262314647544837,0.47055
39,1.0,aligned,mi_site,51,-0.017871829060899902,0.35325713770741274,0.47055
39,1.0,aligned,mi_site,52,0.033087849722290674,-0.27706620615391236,0.47055
39,1.0,aligned,mi_site,53,0.003860351751351132,0.9714548659171534,0.47055
39,1.0,aligned,mi_site,54,0.02620141722021166,0.23633912897101875,0.47055
39,1.0,aligned,mi_site,55,-0.016774234293986612,0.7346709454021785,0.47055
39,1.0,aligned,mi_site,56,0.01604682726356832,-0.5631149253275977,0.47055
39,1.0,aligned,mi_site,57,-0.03921330606824058,0.3644697187314406,0.47055
39,1.0,aligned,mi_site,58,0.025833023270208033,0.40505149030189574,0.47055
39,1.0,aligned,mi_site,59,-0.039600054634733095,0.1188164633196186,0.47055
39,1.0,aligned,mi_site,60,0.05510661893141336,-0.2877292081959832,0.47055
39,1.0,aligned,mi_site,61,-0.058687836182355624,-0.7181202131207574,0.47055
39,1.0,aligned,mi_site,62,0.02928926109841598,-0.2346623246126393,0.47055
39,1.0,aligned,mi_site,63,0.026310373675646537,0.24426187885239853,0.47055
39,1.0,aligned,mi_site,64,-0.014060111568160227,0.7571923958781249,0.47055
39,1.0,aligned,mi_site,65,0.019612822761477855,0.32716759140089763,0.47055
39,1.0,closed,available,0,0.0031464915148000146,0.00840266055181259,0.47055
39,1.0,closed,available,1,0.0023308728398264223,0.0012632086726021246,0.47055
39,1.0,closed,available,2,-4.2553931272973095e-06,-0.0015055278577558754,0.47055
39,1.0,closed,available,3,0.013503478377115699,0.008198083232938361,0.47055
39,1.0,closed,available,4,-0.005011670713792649,0.002505676567001215,0.47055
39,1.0,closed,available,5,-0.004492228379957108,0.10604532965088571,0.47055
39,1.0,closed,available,6,0.0027561896328242817,-0.003998171214653993,0.47055
39,1.0,closed,available,7,-0.01654754948864741,0.00534994580291853,0.47055
39,1.0,closed,available,8,-0.010938586293138174,-0.004371912217911624,0.47055
39,1.0,closed,available,9,0.007118406692729897,0.008062949208012744,0.47055
39,1.0,closed,available,10,-0.0072456565196573975,-0.004299305329413081,0.47055
39,1.0,closed,available,11,0.005736128715524848,-0.009206383648698193,0.47055
39,1.0,closed,available,12,-0.0019785199981784407,-0.6026688265539373,0.47055
39,1.0,closed,available,13,0.005005267412101833,0.550301468705974,0.47055
39,1.0,closed,available,14,0.0032001770771146187,-0.227747131831364,0.47055
39,1.0,closed,available,15,-0.005821719280901361,-0.6041392452759475,0.47055
39,1.0,closed,available,16,-0.012686174271376721,0.012729216355003852,0.47055
39,1.0,closed,available,17,-0.0021813295238383825,-0.0062481363704628935,0.47055
39,1.0,closed,available,18,-0.001709966000120744,-0.6241668210640581,0.47055
39,1.0,closed,available,19,0.00232067029536682,0.009199201770613471,0.47055
39,1.0,closed,available,20,-0.0008797745696423886,-0.7577729799839197,0.47055
39,1.0,closed,available,21,-0.0007589657371848135,-0.5827883126970174,0.47055
39,1.0,closed,available,22,0.017997700529013394,0.5275033888682257,0.47055
39,1.0,closed,available,23,-0.013901771115807773,-0.07727604269943955,0.47055
39,1.0,closed,available,24,-0.02261085028259935,-0.3589693048286388,0.47055
39,1.0,closed,available,25,-0.02646127865819281,-0.5625771034718102,0.47055
39,1.0,closed,available,26,0.04093734577039061,-0.002081103030843805,0.47055
39,1.0,closed,available,27,-0.002543746403849967,-0.36844471232966075,0.47055
39,1.0,closed,available,28,-0.011205996168597871,-0.002223130962249316,0.47055
39,1.0,closed,available,29,-0.0013071571236012852,0.017374804977143995,0.47055
39,1.0,closed,available,30,-0.004223921995108348,-0.909964209773462,0.47055
39,1.0,closed,available,31,-0.04995106926033693,0.4001496918509156,0.47055
39,1.0,closed,available,32,-0.0006335857359679453,0.7600502735399637,0.47055
39,1.0,closed,available,33,0.01704737103780335,0.32172041984763006,0.47055
39,1.0,closed,available,34,-0.028351474666021337,0.006780498299532369,0.47055
39,1.0,closed,available,35,-0.005737678556638426,0.781709761509318,0.47055
39,1.0,closed,available,36,0.0031966724394806505,-0.0033379433907794603,0.47055
39,1.0,closed,available,37,-0.007608193530172169,0.45157199994044467,0.47055
39,1.0,closed,available,38,0.005834966745714931,-0.44800844239736115,0.47055
39,1.0,closed,available,39,-0.0003611219997938786,-0.8175851632210352,0.47055
39,1.0,closed,available,40,-0.006312024802549887,-0.39961211950118875,0.47055
39,1.0,closed,available,41,0.003740969780346687,0.18868234568010164,0.47055
39,1.0,closed,available,42,-0.007175655117669488,-0.8420103895943136,0.47055
39,1.0,closed,available,43,-0.0039769164874124754,-0.04054144969768031,0.47055
39,1.0,closed,available,44,-0.00015827423933884033,-0.42566504536058763,0.47055
39,1.0,closed,available,45,-0.011202243335216022,0.601619155807591,0.47055
39,1.0,closed,available,46,-0.00475112454306173,-0.19407527637949124,0.47055
39,1.0,closed,available,47,0.013217958083479997,0.011603253617690901,0.47055
39,1.0,closed,available,48,0.005232196338137984,0.6194331727958308,0.47055
39,1.0,closed,available,49,-0.023223911435175756,0.03722427749995916,0.47055
39,1.0,closed,available,50,-0.012480549558882226,0.4262314647544837,0.47055
39,1.0,closed,available,51,0.01021265573489305,0.35325713770741274,0.47055
39,1.0,closed,available,52,0.0008787759126219763,-0.27706620615391236,0.47055
39,1.0,closed,available,53,-0.00013148660221939945,0.9714548659171534,0.47055
39,1.0,closed,available,54,-0.0020241367872566307,0.23633912897101875,0.47055
39,1.0,closed,available,55,-0.003401451754800111,0.7346709454021785,0.47055
39,1.0,closed,available,56,-0.006880100607503881,-0.5631149253275977,0.47055
39,1.0,closed,available,57,0.0020675008253979166,0.3644697187314406,0.47055
39,1.0,closed,available,58,0.006482228733233231,0.40505149030189574,0.47055
39,1.0,closed,available,59,0.00987000848820467,0.1188164633196186,0.47055
39,1.0,closed,available,60,-0.00030568071002717856,-0.2877292081959832,0.47055
39,1.0,closed,available,61,-0.0029698362034822345,-0.7181202131207574,0.47055
39,1.0,closed,available,62,-0.0008330211805817334,-0.2346623246126393,0.47055
39,1.0,closed,available,63,0.0035691144136746344,0.24426187885239853,0.47055
39,1.0,closed,available,64,0.0002786400271527212,0.7571923958781249,0.47055
39,1.0,closed,available,65,-0.000761967501048566,0.32716759140089763,0.47055
39,1.0,closed,mi_obs,0,0.028438842546714957,0.00840266055181259,0.47055
39,1.0,closed,mi_obs,1,0.03945986170688472,0.0012632086726021246,0.47055
39,1.0,closed,mi_obs,2,-0.03172959151925389,-0.0015055278577558754,0.47055
39,1.0,closed,mi_obs,3,0.06539589628027165,0.008198083232938361,0.47055
39,1.0,closed,mi_obs,4,-0.032215685003337075,0.002505676567001215,0.47055
39,1.0,closed,mi_obs,5,-0.007779848371348541,0.10604532965088571,0.47055
39,1.0,closed,mi_obs,6,-0.02066100908046263,-0.003998171214653993,0.47055
39,1.0,closed,mi_obs,7,-0.009665434122279005,0.00534994580291853,0.47055
39,1.0,closed,mi_obs,8,-0.054918407188795725,-0.004371912217911624,0.47055
39,1.0,closed,mi_obs,9,-0.004390178124075564,0.008062949208012744,0.47055
39,1.0,closed,mi_obs,10,-0.0352270622955635,-0.004299305329413081,0.47055
39,1.0,closed,mi_obs,11,-0.060367303392219046,-0.009206383648698193,0.47055
39,1.0,closed,mi_obs,12,-0.04514791841728516,-0.6026688265539373,0.47055
39,1.0,closed,mi_obs,13,0.007539979494617044,0.550301468705974,0.47055
39,1.0,closed,mi_obs,14,-6.414398640663954e-05,-0.227747131831364,0.47055
39,1.0,closed,mi_obs,15,-0.004470683509340434,-0.6041392452759475,0.47055
39,1.0,closed,mi_obs,16,0.08182857839164977,0.012729216355003852,0.47055
39,1.0,closed,mi_obs,17,-0.0928897177970916,-0.0062481363704628935,0.47055
39,1.0,closed,mi_obs,18,-0.009040692557294894,-0.6241668210640581,0.47055
39,1.0,closed,mi_obs,19,-0.0032461182503110307,0.009199201770613471,0.47055
39,1.0,closed,mi_obs,20,-0.008888819566094108,-0.7577729799839197,0.47055
39,1.0,closed,mi_obs,21,-0.005600908725239662,-0.5827883126970174,0.47055
39,1.0,closed,mi_obs,22,0.013434006346553451,0.5275033888682257,0.47055
39,1.0,closed,mi_obs,23,0.025248159266210476,-0.07727604269943955,0.47055
39,1.0,closed,mi_obs,24,0.01962586765647889,-0.3589693048286388,0.47055
39,1.0,closed,mi_obs,25,-0.08888946138929299,-0.5625771034718102,0.47055
39,1.0,closed,mi_obs,26,-0.07166241196839553,-0.002081103030843805,0.47055
39,1.0,closed,mi_obs,27,0.026889036523832843,-0.36844471232966075,0.47055
39,1.0,closed,mi_obs,28,0.0162345144066804,-0.002223130962249316,0.47055
39,1.0,closed,mi_obs,29,0.03419844238774766,0.017374804977143995,0.47055
39,1.0,closed,mi_obs,30,-0.023600429722575256,-0.909964209773462,0.47055
39,1.0,closed,mi_obs,31,0.005905245155510552,0.4001496918509156,0.47055
39,1.0,closed,mi_obs,32,0.0006542608369340952,0.7600502735399637,0.47055
39,1.0,closed,mi_obs,33,-0.06278885936888218,0.32172041984763006,0.47055
39,1.0,closed,mi_obs,34,0.15389001109622116,0.006780498299532369,0.47055
39,1.0,closed,mi_obs,35,0.019738476419481676,0.781709761509318,0.47055
39,1.0,closed,mi_obs,36,0.006764837090943339,-0.0033379433907794603,0.47055
39,1.0,closed,mi_obs,37,0.0232350395987605,0.45157199994044467,0.47055
39,1.0,closed,mi_obs,38,-0.026797555012264884,-0.44800844239736115,0.47055
39,1.0,closed,mi_obs,39,0.013178113535819325,-0.8175851632210352,0.47055
39,1.0,closed,mi_obs,40,0.06441916040346674,-0.39961211950118875,0.47055
39,1.0,closed,mi_obs,41,-0.15918675884674163,0.18868234568010164,0.47055
39,1.0,closed,mi_obs,42,0.007322660080754995,-0.8420103895943136,0.47055
39,1.0,closed,mi_obs,43,0.01917036292343772,-0.04054144969768031,0.47055
39,1.0,closed,mi_obs,44,0.01130864541211668,-0.42566504536058763,0.47055
39,1.0,closed,mi_obs,45,0.04829282427428916,0.601619155807591,0.47055
39,1.0,closed,mi_obs,46,0.0038151268716838382,-0.19407527637949124,0.47055
39,1.0,closed,mi_obs,47,0.04432893459675645,0.011603253617690901,0.47055
39,1.0,closed,mi_obs,48,0.0615939517281856,0.6194331727958308,0.47055
39,1.0,closed,mi_obs,49,0.00804398585566319,0.03722427749995916,0.47055
39,1.0,closed,mi_obs,50,0.02659412399991179,0.4262314647544837,0.47055
39,1.0,closed,mi_obs,51,-0.05250966458065537,0.35325713770741274,0.47055
39,1.0,closed,mi_obs,52,0.10056250952773207,-0.27706620615391236,0.47055
39,1.0,closed,mi_obs,53,0.004416661644587094,0.9714548659171534,0.47055
39,1.0,closed,mi_obs,54,0.019730471502184793,0.23633912897101875,0.47055
39,1.0,closed,mi_obs,55,0.012501771689179986,0.7346709454021785,0.47055
39,1.0,closed,mi_obs,56,0.01744197187370755,-0.5631149253275977,0.47055
39,1.0,closed,mi_obs,57,-0.07420037056492768,0.3644697187314406,0.47055
39,1.0,closed,mi_obs,58,0.036961804612751115,0.40505149030189574,0.47055
39,1.0,closed,mi_obs,59,-0.05489228382306276,0.1188164633196186,0.47055
39,1.0,closed,mi_obs,60,0.1205041880404108,-0.2877292081959832,0.47055
39,1.0,closed,mi_obs,61,-0.0796525055128613,-0.7181202131207574,0.47055
39,1.0,closed,mi_obs,62,0.0662538028135625,-0.2346623246126393,0.47055
39,1.0,closed,mi_obs,63,0.025779129143676194,0.24426187885239853,0.47055
39,1.0,closed,mi_obs,64,0.015413125190251065,0.7571923958781249,0.47055
39,1.0,closed,mi_obs,65,0.027932148078113783,0.32716759140089763,0.47055
39,1.0,closed,mi_class,0,-0.07547053953565143,0.00840266055181259,0.47055
39,1.0,closed,mi_class,1,0.007087386848741746,0.0012632086726021246,0.47055
39,1.0,closed,mi_class,2,0.013201180244053395,-0.0015055278577558754,0.47055
39,1.0,closed,mi_class,3,0.0009248263035492293,0.008198083232938361,0.47055
39,1.0,closed,mi_class,4,0.007571632170053709,0.002505676567001215,0.47055
39,1.0,closed,mi_class,5,-0.03972353601797407,0.10604532965088571,0.47055
39,1.0,closed,mi_class,6,-0.026026667475794768,-0.003998171214653993,0.47055
39,1.0,closed,mi_class,7,-0.01906737936727703,0.00534994580291853,0.47055
39,1.0,closed,mi_class,8,0.012017219577248883,-0.004371912217911624,0.47055
39,1.0,closed,mi_class,9,0.01560202485351384,0.008062949208012744,0.47055
39,1.0,closed,mi_class,10,0.0057380990103582715,-0.004299305329413081,0.47055
39,1.0,closed,mi_class,11,0.010379374320191427,-0.009206383648698193,0.47055
39,1.0,closed,mi_class,12,0.038544388357183657,-0.6026688265539373,0.47055
39,1.0,closed,mi_class,13,-0.24819067274154655,0.550301468705974,0.47055
39,1.0,closed,mi_class,14,0.03535982207020785,-0.227747131831364,0.47055
39,1.0,closed,mi_class,15,0.1960503280003682,-0.6041392452759475,0.47055
39,1.0,closed,mi_class,16,-0.0002692085753705029,0.012729216355003852,0.47055
39,1.0,closed,mi_class,17,0.05029176638234474,-0.0062481363704628935,0.47055
39,1.0,closed,mi_class,18,0.09417572697084597,-0.6241668210640581,0.47055
39,1.0,closed,mi_class,19,-0.014704750756255065,0.009199201770613471,0.47055
39,1.0,closed,mi_class,20,0.07030372332984047,-0.7577729799839197,0.47055
39,1.0,closed,mi_class,21,0.1527153018318248,-0.5827883126970174,0.47055
39,1.0,closed,mi_class,22,-0.3322735356077984,0.5275033888682257,0.47055
39,1.0,closed,mi_class,23,-0.1487165656110954,-0.07727604269943955,0.47055
39,1.0,closed,mi_class,24,0.20056410189458743,-0.3589693048286388,0.47055
39,1.0,closed,mi_class,25,0.27708427332754304,-0.5625771034718102,0.47055
39,1.0,closed,mi_class,26,-0.25319768736091786,-0.002081103030843805,0.47055
39,1.0,closed,mi_class,27,-0.1770157974492222,-0.36844471232966075,0.47055
39,1.0,closed,mi_class,28,0.1407413649793749,-0.002223130962249316,0.47055
39,1.0,closed,mi_class,29,-0.01511664595518636,0.017374804977143995,0.47055
39,1.0,closed,mi_class,30,0.32585764492626645,-0.909964209773462,0.47055
39,1.0,closed,mi_class,31,-0.038204457527368285,0.4001496918509156,0.47055
39,1.0,closed,mi_class,32,-0.13794740230402058,0.7600502735399637,0.47055
39,1.0,closed,mi_class,33,-0.02757516814183364,0.32172041984763006,0.47055
39,1.0,closed,mi_class,34,0.0069522520957085426,0.006780498299532369,0.47055
39,1.0,closed,mi_class,35,0.010630441252815426,0.781709761509318,0.47055
39,1.0,closed,mi_class,36,0.079814181305088,-0.0033379433907794603,0.47055
39,1.0,closed,mi_class,37,0.050760767234821313,0.45157199994044467,0.47055
39,1.0,closed,mi_class,38,0.1778865706060806,-0.44800844239736115,0.47055
39,1.0,closed,mi_class,39,0.16868590372022618,-0.8175851632210352,0.47055
39,1.0,closed,mi_class,40,0.19225562036454458,-0.39961211950118875,0.47055
39,1.0,closed,mi_class,41,-0.0048371140952273295,0.18868234568010164,0.47055
39,1.0,closed,mi_class,42,0.36227188594896015,-0.8420103895943136,0.47055
39,1.0,closed,mi_class,43,0.020433493546044738,-0.04054144969768031,0.47055
39,1.0,closed,mi_class,44,0.16119293606471863,-0.42566504536058763,0.47055
39,1.0,closed,mi_class,45,-0.06151842096867344,0.601619155807591,0.47055
39,1.0,closed,mi_class,46,0.03928963342649738,-0.19407527637949124,0.47055
39,1.0,closed,mi_class,47,0.07568712390458728,0.011603253617690901,0.47055
39,1.0,closed,mi_class,48,-0.06699981898609164,0.6194331727958308,0.47055
39,1.0,closed,mi_class,49,0.0004918513872511632,0.03722427749995916,0.47055
39,1.0,closed,mi_class,50,-0.05740430059425766,0.4262314647544837,0.47055
39,1.0,closed,mi_class,51,-0.01951838968808489,0.35325713770741274,0.47055
39,1.0,closed,mi_class,52,0.02164109993240454,-0.27706620615391236,0.47055
39,1.0,closed,mi_class,53,-0.2819714439070963,0.9714548659171534,0.47055
39,1.0,closed,mi_class,54,-0.07311516639918891,0.23633912897101875,0.47055
39,1.0,closed,mi_class,55,-0.17018080790519519,0.7346709454021785,0.47055
39,1.0,closed,mi_class,56,0.07903339649995278,-0.5631149253275977,0.47055
39,1.0,closed,mi_class,57,-0.06199259809776736,0.3644697187314406,0.47055
39,1.0,closed,mi_class,58,-0.11890912314777324,0.40505149030189574,0.47055
39,1.0,closed,mi_class,59,-0.01768626701501902,0.1188164633196186,0.47055
39,1.0,closed,mi_class,60,0.20883887977929438,-0.2877292081959832,0.47055
39,1.0,closed,mi_class,61,0.19910470594342522,-0.7181202131207574,0.47055
39,1.0,closed,mi_class,62,0.013254234715216168,-0.2346623246126393,0.47055
39,1.0,closed,mi_class,63,-0.1060664927395519,0.24426187885239853,0.47055
39,1.0,closed,mi_class,64,-0.057591664059218894,0.7571923958781249,0.47055
39,1.0,closed,mi_class,65,-0.03705449406569561,0.32716759140089763,0.47055
39,1.0,closed,mi_site,0,0.019405691350656395,0.00840266055181259,0.47055
39,1.0,closed,mi_site,1,0.0249624467074951,0.0012632086726021246,0.47055
39,1.0,closed,mi_site,2,-0.03081196377601728,-0.0015055278577558754,0.47055
39,1.0,closed,mi_site,3,0.048052686366427386,0.008198083232938361,0.47055
39,1.0,closed,mi_site,4,-0.025595320772584872,0.002505676567001215,0.47055
39,1.0,closed,mi_site,5,-0.004492293879976794,0.10604532965088571,0.47055
39,1.0,closed,mi_site,6,-0.019240856764789295,-0.003998171214653993,0.47055
39,1.0,closed,mi_site,7,0.005164203634683043,0.00534994580291853,0.47055
39,1.0,closed,mi_site,8,-0.03770335780176903,-0.004371912217911624,0.47055
39,1.0,closed,mi_site,9,0.002056425342069887,0.008062949208012744,0.47055
39,1.0,closed,mi_site,10,-0.027148296225436196,-0.004299305329413081,0.47055
39,1.0,closed,mi_site,11,-0.042589968031946014,-0.009206383648698193,0.47055
39,1.0,closed,mi_site,12,-0.03394865139388015,-0.6026688265539373,0.47055
39,1.0,closed,mi_site,13,0.00858306781558782,0.550301468705974,0.47055
39,1.0,closed,mi_site,14,-0.0031356881901068723,-0.227747131831364,0.47055
39,1.0,closed,mi_site,15,-0.008209715491558245,-0.6041392452759475,0.47055
39,1.0,closed,mi_site,16,0.07295195028631586,0.012729216355003852,0.47055
39,1.0,closed,mi_site,17,-0.07650250916669586,-0.0062481363704628935,0.47055
39,1.0,closed,mi_site,18,-0.010326733997857218,-0.6241668210640581,0.47055
39,1.0,closed,mi_site,19,-0.00911648958559959,0.009199201770613471,0.47055
39,1.0,closed,mi_site,20,-0.008110531204600702,-0.7577729799839197,0.47055
39,1.0,closed,mi_site,21,-0.001032836889966804,-0.5827883126970174,0.47055
39,1.0,closed,mi_site,22,0.013855984887501394,0.5275033888682257,0.47055
39,1.0,closed,mi_site,23,0.009154601027464668,-0.07727604269943955,0.47055
39,1.0,closed,mi_site,24,0.019419850530160043,-0.3589693048286388,0.47055
39,1.0,closed,mi_site,25,-0.07606201879210972,-0.5625771034718102,0.47055
39,1.0,closed,mi_site,26,-0.06308566604018032,-0.002081103030843805,0.47055
39,1.0,closed,mi_site,27,0.017959517617255505,-0.36844471232966075,0.47055
39,1.0,closed,mi_site,28,0.011957797752021323,-0.002223130962249316,0.47055
39,1.0,closed,mi_site,29,0.029243632463209313,0.017374804977143995,0.47055
39,1.0,closed,mi_site,30,-0.013951374615075562,-0.909964209773462,0.47055
39,1.0,closed,mi_site,31,0.004390767522820305,0.4001496918509156,0.47055
39,1.0,closed,mi_site,32,-0.009402999113515942,0.7600502735399637,0.47055
39,1.0,closed,mi_site,33,-0.05219645130199352,0.32172041984763006,0.47055
39,1.0,closed,mi_site,34,0.12447180198790114,0.006780498299532369,0.47055
39,1.0,closed,mi_site,35,0.011269077087433521,0.781709761509318,0.47055
39,1.0,closed,mi_site,36,0.0025854764521265703,-0.0033379433907794603,0.47055
39,1.0,closed,mi_site,37,0.014114074689664191,0.45157199994044467,0.47055
39,1.0,closed,mi_site,38,-0.014981924073482034,-0.44800844239736115,0.47055
39,1.0,closed,mi_site,39,0.01844854854464484,-0.8175851632210352,0.47055
39,1.0,closed,mi_site,40,0.05459503197629273,-0.39961211950118875,0.47055
39,1.0,closed,mi_site,41,-0.13238109149167998,0.18868234568010164,0.47055
39,1.0,closed,mi_site,42,0.020336452457614063,-0.8420103895943136,0.47055
39,1.0,closed,mi_site,43,0.02444749193732686,-0.04054144969768031,0.47055
39,1.0,closed,mi_site,44,0.017760070801105088,-0.42566504536058763,0.47055
39,1.0,closed,mi_site,45,0.04017052580694547,0.601619155807591,0.47055
39,1.0,closed,mi_site,46,0.01751602890208523,-0.19407527637949124,0.47055
39,1.0,closed,mi_site,47,0.027903345069542056,0.011603253617690901,0.47055
39,1.0,closed,mi_site,48,0.05192964566876257,0.6194331727958308,0.47055
39,1.0,closed,mi_site,49,0.009345982097844582,0.03722427749995916,0.47055
39,1.0,closed,mi_site,50,0.020869231230763674,0.4262314647544837,0.47055
39,1.0,closed,mi_site,51,-0.043366808385952416,0.35325713770741274,0.47055
39,1.0,closed,mi_site,52,0.07803978611384638,-0.27706620615391236,0.47055
39,1.0,closed,mi_site,53,0.000643174386463996,0.9714548659171534,0.47055
39,1.0,closed,mi_site,54,0.01831621897921601,0.23633912897101875,0.47055
39,1.0,closed,mi_site,55,0.012029492972659539,0.7346709454021785,0.47055
39,1.0,closed,mi_site,56,0.025548350442573975,-0.5631149253275977,0.47055
39,1.0,closed,mi_site,57,-0.0612590964952478,0.3644697187314406,0.47055
39,1.0,closed,mi_site,58,0.02500724079611455,0.40505149030189574,0.47055
39,1.0,closed,mi_site,59,-0.04574594300445696,0.1188164633196186,0.47055
39,1.0,closed,mi_site,60,0.0988728897323351,-0.2877292081959832,0.47055
39,1.0,closed,mi_site,61,-0.07703006191124007,-0.7181202131207574,0.47055
39,1.0,closed,mi_site,62,0.048321062029652834,-0.2346623246126393,0.47055
39,1.0,closed,mi_site,63,0.023106181113146884,0.24426187885239853,0.47055
39,1.0,closed,mi_site,64,0.01044690184832775,0.7571923958781249,0.47055
39,1.0,closed,mi_site,65,0.02807231372079355,0.32716759140089763,0.47055
39,2.0,aligned,available,0,-0.017377204208978172,0.01455117563113114,0.47055
39,2.0,aligned,available,1,0.0028404532500424596,0.00775167267421988,0.47055
39,2.0,aligned,available,2,0.061474026513274646,-0.009049378507009709,0.47055
39,2.0,aligned,available,3,-0.013626614595334778,0.014214993621821477,0.47055
39,2.0,aligned,available,4,0.005321730984649074,0.0017617294304145593,0.47055
39,2.0,aligned,available,5,0.015731634573092332,0.10546497764653485,0.47055
39,2.0,aligned,available,6,-0.007520032325156867,0.00019012528336880287,0.47055
39,2.0,aligned,available,7,0.004448845455328625,-0.009010357982317049,0.47055
39,2.0,aligned,available,8,0.022466835207031993,-0.006318550261406792,0.47055
39,2.0,aligned,available,9,-0.0059139433838385075,0.027319973046200045,0.47055
39,2.0,aligned,available,10,0.007930647794220579,-0.002779144735017367,0.47055
39,2.0,aligned,available,11,0.023104584187359212,-0.006985572562733882,0.47055
39,2.0,aligned,available,12,0.00018678800933868978,-0.6090704269823027,0.47055
39,2.0,aligned,available,13,-0.007996347241680746,0.5585071072914515,0.47055
39,2.0,aligned,available,14,0.01227939517446422,-0.23569297896731922,0.47055
39,2.0,aligned,available,15,0.01055805379176944,-0.6122284954141234,0.47055
39,2.0,aligned,available,16,0.002015266962433284,0.01279196411242776,0.47055
39,2.0,aligned,available,17,0.00401334210230948,-0.009370611600105038,0.47055
39,2.0,aligned,available,18,0.009514277743396193,-0.6325099637773232,0.47055
39,2.0,aligned,available,19,-0.006738605794019894,0.012848293194246322,0.47055
39,2.0,aligned,available,20,0.00016770004315846965,-0.764946982242926,0.47055
39,2.0,aligned,available,21,0.010103938044575989,-0.5923026420826045,0.47055
39,2.0,aligned,available,22,0.004670889198864714,0.5395165610435957,0.47055
39,2.0,aligned,available,23,0.010934505570944608,-0.08218861028527727,0.47055
39,2.0,aligned,available,24,0.006574149781270133,-0.3681341605924735,0.47055
39,2.0,aligned,available,25,-0.00490670887320932,-0.5759446230265004,0.47055
39,2.0,aligned,available,26,-0.023155151070600767,-0.002311889723168343,0.47055
39,2.0,aligned,available,27,-0.00811596674574222,-0.37798616544945457,0.47055
39,2.0,aligned,available,28,-0.004835984520509276,-0.002201186474775064,0.47055
39,2.0,aligned,available,29,-0.026708175621245972,0.01490862023184916,0.47055
39,2.0,aligned,available,30,-0.005145950786768161,-0.9146530305612255,0.47055
39,2.0,aligned,available,31,0.015623924125539645,0.40263470962034636,0.47055
39,2.0,aligned,available,32,-0.0016757777343298086,0.7669499824574324,0.47055
39,2.0,aligned,available,33,0.004660835083396431,0.3343446858086654,0.47055
39,2.0,aligned,available,34,-0.030790793191657936,0.008685719880210946,0.47055
39,2.0,aligned,available,35,0.00035391562929154574,0.7887324560948604,0.47055
39,2.0,aligned,available,36,0.047300757091841394,-0.00555214501971819,0.47055
39,2.0,aligned,available,37,0.016098895277906422,0.4611860310409101,0.47055
39,2.0,aligned,available,38,0.012096624271263956,-0.44992866605684917,0.47055
39,2.0,aligned,available,39,0.005307027634915973,-0.8222353703340186,0.47055
39,2.0,aligned,available,40,-0.005355566147606294,-0.40928034505168104,0.47055
39,2.0,aligned,available,41,-0.0006975000188797764,0.17976149323056148,0.47055
39,2.0,aligned,available,42,0.009328139157367743,-0.8464805519063061,0.47055
39,2.0,aligned,available,43,-0.004010658602207458,-0.0390195064958023,0.47055
39,2.0,aligned,available,44,0.016127192418212144,-0.436800647628025,0.47055
39,2.0,aligned,available,45,-0.0038255107778567554,0.6006848738983711,0.47055
39,2.0,aligned,available,46,-0.004647026043388847,-0.1827708077224768,0.47055
39,2.0,aligned,available,47,0.005492389478662036,0.008776960699847909,0.47055
39,2.0,aligned,available,48,-0.001024885395557007,0.6178714104745788,0.47055
39,2.0,aligned,available,49,0.00895117132639859,0.03891283297037971,0.47055
39,2.0,aligned,available,50,-0.0032552501005312373,0.4283427587357034,0.47055
39,2.0,aligned,available,51,-0.003647737878976709,0.36569815506316783,0.47055
39,2.0,aligned,available,52,0.005283942554082766,-0.27994970158009175,0.47055
39,2.0,aligned,available,53,-0.0013140467311761883,0.9723545930517935,0.47055
39,2.0,aligned,available,54,-0.003897214514198083,0.24249083256656923,0.47055
39,2.0,aligned,available,55,-0.006420904936520477,0.7403566095610716,0.47055
39,2.0,aligned,available,56,0.008354963251545722,-0.5639790868110441,0.47055
39,2.0,aligned,available,57,0.004383937252916137,0.3761461222315967,0.47055
39,2.0,aligned,available,58,-0.020408254221332245,0.4150076656736022,0.47055
39,2.0,aligned,available,59,-0.01017576926637151,0.125499288372738,0.47055
39,2.0,aligned,available,60,0.006255037144027031,-0.2885635446596798,0.47055
39,2.0,aligned,available,61,0.007646460042340153,-0.7349254473671015,0.47055
39,2.0,aligned,available,62,0.00850357534923582,-0.24344225590455798,0.47055
39,2.0,aligned,available,63,0.022046848216726728,0.2478450226714813,0.47055
39,2.0,aligned,available,64,0.004081696084374142,0.7620420159531259,0.47055
39,2.0,aligned,available,65,0.002237330903053336,0.3318839388848785,0.47055
39,2.0,aligned,mi_obs,0,-0.0007117285646096195,0.01455117563113114,0.47055
39,2.0,aligned,mi_obs,1,0.004708913099678395,0.00775167267421988,0.47055
39,2.0,aligned,mi_obs,2,0.034863925527588144,-0.009049378507009709,0.47055
39,2.0,aligned,mi_obs,3,0.02029813662364384,0.014214993621821477,0.47055
39,2.0,aligned,mi_obs,4,-0.022003680576115566,0.0017617294304145593,0.47055
39,2.0,aligned,mi_obs,5,0.02459406310397856,0.10546497764653485,0.47055
39,2.0,aligned,mi_obs,6,-0.02565132282378997,0.00019012528336880287,0.47055
39,2.0,aligned,mi_obs,7,0.01367896027010011,-0.009010357982317049,0.47055
39,2.0,aligned,mi_obs,8,-0.018497063227032453,-0.006318550261406792,0.47055
39,2.0,aligned,mi_obs,9,-0.024799240479826228,0.027319973046200045,0.47055
39,2.0,aligned,mi_obs,10,-0.021482025803795716,-0.002779144735017367,0.47055
39,2.0,aligned,mi_obs,11,-0.04944336078176595,-0.006985572562733882,0.47055
39,2.0,aligned,mi_obs,12,-0.030391613983624444,-0.6090704269823027,0.47055
39,2.0,aligned,mi_obs,13,0.00420820892640128,0.5585071072914515,0.47055
39,2.0,aligned,mi_obs,14,-0.010540139389871,-0.23569297896731922,0.47055
39,2.0,aligned,mi_obs,15,-0.0010061625209285552,-0.6122284954141234,0.47055
39,2.0,aligned,mi_obs,16,0.10419715876064943,0.01279196411242776,0.47055
39,2.0,aligned,mi_obs,17,-0.1025536910928585,-0.009370611600105038,0.47055
39,2.0,aligned,mi_obs,18,-0.0031492324965195495,-0.6325099637773232,0.47055
39,2.0,aligned,mi_obs,19,-0.009168755318573946,0.012848293194246322,0.47055
39,2.0,aligned,mi_obs,20,-0.00840405629098595,-0.764946982242926,0.47055
39,2.0,aligned,mi_obs,21,-0.010650739476281146,-0.5923026420826045,0.47055
39,2.0,aligned,mi_obs,22,0.012236272099746537,0.5395165610435957,0.47055
39,2.0,aligned,mi_obs,23,0.025411217738930417,-0.08218861028527727,0.47055
39,2.0,aligned,mi_obs,24,0.02390595626314851,-0.3681341605924735,0.47055
39,2.0,aligned,mi_obs,25,-0.06703107072383052,-0.5759446230265004,0.47055
39,2.0,aligned,mi_obs,26,-0.0955642905857849,-0.002311889723168343,0.47055
39,2.0,aligned,mi_obs,27,0.020213616618460217,-0.37798616544945457,0.47055
39,2.0,aligned,mi_obs,28,-0.002264224114985838,-0.002201186474775064,0.47055
39,2.0,aligned,mi_obs,29,0.022296234984858866,0.01490862023184916,0.47055
39,2.0,aligned,mi_obs,30,-0.026147669273590024,-0.9146530305612255,0.47055
39,2.0,aligned,mi_obs,31,0.034632078944190126,0.40263470962034636,0.47055
39,2.0,aligned,mi_obs,32,-0.0055647473587389085,0.7669499824574324,0.47055
39,2.0,aligned,mi_obs,33,-0.09400062163786016,0.3343446858086654,0.47055
39,2.0,aligned,mi_obs,34,0.17299107207020273,0.008685719880210946,0.47055
39,2.0,aligned,mi_obs,35,0.021513773574147965,0.7887324560948604,0.47055
39,2.0,aligned,mi_obs,36,0.02039014801588957,-0.00555214501971819,0.47055
39,2.0,aligned,mi_obs,37,0.018834523481169596,0.4611860310409101,0.47055
39,2.0,aligned,mi_obs,38,-0.036220847969492265,-0.44992866605684917,0.47055
39,2.0,aligned,mi_obs,39,0.019656583083402013,-0.8222353703340186,0.47055
39,2.0,aligned,mi_obs,40,0.08787012778655717,-0.40928034505168104,0.47055
39,2.0,aligned,mi_obs,41,-0.18011418692511,0.17976149323056148,0.47055
39,2.0,aligned,mi_obs,42,0.012932739525377657,-0.8464805519063061,0.47055
39,2.0,aligned,mi_obs,43,0.007697780044065662,-0.0390195064958023,0.47055
39,2.0,aligned,mi_obs,44,0.010527560297952432,-0.436800647628025,0.47055
39,2.0,aligned,mi_obs,45,0.06261069854290524,0.6006848738983711,0.47055
39,2.0,aligned,mi_obs,46,-0.017276417314723846,-0.1827708077224768,0.47055
39,2.0,aligned,mi_obs,47,0.06029103617361977,0.008776960699847909,0.47055
39,2.0,aligned,mi_obs,48,0.08758206883121655,0.6178714104745788,0.47055
39,2.0,aligned,mi_obs,49,0.03870009855426957,0.03891283297037971,0.47055
39,2.0,aligned,mi_obs,50,0.04332088446980453,0.4283427587357034,0.47055
39,2.0,aligned,mi_obs,51,-0.08636041760533597,0.36569815506316783,0.47055
39,2.0,aligned,mi_obs,52,0.12350977206374247,-0.27994970158009175,0.47055
39,2.0,aligned,mi_obs,53,0.000825500917418176,0.9723545930517935,0.47055
39,2.0,aligned,mi_obs,54,0.028090597965686137,0.24249083256656923,0.47055
39,2.0,aligned,mi_obs,55,0.016148358331429913,0.7403566095610716,0.47055
39,2.0,aligned,mi_obs,56,0.029462939730184323,-0.5639790868110441,0.47055
39,2.0,aligned,mi_obs,57,-0.12049556735273709,0.3761461222315967,0.47055
39,2.0,aligned,mi_obs,58,0.021100527128173674,0.4150076656736022,0.47055
39,2.0,aligned,mi_obs,59,-0.08356752642273124,0.125499288372738,0.47055
39,2.0,aligned,mi_obs,60,0.1606103028863336,-0.2885635446596798,0.47055
39,2.0,aligned,mi_obs,61,-0.04933613639590495,-0.7349254473671015,0.47055
39,2.0,aligned,mi_obs,62,0.0879784677984676,-0.24344225590455798,0.47055
39,2.0,aligned,mi_obs,63,0.03449537388573701,0.2478450226714813,0.47055
39,2.0,aligned,mi_obs,64,0.018251735405157232,0.7620420159531259,0.47055
39,2.0,aligned,mi_obs,65,0.03169479873581377,0.3318839388848785,0.47055
39,2.0,aligned,mi_class,0,-0.10429729451993888,0.01455117563113114,0.47055
39,2.0,aligned,mi_class,1,-0.006494100199189064,0.00775167267421988,0.47055
39,2.0,aligned,mi_class,2,0.007619325720497207,-0.009049378507009709,0.47055
39,2.0,aligned,mi_class,3,-0.011488530600405186,0.014214993621821477,0.47055
39,2.0,aligned,mi_class,4,-0.00013742849724242886,0.0017617294304145593,0.47055
39,2.0,aligned,mi_class,5,-0.08641514026545308,0.10546497764653485,0.47055
39,2.0,aligned,mi_class,6,0.00253111186412947,0.00019012528336880287,0.47055
39,2.0,aligned,mi_class,7,0.00869807570963684,-0.009010357982317049,0.47055
39,2.0,aligned,mi_class,8,0.006610947407280052,-0.006318550261406792,0.47055
39,2.0,aligned,mi_class,9,-0.026778047102276145,0.027319973046200045,0.47055
39,2.0,aligned,mi_class,10,0.004196125776959535,-0.002779144735017367,0.47055
39,2.0,aligned,mi_class,11,0.01183590097110902,-0.006985572562733882,0.47055
39,2.0,aligned,mi_class,12,0.5238807304320778,-0.6090704269823027,0.47055
39,2.0,aligned,mi_class,13,-0.24011897402127136,0.5585071072914515,0.47055
39,2.0,aligned,mi_class,14,0.08981142301780595,-0.23569297896731922,0.47055
39,2.0,aligned,mi_class,15,0.20826152741232007,-0.6122284954141234,0.47055
39,2.0,aligned,mi_class,16,-0.02390189012728033,0.01279196411242776,0.47055
39,2.0,aligned,mi_class,17,0.004365830490641225,-0.009370611600105038,0.47055
39,2.0,aligned,mi_class,18,0.38256680431678103,-0.6325099637773232,0.47055
39,2.0,aligned,mi_class,19,0.05024633508795087,0.012848293194246322,0.47055
39,2.0,aligned,mi_class,20,0.07705195407905918,-0.764946982242926,0.47055
39,2.0,aligned,mi_class,21,-0.37763276043450966,-0.5923026420826045,0.47055
39,2.0,aligned,mi_class,22,-0.459656778267229,0.5395165610435957,0.47055
39,2.0,aligned,mi_class,23,-0.5955493056016562,-0.08218861028527727,0.47055
39,2.0,aligned,mi_class,24,0.3011763792049855,-0.3681341605924735,0.47055
39,2.0,aligned,mi_class,25,0.45204493375596394,-0.5759446230265004,0.47055
39,2.0,aligned,mi_class,26,0.15767462367477675,-0.002311889723168343,0.47055
39,2.0,aligned,mi_class,27,-0.533763466635512,-0.37798616544945457,0.47055
39,2.0,aligned,mi_class,28,0.009624998579980556,-0.002201186474775064,0.47055
39,2.0,aligned,mi_class,29,-0.022552094532502627,0.01490862023184916,0.47055
39,2.0,aligned,mi_class,30,0.8223332264041034,-0.9146530305612255,0.47055
39,2.0,aligned,mi_class,31,0.31394228746038416,0.40263470962034636,0.47055
39,2.0,aligned,mi_class,32,-0.6839699328171345,0.7669499824574324,0.47055
39,2.0,aligned,mi_class,33,-0.2969102753129033,0.3343446858086654,0.47055
39,2.0,aligned,mi_class,34,-0.16718809468878532,0.008685719880210946,0.47055
39,2.0,aligned,mi_class,35,0.1456783010942332,0.7887324560948604,0.47055
39,2.0,aligned,mi_class,36,-0.04256038482813802,-0.00555214501971819,0.47055
39,2.0,aligned,mi_class,37,-0.38844703208172254,0.4611860310409101,0.47055
39,2.0,aligned,mi_class,38,0.13348965418255182,-0.44992866605684917,0.47055
39,2.0,aligned,mi_class,39,0.08607911180975969,-0.8222353703340186,0.47055
39,2.0,aligned,mi_class,40,0.1514341207480655,-0.40928034505168104,0.47055
39,2.0,aligned,mi_class,41,-0.06747005583204044,0.17976149323056148,0.47055
39,2.0,aligned,mi_class,42,0.6097762159170609,-0.8464805519063061,0.47055
39,2.0,aligned,mi_class,43,0.03211450390998718,-0.0390195064958023,0.47055
39,2.0,aligned,mi_class,44,0.1433952879499114,-0.436800647628025,0.47055
39,2.0,aligned,mi_class,45,-0.16418241445840936,0.6006848738983711,0.47055
39,2.0,aligned,mi_class,46,0.07199926670277876,-0.1827708077224768,0.47055
39,2.0,aligned,mi_class,47,-0.11987593077140285,0.008776960699847909,0.47055
39,2.0,aligned,mi_class,48,0.1576111228596313,0.6178714104745788,0.47055
39,2.0,aligned,mi_class,49,-0.05762336882365575,0.03891283297037971,0.47055
39,2.0,aligned,mi_class,50,-0.14200430579030604,0.4283427587357034,0.47055
39,2.0,aligned,mi_class,51,-0.030466748242288733,0.36569815506316783,0.47055
39,2.0,aligned,mi_class,52,0.03457597903569759,-0.27994970158009175,0.47055
39,2.0,aligned,mi_class,53,-0.6706159036778576,0.9723545930517935,0.47055
39,2.0,aligned,mi_class,54,-0.20386704217706092,0.24249083256656923,0.47055
39,2.0,aligned,mi_class,55,-0.1729293554245822,0.7403566095610716,0.47055
39,2.0,aligned,mi_class,56,0.019798634517583458,-0.5639790868110441,0.47055
39,2.0,aligned,mi_class,57,-0.2434943324541676,0.3761461222315967,0.47055
39,2.0,aligned,mi_class,58,-0.3420133733813184,0.4150076656736022,0.47055
39,2.0,aligned,mi_class,59,0.010643096924966539,0.125499288372738,0.47055
39,2.0,aligned,mi_class,60,0.06470138816636928,-0.2885635446596798,0.47055
39,2.0,aligned,mi_class,61,0.6343633524206613,-0.7349254473671015,0.47055
39,2.0,aligned,mi_class,62,0.06507386665147702,-0.24344225590455798,0.47055
39,2.0,aligned,mi_class,63,-0.2667429419472614,0.2478450226714813,0.47055
39,2.0,aligned,mi_class,64,-0.4267795593208844,0.7620420159531259,0.47055
39,2.0,aligned,mi_class,65,-0.2591612199050284,0.3318839388848785,0.47055
39,2.0,aligned,mi_site,0,-0.013290675135085223,0.01455117563113114,0.47055
39,2.0,aligned,mi_site,1,-0.005211363973854892,0.00775167267421988,0.47055
39,2.0,aligned,mi_site,2,0.02507300997589466,-0.009049378507009709,0.47055
39,2.0,aligned,mi_site,3,-0.0015343478936950278,0.014214993621821477,0.47055
39,2.0,aligned,mi_site,4,-0.0016936610915303473,0.0017617294304145593,0.47055
39,2.0,aligned,mi_site,5,0.00848569518950501,0.10546497764653485,0.47055
39,2.0,aligned,mi_site,6,-0.015612228880645724,0.00019012528336880287,0.47055
39,2.0,aligned,mi_site,7,0.021843784915665247,-0.009010357982317049,0.47055
39,2.0,aligned,mi_site,8,-0.0026421155739918467,-0.006318550261406792,0.47055
39,2.0,aligned,mi_site,9,-0.02243675452496416,0.027319973046200045,0.47055
39,2.0,aligned,mi_site,10,-0.0057608410236407,-0.002779144735017367,0.47055
39,2.0,aligned,mi_site,11,-0.03206427299716864,-0.006985572562733882,0.47055
39,2.0,aligned,mi_site,12,0.08229972929396567,-0.6090704269823027,0.47055
39,2.0,aligned,mi_site,13,-0.05231574527128213,0.5585071072914515,0.47055
39,2.0,aligned,mi_site,14,0.013441837805949375,-0.23569297896731922,0.47055
39,2.0,aligned,mi_site,15,0.031192513869658045,-0.6122284954141234,0.47055
39,2.0,aligned,mi_site,16,0.04932849746455931,0.01279196411242776,0.47055
39,2.0,aligned,mi_site,17,-0.039541521295054595,-0.009370611600105038,0.47055
39,2.0,aligned,mi_site,18,0.029230638325384528,-0.6325099637773232,0.47055
39,2.0,aligned,mi_site,19,-0.011186339780302234,0.012848293194246322,0.47055
39,2.0,aligned,mi_site,20,0.022971642033453366,-0.764946982242926,0.47055
39,2.0,aligned,mi_site,21,0.02996148892445627,-0.5923026420826045,0.47055
39,2.0,aligned,mi_site,22,-0.030147292201178177,0.5395165610435957,0.47055
39,2.0,aligned,mi_site,23,0.036033658268395184,-0.08218861028527727,0.47055
39,2.0,aligned,mi_site,24,0.029026256080278867,-0.3681341605924735,0.47055
39,2.0,aligned,mi_site,25,-0.05698346802992038,-0.5759446230265004,0.47055
39,2.0,aligned,mi_site,26,-0.04357910099275153,-0.002311889723168343,0.47055
39,2.0,aligned,mi_site,27,0.026733805023767654,-0.37798616544945457,0.47055
39,2.0,aligned,mi_site,28,-0.015529309926217625,-0.002201186474775064,0.47055
39,2.0,aligned,mi_site,29,0.018402483858305937,0.01490862023184916,0.47055
39,2.0,aligned,mi_site,30,0.07848528850576564,-0.9146530305612255,0.47055
39,2.0,aligned,mi_site,31,-0.023858782168804882,0.40263470962034636,0.47055
39,2.0,aligned,mi_site,32,-0.07706264055091228,0.7669499824574324,0.47055
39,2.0,aligned,mi_site,33,-0.054155413203422376,0.3343446858086654,0.47055
39,2.0,aligned,mi_site,34,0.06734441330109099,0.008685719880210946,0.47055
39,2.0,aligned,mi_site,35,-0.06336864040477097,0.7887324560948604,0.47055
39,2.0,aligned,mi_site,36,0.019282534561406953,-0.00555214501971819,0.47055
39,2.0,aligned,mi_site,37,-0.056649666115745345,0.4611860310409101,0.47055
39,2.0,aligned,mi_site,38,-0.013429383155294128,-0.44992866605684917,0.47055
39,2.0,aligned,mi_site,39,0.0336550301353864,-0.8222353703340186,0.47055
39,2.0,aligned,mi_site,40,0.035517956108337356,-0.40928034505168104,0.47055
39,2.0,aligned,mi_site,41,-0.09662729467254409,0.17976149323056148,0.47055
39,2.0,aligned,mi_site,42,0.04272986653360422,-0.8464805519063061,0.47055
39,2.0,aligned,mi_site,43,0.010707141809671208,-0.0390195064958023,0.47055
39,2.0,aligned,mi_site,44,0.04188426540734691,-0.436800647628025,0.47055
39,2.0,aligned,mi_site,45,0.03219047077248649,0.6006848738983711,0.47055
39,2.0,aligned,mi_site,46,0.03932263908903938,-0.1827708077224768,0.47055
39,2.0,aligned,mi_site,47,-0.009128294666402557,0.008776960699847909,0.47055
39,2.0,aligned,mi_site,48,0.037654954673558616,0.6178714104745788,0.47055
39,2.0,aligned,mi_site,49,0.0340329955715944,0.03891283297037971,0.47055
39,2.0,aligned,mi_site,50,-0.00018359246814447783,0.4283427587357034,0.47055
39,2.0,aligned,mi_site,51,-0.01839862627559835,0.36569815506316783,0.47055
39,2.0,aligned,mi_site,52,0.03426575145905017,-0.27994970158009175,0.47055
39,2.0,aligned,mi_site,53,0.0031047603409853908,0.9723545930517935,0.47055
39,2.0,aligned,mi_site,54,0.02907135195924032,0.24249083256656923,0.47055
39,2.0,aligned,mi_site,55,-0.014369703976495285,0.7403566095610716,0.47055
39,2.0,aligned,mi_site,56,0.01950624355899344,-0.5639790868110441,0.47055
39,2.0,aligned,mi_site,57,-0.04213018832576487,0.3761461222315967,0.47055
39,2.0,aligned,mi_site,58,0.02343122738888548,0.4150076656736022,0.47055
39,2.0,aligned,mi_site,59,-0.03954817516942327,0.125499288372738,0.47055
39,2.0,aligned,mi_site,60,0.0573178693562168,-0.2885635446596798,0.47055
39,2.0,aligned,mi_site,61,-0.05177076149102233,-0.7349254473671015,0.47055
39,2.0,aligned,mi_site,62,0.02871122970679843,-0.24344225590455798,0.47055
39,2.0,aligned,mi_site,63,0.02957044225659447,0.2478450226714813,0.47055
39,2.0,aligned,mi_site,64,-0.011474508700598518,0.7620420159531259,0.47055
39,2.0,aligned,mi_site,65,0.020430747037107178,0.3318839388848785,0.47055
39,2.0,closed,available,0,0.004834710113538691,0.01455117563113114,0.47055
39,2.0,closed,available,1,0.00938683127543271,0.00775167267421988,0.47055
39,2.0,closed,available,2,-0.019831824553682025,-0.009049378507009709,0.47055
39,2.0,closed,available,3,-0.00976003284998531,0.014214993621821477,0.47055
39,2.0,closed,available,4,0.014930296817374579,0.0017617294304145593,0.47055
39,2.0,closed,available,5,0.016599199354258867,0.10546497764653485,0.47055
39,2.0,closed,available,6,0.013531762836401189,0.00019012528336880287,0.47055
39,2.0,closed,available,7,-0.015703397589167077,-0.009010357982317049,0.47055
39,2.0,closed,available,8,0.0010414209142422864,-0.006318550261406792,0.47055
39,2.0,closed,available,9,-0.0010998299572363424,0.027319973046200045,0.47055
39,2.0,closed,available,10,-0.005893794812786702,-0.002779144735017367,0.47055
39,2.0,closed,available,11,-0.00639549364094433,-0.006985572562733882,0.47055
39,2.0,closed,available,12,0.0046166736937728325,-0.6090704269823027,0.47055
39,2.0,closed,available,13,-0.003023159418747423,0.5585071072914515,0.47055
39,2.0,closed,available,14,-0.0031993034445430557,-0.23569297896731922,0.47055
39,2.0,closed,available,15,0.0014914912826086146,-0.6122284954141234,0.47055
39,2.0,closed,available,16,-0.0030481273976526863,0.01279196411242776,0.47055
39,2.0,closed,available,17,-0.0009185935533064776,-0.009370611600105038,0.47055
39,2.0,closed,available,18,-0.011649978241847991,-0.6325099637773232,0.47055
39,2.0,closed,available,19,0.005904689213392602,0.012848293194246322,0.47055
39,2.0,closed,available,20,-0.001164552120954787,-0.764946982242926,0.47055
39,2.0,closed,available,21,0.014554599555457348,-0.5923026420826045,0.47055
39,2.0,closed,available,22,-0.01272584471800331,0.5395165610435957,0.47055
39,2.0,closed,available,23,-0.01668350993754973,-0.08218861028527727,0.47055
39,2.0,closed,available,24,0.012611130563267459,-0.3681341605924735,0.47055
39,2.0,closed,available,25,0.0097929500907743,-0.5759446230265004,0.47055
39,2.0,closed,available,26,-0.01476246389429391,-0.002311889723168343,0.47055
39,2.0,closed,available,27,0.0059980685746411355,-0.37798616544945457,0.47055
39,2.0,closed,available,28,-0.00017079132156320445,-0.002201186474775064,0.47055
39,2.0,closed,available,29,0.00827367296247805,0.01490862023184916,0.47055
39,2.0,closed,available,30,-0.001972381108537813,-0.9146530305612255,0.47055
39,2.0,closed,available,31,-0.01026743946672326,0.40263470962034636,0.47055
39,2.0,closed,available,32,-0.011636908197777518,0.7669499824574324,0.47055
39,2.0,closed,available,33,-0.004448750933040535,0.3343446858086654,0.47055
39,2.0,closed,available,34,0.016639532336841338,0.008685719880210946,0.47055
39,2.0,closed,available,35,-0.012796871112299324,0.7887324560948604,0.47055
39,2.0,closed,available,36,-0.01588176023137605,-0.00555214501971819,0.47055
39,2.0,closed,available,37,-0.009426465381444371,0.4611860310409101,0.47055
39,2.0,closed,available,38,-0.0009604311090470885,-0.44992866605684917,0.47055
39,2.0,closed,available,39,6.607150063620004e-05,-0.8222353703340186,0.47055
39,2.0,closed,available,40,-0.011731776772443081,-0.40928034505168104,0.47055
39,2.0,closed,available,41,0.0009747109066204629,0.17976149323056148,0.47055
39,2.0,closed,available,42,0.0036044250515140375,-0.8464805519063061,0.47055
39,2.0,closed,available,43,-0.01724219300739538,-0.0390195064958023,0.47055
39,2.0,closed,available,44,0.00397889740452273,-0.436800647628025,0.47055
39,2.0,closed,available,45,0.008413127904979945,0.6006848738983711,0.47055
39,2.0,closed,available,46,0.011276231768328426,-0.1827708077224768,0.47055
39,2.0,closed,available,47,-0.00729414309782985,0.008776960699847909,0.47055
39,2.0,closed,available,48,0.0014822221741823682,0.6178714104745788,0.47055
39,2.0,closed,available,49,0.013758831134267242,0.03891283297037971,0.47055
39,2.0,closed,available,50,0.007507560378007427,0.4283427587357034,0.47055
39,2.0,closed,available,51,0.0019903041557788326,0.36569815506316783,0.47055
39,2.0,closed,available,52,-0.000344638099031902,-0.27994970158009175,0.47055
39,2.0,closed,available,53,-0.00024910948186740445,0.9723545930517935,0.47055
39,2.0,closed,available,54,0.009109275268518402,0.24249083256656923,0.47055
39,2.0,closed,available,55,-0.0024725996158569963,0.7403566095610716,0.47055
39,2.0,closed,available,56,0.002997398463975065,-0.5639790868110441,0.47055
39,2.0,closed,available,57,0.01376264682819961,0.3761461222315967,0.47055
39,2.0,closed,available,58,-0.014573018801859405,0.4150076656736022,0.47055
39,2.0,closed,available,59,-0.006010379544109504,0.125499288372738,0.47055
39,2.0,closed,available,60,-0.032018110227790164,-0.2885635446596798,0.47055
39,2.0,closed,available,61,-0.004363483379159816,-0.7349254473671015,0.47055
39,2.0,closed,available,62,0.0017995310032074552,-0.24344225590455798,0.47055
39,2.0,closed,available,63,-0.005280338000989843,0.2478450226714813,0.47055
39,2.0,closed,available,64,0.0012295707654945698,0.7620420159531259,0.47055
39,2.0,closed,available,65,-0.0023807038428128036,0.3318839388848785,0.47055
39,2.0,closed,mi_obs,0,0.034005275273428316,0.01455117563113114,0.47055
39,2.0,closed,mi_obs,1,0.01758447557034234,0.00775167267421988,0.47055
39,2.0,closed,mi_obs,2,-0.019140870048885945,-0.009049378507009709,0.47055
39,2.0,closed,mi_obs,3,0.04640513012999114,0.014214993621821477,0.47055
39,2.0,closed,mi_obs,4,-0.03901404284745629,0.0017617294304145593,0.47055
39,2.0,closed,mi_obs,5,0.007226387246917987,0.10546497764653485,0.47055
39,2.0,closed,mi_obs,6,0.025116796828746544,0.00019012528336880287,0.47055
39,2.0,closed,mi_obs,7,-0.018811078240092913,-0.009010357982317049,0.47055
39,2.0,closed,mi_obs,8,-0.04419284318317815,-0.006318550261406792,0.47055
39,2.0,closed,mi_obs,9,-0.008138868405636778,0.027319973046200045,0.47055
39,2.0,closed,mi_obs,10,-0.030571123814169685,-0.002779144735017367,0.47055
39,2.0,closed,mi_obs,11,-0.067973948586755,-0.006985572562733882,0.47055
39,2.0,closed,mi_obs,12,-0.04246075173804298,-0.6090704269823027,0.47055
39,2.0,closed,mi_obs,13,0.003994035276284724,0.5585071072914515,0.47055
39,2.0,closed,mi_obs,14,0.002399623427960018,-0.23569297896731922,0.47055
39,2.0,closed,mi_obs,15,-0.00394265597619714,-0.6122284954141234,0.47055
39,2.0,closed,mi_obs,16,0.0832915691155429,0.01279196411242776,0.47055
39,2.0,closed,mi_obs,17,-0.09605289520170052,-0.009370611600105038,0.47055
39,2.0,closed,mi_obs,18,-0.009906520194340351,-0.6325099637773232,0.47055
39,2.0,closed,mi_obs,19,0.002526851518185708,0.012848293194246322,0.47055
39,2.0,closed,mi_obs,20,-0.011663662492971238,-0.764946982242926,0.47055
39,2.0,closed,mi_obs,21,0.015119401918696096,-0.5923026420826045,0.47055
39,2.0,closed,mi_obs,22,0.005885086179338361,0.5395165610435957,0.47055
39,2.0,closed,mi_obs,23,0.010396155142531671,-0.08218861028527727,0.47055
39,2.0,closed,mi_obs,24,0.02916976616660505,-0.3681341605924735,0.47055
39,2.0,closed,mi_obs,25,-0.08053264317782494,-0.5759446230265004,0.47055
39,2.0,closed,mi_obs,26,-0.08756835443201245,-0.002311889723168343,0.47055
39,2.0,closed,mi_obs,27,0.038594283025000564,-0.37798616544945457,0.47055
39,2.0,closed,mi_obs,28,0.007079395721039218,-0.002201186474775064,0.47055
39,2.0,closed,mi_obs,29,0.03236792996440019,0.01490862023184916,0.47055
39,2.0,closed,mi_obs,30,-0.02804674891522818,-0.9146530305612255,0.47055
39,2.0,closed,mi_obs,31,0.015444892668267596,0.40263470962034636,0.47055
39,2.0,closed,mi_obs,32,-0.007885950815269438,0.7669499824574324,0.47055
39,2.0,closed,mi_obs,33,-0.07740333390440257,0.3343446858086654,0.47055
39,2.0,closed,mi_obs,34,0.15935664634850694,0.008685719880210946,0.47055
39,2.0,closed,mi_obs,35,0.011721895235518698,0.7887324560948604,0.47055
39,2.0,closed,mi_obs,36,-0.011444883360851997,-0.00555214501971819,0.47055
39,2.0,closed,mi_obs,37,0.01832381004499206,0.4611860310409101,0.47055
39,2.0,closed,mi_obs,38,-0.03190283047905029,-0.44992866605684917,0.47055
39,2.0,closed,mi_obs,39,0.014436133192685885,-0.8222353703340186,0.47055
39,2.0,closed,mi_obs,40,0.06121833920629016,-0.40928034505168104,0.47055
39,2.0,closed,mi_obs,41,-0.16488518208216565,0.17976149323056148,0.47055
39,2.0,closed,mi_obs,42,0.014486176391245387,-0.8464805519063061,0.47055
39,2.0,closed,mi_obs,43,0.02540377964574251,-0.0390195064958023,0.47055
39,2.0,closed,mi_obs,44,0.010393803777409505,-0.436800647628025,0.47055
39,2.0,closed,mi_obs,45,0.05571035957173642,0.6006848738983711,0.47055
39,2.0,closed,mi_obs,46,0.01250631400544816,-0.1827708077224768,0.47055
39,2.0,closed,mi_obs,47,0.030756487327568235,0.008776960699847909,0.47055
39,2.0,closed,mi_obs,48,0.07973127646411271,0.6178714104745788,0.47055
39,2.0,closed,mi_obs,49,0.015720910589311986,0.03891283297037971,0.47055
39,2.0,closed,mi_obs,50,0.03185898887756039,0.4283427587357034,0.47055
39,2.0,closed,mi_obs,51,-0.060969518494727204,0.36569815506316783,0.47055
39,2.0,closed,mi_obs,52,0.10265413999224982,-0.27994970158009175,0.47055
39,2.0,closed,mi_obs,53,0.0005372175754908559,0.9723545930517935,0.47055
39,2.0,closed,mi_obs,54,0.008949049171572798,0.24249083256656923,0.47055
39,2.0,closed,mi_obs,55,0.011637313468869648,0.7403566095610716,0.47055
39,2.0,closed,mi_obs,56,0.031285377246825674,-0.5639790868110441,0.47055
39,2.0,closed,mi_obs,57,-0.09559283367799759,0.3761461222315967,0.47055
39,2.0,closed,mi_obs,58,0.027051354726172316,0.4150076656736022,0.47055
39,2.0,closed,mi_obs,59,-0.07538445026882502,0.125499288372738,0.47055
39,2.0,closed,mi_obs,60,0.13367063806416826,-0.2885635446596798,0.47055
39,2.0,closed,mi_obs,61,-0.07437635305064871,-0.7349254473671015,0.47055
39,2.0,closed,mi_obs,62,0.07446433527752294,-0.24344225590455798,0.47055
39,2.0,closed,mi_obs,63,0.012451475955241403,0.2478450226714813,0.47055
39,2.0,closed,mi_obs,64,0.020691452762249374,0.7620420159531259,0.47055
39,2.0,closed,mi_obs,65,0.017990197626272686,0.3318839388848785,0.47055
39,2.0,closed,mi_class,0,0.0634879860910953,0.01455117563113114,0.47055
39,2.0,closed,mi_class,1,-0.002292194891909331,0.00775167267421988,0.47055
39,2.0,closed,mi_class,2,0.04786187241081515,-0.009049378507009709,0.47055
39,2.0,closed,mi_class,3,-0.01364804243233423,0.014214993621821477,0.47055
39,2.0,closed,mi_class,4,-0.003933993671342723,0.0017617294304145593,0.47055
39,2.0,closed,mi_class,5,-0.067331071967271,0.10546497764653485,0.47055
39,2.0,closed,mi_class,6,0.011411895810922005,0.00019012528336880287,0.47055
39,2.0,closed,mi_class,7,-0.004766187007560508,-0.009010357982317049,0.47055
39,2.0,closed,mi_class,8,0.013948365262390097,-0.006318550261406792,0.47055
39,2.0,closed,mi_class,9,-0.017728724020320052,0.027319973046200045,0.47055
39,2.0,closed,mi_class,10,0.0034319753836559424,-0.002779144735017367,0.47055
39,2.0,closed,mi_class,11,-0.015145805945870245,-0.006985572562733882,0.47055
39,2.0,closed,mi_class,12,0.08079775303591685,-0.6090704269823027,0.47055
39,2.0,closed,mi_class,13,-0.20575009563493402,0.5585071072914515,0.47055
39,2.0,closed,mi_class,14,0.047390950797601555,-0.23569297896731922,0.47055
39,2.0,closed,mi_class,15,0.21058031735513283,-0.6122284954141234,0.47055
39,2.0,closed,mi_class,16,-0.005919090307018593,0.01279196411242776,0.47055
39,2.0,closed,mi_class,17,0.01138669765306369,-0.009370611600105038,0.47055
39,2.0,closed,mi_class,18,0.09335373646849532,-0.6325099637773232,0.47055
39,2.0,closed,mi_class,19,-0.02354540877864602,0.012848293194246322,0.47055
39,2.0,closed,mi_class,20,0.08190180486523735,-0.764946982242926,0.47055
39,2.0,closed,mi_class,21,0.37274165666527936,-0.5923026420826045,0.47055
39,2.0,closed,mi_class,22,-0.3442215363972011,0.5395165610435957,0.47055
39,2.0,closed,mi_class,23,-0.16356736521587234,-0.08218861028527727,0.47055
39,2.0,closed,mi_class,24,0.2310779903350235,-0.3681341605924735,0.47055
39,2.0,closed,mi_class,25,0.3955545866556933,-0.5759446230265004,0.47055
39,2.0,closed,mi_class,26,-0.009992179308445644,-0.002311889723168343,0.47055
39,2.0,closed,mi_class,27,-0.17118149300176094,-0.37798616544945457,0.47055
39,2.0,closed,mi_class,28,-0.08186863506617757,-0.002201186474775064,0.47055
39,2.0,closed,mi_class,29,-0.016876684942540854,0.01490862023184916,0.47055
39,2.0,closed,mi_class,30,0.3130649166954166,-0.9146530305612255,0.47055
39,2.0,closed,mi_class,31,-0.1757803145549145,0.40263470962034636,0.47055
39,2.0,closed,mi_class,32,-0.2499585778632094,0.7669499824574324,0.47055
39,2.0,closed,mi_class,33,-0.09485729777128704,0.3343446858086654,0.47055
39,2.0,closed,mi_class,34,-0.011423884129214133,0.008685719880210946,0.47055
39,2.0,closed,mi_class,35,-0.17712230807251406,0.7887324560948604,0.47055
39,2.0,closed,mi_class,36,-0.09206641993038737,-0.00555214501971819,0.47055
39,2.0,closed,mi_class,37,-0.01831971241003988,0.4611860310409101,0.47055
39,2.0,closed,mi_class,38,0.0329382166111723,-0.44992866605684917,0.47055
39,2.0,closed,mi_class,39,0.028239153148688523,-0.8222353703340186,0.47055
39,2.0,closed,mi_class,40,0.11094338157462552,-0.40928034505168104,0.47055
39,2.0,closed,mi_class,41,-0.028522002806237956,0.17976149323056148,0.47055
39,2.0,closed,mi_class,42,0.2790477559688691,-0.8464805519063061,0.47055
39,2.0,closed,mi_class,43,0.013002396543897673,-0.0390195064958023,0.47055
39,2.0,closed,mi_class,44,0.11516009087230522,-0.436800647628025,0.47055
39,2.0,closed,mi_class,45,-0.012532810622668755,0.6006848738983711,0.47055
39,2.0,closed,mi_class,46,0.11491997586607532,-0.1827708077224768,0.47055
39,2.0,closed,mi_class,47,-0.002947666375044603,0.008776960699847909,0.47055
39,2.0,closed,mi_class,48,-0.052059134364955795,0.6178714104745788,0.47055
39,2.0,closed,mi_class,49,0.056053577060014646,0.03891283297037971,0.47055
39,2.0,closed,mi_class,50,-0.05614753990726834,0.4283427587357034,0.47055
39,2.0,closed,mi_class,51,-0.1023143288221337,0.36569815506316783,0.47055
39,2.0,closed,mi_class,52,0.030681192841707616,-0.27994970158009175,0.47055
39,2.0,closed,mi_class,53,-0.2999329219068745,0.9723545930517935,0.47055
39,2.0,closed,mi_class,54,-0.12208359832035114,0.24249083256656923,0.47055
39,2.0,closed,mi_class,55,-0.17463173528384812,0.7403566095610716,0.47055
39,2.0,closed,mi_class,56,0.3286407562645276,-0.5639790868110441,0.47055
39,2.0,closed,mi_class,57,-0.13387725095057054,0.3761461222315967,0.47055
39,2.0,closed,mi_class,58,-0.2443682894228883,0.4150076656736022,0.47055
39,2.0,closed,mi_class,59,-0.04903657581425187,0.125499288372738,0.47055
39,2.0,closed,mi_class,60,0.1222025340448723,-0.2885635446596798,0.47055
39,2.0,closed,mi_class,61,0.4178872925674903,-0.7349254473671015,0.47055
39,2.0,closed,mi_class,62,0.08616694876041034,-0.24344225590455798,0.47055
39,2.0,closed,mi_class,63,-0.03485862749214322,0.2478450226714813,0.47055
39,2.0,closed,mi_class,64,-0.0588063983237872,0.7620420159531259,0.47055
39,2.0,closed,mi_class,65,-0.12029435026085228,0.3318839388848785,0.47055
39,2.0,closed,mi_site,0,0.01774408276414969,0.01455117563113114,0.47055
39,2.0,closed,mi_site,1,0.001315863893713136,0.00775167267421988,0.47055
39,2.0,closed,mi_site,2,-0.017907493335664267,-0.009049378507009709,0.47055
39,2.0,closed,mi_site,3,0.025967615430954542,0.014214993621821477,0.47055
39,2.0,closed,mi_site,4,-0.02174547767160315,0.0017617294304145593,0.47055
39,2.0,closed,mi_site,5,0.018720510030840368,0.10546497764653485,0.47055
39,2.0,closed,mi_site,6,0.017435493223114874,0.00019012528336880287,0.47055
39,2.0,closed,mi_site,7,-0.013228085605936439,-0.009010357982317049,0.47055
39,2.0,closed,mi_site,8,-0.015083616052070162,-0.006318550261406792,0.47055
39,2.0,closed,mi_site,9,0.005380806895337962,0.027319973046200045,0.47055
39,2.0,closed,mi_site,10,-0.010689141646553654,-0.002779144735017367,0.47055
39,2.0,closed,mi_site,11,-0.04426436174515324,-0.006985572562733882,0.47055
39,2.0,closed,mi_site,12,-0.028326400914680194,-0.6090704269823027,0.47055
39,2.0,closed,mi_site,13,0.007762875521270196,0.5585071072914515,0.47055
39,2.0,closed,mi_site,14,-0.0065379590152897515,-0.23569297896731922,0.47055
39,2.0,closed,mi_site,15,-0.006216829523221223,-0.6122284954141234,0.47055
39,2.0,closed,mi_site,16,0.07115009379176662,0.01279196411242776,0.47055
39,2.0,closed,mi_site,17,-0.07492730598328708,-0.009370611600105038,0.47055
39,2.0,closed,mi_site,18,-0.013336069083455082,-0.6325099637773232,0.47055
39,2.0,closed,mi_site,19,-0.003623766152429356,0.012848293194246322,0.47055
39,2.0,closed,mi_site,20,-0.010220388888504517,-0.764946982242926,0.47055
39,2.0,closed,mi_site,21,0.010525379300773241,-0.5923026420826045,0.47055
39,2.0,closed,mi_site,22,0.00893766030891241,0.5395165610435957,0.47055
39,2.0,closed,mi_site,23,-0.0031481523014329493,-0.08218861028527727,0.47055
39,2.0,closed,mi_site,24,0.029309909467107653,-0.3681341605924735,0.47055
39,2.0,closed,mi_site,25,-0.06787191896911571,-0.5759446230265004,0.47055
39,2.0,closed,mi_site,26,-0.08671552326561689,-0.002311889723168343,0.47055
39,2.0,closed,mi_site,27,0.0313318064508446,-0.37798616544945457,0.47055
39,2.0,closed,mi_site,28,0.005117546825658087,-0.002201186474775064,0.47055
39,2.0,closed,mi_site,29,0.029723201886567734,0.01490862023184916,0.47055
39,2.0,closed,mi_site,30,-0.023274784388486736,-0.9146530305612255,0.47055
39,2.0,closed,mi_site,31,0.011292566832039497,0.40263470962034636,0.47055
39,2.0,closed,mi_site,32,-0.01759827755822485,0.7669499824574324,0.47055
39,2.0,closed,mi_site,33,-0.061698598789219294,0.3343446858086654,0.47055
39,2.0,closed,mi_site,34,0.1311021743406976,0.008685719880210946,0.47055
39,2.0,closed,mi_site,35,-0.0014044397136268039,0.7887324560948604,0.47055
39,2.0,closed,mi_site,36,-0.017694190680274526,-0.00555214501971819,0.47055
39,2.0,closed,mi_site,37,0.002627447397194338,0.4611860310409101,0.47055
39,2.0,closed,mi_site,38,-0.026198082785753918,-0.44992866605684917,0.47055
39,2.0,closed,mi_site,39,0.016505193610633184,-0.8222353703340186,0.47055
39,2.0,closed,mi_site,40,0.04682801097479494,-0.40928034505168104,0.47055
39,2.0,closed,mi_site,41,-0.1369771023559338,0.17976149323056148,0.47055
39,2.0,closed,mi_site,42,0.02332744212725213,-0.8464805519063061,0.47055
39,2.0,closed,mi_site,43,0.023103038947748986,-0.0390195064958023,0.47055
39,2.0,closed,mi_site,44,0.012649236691518573,-0.436800647628025,0.47055
39,2.0,closed,mi_site,45,0.05518382224394913,0.6006848738983711,0.47055
39,2.0,closed,mi_site,46,0.038237938988571835,-0.1827708077224768,0.47055
39,2.0,closed,mi_site,47,0.003998024789871667,0.008776960699847909,0.47055
39,2.0,closed,mi_site,48,0.07374195502546088,0.6178714104745788,0.47055
39,2.0,closed,mi_site,49,0.03050397481949422,0.03891283297037971,0.47055
39,2.0,closed,mi_site,50,0.0352403970351875,0.4283427587357034,0.47055
39,2.0,closed,mi_site,51,-0.046019306373593194,0.36569815506316783,0.47055
39,2.0,closed,mi_site,52,0.0784760635995459,-0.27994970158009175,0.47055
39,2.0,closed,mi_site,53,-0.00044341036027439884,0.9723545930517935,0.47055
39,2.0,closed,mi_site,54,0.013172042830231157,0.24249083256656923,0.47055
39,2.0,closed,mi_site,55,0.011385901982185809,0.7403566095610716,0.47055
39,2.0,closed,mi_site,56,0.037749401034181895,-0.5639790868110441,0.47055
39,2.0,closed,mi_site,57,-0.0710710742769492,0.3761461222315967,0.47055
39,2.0,closed,mi_site,58,0.022133810546036192,0.4150076656736022,0.47055
39,2.0,closed,mi_site,59,-0.05761976743257714,0.125499288372738,0.47055
39,2.0,closed,mi_site,60,0.10558507976109363,-0.2885635446596798,0.47055
39,2.0,closed,mi_site,61,-0.07233842752516173,-0.7349254473671015,0.47055
39,2.0,closed,mi_site,62,0.05242238851933356,-0.24344225590455798,0.47055
39,2.0,closed,mi_site,63,0.016503228596752767,0.2478450226714813,0.47055
39,2.0,closed,mi_site,64,0.01942074541368377,0.7620420159531259,0.47055
39,2.0,closed,mi_site,65,0.02053760154488582,0.3318839388848785,0.47055
