rep,gamma,alignment,estimator,pair,signed_err,truth,miss_rate
34,0.0,aligned,available,0,0.00282986028377668,0.001300072291399543,0.4711458333333333
34,0.0,aligned,available,1,0.014612775787610974,0.008291417049022521,0.4711458333333333
34,0.0,aligned,available,2,-0.0001986360218083228,-0.00829587477221354,0.4711458333333333
34,0.0,aligned,available,3,-0.0005915047212478233,-0.004119945694725883,0.4711458333333333
34,0.0,aligned,available,4,-0.008189680382285274,-0.005973903317286917,0.4711458333333333
34,0.0,aligned,available,5,-0.010406270441785371,-0.0028682519191080514,0.4711458333333333
34,0.0,aligned,available,6,0.0023379601032934173,-4.6916098321584675e-05,0.4711458333333333
34,0.0,aligned,available,7,0.007325173771309014,0.0020056043306435033,0.4711458333333333
34,0.0,aligned,available,8,0.01989282208725425,-0.0019185306508116024,0.4711458333333333
34,0.0,aligned,available,9,-0.01059478976881426,-0.0030054650821975185,0.4711458333333333
34,0.0,aligned,available,10,0.0016970396871243605,-0.0008889047044001437,0.4711458333333333
34,0.0,aligned,available,11,0.003645227011654595,0.6454255340370262,0.4711458333333333
34,0.0,aligned,available,12,-0.007844530300578967,0.3642564952759477,0.4711458333333333
34,0.0,aligned,available,13,0.00011340949005067547,-0.9603695058752406,0.4711458333333333
34,0.0,aligned,available,14,0.003676731165466074,-0.5899277265723428,0.4711458333333333
34,0.0,aligned,available,15,0.0026826903513924583,-0.4845709062103232,0.4711458333333333
34,0.0,aligned,available,16,-0.006357842109326994,0.5316537121824635,0.4711458333333333
34,0.0,aligned,available,17,0.00038282141472911757,0.951399442137844,0.4711458333333333
34,0.0,aligned,available,18,0.005050085734364718,-0.8415163420286357,0.4711458333333333
34,0.0,aligned,available,19,0.0012821893280648977,-0.7009414592712987,0.4711458333333333
34,0.0,aligned,available,20,-0.002165772111898834,0.25533300612052406,0.4711458333333333
34,0.0,aligned,available,21,0.0009577923687904139,0.009189128515567701,0.4711458333333333
34,0.0,aligned,available,22,0.0028561523850603177,-0.73563437951739,0.4711458333333333
34,0.0,aligned,available,23,0.01677383322002779,-0.6342493350401205,0.4711458333333333
34,0.0,aligned,available,24,0.007100273371266841,-0.5430597479051713,0.4711458333333333
34,0.0,aligned,available,25,-0.007943172580592961,0.2838744953860286,0.4711458333333333
34,0.0,aligned,available,26,-0.00725567500400115,0.7532875835159809,0.4711458333333333
34,0.0,aligned,available,27,0.007792308756996935,-0.49187830570758945,0.4711458333333333
34,0.0,aligned,available,28,0.006546782262114026,-0.6997444511873264,0.4711458333333333
34,0.0,aligned,available,29,0.008267335622501093,0.32829045336822005,0.4711458333333333
34,0.0,aligned,available,30,0.0007985192010854791,-0.2589655730704226,0.4711458333333333
34,0.0,aligned,available,31,0.013845802079264863,-0.0029931716245636146,0.4711458333333333
34,0.0,aligned,available,32,-0.0013324258292710734,-0.0012807241416600932,0.4711458333333333
34,0.0,aligned,available,33,-0.009652768673465739,0.006363690794611492,0.4711458333333333
34,0.0,aligned,available,34,-0.01193529783497782,0.2639913983261812,0.4711458333333333
34,0.0,aligned,available,35,0.03540913405498938,-0.012900471674725246,0.4711458333333333
34,0.0,aligned,available,36,-0.009121001106244826,-0.0010869387055374357,0.4711458333333333
34,0.0,aligned,available,37,-0.0014438502159404808,-0.010464961324745276,0.4711458333333333
34,0.0,aligned,available,38,0.0018004072626349732,0.637590006847919,0.4711458333333333
34,0.0,aligned,available,39,0.0054713744481876825,0.4597936894793553,0.4711458333333333
34,0.0,aligned,available,40,0.007411850216429872,-0.5331540099682406,0.4711458333333333
34,0.0,aligned,available,41,-0.0002587630061584578,-0.9766170327926289,0.4711458333333333
34,0.0,aligned,available,42,0.005530024098812314,0.8041472583558896,0.4711458333333333
34,0.0,aligned,available,43,0.0023146083926743888,0.7210385869399017,0.4711458333333333
34,0.0,aligned,available,44,-0.005660672800495592,-0.2726786008731995,0.4711458333333333
34,0.0,aligned,available,45,-0.002597796708511013,0.7537456279818318,0.4711458333333333
34,0.0,aligned,available,46,0.0014047382357688654,-0.3233709910718758,0.4711458333333333
34,0.0,aligned,available,47,0.00021994442203498998,-0.6533010883721044,0.4711458333333333
34,0.0,aligned,available,48,-0.010205932065563972,0.6079472085545684,0.4711458333333333
34,0.0,aligned,available,49,-0.0014271644203190936,0.9014297134645987,0.4711458333333333
34,0.0,aligned,available,50,-0.00042899055213241333,-0.596627003851148,0.4711458333333333
34,0.0,aligned,available,51,0.005583615474956852,0.029357308256966155,0.4711458333333333
34,0.0,aligned,available,52,-0.0006822622193793926,-0.4705803782577885,0.4711458333333333
34,0.0,aligned,available,53,-0.013798368898395752,0.3691800681174769,0.4711458333333333
34,0.0,aligned,available,54,-0.0012498720107958494,0.7741391901599796,0.4711458333333333
34,0.0,aligned,available,55,0.002583235029559372,-0.5981367558248916,0.4711458333333333
34,0.0,aligned,available,56,-0.0016197461491389564,0.5458865142211141,0.4711458333333333
34,0.0,aligned,available,57,-0.012078473505670706,-0.6981177962456764,0.4711458333333333
34,0.0,aligned,available,58,0.00796461542689092,-0.4088812810651009,0.4711458333333333
34,0.0,aligned,available,59,0.007890140671768017,-0.01507572311518825,0.4711458333333333
34,0.0,aligned,available,60,-0.004570096266824364,-0.8231608400482586,0.4711458333333333
34,0.0,aligned,available,61,0.0012663121444490555,-0.7383381447593246,0.4711458333333333
34,0.0,aligned,available,62,0.007224036912558185,0.27925464342087497,0.4711458333333333
34,0.0,aligned,available,63,-0.007937921219590027,0.700282589309629,0.4711458333333333
34,0.0,aligned,available,64,-0.008041659478516872,-0.21722738452054666,0.4711458333333333
34,0.0,aligned,available,65,-0.0098103506220511,-0.4644315619353999,0.4711458333333333
34,0.0,aligned,mi_obs,0,0.007616107489474501,0.001300072291399543,0.4711458333333333
34,0.0,aligned,mi_obs,1,0.04991818592183066,0.008291417049022521,0.4711458333333333
34,0.0,aligned,mi_obs,2,0.061536680608404094,-0.00829587477221354,0.4711458333333333
34,0.0,aligned,mi_obs,3,-0.012779209911789978,-0.004119945694725883,0.4711458333333333
34,0.0,aligned,mi_obs,4,-0.01293279528738735,-0.005973903317286917,0.4711458333333333
34,0.0,aligned,mi_obs,5,-0.04275274657938939,-0.0028682519191080514,0.4711458333333333
34,0.0,aligned,mi_obs,6,-0.05599934070766805,-4.6916098321584675e-05,0.4711458333333333
34,0.0,aligned,mi_obs,7,-0.0026203774361695784,0.0020056043306435033,0.4711458333333333
34,0.0,aligned,mi_obs,8,-0.013662844201977454,-0.0019185306508116024,0.4711458333333333
34,0.0,aligned,mi_obs,9,-0.015076173594025903,-0.0030054650821975185,0.4711458333333333
34,0.0,aligned,mi_obs,10,0.0032615058209582203,-0.0008889047044001437,0.4711458333333333
34,0.0,aligned,mi_obs,11,0.045662483516661245,0.6454255340370262,0.4711458333333333
34,0.0,aligned,mi_obs,12,0.03530071139393148,0.3642564952759477,0.4711458333333333
34,0.0,aligned,mi_obs,13,-0.0037738108702843887,-0.9603695058752406,0.4711458333333333
34,0.0,aligned,mi_obs,14,0.03302780543720951,-0.5899277265723428,0.4711458333333333
34,0.0,aligned,mi_obs,15,-0.07537228544697622,-0.4845709062103232,0.4711458333333333
34,0.0,aligned,mi_obs,16,0.03601294807986577,0.5316537121824635,0.4711458333333333
34,0.0,aligned,mi_obs,17,0.0041641543054143915,0.951399442137844,0.4711458333333333
34,0.0,aligned,mi_obs,18,-0.03486696745234963,-0.8415163420286357,0.4711458333333333
34,0.0,aligned,mi_obs,19,-0.020786944192726642,-0.7009414592712987,0.4711458333333333
34,0.0,aligned,mi_obs,20,0.006182569487442446,0.25533300612052406,0.4711458333333333
34,0.0,aligned,mi_obs,21,0.0046063492216699056,0.009189128515567701,0.4711458333333333
34,0.0,aligned,mi_obs,22,-0.03360586597379467,-0.73563437951739,0.4711458333333333
34,0.0,aligned,mi_obs,23,-0.005524248818013167,-0.6342493350401205,0.4711458333333333
34,0.0,aligned,mi_obs,24,-0.08179951196797175,-0.5430597479051713,0.4711458333333333
34,0.0,aligned,mi_obs,25,0.02648460304843192,0.2838744953860286,0.4711458333333333
34,0.0,aligned,mi_obs,26,0.053788775867277816,0.7532875835159809,0.4711458333333333
34,0.0,aligned,mi_obs,27,-0.06526127180477032,-0.49187830570758945,0.4711458333333333
34,0.0,aligned,mi_obs,28,-0.05207940425647928,-0.6997444511873264,0.4711458333333333
34,0.0,aligned,mi_obs,29,0.04110655844058586,0.32829045336822005,0.4711458333333333
34,0.0,aligned,mi_obs,30,-0.03909734571700607,-0.2589655730704226,0.4711458333333333
34,0.0,aligned,mi_obs,31,-0.02143030850976555,-0.0029931716245636146,0.4711458333333333
34,0.0,aligned,mi_obs,32,-0.0640300552696022,-0.0012807241416600932,0.4711458333333333
34,0.0,aligned,mi_obs,33,-0.08644329562465566,0.006363690794611492,0.4711458333333333
34,0.0,aligned,mi_obs,34,0.02899224357347646,0.2639913983261812,0.4711458333333333
34,0.0,aligned,mi_obs,35,-0.07295247813681922,-0.012900471674725246,0.4711458333333333
34,0.0,aligned,mi_obs,36,-0.005512663137800683,-0.0010869387055374357,0.4711458333333333
34,0.0,aligned,mi_obs,37,0.0002095131792130868,-0.010464961324745276,0.4711458333333333
34,0.0,aligned,mi_obs,38,-0.035058575106008516,0.637590006847919,0.4711458333333333
34,0.0,aligned,mi_obs,39,0.07841539188668267,0.4597936894793553,0.4711458333333333
34,0.0,aligned,mi_obs,40,-0.026557602989047857,-0.5331540099682406,0.4711458333333333
34,0.0,aligned,mi_obs,41,-0.005059559414130388,-0.9766170327926289,0.4711458333333333
34,0.0,aligned,mi_obs,42,0.03146154545139279,0.8041472583558896,0.4711458333333333
34,0.0,aligned,mi_obs,43,0.008764662568728654,0.7210385869399017,0.4711458333333333
34,0.0,aligned,mi_obs,44,-0.001099721817395316,-0.2726786008731995,0.4711458333333333
34,0.0,aligned,mi_obs,45,0.04004292397562803,0.7537456279818318,0.4711458333333333
34,0.0,aligned,mi_obs,46,-0.029083141883915142,-0.3233709910718758,0.4711458333333333
34,0.0,aligned,mi_obs,47,0.024066671790175742,-0.6533010883721044,0.4711458333333333
34,0.0,aligned,mi_obs,48,-0.017205091449839283,0.6079472085545684,0.4711458333333333
34,0.0,aligned,mi_obs,49,0.012968241220005394,0.9014297134645987,0.4711458333333333
34,0.0,aligned,mi_obs,50,-0.028411305324314906,-0.596627003851148,0.4711458333333333
34,0.0,aligned,mi_obs,51,-0.10133013024372874,0.029357308256966155,0.4711458333333333
34,0.0,aligned,mi_obs,52,-0.07672380893428149,-0.4705803782577885,0.4711458333333333
34,0.0,aligned,mi_obs,53,0.0635937129017532,0.3691800681174769,0.4711458333333333
34,0.0,aligned,mi_obs,54,0.05937202265444874,0.7741391901599796,0.4711458333333333
34,0.0,aligned,mi_obs,55,-0.019555386989251966,-0.5981367558248916,0.4711458333333333
34,0.0,aligned,mi_obs,56,0.033833670312018116,0.5458865142211141,0.4711458333333333
34,0.0,aligned,mi_obs,57,-0.09299996369192187,-0.6981177962456764,0.4711458333333333
34,0.0,aligned,mi_obs,58,-0.06498513328605982,-0.4088812810651009,0.4711458333333333
34,0.0,aligned,mi_obs,59,0.019662721835529792,-0.01507572311518825,0.4711458333333333
34,0.0,aligned,mi_obs,60,-0.03314815825736772,-0.8231608400482586,0.4711458333333333
34,0.0,aligned,mi_obs,61,-0.018139434962300527,-0.7383381447593246,0.4711458333333333
34,0.0,aligned,mi_obs,62,0.005352369098676868,0.27925464342087497,0.4711458333333333
34,0.0,aligned,mi_obs,63,0.02817014267877027,0.700282589309629,0.4711458333333333
34,0.0,aligned,mi_obs,64,-0.01476149411280403,-0.21722738452054666,0.4711458333333333
34,0.0,aligned,mi_obs,65,-0.015378336871411269,-0.4644315619353999,0.4711458333333333
34,0.0,aligned,mi_class,0,0.06078015939403333,0.001300072291399543,0.4711458333333333
34,0.0,aligned,mi_class,1,0.007200780106697663,0.008291417049022521,0.4711458333333333
34,0.0,aligned,mi_class,2,0.0143725589374179,-0.00829587477221354,0.4711458333333333
34,0.0,aligned,mi_class,3,-0.0017611883337270724,-0.004119945694725883,0.4711458333333333
34,0.0,aligned,mi_class,4,0.0011254861589091178,-0.005973903317286917,0.4711458333333333
34,0.0,aligned,mi_class,5,-0.0012177514858957754,-0.0028682519191080514,0.4711458333333333
34,0.0,aligned,mi_class,6,-0.00643769712503976,-4.6916098321584675e-05,0.4711458333333333
34,0.0,aligned,mi_class,7,-0.0002743017016747641,0.0020056043306435033,0.4711458333333333
34,0.0,aligned,mi_class,8,-0.001245080447418093,-0.0019185306508116024,0.4711458333333333
34,0.0,aligned,mi_class,9,-0.0017086625292831907,-0.0030054650821975185,0.4711458333333333
34,0.0,aligned,mi_class,10,-0.0019486390142449811,-0.0008889047044001437,0.4711458333333333
34,0.0,aligned,mi_class,11,-0.10675888899201735,0.6454255340370262,0.4711458333333333
34,0.0,aligned,mi_class,12,-0.019594278126053077,0.3642564952759477,0.4711458333333333
34,0.0,aligned,mi_class,13,0.23405060045365977,-0.9603695058752406,0.4711458333333333
34,0.0,aligned,mi_class,14,0.2048599535838248,-0.5899277265723428,0.4711458333333333
34,0.0,aligned,mi_class,15,0.16792235095899255,-0.4845709062103232,0.4711458333333333
34,0.0,aligned,mi_class,16,-0.02087284066615558,0.5316537121824635,0.4711458333333333
34,0.0,aligned,mi_class,17,-0.34626298497837693,0.951399442137844,0.4711458333333333
34,0.0,aligned,mi_class,18,0.11333745650886451,-0.8415163420286357,0.4711458333333333
34,0.0,aligned,mi_class,19,0.09731424001886624,-0.7009414592712987,0.4711458333333333
34,0.0,aligned,mi_class,20,-0.03223288725613341,0.25533300612052406,0.4711458333333333
34,0.0,aligned,mi_class,21,0.01050184628904428,0.009189128515567701,0.4711458333333333
34,0.0,aligned,mi_class,22,0.2528581451649245,-0.73563437951739,0.4711458333333333
34,0.0,aligned,mi_class,23,0.2939046903725052,-0.6342493350401205,0.4711458333333333
34,0.0,aligned,mi_class,24,0.24634455247074571,-0.5430597479051713,0.4711458333333333
34,0.0,aligned,mi_class,25,0.0007876411871772238,0.2838744953860286,0.4711458333333333
34,0.0,aligned,mi_class,26,-0.3636539828127517,0.7532875835159809,0.4711458333333333
34,0.0,aligned,mi_class,27,0.0472881182848372,-0.49187830570758945,0.4711458333333333
34,0.0,aligned,mi_class,28,0.09276889612484018,-0.6997444511873264,0.4711458333333333
34,0.0,aligned,mi_class,29,-0.031290786682484195,0.32829045336822005,0.4711458333333333
34,0.0,aligned,mi_class,30,-0.03275755437008859,-0.2589655730704226,0.4711458333333333
34,0.0,aligned,mi_class,31,-0.020762073401871736,-0.0029931716245636146,0.4711458333333333
34,0.0,aligned,mi_class,32,-0.03910809735125499,-0.0012807241416600932,0.4711458333333333
34,0.0,aligned,mi_class,33,0.020266301178328495,0.006363690794611492,0.4711458333333333
34,0.0,aligned,mi_class,34,-0.013722622291790387,0.2639913983261812,0.4711458333333333
34,0.0,aligned,mi_class,35,-0.044261844524354554,-0.012900471674725246,0.4711458333333333
34,0.0,aligned,mi_class,36,-0.011725094156689667,-0.0010869387055374357,0.4711458333333333
34,0.0,aligned,mi_class,37,-0.0023145906071196185,-0.010464961324745276,0.4711458333333333
34,0.0,aligned,mi_class,38,-0.09500129037180349,0.637590006847919,0.4711458333333333
34,0.0,aligned,mi_class,39,-0.06823050558907501,0.4597936894793553,0.4711458333333333
34,0.0,aligned,mi_class,40,-0.01802448400033796,-0.5331540099682406,0.4711458333333333
34,0.0,aligned,mi_class,41,0.1630001896641513,-0.9766170327926289,0.4711458333333333
34,0.0,aligned,mi_class,42,-0.05776477151368753,0.8041472583558896,0.4711458333333333
34,0.0,aligned,mi_class,43,-0.1787011205271961,0.7210385869399017,0.4711458333333333
34,0.0,aligned,mi_class,44,0.030221290351879093,-0.2726786008731995,0.4711458333333333
34,0.0,aligned,mi_class,45,-0.0031287024821649023,0.7537456279818318,0.4711458333333333
34,0.0,aligned,mi_class,46,0.030040816223540157,-0.3233709910718758,0.4711458333333333
34,0.0,aligned,mi_class,47,0.018087542344217056,-0.6533010883721044,0.4711458333333333
34,0.0,aligned,mi_class,48,-0.09005575623896012,0.6079472085545684,0.4711458333333333
34,0.0,aligned,mi_class,49,-0.2799104461028201,0.9014297134645987,0.4711458333333333
34,0.0,aligned,mi_class,50,0.1219490720265618,-0.596627003851148,0.4711458333333333
34,0.0,aligned,mi_class,51,0.001669042553678491,0.029357308256966155,0.4711458333333333
34,0.0,aligned,mi_class,52,0.015569230319483207,-0.4705803782577885,0.4711458333333333
34,0.0,aligned,mi_class,53,-0.059163647434263944,0.3691800681174769,0.4711458333333333
34,0.0,aligned,mi_class,54,-0.2395990696405953,0.7741391901599796,0.4711458333333333
34,0.0,aligned,mi_class,55,0.12564764081377533,-0.5981367558248916,0.4711458333333333
34,0.0,aligned,mi_class,56,-0.06746613975082527,0.5458865142211141,0.4711458333333333
34,0.0,aligned,mi_class,57,0.09698198161711846,-0.6981177962456764,0.4711458333333333
34,0.0,aligned,mi_class,58,0.003309248918986374,-0.4088812810651009,0.4711458333333333
34,0.0,aligned,mi_class,59,0.05726523614500441,-0.01507572311518825,0.4711458333333333
34,0.0,aligned,mi_class,60,0.14608866725856529,-0.8231608400482586,0.4711458333333333
34,0.0,aligned,mi_class,61,0.24653667480798247,-0.7383381447593246,0.4711458333333333
34,0.0,aligned,mi_class,62,-0.06180101270992877,0.27925464342087497,0.4711458333333333
34,0.0,aligned,mi_class,63,-0.0896478181519782,0.700282589309629,0.4711458333333333
34,0.0,aligned,mi_class,64,0.005315316948468263,-0.21722738452054666,0.4711458333333333
34,0.0,aligned,mi_class,65,0.05470282856409525,-0.4644315619353999,0.4711458333333333
34,0.0,aligned,mi_site,0,0.001709718954384385,0.001300072291399543,0.4711458333333333
34,0.0,aligned,mi_site,1,0.02273146609351185,0.008291417049022521,0.4711458333333333
34,0.0,aligned,mi_site,2,0.03217011670248566,-0.00829587477221354,0.4711458333333333
34,0.0,aligned,mi_site,3,-0.004613250733391503,-0.004119945694725883,0.4711458333333333
34,0.0,aligned,mi_site,4,-0.004404058911312839,-0.005973903317286917,0.4711458333333333
34,0.0,aligned,mi_site,5,-0.019190517060079494,-0.0028682519191080514,0.4711458333333333
34,0.0,aligned,mi_site,6,-0.02627945590163972,-4.6916098321584675e-05,0.4711458333333333
34,0.0,aligned,mi_site,7,-0.0013232123192441871,0.0020056043306435033,0.4711458333333333
34,0.0,aligned,mi_site,8,-0.005308047619846194,-0.0019185306508116024,0.4711458333333333
34,0.0,aligned,mi_site,9,-0.007547085591068727,-0.0030054650821975185,0.4711458333333333
34,0.0,aligned,mi_site,10,0.0018978873447826302,-0.0008889047044001437,0.4711458333333333
34,0.0,aligned,mi_site,11,-0.010988788901545976,0.6454255340370262,0.4711458333333333
34,0.0,aligned,mi_site,12,-0.03677283701309908,0.3642564952759477,0.4711458333333333
34,0.0,aligned,mi_site,13,0.06945919548453328,-0.9603695058752406,0.4711458333333333
34,0.0,aligned,mi_site,14,0.033864892588595596,-0.5899277265723428,0.4711458333333333
34,0.0,aligned,mi_site,15,-0.04622839624858116,-0.4845709062103232,0.4711458333333333
34,0.0,aligned,mi_site,16,0.010351803928100978,0.5316537121824635,0.4711458333333333
34,0.0,aligned,mi_site,17,-0.03445773622865844,0.951399442137844,0.4711458333333333
34,0.0,aligned,mi_site,18,0.011622975613832187,-0.8415163420286357,0.4711458333333333
34,0.0,aligned,mi_site,19,0.12917178429959553,-0.7009414592712987,0.4711458333333333
34,0.0,aligned,mi_site,20,-0.004149352730541789,0.25533300612052406,0.4711458333333333
34,0.0,aligned,mi_site,21,0.016066899809815894,0.009189128515567701,0.4711458333333333
34,0.0,aligned,mi_site,22,0.036155309988904594,-0.73563437951739,0.4711458333333333
34,0.0,aligned,mi_site,23,0.014080354061377531,-0.6342493350401205,0.4711458333333333
34,0.0,aligned,mi_site,24,-0.0504765121956271,-0.5430597479051713,0.4711458333333333
34,0.0,aligned,mi_site,25,0.014635183507423488,0.2838744953860286,0.4711458333333333
34,0.0,aligned,mi_site,26,0.003685770914514497,0.7532875835159809,0.4711458333333333
34,0.0,aligned,mi_site,27,-0.04327836265135049,-0.49187830570758945,0.4711458333333333
34,0.0,aligned,mi_site,28,0.12032634826790767,-0.6997444511873264,0.4711458333333333
34,0.0,aligned,mi_site,29,0.0176511117734911,0.32829045336822005,0.4711458333333333
34,0.0,aligned,mi_site,30,0.0008964271927016099,-0.2589655730704226,0.4711458333333333
34,0.0,aligned,mi_site,31,-0.012629155581356018,-0.0029931716245636146,0.4711458333333333
34,0.0,aligned,mi_site,32,-0.039183917985993855,-0.0012807241416600932,0.4711458333333333
34,0.0,aligned,mi_site,33,-0.0530033315941864,0.006363690794611492,0.4711458333333333
34,0.0,aligned,mi_site,34,-0.004491469681666749,0.2639913983261812,0.4711458333333333
34,0.0,aligned,mi_site,35,-0.057472922702650656,-0.012900471674725246,0.4711458333333333
34,0.0,aligned,mi_site,36,-0.009856415960633136,-0.0010869387055374357,0.4711458333333333
34,0.0,aligned,mi_site,37,0.001596292026611018,-0.010464961324745276,0.4711458333333333
34,0.0,aligned,mi_site,38,-0.04192742166191599,0.637590006847919,0.4711458333333333
34,0.0,aligned,mi_site,39,0.042659015931259314,0.4597936894793553,0.4711458333333333
34,0.0,aligned,mi_site,40,-0.012330688441075877,-0.5331540099682406,0.4711458333333333
34,0.0,aligned,mi_site,41,0.02289878765504516,-0.9766170327926289,0.4711458333333333
34,0.0,aligned,mi_site,42,0.0026080067094405024,0.8041472583558896,0.4711458333333333
34,0.0,aligned,mi_site,43,-0.14407385157908337,0.7210385869399017,0.4711458333333333
34,0.0,aligned,mi_site,44,0.010085573477299326,-0.2726786008731995,0.4711458333333333
34,0.0,aligned,mi_site,45,0.029933066180574786,0.7537456279818318,0.4711458333333333
34,0.0,aligned,mi_site,46,-0.03811137684432542,-0.3233709910718758,0.4711458333333333
34,0.0,aligned,mi_site,47,0.01470387390517014,-0.6533010883721044,0.4711458333333333
34,0.0,aligned,mi_site,48,-0.003694003416131131,0.6079472085545684,0.4711458333333333
34,0.0,aligned,mi_site,49,-0.17446523991513618,0.9014297134645987,0.4711458333333333
34,0.0,aligned,mi_site,50,0.01180205962819203,-0.596627003851148,0.4711458333333333
34,0.0,aligned,mi_site,51,-0.10510765648639457,0.029357308256966155,0.4711458333333333
34,0.0,aligned,mi_site,52,-0.0595470695822749,-0.4705803782577885,0.4711458333333333
34,0.0,aligned,mi_site,53,0.0693746136221749,0.3691800681174769,0.4711458333333333
34,0.0,aligned,mi_site,54,-0.11055002181299489,0.7741391901599796,0.4711458333333333
34,0.0,aligned,mi_site,55,0.003912602010316957,-0.5981367558248916,0.4711458333333333
34,0.0,aligned,mi_site,56,0.035566659695560165,0.5458865142211141,0.4711458333333333
34,0.0,aligned,mi_site,57,-0.08150894696342315,-0.6981177962456764,0.4711458333333333
34,0.0,aligned,mi_site,58,0.03266758266011455,-0.4088812810651009,0.4711458333333333
34,0.0,aligned,mi_site,59,0.019732990182506252,-0.01507572311518825,0.4711458333333333
34,0.0,aligned,mi_site,60,-0.024975061078662097,-0.8231608400482586,0.4711458333333333
34,0.0,aligned,mi_site,61,0.12715107072215348,-0.7383381447593246,0.4711458333333333
34,0.0,aligned,mi_site,62,-0.0025106230685854047,0.27925464342087497,0.4711458333333333
34,0.0,aligned,mi_site,63,-0.1059359073210655,0.700282589309629,0.4711458333333333
34,0.0,aligned,mi_site,64,-0.008440018501097518,-0.21722738452054666,0.4711458333333333
34,0.0,aligned,mi_site,65,0.08333217322815412,-0.4644315619353999,0.4711458333333333
34,0.0,closed,available,0,0.004151406022463399,0.001300072291399543,0.4711458333333333
34,0.0,closed,available,1,0.01215217766572706,0.008291417049022521,0.4711458333333333
34,0.0,closed,available,2,0.014654680553486298,-0.00829587477221354,0.4711458333333333
34,0.0,closed,available,3,-0.016026585676017266,-0.004119945694725883,0.4711458333333333
34,0.0,closed,available,4,-0.005602123135700605,-0.005973903317286917,0.4711458333333333
34,0.0,closed,available,5,-0.01048590768314811,-0.0028682519191080514,0.4711458333333333
34,0.0,closed,available,6,0.020474960309523962,-4.6916098321584675e-05,0.4711458333333333
34,0.0,closed,available,7,0.025502763189299033,0.0020056043306435033,0.4711458333333333
34,0.0,closed,available,8,0.010383496948032539,-0.0019185306508116024,0.4711458333333333
34,0.0,closed,available,9,-0.011134213108001832,-0.0030054650821975185,0.4711458333333333
34,0.0,closed,available,10,0.005434934985072614,-0.0008889047044001437,0.4711458333333333
34,0.0,closed,available,11,-0.0012559349513038276,0.6454255340370262,0.4711458333333333
34,0.0,closed,available,12,0.004213780762804209,0.3642564952759477,0.4711458333333333
34,0.0,closed,available,13,-0.0010246851656444678,-0.9603695058752406,0.4711458333333333
34,0.0,closed,available,14,-0.00385839296846624,-0.5899277265723428,0.4711458333333333
34,0.0,closed,available,15,-0.0015932546284386784,-0.4845709062103232,0.4711458333333333
34,0.0,closed,available,16,0.01006895345472869,0.5316537121824635,0.4711458333333333
34,0.0,closed,available,17,0.0012838749922761128,0.951399442137844,0.4711458333333333
34,0.0,closed,available,18,-0.003597253202339279,-0.8415163420286357,0.4711458333333333
34,0.0,closed,available,19,-0.0027777403924857946,-0.7009414592712987,0.4711458333333333
34,0.0,closed,available,20,0.0020735366600965754,0.25533300612052406,0.4711458333333333
34,0.0,closed,available,21,0.00011608490171371305,0.009189128515567701,0.4711458333333333
34,0.0,closed,available,22,-0.0043129584952575906,-0.73563437951739,0.4711458333333333
34,0.0,closed,available,23,-0.006772491237067246,-0.6342493350401205,0.4711458333333333
34,0.0,closed,available,24,-0.002147563706226485,-0.5430597479051713,0.4711458333333333
34,0.0,closed,available,25,-0.003533407053211479,0.2838744953860286,0.4711458333333333
34,0.0,closed,available,26,0.005657748913550531,0.7532875835159809,0.4711458333333333
34,0.0,closed,available,27,0.011745119040993401,-0.49187830570758945,0.4711458333333333
34,0.0,closed,available,28,0.005367070751124303,-0.6997444511873264,0.4711458333333333
34,0.0,closed,available,29,-0.001456905329331959,0.32829045336822005,0.4711458333333333
34,0.0,closed,available,30,0.02231687195137344,-0.2589655730704226,0.4711458333333333
34,0.0,closed,available,31,0.014070368475941338,-0.0029931716245636146,0.4711458333333333
34,0.0,closed,available,32,0.03407100797118569,-0.0012807241416600932,0.4711458333333333
34,0.0,closed,available,33,0.0007326639357514916,0.006363690794611492,0.4711458333333333
34,0.0,closed,available,34,-0.02421618427050412,0.2639913983261812,0.4711458333333333
34,0.0,closed,available,35,-0.007459914842355026,-0.012900471674725246,0.4711458333333333
34,0.0,closed,available,36,-0.002421333040977357,-0.0010869387055374357,0.4711458333333333
34,0.0,closed,available,37,-0.0035566364906223016,-0.010464961324745276,0.4711458333333333
34,0.0,closed,available,38,0.0032712741073084306,0.637590006847919,0.4711458333333333
34,0.0,closed,available,39,-0.0012738462430486042,0.4597936894793553,0.4711458333333333
34,0.0,closed,available,40,-0.006718180077959768,-0.5331540099682406,0.4711458333333333
34,0.0,closed,available,41,-0.0008315194642153356,-0.9766170327926289,0.4711458333333333
34,0.0,closed,available,42,0.0023257361956189326,0.8041472583558896,0.4711458333333333
34,0.0,closed,available,43,0.00549286320926301,0.7210385869399017,0.4711458333333333
34,0.0,closed,available,44,-0.011856847506959034,-0.2726786008731995,0.4711458333333333
34,0.0,closed,available,45,0.000501735239524792,0.7537456279818318,0.4711458333333333
34,0.0,closed,available,46,-0.011090347650546117,-0.3233709910718758,0.4711458333333333
34,0.0,closed,available,47,-0.003660431202653802,-0.6533010883721044,0.4711458333333333
34,0.0,closed,available,48,-0.0034041281306210758,0.6079472085545684,0.4711458333333333
34,0.0,closed,available,49,-0.001817046235382258,0.9014297134645987,0.4711458333333333
34,0.0,closed,available,50,-0.012004707942608106,-0.596627003851148,0.4711458333333333
34,0.0,closed,available,51,-0.0022573763333538464,0.029357308256966155,0.4711458333333333
34,0.0,closed,available,52,-0.0013039647323750403,-0.4705803782577885,0.4711458333333333
34,0.0,closed,available,53,-0.0023006402325252417,0.3691800681174769,0.4711458333333333
34,0.0,closed,available,54,0.0001878448493181084,0.7741391901599796,0.4711458333333333
34,0.0,closed,available,55,-0.008223722507356257,-0.5981367558248916,0.4711458333333333
34,0.0,closed,available,56,0.008553612043812997,0.5458865142211141,0.4711458333333333
34,0.0,closed,available,57,-0.0033594773038696513,-0.6981177962456764,0.4711458333333333
34,0.0,closed,available,58,-0.006516419089894809,-0.4088812810651009,0.4711458333333333
34,0.0,closed,available,59,0.011439752221376845,-0.01507572311518825,0.4711458333333333
34,0.0,closed,available,60,-0.005717170767851498,-0.8231608400482586,0.4711458333333333
34,0.0,closed,available,61,-0.005719200655882828,-0.7383381447593246,0.4711458333333333
34,0.0,closed,available,62,0.011121363480564417,0.27925464342087497,0.4711458333333333
34,0.0,closed,available,63,-0.001828347500526517,0.700282589309629,0.4711458333333333
34,0.0,closed,available,64,-0.0016838299950245883,-0.21722738452054666,0.4711458333333333
34,0.0,closed,available,65,-0.0002368167700619317,-0.4644315619353999,0.4711458333333333
34,0.0,closed,mi_obs,0,0.0026164430098478643,0.001300072291399543,0.4711458333333333
34,0.0,closed,mi_obs,1,-0.02216655110478987,0.008291417049022521,0.4711458333333333
34,0.0,closed,mi_obs,2,-0.05456337952257058,-0.00829587477221354,0.4711458333333333
34,0.0,closed,mi_obs,3,-0.00857454092214823,-0.004119945694725883,0.4711458333333333
34,0.0,closed,mi_obs,4,-0.0021988989540952545,-0.005973903317286917,0.4711458333333333
34,0.0,closed,mi_obs,5,0.031673363942099665,-0.0028682519191080514,0.4711458333333333
34,0.0,closed,mi_obs,6,0.06853880219938448,-4.6916098321584675e-05,0.4711458333333333
34,0.0,closed,mi_obs,7,0.015265847261334387,0.0020056043306435033,0.4711458333333333
34,0.0,closed,mi_obs,8,0.024287114570896162,-0.0019185306508116024,0.4711458333333333
34,0.0,closed,mi_obs,9,0.0016150814881907935,-0.0030054650821975185,0.4711458333333333
34,0.0,closed,mi_obs,10,0.005926337887971745,-0.0008889047044001437,0.4711458333333333
34,0.0,closed,mi_obs,11,0.047565788909258444,0.6454255340370262,0.4711458333333333
34,0.0,closed,mi_obs,12,0.0187766221034254,0.3642564952759477,0.4711458333333333
34,0.0,closed,mi_obs,13,-0.002394509965594871,-0.9603695058752406,0.4711458333333333
34,0.0,closed,mi_obs,14,0.02981053825531721,-0.5899277265723428,0.4711458333333333
34,0.0,closed,mi_obs,15,-0.07621406516523083,-0.4845709062103232,0.4711458333333333
34,0.0,closed,mi_obs,16,0.05204006318229548,0.5316537121824635,0.4711458333333333
34,0.0,closed,mi_obs,17,0.004508044915852327,0.951399442137844,0.4711458333333333
34,0.0,closed,mi_obs,18,-0.038359494435713515,-0.8415163420286357,0.4711458333333333
34,0.0,closed,mi_obs,19,-0.022078569348884525,-0.7009414592712987,0.4711458333333333
34,0.0,closed,mi_obs,20,0.00898222558660644,0.25533300612052406,0.4711458333333333
34,0.0,closed,mi_obs,21,-0.030643048413869417,0.009189128515567701,0.4711458333333333
34,0.0,closed,mi_obs,22,-0.03576866898932696,-0.73563437951739,0.4711458333333333
34,0.0,closed,mi_obs,23,-0.01705883188816648,-0.6342493350401205,0.4711458333333333
34,0.0,closed,mi_obs,24,-0.08834236228284786,-0.5430597479051713,0.4711458333333333
34,0.0,closed,mi_obs,25,0.04604582513310329,0.2838744953860286,0.4711458333333333
34,0.0,closed,mi_obs,26,0.057334079225580425,0.7532875835159809,0.4711458333333333
34,0.0,closed,mi_obs,27,-0.0651403644244723,-0.49187830570758945,0.4711458333333333
34,0.0,closed,mi_obs,28,-0.05313670659806213,-0.6997444511873264,0.4711458333333333
34,0.0,closed,mi_obs,29,0.025782385836004507,0.32829045336822005,0.4711458333333333
34,0.0,closed,mi_obs,30,-0.014910169021212782,-0.2589655730704226,0.4711458333333333
34,0.0,closed,mi_obs,31,0.01945449814672082,-0.0029931716245636146,0.4711458333333333
34,0.0,closed,mi_obs,32,-0.026914304234757346,-0.0012807241416600932,0.4711458333333333
34,0.0,closed,mi_obs,33,-0.06272979108082752,0.006363690794611492,0.4711458333333333
34,0.0,closed,mi_obs,34,-0.00553245118804635,0.2639913983261812,0.4711458333333333
34,0.0,closed,mi_obs,35,-0.06355440253777223,-0.012900471674725246,0.4711458333333333
34,0.0,closed,mi_obs,36,0.02911952541920052,-0.0010869387055374357,0.4711458333333333
34,0.0,closed,mi_obs,37,-0.00039910762651899044,-0.010464961324745276,0.4711458333333333
34,0.0,closed,mi_obs,38,-0.03414235707668789,0.637590006847919,0.4711458333333333
34,0.0,closed,mi_obs,39,0.0766529675265224,0.4597936894793553,0.4711458333333333
34,0.0,closed,mi_obs,40,-0.04084184823899917,-0.5331540099682406,0.4711458333333333
34,0.0,closed,mi_obs,41,-0.005228124515730959,-0.9766170327926289,0.4711458333333333
34,0.0,closed,mi_obs,42,0.028288926050276775,0.8041472583558896,0.4711458333333333
34,0.0,closed,mi_obs,43,0.005864807166273356,0.7210385869399017,0.4711458333333333
34,0.0,closed,mi_obs,44,-0.003456336381685632,-0.2726786008731995,0.4711458333333333
34,0.0,closed,mi_obs,45,0.04004951771784393,0.7537456279818318,0.4711458333333333
34,0.0,closed,mi_obs,46,-0.041275841238515576,-0.3233709910718758,0.4711458333333333
34,0.0,closed,mi_obs,47,0.023780232761766218,-0.6533010883721044,0.4711458333333333
34,0.0,closed,mi_obs,48,-0.025511519598342747,0.6079472085545684,0.4711458333333333
34,0.0,closed,mi_obs,49,0.0122985397558244,0.9014297134645987,0.4711458333333333
34,0.0,closed,mi_obs,50,-0.03140522649927202,-0.596627003851148,0.4711458333333333
34,0.0,closed,mi_obs,51,-0.11265711633088497,0.029357308256966155,0.4711458333333333
34,0.0,closed,mi_obs,52,-0.07564477609894787,-0.4705803782577885,0.4711458333333333
34,0.0,closed,mi_obs,53,0.06658718084858095,0.3691800681174769,0.4711458333333333
34,0.0,closed,mi_obs,54,0.05726545951561912,0.7741391901599796,0.4711458333333333
34,0.0,closed,mi_obs,55,-0.022615331029131047,-0.5981367558248916,0.4711458333333333
34,0.0,closed,mi_obs,56,0.05029982788122511,0.5458865142211141,0.4711458333333333
34,0.0,closed,mi_obs,57,-0.09481167690721348,-0.6981177962456764,0.4711458333333333
34,0.0,closed,mi_obs,58,-0.0795176435505141,-0.4088812810651009,0.4711458333333333
34,0.0,closed,mi_obs,59,0.028015870939359214,-0.01507572311518825,0.4711458333333333
34,0.0,closed,mi_obs,60,-0.032977565952760024,-0.8231608400482586,0.4711458333333333
34,0.0,closed,mi_obs,61,-0.016197636579527663,-0.7383381447593246,0.4711458333333333
34,0.0,closed,mi_obs,62,0.004328624522327629,0.27925464342087497,0.4711458333333333
34,0.0,closed,mi_obs,63,0.029234004944553416,0.700282589309629,0.4711458333333333
34,0.0,closed,mi_obs,64,-0.012612991637633492,-0.21722738452054666,0.4711458333333333
34,0.0,closed,mi_obs,65,-0.011002050909698136,-0.4644315619353999,0.4711458333333333
34,0.0,closed,mi_class,0,0.047606837163245604,0.001300072291399543,0.4711458333333333
34,0.0,closed,mi_class,1,-0.005153568575034193,0.008291417049022521,0.4711458333333333
34,0.0,closed,mi_class,2,0.04851927931353623,-0.00829587477221354,0.4711458333333333
34,0.0,closed,mi_class,3,0.011466631776592445,-0.004119945694725883,0.4711458333333333
34,0.0,closed,mi_class,4,0.0068575044836785524,-0.005973903317286917,0.4711458333333333
34,0.0,closed,mi_class,5,-0.0005717693275419651,-0.0028682519191080514,0.4711458333333333
34,0.0,closed,mi_class,6,0.009345451649748458,-4.6916098321584675e-05,0.4711458333333333
34,0.0,closed,mi_class,7,0.008608590997290526,0.0020056043306435033,0.4711458333333333
34,0.0,closed,mi_class,8,0.009707793752885458,-0.0019185306508116024,0.4711458333333333
34,0.0,closed,mi_class,9,0.0009684701005500721,-0.0030054650821975185,0.4711458333333333
34,0.0,closed,mi_class,10,0.0008160087156649038,-0.0008889047044001437,0.4711458333333333
34,0.0,closed,mi_class,11,-0.13690378971504757,0.6454255340370262,0.4711458333333333
34,0.0,closed,mi_class,12,-0.006617377032735183,0.3642564952759477,0.4711458333333333
34,0.0,closed,mi_class,13,0.2472484085946005,-0.9603695058752406,0.4711458333333333
34,0.0,closed,mi_class,14,0.20079570093949223,-0.5899277265723428,0.4711458333333333
34,0.0,closed,mi_class,15,0.1656644677080969,-0.4845709062103232,0.4711458333333333
34,0.0,closed,mi_class,16,0.04544533560532471,0.5316537121824635,0.4711458333333333
34,0.0,closed,mi_class,17,-0.400825032711574,0.951399442137844,0.4711458333333333
34,0.0,closed,mi_class,18,0.10692267627355145,-0.8415163420286357,0.4711458333333333
34,0.0,closed,mi_class,19,0.14216634802528694,-0.7009414592712987,0.4711458333333333
34,0.0,closed,mi_class,20,-0.030689505605393297,0.25533300612052406,0.4711458333333333
34,0.0,closed,mi_class,21,0.0009648751621058275,0.009189128515567701,0.4711458333333333
34,0.0,closed,mi_class,22,0.24600780412814205,-0.73563437951739,0.4711458333333333
34,0.0,closed,mi_class,23,0.27783305041539175,-0.6342493350401205,0.4711458333333333
34,0.0,closed,mi_class,24,0.23879773813357624,-0.5430597479051713,0.4711458333333333
34,0.0,closed,mi_class,25,0.03092998213363496,0.2838744953860286,0.4711458333333333
34,0.0,closed,mi_class,26,-0.38500633629029707,0.7532875835159809,0.4711458333333333
34,0.0,closed,mi_class,27,0.04023507548289862,-0.49187830570758945,0.4711458333333333
34,0.0,closed,mi_class,28,0.12812891965549267,-0.6997444511873264,0.4711458333333333
34,0.0,closed,mi_class,29,-0.04841156469540997,0.32829045336822005,0.4711458333333333
34,0.0,closed,mi_class,30,-0.024816567052268368,-0.2589655730704226,0.4711458333333333
34,0.0,closed,mi_class,31,-0.005986012417328467,-0.0029931716245636146,0.4711458333333333
34,0.0,closed,mi_class,32,-0.01620045984927449,-0.0012807241416600932,0.4711458333333333
34,0.0,closed,mi_class,33,0.03274757050602091,0.006363690794611492,0.4711458333333333
34,0.0,closed,mi_class,34,-0.03965446861013677,0.2639913983261812,0.4711458333333333
34,0.0,closed,mi_class,35,-0.0852796905238627,-0.012900471674725246,0.4711458333333333
34,0.0,closed,mi_class,36,-0.025152251651014715,-0.0010869387055374357,0.4711458333333333
34,0.0,closed,mi_class,37,0.005366926430328121,-0.010464961324745276,0.4711458333333333
34,0.0,closed,mi_class,38,-0.06489989309090471,0.637590006847919,0.4711458333333333
34,0.0,closed,mi_class,39,-0.04732998394711685,0.4597936894793553,0.4711458333333333
34,0.0,closed,mi_class,40,-0.017190978439480364,-0.5331540099682406,0.4711458333333333
34,0.0,closed,mi_class,41,0.21964329964453289,-0.9766170327926289,0.4711458333333333
34,0.0,closed,mi_class,42,-0.06041898655943523,0.8041472583558896,0.4711458333333333
34,0.0,closed,mi_class,43,-0.2195242258757938,0.7210385869399017,0.4711458333333333
34,0.0,closed,mi_class,44,0.03211437370132034,-0.2726786008731995,0.4711458333333333
34,0.0,closed,mi_class,45,0.004489535324949778,0.7537456279818318,0.4711458333333333
34,0.0,closed,mi_class,46,0.04559376376926444,-0.3233709910718758,0.4711458333333333
34,0.0,closed,mi_class,47,0.0719775758778487,-0.6533010883721044,0.4711458333333333
34,0.0,closed,mi_class,48,-0.0991978983671421,0.6079472085545684,0.4711458333333333
34,0.0,closed,mi_class,49,-0.3215562562888652,0.9014297134645987,0.4711458333333333
34,0.0,closed,mi_class,50,0.1105070159566105,-0.596627003851148,0.4711458333333333
34,0.0,closed,mi_class,51,-0.006883448838263414,0.029357308256966155,0.4711458333333333
34,0.0,closed,mi_class,52,0.052628055313560296,-0.4705803782577885,0.4711458333333333
34,0.0,closed,mi_class,53,-0.06043689791616025,0.3691800681174769,0.4711458333333333
34,0.0,closed,mi_class,54,-0.2749975744933577,0.7741391901599796,0.4711458333333333
34,0.0,closed,mi_class,55,0.11512091074364617,-0.5981367558248916,0.4711458333333333
34,0.0,closed,mi_class,56,-0.13347254200157366,0.5458865142211141,0.4711458333333333
34,0.0,closed,mi_class,57,-0.006267525948325137,-0.6981177962456764,0.4711458333333333
34,0.0,closed,mi_class,58,0.05885408789124269,-0.4088812810651009,0.4711458333333333
34,0.0,closed,mi_class,59,0.028553082104641515,-0.01507572311518825,0.4711458333333333
34,0.0,closed,mi_class,60,0.20619915924018895,-0.8231608400482586,0.4711458333333333
34,0.0,closed,mi_class,61,0.32091278269123696,-0.7383381447593246,0.4711458333333333
34,0.0,closed,mi_class,62,-0.07315266271867138,0.27925464342087497,0.4711458333333333
34,0.0,closed,mi_class,63,-0.1252362377931795,0.700282589309629,0.4711458333333333
34,0.0,closed,mi_class,64,0.017646528210971124,-0.21722738452054666,0.4711458333333333
34,0.0,closed,mi_class,65,0.08138034822423557,-0.4644315619353999,0.4711458333333333
34,0.0,closed,mi_site,0,0.002134510910526706,0.001300072291399543,0.4711458333333333
34,0.0,closed,mi_site,1,0.0064183357037803385,0.008291417049022521,0.4711458333333333
34,0.0,closed,mi_site,2,-0.013385672073394467,-0.00829587477221354,0.4711458333333333
34,0.0,closed,mi_site,3,-0.007736954082973766,-0.004119945694725883,0.4711458333333333
34,0.0,closed,mi_site,4,-0.0001813926230935436,-0.005973903317286917,0.4711458333333333
34,0.0,closed,mi_site,5,0.007350842334974928,-0.0028682519191080514,0.4711458333333333
34,0.0,closed,mi_site,6,0.03392598230467427,-4.6916098321584675e-05,0.4711458333333333
34,0.0,closed,mi_site,7,0.00748113052161826,0.0020056043306435033,0.4711458333333333
34,0.0,closed,mi_site,8,0.018756840499102062,-0.0019185306508116024,0.4711458333333333
34,0.0,closed,mi_site,9,-0.006434081607620516,-0.0030054650821975185,0.4711458333333333
34,0.0,closed,mi_site,10,0.003454423201615233,-0.0008889047044001437,0.4711458333333333
34,0.0,closed,mi_site,11,0.04634563137350378,0.6454255340370262,0.4711458333333333
34,0.0,closed,mi_site,12,0.013395346784354334,0.3642564952759477,0.4711458333333333
34,0.0,closed,mi_site,13,0.0021395161712551847,-0.9603695058752406,0.4711458333333333
34,0.0,closed,mi_site,14,0.018904450050833743,-0.5899277265723428,0.4711458333333333
34,0.0,closed,mi_site,15,-0.08131870420572301,-0.4845709062103232,0.4711458333333333
34,0.0,closed,mi_site,16,0.03896422963714685,0.5316537121824635,0.4711458333333333
34,0.0,closed,mi_site,17,1.578257617418366e-05,0.951399442137844,0.4711458333333333
34,0.0,closed,mi_site,18,-0.03472973660769185,-0.8415163420286357,0.4711458333333333
34,0.0,closed,mi_site,19,-0.021961912292730257,-0.7009414592712987,0.4711458333333333
34,0.0,closed,mi_site,20,0.008565856672731909,0.25533300612052406,0.4711458333333333
34,0.0,closed,mi_site,21,-0.0007505439472710786,0.009189128515567701,0.4711458333333333
34,0.0,closed,mi_site,22,-0.026053022216346977,-0.73563437951739,0.4711458333333333
34,0.0,closed,mi_site,23,-0.02068228261741456,-0.6342493350401205,0.4711458333333333
34,0.0,closed,mi_site,24,-0.09203609463386864,-0.5430597479051713,0.4711458333333333
34,0.0,closed,mi_site,25,0.028815414948434315,0.2838744953860286,0.4711458333333333
34,0.0,closed,mi_site,26,0.044574077312497185,0.7532875835159809,0.4711458333333333
34,0.0,closed,mi_site,27,-0.06078015885101057,-0.49187830570758945,0.4711458333333333
34,0.0,closed,mi_site,28,-0.04662293138096729,-0.6997444511873264,0.4711458333333333
34,0.0,closed,mi_site,29,0.017870814803498336,0.32829045336822005,0.4711458333333333
34,0.0,closed,mi_site,30,-0.01445073291199761,-0.2589655730704226,0.4711458333333333
34,0.0,closed,mi_site,31,0.011152888375379814,-0.0029931716245636146,0.4711458333333333
34,0.0,closed,mi_site,32,-0.018152690523728768,-0.0012807241416600932,0.4711458333333333
34,0.0,closed,mi_site,33,-0.05338454935492739,0.006363690794611492,0.4711458333333333
34,0.0,closed,mi_site,34,-0.0025422733094209726,0.2639913983261812,0.4711458333333333
34,0.0,closed,mi_site,35,-0.06515744899085557,-0.012900471674725246,0.4711458333333333
34,0.0,closed,mi_site,36,0.009867694763580275,-0.0010869387055374357,0.4711458333333333
34,0.0,closed,mi_site,37,-0.010318941457345856,-0.010464961324745276,0.4711458333333333
34,0.0,closed,mi_site,38,-0.02471035242719022,0.637590006847919,0.4711458333333333
34,0.0,closed,mi_site,39,0.07787985510701456,0.4597936894793553,0.4711458333333333
34,0.0,closed,mi_site,40,-0.03051345251560833,-0.5331540099682406,0.4711458333333333
34,0.0,closed,mi_site,41,-0.003840136460368293,-0.9766170327926289,0.4711458333333333
34,0.0,closed,mi_site,42,0.020553949040987063,0.8041472583558896,0.4711458333333333
34,0.0,closed,mi_site,43,0.002259106939095812,0.7210385869399017,0.4711458333333333
34,0.0,closed,mi_site,44,-0.002399153313317026,-0.2726786008731995,0.4711458333333333
34,0.0,closed,mi_site,45,0.037986014508017085,0.7537456279818318,0.4711458333333333
34,0.0,closed,mi_site,46,-0.040588720441307014,-0.3233709910718758,0.4711458333333333
34,0.0,closed,mi_site,47,0.01675431808647787,-0.6533010883721044,0.4711458333333333
34,0.0,closed,mi_site,48,-0.015825564840151185,0.6079472085545684,0.4711458333333333
34,0.0,closed,mi_site,49,0.014239485971980992,0.9014297134645987,0.4711458333333333
34,0.0,closed,mi_site,50,-0.02519159009030636,-0.596627003851148,0.4711458333333333
34,0.0,closed,mi_site,51,-0.11155166490944218,0.029357308256966155,0.4711458333333333
34,0.0,closed,mi_site,52,-0.07594770825293023,-0.4705803782577885,0.4711458333333333
34,0.0,closed,mi_site,53,0.07655548431527465,0.3691800681174769,0.4711458333333333
34,0.0,closed,mi_site,54,0.05566226757770887,0.7741391901599796,0.4711458333333333
34,0.0,closed,mi_site,55,-0.011933943389626833,-0.5981367558248916,0.4711458333333333
34,0.0,closed,mi_site,56,0.038857323830382096,0.5458865142211141,0.4711458333333333
34,0.0,closed,mi_site,57,-0.07706043462290524,-0.6981177962456764,0.4711458333333333
34,0.0,closed,mi_site,58,-0.06840071087648497,-0.4088812810651009,0.4711458333333333
34,0.0,closed,mi_site,59,0.030563150913161974,-0.01507572311518825,0.4711458333333333
34,0.0,closed,mi_site,60,-0.024571805997628426,-0.8231608400482586,0.4711458333333333
34,0.0,closed,mi_site,61,-0.009819413948577327,-0.7383381447593246,0.4711458333333333
34,0.0,closed,mi_site,62,0.0011832903608959833,0.27925464342087497,0.4711458333333333
34,0.0,closed,mi_site,63,0.026940476602245522,0.700282589309629,0.4711458333333333
34,0.0,closed,mi_site,64,-0.010450669788780897,-0.21722738452054666,0.4711458333333333
34,0.0,closed,mi_site,65,-0.012727130814936816,-0.4644315619353999,0.4711458333333333
34,1.0,aligned,available,0,0.002361479573810752,-2.642038489318317e-05,0.4711458333333333
34,1.0,aligned,available,1,0.01389012762016269,0.006786013398624381,0.4711458333333333
34,1.0,aligned,available,2,-0.0001986360218083228,-0.00829587477221354,0.4711458333333333
34,1.0,aligned,available,3,-0.0016295948339142296,-0.002806733727440463,0.4711458333333333
34,1.0,aligned,available,4,-0.00772865551619048,-0.003828562224488347,0.4711458333333333
34,1.0,aligned,available,5,-0.005789701491620365,-0.0003568683362339528,0.4711458333333333
34,1.0,aligned,available,6,0.004880972578642027,-0.00013526959865350303,0.4711458333333333
34,1.0,aligned,available,7,0.007173642340510416,0.0006793164331933469,0.4711458333333333
34,1.0,aligned,available,8,0.016938695619966634,-0.0008143811157564489,0.4711458333333333
34,1.0,aligned,available,9,-0.00927591227508437,-0.000909399926844022,0.4711458333333333
34,1.0,aligned,available,10,-0.0002983067766747145,-0.00034508536533243604,0.4711458333333333
34,1.0,aligned,available,11,0.004656482587356625,0.6507909077552931,0.4711458333333333
34,1.0,aligned,available,12,-0.009542217845448953,0.35983885324038906,0.4711458333333333
34,1.0,aligned,available,13,-5.0539101468460856e-05,-0.9609568821107688,0.4711458333333333
34,1.0,aligned,available,14,0.00047359706682581493,-0.5948676355843554,0.4711458333333333
34,1.0,aligned,available,15,0.0023237665646960726,-0.4894322423757724,0.4711458333333333
34,1.0,aligned,available,16,-0.002790632780552249,0.5333763444719013,0.4711458333333333
34,1.0,aligned,available,17,0.0006832506980810615,0.9521297018898304,0.4711458333333333
34,1.0,aligned,available,18,0.0044845595748397304,-0.8436628890574344,0.4711458333333333
34,1.0,aligned,available,19,0.00019262413649945298,-0.7066196442394712,0.4711458333333333
34,1.0,aligned,available,20,-0.003625607773214745,0.2562530845053783,0.4711458333333333
34,1.0,aligned,available,21,-0.0003336129799259742,0.007949045496097344,0.4711458333333333
34,1.0,aligned,available,22,0.003047158937082961,-0.73939811957533,0.4711458333333333
34,1.0,aligned,available,23,0.012984235696562596,-0.6385123307440147,0.4711458333333333
34,1.0,aligned,available,24,0.006090052332103024,-0.5480414568358075,0.4711458333333333
34,1.0,aligned,available,25,-0.0063414199962288365,0.2873477694300385,0.4711458333333333
34,1.0,aligned,available,26,-0.005875924011423672,0.7568401835569147,0.4711458333333333
34,1.0,aligned,available,27,0.007518546458989972,-0.4988213640414499,0.4711458333333333
34,1.0,aligned,available,28,0.0050200421771466885,-0.705064866290295,0.4711458333333333
34,1.0,aligned,available,29,0.010387121645494046,0.3275519082202321,0.4711458333333333
34,1.0,aligned,available,30,-0.0015012018433119279,-0.25563374229073776,0.4711458333333333
34,1.0,aligned,available,31,0.012553788383540583,-0.0028866079545348654,0.4711458333333333
34,1.0,aligned,available,32,-0.0019347103194360992,5.714443564597712e-05,0.4711458333333333
34,1.0,aligned,available,33,-0.009034377527110055,0.005655316654679627,0.4711458333333333
34,1.0,aligned,available,34,-0.010400692978835058,0.26045624598941064,0.4711458333333333
34,1.0,aligned,available,35,0.03610119883253389,-0.011612175295559551,0.4711458333333333
34,1.0,aligned,available,36,-0.008914513774240199,0.0005911110751829476,0.4711458333333333
34,1.0,aligned,available,37,-0.003840960826753396,-0.009185119047771202,0.4711458333333333
34,1.0,aligned,available,38,0.0017856629835760751,0.641760434228867,0.4711458333333333
34,1.0,aligned,available,39,0.002445504549593469,0.46433521173419684,0.4711458333333333
34,1.0,aligned,available,40,0.006063177847727919,-0.535450658473031,0.4711458333333333
34,1.0,aligned,available,41,-0.00024592866825845494,-0.9770034580670977,0.4711458333333333
34,1.0,aligned,available,42,0.004693363695674191,0.807176717987856,0.4711458333333333
34,1.0,aligned,available,43,0.0031937738625360534,0.7259304078103552,0.4711458333333333
34,1.0,aligned,available,44,0.000701552169689923,-0.2730000826270727,0.4711458333333333
34,1.0,aligned,available,45,-0.001921474499950726,0.7556826108658469,0.4711458333333333
34,1.0,aligned,available,46,-0.0005482868616563108,-0.32300265378727944,0.4711458333333333
34,1.0,aligned,available,47,-0.0008513437366933774,-0.657339167810676,0.4711458333333333
34,1.0,aligned,available,48,-0.010707568077579999,0.6114645375159999,0.4711458333333333
34,1.0,aligned,available,49,-0.0010532930752635838,0.9007645179873325,0.4711458333333333
34,1.0,aligned,available,50,-0.0023901686116526433,-0.5955538286987218,0.4711458333333333
34,1.0,aligned,available,51,0.005772297926488267,0.02989640991524258,0.4711458333333333
34,1.0,aligned,available,52,-0.0006032222674713372,-0.47499183180754023,0.4711458333333333
34,1.0,aligned,available,53,-0.01738069647299839,0.3729450049904603,0.4711458333333333
34,1.0,aligned,available,54,-0.0029416663214277827,0.7758020651902966,0.4711458333333333
34,1.0,aligned,available,55,0.0009899525500622897,-0.5968121294185464,0.4711458333333333
34,1.0,aligned,available,56,-3.556742725485673e-05,0.5480930240480315,0.4711458333333333
34,1.0,aligned,available,57,-0.013385098408522422,-0.6996769774780596,0.4711458333333333
34,1.0,aligned,available,58,0.002119330438315803,-0.41034969968284685,0.4711458333333333
34,1.0,aligned,available,59,0.004600097820962882,-0.018598916899481507,0.4711458333333333
34,1.0,aligned,available,60,-0.00446758561785221,-0.8259733730260281,0.4711458333333333
34,1.0,aligned,available,61,-0.0006515580857734404,-0.7430883143921101,0.4711458333333333
34,1.0,aligned,available,62,0.006565087624575694,0.27938493721578933,0.4711458333333333
34,1.0,aligned,available,63,-0.008099675294081954,0.704748409751664,0.4711458333333333
34,1.0,aligned,available,64,-0.00490690842612454,-0.21710930760562125,0.4711458333333333
34,1.0,aligned,available,65,-0.008199678843678504,-0.4617015717636122,0.4711458333333333
34,1.0,aligned,mi_obs,0,0.007988776203653809,-2.642038489318317e-05,0.4711458333333333
34,1.0,aligned,mi_obs,1,0.05109708819041329,0.006786013398624381,0.4711458333333333
34,1.0,aligned,mi_obs,2,0.06634896201511008,-0.00829587477221354,0.4711458333333333
34,1.0,aligned,mi_obs,3,-0.013569185755095933,-0.002806733727440463,0.4711458333333333
34,1.0,aligned,mi_obs,4,-0.011784106240285397,-0.003828562224488347,0.4711458333333333
34,1.0,aligned,mi_obs,5,-0.038509160999896416,-0.0003568683362339528,0.4711458333333333
34,1.0,aligned,mi_obs,6,-0.05043605578144254,-0.00013526959865350303,0.4711458333333333
34,1.0,aligned,mi_obs,7,-0.002643141802018622,0.0006793164331933469,0.4711458333333333
34,1.0,aligned,mi_obs,8,-0.015047236934638733,-0.0008143811157564489,0.4711458333333333
34,1.0,aligned,mi_obs,9,-0.015309365818351251,-0.000909399926844022,0.4711458333333333
34,1.0,aligned,mi_obs,10,0.0004628158040938214,-0.00034508536533243604,0.4711458333333333
34,1.0,aligned,mi_obs,11,0.045141915574940183,0.6507909077552931,0.4711458333333333
34,1.0,aligned,mi_obs,12,0.033134308146579805,0.35983885324038906,0.4711458333333333
34,1.0,aligned,mi_obs,13,-0.0037915462924057453,-0.9609568821107688,0.4711458333333333
34,1.0,aligned,mi_obs,14,0.03243003353498819,-0.5948676355843554,0.4711458333333333
34,1.0,aligned,mi_obs,15,-0.07111730134078115,-0.4894322423757724,0.4711458333333333
34,1.0,aligned,mi_obs,16,0.03888994230976062,0.5333763444719013,0.4711458333333333
34,1.0,aligned,mi_obs,17,0.004337262330244673,0.9521297018898304,0.4711458333333333
34,1.0,aligned,mi_obs,18,-0.034163743740999175,-0.8436628890574344,0.4711458333333333
34,1.0,aligned,mi_obs,19,-0.02018466789860096,-0.7066196442394712,0.4711458333333333
34,1.0,aligned,mi_obs,20,0.003255302697920126,0.2562530845053783,0.4711458333333333
34,1.0,aligned,mi_obs,21,0.0007632723338375624,0.007949045496097344,0.4711458333333333
34,1.0,aligned,mi_obs,22,-0.033304618877812775,-0.73939811957533,0.4711458333333333
34,1.0,aligned,mi_obs,23,-0.005379130958180434,-0.6385123307440147,0.4711458333333333
34,1.0,aligned,mi_obs,24,-0.07820825141768839,-0.5480414568358075,0.4711458333333333
34,1.0,aligned,mi_obs,25,0.030554078429286924,0.2873477694300385,0.4711458333333333
34,1.0,aligned,mi_obs,26,0.052979972656214236,0.7568401835569147,0.4711458333333333
34,1.0,aligned,mi_obs,27,-0.06525425727527062,-0.4988213640414499,0.4711458333333333
34,1.0,aligned,mi_obs,28,-0.05152663109773725,-0.705064866290295,0.4711458333333333
34,1.0,aligned,mi_obs,29,0.03687289133766142,0.3275519082202321,0.4711458333333333
34,1.0,aligned,mi_obs,30,-0.03523491881085622,-0.25563374229073776,0.4711458333333333
34,1.0,aligned,mi_obs,31,-0.014134630322629066,-0.0028866079545348654,0.4711458333333333
34,1.0,aligned,mi_obs,32,-0.05695922391257887,5.714443564597712e-05,0.4711458333333333
34,1.0,aligned,mi_obs,33,-0.08555548083178896,0.005655316654679627,0.4711458333333333
34,1.0,aligned,mi_obs,34,0.02547066617666538,0.26045624598941064,0.4711458333333333
34,1.0,aligned,mi_obs,35,-0.07046021623805576,-0.011612175295559551,0.4711458333333333
34,1.0,aligned,mi_obs,36,-0.0006298859813106794,0.0005911110751829476,0.4711458333333333
34,1.0,aligned,mi_obs,37,-0.005508911649772588,-0.009185119047771202,0.4711458333333333
34,1.0,aligned,mi_obs,38,-0.034122019084105615,0.641760434228867,0.4711458333333333
34,1.0,aligned,mi_obs,39,0.07506418548335009,0.46433521173419684,0.4711458333333333
34,1.0,aligned,mi_obs,40,-0.02946758590251375,-0.535450658473031,0.4711458333333333
34,1.0,aligned,mi_obs,41,-0.005037188154647043,-0.9770034580670977,0.4711458333333333
34,1.0,aligned,mi_obs,42,0.03117152150899072,0.807176717987856,0.4711458333333333
34,1.0,aligned,mi_obs,43,0.008809865611227652,0.7259304078103552,0.4711458333333333
34,1.0,aligned,mi_obs,44,0.0020827845790813426,-0.2730000826270727,0.4711458333333333
34,1.0,aligned,mi_obs,45,0.038948502313500666,0.7556826108658469,0.4711458333333333
34,1.0,aligned,mi_obs,46,-0.03240537133346216,-0.32300265378727944,0.4711458333333333
34,1.0,aligned,mi_obs,47,0.023276624017344094,-0.657339167810676,0.4711458333333333
34,1.0,aligned,mi_obs,48,-0.01747934189563105,0.6114645375159999,0.4711458333333333
34,1.0,aligned,mi_obs,49,0.01273961436713289,0.9007645179873325,0.4711458333333333
34,1.0,aligned,mi_obs,50,-0.028370006070345677,-0.5955538286987218,0.4711458333333333
34,1.0,aligned,mi_obs,51,-0.1021937716847878,0.02989640991524258,0.4711458333333333
34,1.0,aligned,mi_obs,52,-0.07381309024646443,-0.47499183180754023,0.4711458333333333
34,1.0,aligned,mi_obs,53,0.05875687144241015,0.3729450049904603,0.4711458333333333
34,1.0,aligned,mi_obs,54,0.05612480124300767,0.7758020651902966,0.4711458333333333
34,1.0,aligned,mi_obs,55,-0.020127454554953794,-0.5968121294185464,0.4711458333333333
34,1.0,aligned,mi_obs,56,0.03637571434713682,0.5480930240480315,0.4711458333333333
34,1.0,aligned,mi_obs,57,-0.09424367444019732,-0.6996769774780596,0.4711458333333333
34,1.0,aligned,mi_obs,58,-0.06912030013404957,-0.41034969968284685,0.4711458333333333
34,1.0,aligned,mi_obs,59,0.018647733289992297,-0.018598916899481507,0.4711458333333333
34,1.0,aligned,mi_obs,60,-0.03265413586259158,-0.8259733730260281,0.4711458333333333
34,1.0,aligned,mi_obs,61,-0.01823355814496308,-0.7430883143921101,0.4711458333333333
34,1.0,aligned,mi_obs,62,0.002646761729687641,0.27938493721578933,0.4711458333333333
34,1.0,aligned,mi_obs,63,0.027320868076268878,0.704748409751664,0.4711458333333333
34,1.0,aligned,mi_obs,64,-0.011045206097734794,-0.21710930760562125,0.4711458333333333
34,1.0,aligned,mi_obs,65,-0.012883472803369822,-0.4617015717636122,0.4711458333333333
34,1.0,aligned,mi_class,0,0.056927547886894206,-2.642038489318317e-05,0.4711458333333333
34,1.0,aligned,mi_class,1,0.008128026857457882,0.006786013398624381,0.4711458333333333
34,1.0,aligned,mi_class,2,0.015193607154006262,-0.00829587477221354,0.4711458333333333
34,1.0,aligned,mi_class,3,-0.0020450522535978787,-0.002806733727440463,0.4711458333333333
34,1.0,aligned,mi_class,4,0.0010227997150123644,-0.003828562224488347,0.4711458333333333
34,1.0,aligned,mi_class,5,0.0005364201973598441,-0.0003568683362339528,0.4711458333333333
34,1.0,aligned,mi_class,6,-0.006085224519745862,-0.00013526959865350303,0.4711458333333333
34,1.0,aligned,mi_class,7,0.000542652541723258,0.0006793164331933469,0.4711458333333333
34,1.0,aligned,mi_class,8,-0.0008467864805992621,-0.0008143811157564489,0.4711458333333333
34,1.0,aligned,mi_class,9,-0.0015895540280927447,-0.000909399926844022,0.4711458333333333
34,1.0,aligned,mi_class,10,-0.00372791185449394,-0.00034508536533243604,0.4711458333333333
34,1.0,aligned,mi_class,11,-0.10699206129893868,0.6507909077552931,0.4711458333333333
34,1.0,aligned,mi_class,12,-0.017727953390888174,0.35983885324038906,0.4711458333333333
34,1.0,aligned,mi_class,13,0.22912811896695762,-0.9609568821107688,0.4711458333333333
34,1.0,aligned,mi_class,14,0.20315902370668987,-0.5948676355843554,0.4711458333333333
34,1.0,aligned,mi_class,15,0.16863221490134633,-0.4894322423757724,0.4711458333333333
34,1.0,aligned,mi_class,16,-0.012757642022627524,0.5333763444719013,0.4711458333333333
34,1.0,aligned,mi_class,17,-0.33265565645267003,0.9521297018898304,0.4711458333333333
34,1.0,aligned,mi_class,18,0.1102784133603597,-0.8436628890574344,0.4711458333333333
34,1.0,aligned,mi_class,19,0.11350174849119599,-0.7066196442394712,0.4711458333333333
34,1.0,aligned,mi_class,20,-0.03461481469910971,0.2562530845053783,0.4711458333333333
34,1.0,aligned,mi_class,21,0.007899783397784249,0.007949045496097344,0.4711458333333333
34,1.0,aligned,mi_class,22,0.2516934278444232,-0.73939811957533,0.4711458333333333
34,1.0,aligned,mi_class,23,0.29487728537388824,-0.6385123307440147,0.4711458333333333
34,1.0,aligned,mi_class,24,0.24836557047893415,-0.5480414568358075,0.4711458333333333
34,1.0,aligned,mi_class,25,0.0076062444860832135,0.2873477694300385,0.4711458333333333
34,1.0,aligned,mi_class,26,-0.35699015738865036,0.7568401835569147,0.4711458333333333
34,1.0,aligned,mi_class,27,0.04892675852525924,-0.4988213640414499,0.4711458333333333
34,1.0,aligned,mi_class,28,0.10789089531703222,-0.705064866290295,0.4711458333333333
34,1.0,aligned,mi_class,29,-0.03610397937740628,0.3275519082202321,0.4711458333333333
34,1.0,aligned,mi_class,30,-0.03521335162545253,-0.25563374229073776,0.4711458333333333
34,1.0,aligned,mi_class,31,-0.026611569513455863,-0.0028866079545348654,0.4711458333333333
34,1.0,aligned,mi_class,32,-0.044793090814576775,5.714443564597712e-05,0.4711458333333333
34,1.0,aligned,mi_class,33,0.021230639886270577,0.005655316654679627,0.4711458333333333
34,1.0,aligned,mi_class,34,-0.005190475003174322,0.26045624598941064,0.4711458333333333
34,1.0,aligned,mi_class,35,-0.04571379237745938,-0.011612175295559551,0.4711458333333333
34,1.0,aligned,mi_class,36,-0.015031982342053898,0.0005911110751829476,0.4711458333333333
34,1.0,aligned,mi_class,37,0.0013536083568813067,-0.009185119047771202,0.4711458333333333
34,1.0,aligned,mi_class,38,-0.09146794830791816,0.641760434228867,0.4711458333333333
34,1.0,aligned,mi_class,39,-0.06627942978495655,0.46433521173419684,0.4711458333333333
34,1.0,aligned,mi_class,40,-0.023589632206944655,-0.535450658473031,0.4711458333333333
34,1.0,aligned,mi_class,41,0.14538315284846648,-0.9770034580670977,0.4711458333333333
34,1.0,aligned,mi_class,42,-0.05368863201484986,0.807176717987856,0.4711458333333333
34,1.0,aligned,mi_class,43,-0.19137270054812516,0.7259304078103552,0.4711458333333333
34,1.0,aligned,mi_class,44,0.028385514513182775,-0.2730000826270727,0.4711458333333333
34,1.0,aligned,mi_class,45,-0.002958118940934562,0.7556826108658469,0.4711458333333333
34,1.0,aligned,mi_class,46,0.031749055876866994,-0.32300265378727944,0.4711458333333333
34,1.0,aligned,mi_class,47,0.008142080472339441,-0.657339167810676,0.4711458333333333
34,1.0,aligned,mi_class,48,-0.0892707410984892,0.6114645375159999,0.4711458333333333
34,1.0,aligned,mi_class,49,-0.2952520835087652,0.9007645179873325,0.4711458333333333
34,1.0,aligned,mi_class,50,0.12011142065253944,-0.5955538286987218,0.4711458333333333
34,1.0,aligned,mi_class,51,0.0010975060379810435,0.02989640991524258,0.4711458333333333
34,1.0,aligned,mi_class,52,0.010035297690511702,-0.47499183180754023,0.4711458333333333
34,1.0,aligned,mi_class,53,-0.06095504437388899,0.3729450049904603,0.4711458333333333
34,1.0,aligned,mi_class,54,-0.25463800930187364,0.7758020651902966,0.4711458333333333
34,1.0,aligned,mi_class,55,0.12289515490749126,-0.5968121294185464,0.4711458333333333
34,1.0,aligned,mi_class,56,-0.06349052067140526,0.5480930240480315,0.4711458333333333
34,1.0,aligned,mi_class,57,0.09054582962010094,-0.6996769774780596,0.4711458333333333
34,1.0,aligned,mi_class,58,-0.00144524694903847,-0.41034969968284685,0.4711458333333333
34,1.0,aligned,mi_class,59,0.06033609488604472,-0.018598916899481507,0.4711458333333333
34,1.0,aligned,mi_class,60,0.1338204646223372,-0.8259733730260281,0.4711458333333333
34,1.0,aligned,mi_class,61,0.25100251595194073,-0.7430883143921101,0.4711458333333333
34,1.0,aligned,mi_class,62,-0.05996941863429062,0.27938493721578933,0.4711458333333333
34,1.0,aligned,mi_class,63,-0.10586747554542808,0.704748409751664,0.4711458333333333
34,1.0,aligned,mi_class,64,0.007458950056089264,-0.21710930760562125,0.4711458333333333
34,1.0,aligned,mi_class,65,0.0664410586483416,-0.4617015717636122,0.4711458333333333
34,1.0,aligned,mi_site,0,0.0016827500736396575,-2.642038489318317e-05,0.4711458333333333
34,1.0,aligned,mi_site,1,0.02310270263114405,0.006786013398624381,0.4711458333333333
34,1.0,aligned,mi_site,2,0.03364220450164135,-0.00829587477221354,0.4711458333333333
34,1.0,aligned,mi_site,3,-0.005274998986231653,-0.002806733727440463,0.4711458333333333
34,1.0,aligned,mi_site,4,-0.003841107771311649,-0.003828562224488347,0.4711458333333333
34,1.0,aligned,mi_site,5,-0.016741901460064577,-0.0003568683362339528,0.4711458333333333
34,1.0,aligned,mi_site,6,-0.023723185652163137,-0.00013526959865350303,0.4711458333333333
34,1.0,aligned,mi_site,7,-0.001399861990981052,0.0006793164331933469,0.4711458333333333
34,1.0,aligned,mi_site,8,-0.0060660840176484055,-0.0008143811157564489,0.4711458333333333
34,1.0,aligned,mi_site,9,-0.00781182154297533,-0.000909399926844022,0.4711458333333333
34,1.0,aligned,mi_site,10,0.00016823808398822864,-0.00034508536533243604,0.4711458333333333
34,1.0,aligned,mi_site,11,-0.013744900501669544,0.6507909077552931,0.4711458333333333
34,1.0,aligned,mi_site,12,-0.03644215953982449,0.35983885324038906,0.4711458333333333
34,1.0,aligned,mi_site,13,0.07130309659292045,-0.9609568821107688,0.4711458333333333
34,1.0,aligned,mi_site,14,0.03497532005461568,-0.5948676355843554,0.4711458333333333
34,1.0,aligned,mi_site,15,-0.04170051684141379,-0.4894322423757724,0.4711458333333333
34,1.0,aligned,mi_site,16,0.011968550998779581,0.5333763444719013,0.4711458333333333
34,1.0,aligned,mi_site,17,-0.03610898551369146,0.9521297018898304,0.4711458333333333
34,1.0,aligned,mi_site,18,0.012238139041797047,-0.8436628890574344,0.4711458333333333
34,1.0,aligned,mi_site,19,0.12735604490892916,-0.7066196442394712,0.4711458333333333
34,1.0,aligned,mi_site,20,-0.007257503038573809,0.2562530845053783,0.4711458333333333
34,1.0,aligned,mi_site,21,0.015778217204383577,0.007949045496097344,0.4711458333333333
34,1.0,aligned,mi_site,22,0.03518869285886539,-0.73939811957533,0.4711458333333333
34,1.0,aligned,mi_site,23,0.013811945841348261,-0.6385123307440147,0.4711458333333333
34,1.0,aligned,mi_site,24,-0.049498889784898026,-0.5480414568358075,0.4711458333333333
34,1.0,aligned,mi_site,25,0.017093132194464344,0.2873477694300385,0.4711458333333333
34,1.0,aligned,mi_site,26,0.004062258534013319,0.7568401835569147,0.4711458333333333
34,1.0,aligned,mi_site,27,-0.043576622834363865,-0.4988213640414499,0.4711458333333333
34,1.0,aligned,mi_site,28,0.1201866695617736,-0.705064866290295,0.4711458333333333
34,1.0,aligned,mi_site,29,0.013371777918797068,0.3275519082202321,0.4711458333333333
34,1.0,aligned,mi_site,30,0.002777184280299716,-0.25563374229073776,0.4711458333333333
34,1.0,aligned,mi_site,31,-0.009761481742917523,-0.0028866079545348654,0.4711458333333333
34,1.0,aligned,mi_site,32,-0.037561091805045674,5.714443564597712e-05,0.4711458333333333
34,1.0,aligned,mi_site,33,-0.05215872871990661,0.005655316654679627,0.4711458333333333
34,1.0,aligned,mi_site,34,-0.005511485852983,0.26045624598941064,0.4711458333333333
34,1.0,aligned,mi_site,35,-0.05721708254798169,-0.011612175295559551,0.4711458333333333
34,1.0,aligned,mi_site,36,-0.00993843785389684,0.0005911110751829476,0.4711458333333333
34,1.0,aligned,mi_site,37,-0.0020459518733154883,-0.009185119047771202,0.4711458333333333
34,1.0,aligned,mi_site,38,-0.03994193174055327,0.641760434228867,0.4711458333333333
34,1.0,aligned,mi_site,39,0.04291580082078722,0.46433521173419684,0.4711458333333333
34,1.0,aligned,mi_site,40,-0.013517039529057695,-0.535450658473031,0.4711458333333333
34,1.0,aligned,mi_site,41,0.022973400639814345,-0.9770034580670977,0.4711458333333333
34,1.0,aligned,mi_site,42,0.0026016051277359953,0.807176717987856,0.4711458333333333
34,1.0,aligned,mi_site,43,-0.14299946791286933,0.7259304078103552,0.4711458333333333
34,1.0,aligned,mi_site,44,0.013022696541364787,-0.2730000826270727,0.4711458333333333
34,1.0,aligned,mi_site,45,0.03011224958951375,0.7556826108658469,0.4711458333333333
34,1.0,aligned,mi_site,46,-0.03902503477569513,-0.32300265378727944,0.4711458333333333
34,1.0,aligned,mi_site,47,0.012564769818378063,-0.657339167810676,0.4711458333333333
34,1.0,aligned,mi_site,48,-0.0025902935555056628,0.6114645375159999,0.4711458333333333
34,1.0,aligned,mi_site,49,-0.17270536638894574,0.9007645179873325,0.4711458333333333
34,1.0,aligned,mi_site,50,0.012663542257556504,-0.5955538286987218,0.4711458333333333
34,1.0,aligned,mi_site,51,-0.10482084268143042,0.02989640991524258,0.4711458333333333
34,1.0,aligned,mi_site,52,-0.05982253731963172,-0.47499183180754023,0.4711458333333333
34,1.0,aligned,mi_site,53,0.06729550322592504,0.3729450049904603,0.4711458333333333
34,1.0,aligned,mi_site,54,-0.11042923921786874,0.7758020651902966,0.4711458333333333
34,1.0,aligned,mi_site,55,0.0035754459901676805,-0.5968121294185464,0.4711458333333333
34,1.0,aligned,mi_site,56,0.03669571513689329,0.5480930240480315,0.4711458333333333
34,1.0,aligned,mi_site,57,-0.08156178334832043,-0.6996769774780596,0.4711458333333333
34,1.0,aligned,mi_site,58,0.029955740793460084,-0.41034969968284685,0.4711458333333333
34,1.0,aligned,mi_site,59,0.016967937480724657,-0.018598916899481507,0.4711458333333333
34,1.0,aligned,mi_site,60,-0.025069557378954888,-0.8259733730260281,0.4711458333333333
34,1.0,aligned,mi_site,61,0.1257782403982708,-0.7430883143921101,0.4711458333333333
34,1.0,aligned,mi_site,62,-0.005401352423269334,0.27938493721578933,0.4711458333333333
34,1.0,aligned,mi_site,63,-0.10478743393559609,0.704748409751664,0.4711458333333333
34,1.0,aligned,mi_site,64,-0.007011075932946753,-0.21710930760562125,0.4711458333333333
34,1.0,aligned,mi_site,65,0.08216757037803757,-0.4617015717636122,0.4711458333333333
34,1.0,closed,available,0,-0.0056462853314831205,-2.642038489318317e-05,0.4711458333333333
34,1.0,closed,available,1,0.006962240488874955,0.006786013398624381,0.4711458333333333
34,1.0,closed,available,2,-0.02391861565749953,-0.00829587477221354,0.4711458333333333
34,1.0,closed,available,3,0.014464609963894941,-0.002806733727440463,0.4711458333333333
34,1.0,closed,available,4,0.03719196522278756,-0.003828562224488347,0.4711458333333333
34,1.0,closed,available,5,0.02321723950810105,-0.0003568683362339528,0.4711458333333333
34,1.0,closed,available,6,-0.006563867885469562,-0.00013526959865350303,0.4711458333333333
34,1.0,closed,available,7,-0.01439732978838084,0.0006793164331933469,0.4711458333333333
34,1.0,closed,available,8,0.003848834051474683,-0.0008143811157564489,0.4711458333333333
34,1.0,closed,available,9,0.00420172722422716,-0.000909399926844022,0.4711458333333333
34,1.0,closed,available,10,-0.0034783787099948037,-0.00034508536533243604,0.4711458333333333
34,1.0,closed,available,11,0.002128812652228529,0.6507909077552931,0.4711458333333333
34,1.0,closed,available,12,0.010678225776917627,0.35983885324038906,0.4711458333333333
34,1.0,closed,available,13,-0.0007965490657217966,-0.9609568821107688,0.4711458333333333
34,1.0,closed,available,14,0.0015870631080072695,-0.5948676355843554,0.4711458333333333
34,1.0,closed,available,15,-0.0010745910238324496,-0.4894322423757724,0.4711458333333333
34,1.0,closed,available,16,0.002193582863266652,0.5333763444719013,0.4711458333333333
34,1.0,closed,available,17,0.00011094274009659788,0.9521297018898304,0.4711458333333333
34,1.0,closed,available,18,-0.0024802006085984374,-0.8436628890574344,0.4711458333333333
34,1.0,closed,available,19,-0.0024960399646589693,-0.7066196442394712,0.4711458333333333
34,1.0,closed,available,20,-0.0076445443299658355,0.2562530845053783,0.4711458333333333
34,1.0,closed,available,21,0.011880324294533335,0.007949045496097344,0.4711458333333333
34,1.0,closed,available,22,0.008008335811071299,-0.73939811957533,0.4711458333333333
34,1.0,closed,available,23,-0.00028395954434712323,-0.6385123307440147,0.4711458333333333
34,1.0,closed,available,24,0.001070218496139974,-0.5480414568358075,0.4711458333333333
34,1.0,closed,available,25,-0.005643367644973751,0.2873477694300385,0.4711458333333333
34,1.0,closed,available,26,-0.0035098317163729797,0.7568401835569147,0.4711458333333333
34,1.0,closed,available,27,-0.020781849940518737,-0.4988213640414499,0.4711458333333333
34,1.0,closed,available,28,-0.004177661172682479,-0.705064866290295,0.4711458333333333
34,1.0,closed,available,29,-0.014889113985691316,0.3275519082202321,0.4711458333333333
34,1.0,closed,available,30,0.004140596978974509,-0.25563374229073776,0.4711458333333333
34,1.0,closed,available,31,0.029806772436879098,-0.0028866079545348654,0.4711458333333333
34,1.0,closed,available,32,0.02327645777924712,5.714443564597712e-05,0.4711458333333333
34,1.0,closed,available,33,-0.015594903390984098,0.005655316654679627,0.4711458333333333
34,1.0,closed,available,34,-0.021321678728748572,0.26045624598941064,0.4711458333333333
34,1.0,closed,available,35,-0.0023203898617577805,-0.011612175295559551,0.4711458333333333
34,1.0,closed,available,36,-0.0027405361705532005,0.0005911110751829476,0.4711458333333333
34,1.0,closed,available,37,-0.01568675909751255,-0.009185119047771202,0.4711458333333333
34,1.0,closed,available,38,0.00019491537403204529,0.641760434228867,0.4711458333333333
34,1.0,closed,available,39,0.000989436075421457,0.46433521173419684,0.4711458333333333
34,1.0,closed,available,40,0.00582389341518319,-0.535450658473031,0.4711458333333333
34,1.0,closed,available,41,0.00023303403852070748,-0.9770034580670977,0.4711458333333333
34,1.0,closed,available,42,0.007696884068873033,0.807176717987856,0.4711458333333333
34,1.0,closed,available,43,-0.002148335063643425,0.7259304078103552,0.4711458333333333
34,1.0,closed,available,44,-0.0014392199038373854,-0.2730000826270727,0.4711458333333333
34,1.0,closed,available,45,0.001173387987951413,0.7556826108658469,0.4711458333333333
34,1.0,closed,available,46,0.005261206025776122,-0.32300265378727944,0.4711458333333333
34,1.0,closed,available,47,0.0011973154243606343,-0.657339167810676,0.4711458333333333
34,1.0,closed,available,48,0.00889391115484739,0.6114645375159999,0.4711458333333333
34,1.0,closed,available,49,-0.0024046748218530256,0.9007645179873325,0.4711458333333333
34,1.0,closed,available,50,0.0004965925084531309,-0.5955538286987218,0.4711458333333333
34,1.0,closed,available,51,0.003950659547751336,0.02989640991524258,0.4711458333333333
34,1.0,closed,available,52,-0.005492110263118299,-0.47499183180754023,0.4711458333333333
34,1.0,closed,available,53,0.009518901754093534,0.3729450049904603,0.4711458333333333
34,1.0,closed,available,54,0.0020962467549417996,0.7758020651902966,0.4711458333333333
34,1.0,closed,available,55,0.0005825904507926749,-0.5968121294185464,0.4711458333333333
34,1.0,closed,available,56,-0.0009007864136014732,0.5480930240480315,0.4711458333333333
34,1.0,closed,available,57,0.0017444441577700864,-0.6996769774780596,0.4711458333333333
34,1.0,closed,available,58,0.008407395030049947,-0.41034969968284685,0.4711458333333333
34,1.0,closed,available,59,-0.012215962785326513,-0.018598916899481507,0.4711458333333333
34,1.0,closed,available,60,-0.009163267439966205,-0.8259733730260281,0.4711458333333333
34,1.0,closed,available,61,-0.00040684368855792297,-0.7430883143921101,0.4711458333333333
34,1.0,closed,available,62,0.0038628941900130664,0.27938493721578933,0.4711458333333333
34,1.0,closed,available,63,0.002414619979098198,0.704748409751664,0.4711458333333333
34,1.0,closed,available,64,-0.004497429989222118,-0.21710930760562125,0.4711458333333333
34,1.0,closed,available,65,0.0011309273805820141,-0.4617015717636122,0.4711458333333333
34,1.0,closed,mi_obs,0,-0.010782802842278737,-2.642038489318317e-05,0.4711458333333333
34,1.0,closed,mi_obs,1,-0.03575325799716441,0.006786013398624381,0.4711458333333333
34,1.0,closed,mi_obs,2,-0.0847351645673059,-0.00829587477221354,0.4711458333333333
34,1.0,closed,mi_obs,3,0.014628623094816013,-0.002806733727440463,0.4711458333333333
34,1.0,closed,mi_obs,4,0.011226342965308344,-0.003828562224488347,0.4711458333333333
34,1.0,closed,mi_obs,5,0.03205745034768187,-0.0003568683362339528,0.4711458333333333
34,1.0,closed,mi_obs,6,0.02585892210159537,-0.00013526959865350303,0.4711458333333333
34,1.0,closed,mi_obs,7,0.0017731448102863909,0.0006793164331933469,0.4711458333333333
34,1.0,closed,mi_obs,8,0.022199242146637925,-0.0008143811157564489,0.4711458333333333
34,1.0,closed,mi_obs,9,0.023902659893252732,-0.000909399926844022,0.4711458333333333
34,1.0,closed,mi_obs,10,0.0007046788518433794,-0.00034508536533243604,0.4711458333333333
34,1.0,closed,mi_obs,11,0.04900683160661068,0.6507909077552931,0.4711458333333333
34,1.0,closed,mi_obs,12,0.04547162327010462,0.35983885324038906,0.4711458333333333
34,1.0,closed,mi_obs,13,-0.0052483760937956925,-0.9609568821107688,0.4711458333333333
34,1.0,closed,mi_obs,14,0.027556112226213125,-0.5948676355843554,0.4711458333333333
34,1.0,closed,mi_obs,15,-0.07151291414462119,-0.4894322423757724,0.4711458333333333
34,1.0,closed,mi_obs,16,0.04977648978616023,0.5333763444719013,0.4711458333333333
34,1.0,closed,mi_obs,17,0.004737237994971832,0.9521297018898304,0.4711458333333333
34,1.0,closed,mi_obs,18,-0.03776484016830517,-0.8436628890574344,0.4711458333333333
34,1.0,closed,mi_obs,19,-0.019798924105651428,-0.7066196442394712,0.4711458333333333
34,1.0,closed,mi_obs,20,0.003248004471735899,0.2562530845053783,0.4711458333333333
34,1.0,closed,mi_obs,21,0.017949055136268592,0.007949045496097344,0.4711458333333333
34,1.0,closed,mi_obs,22,-0.03166793275652957,-0.73939811957533,0.4711458333333333
34,1.0,closed,mi_obs,23,-0.016003612320373395,-0.6385123307440147,0.4711458333333333
34,1.0,closed,mi_obs,24,-0.09013274376216851,-0.5480414568358075,0.4711458333333333
34,1.0,closed,mi_obs,25,0.046802917426134016,0.2873477694300385,0.4711458333333333
34,1.0,closed,mi_obs,26,0.0565644635426078,0.7568401835569147,0.4711458333333333
34,1.0,closed,mi_obs,27,-0.07740399072665222,-0.4988213640414499,0.4711458333333333
34,1.0,closed,mi_obs,28,-0.054347921373426145,-0.705064866290295,0.4711458333333333
34,1.0,closed,mi_obs,29,0.015384510808086116,0.3275519082202321,0.4711458333333333
34,1.0,closed,mi_obs,30,-0.04640911649215801,-0.25563374229073776,0.4711458333333333
34,1.0,closed,mi_obs,31,-0.006548861347549874,-0.0028866079545348654,0.4711458333333333
34,1.0,closed,mi_obs,32,-0.04873685638635134,5.714443564597712e-05,0.4711458333333333
34,1.0,closed,mi_obs,33,-0.05810894793416546,0.005655316654679627,0.4711458333333333
34,1.0,closed,mi_obs,34,0.032421879849274304,0.26045624598941064,0.4711458333333333
34,1.0,closed,mi_obs,35,-0.08837595390339777,-0.011612175295559551,0.4711458333333333
34,1.0,closed,mi_obs,36,-0.0013017361622600359,0.0005911110751829476,0.4711458333333333
34,1.0,closed,mi_obs,37,-0.010703112560261262,-0.009185119047771202,0.4711458333333333
34,1.0,closed,mi_obs,38,-0.029503587101053386,0.641760434228867,0.4711458333333333
34,1.0,closed,mi_obs,39,0.07923417112061698,0.46433521173419684,0.4711458333333333
34,1.0,closed,mi_obs,40,-0.039722784321191806,-0.535450658473031,0.4711458333333333
34,1.0,closed,mi_obs,41,-0.00510030663926897,-0.9770034580670977,0.4711458333333333
34,1.0,closed,mi_obs,42,0.03424640819985281,0.807176717987856,0.4711458333333333
34,1.0,closed,mi_obs,43,0.009948916436561261,0.7259304078103552,0.4711458333333333
34,1.0,closed,mi_obs,44,-0.0005262282477446756,-0.2730000826270727,0.4711458333333333
34,1.0,closed,mi_obs,45,0.04555885586925734,0.7556826108658469,0.4711458333333333
34,1.0,closed,mi_obs,46,-0.026046594318545557,-0.32300265378727944,0.4711458333333333
34,1.0,closed,mi_obs,47,0.021080292021544267,-0.657339167810676,0.4711458333333333
34,1.0,closed,mi_obs,48,-0.017981282374856744,0.6114645375159999,0.4711458333333333
34,1.0,closed,mi_obs,49,0.014274520322192674,0.9007645179873325,0.4711458333333333
34,1.0,closed,mi_obs,50,-0.025843077517221036,-0.5955538286987218,0.4711458333333333
34,1.0,closed,mi_obs,51,-0.10736591271568952,0.02989640991524258,0.4711458333333333
34,1.0,closed,mi_obs,52,-0.07638838094695166,-0.47499183180754023,0.4711458333333333
34,1.0,closed,mi_obs,53,0.06538033015360567,0.3729450049904603,0.4711458333333333
34,1.0,closed,mi_obs,54,0.06071843671595534,0.7758020651902966,0.4711458333333333
34,1.0,closed,mi_obs,55,-0.014643595085704786,-0.5968121294185464,0.4711458333333333
34,1.0,closed,mi_obs,56,0.04491417892003291,0.5480930240480315,0.4711458333333333
34,1.0,closed,mi_obs,57,-0.09404331354588313,-0.6996769774780596,0.4711458333333333
34,1.0,closed,mi_obs,58,-0.06705628843088479,-0.41034969968284685,0.4711458333333333
34,1.0,closed,mi_obs,59,0.009137911291308259,-0.018598916899481507,0.4711458333333333
34,1.0,closed,mi_obs,60,-0.03725567608885105,-0.8259733730260281,0.4711458333333333
34,1.0,closed,mi_obs,61,-0.016671703033761975,-0.7430883143921101,0.4711458333333333
34,1.0,closed,mi_obs,62,0.0027346687035911255,0.27938493721578933,0.4711458333333333
34,1.0,closed,mi_obs,63,0.02918806421830722,0.704748409751664,0.4711458333333333
34,1.0,closed,mi_obs,64,-0.009039895523714314,-0.21710930760562125,0.4711458333333333
34,1.0,closed,mi_obs,65,-0.004074273495912273,-0.4617015717636122,0.4711458333333333
34,1.0,closed,mi_class,0,0.026393125397039256,-2.642038489318317e-05,0.4711458333333333
34,1.0,closed,mi_class,1,0.00874381365413841,0.006786013398624381,0.4711458333333333
34,1.0,closed,mi_class,2,-0.02356594397328817,-0.00829587477221354,0.4711458333333333
34,1.0,closed,mi_class,3,0.010238486606044666,-0.002806733727440463,0.4711458333333333
34,1.0,closed,mi_class,4,0.02325751891283194,-0.003828562224488347,0.4711458333333333
34,1.0,closed,mi_class,5,0.015180069016533477,-0.0003568683362339528,0.4711458333333333
34,1.0,closed,mi_class,6,-0.004631496373612913,-0.00013526959865350303,0.4711458333333333
34,1.0,closed,mi_class,7,-0.007153637872796208,0.0006793164331933469,0.4711458333333333
34,1.0,closed,mi_class,8,0.006952244555727638,-0.0008143811157564489,0.4711458333333333
34,1.0,closed,mi_class,9,0.010735128414403316,-0.000909399926844022,0.4711458333333333
34,1.0,closed,mi_class,10,-0.008699258745928124,-0.00034508536533243604,0.4711458333333333
34,1.0,closed,mi_class,11,-0.11695402759451057,0.6507909077552931,0.4711458333333333
34,1.0,closed,mi_class,12,-0.021778964777830423,0.35983885324038906,0.4711458333333333
34,1.0,closed,mi_class,13,0.22459197007336418,-0.9609568821107688,0.4711458333333333
34,1.0,closed,mi_class,14,0.2082360662371614,-0.5948676355843554,0.4711458333333333
34,1.0,closed,mi_class,15,0.17079916642959547,-0.4894322423757724,0.4711458333333333
34,1.0,closed,mi_class,16,0.011805379741664845,0.5333763444719013,0.4711458333333333
34,1.0,closed,mi_class,17,-0.3294572010636698,0.9521297018898304,0.4711458333333333
34,1.0,closed,mi_class,18,0.10675132661492515,-0.8436628890574344,0.4711458333333333
34,1.0,closed,mi_class,19,0.13420817490636883,-0.7066196442394712,0.4711458333333333
34,1.0,closed,mi_class,20,-0.042371416647906085,0.2562530845053783,0.4711458333333333
34,1.0,closed,mi_class,21,0.013865291327875786,0.007949045496097344,0.4711458333333333
34,1.0,closed,mi_class,22,0.24186805799968208,-0.73939811957533,0.4711458333333333
34,1.0,closed,mi_class,23,0.2902934557670439,-0.6385123307440147,0.4711458333333333
34,1.0,closed,mi_class,24,0.2512111884578462,-0.5480414568358075,0.4711458333333333
34,1.0,closed,mi_class,25,-0.01074483142612298,0.2873477694300385,0.4711458333333333
34,1.0,closed,mi_class,26,-0.3494997482150324,0.7568401835569147,0.4711458333333333
34,1.0,closed,mi_class,27,0.036874274026601706,-0.4988213640414499,0.4711458333333333
34,1.0,closed,mi_class,28,0.114256595660433,-0.705064866290295,0.4711458333333333
34,1.0,closed,mi_class,29,-0.04260793380530847,0.3275519082202321,0.4711458333333333
34,1.0,closed,mi_class,30,-0.012856558227518244,-0.25563374229073776,0.4711458333333333
34,1.0,closed,mi_class,31,0.0023085582263598485,-0.0028866079545348654,0.4711458333333333
34,1.0,closed,mi_class,32,0.0007071794975587649,5.714443564597712e-05,0.4711458333333333
34,1.0,closed,mi_class,33,-0.01259978734532289,0.005655316654679627,0.4711458333333333
34,1.0,closed,mi_class,34,-0.033071243166076625,0.26045624598941064,0.4711458333333333
34,1.0,closed,mi_class,35,-0.03887338423675872,-0.011612175295559551,0.4711458333333333
34,1.0,closed,mi_class,36,-0.00016976764188365336,0.0005911110751829476,0.4711458333333333
34,1.0,closed,mi_class,37,-0.0019441920004827865,-0.009185119047771202,0.4711458333333333
34,1.0,closed,mi_class,38,-0.09375720092876583,0.641760434228867,0.4711458333333333
34,1.0,closed,mi_class,39,-0.06430554453974469,0.46433521173419684,0.4711458333333333
34,1.0,closed,mi_class,40,0.05034950834955715,-0.535450658473031,0.4711458333333333
34,1.0,closed,mi_class,41,0.14075414602122016,-0.9770034580670977,0.4711458333333333
34,1.0,closed,mi_class,42,-0.05020412307955924,0.807176717987856,0.4711458333333333
34,1.0,closed,mi_class,43,-0.20100903557729788,0.7259304078103552,0.4711458333333333
34,1.0,closed,mi_class,44,0.031664189160891365,-0.2730000826270727,0.4711458333333333
34,1.0,closed,mi_class,45,0.0018846144689824706,0.7556826108658469,0.4711458333333333
34,1.0,closed,mi_class,46,0.054375788741748754,-0.32300265378727944,0.4711458333333333
34,1.0,closed,mi_class,47,0.0028721476623284614,-0.657339167810676,0.4711458333333333
34,1.0,closed,mi_class,48,-0.10261134092114466,0.6114645375159999,0.4711458333333333
34,1.0,closed,mi_class,49,-0.3147855638397875,0.9007645179873325,0.4711458333333333
34,1.0,closed,mi_class,50,0.12204514599326077,-0.5955538286987218,0.4711458333333333
34,1.0,closed,mi_class,51,-0.0015709596282489913,0.02989640991524258,0.4711458333333333
34,1.0,closed,mi_class,52,-0.003935811412630552,-0.47499183180754023,0.4711458333333333
34,1.0,closed,mi_class,53,-0.061520843050949736,0.3729450049904603,0.4711458333333333
34,1.0,closed,mi_class,54,-0.2681720127433016,0.7758020651902966,0.4711458333333333
34,1.0,closed,mi_class,55,0.12184773504378149,-0.5968121294185464,0.4711458333333333
34,1.0,closed,mi_class,56,-0.08224733217016905,0.5480930240480315,0.4711458333333333
34,1.0,closed,mi_class,57,0.0491838383742651,-0.6996769774780596,0.4711458333333333
34,1.0,closed,mi_class,58,0.07300049726793939,-0.41034969968284685,0.4711458333333333
34,1.0,closed,mi_class,59,0.016881805194537493,-0.018598916899481507,0.4711458333333333
34,1.0,closed,mi_class,60,0.13154648856001605,-0.8259733730260281,0.4711458333333333
34,1.0,closed,mi_class,61,0.2596212354098868,-0.7430883143921101,0.4711458333333333
34,1.0,closed,mi_class,62,-0.05637986561001679,0.27938493721578933,0.4711458333333333
34,1.0,closed,mi_class,63,-0.118107259658355,0.704748409751664,0.4711458333333333
34,1.0,closed,mi_class,64,0.02225471748702343,-0.21710930760562125,0.4711458333333333
34,1.0,closed,mi_class,65,0.08127671828450683,-0.4617015717636122,0.4711458333333333
34,1.0,closed,mi_site,0,-0.004449547185978404,-2.642038489318317e-05,0.4711458333333333
34,1.0,closed,mi_site,1,-0.017182629806985154,0.006786013398624381,0.4711458333333333
34,1.0,closed,mi_site,2,-0.0590542579945732,-0.00829587477221354,0.4711458333333333
34,1.0,closed,mi_site,3,0.0062502587675004875,-0.002806733727440463,0.4711458333333333
34,1.0,closed,mi_site,4,0.006889854904438138,-0.003828562224488347,0.4711458333333333
34,1.0,closed,mi_site,5,0.018396528661162787,-0.0003568683362339528,0.4711458333333333
34,1.0,closed,mi_site,6,0.012266298559769878,-0.00013526959865350303,0.4711458333333333
34,1.0,closed,mi_site,7,0.0017984773861233257,0.0006793164331933469,0.4711458333333333
34,1.0,closed,mi_site,8,0.01160853825306649,-0.0008143811157564489,0.4711458333333333
34,1.0,closed,mi_site,9,0.013417049208725582,-0.000909399926844022,0.4711458333333333
34,1.0,closed,mi_site,10,-0.0025831033997686347,-0.00034508536533243604,0.4711458333333333
34,1.0,closed,mi_site,11,0.04022004150837766,0.6507909077552931,0.4711458333333333
34,1.0,closed,mi_site,12,0.05417620912526944,0.35983885324038906,0.4711458333333333
34,1.0,closed,mi_site,13,-0.0024634472396924956,-0.9609568821107688,0.4711458333333333
34,1.0,closed,mi_site,14,0.020978819053303566,-0.5948676355843554,0.4711458333333333
34,1.0,closed,mi_site,15,-0.07759225909561435,-0.4894322423757724,0.4711458333333333
34,1.0,closed,mi_site,16,0.03569065511276481,0.5333763444719013,0.4711458333333333
34,1.0,closed,mi_site,17,0.002489623736905977,0.9521297018898304,0.4711458333333333
34,1.0,closed,mi_site,18,-0.031429782107872395,-0.8436628890574344,0.4711458333333333
34,1.0,closed,mi_site,19,-0.02016505384465761,-0.7066196442394712,0.4711458333333333
34,1.0,closed,mi_site,20,0.0037828665149968743,0.2562530845053783,0.4711458333333333
34,1.0,closed,mi_site,21,0.05267512583232636,0.007949045496097344,0.4711458333333333
34,1.0,closed,mi_site,22,-0.021572753708933745,-0.73939811957533,0.4711458333333333
34,1.0,closed,mi_site,23,-0.017877652585660653,-0.6385123307440147,0.4711458333333333
34,1.0,closed,mi_site,24,-0.08923628466822298,-0.5480414568358075,0.4711458333333333
34,1.0,closed,mi_site,25,0.02487786618087784,0.2873477694300385,0.4711458333333333
34,1.0,closed,mi_site,26,0.041474013371103347,0.7568401835569147,0.4711458333333333
34,1.0,closed,mi_site,27,-0.0657513920852763,-0.4988213640414499,0.4711458333333333
34,1.0,closed,mi_site,28,-0.04728414134644554,-0.705064866290295,0.4711458333333333
34,1.0,closed,mi_site,29,0.014600734648564373,0.3275519082202321,0.4711458333333333
34,1.0,closed,mi_site,30,-0.0593249598863147,-0.25563374229073776,0.4711458333333333
34,1.0,closed,mi_site,31,-0.01702308766357309,-0.0028866079545348654,0.4711458333333333
34,1.0,closed,mi_site,32,-0.04699551406272747,5.714443564597712e-05,0.4711458333333333
34,1.0,closed,mi_site,33,-0.03244778428755403,0.005655316654679627,0.4711458333333333
34,1.0,closed,mi_site,34,0.047213375195138685,0.26045624598941064,0.4711458333333333
34,1.0,closed,mi_site,35,-0.09777048946014044,-0.011612175295559551,0.4711458333333333
34,1.0,closed,mi_site,36,-0.03012547154596426,0.0005911110751829476,0.4711458333333333
34,1.0,closed,mi_site,37,-0.015960891054677375,-0.009185119047771202,0.4711458333333333
34,1.0,closed,mi_site,38,-0.02352807510056998,0.641760434228867,0.4711458333333333
34,1.0,closed,mi_site,39,0.08125055186736602,0.46433521173419684,0.4711458333333333
34,1.0,closed,mi_site,40,-0.029069223034315028,-0.535450658473031,0.4711458333333333
34,1.0,closed,mi_site,41,-0.00445746487676324,-0.9770034580670977,0.4711458333333333
34,1.0,closed,mi_site,42,0.026327205684988142,0.807176717987856,0.4711458333333333
34,1.0,closed,mi_site,43,0.008617083298373962,0.7259304078103552,0.4711458333333333
34,1.0,closed,mi_site,44,0.0002878113000935878,-0.2730000826270727,0.4711458333333333
34,1.0,closed,mi_site,45,0.04480941147892581,0.7556826108658469,0.4711458333333333
34,1.0,closed,mi_site,46,-0.022562032561969814,-0.32300265378727944,0.4711458333333333
34,1.0,closed,mi_site,47,0.018917066406880956,-0.657339167810676,0.4711458333333333
34,1.0,closed,mi_site,48,-0.009643700726122195,0.6114645375159999,0.4711458333333333
34,1.0,closed,mi_site,49,0.013191400161172706,0.9007645179873325,0.4711458333333333
34,1.0,closed,mi_site,50,-0.02105899130222255,-0.5955538286987218,0.4711458333333333
34,1.0,closed,mi_site,51,-0.10585268467425052,0.02989640991524258,0.4711458333333333
34,1.0,closed,mi_site,52,-0.07751350682595493,-0.47499183180754023,0.4711458333333333
34,1.0,closed,mi_site,53,0.08027244966240821,0.3729450049904603,0.4711458333333333
34,1.0,closed,mi_site,54,0.06171667622972121,0.7758020651902966,0.4711458333333333
34,1.0,closed,mi_site,55,-0.006453726776156077,-0.5968121294185464,0.4711458333333333
34,1.0,closed,mi_site,56,0.03103853990521055,0.5480930240480315,0.4711458333333333
34,1.0,closed,mi_site,57,-0.07746457255628891,-0.6996769774780596,0.4711458333333333
34,1.0,closed,mi_site,58,-0.05086711130924526,-0.41034969968284685,0.4711458333333333
34,1.0,closed,mi_site,59,0.00883576101283086,-0.018598916899481507,0.4711458333333333
34,1.0,closed,mi_site,60,-0.02689873095037776,-0.8259733730260281,0.4711458333333333
34,1.0,closed,mi_site,61,-0.01140400869363234,-0.7430883143921101,0.4711458333333333
34,1.0,closed,mi_site,62,-0.0007253606840767479,0.27938493721578933,0.4711458333333333
34,1.0,closed,mi_site,63,0.031280208752929584,0.704748409751664,0.4711458333333333
34,1.0,closed,mi_site,64,-0.00606752084206158,-0.21710930760562125,0.4711458333333333
34,1.0,closed,mi_site,65,-0.003244332537775174,-0.4617015717636122,0.4711458333333333
34,2.0,aligned,available,0,0.0018650061870678883,-0.0013078285707157748,0.4711458333333333
34,2.0,aligned,available,1,0.012892841076208372,0.005211762076173523,0.4711458333333333
34,2.0,aligned,available,2,-0.0001986360218083228,-0.00829587477221354,0.4711458333333333
34,2.0,aligned,available,3,-0.0026008525986287775,-0.0014872013946911622,0.4711458333333333
34,2.0,aligned,available,4,-0.007004447867881248,-0.001693244243629965,0.4711458333333333
34,2.0,aligned,available,5,-0.0013149349332987805,0.001990898327708626,0.4711458333333333
34,2.0,aligned,available,6,0.007266362936256833,-0.00021951179160204873,0.4711458333333333
34,2.0,aligned,available,7,0.006881769416202512,-0.0006121689011100682,0.4711458333333333
34,2.0,aligned,available,8,0.013788880300808864,0.000265854544712509,0.4711458333333333
34,2.0,aligned,available,9,-0.007725170351202334,0.0010788430653527721,0.4711458333333333
34,2.0,aligned,available,10,-0.002155493877371787,0.00017633307133144087,0.4711458333333333
34,2.0,aligned,available,11,0.008036524240462306,0.6674309219968638,0.4711458333333333
34,2.0,aligned,available,12,-0.013672273750890251,0.349141673573965,0.4711458333333333
34,2.0,aligned,available,13,-0.0001923171274564872,-0.9625754866163404,0.4711458333333333
34,2.0,aligned,available,14,-0.003629241746461287,-0.6084697768236992,0.4711458333333333
34,2.0,aligned,available,15,0.0028844023062869484,-0.5048232421173019,0.4711458333333333
34,2.0,aligned,available,16,0.00359123684389151,0.539331814166557,0.4711458333333333
34,2.0,aligned,available,17,0.0009983463702637474,0.9542109486802188,0.4711458333333333
34,2.0,aligned,available,18,0.003637244201640133,-0.8502164849745643,0.4711458333333333
34,2.0,aligned,available,19,-0.0017725534041369562,-0.7235330994749152,0.4711458333333333
34,2.0,aligned,available,20,-0.005387382890292836,0.26093983902916457,0.4711458333333333
34,2.0,aligned,available,21,-0.0015862404548032212,0.0066118504704253105,0.4711458333333333
34,2.0,aligned,available,22,0.0042603192276656765,-0.7513954821105578,0.4711458333333333
34,2.0,aligned,available,23,0.007567135386283841,-0.652750818100348,0.4711458333333333
34,2.0,aligned,available,24,0.005957641387836943,-0.564230754003683,0.4711458333333333
34,2.0,aligned,available,25,-0.00301031007314162,0.29951450233327376,0.4711458333333333
34,2.0,aligned,available,26,-0.0034081956635853006,0.7681648045034194,0.4711458333333333
34,2.0,aligned,available,27,0.007131872362005187,-0.5208981464041664,0.4711458333333333
34,2.0,aligned,available,28,0.001063320188588457,-0.7219838329687805,0.4711458333333333
34,2.0,aligned,available,29,0.015025832602909017,0.3318012719574441,0.4711458333333333
34,2.0,aligned,available,30,-0.004426301124010296,-0.24774506566342383,0.4711458333333333
34,2.0,aligned,available,31,0.01086453713791681,-0.0026952455421963986,0.4711458333333333
34,2.0,aligned,available,32,-0.0024272273375427547,0.0012996273619948334,0.4711458333333333
34,2.0,aligned,available,33,-0.008299472597008873,0.0048915095998213615,0.4711458333333333
34,2.0,aligned,available,34,-0.009331794493142781,0.2520806834009938,0.4711458333333333
34,2.0,aligned,available,35,0.03612020653246402,-0.010156421825485158,0.4711458333333333
34,2.0,aligned,available,36,-0.008362177808554278,0.002139776375743675,0.4711458333333333
34,2.0,aligned,available,37,-0.00581377072627088,-0.007691860571686835,0.4711458333333333
34,2.0,aligned,available,38,-0.0004515654191131757,0.6543393146925786,0.4711458333333333
34,2.0,aligned,available,39,-0.006726243895824324,0.47888161000621177,0.4711458333333333
34,2.0,aligned,available,40,0.004364462805719116,-0.5435173822884455,0.4711458333333333
34,2.0,aligned,available,41,-0.00012255393377069712,-0.9782085360113526,0.4711458333333333
34,2.0,aligned,available,42,0.002710127710383592,0.8166241764501029,0.4711458333333333
34,2.0,aligned,available,43,0.003113493199677242,0.7412031053422541,0.4711458333333333
34,2.0,aligned,available,44,0.013012288086888202,-0.27705878004154894,0.4711458333333333
34,2.0,aligned,available,45,-0.0030729268236587837,0.7609157317041136,0.4711458333333333
34,2.0,aligned,available,46,-0.0029490287701870455,-0.3252753213840632,0.4711458333333333
34,2.0,aligned,available,47,-0.0007873047460585925,-0.6693777859781842,0.4711458333333333
34,2.0,aligned,available,48,-0.012744651422768705,0.6224164982550051,0.4711458333333333
34,2.0,aligned,available,49,-0.0005085912065028175,0.8997035348651907,0.4711458333333333
34,2.0,aligned,available,50,-0.005976512850107474,-0.5956710335838158,0.4711458333333333
34,2.0,aligned,available,51,0.00862497152320418,0.02783652011116428,0.4711458333333333
34,2.0,aligned,available,52,0.0028168447820749454,-0.48923252922372756,0.4711458333333333
34,2.0,aligned,available,53,-0.02589995490970498,0.385983739851351,0.4711458333333333
34,2.0,aligned,available,54,-0.007189444658122324,0.7804743803993058,0.4711458333333333
34,2.0,aligned,available,55,-0.0005108753246864106,-0.5957731576827999,0.4711458333333333
34,2.0,aligned,available,56,0.002424551871092806,0.5557287436605273,0.4711458333333333
34,2.0,aligned,available,57,-0.015274446795516039,-0.7047386682082472,0.4711458333333333
34,2.0,aligned,available,58,-0.007377267869226434,-0.41718630523618955,0.4711458333333333
34,2.0,aligned,available,59,-0.00032492145979043027,-0.02348377495610465,0.4711458333333333
34,2.0,aligned,available,60,-0.003582678961786545,-0.8346518582669905,0.4711458333333333
34,2.0,aligned,available,61,-0.0030414270031553503,-0.7577983810840442,0.4711458333333333
34,2.0,aligned,available,62,0.004361230129953542,0.2831068712677739,0.4711458333333333
34,2.0,aligned,available,63,-0.00835033237206284,0.7188280231505142,0.4711458333333333
34,2.0,aligned,available,64,8.983331798606553e-05,-0.21998119398847824,0.4711458333333333
34,2.0,aligned,available,65,-0.005366602531155895,-0.45854148401407585,0.4711458333333333
34,2.0,aligned,mi_obs,0,0.008835820170409615,-0.0013078285707157748,0.4711458333333333
34,2.0,aligned,mi_obs,1,0.05179701870263249,0.005211762076173523,0.4711458333333333
34,2.0,aligned,mi_obs,2,0.0687359132611406,-0.00829587477221354,0.4711458333333333
34,2.0,aligned,mi_obs,3,-0.014735831355995564,-0.0014872013946911622,0.4711458333333333
34,2.0,aligned,mi_obs,4,-0.01122588730358231,-0.001693244243629965,0.4711458333333333
34,2.0,aligned,mi_obs,5,-0.03407986571237523,0.001990898327708626,0.4711458333333333
34,2.0,aligned,mi_obs,6,-0.04359513283323484,-0.00021951179160204873,0.4711458333333333
34,2.0,aligned,mi_obs,7,-0.0016013201822836784,-0.0006121689011100682,0.4711458333333333
34,2.0,aligned,mi_obs,8,-0.01658185010355488,0.000265854544712509,0.4711458333333333
34,2.0,aligned,mi_obs,9,-0.01587946500612134,0.0010788430653527721,0.4711458333333333
34,2.0,aligned,mi_obs,10,-0.003377340424164054,0.00017633307133144087,0.4711458333333333
34,2.0,aligned,mi_obs,11,0.04262310343749931,0.6674309219968638,0.4711458333333333
34,2.0,aligned,mi_obs,12,0.02947118117329184,0.349141673573965,0.4711458333333333
34,2.0,aligned,mi_obs,13,-0.003729936430302394,-0.9625754866163404,0.4711458333333333
34,2.0,aligned,mi_obs,14,0.03196171177210172,-0.6084697768236992,0.4711458333333333
34,2.0,aligned,mi_obs,15,-0.0620310283919826,-0.5048232421173019,0.4711458333333333
34,2.0,aligned,mi_obs,16,0.043733767766511056,0.539331814166557,0.4711458333333333
34,2.0,aligned,mi_obs,17,0.004429540596744053,0.9542109486802188,0.4711458333333333
34,2.0,aligned,mi_obs,18,-0.03247608870905183,-0.8502164849745643,0.4711458333333333
34,2.0,aligned,mi_obs,19,-0.018476661671229966,-0.7235330994749152,0.4711458333333333
34,2.0,aligned,mi_obs,20,-0.0014227702641346207,0.26093983902916457,0.4711458333333333
34,2.0,aligned,mi_obs,21,-0.005309038575900357,0.0066118504704253105,0.4711458333333333
34,2.0,aligned,mi_obs,22,-0.03166526808726078,-0.7513954821105578,0.4711458333333333
34,2.0,aligned,mi_obs,23,-0.004965846690450748,-0.652750818100348,0.4711458333333333
34,2.0,aligned,mi_obs,24,-0.0711908318598864,-0.564230754003683,0.4711458333333333
34,2.0,aligned,mi_obs,25,0.03727079192256133,0.29951450233327376,0.4711458333333333
34,2.0,aligned,mi_obs,26,0.050501925694970695,0.7681648045034194,0.4711458333333333
34,2.0,aligned,mi_obs,27,-0.06382466091307248,-0.5208981464041664,0.4711458333333333
34,2.0,aligned,mi_obs,28,-0.04943481573508657,-0.7219838329687805,0.4711458333333333
34,2.0,aligned,mi_obs,29,0.028887556123288083,0.3318012719574441,0.4711458333333333
34,2.0,aligned,mi_obs,30,-0.028894290925274485,-0.24774506566342383,0.4711458333333333
34,2.0,aligned,mi_obs,31,-0.00387852245487332,-0.0026952455421963986,0.4711458333333333
34,2.0,aligned,mi_obs,32,-0.04880257830577379,0.0012996273619948334,0.4711458333333333
34,2.0,aligned,mi_obs,33,-0.08607076965826153,0.0048915095998213615,0.4711458333333333
34,2.0,aligned,mi_obs,34,0.018990046432438568,0.2520806834009938,0.4711458333333333
34,2.0,aligned,mi_obs,35,-0.06438355593856745,-0.010156421825485158,0.4711458333333333
34,2.0,aligned,mi_obs,36,0.006224100697325917,0.002139776375743675,0.4711458333333333
34,2.0,aligned,mi_obs,37,-0.010959452084687949,-0.007691860571686835,0.4711458333333333
34,2.0,aligned,mi_obs,38,-0.03231796401604403,0.6543393146925786,0.4711458333333333
34,2.0,aligned,mi_obs,39,0.06796232228573684,0.47888161000621177,0.4711458333333333
34,2.0,aligned,mi_obs,40,-0.03431288204752425,-0.5435173822884455,0.4711458333333333
34,2.0,aligned,mi_obs,41,-0.004870867493579678,-0.9782085360113526,0.4711458333333333
34,2.0,aligned,mi_obs,42,0.030226637507826948,0.8166241764501029,0.4711458333333333
34,2.0,aligned,mi_obs,43,0.008948285194328554,0.7412031053422541,0.4711458333333333
34,2.0,aligned,mi_obs,44,0.0060879097666486914,-0.27705878004154894,0.4711458333333333
34,2.0,aligned,mi_obs,45,0.03530416643597245,0.7609157317041136,0.4711458333333333
34,2.0,aligned,mi_obs,46,-0.03715679811844175,-0.3252753213840632,0.4711458333333333
34,2.0,aligned,mi_obs,47,0.022017094671752724,-0.6693777859781842,0.4711458333333333
34,2.0,aligned,mi_obs,48,-0.017939798790492123,0.6224164982550051,0.4711458333333333
34,2.0,aligned,mi_obs,49,0.011589162621638671,0.8997035348651907,0.4711458333333333
34,2.0,aligned,mi_obs,50,-0.02834958525499698,-0.5956710335838158,0.4711458333333333
34,2.0,aligned,mi_obs,51,-0.10157995873586363,0.02783652011116428,0.4711458333333333
34,2.0,aligned,mi_obs,52,-0.06718425460315286,-0.48923252922372756,0.4711458333333333
34,2.0,aligned,mi_obs,53,0.04993645114946438,0.385983739851351,0.4711458333333333
34,2.0,aligned,mi_obs,54,0.04919541553243201,0.7804743803993058,0.4711458333333333
34,2.0,aligned,mi_obs,55,-0.018391353708002378,-0.5957731576827999,0.4711458333333333
34,2.0,aligned,mi_obs,56,0.04079986916496037,0.5557287436605273,0.4711458333333333
34,2.0,aligned,mi_obs,57,-0.09505072593490183,-0.7047386682082472,0.4711458333333333
34,2.0,aligned,mi_obs,58,-0.07527255722867204,-0.41718630523618955,0.4711458333333333
34,2.0,aligned,mi_obs,59,0.018070800346787,-0.02348377495610465,0.4711458333333333
34,2.0,aligned,mi_obs,60,-0.031608385273978246,-0.8346518582669905,0.4711458333333333
34,2.0,aligned,mi_obs,61,-0.018171409253504356,-0.7577983810840442,0.4711458333333333
34,2.0,aligned,mi_obs,62,-0.0011161368426252372,0.2831068712677739,0.4711458333333333
34,2.0,aligned,mi_obs,63,0.026105344598781777,0.7188280231505142,0.4711458333333333
34,2.0,aligned,mi_obs,64,-0.005095421042975556,-0.21998119398847824,0.4711458333333333
34,2.0,aligned,mi_obs,65,-0.007585116556143245,-0.45854148401407585,0.4711458333333333
34,2.0,aligned,mi_class,0,0.05485985846164146,-0.0013078285707157748,0.4711458333333333
34,2.0,aligned,mi_class,1,0.008267979592317863,0.005211762076173523,0.4711458333333333
34,2.0,aligned,mi_class,2,0.015861193323366593,-0.00829587477221354,0.4711458333333333
34,2.0,aligned,mi_class,3,-0.0019660064805974487,-0.0014872013946911622,0.4711458333333333
34,2.0,aligned,mi_class,4,0.0009546861009267851,-0.001693244243629965,0.4711458333333333
34,2.0,aligned,mi_class,5,0.002317497156286617,0.001990898327708626,0.4711458333333333
34,2.0,aligned,mi_class,6,-0.0051858780603596345,-0.00021951179160204873,0.4711458333333333
34,2.0,aligned,mi_class,7,0.0011858381193990222,-0.0006121689011100682,0.4711458333333333
34,2.0,aligned,mi_class,8,-0.00045026008252191667,0.000265854544712509,0.4711458333333333
34,2.0,aligned,mi_class,9,-0.0008049893296153865,0.0010788430653527721,0.4711458333333333
34,2.0,aligned,mi_class,10,-0.005153968394477899,0.00017633307133144087,0.4711458333333333
34,2.0,aligned,mi_class,11,-0.11019656430074976,0.6674309219968638,0.4711458333333333
34,2.0,aligned,mi_class,12,-0.016468231582676685,0.349141673573965,0.4711458333333333
34,2.0,aligned,mi_class,13,0.2245175659348374,-0.9625754866163404,0.4711458333333333
34,2.0,aligned,mi_class,14,0.20287776933409601,-0.6084697768236992,0.4711458333333333
34,2.0,aligned,mi_class,15,0.17399582495812232,-0.5048232421173019,0.4711458333333333
34,2.0,aligned,mi_class,16,-0.006842200116875086,0.539331814166557,0.4711458333333333
34,2.0,aligned,mi_class,17,-0.3213464206839828,0.9542109486802188,0.4711458333333333
34,2.0,aligned,mi_class,18,0.10744410248075198,-0.8502164849745643,0.4711458333333333
34,2.0,aligned,mi_class,19,0.12963301852219178,-0.7235330994749152,0.4711458333333333
34,2.0,aligned,mi_class,20,-0.03913424140824709,0.26093983902916457,0.4711458333333333
34,2.0,aligned,mi_class,21,0.004868867722287383,0.0066118504704253105,0.4711458333333333
34,2.0,aligned,mi_class,22,0.2538686624470079,-0.7513954821105578,0.4711458333333333
34,2.0,aligned,mi_class,23,0.29914952751707025,-0.652750818100348,0.4711458333333333
34,2.0,aligned,mi_class,24,0.2558236800988636,-0.564230754003683,0.4711458333333333
34,2.0,aligned,mi_class,25,0.008831269841478417,0.29951450233327376,0.4711458333333333
34,2.0,aligned,mi_class,26,-0.3566759538870321,0.7681648045034194,0.4711458333333333
34,2.0,aligned,mi_class,27,0.05237245839748028,-0.5208981464041664,0.4711458333333333
34,2.0,aligned,mi_class,28,0.12590659747218946,-0.7219838329687805,0.4711458333333333
34,2.0,aligned,mi_class,29,-0.04136801924203731,0.3318012719574441,0.4711458333333333
34,2.0,aligned,mi_class,30,-0.03674237157656343,-0.24774506566342383,0.4711458333333333
34,2.0,aligned,mi_class,31,-0.029617249553141427,-0.0026952455421963986,0.4711458333333333
34,2.0,aligned,mi_class,32,-0.048963014484161016,0.0012996273619948334,0.4711458333333333
34,2.0,aligned,mi_class,33,0.019919957663925833,0.0048915095998213615,0.4711458333333333
34,2.0,aligned,mi_class,34,0.002313118379778323,0.2520806834009938,0.4711458333333333
34,2.0,aligned,mi_class,35,-0.04558349868676942,-0.010156421825485158,0.4711458333333333
34,2.0,aligned,mi_class,36,-0.016957551802030495,0.002139776375743675,0.4711458333333333
34,2.0,aligned,mi_class,37,0.0051346846770179595,-0.007691860571686835,0.4711458333333333
34,2.0,aligned,mi_class,38,-0.08635783937886499,0.6543393146925786,0.4711458333333333
34,2.0,aligned,mi_class,39,-0.06631089546874769,0.47888161000621177,0.4711458333333333
34,2.0,aligned,mi_class,40,-0.027334959009593263,-0.5435173822884455,0.4711458333333333
34,2.0,aligned,mi_class,41,0.12657179529431972,-0.9782085360113526,0.4711458333333333
34,2.0,aligned,mi_class,42,-0.05155057709500799,0.8166241764501029,0.4711458333333333
34,2.0,aligned,mi_class,43,-0.20363896412662397,0.7412031053422541,0.4711458333333333
34,2.0,aligned,mi_class,44,0.02667364847708087,-0.27705878004154894,0.4711458333333333
34,2.0,aligned,mi_class,45,-0.0045356329752176405,0.7609157317041136,0.4711458333333333
34,2.0,aligned,mi_class,46,0.032792302494182135,-0.3252753213840632,0.4711458333333333
34,2.0,aligned,mi_class,47,0.0018354360664524227,-0.6693777859781842,0.4711458333333333
34,2.0,aligned,mi_class,48,-0.09093731774435954,0.6224164982550051,0.4711458333333333
34,2.0,aligned,mi_class,49,-0.3070536534635493,0.8997035348651907,0.4711458333333333
34,2.0,aligned,mi_class,50,0.11621517645917617,-0.5956710335838158,0.4711458333333333
34,2.0,aligned,mi_class,51,0.0032609761622734157,0.02783652011116428,0.4711458333333333
34,2.0,aligned,mi_class,52,0.009539634013675025,-0.48923252922372756,0.4711458333333333
34,2.0,aligned,mi_class,53,-0.06721321982859796,0.385983739851351,0.4711458333333333
34,2.0,aligned,mi_class,54,-0.26969969561216667,0.7804743803993058,0.4711458333333333
34,2.0,aligned,mi_class,55,0.11879159908695369,-0.5957731576827999,0.4711458333333333
34,2.0,aligned,mi_class,56,-0.05970589276793792,0.5557287436605273,0.4711458333333333
34,2.0,aligned,mi_class,57,0.08265874438791732,-0.7047386682082472,0.4711458333333333
34,2.0,aligned,mi_class,58,-0.005040302559096266,-0.41718630523618955,0.4711458333333333
34,2.0,aligned,mi_class,59,0.06242449340341007,-0.02348377495610465,0.4711458333333333
34,2.0,aligned,mi_class,60,0.12701014947799916,-0.8346518582669905,0.4711458333333333
34,2.0,aligned,mi_class,61,0.2597924261808135,-0.7577983810840442,0.4711458333333333
34,2.0,aligned,mi_class,62,-0.060242662129587066,0.2831068712677739,0.4711458333333333
34,2.0,aligned,mi_class,63,-0.12060443011979205,0.7188280231505142,0.4711458333333333
34,2.0,aligned,mi_class,64,0.01068621715398338,-0.21998119398847824,0.4711458333333333
34,2.0,aligned,mi_class,65,0.0774268219647109,-0.45854148401407585,0.4711458333333333
34,2.0,aligned,mi_site,0,0.0016697649435380337,-0.0013078285707157748,0.4711458333333333
34,2.0,aligned,mi_site,1,0.02298239949214097,0.005211762076173523,0.4711458333333333
34,2.0,aligned,mi_site,2,0.034380791618151954,-0.00829587477221354,0.4711458333333333
34,2.0,aligned,mi_site,3,-0.005795136397232459,-0.0014872013946911622,0.4711458333333333
34,2.0,aligned,mi_site,4,-0.0035813820673270616,-0.001693244243629965,0.4711458333333333
34,2.0,aligned,mi_site,5,-0.014158364836168082,0.001990898327708626,0.4711458333333333
34,2.0,aligned,mi_site,6,-0.020876531352404488,-0.00021951179160204873,0.4711458333333333
34,2.0,aligned,mi_site,7,-0.0012679623861746717,-0.0006121689011100682,0.4711458333333333
34,2.0,aligned,mi_site,8,-0.0065665870342727466,0.000265854544712509,0.4711458333333333
34,2.0,aligned,mi_site,9,-0.007966867259722215,0.0010788430653527721,0.4711458333333333
34,2.0,aligned,mi_site,10,-0.0014360755099285276,0.00017633307133144087,0.4711458333333333
34,2.0,aligned,mi_site,11,-0.018737096628179795,0.6674309219968638,0.4711458333333333
34,2.0,aligned,mi_site,12,-0.035843160498027604,0.349141673573965,0.4711458333333333
34,2.0,aligned,mi_site,13,0.0739158776268466,-0.9625754866163404,0.4711458333333333
34,2.0,aligned,mi_site,14,0.03709995855489423,-0.6084697768236992,0.4711458333333333
34,2.0,aligned,mi_site,15,-0.03133677655381384,-0.5048232421173019,0.4711458333333333
34,2.0,aligned,mi_site,16,0.014322870912279462,0.539331814166557,0.4711458333333333
34,2.0,aligned,mi_site,17,-0.03848035322867982,0.9542109486802188,0.4711458333333333
34,2.0,aligned,mi_site,18,0.013840412448222872,-0.8502164849745643,0.4711458333333333
34,2.0,aligned,mi_site,19,0.12137975152492209,-0.7235330994749152,0.4711458333333333
34,2.0,aligned,mi_site,20,-0.012488211614123529,0.26093983902916457,0.4711458333333333
34,2.0,aligned,mi_site,21,0.01461225742963273,0.0066118504704253105,0.4711458333333333
34,2.0,aligned,mi_site,22,0.034367199630264245,-0.7513954821105578,0.4711458333333333
34,2.0,aligned,mi_site,23,0.014238108670422855,-0.652750818100348,0.4711458333333333
34,2.0,aligned,mi_site,24,-0.04635445474124411,-0.564230754003683,0.4711458333333333
34,2.0,aligned,mi_site,25,0.020569600276630684,0.29951450233327376,0.4711458333333333
34,2.0,aligned,mi_site,26,0.004224662558770631,0.7681648045034194,0.4711458333333333
34,2.0,aligned,mi_site,27,-0.04300968326965848,-0.5208981464041664,0.4711458333333333
34,2.0,aligned,mi_site,28,0.11858359881226599,-0.7219838329687805,0.4711458333333333
34,2.0,aligned,mi_site,29,0.0028978225917787315,0.3318012719574441,0.4711458333333333
34,2.0,aligned,mi_site,30,0.005566159455349995,-0.24774506566342383,0.4711458333333333
34,2.0,aligned,mi_site,31,-0.006059161812801383,-0.0026952455421963986,0.4711458333333333
34,2.0,aligned,mi_site,32,-0.035118886454708086,0.0012996273619948334,0.4711458333333333
34,2.0,aligned,mi_site,33,-0.05137689246635247,0.0048915095998213615,0.4711458333333333
34,2.0,aligned,mi_site,34,-0.007767348194283735,0.2520806834009938,0.4711458333333333
34,2.0,aligned,mi_site,35,-0.05526905491945273,-0.010156421825485158,0.4711458333333333
34,2.0,aligned,mi_site,36,-0.009471432372624598,0.002139776375743675,0.4711458333333333
34,2.0,aligned,mi_site,37,-0.005689426848702973,-0.007691860571686835,0.4711458333333333
34,2.0,aligned,mi_site,38,-0.03731444530186012,0.6543393146925786,0.4711458333333333
34,2.0,aligned,mi_site,39,0.040539707945513315,0.47888161000621177,0.4711458333333333
34,2.0,aligned,mi_site,40,-0.014866244060898759,-0.5435173822884455,0.4711458333333333
34,2.0,aligned,mi_site,41,0.023488477441387712,-0.9782085360113526,0.4711458333333333
34,2.0,aligned,mi_site,42,0.0017570355291242068,0.8166241764501029,0.4711458333333333
34,2.0,aligned,mi_site,43,-0.1395101744834063,0.7412031053422541,0.4711458333333333
34,2.0,aligned,mi_site,44,0.016863670406316145,-0.27705878004154894,0.4711458333333333
34,2.0,aligned,mi_site,45,0.02890815870398422,0.7609157317041136,0.4711458333333333
34,2.0,aligned,mi_site,46,-0.03852707923554882,-0.3252753213840632,0.4711458333333333
34,2.0,aligned,mi_site,47,0.009267261450721542,-0.6693777859781842,0.4711458333333333
34,2.0,aligned,mi_site,48,-0.0016844051889474132,0.6224164982550051,0.4711458333333333
34,2.0,aligned,mi_site,49,-0.16636452895442766,0.8997035348651907,0.4711458333333333
34,2.0,aligned,mi_site,50,0.013967043351848951,-0.5956710335838158,0.4711458333333333
34,2.0,aligned,mi_site,51,-0.09979131252676003,0.02783652011116428,0.4711458333333333
34,2.0,aligned,mi_site,52,-0.057785486055622226,-0.48923252922372756,0.4711458333333333
34,2.0,aligned,mi_site,53,0.06177691311989464,0.385983739851351,0.4711458333333333
34,2.0,aligned,mi_site,54,-0.10997819674448928,0.7804743803993058,0.4711458333333333
34,2.0,aligned,mi_site,55,0.005889500920719382,-0.5957731576827999,0.4711458333333333
34,2.0,aligned,mi_site,56,0.0382607118895002,0.5557287436605273,0.4711458333333333
34,2.0,aligned,mi_site,57,-0.08010192650007464,-0.7047386682082472,0.4711458333333333
34,2.0,aligned,mi_site,58,0.023959098531966816,-0.41718630523618955,0.4711458333333333
34,2.0,aligned,mi_site,59,0.012745379529944032,-0.02348377495610465,0.4711458333333333
34,2.0,aligned,mi_site,60,-0.024964950996380963,-0.8346518582669905,0.4711458333333333
34,2.0,aligned,mi_site,61,0.12087903465314542,-0.7577983810840442,0.4711458333333333
34,2.0,aligned,mi_site,62,-0.00974919206406294,0.2831068712677739,0.4711458333333333
34,2.0,aligned,mi_site,63,-0.10078399838792729,0.7188280231505142,0.4711458333333333
34,2.0,aligned,mi_site,64,-0.003012637950690983,-0.21998119398847824,0.4711458333333333
34,2.0,aligned,mi_site,65,0.07898384347165838,-0.45854148401407585,0.4711458333333333
34,2.0,closed,available,0,-0.0005931361587236911,-0.0013078285707157748,0.4711458333333333
34,2.0,closed,available,1,-0.006009274713986621,0.005211762076173523,0.4711458333333333
34,2.0,closed,available,2,-0.008004634478965893,-0.00829587477221354,0.4711458333333333
34,2.0,closed,available,3,0.0010764288910766373,-0.0014872013946911622,0.4711458333333333
34,2.0,closed,available,4,0.0100471254157188,-0.001693244243629965,0.4711458333333333
34,2.0,closed,available,5,-0.0017465211582781968,0.001990898327708626,0.4711458333333333
34,2.0,closed,available,6,-0.006808165543113148,-0.00021951179160204873,0.4711458333333333
34,2.0,closed,available,7,0.009780204954145891,-0.0006121689011100682,0.4711458333333333
34,2.0,closed,available,8,0.0029911080497454414,0.000265854544712509,0.4711458333333333
34,2.0,closed,available,9,-0.001774198960527436,0.0010788430653527721,0.4711458333333333
34,2.0,closed,available,10,-4.314367984310915e-05,0.00017633307133144087,0.4711458333333333
34,2.0,closed,available,11,-0.009374472600405581,0.6674309219968638,0.4711458333333333
34,2.0,closed,available,12,0.01677449341835835,0.349141673573965,0.4711458333333333
34,2.0,closed,available,13,-0.000216935984615918,-0.9625754866163404,0.4711458333333333
34,2.0,closed,available,14,-0.005089092477427171,-0.6084697768236992,0.4711458333333333
34,2.0,closed,available,15,-0.011416903741093942,-0.5048232421173019,0.4711458333333333
34,2.0,closed,available,16,-0.010788772194413876,0.539331814166557,0.4711458333333333
34,2.0,closed,available,17,-6.360407206240648e-05,0.9542109486802188,0.4711458333333333
34,2.0,closed,available,18,0.0013163153385448156,-0.8502164849745643,0.4711458333333333
34,2.0,closed,available,19,-0.0014180490309730898,-0.7235330994749152,0.4711458333333333
34,2.0,closed,available,20,0.006028884880305341,0.26093983902916457,0.4711458333333333
34,2.0,closed,available,21,-0.00645371177766955,0.0066118504704253105,0.4711458333333333
34,2.0,closed,available,22,0.007742628662207429,-0.7513954821105578,0.4711458333333333
34,2.0,closed,available,23,0.012080092574390688,-0.652750818100348,0.4711458333333333
34,2.0,closed,available,24,0.0047759706917255285,-0.564230754003683,0.4711458333333333
34,2.0,closed,available,25,-0.03194852037092161,0.29951450233327376,0.4711458333333333
34,2.0,closed,available,26,-0.011540210039877041,0.7681648045034194,0.4711458333333333
34,2.0,closed,available,27,0.019268262878464948,-0.5208981464041664,0.4711458333333333
34,2.0,closed,available,28,0.011065474962200006,-0.7219838329687805,0.4711458333333333
34,2.0,closed,available,29,-0.012528488610607569,0.3318012719574441,0.4711458333333333
34,2.0,closed,available,30,-0.019725693330476607,-0.24774506566342383,0.4711458333333333
34,2.0,closed,available,31,-0.021204375688166664,-0.0026952455421963986,0.4711458333333333
34,2.0,closed,available,32,-0.00959966508045557,0.0012996273619948334,0.4711458333333333
34,2.0,closed,available,33,0.01668332970168116,0.0048915095998213615,0.4711458333333333
34,2.0,closed,available,34,0.01914566855748362,0.2520806834009938,0.4711458333333333
34,2.0,closed,available,35,0.010328217175009268,-0.010156421825485158,0.4711458333333333
34,2.0,closed,available,36,-0.025929162622019913,0.002139776375743675,0.4711458333333333
34,2.0,closed,available,37,-0.005395629331303204,-0.007691860571686835,0.4711458333333333
34,2.0,closed,available,38,0.004046161239712465,0.6543393146925786,0.4711458333333333
34,2.0,closed,available,39,0.006509679552227421,0.47888161000621177,0.4711458333333333
34,2.0,closed,available,40,0.0042022024560604,-0.5435173822884455,0.4711458333333333
34,2.0,closed,available,41,0.00043318005841908036,-0.9782085360113526,0.4711458333333333
34,2.0,closed,available,42,-0.013201391366423176,0.8166241764501029,0.4711458333333333
34,2.0,closed,available,43,-0.0015007665577240203,0.7412031053422541,0.4711458333333333
34,2.0,closed,available,44,0.0033731951817246864,-0.27705878004154894,0.4711458333333333
34,2.0,closed,available,45,0.0035583405170857008,0.7609157317041136,0.4711458333333333
34,2.0,closed,available,46,0.007094197285413439,-0.3252753213840632,0.4711458333333333
34,2.0,closed,available,47,-0.0031378706550855284,-0.6693777859781842,0.4711458333333333
34,2.0,closed,available,48,-0.013994477173238096,0.6224164982550051,0.4711458333333333
34,2.0,closed,available,49,0.00021501548620195265,0.8997035348651907,0.4711458333333333
34,2.0,closed,available,50,0.003249901468230454,-0.5956710335838158,0.4711458333333333
34,2.0,closed,available,51,-0.004349524004108301,0.02783652011116428,0.4711458333333333
34,2.0,closed,available,52,-0.006841707755822213,-0.48923252922372756,0.4711458333333333
34,2.0,closed,available,53,-0.009044069351246742,0.385983739851351,0.4711458333333333
34,2.0,closed,available,54,0.002990831226387658,0.7804743803993058,0.4711458333333333
34,2.0,closed,available,55,0.001035180167941907,-0.5957731576827999,0.4711458333333333
34,2.0,closed,available,56,-0.005143384392878869,0.5557287436605273,0.4711458333333333
34,2.0,closed,available,57,-0.005085836587249926,-0.7047386682082472,0.4711458333333333
34,2.0,closed,available,58,0.011016262378463704,-0.41718630523618955,0.4711458333333333
34,2.0,closed,available,59,0.0020983502077363027,-0.02348377495610465,0.4711458333333333
34,2.0,closed,available,60,0.01142770841400309,-0.8346518582669905,0.4711458333333333
34,2.0,closed,available,61,0.0011666402760658334,-0.7577983810840442,0.4711458333333333
34,2.0,closed,available,62,-0.0024930998161586393,0.2831068712677739,0.4711458333333333
34,2.0,closed,available,63,-0.0013120813663499709,0.7188280231505142,0.4711458333333333
34,2.0,closed,available,64,0.004227136473899745,-0.21998119398847824,0.4711458333333333
34,2.0,closed,available,65,-0.004191918733873257,-0.45854148401407585,0.4711458333333333
34,2.0,closed,mi_obs,0,0.0017708539300725177,-0.0013078285707157748,0.4711458333333333
34,2.0,closed,mi_obs,1,-0.04660365525252955,0.005211762076173523,0.4711458333333333
34,2.0,closed,mi_obs,2,-0.06587607463953847,-0.00829587477221354,0.4711458333333333
34,2.0,closed,mi_obs,3,0.002550832040418062,-0.0014872013946911622,0.4711458333333333
34,2.0,closed,mi_obs,4,0.011901204643558844,-0.001693244243629965,0.4711458333333333
34,2.0,closed,mi_obs,5,0.017970943894162494,0.001990898327708626,0.4711458333333333
34,2.0,closed,mi_obs,6,0.03568628362069854,-0.00021951179160204873,0.4711458333333333
34,2.0,closed,mi_obs,7,0.013716345273076922,-0.0006121689011100682,0.4711458333333333
34,2.0,closed,mi_obs,8,0.006296873027131745,0.000265854544712509,0.4711458333333333
34,2.0,closed,mi_obs,9,0.002003158285265653,0.0010788430653527721,0.4711458333333333
34,2.0,closed,mi_obs,10,-0.0016460782202597371,0.00017633307133144087,0.4711458333333333
34,2.0,closed,mi_obs,11,0.04742107449706001,0.6674309219968638,0.4711458333333333
34,2.0,closed,mi_obs,12,0.039764360917721175,0.349141673573965,0.4711458333333333
34,2.0,closed,mi_obs,13,-0.0026275843846861324,-0.9625754866163404,0.4711458333333333
34,2.0,closed,mi_obs,14,0.029481371459079586,-0.6084697768236992,0.4711458333333333
34,2.0,closed,mi_obs,15,-0.0828170742494222,-0.5048232421173019,0.4711458333333333
34,2.0,closed,mi_obs,16,0.03823324437931519,0.539331814166557,0.4711458333333333
34,2.0,closed,mi_obs,17,0.002513405524257384,0.9542109486802188,0.4711458333333333
34,2.0,closed,mi_obs,18,-0.03436786854904228,-0.8502164849745643,0.4711458333333333
34,2.0,closed,mi_obs,19,-0.020928182831503217,-0.7235330994749152,0.4711458333333333
34,2.0,closed,mi_obs,20,0.00983678578085867,0.26093983902916457,0.4711458333333333
34,2.0,closed,mi_obs,21,0.01311488448636553,0.0066118504704253105,0.4711458333333333
34,2.0,closed,mi_obs,22,-0.03304173729077908,-0.7513954821105578,0.4711458333333333
34,2.0,closed,mi_obs,23,-0.00877297529469978,-0.652750818100348,0.4711458333333333
34,2.0,closed,mi_obs,24,-0.0891401422348036,-0.564230754003683,0.4711458333333333
34,2.0,closed,mi_obs,25,0.03936630106447342,0.29951450233327376,0.4711458333333333
34,2.0,closed,mi_obs,26,0.052968289921419554,0.7681648045034194,0.4711458333333333
34,2.0,closed,mi_obs,27,-0.06480634717172473,-0.5208981464041664,0.4711458333333333
34,2.0,closed,mi_obs,28,-0.0490522183851656,-0.7219838329687805,0.4711458333333333
34,2.0,closed,mi_obs,29,0.025938881396219193,0.3318012719574441,0.4711458333333333
34,2.0,closed,mi_obs,30,-0.038636257357604536,-0.24774506566342383,0.4711458333333333
34,2.0,closed,mi_obs,31,-0.005650500728353305,-0.0026952455421963986,0.4711458333333333
34,2.0,closed,mi_obs,32,-0.05726358067232241,0.0012996273619948334,0.4711458333333333
34,2.0,closed,mi_obs,33,-0.07217551551220829,0.0048915095998213615,0.4711458333333333
34,2.0,closed,mi_obs,34,0.03193228590841912,0.2520806834009938,0.4711458333333333
34,2.0,closed,mi_obs,35,-0.07717494370551872,-0.010156421825485158,0.4711458333333333
34,2.0,closed,mi_obs,36,-0.004322674306687732,0.002139776375743675,0.4711458333333333
34,2.0,closed,mi_obs,37,-0.003044885721500974,-0.007691860571686835,0.4711458333333333
34,2.0,closed,mi_obs,38,-0.033428648840829855,0.6543393146925786,0.4711458333333333
34,2.0,closed,mi_obs,39,0.08349173519711306,0.47888161000621177,0.4711458333333333
34,2.0,closed,mi_obs,40,-0.027194840621722283,-0.5435173822884455,0.4711458333333333
34,2.0,closed,mi_obs,41,-0.00433131806775211,-0.9782085360113526,0.4711458333333333
34,2.0,closed,mi_obs,42,0.024903864640745788,0.8166241764501029,0.4711458333333333
34,2.0,closed,mi_obs,43,0.0067982969737049315,0.7412031053422541,0.4711458333333333
34,2.0,closed,mi_obs,44,0.0001569983502108796,-0.27705878004154894,0.4711458333333333
34,2.0,closed,mi_obs,45,0.04552319806116578,0.7609157317041136,0.4711458333333333
34,2.0,closed,mi_obs,46,-0.02353680651611928,-0.3252753213840632,0.4711458333333333
34,2.0,closed,mi_obs,47,0.02160964147762645,-0.6693777859781842,0.4711458333333333
34,2.0,closed,mi_obs,48,-0.028932534804658627,0.6224164982550051,0.4711458333333333
34,2.0,closed,mi_obs,49,0.012773755661472874,0.8997035348651907,0.4711458333333333
34,2.0,closed,mi_obs,50,-0.027719299015268484,-0.5956710335838158,0.4711458333333333
34,2.0,closed,mi_obs,51,-0.11715338824337093,0.02783652011116428,0.4711458333333333
34,2.0,closed,mi_obs,52,-0.08301639117680754,-0.48923252922372756,0.4711458333333333
34,2.0,closed,mi_obs,53,0.07861499873005467,0.385983739851351,0.4711458333333333
34,2.0,closed,mi_obs,54,0.06117647209062227,0.7804743803993058,0.4711458333333333
34,2.0,closed,mi_obs,55,-0.018160471669693257,-0.5957731576827999,0.4711458333333333
34,2.0,closed,mi_obs,56,0.0350597489176252,0.5557287436605273,0.4711458333333333
34,2.0,closed,mi_obs,57,-0.09090305815704991,-0.7047386682082472,0.4711458333333333
34,2.0,closed,mi_obs,58,-0.06761773711996932,-0.41718630523618955,0.4711458333333333
34,2.0,closed,mi_obs,59,0.021313137542864433,-0.02348377495610465,0.4711458333333333
34,2.0,closed,mi_obs,60,-0.027868322951311364,-0.8346518582669905,0.4711458333333333
34,2.0,closed,mi_obs,61,-0.01558061412141487,-0.7577983810840442,0.4711458333333333
34,2.0,closed,mi_obs,62,0.0038358232818831994,0.2831068712677739,0.4711458333333333
34,2.0,closed,mi_obs,63,0.028984262590142973,0.7188280231505142,0.4711458333333333
34,2.0,closed,mi_obs,64,-0.002259932176680135,-0.21998119398847824,0.4711458333333333
34,2.0,closed,mi_obs,65,-0.009784067985020961,-0.45854148401407585,0.4711458333333333
34,2.0,closed,mi_class,0,-0.06938453392067842,-0.0013078285707157748,0.4711458333333333
34,2.0,closed,mi_class,1,0.0011965866674545017,0.005211762076173523,0.4711458333333333
34,2.0,closed,mi_class,2,0.004146116808207353,-0.00829587477221354,0.4711458333333333
34,2.0,closed,mi_class,3,-0.0023628253762986717,-0.0014872013946911622,0.4711458333333333
34,2.0,closed,mi_class,4,0.004441762298058152,-0.001693244243629965,0.4711458333333333
34,2.0,closed,mi_class,5,-0.005786923430371142,0.001990898327708626,0.4711458333333333
34,2.0,closed,mi_class,6,0.0006913932109321817,-0.00021951179160204873,0.4711458333333333
34,2.0,closed,mi_class,7,0.0060791393667206746,-0.0006121689011100682,0.4711458333333333
34,2.0,closed,mi_class,8,0.009850586360077719,0.000265854544712509,0.4711458333333333
34,2.0,closed,mi_class,9,-0.005279080437607404,0.0010788430653527721,0.4711458333333333
34,2.0,closed,mi_class,10,-0.00017627894730257206,0.00017633307133144087,0.4711458333333333
34,2.0,closed,mi_class,11,-0.12127470852330591,0.6674309219968638,0.4711458333333333
34,2.0,closed,mi_class,12,-0.014548192456285247,0.349141673573965,0.4711458333333333
34,2.0,closed,mi_class,13,0.2945211763829545,-0.9625754866163404,0.4711458333333333
34,2.0,closed,mi_class,14,0.20243153071597492,-0.6084697768236992,0.4711458333333333
34,2.0,closed,mi_class,15,0.16238873128996378,-0.5048232421173019,0.4711458333333333
34,2.0,closed,mi_class,16,-0.1553718051674121,0.539331814166557,0.4711458333333333
34,2.0,closed,mi_class,17,-0.32610097867007337,0.9542109486802188,0.4711458333333333
34,2.0,closed,mi_class,18,0.11338138098189299,-0.8502164849745643,0.4711458333333333
34,2.0,closed,mi_class,19,0.08840827169155285,-0.7235330994749152,0.4711458333333333
34,2.0,closed,mi_class,20,-0.4209943374592829,0.26093983902916457,0.4711458333333333
34,2.0,closed,mi_class,21,0.0034917229380478244,0.0066118504704253105,0.4711458333333333
34,2.0,closed,mi_class,22,0.29448369610697617,-0.7513954821105578,0.4711458333333333
34,2.0,closed,mi_class,23,0.3074677401883856,-0.652750818100348,0.4711458333333333
34,2.0,closed,mi_class,24,0.2644850043961294,-0.564230754003683,0.4711458333333333
34,2.0,closed,mi_class,25,-0.11157686506112166,0.29951450233327376,0.4711458333333333
34,2.0,closed,mi_class,26,-0.36056882249840017,0.7681648045034194,0.4711458333333333
34,2.0,closed,mi_class,27,0.06186776148475254,-0.5208981464041664,0.4711458333333333
34,2.0,closed,mi_class,28,0.0923160996097182,-0.7219838329687805,0.4711458333333333
34,2.0,closed,mi_class,29,-0.33179214734811585,0.3318012719574441,0.4711458333333333
34,2.0,closed,mi_class,30,0.010746400763030572,-0.24774506566342383,0.4711458333333333
34,2.0,closed,mi_class,31,0.01987835170835138,-0.0026952455421963986,0.4711458333333333
34,2.0,closed,mi_class,32,-0.0028846080999104613,0.0012996273619948334,0.4711458333333333
34,2.0,closed,mi_class,33,0.005587371872750749,0.0048915095998213615,0.4711458333333333
34,2.0,closed,mi_class,34,-0.018460052988759662,0.2520806834009938,0.4711458333333333
34,2.0,closed,mi_class,35,-0.04172183911850957,-0.010156421825485158,0.4711458333333333
34,2.0,closed,mi_class,36,-0.007547370718240031,0.002139776375743675,0.4711458333333333
34,2.0,closed,mi_class,37,0.007691224140698672,-0.007691860571686835,0.4711458333333333
34,2.0,closed,mi_class,38,-0.16298242988694123,0.6543393146925786,0.4711458333333333
34,2.0,closed,mi_class,39,-0.11596299272249605,0.47888161000621177,0.4711458333333333
34,2.0,closed,mi_class,40,0.2342723408278225,-0.5435173822884455,0.4711458333333333
34,2.0,closed,mi_class,41,0.2429320049763135,-0.9782085360113526,0.4711458333333333
34,2.0,closed,mi_class,42,-0.12587546573487662,0.8166241764501029,0.4711458333333333
34,2.0,closed,mi_class,43,-0.21410152985110564,0.7412031053422541,0.4711458333333333
34,2.0,closed,mi_class,44,0.27705193899029373,-0.27705878004154894,0.4711458333333333
34,2.0,closed,mi_class,45,0.006580690949942403,0.7609157317041136,0.4711458333333333
34,2.0,closed,mi_class,46,0.01469618706437159,-0.3252753213840632,0.4711458333333333
34,2.0,closed,mi_class,47,-0.0035991311764361766,-0.6693777859781842,0.4711458333333333
34,2.0,closed,mi_class,48,-0.11114322381186847,0.6224164982550051,0.4711458333333333
34,2.0,closed,mi_class,49,-0.2582862190659265,0.8997035348651907,0.4711458333333333
34,2.0,closed,mi_class,50,0.5956562867033094,-0.5956710335838158,0.4711458333333333
34,2.0,closed,mi_class,51,-0.00511629454162112,0.02783652011116428,0.4711458333333333
34,2.0,closed,mi_class,52,-0.005728762717093661,-0.48923252922372756,0.4711458333333333
34,2.0,closed,mi_class,53,-0.06833056168154328,0.385983739851351,0.4711458333333333
34,2.0,closed,mi_class,54,-0.22272727854376861,0.7804743803993058,0.4711458333333333
34,2.0,closed,mi_class,55,0.5957585558138494,-0.5957731576827999,0.4711458333333333
34,2.0,closed,mi_class,56,-0.025854256953248278,0.5557287436605273,0.4711458333333333
34,2.0,closed,mi_class,57,0.09755062248956614,-0.7047386682082472,0.4711458333333333
34,2.0,closed,mi_class,58,0.10590681538077784,-0.41718630523618955,0.4711458333333333
34,2.0,closed,mi_class,59,0.02348362332457382,-0.02348377495610465,0.4711458333333333
34,2.0,closed,mi_class,60,0.14111107100921738,-0.8346518582669905,0.4711458333333333
34,2.0,closed,mi_class,61,0.21983048662165283,-0.7577983810840442,0.4711458333333333
34,2.0,closed,mi_class,62,-0.2830999719756789,0.2831068712677739,0.4711458333333333
34,2.0,closed,mi_class,63,-0.07067848058560866,0.7188280231505142,0.4711458333333333
34,2.0,closed,mi_class,64,0.2199753352937442,-0.21998119398847824,0.4711458333333333
34,2.0,closed,mi_class,65,0.6013529108259481,-0.45854148401407585,0.4711458333333333
34,2.0,closed,mi_site,0,0.0008753280067677612,-0.0013078285707157748,0.4711458333333333
34,2.0,closed,mi_site,1,-0.026575171146487594,0.005211762076173523,0.4711458333333333
34,2.0,closed,mi_site,2,-0.051836793650106856,-0.00829587477221354,0.4711458333333333
34,2.0,closed,mi_site,3,0.0014824306446822254,-0.0014872013946911622,0.4711458333333333
34,2.0,closed,mi_site,4,0.008363332926311338,-0.001693244243629965,0.4711458333333333
34,2.0,closed,mi_site,5,0.0014949028019108214,0.001990898327708626,0.4711458333333333
34,2.0,closed,mi_site,6,0.007163515470134705,-0.00021951179160204873,0.4711458333333333
34,2.0,closed,mi_site,7,0.007328010988351592,-0.0006121689011100682,0.4711458333333333
34,2.0,closed,mi_site,8,-0.005590852480626448,0.000265854544712509,0.4711458333333333
34,2.0,closed,mi_site,9,-0.008636846486492735,0.0010788430653527721,0.4711458333333333
34,2.0,closed,mi_site,10,-0.0003734915281570388,0.00017633307133144087,0.4711458333333333
34,2.0,closed,mi_site,11,0.04745903964016007,0.6674309219968638,0.4711458333333333
34,2.0,closed,mi_site,12,0.04578390796105697,0.349141673573965,0.4711458333333333
34,2.0,closed,mi_site,13,-5.12577481621701e-05,-0.9625754866163404,0.4711458333333333
34,2.0,closed,mi_site,14,0.016916491102705544,-0.6084697768236992,0.4711458333333333
34,2.0,closed,mi_site,15,-0.08524372291594429,-0.5048232421173019,0.4711458333333333
34,2.0,closed,mi_site,16,0.030771679830550847,0.539331814166557,0.4711458333333333
34,2.0,closed,mi_site,17,-0.0005430908130913403,0.9542109486802188,0.4711458333333333
34,2.0,closed,mi_site,18,-0.02997446445388008,-0.8502164849745643,0.4711458333333333
34,2.0,closed,mi_site,19,-0.021965573597511723,-0.7235330994749152,0.4711458333333333
34,2.0,closed,mi_site,20,0.011688126473744231,0.26093983902916457,0.4711458333333333
34,2.0,closed,mi_site,21,0.05125800918924613,0.0066118504704253105,0.4711458333333333
34,2.0,closed,mi_site,22,-0.029680562266892974,-0.7513954821105578,0.4711458333333333
34,2.0,closed,mi_site,23,-0.014394431943479002,-0.652750818100348,0.4711458333333333
34,2.0,closed,mi_site,24,-0.08508980102928454,-0.564230754003683,0.4711458333333333
34,2.0,closed,mi_site,25,0.03283767458301923,0.29951450233327376,0.4711458333333333
34,2.0,closed,mi_site,26,0.04395409106045234,0.7681648045034194,0.4711458333333333
34,2.0,closed,mi_site,27,-0.059714939813645396,-0.5208981464041664,0.4711458333333333
34,2.0,closed,mi_site,28,-0.04186582325443311,-0.7219838329687805,0.4711458333333333
34,2.0,closed,mi_site,29,0.02305392000470008,0.3318012719574441,0.4711458333333333
34,2.0,closed,mi_site,30,-0.0447948859236412,-0.24774506566342383,0.4711458333333333
34,2.0,closed,mi_site,31,-0.006650767798647503,-0.0026952455421963986,0.4711458333333333
34,2.0,closed,mi_site,32,-0.06273910423665839,0.0012996273619948334,0.4711458333333333
34,2.0,closed,mi_site,33,-0.05894446119364225,0.0048915095998213615,0.4711458333333333
34,2.0,closed,mi_site,34,0.03812535675649176,0.2520806834009938,0.4711458333333333
34,2.0,closed,mi_site,35,-0.08629572660827955,-0.010156421825485158,0.4711458333333333
34,2.0,closed,mi_site,36,-0.017948928902329523,0.002139776375743675,0.4711458333333333
34,2.0,closed,mi_site,37,-0.002854345652139446,-0.007691860571686835,0.4711458333333333
34,2.0,closed,mi_site,38,-0.025519161721536676,0.6543393146925786,0.4711458333333333
34,2.0,closed,mi_site,39,0.07851693014089667,0.47888161000621177,0.4711458333333333
34,2.0,closed,mi_site,40,-0.02149667997051885,-0.5435173822884455,0.4711458333333333
34,2.0,closed,mi_site,41,-0.003491428618844772,-0.9782085360113526,0.4711458333333333
34,2.0,closed,mi_site,42,0.019432421805628874,0.8166241764501029,0.4711458333333333
34,2.0,closed,mi_site,43,0.004675833069837321,0.7412031053422541,0.4711458333333333
34,2.0,closed,mi_site,44,0.0018421526207759165,-0.27705878004154894,0.4711458333333333
34,2.0,closed,mi_site,45,0.045798638033192396,0.7609157317041136,0.4711458333333333
34,2.0,closed,mi_site,46,-0.026119988397955318,-0.3252753213840632,0.4711458333333333
34,2.0,closed,mi_site,47,0.01579084369184558,-0.6693777859781842,0.4711458333333333
34,2.0,closed,mi_site,48,-0.02024725928483828,0.6224164982550051,0.4711458333333333
34,2.0,closed,mi_site,49,0.0131776798440576,0.8997035348651907,0.4711458333333333
34,2.0,closed,mi_site,50,-0.023004445343296154,-0.5956710335838158,0.4711458333333333
34,2.0,closed,mi_site,51,-0.11400241452789521,0.02783652011116428,0.4711458333333333
34,2.0,closed,mi_site,52,-0.07774748983461538,-0.48923252922372756,0.4711458333333333
34,2.0,closed,mi_site,53,0.08072527478118052,0.385983739851351,0.4711458333333333
34,2.0,closed,mi_site,54,0.055777892680737295,0.7804743803993058,0.4711458333333333
34,2.0,closed,mi_site,55,-0.010696523246143008,-0.5957731576827999,0.4711458333333333
34,2.0,closed,mi_site,56,0.02663873099271652,0.5557287436605273,0.4711458333333333
34,2.0,closed,mi_site,57,-0.07376963972079476,-0.7047386682082472,0.4711458333333333
34,2.0,closed,mi_site,58,-0.06166433833012236,-0.41718630523618955,0.4711458333333333
34,2.0,closed,mi_site,59,0.025288428324328517,-0.02348377495610465,0.4711458333333333
34,2.0,closed,mi_site,60,-0.020502462191423265,-0.8346518582669905,0.4711458333333333
34,2.0,closed,mi_site,61,-0.011379039278132663,-0.7577983810840442,0.4711458333333333
34,2.0,closed,mi_site,62,0.0002609241318282107,0.2831068712677739,0.4711458333333333
34,2.0,closed,mi_site,63,0.02795380057266339,0.7188280231505142,0.4711458333333333
34,2.0,closed,mi_site,64,-0.0035052441603684037,-0.21998119398847824,0.4711458333333333
34,2.0,closed,mi_site,65,-0.008141891233093002,-0.45854148401407585,0.4711458333333333
