rep,gamma,alignment,estimator,pair,signed_err,truth,miss_rate
38,0.0,aligned,available,0,0.002555756011234145,0.42489966141233976,0.46870416666666664
38,0.0,aligned,available,1,-0.0031654014892252835,0.7284128874823043,0.46870416666666664
38,0.0,aligned,available,2,0.008312597893576412,-0.29916741177643896,0.46870416666666664
38,0.0,aligned,available,3,0.00402493999069032,-0.005266694851109669,0.46870416666666664
38,0.0,aligned,available,4,0.0004941281022616366,-0.005476446458565636,0.46870416666666664
38,0.0,aligned,available,5,0.012163173709078712,-0.6141764189837297,0.46870416666666664
38,0.0,aligned,available,6,-0.0013711017752690013,0.8232671253270688,0.46870416666666664
38,0.0,aligned,available,7,0.002232874181662716,0.00338299773774958,0.46870416666666664
38,0.0,aligned,available,8,0.004558703475337045,0.758499397187242,0.46870416666666664
38,0.0,aligned,available,9,0.008112300470094813,-0.6036350026203137,0.46870416666666664
38,0.0,aligned,available,10,0.005388130221772314,-0.6796915262869123,0.46870416666666664
38,0.0,aligned,available,11,0.010155972868273855,0.42526633624477267,0.46870416666666664
38,0.0,aligned,available,12,-0.004664538028646192,-0.7878938529213861,0.46870416666666664
38,0.0,aligned,available,13,-0.006203221413468296,-0.38594292707616745,0.46870416666666664
38,0.0,aligned,available,14,-0.011833330710450729,-0.3127812074993462,0.46870416666666664
38,0.0,aligned,available,15,0.00674600133869685,-0.3068963603186883,0.46870416666666664
38,0.0,aligned,available,16,-0.01434615631960362,0.39184078311293624,0.46870416666666664
38,0.0,aligned,available,17,0.00536420429318657,0.48299798778754727,0.46870416666666664
38,0.0,aligned,available,18,-0.0014896144007380263,0.5586144206179086,0.46870416666666664
38,0.0,aligned,available,19,0.009937400184234835,-0.49745264047539967,0.46870416666666664
38,0.0,aligned,available,20,0.0001945615282564206,-0.3355699260224033,0.46870416666666664
38,0.0,aligned,available,21,-0.0004074066455372338,-0.3018668080470869,0.46870416666666664
38,0.0,aligned,available,22,0.004955798867464813,-0.006237863382135872,0.46870416666666664
38,0.0,aligned,available,23,0.01091822873023248,-0.004117694312609421,0.46870416666666664
38,0.0,aligned,available,24,-0.0032691527753430094,-0.6162909581994429,0.46870416666666664
38,0.0,aligned,available,25,-0.0035621763692360586,0.7687347205212792,0.46870416666666664
38,0.0,aligned,available,26,-0.0040494467042613775,0.0035337800123107534,0.46870416666666664
38,0.0,aligned,available,27,0.007779877429149207,0.7567777424362137,0.46870416666666664
38,0.0,aligned,available,28,-0.002019499369739053,-0.44528829462617964,0.46870416666666664
38,0.0,aligned,available,29,-0.004900102846139842,-0.6820902552945948,0.46870416666666664
38,0.0,aligned,available,30,0.0106143731186535,0.10740908112838285,0.46870416666666664
38,0.0,aligned,available,31,0.016027878542285903,-0.03341782527937608,0.46870416666666664
38,0.0,aligned,available,32,0.015178486299725041,0.21811319355377673,0.46870416666666664
38,0.0,aligned,available,33,0.0185837959572982,-0.2733635828346696,0.46870416666666664
38,0.0,aligned,available,34,-0.011233040034719921,-0.4933960201767609,0.46870416666666664
38,0.0,aligned,available,35,-0.018078844835858865,-0.39830037085983144,0.46870416666666664
38,0.0,aligned,available,36,0.015765059407383653,0.25058797289512935,0.46870416666666664
38,0.0,aligned,available,37,-0.0008448407930408963,0.2384020708314162,0.46870416666666664
38,0.0,aligned,available,38,-0.0012094619035390997,0.8230888727134693,0.46870416666666664
38,0.0,aligned,available,39,-0.0027996976181565514,0.006806758333330315,0.46870416666666664
38,0.0,aligned,available,40,0.008638121662455048,-0.0022709398415304196,0.46870416666666664
38,0.0,aligned,available,41,0.004526369815898379,-0.7873535160805802,0.46870416666666664
38,0.0,aligned,available,42,0.04748735684024514,-0.003187813272951904,0.46870416666666664
38,0.0,aligned,available,43,-0.00012009278673752455,0.6191307436991031,0.46870416666666664
38,0.0,aligned,available,44,-0.0057813916496906375,0.0020266373205634074,0.46870416666666664
38,0.0,aligned,available,45,0.0038770257422292755,0.005546864010043008,0.46870416666666664
38,0.0,aligned,available,46,0.0010925395796199276,-0.0038645347533961937,0.46870416666666664
38,0.0,aligned,available,47,-0.002393728100972159,-0.6464406426281678,0.46870416666666664
38,0.0,aligned,available,48,0.06036195759182137,-0.0020678975302198823,0.46870416666666664
38,0.0,aligned,available,49,-0.0007655462288025383,0.5102896519430373,0.46870416666666664
38,0.0,aligned,available,50,-0.0011260424702992718,0.002757634053877123,0.46870416666666664
38,0.0,aligned,available,51,-0.001211370436553394,-0.5650784182302282,0.46870416666666664
38,0.0,aligned,available,52,0.004048186524434514,-0.003416042172294181,0.46870416666666664
38,0.0,aligned,available,53,0.002630299152155735,-0.8110389877581027,0.46870416666666664
38,0.0,aligned,available,54,-0.011674924775596673,0.37557900401258165,0.46870416666666664
38,0.0,aligned,available,55,-0.0023655478069631863,0.9034229024220819,0.46870416666666664
38,0.0,aligned,available,56,0.0004813101086575946,-0.0015087307531490787,0.46870416666666664
38,0.0,aligned,available,57,0.0007615001568122004,0.6979578092064345,0.46870416666666664
38,0.0,aligned,available,58,0.009222772160222659,-0.4963349109122343,0.46870416666666664
38,0.0,aligned,available,59,-0.0018438400678434386,-0.6257870273288845,0.46870416666666664
38,0.0,aligned,available,60,-0.03928792679861479,0.00010693529289936838,0.46870416666666664
38,0.0,aligned,available,61,-0.0029016551830676196,-0.4914560919433029,0.46870416666666664
38,0.0,aligned,available,62,0.003403647813136653,-0.0009001106610424166,0.46870416666666664
38,0.0,aligned,available,63,0.0134268822799401,-0.45883290999151316,0.46870416666666664
38,0.0,aligned,available,64,-0.0016312006364658238,-0.8969587652119285,0.46870416666666664
38,0.0,aligned,available,65,-0.011542690345499373,0.41175494113001526,0.46870416666666664
38,0.0,aligned,mi_obs,0,0.019941564235122167,0.42489966141233976,0.46870416666666664
38,0.0,aligned,mi_obs,1,0.058672809106301904,0.7284128874823043,0.46870416666666664
38,0.0,aligned,mi_obs,2,-0.03407972124462988,-0.29916741177643896,0.46870416666666664
38,0.0,aligned,mi_obs,3,-0.009585908498668267,-0.005266694851109669,0.46870416666666664
38,0.0,aligned,mi_obs,4,-0.018470862307139253,-0.005476446458565636,0.46870416666666664
38,0.0,aligned,mi_obs,5,-0.03259086244623377,-0.6141764189837297,0.46870416666666664
38,0.0,aligned,mi_obs,6,0.06323395796359566,0.8232671253270688,0.46870416666666664
38,0.0,aligned,mi_obs,7,-0.016295125390322993,0.00338299773774958,0.46870416666666664
38,0.0,aligned,mi_obs,8,0.031975952936349694,0.758499397187242,0.46870416666666664
38,0.0,aligned,mi_obs,9,-0.04226664630812105,-0.6036350026203137,0.46870416666666664
38,0.0,aligned,mi_obs,10,-0.012632323136575696,-0.6796915262869123,0.46870416666666664
38,0.0,aligned,mi_obs,11,0.03709722547840327,0.42526633624477267,0.46870416666666664
38,0.0,aligned,mi_obs,12,-0.04532443932058505,-0.7878938529213861,0.46870416666666664
38,0.0,aligned,mi_obs,13,-0.008993912697562723,-0.38594292707616745,0.46870416666666664
38,0.0,aligned,mi_obs,14,-0.020299328477433654,-0.3127812074993462,0.46870416666666664
38,0.0,aligned,mi_obs,15,-0.02192626115660723,-0.3068963603186883,0.46870416666666664
38,0.0,aligned,mi_obs,16,0.026379536154342076,0.39184078311293624,0.46870416666666664
38,0.0,aligned,mi_obs,17,0.005010185415252222,0.48299798778754727,0.46870416666666664
38,0.0,aligned,mi_obs,18,0.009995285478116678,0.5586144206179086,0.46870416666666664
38,0.0,aligned,mi_obs,19,-0.023980005789021652,-0.49745264047539967,0.46870416666666664
38,0.0,aligned,mi_obs,20,-0.009017946237918073,-0.3355699260224033,0.46870416666666664
38,0.0,aligned,mi_obs,21,-0.04375307722265587,-0.3018668080470869,0.46870416666666664
38,0.0,aligned,mi_obs,22,-0.020049690837628743,-0.006237863382135872,0.46870416666666664
38,0.0,aligned,mi_obs,23,-0.005627522833650058,-0.004117694312609421,0.46870416666666664
38,0.0,aligned,mi_obs,24,-0.07576310972390232,-0.6162909581994429,0.46870416666666664
38,0.0,aligned,mi_obs,25,0.10463969290099029,0.7687347205212792,0.46870416666666664
38,0.0,aligned,mi_obs,26,-0.011132233105662956,0.0035337800123107534,0.46870416666666664
38,0.0,aligned,mi_obs,27,0.06716485437256803,0.7567777424362137,0.46870416666666664
38,0.0,aligned,mi_obs,28,-0.06347648810004786,-0.44528829462617964,0.46870416666666664
38,0.0,aligned,mi_obs,29,-0.058075631241044645,-0.6820902552945948,0.46870416666666664
38,0.0,aligned,mi_obs,30,0.010977571693321142,0.10740908112838285,0.46870416666666664
38,0.0,aligned,mi_obs,31,0.03302615070064036,-0.03341782527937608,0.46870416666666664
38,0.0,aligned,mi_obs,32,0.019609062774567615,0.21811319355377673,0.46870416666666664
38,0.0,aligned,mi_obs,33,-0.04776674727473218,-0.2733635828346696,0.46870416666666664
38,0.0,aligned,mi_obs,34,-0.040717324643254615,-0.4933960201767609,0.46870416666666664
38,0.0,aligned,mi_obs,35,-0.016373635673186393,-0.39830037085983144,0.46870416666666664
38,0.0,aligned,mi_obs,36,0.007918983080700992,0.25058797289512935,0.46870416666666664
38,0.0,aligned,mi_obs,37,0.0053781572538086075,0.2384020708314162,0.46870416666666664
38,0.0,aligned,mi_obs,38,0.0199247167165999,0.8230888727134693,0.46870416666666664
38,0.0,aligned,mi_obs,39,0.0019533674334655917,0.006806758333330315,0.46870416666666664
38,0.0,aligned,mi_obs,40,0.0077298899035879885,-0.0022709398415304196,0.46870416666666664
38,0.0,aligned,mi_obs,41,0.015606528631199601,-0.7873535160805802,0.46870416666666664
38,0.0,aligned,mi_obs,42,9.087036641024704e-05,-0.003187813272951904,0.46870416666666664
38,0.0,aligned,mi_obs,43,0.04579983210879168,0.6191307436991031,0.46870416666666664
38,0.0,aligned,mi_obs,44,-0.0038806130761834924,0.0020266373205634074,0.46870416666666664
38,0.0,aligned,mi_obs,45,0.0072025562042881235,0.005546864010043008,0.46870416666666664
38,0.0,aligned,mi_obs,46,-0.00760428199153357,-0.0038645347533961937,0.46870416666666664
38,0.0,aligned,mi_obs,47,0.0137803775379709,-0.6464406426281678,0.46870416666666664
38,0.0,aligned,mi_obs,48,0.009769669625911297,-0.0020678975302198823,0.46870416666666664
38,0.0,aligned,mi_obs,49,0.02330593696187433,0.5102896519430373,0.46870416666666664
38,0.0,aligned,mi_obs,50,0.002842319187882764,0.002757634053877123,0.46870416666666664
38,0.0,aligned,mi_obs,51,-0.04710221752404686,-0.5650784182302282,0.46870416666666664
38,0.0,aligned,mi_obs,52,0.021521766450398057,-0.003416042172294181,0.46870416666666664
38,0.0,aligned,mi_obs,53,-0.05133407266358292,-0.8110389877581027,0.46870416666666664
38,0.0,aligned,mi_obs,54,0.028553878277120803,0.37557900401258165,0.46870416666666664
38,0.0,aligned,mi_obs,55,0.0368033945110019,0.9034229024220819,0.46870416666666664
38,0.0,aligned,mi_obs,56,-0.020961556463394187,-0.0015087307531490787,0.46870416666666664
38,0.0,aligned,mi_obs,57,0.026605758366816112,0.6979578092064345,0.46870416666666664
38,0.0,aligned,mi_obs,58,-0.02641037995487744,-0.4963349109122343,0.46870416666666664
38,0.0,aligned,mi_obs,59,-0.03135781345255506,-0.6257870273288845,0.46870416666666664
38,0.0,aligned,mi_obs,60,-0.001307636698628989,0.00010693529289936838,0.46870416666666664
38,0.0,aligned,mi_obs,61,0.023864718572273236,-0.4914560919433029,0.46870416666666664
38,0.0,aligned,mi_obs,62,0.025013039773296213,-0.0009001106610424166,0.46870416666666664
38,0.0,aligned,mi_obs,63,-0.009292455998338167,-0.45883290999151316,0.46870416666666664
38,0.0,aligned,mi_obs,64,-0.020878805737309714,-0.8969587652119285,0.46870416666666664
38,0.0,aligned,mi_obs,65,0.010413690937314202,0.41175494113001526,0.46870416666666664
38,0.0,aligned,mi_class,0,-0.015522740233044396,0.42489966141233976,0.46870416666666664
38,0.0,aligned,mi_class,1,-0.07607121259277327,0.7284128874823043,0.46870416666666664
38,0.0,aligned,mi_class,2,0.023309439210673688,-0.29916741177643896,0.46870416666666664
38,0.0,aligned,mi_class,3,0.14810481902417955,-0.005266694851109669,0.46870416666666664
38,0.0,aligned,mi_class,4,0.004610979628067723,-0.005476446458565636,0.46870416666666664
38,0.0,aligned,mi_class,5,0.12397968743566928,-0.6141764189837297,0.46870416666666664
38,0.0,aligned,mi_class,6,0.00871993245648417,0.8232671253270688,0.46870416666666664
38,0.0,aligned,mi_class,7,-0.003930566556381963,0.00338299773774958,0.46870416666666664
38,0.0,aligned,mi_class,8,-0.23978401391970405,0.758499397187242,0.46870416666666664
38,0.0,aligned,mi_class,9,0.016571651188519554,-0.6036350026203137,0.46870416666666664
38,0.0,aligned,mi_class,10,0.014184131058052718,-0.6796915262869123,0.46870416666666664
38,0.0,aligned,mi_class,11,-0.012729937430366434,0.42526633624477267,0.46870416666666664
38,0.0,aligned,mi_class,12,0.00480007203967292,-0.7878938529213861,0.46870416666666664
38,0.0,aligned,mi_class,13,0.45362868346253044,-0.38594292707616745,0.46870416666666664
38,0.0,aligned,mi_class,14,0.10755767856705681,-0.3127812074993462,0.46870416666666664
38,0.0,aligned,mi_class,15,0.11482309188656353,-0.3068963603186883,0.46870416666666664
38,0.0,aligned,mi_class,16,-0.1177137154712029,0.39184078311293624,0.46870416666666664
38,0.0,aligned,mi_class,17,-0.2291849823200358,0.48299798778754727,0.46870416666666664
38,0.0,aligned,mi_class,18,-0.2092679201835297,0.5586144206179086,0.46870416666666664
38,0.0,aligned,mi_class,19,0.005622665556076101,-0.49745264047539967,0.46870416666666664
38,0.0,aligned,mi_class,20,0.01923931259658984,-0.3355699260224033,0.46870416666666664
38,0.0,aligned,mi_class,21,-0.011425464438773236,-0.3018668080470869,0.46870416666666664
38,0.0,aligned,mi_class,22,0.1689234831763734,-0.006237863382135872,0.46870416666666664
38,0.0,aligned,mi_class,23,0.017445871212256527,-0.004117694312609421,0.46870416666666664
38,0.0,aligned,mi_class,24,0.24402798518000035,-0.6162909581994429,0.46870416666666664
38,0.0,aligned,mi_class,25,-0.16207700298408234,0.7687347205212792,0.46870416666666664
38,0.0,aligned,mi_class,26,0.006444524897183359,0.0035337800123107534,0.46870416666666664
38,0.0,aligned,mi_class,27,-0.24669521963121666,0.7567777424362137,0.46870416666666664
38,0.0,aligned,mi_class,28,-0.044373964432927404,-0.44528829462617964,0.46870416666666664
38,0.0,aligned,mi_class,29,0.039475413101666135,-0.6820902552945948,0.46870416666666664
38,0.0,aligned,mi_class,30,-0.30421452690672746,0.10740908112838285,0.46870416666666664
38,0.0,aligned,mi_class,31,-0.006730394716901969,-0.03341782527937608,0.46870416666666664
38,0.0,aligned,mi_class,32,-0.049132731172167765,0.21811319355377673,0.46870416666666664
38,0.0,aligned,mi_class,33,0.06643050221892918,-0.2733635828346696,0.46870416666666664
38,0.0,aligned,mi_class,34,0.16701590091341645,-0.4933960201767609,0.46870416666666664
38,0.0,aligned,mi_class,35,0.12115598541789702,-0.39830037085983144,0.46870416666666664
38,0.0,aligned,mi_class,36,0.019925293427064616,0.25058797289512935,0.46870416666666664
38,0.0,aligned,mi_class,37,0.012004545428601326,0.2384020708314162,0.46870416666666664
38,0.0,aligned,mi_class,38,-0.22486367964135667,0.8230888727134693,0.46870416666666664
38,0.0,aligned,mi_class,39,-0.004039564144854372,0.006806758333330315,0.46870416666666664
38,0.0,aligned,mi_class,40,0.09514788575253814,-0.0022709398415304196,0.46870416666666664
38,0.0,aligned,mi_class,41,0.36257623725787536,-0.7873535160805802,0.46870416666666664
38,0.0,aligned,mi_class,42,0.13166371557515769,-0.003187813272951904,0.46870416666666664
38,0.0,aligned,mi_class,43,-0.3470914547103086,0.6191307436991031,0.46870416666666664
38,0.0,aligned,mi_class,44,-0.11711644765284218,0.0020266373205634074,0.46870416666666664
38,0.0,aligned,mi_class,45,0.01267325805153312,0.005546864010043008,0.46870416666666664
38,0.0,aligned,mi_class,46,0.00855066671107919,-0.0038645347533961937,0.46870416666666664
38,0.0,aligned,mi_class,47,0.16278986194026063,-0.6464406426281678,0.46870416666666664
38,0.0,aligned,mi_class,48,0.0006927297089392298,-0.0020678975302198823,0.46870416666666664
38,0.0,aligned,mi_class,49,-0.12325345899447288,0.5102896519430373,0.46870416666666664
38,0.0,aligned,mi_class,50,0.0023351435276863755,0.002757634053877123,0.46870416666666664
38,0.0,aligned,mi_class,51,0.07606958111693751,-0.5650784182302282,0.46870416666666664
38,0.0,aligned,mi_class,52,-0.00756710366386095,-0.003416042172294181,0.46870416666666664
38,0.0,aligned,mi_class,53,0.33523758600313186,-0.8110389877581027,0.46870416666666664
38,0.0,aligned,mi_class,54,-0.08800638992796983,0.37557900401258165,0.46870416666666664
38,0.0,aligned,mi_class,55,-0.21193884284379338,0.9034229024220819,0.46870416666666664
38,0.0,aligned,mi_class,56,0.024349251695049583,-0.0015087307531490787,0.46870416666666664
38,0.0,aligned,mi_class,57,-0.2509816411266243,0.6979578092064345,0.46870416666666664
38,0.0,aligned,mi_class,58,0.09779145164722125,-0.4963349109122343,0.46870416666666664
38,0.0,aligned,mi_class,59,0.02648734821928489,-0.6257870273288845,0.46870416666666664
38,0.0,aligned,mi_class,60,0.13879856729287715,0.00010693529289936838,0.46870416666666664
38,0.0,aligned,mi_class,61,0.20462054160800042,-0.4914560919433029,0.46870416666666664
38,0.0,aligned,mi_class,62,-0.004098634967293052,-0.0009001106610424166,0.46870416666666664
38,0.0,aligned,mi_class,63,0.11262289034049133,-0.45883290999151316,0.46870416666666664
38,0.0,aligned,mi_class,64,0.2835864767207411,-0.8969587652119285,0.46870416666666664
38,0.0,aligned,mi_class,65,-0.007263945582593911,0.41175494113001526,0.46870416666666664
38,0.0,aligned,mi_site,0,-0.013801422322097134,0.42489966141233976,0.46870416666666664
38,0.0,aligned,mi_site,1,-0.025247065393275703,0.7284128874823043,0.46870416666666664
38,0.0,aligned,mi_site,2,0.046216696209638586,-0.29916741177643896,0.46870416666666664
38,0.0,aligned,mi_site,3,-0.020403782930908686,-0.005266694851109669,0.46870416666666664
38,0.0,aligned,mi_site,4,-0.026799594169059356,-0.005476446458565636,0.46870416666666664
38,0.0,aligned,mi_site,5,0.01914546774287862,-0.6141764189837297,0.46870416666666664
38,0.0,aligned,mi_site,6,-0.009909011906518606,0.8232671253270688,0.46870416666666664
38,0.0,aligned,mi_site,7,-0.0003902632268155742,0.00338299773774958,0.46870416666666664
38,0.0,aligned,mi_site,8,-0.04001449910145283,0.758499397187242,0.46870416666666664
38,0.0,aligned,mi_site,9,0.0252575498900377,-0.6036350026203137,0.46870416666666664
38,0.0,aligned,mi_site,10,0.04870998836089413,-0.6796915262869123,0.46870416666666664
38,0.0,aligned,mi_site,11,-0.004523924935196211,0.42526633624477267,0.46870416666666664
38,0.0,aligned,mi_site,12,0.09219673936481487,-0.7878938529213861,0.46870416666666664
38,0.0,aligned,mi_site,13,0.021731890063440784,-0.38594292707616745,0.46870416666666664
38,0.0,aligned,mi_site,14,-0.016419286146833745,-0.3127812074993462,0.46870416666666664
38,0.0,aligned,mi_site,15,0.0009191888650269542,-0.3068963603186883,0.46870416666666664
38,0.0,aligned,mi_site,16,0.0052067111136085975,0.39184078311293624,0.46870416666666664
38,0.0,aligned,mi_site,17,-0.006603132404739642,0.48299798778754727,0.46870416666666664
38,0.0,aligned,mi_site,18,-0.01884958329143449,0.5586144206179086,0.46870416666666664
38,0.0,aligned,mi_site,19,0.019659519258525493,-0.49745264047539967,0.46870416666666664
38,0.0,aligned,mi_site,20,0.009630747900894576,-0.3355699260224033,0.46870416666666664
38,0.0,aligned,mi_site,21,0.002873818190322175,-0.3018668080470869,0.46870416666666664
38,0.0,aligned,mi_site,22,-0.021491554311806372,-0.006237863382135872,0.46870416666666664
38,0.0,aligned,mi_site,23,-0.021694511806335484,-0.004117694312609421,0.46870416666666664
38,0.0,aligned,mi_site,24,-0.06424759133092217,-0.6162909581994429,0.46870416666666664
38,0.0,aligned,mi_site,25,0.07477668558046624,0.7687347205212792,0.46870416666666664
38,0.0,aligned,mi_site,26,0.0033118872040326357,0.0035337800123107534,0.46870416666666664
38,0.0,aligned,mi_site,27,0.035864938386310774,0.7567777424362137,0.46870416666666664
38,0.0,aligned,mi_site,28,-0.022417149883011356,-0.44528829462617964,0.46870416666666664
38,0.0,aligned,mi_site,29,-0.003634307262167069,-0.6820902552945948,0.46870416666666664
38,0.0,aligned,mi_site,30,0.003853762986201617,0.10740908112838285,0.46870416666666664
38,0.0,aligned,mi_site,31,0.0310518968353301,-0.03341782527937608,0.46870416666666664
38,0.0,aligned,mi_site,32,-0.008871399071013836,0.21811319355377673,0.46870416666666664
38,0.0,aligned,mi_site,33,0.0069430234450728046,-0.2733635828346696,0.46870416666666664
38,0.0,aligned,mi_site,34,0.015305939588657391,-0.4933960201767609,0.46870416666666664
38,0.0,aligned,mi_site,35,0.04054875986314249,-0.39830037085983144,0.46870416666666664
38,0.0,aligned,mi_site,36,-0.007529631600035752,0.25058797289512935,0.46870416666666664
38,0.0,aligned,mi_site,37,-0.03281642064214971,0.2384020708314162,0.46870416666666664
38,0.0,aligned,mi_site,38,-0.014072591954926827,0.8230888727134693,0.46870416666666664
38,0.0,aligned,mi_site,39,0.009390206906224049,0.006806758333330315,0.46870416666666664
38,0.0,aligned,mi_site,40,-0.015261321252582357,-0.0022709398415304196,0.46870416666666664
38,0.0,aligned,mi_site,41,0.025336381344511882,-0.7873535160805802,0.46870416666666664
38,0.0,aligned,mi_site,42,-0.01193251169026538,-0.003187813272951904,0.46870416666666664
38,0.0,aligned,mi_site,43,0.005179719926656001,0.6191307436991031,0.46870416666666664
38,0.0,aligned,mi_site,44,0.007784795432411748,0.0020266373205634074,0.46870416666666664
38,0.0,aligned,mi_site,45,0.01140832300090184,0.005546864010043008,0.46870416666666664
38,0.0,aligned,mi_site,46,-0.026969409419065428,-0.0038645347533961937,0.46870416666666664
38,0.0,aligned,mi_site,47,0.0018117973239225593,-0.6464406426281678,0.46870416666666664
38,0.0,aligned,mi_site,48,-0.008540184890005216,-0.0020678975302198823,0.46870416666666664
38,0.0,aligned,mi_site,49,0.003489446648149097,0.5102896519430373,0.46870416666666664
38,0.0,aligned,mi_site,50,0.008274210066682499,0.002757634053877123,0.46870416666666664
38,0.0,aligned,mi_site,51,-0.06630397749122041,-0.5650784182302282,0.46870416666666664
38,0.0,aligned,mi_site,52,0.01433282357054761,-0.003416042172294181,0.46870416666666664
38,0.0,aligned,mi_site,53,-0.04323032044396091,-0.8110389877581027,0.46870416666666664
38,0.0,aligned,mi_site,54,0.0058056446613400925,0.37557900401258165,0.46870416666666664
38,0.0,aligned,mi_site,55,0.005559832614359661,0.9034229024220819,0.46870416666666664
38,0.0,aligned,mi_site,56,0.005318783058554221,-0.0015087307531490787,0.46870416666666664
38,0.0,aligned,mi_site,57,0.0402737743273508,0.6979578092064345,0.46870416666666664
38,0.0,aligned,mi_site,58,-0.013225936501336799,-0.4963349109122343,0.46870416666666664
38,0.0,aligned,mi_site,59,-0.020051107009786073,-0.6257870273288845,0.46870416666666664
38,0.0,aligned,mi_site,60,-0.0002534630067023807,0.00010693529289936838,0.46870416666666664
38,0.0,aligned,mi_site,61,0.006603243857536467,-0.4914560919433029,0.46870416666666664
38,0.0,aligned,mi_site,62,0.020285111385484136,-0.0009001106610424166,0.46870416666666664
38,0.0,aligned,mi_site,63,0.03386998120799839,-0.45883290999151316,0.46870416666666664
38,0.0,aligned,mi_site,64,0.016522714900909063,-0.8969587652119285,0.46870416666666664
38,0.0,aligned,mi_site,65,-0.01862133868385829,0.41175494113001526,0.46870416666666664
38,0.0,closed,available,0,-0.0044762568806915315,0.42489966141233976,0.46870416666666664
38,0.0,closed,available,1,0.0022604223003365176,0.7284128874823043,0.46870416666666664
38,0.0,closed,available,2,0.0002886474578964737,-0.29916741177643896,0.46870416666666664
38,0.0,closed,available,3,0.013905750905134018,-0.005266694851109669,0.46870416666666664
38,0.0,closed,available,4,0.014375822078645253,-0.005476446458565636,0.46870416666666664
38,0.0,closed,available,5,0.009958889214695676,-0.6141764189837297,0.46870416666666664
38,0.0,closed,available,6,-0.002037037176971901,0.8232671253270688,0.46870416666666664
38,0.0,closed,available,7,-0.004177934768345829,0.00338299773774958,0.46870416666666664
38,0.0,closed,available,8,-0.002271278472313676,0.758499397187242,0.46870416666666664
38,0.0,closed,available,9,0.007135984425042374,-0.6036350026203137,0.46870416666666664
38,0.0,closed,available,10,0.0030771297357301552,-0.6796915262869123,0.46870416666666664
38,0.0,closed,available,11,-0.012934200550355768,0.42526633624477267,0.46870416666666664
38,0.0,closed,available,12,-0.008631977235716737,-0.7878938529213861,0.46870416666666664
38,0.0,closed,available,13,0.0046675830712099575,-0.38594292707616745,0.46870416666666664
38,0.0,closed,available,14,-0.0029506258239105354,-0.3127812074993462,0.46870416666666664
38,0.0,closed,available,15,-0.006836258816560914,-0.3068963603186883,0.46870416666666664
38,0.0,closed,available,16,-0.0026900099847835257,0.39184078311293624,0.46870416666666664
38,0.0,closed,available,17,0.009143360215978003,0.48299798778754727,0.46870416666666664
38,0.0,closed,available,18,-0.015579858482315467,0.5586144206179086,0.46870416666666664
38,0.0,closed,available,19,0.002524924769916892,-0.49745264047539967,0.46870416666666664
38,0.0,closed,available,20,0.0008984022797061675,-0.3355699260224033,0.46870416666666664
38,0.0,closed,available,21,-0.03535844478901368,-0.3018668080470869,0.46870416666666664
38,0.0,closed,available,22,0.025629657040617773,-0.006237863382135872,0.46870416666666664
38,0.0,closed,available,23,0.037687426859630474,-0.004117694312609421,0.46870416666666664
38,0.0,closed,available,24,0.00036701193463184456,-0.6162909581994429,0.46870416666666664
38,0.0,closed,available,25,0.009785978113360905,0.7687347205212792,0.46870416666666664
38,0.0,closed,available,26,-0.008285359255188224,0.0035337800123107534,0.46870416666666664
38,0.0,closed,available,27,0.0035510204705699877,0.7567777424362137,0.46870416666666664
38,0.0,closed,available,28,0.008765663588950479,-0.44528829462617964,0.46870416666666664
38,0.0,closed,available,29,-0.0025825778217808404,-0.6820902552945948,0.46870416666666664
38,0.0,closed,available,30,-0.00900249993844561,0.10740908112838285,0.46870416666666664
38,0.0,closed,available,31,0.004572467683463317,-0.03341782527937608,0.46870416666666664
38,0.0,closed,available,32,-0.0008268167677233096,0.21811319355377673,0.46870416666666664
38,0.0,closed,available,33,-0.0003848469574221913,-0.2733635828346696,0.46870416666666664
38,0.0,closed,available,34,-0.00998092845986065,-0.4933960201767609,0.46870416666666664
38,0.0,closed,available,35,-0.009012070581770337,-0.39830037085983144,0.46870416666666664
38,0.0,closed,available,36,0.008593401849624316,0.25058797289512935,0.46870416666666664
38,0.0,closed,available,37,0.011308532812424388,0.2384020708314162,0.46870416666666664
38,0.0,closed,available,38,-0.0014691762682794707,0.8230888727134693,0.46870416666666664
38,0.0,closed,available,39,0.005954653475815411,0.006806758333330315,0.46870416666666664
38,0.0,closed,available,40,0.006034899549560651,-0.0022709398415304196,0.46870416666666664
38,0.0,closed,available,41,0.0001420816567792027,-0.7873535160805802,0.46870416666666664
38,0.0,closed,available,42,-0.003772134380477132,-0.003187813272951904,0.46870416666666664
38,0.0,closed,available,43,0.00306385202777959,0.6191307436991031,0.46870416666666664
38,0.0,closed,available,44,0.010169964681911225,0.0020266373205634074,0.46870416666666664
38,0.0,closed,available,45,0.010883466150653163,0.005546864010043008,0.46870416666666664
38,0.0,closed,available,46,0.0050335817371859335,-0.0038645347533961937,0.46870416666666664
38,0.0,closed,available,47,0.003672429344239281,-0.6464406426281678,0.46870416666666664
38,0.0,closed,available,48,-0.00924034904032701,-0.0020678975302198823,0.46870416666666664
38,0.0,closed,available,49,-0.008690846679742514,0.5102896519430373,0.46870416666666664
38,0.0,closed,available,50,0.011235098008389167,0.002757634053877123,0.46870416666666664
38,0.0,closed,available,51,0.0020381328934913068,-0.5650784182302282,0.46870416666666664
38,0.0,closed,available,52,-0.013043285232417205,-0.003416042172294181,0.46870416666666664
38,0.0,closed,available,53,0.002285751414735415,-0.8110389877581027,0.46870416666666664
38,0.0,closed,available,54,0.0020446225843541166,0.37557900401258165,0.46870416666666664
38,0.0,closed,available,55,-0.0004579217198359409,0.9034229024220819,0.46870416666666664
38,0.0,closed,available,56,0.0012976054193996613,-0.0015087307531490787,0.46870416666666664
38,0.0,closed,available,57,-0.00562633833457038,0.6979578092064345,0.46870416666666664
38,0.0,closed,available,58,0.011141993071219547,-0.4963349109122343,0.46870416666666664
38,0.0,closed,available,59,0.0037209306603395165,-0.6257870273288845,0.46870416666666664
38,0.0,closed,available,60,0.006465383774447906,0.00010693529289936838,0.46870416666666664
38,0.0,closed,available,61,-0.002146913020677932,-0.4914560919433029,0.46870416666666664
38,0.0,closed,available,62,-0.013275807800470397,-0.0009001106610424166,0.46870416666666664
38,0.0,closed,available,63,0.003867724397200012,-0.45883290999151316,0.46870416666666664
38,0.0,closed,available,64,0.001795923421633705,-0.8969587652119285,0.46870416666666664
38,0.0,closed,available,65,0.0032094469663732084,0.41175494113001526,0.46870416666666664
38,0.0,closed,mi_obs,0,0.018944667630944878,0.42489966141233976,0.46870416666666664
38,0.0,closed,mi_obs,1,0.05268852915579458,0.7284128874823043,0.46870416666666664
38,0.0,closed,mi_obs,2,-0.04501428065247798,-0.29916741177643896,0.46870416666666664
38,0.0,closed,mi_obs,3,-0.003435978358578783,-0.005266694851109669,0.46870416666666664
38,0.0,closed,mi_obs,4,-0.02273496699169457,-0.005476446458565636,0.46870416666666664
38,0.0,closed,mi_obs,5,-0.03773085448995084,-0.6141764189837297,0.46870416666666664
38,0.0,closed,mi_obs,6,0.06590385415491717,0.8232671253270688,0.46870416666666664
38,0.0,closed,mi_obs,7,-0.017237357588289027,0.00338299773774958,0.46870416666666664
38,0.0,closed,mi_obs,8,0.03374580081805878,0.758499397187242,0.46870416666666664
38,0.0,closed,mi_obs,9,-0.030815454069506254,-0.6036350026203137,0.46870416666666664
38,0.0,closed,mi_obs,10,-0.014098116937302452,-0.6796915262869123,0.46870416666666664
38,0.0,closed,mi_obs,11,0.03338864629709981,0.42526633624477267,0.46870416666666664
38,0.0,closed,mi_obs,12,-0.05574321644373925,-0.7878938529213861,0.46870416666666664
38,0.0,closed,mi_obs,13,-0.014750046337035971,-0.38594292707616745,0.46870416666666664
38,0.0,closed,mi_obs,14,-0.02017449787636666,-0.3127812074993462,0.46870416666666664
38,0.0,closed,mi_obs,15,-0.020862064506659395,-0.3068963603186883,0.46870416666666664
38,0.0,closed,mi_obs,16,0.027485361525610597,0.39184078311293624,0.46870416666666664
38,0.0,closed,mi_obs,17,0.017536142542754873,0.48299798778754727,0.46870416666666664
38,0.0,closed,mi_obs,18,0.004720821073824544,0.5586144206179086,0.46870416666666664
38,0.0,closed,mi_obs,19,-0.024926877719231577,-0.49745264047539967,0.46870416666666664
38,0.0,closed,mi_obs,20,-0.00612564486277678,-0.3355699260224033,0.46870416666666664
38,0.0,closed,mi_obs,21,-0.07872209267102548,-0.3018668080470869,0.46870416666666664
38,0.0,closed,mi_obs,22,-0.015986181588972755,-0.006237863382135872,0.46870416666666664
38,0.0,closed,mi_obs,23,0.0019637268012119035,-0.004117694312609421,0.46870416666666664
38,0.0,closed,mi_obs,24,-0.058826461856919865,-0.6162909581994429,0.46870416666666664
38,0.0,closed,mi_obs,25,0.10719838345824606,0.7687347205212792,0.46870416666666664
38,0.0,closed,mi_obs,26,-0.0014977127122342785,0.0035337800123107534,0.46870416666666664
38,0.0,closed,mi_obs,27,0.0537597950749108,0.7567777424362137,0.46870416666666664
38,0.0,closed,mi_obs,28,-0.03171292950597443,-0.44528829462617964,0.46870416666666664
38,0.0,closed,mi_obs,29,-0.04399276748575942,-0.6820902552945948,0.46870416666666664
38,0.0,closed,mi_obs,30,0.03628098562679852,0.10740908112838285,0.46870416666666664
38,0.0,closed,mi_obs,31,0.04091477946332515,-0.03341782527937608,0.46870416666666664
38,0.0,closed,mi_obs,32,0.029401086602398457,0.21811319355377673,0.46870416666666664
38,0.0,closed,mi_obs,33,-0.04327640113960346,-0.2733635828346696,0.46870416666666664
38,0.0,closed,mi_obs,34,-0.05958353519457149,-0.4933960201767609,0.46870416666666664
38,0.0,closed,mi_obs,35,-0.023343867521272987,-0.39830037085983144,0.46870416666666664
38,0.0,closed,mi_obs,36,0.05097097294930247,0.25058797289512935,0.46870416666666664
38,0.0,closed,mi_obs,37,0.01846878304946145,0.2384020708314162,0.46870416666666664
38,0.0,closed,mi_obs,38,0.021609006683173337,0.8230888727134693,0.46870416666666664
38,0.0,closed,mi_obs,39,0.006432231402641756,0.006806758333330315,0.46870416666666664
38,0.0,closed,mi_obs,40,-0.013596017746563565,-0.0022709398415304196,0.46870416666666664
38,0.0,closed,mi_obs,41,0.022177892421986534,-0.7873535160805802,0.46870416666666664
38,0.0,closed,mi_obs,42,-0.014147198697977521,-0.003187813272951904,0.46870416666666664
38,0.0,closed,mi_obs,43,0.0469150901438109,0.6191307436991031,0.46870416666666664
38,0.0,closed,mi_obs,44,0.006121405089248638,0.0020266373205634074,0.46870416666666664
38,0.0,closed,mi_obs,45,0.017970880722610008,0.005546864010043008,0.46870416666666664
38,0.0,closed,mi_obs,46,-0.025398307116242677,-0.0038645347533961937,0.46870416666666664
38,0.0,closed,mi_obs,47,0.025135938064443364,-0.6464406426281678,0.46870416666666664
38,0.0,closed,mi_obs,48,-0.007155487292694352,-0.0020678975302198823,0.46870416666666664
38,0.0,closed,mi_obs,49,0.038904949280759604,0.5102896519430373,0.46870416666666664
38,0.0,closed,mi_obs,50,0.01458828185627008,0.002757634053877123,0.46870416666666664
38,0.0,closed,mi_obs,51,-0.048357626134971854,-0.5650784182302282,0.46870416666666664
38,0.0,closed,mi_obs,52,0.008379787053978738,-0.003416042172294181,0.46870416666666664
38,0.0,closed,mi_obs,53,-0.036589556788119704,-0.8110389877581027,0.46870416666666664
38,0.0,closed,mi_obs,54,0.027338278318072173,0.37557900401258165,0.46870416666666664
38,0.0,closed,mi_obs,55,0.03683584904482573,0.9034229024220819,0.46870416666666664
38,0.0,closed,mi_obs,56,-0.011441963244005175,-0.0015087307531490787,0.46870416666666664
38,0.0,closed,mi_obs,57,0.01064416055828965,0.6979578092064345,0.46870416666666664
38,0.0,closed,mi_obs,58,-0.0535425165005628,-0.4963349109122343,0.46870416666666664
38,0.0,closed,mi_obs,59,-0.02125438244848321,-0.6257870273288845,0.46870416666666664
38,0.0,closed,mi_obs,60,0.005827280340906953,0.00010693529289936838,0.46870416666666664
38,0.0,closed,mi_obs,61,0.04152078934644943,-0.4914560919433029,0.46870416666666664
38,0.0,closed,mi_obs,62,0.01320943120997072,-0.0009001106610424166,0.46870416666666664
38,0.0,closed,mi_obs,63,-0.022358818552491222,-0.45883290999151316,0.46870416666666664
38,0.0,closed,mi_obs,64,-0.0223444503226764,-0.8969587652119285,0.46870416666666664
38,0.0,closed,mi_obs,65,0.01384148916166944,0.41175494113001526,0.46870416666666664
38,0.0,closed,mi_class,0,-0.02504406678084037,0.42489966141233976,0.46870416666666664
38,0.0,closed,mi_class,1,-0.06476598501384845,0.7284128874823043,0.46870416666666664
38,0.0,closed,mi_class,2,-0.006260194027088106,-0.29916741177643896,0.46870416666666664
38,0.0,closed,mi_class,3,-0.10275442237659188,-0.005266694851109669,0.46870416666666664
38,0.0,closed,mi_class,4,-0.010518920104671505,-0.005476446458565636,0.46870416666666664
38,0.0,closed,mi_class,5,0.1423885927720071,-0.6141764189837297,0.46870416666666664
38,0.0,closed,mi_class,6,-0.29203605243262576,0.8232671253270688,0.46870416666666664
38,0.0,closed,mi_class,7,0.020762600923856,0.00338299773774958,0.46870416666666664
38,0.0,closed,mi_class,8,-0.08775498201639209,0.758499397187242,0.46870416666666664
38,0.0,closed,mi_class,9,0.03508532103276307,-0.6036350026203137,0.46870416666666664
38,0.0,closed,mi_class,10,0.032774090240367704,-0.6796915262869123,0.46870416666666664
38,0.0,closed,mi_class,11,-0.034701113122637295,0.42526633624477267,0.46870416666666664
38,0.0,closed,mi_class,12,0.002629381457270319,-0.7878938529213861,0.46870416666666664
38,0.0,closed,mi_class,13,0.16550311289243333,-0.38594292707616745,0.46870416666666664
38,0.0,closed,mi_class,14,0.08585819493438132,-0.3127812074993462,0.46870416666666664
38,0.0,closed,mi_class,15,0.1018161991556083,-0.3068963603186883,0.46870416666666664
38,0.0,closed,mi_class,16,-0.1815465903292062,0.39184078311293624,0.46870416666666664
38,0.0,closed,mi_class,17,-0.24299483591648496,0.48299798778754727,0.46870416666666664
38,0.0,closed,mi_class,18,-0.0757838728709036,0.5586144206179086,0.46870416666666664
38,0.0,closed,mi_class,19,-0.0008309153803950364,-0.49745264047539967,0.46870416666666664
38,0.0,closed,mi_class,20,0.02711224519577432,-0.3355699260224033,0.46870416666666664
38,0.0,closed,mi_class,21,-0.00045069309249679,-0.3018668080470869,0.46870416666666664
38,0.0,closed,mi_class,22,-0.08027860224906694,-0.006237863382135872,0.46870416666666664
38,0.0,closed,mi_class,23,0.0096026463027813,-0.004117694312609421,0.46870416666666664
38,0.0,closed,mi_class,24,0.24174155701405015,-0.6162909581994429,0.46870416666666664
38,0.0,closed,mi_class,25,-0.3673525896702885,0.7687347205212792,0.46870416666666664
38,0.0,closed,mi_class,26,0.021851554350864975,0.0035337800123107534,0.46870416666666664
38,0.0,closed,mi_class,27,-0.0677097857487694,0.7567777424362137,0.46870416666666664
38,0.0,closed,mi_class,28,-0.046537438064057635,-0.44528829462617964,0.46870416666666664
38,0.0,closed,mi_class,29,0.03230759683738382,-0.6820902552945948,0.46870416666666664
38,0.0,closed,mi_class,30,-0.04745743535220606,0.10740908112838285,0.46870416666666664
38,0.0,closed,mi_class,31,0.041074746950750494,-0.03341782527937608,0.46870416666666664
38,0.0,closed,mi_class,32,-0.030118835009279088,0.21811319355377673,0.46870416666666664
38,0.0,closed,mi_class,33,-0.010378709559952515,-0.2733635828346696,0.46870416666666664
38,0.0,closed,mi_class,34,0.17625203416106455,-0.4933960201767609,0.46870416666666664
38,0.0,closed,mi_class,35,-0.0434110916656299,-0.39830037085983144,0.46870416666666664
38,0.0,closed,mi_class,36,0.031015642773332686,0.25058797289512935,0.46870416666666664
38,0.0,closed,mi_class,37,0.029542920013014645,0.2384020708314162,0.46870416666666664
38,0.0,closed,mi_class,38,-0.10956662689039043,0.8230888727134693,0.46870416666666664
38,0.0,closed,mi_class,39,0.003659570094753958,0.006806758333330315,0.46870416666666664
38,0.0,closed,mi_class,40,0.03728904474321406,-0.0022709398415304196,0.46870416666666664
38,0.0,closed,mi_class,41,0.32369805584474115,-0.7873535160805802,0.46870416666666664
38,0.0,closed,mi_class,42,-0.07075091748085147,-0.003187813272951904,0.46870416666666664
38,0.0,closed,mi_class,43,-0.07033246118181558,0.6191307436991031,0.46870416666666664
38,0.0,closed,mi_class,44,0.07474507458702155,0.0020266373205634074,0.46870416666666664
38,0.0,closed,mi_class,45,0.024101025495910144,0.005546864010043008,0.46870416666666664
38,0.0,closed,mi_class,46,0.003170288592785807,-0.0038645347533961937,0.46870416666666664
38,0.0,closed,mi_class,47,0.2019765432180688,-0.6464406426281678,0.46870416666666664
38,0.0,closed,mi_class,48,-0.021160799920003387,-0.0020678975302198823,0.46870416666666664
38,0.0,closed,mi_class,49,-0.11218717717894594,0.5102896519430373,0.46870416666666664
38,0.0,closed,mi_class,50,0.017539546614829114,0.002757634053877123,0.46870416666666664
38,0.0,closed,mi_class,51,0.13566217406637088,-0.5650784182302282,0.46870416666666664
38,0.0,closed,mi_class,52,-0.028755469843377547,-0.003416042172294181,0.46870416666666664
38,0.0,closed,mi_class,53,0.14380861079726248,-0.8110389877581027,0.46870416666666664
38,0.0,closed,mi_class,54,-0.08965698529094845,0.37557900401258165,0.46870416666666664
38,0.0,closed,mi_class,55,-0.20892176022388786,0.9034229024220819,0.46870416666666664
38,0.0,closed,mi_class,56,0.008984787039870868,-0.0015087307531490787,0.46870416666666664
38,0.0,closed,mi_class,57,-0.2902850569301266,0.6979578092064345,0.46870416666666664
38,0.0,closed,mi_class,58,0.1835918482106133,-0.4963349109122343,0.46870416666666664
38,0.0,closed,mi_class,59,0.23339154706838822,-0.6257870273288845,0.46870416666666664
38,0.0,closed,mi_class,60,0.05291669193868366,0.00010693529289936838,0.46870416666666664
38,0.0,closed,mi_class,61,0.21954586685289568,-0.4914560919433029,0.46870416666666664
38,0.0,closed,mi_class,62,-0.026180469223698672,-0.0009001106610424166,0.46870416666666664
38,0.0,closed,mi_class,63,0.03181957973219629,-0.45883290999151316,0.46870416666666664
38,0.0,closed,mi_class,64,0.05138779898692658,-0.8969587652119285,0.46870416666666664
38,0.0,closed,mi_class,65,0.01323287321267358,0.41175494113001526,0.46870416666666664
38,0.0,closed,mi_site,0,0.020355243875001205,0.42489966141233976,0.46870416666666664
38,0.0,closed,mi_site,1,0.055314740030975695,0.7284128874823043,0.46870416666666664
38,0.0,closed,mi_site,2,-0.032543786878275305,-0.29916741177643896,0.46870416666666664
38,0.0,closed,mi_site,3,-0.000745057414738905,-0.005266694851109669,0.46870416666666664
38,0.0,closed,mi_site,4,-0.018406330780455546,-0.005476446458565636,0.46870416666666664
38,0.0,closed,mi_site,5,-0.03246985103503375,-0.6141764189837297,0.46870416666666664
38,0.0,closed,mi_site,6,0.05804954900914305,0.8232671253270688,0.46870416666666664
38,0.0,closed,mi_site,7,-0.009665082843781267,0.00338299773774958,0.46870416666666664
38,0.0,closed,mi_site,8,0.028061465272891883,0.758499397187242,0.46870416666666664
38,0.0,closed,mi_site,9,-0.025502703445083874,-0.6036350026203137,0.46870416666666664
38,0.0,closed,mi_site,10,-0.015893928218052356,-0.6796915262869123,0.46870416666666664
38,0.0,closed,mi_site,11,0.03380324850086608,0.42526633624477267,0.46870416666666664
38,0.0,closed,mi_site,12,-0.04755799058033339,-0.7878938529213861,0.46870416666666664
38,0.0,closed,mi_site,13,-0.008969920702221301,-0.38594292707616745,0.46870416666666664
38,0.0,closed,mi_site,14,-0.010675367308961792,-0.3127812074993462,0.46870416666666664
38,0.0,closed,mi_site,15,-0.024201165401664726,-0.3068963603186883,0.46870416666666664
38,0.0,closed,mi_site,16,0.02364503799509482,0.39184078311293624,0.46870416666666664
38,0.0,closed,mi_site,17,0.017034727755233237,0.48299798778754727,0.46870416666666664
38,0.0,closed,mi_site,18,0.004708145936102359,0.5586144206179086,0.46870416666666664
38,0.0,closed,mi_site,19,-0.02085556204375455,-0.49745264047539967,0.46870416666666664
38,0.0,closed,mi_site,20,-0.008065360485102868,-0.3355699260224033,0.46870416666666664
38,0.0,closed,mi_site,21,-0.05480302039874768,-0.3018668080470869,0.46870416666666664
38,0.0,closed,mi_site,22,-0.011212122316088691,-0.006237863382135872,0.46870416666666664
38,0.0,closed,mi_site,23,-0.0022923303143014264,-0.004117694312609421,0.46870416666666664
38,0.0,closed,mi_site,24,-0.05428881807467756,-0.6162909581994429,0.46870416666666664
38,0.0,closed,mi_site,25,0.0977668288139989,0.7687347205212792,0.46870416666666664
38,0.0,closed,mi_site,26,0.007046191835284245,0.0035337800123107534,0.46870416666666664
38,0.0,closed,mi_site,27,0.04759905281698262,0.7567777424362137,0.46870416666666664
38,0.0,closed,mi_site,28,-0.028106430011467565,-0.44528829462617964,0.46870416666666664
38,0.0,closed,mi_site,29,-0.039478521464229366,-0.6820902552945948,0.46870416666666664
38,0.0,closed,mi_site,30,0.03946654700892721,0.10740908112838285,0.46870416666666664
38,0.0,closed,mi_site,31,0.03280019994622218,-0.03341782527937608,0.46870416666666664
38,0.0,closed,mi_site,32,0.017690340887543954,0.21811319355377673,0.46870416666666664
38,0.0,closed,mi_site,33,-0.028046327223140766,-0.2733635828346696,0.46870416666666664
38,0.0,closed,mi_site,34,-0.054941665917086935,-0.4933960201767609,0.46870416666666664
38,0.0,closed,mi_site,35,-0.013973149646759886,-0.39830037085983144,0.46870416666666664
38,0.0,closed,mi_site,36,0.035191060690519305,0.25058797289512935,0.46870416666666664
38,0.0,closed,mi_site,37,0.006425639425332391,0.2384020708314162,0.46870416666666664
38,0.0,closed,mi_site,38,0.013747742528742668,0.8230888727134693,0.46870416666666664
38,0.0,closed,mi_site,39,0.00898451604516605,0.006806758333330315,0.46870416666666664
38,0.0,closed,mi_site,40,-0.009020350708188572,-0.0022709398415304196,0.46870416666666664
38,0.0,closed,mi_site,41,0.022990006681829378,-0.7873535160805802,0.46870416666666664
38,0.0,closed,mi_site,42,-0.015490194114509087,-0.003187813272951904,0.46870416666666664
38,0.0,closed,mi_site,43,0.04102381267508648,0.6191307436991031,0.46870416666666664
38,0.0,closed,mi_site,44,0.005795189457825034,0.0020266373205634074,0.46870416666666664
38,0.0,closed,mi_site,45,0.017373891388897875,0.005546864010043008,0.46870416666666664
38,0.0,closed,mi_site,46,-0.018732463971842334,-0.0038645347533961937,0.46870416666666664
38,0.0,closed,mi_site,47,0.027832349970385195,-0.6464406426281678,0.46870416666666664
38,0.0,closed,mi_site,48,-0.013659602624464537,-0.0020678975302198823,0.46870416666666664
38,0.0,closed,mi_site,49,0.032616124328775364,0.5102896519430373,0.46870416666666664
38,0.0,closed,mi_site,50,0.01483201270717608,0.002757634053877123,0.46870416666666664
38,0.0,closed,mi_site,51,-0.04126364956769912,-0.5650784182302282,0.46870416666666664
38,0.0,closed,mi_site,52,0.0031620765533339015,-0.003416042172294181,0.46870416666666664
38,0.0,closed,mi_site,53,-0.04069522737078879,-0.8110389877581027,0.46870416666666664
38,0.0,closed,mi_site,54,0.028166320069546447,0.37557900401258165,0.46870416666666664
38,0.0,closed,mi_site,55,0.03300675252581864,0.9034229024220819,0.46870416666666664
38,0.0,closed,mi_site,56,-0.005686012850178805,-0.0015087307531490787,0.46870416666666664
38,0.0,closed,mi_site,57,0.012734494167267907,0.6979578092064345,0.46870416666666664
38,0.0,closed,mi_site,58,-0.046158926550246504,-0.4963349109122343,0.46870416666666664
38,0.0,closed,mi_site,59,-0.018995806203490728,-0.6257870273288845,0.46870416666666664
38,0.0,closed,mi_site,60,0.006762890877719991,0.00010693529289936838,0.46870416666666664
38,0.0,closed,mi_site,61,0.03758963920294556,-0.4914560919433029,0.46870416666666664
38,0.0,closed,mi_site,62,0.00967552633900183,-0.0009001106610424166,0.46870416666666664
38,0.0,closed,mi_site,63,-0.018709591859534247,-0.45883290999151316,0.46870416666666664
38,0.0,closed,mi_site,64,-0.018920587625924856,-0.8969587652119285,0.46870416666666664
38,0.0,closed,mi_site,65,0.012887434143872833,0.41175494113001526,0.46870416666666664
38,1.0,aligned,available,0,0.0027714503589456596,0.4283363458582892,0.46870416666666664
38,1.0,aligned,available,1,-0.003032522527480319,0.725127081985091,0.46870416666666664
38,1.0,aligned,available,2,0.0011975371409446156,-0.3008561466226568,0.46870416666666664
38,1.0,aligned,available,3,0.00191484560729277,-0.00748743335897016,0.46870416666666664
38,1.0,aligned,available,4,0.0008888422538711922,-0.007599932897112555,0.46870416666666664
38,1.0,aligned,available,5,0.011065940397435692,-0.6180300887634126,0.46870416666666664
38,1.0,aligned,available,6,-0.0007019361324590578,0.8259036417425043,0.46870416666666664
38,1.0,aligned,available,7,0.006137222847703756,0.005279431376683156,0.46870416666666664
38,1.0,aligned,available,8,0.005601632170086579,0.7615225870655298,0.46870416666666664
38,1.0,aligned,available,9,0.006159154402966549,-0.6057429894059108,0.46870416666666664
38,1.0,aligned,available,10,0.004172069205344964,-0.6834049883772901,0.46870416666666664
38,1.0,aligned,available,11,0.011650684030467928,0.42676950424363574,0.46870416666666664
38,1.0,aligned,available,12,-0.0040243624031151,-0.7876562430575109,0.46870416666666664
38,1.0,aligned,available,13,-0.004901861493966597,-0.3890889862690801,0.46870416666666664
38,1.0,aligned,available,14,-0.010690527203491174,-0.3172608938446195,0.46870416666666664
38,1.0,aligned,available,15,0.004876715741510218,-0.3098635327823353,0.46870416666666664
38,1.0,aligned,available,16,-0.012187471184968823,0.3958767614695279,0.46870416666666664
38,1.0,aligned,available,17,0.0036852177630637972,0.487934175423532,0.46870416666666664
38,1.0,aligned,available,18,-0.0006889012098160174,0.559209767326178,0.46870416666666664
38,1.0,aligned,available,19,0.00969277049331757,-0.5027598793776364,0.46870416666666664
38,1.0,aligned,available,20,0.000563652447741203,-0.3388831306112376,0.46870416666666664
38,1.0,aligned,available,21,-0.005595700510119539,-0.30187654851963786,0.46870416666666664
38,1.0,aligned,available,22,0.005899215623708522,-0.006440909497724656,0.46870416666666664
38,1.0,aligned,available,23,0.010895875967006217,-0.0038904490869022187,0.46870416666666664
38,1.0,aligned,available,24,-0.004595705233944036,-0.6188825063227764,0.46870416666666664
38,1.0,aligned,available,25,-0.0029689184309056316,0.7692469080947351,0.46870416666666664
38,1.0,aligned,available,26,-0.0012702284789094004,0.002495470991208911,0.46870416666666664
38,1.0,aligned,available,27,0.008098234799845616,0.7581893183006675,0.46870416666666664
38,1.0,aligned,available,28,-0.002634304855852365,-0.44401391481584307,0.46870416666666664
38,1.0,aligned,available,29,-0.00535252964229993,-0.6840785188991226,0.46870416666666664
38,1.0,aligned,available,30,0.01169487492124932,0.10684428568627814,0.46870416666666664
38,1.0,aligned,available,31,0.015323806961863893,-0.030614159241687415,0.46870416666666664
38,1.0,aligned,available,32,0.02064936388692773,0.2188942692793606,0.46870416666666664
38,1.0,aligned,available,33,0.013586307702307676,-0.27520074028465685,0.46870416666666664
38,1.0,aligned,available,34,-0.00776723287966069,-0.49624342398946514,0.46870416666666664
38,1.0,aligned,available,35,-0.023889062191280286,-0.39718634242531864,0.46870416666666664
38,1.0,aligned,available,36,0.017407943205525023,0.2514359265017649,0.46870416666666664
38,1.0,aligned,available,37,0.004724936626450432,0.23919864915027012,0.46870416666666664
38,1.0,aligned,available,38,-0.0009278980971485495,0.8272529133081662,0.46870416666666664
38,1.0,aligned,available,39,-0.0023613036774368457,0.0066809921804678206,0.46870416666666664
38,1.0,aligned,available,40,0.007903624977927808,-0.004137134945984755,0.46870416666666664
38,1.0,aligned,available,41,0.002772156513501156,-0.7870857444649216,0.46870416666666664
38,1.0,aligned,available,42,0.04520051672483863,-0.003452361439109135,0.46870416666666664
38,1.0,aligned,available,43,-0.0019323557943132785,0.6235250794026398,0.46870416666666664
38,1.0,aligned,available,44,-0.005277186661019374,0.002807018955232718,0.46870416666666664
38,1.0,aligned,available,45,0.0034012023808194384,0.005422187339082288,0.46870416666666664
38,1.0,aligned,available,46,0.0010624241396204525,-0.005383269409726501,0.46870416666666664
38,1.0,aligned,available,47,-0.0035901444252202097,-0.649994052298237,0.46870416666666664
38,1.0,aligned,available,48,0.05889270628450128,-0.0022432326571228925,0.46870416666666664
38,1.0,aligned,available,49,-0.003061866066859986,0.516654990696425,0.46870416666666664
38,1.0,aligned,available,50,-0.001470121394122423,0.003331676806033406,0.46870416666666664
38,1.0,aligned,available,51,-0.0014989933976222725,-0.5704062919410484,0.46870416666666664
38,1.0,aligned,available,52,0.0031369127664127323,-0.0018731228062791748,0.46870416666666664
38,1.0,aligned,available,53,0.0020849613496068953,-0.8130791881921114,0.46870416666666664
38,1.0,aligned,available,54,-0.010880485398013118,0.378269734013249,0.46870416666666664
38,1.0,aligned,available,55,-0.0021881443810853884,0.9044069748739703,0.46870416666666664
38,1.0,aligned,available,56,0.001743759508044132,-0.0006081097351499429,0.46870416666666664
38,1.0,aligned,available,57,0.00124793736749218,0.7028874368459544,0.46870416666666664
38,1.0,aligned,available,58,0.00864568528934212,-0.4997032244710392,0.46870416666666664
38,1.0,aligned,available,59,-0.0026047155434716363,-0.6310515593061959,0.46870416666666664
38,1.0,aligned,available,60,-0.03801044208125952,-0.0008844054238187357,0.46870416666666664
38,1.0,aligned,available,61,-0.003138539393913453,-0.49446231167235094,0.46870416666666664
38,1.0,aligned,available,62,0.00212148707322285,6.488232108124973e-05,0.46870416666666664
38,1.0,aligned,available,63,0.012125389104928774,-0.4613835649694174,0.46870416666666664
38,1.0,aligned,available,64,-0.0020282103720663525,-0.898257404653696,0.46870416666666664
38,1.0,aligned,available,65,-0.010994070090633967,0.414964512258607,0.46870416666666664
38,1.0,aligned,mi_obs,0,0.019503737427327417,0.4283363458582892,0.46870416666666664
38,1.0,aligned,mi_obs,1,0.05722173772713057,0.725127081985091,0.46870416666666664
38,1.0,aligned,mi_obs,2,-0.03504507513806715,-0.3008561466226568,0.46870416666666664
38,1.0,aligned,mi_obs,3,-0.008856565450606667,-0.00748743335897016,0.46870416666666664
38,1.0,aligned,mi_obs,4,-0.016405760089777805,-0.007599932897112555,0.46870416666666664
38,1.0,aligned,mi_obs,5,-0.031621404518549445,-0.6180300887634126,0.46870416666666664
38,1.0,aligned,mi_obs,6,0.0619779799236031,0.8259036417425043,0.46870416666666664
38,1.0,aligned,mi_obs,7,-0.015277971953317331,0.005279431376683156,0.46870416666666664
38,1.0,aligned,mi_obs,8,0.03161128196657681,0.7615225870655298,0.46870416666666664
38,1.0,aligned,mi_obs,9,-0.04175922347195549,-0.6057429894059108,0.46870416666666664
38,1.0,aligned,mi_obs,10,-0.012639470608039494,-0.6834049883772901,0.46870416666666664
38,1.0,aligned,mi_obs,11,0.03892056494170576,0.42676950424363574,0.46870416666666664
38,1.0,aligned,mi_obs,12,-0.0453592525712051,-0.7876562430575109,0.46870416666666664
38,1.0,aligned,mi_obs,13,-0.007996424972497862,-0.3890889862690801,0.46870416666666664
38,1.0,aligned,mi_obs,14,-0.018755340595941916,-0.3172608938446195,0.46870416666666664
38,1.0,aligned,mi_obs,15,-0.021451452966628815,-0.3098635327823353,0.46870416666666664
38,1.0,aligned,mi_obs,16,0.026797540724140978,0.3958767614695279,0.46870416666666664
38,1.0,aligned,mi_obs,17,0.004138219077446492,0.487934175423532,0.46870416666666664
38,1.0,aligned,mi_obs,18,0.010295766608424461,0.559209767326178,0.46870416666666664
38,1.0,aligned,mi_obs,19,-0.0241277593260385,-0.5027598793776364,0.46870416666666664
38,1.0,aligned,mi_obs,20,-0.0086840668214192,-0.3388831306112376,0.46870416666666664
38,1.0,aligned,mi_obs,21,-0.046435527052986814,-0.30187654851963786,0.46870416666666664
38,1.0,aligned,mi_obs,22,-0.020765914133791433,-0.006440909497724656,0.46870416666666664
38,1.0,aligned,mi_obs,23,-0.00674442096364912,-0.0038904490869022187,0.46870416666666664
38,1.0,aligned,mi_obs,24,-0.07601478182311872,-0.6188825063227764,0.46870416666666664
38,1.0,aligned,mi_obs,25,0.10335004969184713,0.7692469080947351,0.46870416666666664
38,1.0,aligned,mi_obs,26,-0.008489096940139622,0.002495470991208911,0.46870416666666664
38,1.0,aligned,mi_obs,27,0.0671144058441081,0.7581893183006675,0.46870416666666664
38,1.0,aligned,mi_obs,28,-0.06256421536276935,-0.44401391481584307,0.46870416666666664
38,1.0,aligned,mi_obs,29,-0.05852397676165777,-0.6840785188991226,0.46870416666666664
38,1.0,aligned,mi_obs,30,0.011500761254267383,0.10684428568627814,0.46870416666666664
38,1.0,aligned,mi_obs,31,0.03264523305115401,-0.030614159241687415,0.46870416666666664
38,1.0,aligned,mi_obs,32,0.020293281535481822,0.2188942692793606,0.46870416666666664
38,1.0,aligned,mi_obs,33,-0.04944640065900108,-0.27520074028465685,0.46870416666666664
38,1.0,aligned,mi_obs,34,-0.03916710556277253,-0.49624342398946514,0.46870416666666664
38,1.0,aligned,mi_obs,35,-0.017999110148661346,-0.39718634242531864,0.46870416666666664
38,1.0,aligned,mi_obs,36,0.010338132523159849,0.2514359265017649,0.46870416666666664
38,1.0,aligned,mi_obs,37,0.0066044411087903265,0.23919864915027012,0.46870416666666664
38,1.0,aligned,mi_obs,38,0.019817704773078093,0.8272529133081662,0.46870416666666664
38,1.0,aligned,mi_obs,39,0.0016105561921712806,0.0066809921804678206,0.46870416666666664
38,1.0,aligned,mi_obs,40,0.007218711899351355,-0.004137134945984755,0.46870416666666664
38,1.0,aligned,mi_obs,41,0.014041547273451527,-0.7870857444649216,0.46870416666666664
38,1.0,aligned,mi_obs,42,-0.0003724276713557074,-0.003452361439109135,0.46870416666666664
38,1.0,aligned,mi_obs,43,0.044243915366290465,0.6235250794026398,0.46870416666666664
38,1.0,aligned,mi_obs,44,-0.004800224159017932,0.002807018955232718,0.46870416666666664
38,1.0,aligned,mi_obs,45,0.006165096927418043,0.005422187339082288,0.46870416666666664
38,1.0,aligned,mi_obs,46,-0.007014045846661455,-0.005383269409726501,0.46870416666666664
38,1.0,aligned,mi_obs,47,0.01239258983837288,-0.649994052298237,0.46870416666666664
38,1.0,aligned,mi_obs,48,0.00985782576404725,-0.0022432326571228925,0.46870416666666664
38,1.0,aligned,mi_obs,49,0.022529942860813446,0.516654990696425,0.46870416666666664
38,1.0,aligned,mi_obs,50,0.0014320700555209074,0.003331676806033406,0.46870416666666664
38,1.0,aligned,mi_obs,51,-0.046269720294153105,-0.5704062919410484,0.46870416666666664
38,1.0,aligned,mi_obs,52,0.021341587789237792,-0.0018731228062791748,0.46870416666666664
38,1.0,aligned,mi_obs,53,-0.050902507739721714,-0.8130791881921114,0.46870416666666664
38,1.0,aligned,mi_obs,54,0.027781223827210766,0.378269734013249,0.46870416666666664
38,1.0,aligned,mi_obs,55,0.03638436170648773,0.9044069748739703,0.46870416666666664
38,1.0,aligned,mi_obs,56,-0.019086437248234427,-0.0006081097351499429,0.46870416666666664
38,1.0,aligned,mi_obs,57,0.026603218099980674,0.7028874368459544,0.46870416666666664
38,1.0,aligned,mi_obs,58,-0.02730641202946693,-0.4997032244710392,0.46870416666666664
38,1.0,aligned,mi_obs,59,-0.03110849811603089,-0.6310515593061959,0.46870416666666664
38,1.0,aligned,mi_obs,60,-9.266858291246522e-06,-0.0008844054238187357,0.46870416666666664
38,1.0,aligned,mi_obs,61,0.02239238764977558,-0.49446231167235094,0.46870416666666664
38,1.0,aligned,mi_obs,62,0.024999627736800794,6.488232108124973e-05,0.46870416666666664
38,1.0,aligned,mi_obs,63,-0.009411886808704695,-0.4613835649694174,0.46870416666666664
38,1.0,aligned,mi_obs,64,-0.020629433365129457,-0.898257404653696,0.46870416666666664
38,1.0,aligned,mi_obs,65,0.00972877869477834,0.414964512258607,0.46870416666666664
38,1.0,aligned,mi_class,0,-0.020348907558647156,0.4283363458582892,0.46870416666666664
38,1.0,aligned,mi_class,1,-0.07390166354521155,0.725127081985091,0.46870416666666664
38,1.0,aligned,mi_class,2,0.023611262200731398,-0.3008561466226568,0.46870416666666664
38,1.0,aligned,mi_class,3,0.11689802621822737,-0.00748743335897016,0.46870416666666664
38,1.0,aligned,mi_class,4,-0.0017298546436729373,-0.007599932897112555,0.46870416666666664
38,1.0,aligned,mi_class,5,0.12386904501044016,-0.6180300887634126,0.46870416666666664
38,1.0,aligned,mi_class,6,0.005598583512831268,0.8259036417425043,0.46870416666666664
38,1.0,aligned,mi_class,7,-0.007639217659282153,0.005279431376683156,0.46870416666666664
38,1.0,aligned,mi_class,8,-0.24936985452710747,0.7615225870655298,0.46870416666666664
38,1.0,aligned,mi_class,9,0.016980329599434962,-0.6057429894059108,0.46870416666666664
38,1.0,aligned,mi_class,10,0.0126247928412484,-0.6834049883772901,0.46870416666666664
38,1.0,aligned,mi_class,11,-0.01140899540654472,0.42676950424363574,0.46870416666666664
38,1.0,aligned,mi_class,12,0.0037706296999473476,-0.7876562430575109,0.46870416666666664
38,1.0,aligned,mi_class,13,0.4088130523869505,-0.3890889862690801,0.46870416666666664
38,1.0,aligned,mi_class,14,0.08704988977952346,-0.3172608938446195,0.46870416666666664
38,1.0,aligned,mi_class,15,0.11474576560810518,-0.3098635327823353,0.46870416666666664
38,1.0,aligned,mi_class,16,-0.12489243345814371,0.3958767614695279,0.46870416666666664
38,1.0,aligned,mi_class,17,-0.24409879328381384,0.487934175423532,0.46870416666666664
38,1.0,aligned,mi_class,18,-0.21437342172975066,0.559209767326178,0.46870416666666664
38,1.0,aligned,mi_class,19,0.0065649899889148045,-0.5027598793776364,0.46870416666666664
38,1.0,aligned,mi_class,20,0.017937113381801872,-0.3388831306112376,0.46870416666666664
38,1.0,aligned,mi_class,21,-0.016103203319496717,-0.30187654851963786,0.46870416666666664
38,1.0,aligned,mi_class,22,0.13282077590374064,-0.006440909497724656,0.46870416666666664
38,1.0,aligned,mi_class,23,0.007038144090621581,-0.0038904490869022187,0.46870416666666664
38,1.0,aligned,mi_class,24,0.24279368925917455,-0.6188825063227764,0.46870416666666664
38,1.0,aligned,mi_class,25,-0.1641557838727622,0.7692469080947351,0.46870416666666664
38,1.0,aligned,mi_class,26,0.004058070196723213,0.002495470991208911,0.46870416666666664
38,1.0,aligned,mi_class,27,-0.25372092603917085,0.7581893183006675,0.46870416666666664
38,1.0,aligned,mi_class,28,-0.04220375134199317,-0.44401391481584307,0.46870416666666664
38,1.0,aligned,mi_class,29,0.037551336154521886,-0.6840785188991226,0.46870416666666664
38,1.0,aligned,mi_class,30,-0.26673983602229195,0.10684428568627814,0.46870416666666664
38,1.0,aligned,mi_class,31,0.028385756116471747,-0.030614159241687415,0.46870416666666664
38,1.0,aligned,mi_class,32,-0.046356303334053245,0.2188942692793606,0.46870416666666664
38,1.0,aligned,mi_class,33,0.07842752443476858,-0.27520074028465685,0.46870416666666664
38,1.0,aligned,mi_class,34,0.17462280007083303,-0.49624342398946514,0.46870416666666664
38,1.0,aligned,mi_class,35,0.12013424334796458,-0.39718634242531864,0.46870416666666664
38,1.0,aligned,mi_class,36,0.022107405974412186,0.2514359265017649,0.46870416666666664
38,1.0,aligned,mi_class,37,0.014873817783390864,0.23919864915027012,0.46870416666666664
38,1.0,aligned,mi_class,38,-0.20771408984536266,0.8272529133081662,0.46870416666666664
38,1.0,aligned,mi_class,39,-0.0031273293050145096,0.0066809921804678206,0.46870416666666664
38,1.0,aligned,mi_class,40,0.07076368079310513,-0.004137134945984755,0.46870416666666664
38,1.0,aligned,mi_class,41,0.3600963914426016,-0.7870857444649216,0.46870416666666664
38,1.0,aligned,mi_class,42,0.08099694129024461,-0.003452361439109135,0.46870416666666664
38,1.0,aligned,mi_class,43,-0.3167695347374094,0.6235250794026398,0.46870416666666664
38,1.0,aligned,mi_class,44,-0.0942244080702894,0.002807018955232718,0.46870416666666664
38,1.0,aligned,mi_class,45,0.01635332639608937,0.005422187339082288,0.46870416666666664
38,1.0,aligned,mi_class,46,-0.006434097554637685,-0.005383269409726501,0.46870416666666664
38,1.0,aligned,mi_class,47,0.14046926441305585,-0.649994052298237,0.46870416666666664
38,1.0,aligned,mi_class,48,-0.008038483537173853,-0.0022432326571228925,0.46870416666666664
38,1.0,aligned,mi_class,49,-0.13017136678895824,0.516654990696425,0.46870416666666664
38,1.0,aligned,mi_class,50,-0.0014293829308359835,0.003331676806033406,0.46870416666666664
38,1.0,aligned,mi_class,51,0.08175738069048039,-0.5704062919410484,0.46870416666666664
38,1.0,aligned,mi_class,52,-0.0044133350876914565,-0.0018731228062791748,0.46870416666666664
38,1.0,aligned,mi_class,53,0.34293563616177786,-0.8130791881921114,0.46870416666666664
38,1.0,aligned,mi_class,54,-0.08965775570590884,0.378269734013249,0.46870416666666664
38,1.0,aligned,mi_class,55,-0.21092567847063037,0.9044069748739703,0.46870416666666664
38,1.0,aligned,mi_class,56,0.020293822108569018,-0.0006081097351499429,0.46870416666666664
38,1.0,aligned,mi_class,57,-0.2684898836715564,0.7028874368459544,0.46870416666666664
38,1.0,aligned,mi_class,58,0.11102370022118174,-0.4997032244710392,0.46870416666666664
38,1.0,aligned,mi_class,59,0.022384172929996393,-0.6310515593061959,0.46870416666666664
38,1.0,aligned,mi_class,60,0.0869111352488289,-0.0008844054238187357,0.46870416666666664
38,1.0,aligned,mi_class,61,0.21694427347584433,-0.49446231167235094,0.46870416666666664
38,1.0,aligned,mi_class,62,-0.0008513066117806842,6.488232108124973e-05,0.46870416666666664
38,1.0,aligned,mi_class,63,0.1261766180060402,-0.4613835649694174,0.46870416666666664
38,1.0,aligned,mi_class,64,0.2880549420973937,-0.898257404653696,0.46870416666666664
38,1.0,aligned,mi_class,65,-0.007583382428937913,0.414964512258607,0.46870416666666664
38,1.0,aligned,mi_site,0,-0.014023153067178773,0.4283363458582892,0.46870416666666664
38,1.0,aligned,mi_site,1,-0.023967670891772208,0.725127081985091,0.46870416666666664
38,1.0,aligned,mi_site,2,0.04529155156223319,-0.3008561466226568,0.46870416666666664
38,1.0,aligned,mi_site,3,-0.017856765793895796,-0.00748743335897016,0.46870416666666664
38,1.0,aligned,mi_site,4,-0.024764223488784015,-0.007599932897112555,0.46870416666666664
38,1.0,aligned,mi_site,5,0.019862079419039724,-0.6180300887634126,0.46870416666666664
38,1.0,aligned,mi_site,6,-0.011692330021297659,0.8259036417425043,0.46870416666666664
38,1.0,aligned,mi_site,7,0.00022735783053424215,0.005279431376683156,0.46870416666666664
38,1.0,aligned,mi_site,8,-0.039819187064619954,0.7615225870655298,0.46870416666666664
38,1.0,aligned,mi_site,9,0.0248677166076825,-0.6057429894059108,0.46870416666666664
38,1.0,aligned,mi_site,10,0.047438776583878184,-0.6834049883772901,0.46870416666666664
38,1.0,aligned,mi_site,11,-0.002823574151884889,0.42676950424363574,0.46870416666666664
38,1.0,aligned,mi_site,12,0.09209402019395763,-0.7876562430575109,0.46870416666666664
38,1.0,aligned,mi_site,13,0.025729337522361284,-0.3890889862690801,0.46870416666666664
38,1.0,aligned,mi_site,14,-0.01260124081021291,-0.3172608938446195,0.46870416666666664
38,1.0,aligned,mi_site,15,0.000521405201016345,-0.3098635327823353,0.46870416666666664
38,1.0,aligned,mi_site,16,0.005604940353434729,0.3958767614695279,0.46870416666666664
38,1.0,aligned,mi_site,17,-0.009081261903669424,0.487934175423532,0.46870416666666664
38,1.0,aligned,mi_site,18,-0.017633870084267422,0.559209767326178,0.46870416666666664
38,1.0,aligned,mi_site,19,0.01943120953992239,-0.5027598793776364,0.46870416666666664
38,1.0,aligned,mi_site,20,0.009385217862770356,-0.3388831306112376,0.46870416666666664
38,1.0,aligned,mi_site,21,-0.001024614627260223,-0.30187654851963786,0.46870416666666664
38,1.0,aligned,mi_site,22,-0.018670310887639863,-0.006440909497724656,0.46870416666666664
38,1.0,aligned,mi_site,23,-0.021201669980025106,-0.0038904490869022187,0.46870416666666664
38,1.0,aligned,mi_site,24,-0.06411492212164438,-0.6188825063227764,0.46870416666666664
38,1.0,aligned,mi_site,25,0.07380958938449944,0.7692469080947351,0.46870416666666664
38,1.0,aligned,mi_site,26,0.0041887936917738115,0.002495470991208911,0.46870416666666664
38,1.0,aligned,mi_site,27,0.03588016444422426,0.7581893183006675,0.46870416666666664
38,1.0,aligned,mi_site,28,-0.0210546002977966,-0.44401391481584307,0.46870416666666664
38,1.0,aligned,mi_site,29,-0.004134831732367061,-0.6840785188991226,0.46870416666666664
38,1.0,aligned,mi_site,30,0.0003557390789444975,0.10684428568627814,0.46870416666666664
38,1.0,aligned,mi_site,31,0.027442709092476907,-0.030614159241687415,0.46870416666666664
38,1.0,aligned,mi_site,32,-0.007296983591950051,0.2188942692793606,0.46870416666666664
38,1.0,aligned,mi_site,33,0.005104540197873708,-0.27520074028465685,0.46870416666666664
38,1.0,aligned,mi_site,34,0.021438743649621006,-0.49624342398946514,0.46870416666666664
38,1.0,aligned,mi_site,35,0.03826029107583773,-0.39718634242531864,0.46870416666666664
38,1.0,aligned,mi_site,36,-0.00808556768983218,0.2514359265017649,0.46870416666666664
38,1.0,aligned,mi_site,37,-0.031038398712226467,0.23919864915027012,0.46870416666666664
38,1.0,aligned,mi_site,38,-0.009862588108995651,0.8272529133081662,0.46870416666666664
38,1.0,aligned,mi_site,39,0.009497048280391152,0.0066809921804678206,0.46870416666666664
38,1.0,aligned,mi_site,40,-0.018162750399202773,-0.004137134945984755,0.46870416666666664
38,1.0,aligned,mi_site,41,0.020500570552021147,-0.7870857444649216,0.46870416666666664
38,1.0,aligned,mi_site,42,-0.013861475773691678,-0.003452361439109135,0.46870416666666664
38,1.0,aligned,mi_site,43,-0.0005818242034185683,0.6235250794026398,0.46870416666666664
38,1.0,aligned,mi_site,44,0.005960571368391757,0.002807018955232718,0.46870416666666664
38,1.0,aligned,mi_site,45,0.01145593769110902,0.005422187339082288,0.46870416666666664
38,1.0,aligned,mi_site,46,-0.02874411715045595,-0.005383269409726501,0.46870416666666664
38,1.0,aligned,mi_site,47,-0.0021810973361605646,-0.649994052298237,0.46870416666666664
38,1.0,aligned,mi_site,48,-0.010468574617640307,-0.0022432326571228925,0.46870416666666664
38,1.0,aligned,mi_site,49,-0.00047833371877503694,0.516654990696425,0.46870416666666664
38,1.0,aligned,mi_site,50,0.007106004629595946,0.003331676806033406,0.46870416666666664
38,1.0,aligned,mi_site,51,-0.06527737782396947,-0.5704062919410484,0.46870416666666664
38,1.0,aligned,mi_site,52,0.01310006271596986,-0.0018731228062791748,0.46870416666666664
38,1.0,aligned,mi_site,53,-0.04277786420191643,-0.8130791881921114,0.46870416666666664
38,1.0,aligned,mi_site,54,0.00560518108681346,0.378269734013249,0.46870416666666664
38,1.0,aligned,mi_site,55,0.005476559450110052,0.9044069748739703,0.46870416666666664
38,1.0,aligned,mi_site,56,0.007044187330348542,-0.0006081097351499429,0.46870416666666664
38,1.0,aligned,mi_site,57,0.04032826479595408,0.7028874368459544,0.46870416666666664
38,1.0,aligned,mi_site,58,-0.012716695285818758,-0.4997032244710392,0.46870416666666664
38,1.0,aligned,mi_site,59,-0.019069002039302063,-0.6310515593061959,0.46870416666666664
38,1.0,aligned,mi_site,60,0.00207716331868357,-0.0008844054238187357,0.46870416666666664
38,1.0,aligned,mi_site,61,0.00521461904600562,-0.49446231167235094,0.46870416666666664
38,1.0,aligned,mi_site,62,0.019456408113749064,6.488232108124973e-05,0.46870416666666664
38,1.0,aligned,mi_site,63,0.032613614081976494,-0.4613835649694174,0.46870416666666664
38,1.0,aligned,mi_site,64,0.016708432904834147,-0.898257404653696,0.46870416666666664
38,1.0,aligned,mi_site,65,-0.018389812822252605,0.414964512258607,0.46870416666666664
38,1.0,closed,available,0,-0.0022532999832646783,0.4283363458582892,0.46870416666666664
38,1.0,closed,available,1,0.0027134391965152327,0.725127081985091,0.46870416666666664
38,1.0,closed,available,2,-0.024687895063035592,-0.3008561466226568,0.46870416666666664
38,1.0,closed,available,3,0.0021095875046065757,-0.00748743335897016,0.46870416666666664
38,1.0,closed,available,4,0.002146062379287106,-0.007599932897112555,0.46870416666666664
38,1.0,closed,available,5,0.005193874521284392,-0.6180300887634126,0.46870416666666664
38,1.0,closed,available,6,-0.0069194512334112,0.8259036417425043,0.46870416666666664
38,1.0,closed,available,7,-0.011408292522064122,0.005279431376683156,0.46870416666666664
38,1.0,closed,available,8,0.004339042823512385,0.7615225870655298,0.46870416666666664
38,1.0,closed,available,9,0.0037847778507473784,-0.6057429894059108,0.46870416666666664
38,1.0,closed,available,10,0.004509372072278972,-0.6834049883772901,0.46870416666666664
38,1.0,closed,available,11,-0.004867567371006465,0.42676950424363574,0.46870416666666664
38,1.0,closed,available,12,-0.005131588098303608,-0.7876562430575109,0.46870416666666664
38,1.0,closed,available,13,0.002567266544937774,-0.3890889862690801,0.46870416666666664
38,1.0,closed,available,14,0.006261777913082189,-0.3172608938446195,0.46870416666666664
38,1.0,closed,available,15,0.00785398996817277,-0.3098635327823353,0.46870416666666664
38,1.0,closed,available,16,-0.016366111452563448,0.3958767614695279,0.46870416666666664
38,1.0,closed,available,17,-0.0029483714839009245,0.487934175423532,0.46870416666666664
38,1.0,closed,available,18,-0.0029525912665233633,0.559209767326178,0.46870416666666664
38,1.0,closed,available,19,0.00023496138900469532,-0.5027598793776364,0.46870416666666664
38,1.0,closed,available,20,0.0017158005707861301,-0.3388831306112376,0.46870416666666664
38,1.0,closed,available,21,0.004471874171832535,-0.30187654851963786,0.46870416666666664
38,1.0,closed,available,22,-0.00448432101659535,-0.006440909497724656,0.46870416666666664
38,1.0,closed,available,23,0.005507068414935348,-0.0038904490869022187,0.46870416666666664
38,1.0,closed,available,24,-0.005136409541039333,-0.6188825063227764,0.46870416666666664
38,1.0,closed,available,25,-0.004517775650521472,0.7692469080947351,0.46870416666666664
38,1.0,closed,available,26,-0.00465540955441046,0.002495470991208911,0.46870416666666664
38,1.0,closed,available,27,0.01095402444854987,0.7581893183006675,0.46870416666666664
38,1.0,closed,available,28,-0.0026543713163851845,-0.44401391481584307,0.46870416666666664
38,1.0,closed,available,29,-0.001270698503121559,-0.6840785188991226,0.46870416666666664
38,1.0,closed,available,30,0.037561782327237794,0.10684428568627814,0.46870416666666664
38,1.0,closed,available,31,0.02983485905248713,-0.030614159241687415,0.46870416666666664
38,1.0,closed,available,32,-0.03671756909054008,0.2188942692793606,0.46870416666666664
38,1.0,closed,available,33,0.0377428343126186,-0.27520074028465685,0.46870416666666664
38,1.0,closed,available,34,-0.010467720311224282,-0.49624342398946514,0.46870416666666664
38,1.0,closed,available,35,-0.021922141273057028,-0.39718634242531864,0.46870416666666664
38,1.0,closed,available,36,0.013194561413192862,0.2514359265017649,0.46870416666666664
38,1.0,closed,available,37,-0.00612293403619496,0.23919864915027012,0.46870416666666664
38,1.0,closed,available,38,-0.0010635321704939305,0.8272529133081662,0.46870416666666664
38,1.0,closed,available,39,0.00938571115175555,0.0066809921804678206,0.46870416666666664
38,1.0,closed,available,40,0.000769203086928647,-0.004137134945984755,0.46870416666666664
38,1.0,closed,available,41,0.003788598967776502,-0.7870857444649216,0.46870416666666664
38,1.0,closed,available,42,-0.006315066454474076,-0.003452361439109135,0.46870416666666664
38,1.0,closed,available,43,-0.0013156196382692054,0.6235250794026398,0.46870416666666664
38,1.0,closed,available,44,3.181132305735482e-05,0.002807018955232718,0.46870416666666664
38,1.0,closed,available,45,0.005486104195986756,0.005422187339082288,0.46870416666666664
38,1.0,closed,available,46,0.007111538567228863,-0.005383269409726501,0.46870416666666664
38,1.0,closed,available,47,0.003546000130547733,-0.649994052298237,0.46870416666666664
38,1.0,closed,available,48,-0.0061281865848186595,-0.0022432326571228925,0.46870416666666664
38,1.0,closed,available,49,-0.013635157192503966,0.516654990696425,0.46870416666666664
38,1.0,closed,available,50,-0.002046391973423531,0.003331676806033406,0.46870416666666664
38,1.0,closed,available,51,-0.0025521612577635855,-0.5704062919410484,0.46870416666666664
38,1.0,closed,available,52,0.009229089966880056,-0.0018731228062791748,0.46870416666666664
38,1.0,closed,available,53,-0.0016882585115363113,-0.8130791881921114,0.46870416666666664
38,1.0,closed,available,54,0.003006035280920749,0.378269734013249,0.46870416666666664
38,1.0,closed,available,55,-4.62668610062833e-05,0.9044069748739703,0.46870416666666664
38,1.0,closed,available,56,-0.008256287137532478,-0.0006081097351499429,0.46870416666666664
38,1.0,closed,available,57,0.013337678984324364,0.7028874368459544,0.46870416666666664
38,1.0,closed,available,58,0.005047772392525018,-0.4997032244710392,0.46870416666666664
38,1.0,closed,available,59,0.0027008048720796873,-0.6310515593061959,0.46870416666666664
38,1.0,closed,available,60,-0.007860485924693864,-0.0008844054238187357,0.46870416666666664
38,1.0,closed,available,61,0.019502652870689474,-0.49446231167235094,0.46870416666666664
38,1.0,closed,available,62,0.00677457542495726,6.488232108124973e-05,0.46870416666666664
38,1.0,closed,available,63,-0.013209574251372591,-0.4613835649694174,0.46870416666666664
38,1.0,closed,available,64,-0.0025955376486801462,-0.898257404653696,0.46870416666666664
38,1.0,closed,available,65,-0.00028121416166165814,0.414964512258607,0.46870416666666664
38,1.0,closed,mi_obs,0,0.026078748712485167,0.4283363458582892,0.46870416666666664
38,1.0,closed,mi_obs,1,0.06424362318983423,0.725127081985091,0.46870416666666664
38,1.0,closed,mi_obs,2,-0.05280972265863698,-0.3008561466226568,0.46870416666666664
38,1.0,closed,mi_obs,3,-0.011350798647969906,-0.00748743335897016,0.46870416666666664
38,1.0,closed,mi_obs,4,-0.016573019864805544,-0.007599932897112555,0.46870416666666664
38,1.0,closed,mi_obs,5,-0.03721984609538853,-0.6180300887634126,0.46870416666666664
38,1.0,closed,mi_obs,6,0.05356268752357585,0.8259036417425043,0.46870416666666664
38,1.0,closed,mi_obs,7,-0.013836673094463743,0.005279431376683156,0.46870416666666664
38,1.0,closed,mi_obs,8,0.03040568213321848,0.7615225870655298,0.46870416666666664
38,1.0,closed,mi_obs,9,-0.04196989666545836,-0.6057429894059108,0.46870416666666664
38,1.0,closed,mi_obs,10,-0.01577177577324762,-0.6834049883772901,0.46870416666666664
38,1.0,closed,mi_obs,11,0.040585486422713146,0.42676950424363574,0.46870416666666664
38,1.0,closed,mi_obs,12,-0.05626262560907491,-0.7876562430575109,0.46870416666666664
38,1.0,closed,mi_obs,13,-0.007278090125788117,-0.3890889862690801,0.46870416666666664
38,1.0,closed,mi_obs,14,-0.002530260518740113,-0.3172608938446195,0.46870416666666664
38,1.0,closed,mi_obs,15,-0.02761094116772056,-0.3098635327823353,0.46870416666666664
38,1.0,closed,mi_obs,16,0.02975198691647818,0.3958767614695279,0.46870416666666664
38,1.0,closed,mi_obs,17,0.00971359583547765,0.487934175423532,0.46870416666666664
38,1.0,closed,mi_obs,18,0.010390544823782766,0.559209767326178,0.46870416666666664
38,1.0,closed,mi_obs,19,-0.030160903212676726,-0.5027598793776364,0.46870416666666664
38,1.0,closed,mi_obs,20,-0.01018835410903679,-0.3388831306112376,0.46870416666666664
38,1.0,closed,mi_obs,21,-0.061125732249321274,-0.30187654851963786,0.46870416666666664
38,1.0,closed,mi_obs,22,-0.021231862441233058,-0.006440909497724656,0.46870416666666664
38,1.0,closed,mi_obs,23,-0.016288018645489597,-0.0038904490869022187,0.46870416666666664
38,1.0,closed,mi_obs,24,-0.0719324023535961,-0.6188825063227764,0.46870416666666664
38,1.0,closed,mi_obs,25,0.10076615271318523,0.7692469080947351,0.46870416666666664
38,1.0,closed,mi_obs,26,0.006622717095147104,0.002495470991208911,0.46870416666666664
38,1.0,closed,mi_obs,27,0.060548065806586227,0.7581893183006675,0.46870416666666664
38,1.0,closed,mi_obs,28,-0.06133999984148775,-0.44401391481584307,0.46870416666666664
38,1.0,closed,mi_obs,29,-0.04814160930051303,-0.6840785188991226,0.46870416666666664
38,1.0,closed,mi_obs,30,0.023445838801639043,0.10684428568627814,0.46870416666666664
38,1.0,closed,mi_obs,31,0.022129293965309223,-0.030614159241687415,0.46870416666666664
38,1.0,closed,mi_obs,32,0.036600581054831965,0.2188942692793606,0.46870416666666664
38,1.0,closed,mi_obs,33,-0.03777219498458789,-0.27520074028465685,0.46870416666666664
38,1.0,closed,mi_obs,34,-0.05217163332348301,-0.49624342398946514,0.46870416666666664
38,1.0,closed,mi_obs,35,-0.030863801348133102,-0.39718634242531864,0.46870416666666664
38,1.0,closed,mi_obs,36,0.030370170968863464,0.2514359265017649,0.46870416666666664
38,1.0,closed,mi_obs,37,0.025316832588809346,0.23919864915027012,0.46870416666666664
38,1.0,closed,mi_obs,38,0.016754332055403998,0.8272529133081662,0.46870416666666664
38,1.0,closed,mi_obs,39,0.011418231971142181,0.0066809921804678206,0.46870416666666664
38,1.0,closed,mi_obs,40,0.003265998613584049,-0.004137134945984755,0.46870416666666664
38,1.0,closed,mi_obs,41,0.025453730063974,-0.7870857444649216,0.46870416666666664
38,1.0,closed,mi_obs,42,-0.006940369178653807,-0.003452361439109135,0.46870416666666664
38,1.0,closed,mi_obs,43,0.03758618273277459,0.6235250794026398,0.46870416666666664
38,1.0,closed,mi_obs,44,0.0036361725672176583,0.002807018955232718,0.46870416666666664
38,1.0,closed,mi_obs,45,0.01693946040047834,0.005422187339082288,0.46870416666666664
38,1.0,closed,mi_obs,46,-0.014027132014820101,-0.005383269409726501,0.46870416666666664
38,1.0,closed,mi_obs,47,0.0281025493648549,-0.649994052298237,0.46870416666666664
38,1.0,closed,mi_obs,48,0.0008324063174089762,-0.0022432326571228925,0.46870416666666664
38,1.0,closed,mi_obs,49,0.015802306154670043,0.516654990696425,0.46870416666666664
38,1.0,closed,mi_obs,50,0.00559302096067028,0.003331676806033406,0.46870416666666664
38,1.0,closed,mi_obs,51,-0.047312768498201874,-0.5704062919410484,0.46870416666666664
38,1.0,closed,mi_obs,52,0.016069282001533437,-0.0018731228062791748,0.46870416666666664
38,1.0,closed,mi_obs,53,-0.04158988145349063,-0.8130791881921114,0.46870416666666664
38,1.0,closed,mi_obs,54,0.03388232454183465,0.378269734013249,0.46870416666666664
38,1.0,closed,mi_obs,55,0.036732023136491376,0.9044069748739703,0.46870416666666664
38,1.0,closed,mi_obs,56,-0.023861206456895285,-0.0006081097351499429,0.46870416666666664
38,1.0,closed,mi_obs,57,0.011799026434868964,0.7028874368459544,0.46870416666666664
38,1.0,closed,mi_obs,58,-0.020568235746934005,-0.4997032244710392,0.46870416666666664
38,1.0,closed,mi_obs,59,-0.019046163615485723,-0.6310515593061959,0.46870416666666664
38,1.0,closed,mi_obs,60,-0.0016482474824912967,-0.0008844054238187357,0.46870416666666664
38,1.0,closed,mi_obs,61,0.04398020061175978,-0.49446231167235094,0.46870416666666664
38,1.0,closed,mi_obs,62,0.019638612326114937,6.488232108124973e-05,0.46870416666666664
38,1.0,closed,mi_obs,63,-0.01533429772506717,-0.4613835649694174,0.46870416666666664
38,1.0,closed,mi_obs,64,-0.022614168404062274,-0.898257404653696,0.46870416666666664
38,1.0,closed,mi_obs,65,0.012583698902204177,0.414964512258607,0.46870416666666664
38,1.0,closed,mi_class,0,0.00020120784663646418,0.4283363458582892,0.46870416666666664
38,1.0,closed,mi_class,1,-0.06903716542645877,0.725127081985091,0.46870416666666664
38,1.0,closed,mi_class,2,-0.07006022560235348,-0.3008561466226568,0.46870416666666664
38,1.0,closed,mi_class,3,-0.06871158911141396,-0.00748743335897016,0.46870416666666664
38,1.0,closed,mi_class,4,-0.012185806123846041,-0.007599932897112555,0.46870416666666664
38,1.0,closed,mi_class,5,0.11460612857912877,-0.6180300887634126,0.46870416666666664
38,1.0,closed,mi_class,6,0.0019127098759269545,0.8259036417425043,0.46870416666666664
38,1.0,closed,mi_class,7,0.006409914826841279,0.005279431376683156,0.46870416666666664
38,1.0,closed,mi_class,8,-0.08073355998218634,0.7615225870655298,0.46870416666666664
38,1.0,closed,mi_class,9,0.3581188412534959,-0.6057429894059108,0.46870416666666664
38,1.0,closed,mi_class,10,0.01285594562291592,-0.6834049883772901,0.46870416666666664
38,1.0,closed,mi_class,11,-0.018280216043409347,0.42676950424363574,0.46870416666666664
38,1.0,closed,mi_class,12,0.057262438536797466,-0.7876562430575109,0.46870416666666664
38,1.0,closed,mi_class,13,0.17663623530572947,-0.3890889862690801,0.46870416666666664
38,1.0,closed,mi_class,14,0.11565856394586618,-0.3172608938446195,0.46870416666666664
38,1.0,closed,mi_class,15,0.11428481583015995,-0.3098635327823353,0.46870416666666664
38,1.0,closed,mi_class,16,0.006781729138179093,0.3958767614695279,0.46870416666666664
38,1.0,closed,mi_class,17,-0.19262381991911393,0.487934175423532,0.46870416666666664
38,1.0,closed,mi_class,18,-0.08422111013068029,0.559209767326178,0.46870416666666664
38,1.0,closed,mi_class,19,0.2942014752598527,-0.5027598793776364,0.46870416666666664
38,1.0,closed,mi_class,20,0.025619853722090635,-0.3388831306112376,0.46870416666666664
38,1.0,closed,mi_class,21,-0.03609041970034543,-0.30187654851963786,0.46870416666666664
38,1.0,closed,mi_class,22,-0.036031801007719494,-0.006440909497724656,0.46870416666666664
38,1.0,closed,mi_class,23,-0.01289899959109558,-0.0038904490869022187,0.46870416666666664
38,1.0,closed,mi_class,24,0.24389198611920626,-0.6188825063227764,0.46870416666666664
38,1.0,closed,mi_class,25,-0.16693635089270586,0.7692469080947351,0.46870416666666664
38,1.0,closed,mi_class,26,-0.013075805612171386,0.002495470991208911,0.46870416666666664
38,1.0,closed,mi_class,27,-0.11839555714777072,0.7581893183006675,0.46870416666666664
38,1.0,closed,mi_class,28,0.299365099769614,-0.44401391481584307,0.46870416666666664
38,1.0,closed,mi_class,29,0.042228436968573924,-0.6840785188991226,0.46870416666666664
38,1.0,closed,mi_class,30,-0.02357404331819371,0.10684428568627814,0.46870416666666664
38,1.0,closed,mi_class,31,0.006795711634644094,-0.030614159241687415,0.46870416666666664
38,1.0,closed,mi_class,32,-0.041340027892499714,0.2188942692793606,0.46870416666666664
38,1.0,closed,mi_class,33,-0.03279538382240016,-0.27520074028465685,0.46870416666666664
38,1.0,closed,mi_class,34,0.1333724525571397,-0.49624342398946514,0.46870416666666664
38,1.0,closed,mi_class,35,0.009172515826486427,-0.39718634242531864,0.46870416666666664
38,1.0,closed,mi_class,36,-0.36482908486575527,0.2514359265017649,0.46870416666666664
38,1.0,closed,mi_class,37,0.033958654701331636,0.23919864915027012,0.46870416666666664
38,1.0,closed,mi_class,38,-0.2578721595597677,0.8272529133081662,0.46870416666666664
38,1.0,closed,mi_class,39,0.005081934200058276,0.0066809921804678206,0.46870416666666664
38,1.0,closed,mi_class,40,-0.04775034916714007,-0.004137134945984755,0.46870416666666664
38,1.0,closed,mi_class,41,0.2965051634194051,-0.7870857444649216,0.46870416666666664
38,1.0,closed,mi_class,42,-0.04174903790440527,-0.003452361439109135,0.46870416666666664
38,1.0,closed,mi_class,43,-0.44545628640460244,0.6235250794026398,0.46870416666666664
38,1.0,closed,mi_class,44,0.00738766382099982,0.002807018955232718,0.46870416666666664
38,1.0,closed,mi_class,45,0.0036426743576913377,0.005422187339082288,0.46870416666666664
38,1.0,closed,mi_class,46,-0.01049029402846444,-0.005383269409726501,0.46870416666666664
38,1.0,closed,mi_class,47,0.06046014003504385,-0.649994052298237,0.46870416666666664
38,1.0,closed,mi_class,48,-0.027400463055270895,-0.0022432326571228925,0.46870416666666664
38,1.0,closed,mi_class,49,-0.35253530859528037,0.516654990696425,0.46870416666666664
38,1.0,closed,mi_class,50,-0.001152861559530375,0.003331676806033406,0.46870416666666664
38,1.0,closed,mi_class,51,0.12558517826789528,-0.5704062919410484,0.46870416666666664
38,1.0,closed,mi_class,52,0.006097274436490711,-0.0018731228062791748,0.46870416666666664
38,1.0,closed,mi_class,53,0.19219760510637007,-0.8130791881921114,0.46870416666666664
38,1.0,closed,mi_class,54,-0.25497672722478093,0.378269734013249,0.46870416666666664
38,1.0,closed,mi_class,55,-0.20660263654177813,0.9044069748739703,0.46870416666666664
38,1.0,closed,mi_class,56,0.02745997071742577,-0.0006081097351499429,0.46870416666666664
38,1.0,closed,mi_class,57,-0.08809784619633398,0.7028874368459544,0.46870416666666664
38,1.0,closed,mi_class,58,0.2978819458211976,-0.4997032244710392,0.46870416666666664
38,1.0,closed,mi_class,59,0.06372132787716189,-0.6310515593061959,0.46870416666666664
38,1.0,closed,mi_class,60,0.07537340717473529,-0.0008844054238187357,0.46870416666666664
38,1.0,closed,mi_class,61,0.3565691420189344,-0.49446231167235094,0.46870416666666664
38,1.0,closed,mi_class,62,0.010786609711607694,6.488232108124973e-05,0.46870416666666664
38,1.0,closed,mi_class,63,0.2773296659105243,-0.4613835649694174,0.46870416666666664
38,1.0,closed,mi_class,64,0.1016453278362085,-0.898257404653696,0.46870416666666664
38,1.0,closed,mi_class,65,-0.24235292623223603,0.414964512258607,0.46870416666666664
38,1.0,closed,mi_site,0,0.02401354482241419,0.4283363458582892,0.46870416666666664
38,1.0,closed,mi_site,1,0.05695707492540247,0.725127081985091,0.46870416666666664
38,1.0,closed,mi_site,2,-0.033970408420561815,-0.3008561466226568,0.46870416666666664
38,1.0,closed,mi_site,3,-0.014504494892211381,-0.00748743335897016,0.46870416666666664
38,1.0,closed,mi_site,4,-0.015742032350981875,-0.007599932897112555,0.46870416666666664
38,1.0,closed,mi_site,5,-0.03496772908344792,-0.6180300887634126,0.46870416666666664
38,1.0,closed,mi_site,6,0.0495971910307339,0.8259036417425043,0.46870416666666664
38,1.0,closed,mi_site,7,-0.0023572865187895674,0.005279431376683156,0.46870416666666664
38,1.0,closed,mi_site,8,0.025894355576880024,0.7615225870655298,0.46870416666666664
38,1.0,closed,mi_site,9,-0.034556729855753754,-0.6057429894059108,0.46870416666666664
38,1.0,closed,mi_site,10,-0.015787109079699158,-0.6834049883772901,0.46870416666666664
38,1.0,closed,mi_site,11,0.03431012147356066,0.42676950424363574,0.46870416666666664
38,1.0,closed,mi_site,12,-0.0468924563524058,-0.7876562430575109,0.46870416666666664
38,1.0,closed,mi_site,13,-0.004905529576545387,-0.3890889862690801,0.46870416666666664
38,1.0,closed,mi_site,14,0.00021412201526993524,-0.3172608938446195,0.46870416666666664
38,1.0,closed,mi_site,15,-0.026698859126904784,-0.3098635327823353,0.46870416666666664
38,1.0,closed,mi_site,16,0.031127415199677655,0.3958767614695279,0.46870416666666664
38,1.0,closed,mi_site,17,0.01675110487308007,0.487934175423532,0.46870416666666664
38,1.0,closed,mi_site,18,0.007630747744305388,0.559209767326178,0.46870416666666664
38,1.0,closed,mi_site,19,-0.02914616232602829,-0.5027598793776364,0.46870416666666664
38,1.0,closed,mi_site,20,-0.012196344087333388,-0.3388831306112376,0.46870416666666664
38,1.0,closed,mi_site,21,-0.03572294714195362,-0.30187654851963786,0.46870416666666664
38,1.0,closed,mi_site,22,-0.022841386562927755,-0.006440909497724656,0.46870416666666664
38,1.0,closed,mi_site,23,-0.018788760269825178,-0.0038904490869022187,0.46870416666666664
38,1.0,closed,mi_site,24,-0.05713191689785946,-0.6188825063227764,0.46870416666666664
38,1.0,closed,mi_site,25,0.08198055418642536,0.7692469080947351,0.46870416666666664
38,1.0,closed,mi_site,26,0.016606685432972904,0.002495470991208911,0.46870416666666664
38,1.0,closed,mi_site,27,0.04742226617144918,0.7581893183006675,0.46870416666666664
38,1.0,closed,mi_site,28,-0.0417326257266219,-0.44401391481584307,0.46870416666666664
38,1.0,closed,mi_site,29,-0.041628068521478934,-0.6840785188991226,0.46870416666666664
38,1.0,closed,mi_site,30,0.03209181650603003,0.10684428568627814,0.46870416666666664
38,1.0,closed,mi_site,31,0.021824044535267935,-0.030614159241687415,0.46870416666666664
38,1.0,closed,mi_site,32,0.029559496943746794,0.2188942692793606,0.46870416666666664
38,1.0,closed,mi_site,33,-0.02715178057702855,-0.27520074028465685,0.46870416666666664
38,1.0,closed,mi_site,34,-0.049983720655161934,-0.49624342398946514,0.46870416666666664
38,1.0,closed,mi_site,35,-0.0229690485960643,-0.39718634242531864,0.46870416666666664
38,1.0,closed,mi_site,36,0.027900028147606337,0.2514359265017649,0.46870416666666664
38,1.0,closed,mi_site,37,0.01689563931529281,0.23919864915027012,0.46870416666666664
38,1.0,closed,mi_site,38,0.016525424349001838,0.8272529133081662,0.46870416666666664
38,1.0,closed,mi_site,39,0.013629405611735299,0.0066809921804678206,0.46870416666666664
38,1.0,closed,mi_site,40,-0.0050625529440379655,-0.004137134945984755,0.46870416666666664
38,1.0,closed,mi_site,41,0.02469525929811689,-0.7870857444649216,0.46870416666666664
38,1.0,closed,mi_site,42,-0.011114586547362469,-0.003452361439109135,0.46870416666666664
38,1.0,closed,mi_site,43,0.03407125180678128,0.6235250794026398,0.46870416666666664
38,1.0,closed,mi_site,44,0.0057357744864889116,0.002807018955232718,0.46870416666666664
38,1.0,closed,mi_site,45,0.015334727981587321,0.005422187339082288,0.46870416666666664
38,1.0,closed,mi_site,46,-0.011740120789311331,-0.005383269409726501,0.46870416666666664
38,1.0,closed,mi_site,47,0.023150048723431627,-0.649994052298237,0.46870416666666664
38,1.0,closed,mi_site,48,-0.0038136068187239465,-0.0022432326571228925,0.46870416666666664
38,1.0,closed,mi_site,49,0.0252741312268584,0.516654990696425,0.46870416666666664
38,1.0,closed,mi_site,50,0.006518948258422865,0.003331676806033406,0.46870416666666664
38,1.0,closed,mi_site,51,-0.0421669500314501,-0.5704062919410484,0.46870416666666664
38,1.0,closed,mi_site,52,0.008654580487947174,-0.0018731228062791748,0.46870416666666664
38,1.0,closed,mi_site,53,-0.04035810157006914,-0.8130791881921114,0.46870416666666664
38,1.0,closed,mi_site,54,0.027589230020840183,0.378269734013249,0.46870416666666664
38,1.0,closed,mi_site,55,0.031564090756519,0.9044069748739703,0.46870416666666664
38,1.0,closed,mi_site,56,-0.005681487067150496,-0.0006081097351499429,0.46870416666666664
38,1.0,closed,mi_site,57,0.014064456152391158,0.7028874368459544,0.46870416666666664
38,1.0,closed,mi_site,58,-0.022035644338736393,-0.4997032244710392,0.46870416666666664
38,1.0,closed,mi_site,59,-0.018009685684964305,-0.6310515593061959,0.46870416666666664
38,1.0,closed,mi_site,60,0.007242299169920532,-0.0008844054238187357,0.46870416666666664
38,1.0,closed,mi_site,61,0.03642344223654942,-0.49446231167235094,0.46870416666666664
38,1.0,closed,mi_site,62,0.011467103511325922,6.488232108124973e-05,0.46870416666666664
38,1.0,closed,mi_site,63,-0.01195100405615307,-0.4613835649694174,0.46870416666666664
38,1.0,closed,mi_site,64,-0.020769536143561473,-0.898257404653696,0.46870416666666664
38,1.0,closed,mi_site,65,0.007029057015258855,0.414964512258607,0.46870416666666664
38,2.0,aligned,available,0,0.0027869519318913794,0.43561252009127327,0.46870416666666664
38,2.0,aligned,available,1,-0.002536923451701978,0.7171646394103963,0.46870416666666664
38,2.0,aligned,available,2,-0.013536495617081534,-0.3031999854605734,0.46870416666666664
38,2.0,aligned,available,3,-0.001540928693810277,-0.013043196141700889,0.46870416666666664
38,2.0,aligned,available,4,0.006014082102846057,-0.012539276729449253,0.46870416666666664
38,2.0,aligned,available,5,0.008869125333598515,-0.6276955410728942,0.46870416666666664
38,2.0,aligned,available,6,0.0005041294880202551,0.8321995170514813,0.46870416666666664
38,2.0,aligned,available,7,0.010558868271943543,0.009184460057500492,0.46870416666666664
38,2.0,aligned,available,8,0.0072088075436052,0.7682517521669986,0.46870416666666664
38,2.0,aligned,available,9,0.003857913321700379,-0.6097724768675743,0.46870416666666664
38,2.0,aligned,available,10,0.0021596529851337642,-0.6921994741375861,0.46870416666666664
38,2.0,aligned,available,11,0.016077836433737558,0.4269310937758419,0.46870416666666664
38,2.0,aligned,available,12,-0.0062658448140999745,-0.7853394654304855,0.46870416666666664
38,2.0,aligned,available,13,-0.005955659034173555,-0.40079753305477533,0.46870416666666664
38,2.0,aligned,available,14,-0.009037654344682289,-0.33237831127415496,0.46870416666666664
38,2.0,aligned,available,15,0.002192615737002246,-0.317416608741262,0.46870416666666664
38,2.0,aligned,available,16,-0.008788485587715555,0.40409418429578886,0.46870416666666664
38,2.0,aligned,available,17,0.0034987121452252357,0.5019685208307236,0.46870416666666664
38,2.0,aligned,available,18,0.002338211776951926,0.5595318342746214,0.46870416666666664
38,2.0,aligned,available,19,0.008389367707742457,-0.5182064725910589,0.46870416666666664
38,2.0,aligned,available,20,0.00081511970665199,-0.34665606213468925,0.46870416666666664
38,2.0,aligned,available,21,-0.022949116481635834,-0.2967991024618949,0.46870416666666664
38,2.0,aligned,available,22,0.002990409651862799,-0.0031474007736524037,0.46870416666666664
38,2.0,aligned,available,23,0.0069056064563403526,-0.0008776323727377313,0.46870416666666664
38,2.0,aligned,available,24,-0.006723985830327295,-0.626850409451848,0.46870416666666664
38,2.0,aligned,available,25,-0.00121459807316604,0.7714623017912203,0.46870416666666664
38,2.0,aligned,available,26,0.008341124104356543,-0.005993330687451157,0.46870416666666664
38,2.0,aligned,available,27,0.008274075685405169,0.7629519545925979,0.46870416666666664
38,2.0,aligned,available,28,-0.007227047145197063,-0.4374045440767238,0.46870416666666664
38,2.0,aligned,available,29,-0.006041414662934397,-0.6907061371295996,0.46870416666666664
38,2.0,aligned,available,30,0.016655941318757084,0.10739479079824381,0.46870416666666664
38,2.0,aligned,available,31,0.016875124724751493,-0.02162181221191144,0.46870416666666664
38,2.0,aligned,available,32,0.033379885705966894,0.22065685364343773,0.46870416666666664
38,2.0,aligned,available,33,-0.0007919355785609428,-0.2774302357323676,0.46870416666666664
38,2.0,aligned,available,34,-0.0025598854049982966,-0.5047374810710298,0.46870416666666664
38,2.0,aligned,available,35,-0.0370841309806475,-0.3925979217327394,0.46870416666666664
38,2.0,aligned,available,36,0.025068352358704304,0.25387863827844304,0.46870416666666664
38,2.0,aligned,available,37,0.01778098202198994,0.24068215474416185,0.46870416666666664
38,2.0,aligned,available,38,-0.0015243418244114126,0.8397821317502903,0.46870416666666664
38,2.0,aligned,available,39,-0.0008876255665779282,0.006603137802171966,0.46870416666666664
38,2.0,aligned,available,40,0.005780480481231327,-0.006798868542633789,0.46870416666666664
38,2.0,aligned,available,41,0.0005757252799162282,-0.7875902208473089,0.46870416666666664
38,2.0,aligned,available,42,0.042010988790671965,-0.003918771138167287,0.46870416666666664
38,2.0,aligned,available,43,-0.006288286518228214,0.6367346058918402,0.46870416666666664
38,2.0,aligned,available,44,-0.0030896435783490956,0.0037456392037720715,0.46870416666666664
38,2.0,aligned,available,45,0.0024140047457181244,0.005397473140293302,0.46870416666666664
38,2.0,aligned,available,46,0.002110622019539473,-0.007567300970093366,0.46870416666666664
38,2.0,aligned,available,47,-0.004644132613846108,-0.6607828303132514,0.46870416666666664
38,2.0,aligned,available,48,0.057661202492850394,-0.0026478757179003373,0.46870416666666664
38,2.0,aligned,available,49,-0.00957425613129348,0.5356628632527536,0.46870416666666664
38,2.0,aligned,available,50,-0.002077812211654325,0.00404782962446434,0.46870416666666664
38,2.0,aligned,available,51,-0.001703849067294927,-0.5845857790626999,0.46870416666666664
38,2.0,aligned,available,52,0.000900447540156283,0.0014062862187467873,0.46870416666666664
38,2.0,aligned,available,53,0.001217737934071872,-0.8186212780155651,0.46870416666666664
38,2.0,aligned,available,54,-0.009013843600423954,0.38429278747058726,0.46870416666666664
38,2.0,aligned,available,55,-0.00201575286225808,0.9070880858946511,0.46870416666666664
38,2.0,aligned,available,56,0.004130029715798022,-0.0009865635143494463,0.46870416666666664
38,2.0,aligned,available,57,0.0022766508191054413,0.7154980873493009,0.46870416666666664
38,2.0,aligned,available,58,0.0074362567079382935,-0.5055872411368667,0.46870416666666664
38,2.0,aligned,available,59,-0.0031038115253302356,-0.6448462413781372,0.46870416666666664
38,2.0,aligned,available,60,-0.03484959774033271,-0.003918572985258253,0.46870416666666664
38,2.0,aligned,available,61,-0.0026547248560677694,-0.5043369671660838,0.46870416666666664
38,2.0,aligned,available,62,-0.0008016303250646438,0.0029101716134884775,0.46870416666666664
38,2.0,aligned,available,63,0.009321762014363022,-0.46607174857797184,0.46870416666666664
38,2.0,aligned,available,64,-0.0026871750063253153,-0.9017405539868915,0.46870416666666664
38,2.0,aligned,available,65,-0.00859272490171159,0.42110706954130717,0.46870416666666664
38,2.0,aligned,mi_obs,0,0.019097122637224517,0.43561252009127327,0.46870416666666664
38,2.0,aligned,mi_obs,1,0.05436033794567119,0.7171646394103963,0.46870416666666664
38,2.0,aligned,mi_obs,2,-0.03798515830025184,-0.3031999854605734,0.46870416666666664
38,2.0,aligned,mi_obs,3,-0.0057208245897452156,-0.013043196141700889,0.46870416666666664
38,2.0,aligned,mi_obs,4,-0.010569295120070984,-0.012539276729449253,0.46870416666666664
38,2.0,aligned,mi_obs,5,-0.030556415488790845,-0.6276955410728942,0.46870416666666664
38,2.0,aligned,mi_obs,6,0.05893607963825287,0.8321995170514813,0.46870416666666664
38,2.0,aligned,mi_obs,7,-0.012678277028255277,0.009184460057500492,0.46870416666666664
38,2.0,aligned,mi_obs,8,0.03026080529653663,0.7682517521669986,0.46870416666666664
38,2.0,aligned,mi_obs,9,-0.04018793399494014,-0.6097724768675743,0.46870416666666664
38,2.0,aligned,mi_obs,10,-0.012620412031913553,-0.6921994741375861,0.46870416666666664
38,2.0,aligned,mi_obs,11,0.043907800696664556,0.4269310937758419,0.46870416666666664
38,2.0,aligned,mi_obs,12,-0.04691823515551574,-0.7853394654304855,0.46870416666666664
38,2.0,aligned,mi_obs,13,-0.006612518292662906,-0.40079753305477533,0.46870416666666664
38,2.0,aligned,mi_obs,14,-0.015408620241447901,-0.33237831127415496,0.46870416666666664
38,2.0,aligned,mi_obs,15,-0.021081092553068503,-0.317416608741262,0.46870416666666664
38,2.0,aligned,mi_obs,16,0.02825736359176889,0.40409418429578886,0.46870416666666664
38,2.0,aligned,mi_obs,17,0.005257955473838227,0.5019685208307236,0.46870416666666664
38,2.0,aligned,mi_obs,18,0.011111822962205253,0.5595318342746214,0.46870416666666664
38,2.0,aligned,mi_obs,19,-0.024264975808023226,-0.5182064725910589,0.46870416666666664
38,2.0,aligned,mi_obs,20,-0.008462712797723704,-0.34665606213468925,0.46870416666666664
38,2.0,aligned,mi_obs,21,-0.053149286254303485,-0.2967991024618949,0.46870416666666664
38,2.0,aligned,mi_obs,22,-0.025193862580325715,-0.0031474007736524037,0.46870416666666664
38,2.0,aligned,mi_obs,23,-0.010599751331111216,-0.0008776323727377313,0.46870416666666664
38,2.0,aligned,mi_obs,24,-0.07666355766094757,-0.626850409451848,0.46870416666666664
38,2.0,aligned,mi_obs,25,0.09955022919322676,0.7714623017912203,0.46870416666666664
38,2.0,aligned,mi_obs,26,0.0017666475353930178,-0.005993330687451157,0.46870416666666664
38,2.0,aligned,mi_obs,27,0.06620025814530528,0.7629519545925979,0.46870416666666664
38,2.0,aligned,mi_obs,28,-0.06371240113285637,-0.4374045440767238,0.46870416666666664
38,2.0,aligned,mi_obs,29,-0.05921571784227608,-0.6907061371295996,0.46870416666666664
38,2.0,aligned,mi_obs,30,0.01537998787586424,0.10739479079824381,0.46870416666666664
38,2.0,aligned,mi_obs,31,0.03401532368533215,-0.02162181221191144,0.46870416666666664
38,2.0,aligned,mi_obs,32,0.02241968653199569,0.22065685364343773,0.46870416666666664
38,2.0,aligned,mi_obs,33,-0.05310925537413036,-0.2774302357323676,0.46870416666666664
38,2.0,aligned,mi_obs,34,-0.03874498933389958,-0.5047374810710298,0.46870416666666664
38,2.0,aligned,mi_obs,35,-0.022560283605600917,-0.3925979217327394,0.46870416666666664
38,2.0,aligned,mi_obs,36,0.016602648439497714,0.25387863827844304,0.46870416666666664
38,2.0,aligned,mi_obs,37,0.009567317938977665,0.24068215474416185,0.46870416666666664
38,2.0,aligned,mi_obs,38,0.01891448310120436,0.8397821317502903,0.46870416666666664
38,2.0,aligned,mi_obs,39,0.0009851498014627445,0.006603137802171966,0.46870416666666664
38,2.0,aligned,mi_obs,40,0.006265370698423643,-0.006798868542633789,0.46870416666666664
38,2.0,aligned,mi_obs,41,0.01123340186014854,-0.7875902208473089,0.46870416666666664
38,2.0,aligned,mi_obs,42,-0.0007745023549359529,-0.003918771138167287,0.46870416666666664
38,2.0,aligned,mi_obs,43,0.038713909595566864,0.6367346058918402,0.46870416666666664
38,2.0,aligned,mi_obs,44,-0.005935870742055091,0.0037456392037720715,0.46870416666666664
38,2.0,aligned,mi_obs,45,0.0040409603180809476,0.005397473140293302,0.46870416666666664
38,2.0,aligned,mi_obs,46,-0.004983922928515754,-0.007567300970093366,0.46870416666666664
38,2.0,aligned,mi_obs,47,0.009554444385682537,-0.6607828303132514,0.46870416666666664
38,2.0,aligned,mi_obs,48,0.010526297475950854,-0.0026478757179003373,0.46870416666666664
38,2.0,aligned,mi_obs,49,0.018619658736937272,0.5356628632527536,0.46870416666666664
38,2.0,aligned,mi_obs,50,-0.0011275277379290652,0.00404782962446434,0.46870416666666664
38,2.0,aligned,mi_obs,51,-0.04532199079119059,-0.5845857790626999,0.46870416666666664
38,2.0,aligned,mi_obs,52,0.01916163304860967,0.0014062862187467873,0.46870416666666664
38,2.0,aligned,mi_obs,53,-0.04992750482311492,-0.8186212780155651,0.46870416666666664
38,2.0,aligned,mi_obs,54,0.026970314149626473,0.38429278747058726,0.46870416666666664
38,2.0,aligned,mi_obs,55,0.03541661489015224,0.9070880858946511,0.46870416666666664
38,2.0,aligned,mi_obs,56,-0.014129898167593037,-0.0009865635143494463,0.46870416666666664
38,2.0,aligned,mi_obs,57,0.026290939216229936,0.7154980873493009,0.46870416666666664
38,2.0,aligned,mi_obs,58,-0.029524718431813035,-0.5055872411368667,0.46870416666666664
38,2.0,aligned,mi_obs,59,-0.030524193833509794,-0.6448462413781372,0.46870416666666664
38,2.0,aligned,mi_obs,60,0.0045734950063817965,-0.003918572985258253,0.46870416666666664
38,2.0,aligned,mi_obs,61,0.02038209378221406,-0.5043369671660838,0.46870416666666664
38,2.0,aligned,mi_obs,62,0.022847542994325138,0.0029101716134884775,0.46870416666666664
38,2.0,aligned,mi_obs,63,-0.009973926195754323,-0.46607174857797184,0.46870416666666664
38,2.0,aligned,mi_obs,64,-0.020122382666936556,-0.9017405539868915,0.46870416666666664
38,2.0,aligned,mi_obs,65,0.009214294336896245,0.42110706954130717,0.46870416666666664
38,2.0,aligned,mi_class,0,-0.02699303035000339,0.43561252009127327,0.46870416666666664
38,2.0,aligned,mi_class,1,-0.06971474701675662,0.7171646394103963,0.46870416666666664
38,2.0,aligned,mi_class,2,0.02216311214195088,-0.3031999854605734,0.46870416666666664
38,2.0,aligned,mi_class,3,0.086236044258169,-0.013043196141700889,0.46870416666666664
38,2.0,aligned,mi_class,4,0.011783495739272799,-0.012539276729449253,0.46870416666666664
38,2.0,aligned,mi_class,5,0.12442476367828892,-0.6276955410728942,0.46870416666666664
38,2.0,aligned,mi_class,6,0.003323299861825002,0.8321995170514813,0.46870416666666664
38,2.0,aligned,mi_class,7,-0.005522346416746867,0.009184460057500492,0.46870416666666664
38,2.0,aligned,mi_class,8,-0.25609768072165917,0.7682517521669986,0.46870416666666664
38,2.0,aligned,mi_class,9,0.021976515492955317,-0.6097724768675743,0.46870416666666664
38,2.0,aligned,mi_class,10,0.010344965488088942,-0.6921994741375861,0.46870416666666664
38,2.0,aligned,mi_class,11,-0.009389278618052443,0.4269310937758419,0.46870416666666664
38,2.0,aligned,mi_class,12,0.0017099236583738575,-0.7853394654304855,0.46870416666666664
38,2.0,aligned,mi_class,13,0.36668152224418216,-0.40079753305477533,0.46870416666666664
38,2.0,aligned,mi_class,14,0.12329015886917039,-0.33237831127415496,0.46870416666666664
38,2.0,aligned,mi_class,15,0.11524855736300035,-0.317416608741262,0.46870416666666664
38,2.0,aligned,mi_class,16,-0.13180718564600902,0.40409418429578886,0.46870416666666664
38,2.0,aligned,mi_class,17,-0.25767806966889895,0.5019685208307236,0.46870416666666664
38,2.0,aligned,mi_class,18,-0.21526550109249376,0.5595318342746214,0.46870416666666664
38,2.0,aligned,mi_class,19,0.010892957732393072,-0.5182064725910589,0.46870416666666664
38,2.0,aligned,mi_class,20,0.0164728346520574,-0.34665606213468925,0.46870416666666664
38,2.0,aligned,mi_class,21,-0.024244955566575355,-0.2967991024618949,0.46870416666666664
38,2.0,aligned,mi_class,22,0.09159462894535667,-0.0031474007736524037,0.46870416666666664
38,2.0,aligned,mi_class,23,0.015701062124008604,-0.0008776323727377313,0.46870416666666664
38,2.0,aligned,mi_class,24,0.24165311627439462,-0.626850409451848,0.46870416666666664
38,2.0,aligned,mi_class,25,-0.16611646596384566,0.7714623017912203,0.46870416666666664
38,2.0,aligned,mi_class,26,0.010484650512706088,-0.005993330687451157,0.46870416666666664
38,2.0,aligned,mi_class,27,-0.2564757602457629,0.7629519545925979,0.46870416666666664
38,2.0,aligned,mi_class,28,-0.03959648535687538,-0.4374045440767238,0.46870416666666664
38,2.0,aligned,mi_class,29,0.0359164481164459,-0.6907061371295996,0.46870416666666664
38,2.0,aligned,mi_class,30,-0.21981700706923357,0.10739479079824381,0.46870416666666664
38,2.0,aligned,mi_class,31,-0.014627990402138292,-0.02162181221191144,0.46870416666666664
38,2.0,aligned,mi_class,32,-0.041539972028245525,0.22065685364343773,0.46870416666666664
38,2.0,aligned,mi_class,33,0.08472726600682534,-0.2774302357323676,0.46870416666666664
38,2.0,aligned,mi_class,34,0.1798243733152467,-0.5047374810710298,0.46870416666666664
38,2.0,aligned,mi_class,35,0.11225474248484646,-0.3925979217327394,0.46870416666666664
38,2.0,aligned,mi_class,36,0.026131665996889486,0.25387863827844304,0.46870416666666664
38,2.0,aligned,mi_class,37,0.019940561091368464,0.24068215474416185,0.46870416666666664
38,2.0,aligned,mi_class,38,-0.19206782236142028,0.8397821317502903,0.46870416666666664
38,2.0,aligned,mi_class,39,-0.00027052198206594606,0.006603137802171966,0.46870416666666664
38,2.0,aligned,mi_class,40,0.05337766796802052,-0.006798868542633789,0.46870416666666664
38,2.0,aligned,mi_class,41,0.37726295702734247,-0.7875902208473089,0.46870416666666664
38,2.0,aligned,mi_class,42,0.03217557319296066,-0.003918771138167287,0.46870416666666664
38,2.0,aligned,mi_class,43,-0.30372038791531575,0.6367346058918402,0.46870416666666664
38,2.0,aligned,mi_class,44,-0.07122830688016857,0.0037456392037720715,0.46870416666666664
38,2.0,aligned,mi_class,45,0.00912960545730903,0.005397473140293302,0.46870416666666664
38,2.0,aligned,mi_class,46,0.010451736342503645,-0.007567300970093366,0.46870416666666664
38,2.0,aligned,mi_class,47,0.1734600361390103,-0.6607828303132514,0.46870416666666664
38,2.0,aligned,mi_class,48,-0.005623805947260729,-0.0026478757179003373,0.46870416666666664
38,2.0,aligned,mi_class,49,-0.13981124063985678,0.5356628632527536,0.46870416666666664
38,2.0,aligned,mi_class,50,-0.0006147196489420491,0.00404782962446434,0.46870416666666664
38,2.0,aligned,mi_class,51,0.08059649250336254,-0.5845857790626999,0.46870416666666664
38,2.0,aligned,mi_class,52,6.26254058915688e-05,0.0014062862187467873,0.46870416666666664
38,2.0,aligned,mi_class,53,0.34900815909610555,-0.8186212780155651,0.46870416666666664
38,2.0,aligned,mi_class,54,-0.09343459394542647,0.38429278747058726,0.46870416666666664
38,2.0,aligned,mi_class,55,-0.2104696024339051,0.9070880858946511,0.46870416666666664
38,2.0,aligned,mi_class,56,0.020638259247484147,-0.0009865635143494463,0.46870416666666664
38,2.0,aligned,mi_class,57,-0.2797481972386566,0.7154980873493009,0.46870416666666664
38,2.0,aligned,mi_class,58,0.12032301544916102,-0.5055872411368667,0.46870416666666664
38,2.0,aligned,mi_class,59,0.025724966899512647,-0.6448462413781372,0.46870416666666664
38,2.0,aligned,mi_class,60,0.03839053150802915,-0.003918572985258253,0.46870416666666664
38,2.0,aligned,mi_class,61,0.22973990168929315,-0.5043369671660838,0.46870416666666664
38,2.0,aligned,mi_class,62,-0.0007811820407372448,0.0029101716134884775,0.46870416666666664
38,2.0,aligned,mi_class,63,0.13967805791301968,-0.46607174857797184,0.46870416666666664
38,2.0,aligned,mi_class,64,0.28912834792156505,-0.9017405539868915,0.46870416666666664
38,2.0,aligned,mi_class,65,-0.01019114799896087,0.42110706954130717,0.46870416666666664
38,2.0,aligned,mi_site,0,-0.013877677572280422,0.43561252009127327,0.46870416666666664
38,2.0,aligned,mi_site,1,-0.02131459026784721,0.7171646394103963,0.46870416666666664
38,2.0,aligned,mi_site,2,0.04265685810411979,-0.3031999854605734,0.46870416666666664
38,2.0,aligned,mi_site,3,-0.009595973476813029,-0.013043196141700889,0.46870416666666664
38,2.0,aligned,mi_site,4,-0.016264678743797913,-0.012539276729449253,0.46870416666666664
38,2.0,aligned,mi_site,5,0.02014632418455453,-0.6276955410728942,0.46870416666666664
38,2.0,aligned,mi_site,6,-0.014494997232750273,0.8321995170514813,0.46870416666666664
38,2.0,aligned,mi_site,7,-0.0010209053094491546,0.009184460057500492,0.46870416666666664
38,2.0,aligned,mi_site,8,-0.03954220492270033,0.7682517521669986,0.46870416666666664
38,2.0,aligned,mi_site,9,0.02569775110438155,-0.6097724768675743,0.46870416666666664
38,2.0,aligned,mi_site,10,0.04452062138842694,-0.6921994741375861,0.46870416666666664
38,2.0,aligned,mi_site,11,0.001385620459360526,0.4269310937758419,0.46870416666666664
38,2.0,aligned,mi_site,12,0.0902617978012088,-0.7853394654304855,0.46870416666666664
38,2.0,aligned,mi_site,13,0.03200679532512146,-0.40079753305477533,0.46870416666666664
38,2.0,aligned,mi_site,14,-0.005664894735298798,-0.33237831127415496,0.46870416666666664
38,2.0,aligned,mi_site,15,-0.0012483803562260976,-0.317416608741262,0.46870416666666664
38,2.0,aligned,mi_site,16,0.007826099186987345,0.40409418429578886,0.46870416666666664
38,2.0,aligned,mi_site,17,-0.0124056618507708,0.5019685208307236,0.46870416666666664
38,2.0,aligned,mi_site,18,-0.014742376291159154,0.5595318342746214,0.46870416666666664
38,2.0,aligned,mi_site,19,0.01789221113961481,-0.5182064725910589,0.46870416666666664
38,2.0,aligned,mi_site,20,0.008453522965002847,-0.34665606213468925,0.46870416666666664
38,2.0,aligned,mi_site,21,-0.009489142580505261,-0.2967991024618949,0.46870416666666664
38,2.0,aligned,mi_site,22,-0.014164007258519365,-0.0031474007736524037,0.46870416666666664
38,2.0,aligned,mi_site,23,-0.019330413976618097,-0.0008776323727377313,0.46870416666666664
38,2.0,aligned,mi_site,24,-0.06384454913459892,-0.626850409451848,0.46870416666666664
38,2.0,aligned,mi_site,25,0.07090991229574606,0.7714623017912203,0.46870416666666664
38,2.0,aligned,mi_site,26,0.006556449212164963,-0.005993330687451157,0.46870416666666664
38,2.0,aligned,mi_site,27,0.035411108396096735,0.7629519545925979,0.46870416666666664
38,2.0,aligned,mi_site,28,-0.01994112513801749,-0.4374045440767238,0.46870416666666664
38,2.0,aligned,mi_site,29,-0.004712638952037884,-0.6907061371295996,0.46870416666666664
38,2.0,aligned,mi_site,30,-0.0019767002754868535,0.10739479079824381,0.46870416666666664
38,2.0,aligned,mi_site,31,0.02453032326392394,-0.02162181221191144,0.46870416666666664
38,2.0,aligned,mi_site,32,-0.003573620918440573,0.22065685364343773,0.46870416666666664
38,2.0,aligned,mi_site,33,0.0006106182906840951,-0.2774302357323676,0.46870416666666664
38,2.0,aligned,mi_site,34,0.030293113860382637,-0.5047374810710298,0.46870416666666664
38,2.0,aligned,mi_site,35,0.0322443384670168,-0.3925979217327394,0.46870416666666664
38,2.0,aligned,mi_site,36,-0.005608529215476721,0.25387863827844304,0.46870416666666664
38,2.0,aligned,mi_site,37,-0.027274143429662917,0.24068215474416185,0.46870416666666664
38,2.0,aligned,mi_site,38,-0.002206772379904298,0.8397821317502903,0.46870416666666664
38,2.0,aligned,mi_site,39,0.00955783256100701,0.006603137802171966,0.46870416666666664
38,2.0,aligned,mi_site,40,-0.021038297551972573,-0.006798868542633789,0.46870416666666664
38,2.0,aligned,mi_site,41,0.012822067858899944,-0.7875902208473089,0.46870416666666664
38,2.0,aligned,mi_site,42,-0.015546335978701347,-0.003918771138167287,0.46870416666666664
38,2.0,aligned,mi_site,43,-0.012180907077646519,0.6367346058918402,0.46870416666666664
38,2.0,aligned,mi_site,44,0.002816417030922492,0.0037456392037720715,0.46870416666666664
38,2.0,aligned,mi_site,45,0.011241333179699182,0.005397473140293302,0.46870416666666664
38,2.0,aligned,mi_site,46,-0.029681249813950983,-0.007567300970093366,0.46870416666666664
38,2.0,aligned,mi_site,47,-0.009933478614206681,-0.6607828303132514,0.46870416666666664
38,2.0,aligned,mi_site,48,-0.012187959046385515,-0.0026478757179003373,0.46870416666666664
38,2.0,aligned,mi_site,49,-0.008207608085672224,0.5356628632527536,0.46870416666666664
38,2.0,aligned,mi_site,50,0.004494532129028328,0.00404782962446434,0.46870416666666664
38,2.0,aligned,mi_site,51,-0.06389374291512706,-0.5845857790626999,0.46870416666666664
38,2.0,aligned,mi_site,52,0.010287829590711828,0.0014062862187467873,0.46870416666666664
38,2.0,aligned,mi_site,53,-0.04199001866119967,-0.8186212780155651,0.46870416666666664
38,2.0,aligned,mi_site,54,0.0057828397712305635,0.38429278747058726,0.46870416666666664
38,2.0,aligned,mi_site,55,0.004656419889474073,0.9070880858946511,0.46870416666666664
38,2.0,aligned,mi_site,56,0.010059801966996613,-0.0009865635143494463,0.46870416666666664
38,2.0,aligned,mi_site,57,0.03983549983491341,0.7154980873493009,0.46870416666666664
38,2.0,aligned,mi_site,58,-0.012743644492533512,-0.5055872411368667,0.46870416666666664
38,2.0,aligned,mi_site,59,-0.016748575675974542,-0.6448462413781372,0.46870416666666664
38,2.0,aligned,mi_site,60,0.006339166044857322,-0.003918572985258253,0.46870416666666664
38,2.0,aligned,mi_site,61,0.0016974289557961653,-0.5043369671660838,0.46870416666666664
38,2.0,aligned,mi_site,62,0.016714975262269303,0.0029101716134884775,0.46870416666666664
38,2.0,aligned,mi_site,63,0.03001627332959028,-0.46607174857797184,0.46870416666666664
38,2.0,aligned,mi_site,64,0.017393412087768234,-0.9017405539868915,0.46870416666666664
38,2.0,aligned,mi_site,65,-0.01752676650300683,0.42110706954130717,0.46870416666666664
38,2.0,closed,available,0,-0.010312846496876082,0.43561252009127327,0.46870416666666664
38,2.0,closed,available,1,-0.0034444215927645905,0.7171646394103963,0.46870416666666664
38,2.0,closed,available,2,-0.0008735031242841362,-0.3031999854605734,0.46870416666666664
38,2.0,closed,available,3,0.010269243835305102,-0.013043196141700889,0.46870416666666664
38,2.0,closed,available,4,0.01586423871012872,-0.012539276729449253,0.46870416666666664
38,2.0,closed,available,5,-0.0072933095673558546,-0.6276955410728942,0.46870416666666664
38,2.0,closed,available,6,0.0025940094856018447,0.8321995170514813,0.46870416666666664
38,2.0,closed,available,7,-0.018201803774508765,0.009184460057500492,0.46870416666666664
38,2.0,closed,available,8,-0.003161421546123533,0.7682517521669986,0.46870416666666664
38,2.0,closed,available,9,0.007429149052927353,-0.6097724768675743,0.46870416666666664
38,2.0,closed,available,10,0.0022051315912221536,-0.6921994741375861,0.46870416666666664
38,2.0,closed,available,11,-0.023103718570198994,0.4269310937758419,0.46870416666666664
38,2.0,closed,available,12,-2.0797175857234507e-05,-0.7853394654304855,0.46870416666666664
38,2.0,closed,available,13,-0.00635449116082365,-0.40079753305477533,0.46870416666666664
38,2.0,closed,available,14,-0.0034671319139027434,-0.33237831127415496,0.46870416666666664
38,2.0,closed,available,15,0.004340257558971772,-0.317416608741262,0.46870416666666664
38,2.0,closed,available,16,-0.007816516860253198,0.40409418429578886,0.46870416666666664
38,2.0,closed,available,17,0.002151228987386844,0.5019685208307236,0.46870416666666664
38,2.0,closed,available,18,0.0008142715037721127,0.5595318342746214,0.46870416666666664
38,2.0,closed,available,19,-0.0009831997422699024,-0.5182064725910589,0.46870416666666664
38,2.0,closed,available,20,0.008870626698107953,-0.34665606213468925,0.46870416666666664
38,2.0,closed,available,21,-0.005665011945280463,-0.2967991024618949,0.46870416666666664
38,2.0,closed,available,22,-0.002218541899228475,-0.0031474007736524037,0.46870416666666664
38,2.0,closed,available,23,0.0045410081444692664,-0.0008776323727377313,0.46870416666666664
38,2.0,closed,available,24,0.005364058975179109,-0.626850409451848,0.46870416666666664
38,2.0,closed,available,25,0.0030054556688317025,0.7714623017912203,0.46870416666666664
38,2.0,closed,available,26,-0.0147302971287109,-0.005993330687451157,0.46870416666666664
38,2.0,closed,available,27,-0.0032153046110064976,0.7629519545925979,0.46870416666666664
38,2.0,closed,available,28,0.008591443331784077,-0.4374045440767238,0.46870416666666664
38,2.0,closed,available,29,0.008429655417358295,-0.6907061371295996,0.46870416666666664
38,2.0,closed,available,30,-0.028619199382921304,0.10739479079824381,0.46870416666666664
38,2.0,closed,available,31,0.00503564345515671,-0.02162181221191144,0.46870416666666664
38,2.0,closed,available,32,0.028525437473216175,0.22065685364343773,0.46870416666666664
38,2.0,closed,available,33,-0.026500167839344835,-0.2774302357323676,0.46870416666666664
38,2.0,closed,available,34,0.009010404418633655,-0.5047374810710298,0.46870416666666664
38,2.0,closed,available,35,-0.03626668785748971,-0.3925979217327394,0.46870416666666664
38,2.0,closed,available,36,-0.002986633286633067,0.25387863827844304,0.46870416666666664
38,2.0,closed,available,37,0.024034905370377252,0.24068215474416185,0.46870416666666664
38,2.0,closed,available,38,0.0019714377482877854,0.8397821317502903,0.46870416666666664
38,2.0,closed,available,39,-0.0033068935057082942,0.006603137802171966,0.46870416666666664
38,2.0,closed,available,40,-0.0015779015044135947,-0.006798868542633789,0.46870416666666664
38,2.0,closed,available,41,8.618274955074501e-05,-0.7875902208473089,0.46870416666666664
38,2.0,closed,available,42,-0.004669451727648791,-0.003918771138167287,0.46870416666666664
38,2.0,closed,available,43,0.004799839176614529,0.6367346058918402,0.46870416666666664
38,2.0,closed,available,44,-0.0045585061029744835,0.0037456392037720715,0.46870416666666664
38,2.0,closed,available,45,-0.010482644076173029,0.005397473140293302,0.46870416666666664
38,2.0,closed,available,46,0.0011345265581572256,-0.007567300970093366,0.46870416666666664
38,2.0,closed,available,47,0.0011291045490063878,-0.6607828303132514,0.46870416666666664
38,2.0,closed,available,48,-0.002106465340474246,-0.0026478757179003373,0.46870416666666664
38,2.0,closed,available,49,-0.0004178280169265802,0.5356628632527536,0.46870416666666664
38,2.0,closed,available,50,-0.009618000885752594,0.00404782962446434,0.46870416666666664
38,2.0,closed,available,51,-0.006529606087984252,-0.5845857790626999,0.46870416666666664
38,2.0,closed,available,52,0.010765419966588313,0.0014062862187467873,0.46870416666666664
38,2.0,closed,available,53,-0.006393202377119711,-0.8186212780155651,0.46870416666666664
38,2.0,closed,available,54,-0.0031069436659774685,0.38429278747058726,0.46870416666666664
38,2.0,closed,available,55,0.0009279199781035974,0.9070880858946511,0.46870416666666664
38,2.0,closed,available,56,-0.004427644545412261,-0.0009865635143494463,0.46870416666666664
38,2.0,closed,available,57,-0.001823702669061622,0.7154980873493009,0.46870416666666664
38,2.0,closed,available,58,0.0054349863921291375,-0.5055872411368667,0.46870416666666664
38,2.0,closed,available,59,-0.0008764408103109078,-0.6448462413781372,0.46870416666666664
38,2.0,closed,available,60,0.011283586824843001,-0.003918572985258253,0.46870416666666664
38,2.0,closed,available,61,-0.0042830775943221155,-0.5043369671660838,0.46870416666666664
38,2.0,closed,available,62,0.012251554839088154,0.0029101716134884775,0.46870416666666664
38,2.0,closed,available,63,-0.006564396656188187,-0.46607174857797184,0.46870416666666664
38,2.0,closed,available,64,-0.0009908356496324267,-0.9017405539868915,0.46870416666666664
38,2.0,closed,available,65,-0.005491329164773628,0.42110706954130717,0.46870416666666664
38,2.0,closed,mi_obs,0,0.016676335589749847,0.43561252009127327,0.46870416666666664
38,2.0,closed,mi_obs,1,0.08169832406885469,0.7171646394103963,0.46870416666666664
38,2.0,closed,mi_obs,2,-0.0034565105419397946,-0.3031999854605734,0.46870416666666664
38,2.0,closed,mi_obs,3,0.004058730664744969,-0.013043196141700889,0.46870416666666664
38,2.0,closed,mi_obs,4,-0.008840213596936621,-0.012539276729449253,0.46870416666666664
38,2.0,closed,mi_obs,5,-0.04012231215739315,-0.6276955410728942,0.46870416666666664
38,2.0,closed,mi_obs,6,0.06001070948989351,0.8321995170514813,0.46870416666666664
38,2.0,closed,mi_obs,7,-0.010541322407874096,0.009184460057500492,0.46870416666666664
38,2.0,closed,mi_obs,8,0.024043433442861417,0.7682517521669986,0.46870416666666664
38,2.0,closed,mi_obs,9,-0.03355188678613563,-0.6097724768675743,0.46870416666666664
38,2.0,closed,mi_obs,10,-0.016252295226010016,-0.6921994741375861,0.46870416666666664
38,2.0,closed,mi_obs,11,0.02155581772322418,0.4269310937758419,0.46870416666666664
38,2.0,closed,mi_obs,12,-0.04721588413946132,-0.7853394654304855,0.46870416666666664
38,2.0,closed,mi_obs,13,-0.009025184622608595,-0.40079753305477533,0.46870416666666664
38,2.0,closed,mi_obs,14,-0.017415395172308223,-0.33237831127415496,0.46870416666666664
38,2.0,closed,mi_obs,15,-0.020086852172883585,-0.317416608741262,0.46870416666666664
38,2.0,closed,mi_obs,16,0.03360749990303358,0.40409418429578886,0.46870416666666664
38,2.0,closed,mi_obs,17,0.007583186050210355,0.5019685208307236,0.46870416666666664
38,2.0,closed,mi_obs,18,0.009330725900781434,0.5595318342746214,0.46870416666666664
38,2.0,closed,mi_obs,19,-0.024774260872106768,-0.5182064725910589,0.46870416666666664
38,2.0,closed,mi_obs,20,-0.007545626819909335,-0.34665606213468925,0.46870416666666664
38,2.0,closed,mi_obs,21,-0.04911465626060735,-0.2967991024618949,0.46870416666666664
38,2.0,closed,mi_obs,22,-0.003415908443613121,-0.0031474007736524037,0.46870416666666664
38,2.0,closed,mi_obs,23,0.0010152553717060473,-0.0008776323727377313,0.46870416666666664
38,2.0,closed,mi_obs,24,-0.07275866458395008,-0.626850409451848,0.46870416666666664
38,2.0,closed,mi_obs,25,0.11762429856190082,0.7714623017912203,0.46870416666666664
38,2.0,closed,mi_obs,26,-0.029244592861116712,-0.005993330687451157,0.46870416666666664
38,2.0,closed,mi_obs,27,0.06835858594190503,0.7629519545925979,0.46870416666666664
38,2.0,closed,mi_obs,28,-0.04307332219407395,-0.4374045440767238,0.46870416666666664
38,2.0,closed,mi_obs,29,-0.05282198213159317,-0.6907061371295996,0.46870416666666664
38,2.0,closed,mi_obs,30,0.02609825509629142,0.10739479079824381,0.46870416666666664
38,2.0,closed,mi_obs,31,0.04055647693990885,-0.02162181221191144,0.46870416666666664
38,2.0,closed,mi_obs,32,0.020109302080852487,0.22065685364343773,0.46870416666666664
38,2.0,closed,mi_obs,33,-0.04575207428288275,-0.2774302357323676,0.46870416666666664
38,2.0,closed,mi_obs,34,-0.052734724573307856,-0.5047374810710298,0.46870416666666664
38,2.0,closed,mi_obs,35,-0.021912027401420564,-0.3925979217327394,0.46870416666666664
38,2.0,closed,mi_obs,36,0.03342330270300675,0.25387863827844304,0.46870416666666664
38,2.0,closed,mi_obs,37,0.013773743012423262,0.24068215474416185,0.46870416666666664
38,2.0,closed,mi_obs,38,0.02297896037758984,0.8397821317502903,0.46870416666666664
38,2.0,closed,mi_obs,39,-0.005420766027743561,0.006603137802171966,0.46870416666666664
38,2.0,closed,mi_obs,40,-0.010268682015389094,-0.006798868542633789,0.46870416666666664
38,2.0,closed,mi_obs,41,0.03021096520990152,-0.7875902208473089,0.46870416666666664
38,2.0,closed,mi_obs,42,-0.0018407000697430323,-0.003918771138167287,0.46870416666666664
38,2.0,closed,mi_obs,43,0.02955821017383342,0.6367346058918402,0.46870416666666664
38,2.0,closed,mi_obs,44,-0.007818571387375935,0.0037456392037720715,0.46870416666666664
38,2.0,closed,mi_obs,45,0.0012664849071439537,0.005397473140293302,0.46870416666666664
38,2.0,closed,mi_obs,46,-0.02278335141357333,-0.007567300970093366,0.46870416666666664
38,2.0,closed,mi_obs,47,0.02588811339004371,-0.6607828303132514,0.46870416666666664
38,2.0,closed,mi_obs,48,0.021627865458573446,-0.0026478757179003373,0.46870416666666664
38,2.0,closed,mi_obs,49,0.026963423962792277,0.5356628632527536,0.46870416666666664
38,2.0,closed,mi_obs,50,-0.0012623839222071958,0.00404782962446434,0.46870416666666664
38,2.0,closed,mi_obs,51,-0.05258657790457644,-0.5845857790626999,0.46870416666666664
38,2.0,closed,mi_obs,52,0.019076643514418113,0.0014062862187467873,0.46870416666666664
38,2.0,closed,mi_obs,53,-0.04638993665380442,-0.8186212780155651,0.46870416666666664
38,2.0,closed,mi_obs,54,0.02610981725924788,0.38429278747058726,0.46870416666666664
38,2.0,closed,mi_obs,55,0.0372002249710327,0.9070880858946511,0.46870416666666664
38,2.0,closed,mi_obs,56,-0.006901861144096881,-0.0009865635143494463,0.46870416666666664
38,2.0,closed,mi_obs,57,0.02695581280292081,0.7154980873493009,0.46870416666666664
38,2.0,closed,mi_obs,58,-0.04777290136752688,-0.5055872411368667,0.46870416666666664
38,2.0,closed,mi_obs,59,-0.027858370730710846,-0.6448462413781372,0.46870416666666664
38,2.0,closed,mi_obs,60,0.0021931927572317695,-0.003918572985258253,0.46870416666666664
38,2.0,closed,mi_obs,61,0.05157998239971501,-0.5043369671660838,0.46870416666666664
38,2.0,closed,mi_obs,62,0.02020516155613104,0.0029101716134884775,0.46870416666666664
38,2.0,closed,mi_obs,63,-0.014452498629100752,-0.46607174857797184,0.46870416666666664
38,2.0,closed,mi_obs,64,-0.022330946316993616,-0.9017405539868915,0.46870416666666664
38,2.0,closed,mi_obs,65,0.00950731903174279,0.42110706954130717,0.46870416666666664
38,2.0,closed,mi_class,0,-0.0157183375253791,0.43561252009127327,0.46870416666666664
38,2.0,closed,mi_class,1,-0.6034889554909115,0.7171646394103963,0.46870416666666664
38,2.0,closed,mi_class,2,-0.05611002568541734,-0.3031999854605734,0.46870416666666664
38,2.0,closed,mi_class,3,-0.14698998899321786,-0.013043196141700889,0.46870416666666664
38,2.0,closed,mi_class,4,-0.00902196973784795,-0.012539276729449253,0.46870416666666664
38,2.0,closed,mi_class,5,0.11480214178647097,-0.6276955410728942,0.46870416666666664
38,2.0,closed,mi_class,6,0.005488356130007088,0.8321995170514813,0.46870416666666664
38,2.0,closed,mi_class,7,-0.03139129037748044,0.009184460057500492,0.46870416666666664
38,2.0,closed,mi_class,8,-0.05228935884707475,0.7682517521669986,0.46870416666666664
38,2.0,closed,mi_class,9,0.014585417312169557,-0.6097724768675743,0.46870416666666664
38,2.0,closed,mi_class,10,0.009434083439364471,-0.6921994741375861,0.46870416666666664
38,2.0,closed,mi_class,11,-0.36620550189426004,0.4269310937758419,0.46870416666666664
38,2.0,closed,mi_class,12,0.039989511279000634,-0.7853394654304855,0.46870416666666664
38,2.0,closed,mi_class,13,0.14926469794386155,-0.40079753305477533,0.46870416666666664
38,2.0,closed,mi_class,14,0.11302743391959252,-0.33237831127415496,0.46870416666666664
38,2.0,closed,mi_class,15,0.1125745304170633,-0.317416608741262,0.46870416666666664
38,2.0,closed,mi_class,16,-0.04569987270111986,0.40409418429578886,0.46870416666666664
38,2.0,closed,mi_class,17,-0.24429329565891983,0.5019685208307236,0.46870416666666664
38,2.0,closed,mi_class,18,-0.07582788973112947,0.5595318342746214,0.46870416666666664
38,2.0,closed,mi_class,19,0.009678414909840893,-0.5182064725910589,0.46870416666666664
38,2.0,closed,mi_class,20,0.025392241255836,-0.34665606213468925,0.46870416666666664
38,2.0,closed,mi_class,21,0.2456053314515516,-0.2967991024618949,0.46870416666666664
38,2.0,closed,mi_class,22,-0.02013815753671086,-0.0031474007736524037,0.46870416666666664
38,2.0,closed,mi_class,23,-0.0011804913318719996,-0.0008776323727377313,0.46870416666666664
38,2.0,closed,mi_class,24,0.5605983849716458,-0.626850409451848,0.46870416666666664
38,2.0,closed,mi_class,25,-0.6554260955828621,0.7714623017912203,0.46870416666666664
38,2.0,closed,mi_class,26,0.001370215102134113,-0.005993330687451157,0.46870416666666664
38,2.0,closed,mi_class,27,-0.6458526492765968,0.7629519545925979,0.46870416666666664
38,2.0,closed,mi_class,28,0.26326472763983316,-0.4374045440767238,0.46870416666666664
38,2.0,closed,mi_class,29,0.5753275112164549,-0.6907061371295996,0.46870416666666664
38,2.0,closed,mi_class,30,-0.030585419615278844,0.10739479079824381,0.46870416666666664
38,2.0,closed,mi_class,31,-0.0002952563392895763,-0.02162181221191144,0.46870416666666664
38,2.0,closed,mi_class,32,-0.03070257714441324,0.22065685364343773,0.46870416666666664
38,2.0,closed,mi_class,33,-0.016674734896436616,-0.2774302357323676,0.46870416666666664
38,2.0,closed,mi_class,34,0.1487692532727286,-0.5047374810710298,0.46870416666666664
38,2.0,closed,mi_class,35,-0.056136278733206535,-0.3925979217327394,0.46870416666666664
38,2.0,closed,mi_class,36,0.012693020861725857,0.25387863827844304,0.46870416666666664
38,2.0,closed,mi_class,37,0.04924564888719743,0.24068215474416185,0.46870416666666664
38,2.0,closed,mi_class,38,-0.275891833367391,0.8397821317502903,0.46870416666666664
38,2.0,closed,mi_class,39,-0.010088791160263694,0.006603137802171966,0.46870416666666664
38,2.0,closed,mi_class,40,-0.16613808902492574,-0.006798868542633789,0.46870416666666664
38,2.0,closed,mi_class,41,0.3696753759622186,-0.7875902208473089,0.46870416666666664
38,2.0,closed,mi_class,42,-0.12589570679227932,-0.003918771138167287,0.46870416666666664
38,2.0,closed,mi_class,43,-0.12411740712877972,0.6367346058918402,0.46870416666666664
38,2.0,closed,mi_class,44,0.11427383633562839,0.0037456392037720715,0.46870416666666664
38,2.0,closed,mi_class,45,-0.003974829648176101,0.005397473140293302,0.46870416666666664
38,2.0,closed,mi_class,46,-0.01498726104618216,-0.007567300970093366,0.46870416666666664
38,2.0,closed,mi_class,47,0.12966926144650437,-0.6607828303132514,0.46870416666666664
38,2.0,closed,mi_class,48,0.015741086315542406,-0.0026478757179003373,0.46870416666666664
38,2.0,closed,mi_class,49,-0.11454705440958879,0.5356628632527536,0.46870416666666664
38,2.0,closed,mi_class,50,-0.0041646573898181565,0.00404782962446434,0.46870416666666664
38,2.0,closed,mi_class,51,0.13336095803809045,-0.5845857790626999,0.46870416666666664
38,2.0,closed,mi_class,52,0.023054780749239053,0.0014062862187467873,0.46870416666666664
38,2.0,closed,mi_class,53,0.12320257195583328,-0.8186212780155651,0.46870416666666664
38,2.0,closed,mi_class,54,-0.08801692875750405,0.38429278747058726,0.46870416666666664
38,2.0,closed,mi_class,55,-0.20928517275356717,0.9070880858946511,0.46870416666666664
38,2.0,closed,mi_class,56,-0.012805546823046934,-0.0009865635143494463,0.46870416666666664
38,2.0,closed,mi_class,57,-0.10399558432542089,0.7154980873493009,0.46870416666666664
38,2.0,closed,mi_class,58,-0.08601568264066817,-0.5055872411368667,0.46870416666666664
38,2.0,closed,mi_class,59,0.0005519009148123866,-0.6448462413781372,0.46870416666666664
38,2.0,closed,mi_class,60,-0.04277004689086047,-0.003918572985258253,0.46870416666666664
38,2.0,closed,mi_class,61,0.21306505367872464,-0.5043369671660838,0.46870416666666664
38,2.0,closed,mi_class,62,0.016530562856087488,0.0029101716134884775,0.46870416666666664
38,2.0,closed,mi_class,63,0.02308975885267539,-0.46607174857797184,0.46870416666666664
38,2.0,closed,mi_class,64,0.04769144020864857,-0.9017405539868915,0.46870416666666664
38,2.0,closed,mi_class,65,-0.0009238830434036838,0.42110706954130717,0.46870416666666664
38,2.0,closed,mi_site,0,0.01701263675480369,0.43561252009127327,0.46870416666666664
38,2.0,closed,mi_site,1,0.06086306212543002,0.7171646394103963,0.46870416666666664
38,2.0,closed,mi_site,2,-0.006111108132598464,-0.3031999854605734,0.46870416666666664
38,2.0,closed,mi_site,3,-0.007726182527686752,-0.013043196141700889,0.46870416666666664
38,2.0,closed,mi_site,4,-0.013753810586014877,-0.012539276729449253,0.46870416666666664
38,2.0,closed,mi_site,5,-0.035242949925356926,-0.6276955410728942,0.46870416666666664
38,2.0,closed,mi_site,6,0.05194922258214141,0.8321995170514813,0.46870416666666664
38,2.0,closed,mi_site,7,-0.002958734651669543,0.009184460057500492,0.46870416666666664
38,2.0,closed,mi_site,8,0.018733930823706446,0.7682517521669986,0.46870416666666664
38,2.0,closed,mi_site,9,-0.030452276051883387,-0.6097724768675743,0.46870416666666664
38,2.0,closed,mi_site,10,-0.013894506630833137,-0.6921994741375861,0.46870416666666664
38,2.0,closed,mi_site,11,0.019407174570814645,0.4269310937758419,0.46870416666666664
38,2.0,closed,mi_site,12,-0.039199339866073935,-0.7853394654304855,0.46870416666666664
38,2.0,closed,mi_site,13,-0.011678165316892086,-0.40079753305477533,0.46870416666666664
38,2.0,closed,mi_site,14,-0.020101643123797586,-0.33237831127415496,0.46870416666666664
38,2.0,closed,mi_site,15,-0.021178456237988752,-0.317416608741262,0.46870416666666664
38,2.0,closed,mi_site,16,0.028639391962261618,0.40409418429578886,0.46870416666666664
38,2.0,closed,mi_site,17,0.01304191466708926,0.5019685208307236,0.46870416666666664
38,2.0,closed,mi_site,18,0.005705954763072341,0.5595318342746214,0.46870416666666664
38,2.0,closed,mi_site,19,-0.024115025207714913,-0.5182064725910589,0.46870416666666664
38,2.0,closed,mi_site,20,-0.00940795590482607,-0.34665606213468925,0.46870416666666664
38,2.0,closed,mi_site,21,-0.029904427236900122,-0.2967991024618949,0.46870416666666664
38,2.0,closed,mi_site,22,-0.0048652791600554985,-0.0031474007736524037,0.46870416666666664
38,2.0,closed,mi_site,23,-0.0045780762841552665,-0.0008776323727377313,0.46870416666666664
38,2.0,closed,mi_site,24,-0.05858924803654608,-0.626850409451848,0.46870416666666664
38,2.0,closed,mi_site,25,0.09954807799294063,0.7714623017912203,0.46870416666666664
38,2.0,closed,mi_site,26,-0.015270230978018794,-0.005993330687451157,0.46870416666666664
38,2.0,closed,mi_site,27,0.04779585174807999,0.7629519545925979,0.46870416666666664
38,2.0,closed,mi_site,28,-0.036809774862716305,-0.4374045440767238,0.46870416666666664
38,2.0,closed,mi_site,29,-0.041123402388554164,-0.6907061371295996,0.46870416666666664
38,2.0,closed,mi_site,30,0.019766288977886917,0.10739479079824381,0.46870416666666664
38,2.0,closed,mi_site,31,0.032777231913696955,-0.02162181221191144,0.46870416666666664
38,2.0,closed,mi_site,32,0.01386865905191606,0.22065685364343773,0.46870416666666664
38,2.0,closed,mi_site,33,-0.0348321177229855,-0.2774302357323676,0.46870416666666664
38,2.0,closed,mi_site,34,-0.034351489527713164,-0.5047374810710298,0.46870416666666664
38,2.0,closed,mi_site,35,-0.023662417079033604,-0.3925979217327394,0.46870416666666664
38,2.0,closed,mi_site,36,0.01587051474215989,0.25387863827844304,0.46870416666666664
38,2.0,closed,mi_site,37,0.009958894307786376,0.24068215474416185,0.46870416666666664
38,2.0,closed,mi_site,38,0.023620390485622145,0.8397821317502903,0.46870416666666664
38,2.0,closed,mi_site,39,-0.0004865580723697237,0.006603137802171966,0.46870416666666664
38,2.0,closed,mi_site,40,-0.009303250726781235,-0.006798868542633789,0.46870416666666664
38,2.0,closed,mi_site,41,0.019033112736965396,-0.7875902208473089,0.46870416666666664
38,2.0,closed,mi_site,42,-0.005855467431356711,-0.003918771138167287,0.46870416666666664
38,2.0,closed,mi_site,43,0.03536942430750145,0.6367346058918402,0.46870416666666664
38,2.0,closed,mi_site,44,-0.00141700737525241,0.0037456392037720715,0.46870416666666664
38,2.0,closed,mi_site,45,0.0026128012374234703,0.005397473140293302,0.46870416666666664
38,2.0,closed,mi_site,46,-0.016310305531068024,-0.007567300970093366,0.46870416666666664
38,2.0,closed,mi_site,47,0.010760896559023014,-0.6607828303132514,0.46870416666666664
38,2.0,closed,mi_site,48,0.013318462672769543,-0.0026478757179003373,0.46870416666666664
38,2.0,closed,mi_site,49,0.03403894947398789,0.5356628632527536,0.46870416666666664
38,2.0,closed,mi_site,50,0.002146809366206954,0.00404782962446434,0.46870416666666664
38,2.0,closed,mi_site,51,-0.04960851167054936,-0.5845857790626999,0.46870416666666664
38,2.0,closed,mi_site,52,0.011366181331435868,0.0014062862187467873,0.46870416666666664
38,2.0,closed,mi_site,53,-0.044444681348497994,-0.8186212780155651,0.46870416666666664
38,2.0,closed,mi_site,54,0.025114159764641597,0.38429278747058726,0.46870416666666664
38,2.0,closed,mi_site,55,0.033218238161165314,0.9070880858946511,0.46870416666666664
38,2.0,closed,mi_site,56,-0.0014599705364211687,-0.0009865635143494463,0.46870416666666664
38,2.0,closed,mi_site,57,0.02415432567730702,0.7154980873493009,0.46870416666666664
38,2.0,closed,mi_site,58,-0.03597196912224643,-0.5055872411368667,0.46870416666666664
38,2.0,closed,mi_site,59,-0.025521365442148114,-0.6448462413781372,0.46870416666666664
38,2.0,closed,mi_site,60,0.006060783090203435,-0.003918572985258253,0.46870416666666664
38,2.0,closed,mi_site,61,0.02294391674643792,-0.5043369671660838,0.46870416666666664
38,2.0,closed,mi_site,62,0.012183748641496194,0.0029101716134884775,0.46870416666666664
38,2.0,closed,mi_site,63,-0.012392845927927776,-0.46607174857797184,0.46870416666666664
38,2.0,closed,mi_site,64,-0.018964381041464362,-0.9017405539868915,0.46870416666666664
38,2.0,closed,mi_site,65,0.008984599680219307,0.42110706954130717,0.46870416666666664
