rep,gamma,alignment,estimator,pair,signed_err,truth,miss_rate
30,0.0,aligned,available,0,0.0016473006767202536,-0.6449248592373082,0.4698
30,0.0,aligned,available,1,0.00025634368185112333,-0.8153372232206696,0.4698
30,0.0,aligned,available,2,-0.0010531533756493738,-0.9499553945625182,0.4698
30,0.0,aligned,available,3,0.0006414345663574572,0.77847839044467,0.4698
30,0.0,aligned,available,4,-0.007049096701270519,-0.7624224825441525,0.4698
30,0.0,aligned,available,5,0.010594696721517437,0.026423166232302182,0.4698
30,0.0,aligned,available,6,0.0001493881152082599,0.969410970495419,0.4698
30,0.0,aligned,available,7,0.00019591766640902897,0.9600451726403972,0.4698
30,0.0,aligned,available,8,0.008341199222178353,0.595722293852789,0.4698
30,0.0,aligned,available,9,-0.0007293033010989936,0.9754536382167842,0.4698
30,0.0,aligned,available,10,0.0008959746688148584,-0.9134772147864827,0.4698
30,0.0,aligned,available,11,-0.0009691299014369381,0.6288866433162783,0.4698
30,0.0,aligned,available,12,-0.005752418693434569,0.6528826647176885,0.4698
30,0.0,aligned,available,13,-0.00831306715420932,-0.5372978977577021,0.4698
30,0.0,aligned,available,14,0.004364426642964325,0.5910144319343532,0.4698
30,0.0,aligned,available,15,0.00572599452177457,-0.024844720166303104,0.4698
30,0.0,aligned,available,16,4.1997640892299515e-05,-0.6621803734185411,0.4698
30,0.0,aligned,available,17,-0.0009258677325642006,-0.6487966685199281,0.4698
30,0.0,aligned,available,18,-0.009557291517327038,-0.4123874448447779,0.4698
30,0.0,aligned,available,19,-0.002060955985073387,-0.6532861808716864,0.4698
30,0.0,aligned,available,20,-0.0007074839054225235,0.7033776541669611,0.4698
30,0.0,aligned,available,21,0.00022157828057167706,0.8244105202502028,0.4698
30,0.0,aligned,available,22,0.018256570772540393,-0.6789598738260626,0.4698
30,0.0,aligned,available,23,0.002901961187995683,0.7453715853918825,0.4698
30,0.0,aligned,available,24,-0.002016588575886269,-0.2853039744515575,0.4698
30,0.0,aligned,available,25,0.0011768409011393421,-0.8368734048460913,0.4698
30,0.0,aligned,available,26,2.341617175982691e-05,-0.8195412045850422,0.4698
30,0.0,aligned,available,27,0.007399250590782502,-0.5183810926542697,0.4698
30,0.0,aligned,available,28,0.003490018677016926,-0.8253492927907885,0.4698
30,0.0,aligned,available,29,-4.208735153443666e-05,0.8918558880903372,0.4698
30,0.0,aligned,available,30,0.00683252911372545,-0.7578872934926998,0.4698
30,0.0,aligned,available,31,-0.0024302995557951013,0.7698105093718259,0.4698
30,0.0,aligned,available,32,-0.012977319986637453,-0.02645274864732275,0.4698
30,0.0,aligned,available,33,-0.0003949991254543761,-0.9864758125826469,0.4698
30,0.0,aligned,available,34,-0.00038333888768560254,-0.9843094030052875,0.4698
30,0.0,aligned,available,35,0.004697687012885865,-0.5814789086400262,0.4698
30,0.0,aligned,available,36,-0.0003633409156547085,-0.9853023048010634,0.4698
30,0.0,aligned,available,37,-0.0014519044586496221,0.923973266560027,0.4698
30,0.0,aligned,available,38,0.0016393530417837532,-0.6378675239916878,0.4698
30,0.0,aligned,available,39,-0.0036619123467536603,0.011938746713910268,0.4698
30,0.0,aligned,available,40,-0.0028893612759348652,0.7725227825880056,0.4698
30,0.0,aligned,available,41,-0.0030105541431144633,0.7620431300120841,0.4698
30,0.0,aligned,available,42,0.013988263759386887,0.7703013850780788,0.4698
30,0.0,aligned,available,43,-0.006652832725362323,0.7715408483408679,0.4698
30,0.0,aligned,available,44,0.002802194524821222,-0.762635706332219,0.4698
30,0.0,aligned,available,45,-0.007316240665467159,-0.023433735419517588,0.4698
30,0.0,aligned,available,46,-0.0036518412009932666,-0.7815906708974449,0.4698
30,0.0,aligned,available,47,-0.004109245192865596,-0.7652189773577945,0.4698
30,0.0,aligned,available,48,-0.012465876021049704,-0.49201446317131997,0.4698
30,0.0,aligned,available,49,-0.004734985780072032,-0.7703972262516253,0.4698
30,0.0,aligned,available,50,0.002127836587861087,0.8338901168031317,0.4698
30,0.0,aligned,available,51,-0.0007486945066883764,0.028725903535637247,0.4698
30,0.0,aligned,available,52,0.001581988578471083,0.027828808743991084,0.4698
30,0.0,aligned,available,53,0.001194544244317522,0.002739274278700241,0.4698
30,0.0,aligned,available,54,-0.0042981492047276144,0.028031013314907222,0.4698
30,0.0,aligned,available,55,-0.0030597814777931637,-0.028376561274292188,0.4698
30,0.0,aligned,available,56,8.120744570638827e-05,0.9949916178875604,0.4698
30,0.0,aligned,available,57,0.0011782558787761799,0.5927937004279027,0.4698
30,0.0,aligned,available,58,1.6792219099115435e-05,0.9947376343572819,0.4698
30,0.0,aligned,available,59,-8.918980123717724e-05,-0.937866836705844,0.4698
30,0.0,aligned,available,60,0.00021067987694933787,0.5846773993302555,0.4698
30,0.0,aligned,available,61,0.0002726977581224421,0.9885284372277299,0.4698
30,0.0,aligned,available,62,-0.0007148103679782691,-0.9182913071135473,0.4698
30,0.0,aligned,available,63,-0.006118654790168376,0.5919977063413702,0.4698
30,0.0,aligned,available,64,-0.0008945500964085973,-0.5839069331517645,0.4698
30,0.0,aligned,available,65,0.0010605973298786209,-0.9250434718219117,0.4698
30,0.0,aligned,mi_obs,0,-0.02507018453080534,-0.6449248592373082,0.4698
30,0.0,aligned,mi_obs,1,-0.01494045063373306,-0.8153372232206696,0.4698
30,0.0,aligned,mi_obs,2,-0.0054216711091018555,-0.9499553945625182,0.4698
30,0.0,aligned,mi_obs,3,0.03336219332605128,0.77847839044467,0.4698
30,0.0,aligned,mi_obs,4,-0.04962111950953918,-0.7624224825441525,0.4698
30,0.0,aligned,mi_obs,5,-0.12995612869106785,0.026423166232302182,0.4698
30,0.0,aligned,mi_obs,6,0.004227192775011712,0.969410970495419,0.4698
30,0.0,aligned,mi_obs,7,0.004492932903120916,0.9600451726403972,0.4698
30,0.0,aligned,mi_obs,8,0.0472485030476425,0.595722293852789,0.4698
30,0.0,aligned,mi_obs,9,0.0037042830087111733,0.9754536382167842,0.4698
30,0.0,aligned,mi_obs,10,-0.003127759107737882,-0.9134772147864827,0.4698
30,0.0,aligned,mi_obs,11,0.0605006161870264,0.6288866433162783,0.4698
30,0.0,aligned,mi_obs,12,0.012097061546116561,0.6528826647176885,0.4698
30,0.0,aligned,mi_obs,13,-0.04705135886421241,-0.5372978977577021,0.4698
30,0.0,aligned,mi_obs,14,0.05633345735765838,0.5910144319343532,0.4698
30,0.0,aligned,mi_obs,15,0.09728282196988605,-0.024844720166303104,0.4698
30,0.0,aligned,mi_obs,16,-0.019620041484618933,-0.6621803734185411,0.4698
30,0.0,aligned,mi_obs,17,-0.02119548869697485,-0.6487966685199281,0.4698
30,0.0,aligned,mi_obs,18,-0.04802352540440885,-0.4123874448447779,0.4698
30,0.0,aligned,mi_obs,19,-0.028177928939526864,-0.6532861808716864,0.4698
30,0.0,aligned,mi_obs,20,0.028131519618376455,0.7033776541669611,0.4698
30,0.0,aligned,mi_obs,21,0.020700671793581593,0.8244105202502028,0.4698
30,0.0,aligned,mi_obs,22,-0.02307292575216413,-0.6789598738260626,0.4698
30,0.0,aligned,mi_obs,23,0.0739094783238099,0.7453715853918825,0.4698
30,0.0,aligned,mi_obs,24,0.05848321059780767,-0.2853039744515575,0.4698
30,0.0,aligned,mi_obs,25,-0.011194637288111431,-0.8368734048460913,0.4698
30,0.0,aligned,mi_obs,26,-0.008588589309455497,-0.8195412045850422,0.4698
30,0.0,aligned,mi_obs,27,-0.07789865758039194,-0.5183810926542697,0.4698
30,0.0,aligned,mi_obs,28,-0.01369505632326773,-0.8253492927907885,0.4698
30,0.0,aligned,mi_obs,29,0.030562229269264996,0.8918558880903372,0.4698
30,0.0,aligned,mi_obs,30,-0.02133919602248857,-0.7578872934926998,0.4698
30,0.0,aligned,mi_obs,31,0.038388304074925106,0.7698105093718259,0.4698
30,0.0,aligned,mi_obs,32,0.14425755967185339,-0.02645274864732275,0.4698
30,0.0,aligned,mi_obs,33,0.0003814326994033834,-0.9864758125826469,0.4698
30,0.0,aligned,mi_obs,34,-0.0022220404192896392,-0.9843094030052875,0.4698
30,0.0,aligned,mi_obs,35,-0.046809860774814416,-0.5814789086400262,0.4698
30,0.0,aligned,mi_obs,36,-0.005714007213696859,-0.9853023048010634,0.4698
30,0.0,aligned,mi_obs,37,0.006361260500595267,0.923973266560027,0.4698
30,0.0,aligned,mi_obs,38,-0.06514841002805394,-0.6378675239916878,0.4698
30,0.0,aligned,mi_obs,39,-0.11663897685445616,0.011938746713910268,0.4698
30,0.0,aligned,mi_obs,40,0.019505494660608358,0.7725227825880056,0.4698
30,0.0,aligned,mi_obs,41,0.021012580552427496,0.7620431300120841,0.4698
30,0.0,aligned,mi_obs,42,0.12468506254802592,0.7703013850780788,0.4698
30,0.0,aligned,mi_obs,43,0.015978714283253592,0.7715408483408679,0.4698
30,0.0,aligned,mi_obs,44,-0.0203114572199391,-0.762635706332219,0.4698
30,0.0,aligned,mi_obs,45,0.07362484977703947,-0.023433735419517588,0.4698
30,0.0,aligned,mi_obs,46,-0.04357932462000402,-0.7815906708974449,0.4698
30,0.0,aligned,mi_obs,47,-0.043003031797444025,-0.7652189773577945,0.4698
30,0.0,aligned,mi_obs,48,-0.08052441817602624,-0.49201446317131997,0.4698
30,0.0,aligned,mi_obs,49,-0.03452183780214635,-0.7703972262516253,0.4698
30,0.0,aligned,mi_obs,50,0.05491990146059522,0.8338901168031317,0.4698
30,0.0,aligned,mi_obs,51,-0.12150581563494428,0.028725903535637247,0.4698
30,0.0,aligned,mi_obs,52,-0.12472280890176578,0.027828808743991084,0.4698
30,0.0,aligned,mi_obs,53,-0.06619012964746593,0.002739274278700241,0.4698
30,0.0,aligned,mi_obs,54,-0.1395402396357189,0.028031013314907222,0.4698
30,0.0,aligned,mi_obs,55,0.1047656510690988,-0.028376561274292188,0.4698
30,0.0,aligned,mi_obs,56,0.000678040284422754,0.9949916178875604,0.4698
30,0.0,aligned,mi_obs,57,0.05436320406152395,0.5927937004279027,0.4698
30,0.0,aligned,mi_obs,58,-0.0016744171579290423,0.9947376343572819,0.4698
30,0.0,aligned,mi_obs,59,8.671479078614652e-05,-0.937866836705844,0.4698
30,0.0,aligned,mi_obs,60,0.05487426748085178,0.5846773993302555,0.4698
30,0.0,aligned,mi_obs,61,-0.0012425220834727524,0.9885284372277299,0.4698
30,0.0,aligned,mi_obs,62,0.0008210272921909123,-0.9182913071135473,0.4698
30,0.0,aligned,mi_obs,63,0.053673440479123036,0.5919977063413702,0.4698
30,0.0,aligned,mi_obs,64,-0.054058709720241516,-0.5839069331517645,0.4698
30,0.0,aligned,mi_obs,65,-0.005144750821885924,-0.9250434718219117,0.4698
30,0.0,aligned,mi_class,0,0.05939261284345376,-0.6449248592373082,0.4698
30,0.0,aligned,mi_class,1,0.1538679044317962,-0.8153372232206696,0.4698
30,0.0,aligned,mi_class,2,0.04587591350463294,-0.9499553945625182,0.4698
30,0.0,aligned,mi_class,3,-0.18703251765270268,0.77847839044467,0.4698
30,0.0,aligned,mi_class,4,0.2159762418438399,-0.7624224825441525,0.4698
30,0.0,aligned,mi_class,5,-0.009708827361160726,0.026423166232302182,0.4698
30,0.0,aligned,mi_class,6,-0.19628890041895763,0.969410970495419,0.4698
30,0.0,aligned,mi_class,7,-0.33923789831781204,0.9600451726403972,0.4698
30,0.0,aligned,mi_class,8,-0.038517523042164714,0.595722293852789,0.4698
30,0.0,aligned,mi_class,9,-0.07293757762928588,0.9754536382167842,0.4698
30,0.0,aligned,mi_class,10,0.05070364723022358,-0.9134772147864827,0.4698
30,0.0,aligned,mi_class,11,-0.039358315479195105,0.6288866433162783,0.4698
30,0.0,aligned,mi_class,12,-0.0015494569337669573,0.6528826647176885,0.4698
30,0.0,aligned,mi_class,13,0.1289731668492105,-0.5372978977577021,0.4698
30,0.0,aligned,mi_class,14,-0.1370293797898739,0.5910144319343532,0.4698
30,0.0,aligned,mi_class,15,-0.002323609492476699,-0.024844720166303104,0.4698
30,0.0,aligned,mi_class,16,0.1097414978374861,-0.6621803734185411,0.4698
30,0.0,aligned,mi_class,17,0.2071723329315951,-0.6487966685199281,0.4698
30,0.0,aligned,mi_class,18,-0.0032112303934231368,-0.4123874448447779,0.4698
30,0.0,aligned,mi_class,19,-0.027573997152232743,-0.6532861808716864,0.4698
30,0.0,aligned,mi_class,20,-0.002103752685860938,0.7033776541669611,0.4698
30,0.0,aligned,mi_class,21,-0.10365781107008198,0.8244105202502028,0.4698
30,0.0,aligned,mi_class,22,0.3300651134054366,-0.6789598738260626,0.4698
30,0.0,aligned,mi_class,23,-0.38003134451696713,0.7453715853918825,0.4698
30,0.0,aligned,mi_class,24,0.1433835468517119,-0.2853039744515575,0.4698
30,0.0,aligned,mi_class,25,0.3018397156768339,-0.8368734048460913,0.4698
30,0.0,aligned,mi_class,26,0.44136297475419506,-0.8195412045850422,0.4698
30,0.0,aligned,mi_class,27,0.10131586641189472,-0.5183810926542697,0.4698
30,0.0,aligned,mi_class,28,0.06716001436301833,-0.8253492927907885,0.4698
30,0.0,aligned,mi_class,29,-0.11958266806868911,0.8918558880903372,0.4698
30,0.0,aligned,mi_class,30,0.159737391151073,-0.7578872934926998,0.4698
30,0.0,aligned,mi_class,31,-0.18877056329991093,0.7698105093718259,0.4698
30,0.0,aligned,mi_class,32,0.01103198952401111,-0.02645274864732275,0.4698
30,0.0,aligned,mi_class,33,0.1464283614889439,-0.9864758125826469,0.4698
30,0.0,aligned,mi_class,34,0.3079191034697124,-0.9843094030052875,0.4698
30,0.0,aligned,mi_class,35,-0.005456126255288907,-0.5814789086400262,0.4698
30,0.0,aligned,mi_class,36,0.011135526209307911,-0.9853023048010634,0.4698
30,0.0,aligned,mi_class,37,0.004582537536180542,0.923973266560027,0.4698
30,0.0,aligned,mi_class,38,0.01718936443136232,-0.6378675239916878,0.4698
30,0.0,aligned,mi_class,39,-0.004158319684470963,0.011938746713910268,0.4698
30,0.0,aligned,mi_class,40,-0.0731084275937991,0.7725227825880056,0.4698
30,0.0,aligned,mi_class,41,-0.08904495584978378,0.7620431300120841,0.4698
30,0.0,aligned,mi_class,42,-0.08793113143182452,0.7703013850780788,0.4698
30,0.0,aligned,mi_class,43,-0.18080124596790903,0.7715408483408679,0.4698
30,0.0,aligned,mi_class,44,0.1698880109556693,-0.762635706332219,0.4698
30,0.0,aligned,mi_class,45,0.0013919918582259404,-0.023433735419517588,0.4698
30,0.0,aligned,mi_class,46,0.09812807963608139,-0.7815906708974449,0.4698
30,0.0,aligned,mi_class,47,0.11472487089845229,-0.7652189773577945,0.4698
30,0.0,aligned,mi_class,48,0.0750108169105958,-0.49201446317131997,0.4698
30,0.0,aligned,mi_class,49,0.20043013931108544,-0.7703972262516253,0.4698
30,0.0,aligned,mi_class,50,-0.21008384952336656,0.8338901168031317,0.4698
30,0.0,aligned,mi_class,51,0.01710725251950012,0.028725903535637247,0.4698
30,0.0,aligned,mi_class,52,-0.018575969110215373,0.027828808743991084,0.4698
30,0.0,aligned,mi_class,53,-0.02775416369949707,0.002739274278700241,0.4698
30,0.0,aligned,mi_class,54,-0.010155478319416853,0.028031013314907222,0.4698
30,0.0,aligned,mi_class,55,0.008069749246295707,-0.028376561274292188,0.4698
30,0.0,aligned,mi_class,56,-0.20026706066492983,0.9949916178875604,0.4698
30,0.0,aligned,mi_class,57,-0.12447277564991749,0.5927937004279027,0.4698
30,0.0,aligned,mi_class,58,-0.17857792203823042,0.9947376343572819,0.4698
30,0.0,aligned,mi_class,59,0.15061379622286875,-0.937866836705844,0.4698
30,0.0,aligned,mi_class,60,-0.13252452518338892,0.5846773993302555,0.4698
30,0.0,aligned,mi_class,61,-0.33415029377133676,0.9885284372277299,0.4698
30,0.0,aligned,mi_class,62,0.29667508312875746,-0.9182913071135473,0.4698
30,0.0,aligned,mi_class,63,-0.0025195133360428335,0.5919977063413702,0.4698
30,0.0,aligned,mi_class,64,-0.00028641671175566596,-0.5839069331517645,0.4698
30,0.0,aligned,mi_class,65,0.01591142447050775,-0.9250434718219117,0.4698
30,0.0,aligned,mi_site,0,0.029631018329442926,-0.6449248592373082,0.4698
30,0.0,aligned,mi_site,1,0.08319492928030114,-0.8153372232206696,0.4698
30,0.0,aligned,mi_site,2,0.19288737534338707,-0.9499553945625182,0.4698
30,0.0,aligned,mi_site,3,-0.046370166473358454,0.77847839044467,0.4698
30,0.0,aligned,mi_site,4,0.004932660887682072,-0.7624224825441525,0.4698
30,0.0,aligned,mi_site,5,-0.05043928532179903,0.026423166232302182,0.4698
30,0.0,aligned,mi_site,6,-0.08114621752464035,0.969410970495419,0.4698
30,0.0,aligned,mi_site,7,-0.08138003858871357,0.9600451726403972,0.4698
30,0.0,aligned,mi_site,8,-0.5691714148166463,0.595722293852789,0.4698
30,0.0,aligned,mi_site,9,-0.7337044729956813,0.9754536382167842,0.4698
30,0.0,aligned,mi_site,10,0.0788644488324951,-0.9134772147864827,0.4698
30,0.0,aligned,mi_site,11,-0.017462126798053923,0.6288866433162783,0.4698
30,0.0,aligned,mi_site,12,-0.10493120296607517,0.6528826647176885,0.4698
30,0.0,aligned,mi_site,13,-0.002632684689881204,-0.5372978977577021,0.4698
30,0.0,aligned,mi_site,14,0.03629915820935692,0.5910144319343532,0.4698
30,0.0,aligned,mi_site,15,0.036934075196389,-0.024844720166303104,0.4698
30,0.0,aligned,mi_site,16,0.011718625573785446,-0.6621803734185411,0.4698
30,0.0,aligned,mi_site,17,0.009882859004438638,-0.6487966685199281,0.4698
30,0.0,aligned,mi_site,18,0.4044572705564488,-0.4123874448447779,0.4698
30,0.0,aligned,mi_site,19,0.47070539408757306,-0.6532861808716864,0.4698
30,0.0,aligned,mi_site,20,-0.006230164434785412,0.7033776541669611,0.4698
30,0.0,aligned,mi_site,21,-0.0513454833626964,0.8244105202502028,0.4698
30,0.0,aligned,mi_site,22,0.022496826699997308,-0.6789598738260626,0.4698
30,0.0,aligned,mi_site,23,0.020853811146099077,0.7453715853918825,0.4698
30,0.0,aligned,mi_site,24,0.002670241405453133,-0.2853039744515575,0.4698
30,0.0,aligned,mi_site,25,0.024200467826021033,-0.8368734048460913,0.4698
30,0.0,aligned,mi_site,26,0.024460876610405857,-0.8195412045850422,0.4698
30,0.0,aligned,mi_site,27,0.49371107570434647,-0.5183810926542697,0.4698
30,0.0,aligned,mi_site,28,0.6093397688387796,-0.8253492927907885,0.4698
30,0.0,aligned,mi_site,29,-0.04389455782152851,0.8918558880903372,0.4698
30,0.0,aligned,mi_site,30,0.07917157207049308,-0.7578872934926998,0.4698
30,0.0,aligned,mi_site,31,-0.08196798060864763,0.7698105093718259,0.4698
30,0.0,aligned,mi_site,32,0.04661954546437922,-0.02645274864732275,0.4698
30,0.0,aligned,mi_site,33,0.1183186601854993,-0.9864758125826469,0.4698
30,0.0,aligned,mi_site,34,0.11518079889921784,-0.9843094030052875,0.4698
30,0.0,aligned,mi_site,35,0.5539505574494686,-0.5814789086400262,0.4698
30,0.0,aligned,mi_site,36,0.7523149912433447,-0.9853023048010634,0.4698
30,0.0,aligned,mi_site,37,-0.13451723519272996,0.923973266560027,0.4698
30,0.0,aligned,mi_site,38,-0.03993273913979678,-0.6378675239916878,0.4698
30,0.0,aligned,mi_site,39,-0.03860784858413901,0.011938746713910268,0.4698
30,0.0,aligned,mi_site,40,0.00608691075455936,0.7725227825880056,0.4698
30,0.0,aligned,mi_site,41,0.005766419471624817,0.7620431300120841,0.4698
30,0.0,aligned,mi_site,42,-0.7411757347842871,0.7703013850780788,0.4698
30,0.0,aligned,mi_site,43,-0.5576969908605435,0.7715408483408679,0.4698
30,0.0,aligned,mi_site,44,-0.001219370557668631,-0.762635706332219,0.4698
30,0.0,aligned,mi_site,45,0.010204890461199972,-0.023433735419517588,0.4698
30,0.0,aligned,mi_site,46,-0.036327928023610845,-0.7815906708974449,0.4698
30,0.0,aligned,mi_site,47,-0.03592319718229342,-0.7652189773577945,0.4698
30,0.0,aligned,mi_site,48,0.47739850332462647,-0.49201446317131997,0.4698
30,0.0,aligned,mi_site,49,0.5488270961123622,-0.7703972262516253,0.4698
30,0.0,aligned,mi_site,50,0.019857569457842228,0.8338901168031317,0.4698
30,0.0,aligned,mi_site,51,-0.03689167733639753,0.028725903535637247,0.4698
30,0.0,aligned,mi_site,52,-0.038953363606992766,0.027828808743991084,0.4698
30,0.0,aligned,mi_site,53,0.02348306471351168,0.002739274278700241,0.4698
30,0.0,aligned,mi_site,54,-0.05647711857582675,0.028031013314907222,0.4698
30,0.0,aligned,mi_site,55,0.02745859099260045,-0.028376561274292188,0.4698
30,0.0,aligned,mi_site,56,0.0009511299307957133,0.9949916178875604,0.4698
30,0.0,aligned,mi_site,57,-0.5663481522272386,0.5927937004279027,0.4698
30,0.0,aligned,mi_site,58,-0.730428958152539,0.9947376343572819,0.4698
30,0.0,aligned,mi_site,59,0.024680175489878886,-0.937866836705844,0.4698
30,0.0,aligned,mi_site,60,-0.5595542447045152,0.5846773993302555,0.4698
30,0.0,aligned,mi_site,61,-0.7248568905993014,0.9885284372277299,0.4698
30,0.0,aligned,mi_site,62,0.02446861485264218,-0.9182913071135473,0.4698
30,0.0,aligned,mi_site,63,-1.5468675101088927,0.5919977063413702,0.4698
30,0.0,aligned,mi_site,64,0.5646112749785573,-0.5839069331517645,0.4698
30,0.0,aligned,mi_site,65,0.6778964100030458,-0.9250434718219117,0.4698
30,0.0,closed,available,0,0.001953310772569661,-0.6449248592373082,0.4698
30,0.0,closed,available,1,0.003170970238726367,-0.8153372232206696,0.4698
30,0.0,closed,available,2,0.0008805090935645188,-0.9499553945625182,0.4698
30,0.0,closed,available,3,-0.0015440271204083533,0.77847839044467,0.4698
30,0.0,closed,available,4,0.0023188944595883276,-0.7624224825441525,0.4698
30,0.0,closed,available,5,-0.006966606211999543,0.026423166232302182,0.4698
30,0.0,closed,available,6,-0.0005091356086706078,0.969410970495419,0.4698
30,0.0,closed,available,7,-0.00018089679980881623,0.9600451726403972,0.4698
30,0.0,closed,available,8,0.0020425200853477765,0.595722293852789,0.4698
30,0.0,closed,available,9,0.0005884930100782393,0.9754536382167842,0.4698
30,0.0,closed,available,10,0.00034477684253664265,-0.9134772147864827,0.4698
30,0.0,closed,available,11,-0.006888974893780597,0.6288866433162783,0.4698
30,0.0,closed,available,12,-0.0064401237656167565,0.6528826647176885,0.4698
30,0.0,closed,available,13,0.0013363223433034976,-0.5372978977577021,0.4698
30,0.0,closed,available,14,0.0008645660631565466,0.5910144319343532,0.4698
30,0.0,closed,available,15,0.0010591097222787844,-0.024844720166303104,0.4698
30,0.0,closed,available,16,-0.0006635805925752081,-0.6621803734185411,0.4698
30,0.0,closed,available,17,-0.0018583300172053674,-0.6487966685199281,0.4698
30,0.0,closed,available,18,-0.0028972842155209344,-0.4123874448447779,0.4698
30,0.0,closed,available,19,-0.0026901026515961934,-0.6532861808716864,0.4698
30,0.0,closed,available,20,-0.0023109556682808785,0.7033776541669611,0.4698
30,0.0,closed,available,21,0.001913763286670478,0.8244105202502028,0.4698
30,0.0,closed,available,22,0.009686561497897705,-0.6789598738260626,0.4698
30,0.0,closed,available,23,-0.01014737206338201,0.7453715853918825,0.4698
30,0.0,closed,available,24,-0.004571654816945381,-0.2853039744515575,0.4698
30,0.0,closed,available,25,0.007564058129114315,-0.8368734048460913,0.4698
30,0.0,closed,available,26,0.00958845952404852,-0.8195412045850422,0.4698
30,0.0,closed,available,27,0.019520826732744412,-0.5183810926542697,0.4698
30,0.0,closed,available,28,0.0007328735242293494,-0.8253492927907885,0.4698
30,0.0,closed,available,29,-0.0009693760075695224,0.8918558880903372,0.4698
30,0.0,closed,available,30,0.0006603507371626405,-0.7578872934926998,0.4698
30,0.0,closed,available,31,0.003484485033099838,0.7698105093718259,0.4698
30,0.0,closed,available,32,-0.01720057899129864,-0.02645274864732275,0.4698
30,0.0,closed,available,33,0.0008399672421324222,-0.9864758125826469,0.4698
30,0.0,closed,available,34,-0.00016233857673864094,-0.9843094030052875,0.4698
30,0.0,closed,available,35,-3.44519753521233e-05,-0.5814789086400262,0.4698
30,0.0,closed,available,36,0.00011848983171425242,-0.9853023048010634,0.4698
30,0.0,closed,available,37,-8.4864714111621e-05,0.923973266560027,0.4698
30,0.0,closed,available,38,0.0022397383937629023,-0.6378675239916878,0.4698
30,0.0,closed,available,39,0.008939292996999637,0.011938746713910268,0.4698
30,0.0,closed,available,40,-0.0037916429854456535,0.7725227825880056,0.4698
30,0.0,closed,available,41,-0.0015563223682932836,0.7620431300120841,0.4698
30,0.0,closed,available,42,0.002350385564871771,0.7703013850780788,0.4698
30,0.0,closed,available,43,-0.004322974223663345,0.7715408483408679,0.4698
30,0.0,closed,available,44,0.0007808040009921191,-0.762635706332219,0.4698
30,0.0,closed,available,45,-0.0008765597850315249,-0.023433735419517588,0.4698
30,0.0,closed,available,46,0.0012771295964060236,-0.7815906708974449,0.4698
30,0.0,closed,available,47,-0.0004133533571324399,-0.7652189773577945,0.4698
30,0.0,closed,available,48,0.018553817750024904,-0.49201446317131997,0.4698
30,0.0,closed,available,49,0.0016615000634087052,-0.7703972262516253,0.4698
30,0.0,closed,available,50,-0.0011197777178773016,0.8338901168031317,0.4698
30,0.0,closed,available,51,0.0008991712670938824,0.028725903535637247,0.4698
30,0.0,closed,available,52,-0.0008023696190182297,0.027828808743991084,0.4698
30,0.0,closed,available,53,-0.0065822523160330325,0.002739274278700241,0.4698
30,0.0,closed,available,54,-0.00899231746539655,0.028031013314907222,0.4698
30,0.0,closed,available,55,-0.001963654287214716,-0.028376561274292188,0.4698
30,0.0,closed,available,56,0.0001099074332190364,0.9949916178875604,0.4698
30,0.0,closed,available,57,-0.012482549301673362,0.5927937004279027,0.4698
30,0.0,closed,available,58,-3.0727566864841016e-05,0.9947376343572819,0.4698
30,0.0,closed,available,59,0.00020191608240616166,-0.937866836705844,0.4698
30,0.0,closed,available,60,-0.011008554624974631,0.5846773993302555,0.4698
30,0.0,closed,available,61,0.00023305790148320238,0.9885284372277299,0.4698
30,0.0,closed,available,62,0.00010209318342291329,-0.9182913071135473,0.4698
30,0.0,closed,available,63,-0.0015068371596987928,0.5919977063413702,0.4698
30,0.0,closed,available,64,0.004888544637832504,-0.5839069331517645,0.4698
30,0.0,closed,available,65,-0.0011105358384447817,-0.9250434718219117,0.4698
30,0.0,closed,mi_obs,0,-0.024027142964115455,-0.6449248592373082,0.4698
30,0.0,closed,mi_obs,1,-0.016674447454192887,-0.8153372232206696,0.4698
30,0.0,closed,mi_obs,2,-0.00499812015830281,-0.9499553945625182,0.4698
30,0.0,closed,mi_obs,3,0.033371620353709996,0.77847839044467,0.4698
30,0.0,closed,mi_obs,4,-0.04535337923809024,-0.7624224825441525,0.4698
30,0.0,closed,mi_obs,5,-0.14346977673134417,0.026423166232302182,0.4698
30,0.0,closed,mi_obs,6,0.0028466645660866208,0.969410970495419,0.4698
30,0.0,closed,mi_obs,7,0.002558499229386113,0.9600451726403972,0.4698
30,0.0,closed,mi_obs,8,0.047409039115147156,0.595722293852789,0.4698
30,0.0,closed,mi_obs,9,0.004055186491382257,0.9754536382167842,0.4698
30,0.0,closed,mi_obs,10,-0.0045985270612900475,-0.9134772147864827,0.4698
30,0.0,closed,mi_obs,11,0.009543843586846013,0.6288866433162783,0.4698
30,0.0,closed,mi_obs,12,0.03771724861555881,0.6528826647176885,0.4698
30,0.0,closed,mi_obs,13,-0.019931634432297618,-0.5372978977577021,0.4698
30,0.0,closed,mi_obs,14,0.07217838091891293,0.5910144319343532,0.4698
30,0.0,closed,mi_obs,15,0.06828007197870735,-0.024844720166303104,0.4698
30,0.0,closed,mi_obs,16,-0.022944661232553343,-0.6621803734185411,0.4698
30,0.0,closed,mi_obs,17,-0.020722279922002262,-0.6487966685199281,0.4698
30,0.0,closed,mi_obs,18,-0.08515224710087571,-0.4123874448447779,0.4698
30,0.0,closed,mi_obs,19,-0.027524172654453838,-0.6532861808716864,0.4698
30,0.0,closed,mi_obs,20,0.024977234306012508,0.7033776541669611,0.4698
30,0.0,closed,mi_obs,21,0.025933386290317828,0.8244105202502028,0.4698
30,0.0,closed,mi_obs,22,-0.03603501953997923,-0.6789598738260626,0.4698
30,0.0,closed,mi_obs,23,0.0736036486771523,0.7453715853918825,0.4698
30,0.0,closed,mi_obs,24,0.06094318930159856,-0.2853039744515575,0.4698
30,0.0,closed,mi_obs,25,-0.01123560030473425,-0.8368734048460913,0.4698
30,0.0,closed,mi_obs,26,-0.008403876660996845,-0.8195412045850422,0.4698
30,0.0,closed,mi_obs,27,-0.07608410762478246,-0.5183810926542697,0.4698
30,0.0,closed,mi_obs,28,-0.01397444018302918,-0.8253492927907885,0.4698
30,0.0,closed,mi_obs,29,0.02807689012088821,0.8918558880903372,0.4698
30,0.0,closed,mi_obs,30,-0.01955179532976503,-0.7578872934926998,0.4698
30,0.0,closed,mi_obs,31,0.02855984327959682,0.7698105093718259,0.4698
30,0.0,closed,mi_obs,32,0.1420539080237951,-0.02645274864732275,0.4698
30,0.0,closed,mi_obs,33,0.003508129950639649,-0.9864758125826469,0.4698
30,0.0,closed,mi_obs,34,0.0010282757421030686,-0.9843094030052875,0.4698
30,0.0,closed,mi_obs,35,-0.054546128080267375,-0.5814789086400262,0.4698
30,0.0,closed,mi_obs,36,-0.005055201142206811,-0.9853023048010634,0.4698
30,0.0,closed,mi_obs,37,0.009766604385120115,0.923973266560027,0.4698
30,0.0,closed,mi_obs,38,-0.058129861980787845,-0.6378675239916878,0.4698
30,0.0,closed,mi_obs,39,-0.11320007389693204,0.011938746713910268,0.4698
30,0.0,closed,mi_obs,40,0.019483840898005145,0.7725227825880056,0.4698
30,0.0,closed,mi_obs,41,0.02155561036023057,0.7620431300120841,0.4698
30,0.0,closed,mi_obs,42,0.1196860884678711,0.7703013850780788,0.4698
30,0.0,closed,mi_obs,43,0.015496669022828535,0.7715408483408679,0.4698
30,0.0,closed,mi_obs,44,-0.023580128262857714,-0.762635706332219,0.4698
30,0.0,closed,mi_obs,45,0.07367818374941264,-0.023433735419517588,0.4698
30,0.0,closed,mi_obs,46,-0.04553427722038694,-0.7815906708974449,0.4698
30,0.0,closed,mi_obs,47,-0.04139834772806961,-0.7652189773577945,0.4698
30,0.0,closed,mi_obs,48,-0.05677684410058409,-0.49201446317131997,0.4698
30,0.0,closed,mi_obs,49,-0.036903533583297676,-0.7703972262516253,0.4698
30,0.0,closed,mi_obs,50,0.05611271593817602,0.8338901168031317,0.4698
30,0.0,closed,mi_obs,51,-0.1206402297106478,0.028725903535637247,0.4698
30,0.0,closed,mi_obs,52,-0.12268636030376061,0.027828808743991084,0.4698
30,0.0,closed,mi_obs,53,-0.10588544275964475,0.002739274278700241,0.4698
30,0.0,closed,mi_obs,54,-0.1436780556304575,0.028031013314907222,0.4698
30,0.0,closed,mi_obs,55,0.11214391665799134,-0.028376561274292188,0.4698
30,0.0,closed,mi_obs,56,0.0004065746693479033,0.9949916178875604,0.4698
30,0.0,closed,mi_obs,57,0.0530650275367196,0.5927937004279027,0.4698
30,0.0,closed,mi_obs,58,-0.0032843144531674584,0.9947376343572819,0.4698
30,0.0,closed,mi_obs,59,0.0006539572535880778,-0.937866836705844,0.4698
30,0.0,closed,mi_obs,60,0.05606337425841679,0.5846773993302555,0.4698
30,0.0,closed,mi_obs,61,-0.003465156555711446,0.9885284372277299,0.4698
30,0.0,closed,mi_obs,62,0.001860752526500753,-0.9182913071135473,0.4698
30,0.0,closed,mi_obs,63,0.05742637138721962,0.5919977063413702,0.4698
30,0.0,closed,mi_obs,64,-0.05881265757026155,-0.5839069331517645,0.4698
30,0.0,closed,mi_obs,65,-0.00587174343391228,-0.9250434718219117,0.4698
30,0.0,closed,mi_class,0,0.01326898623821049,-0.6449248592373082,0.4698
30,0.0,closed,mi_class,1,0.19286029782538827,-0.8153372232206696,0.4698
30,0.0,closed,mi_class,2,0.07657371391612389,-0.9499553945625182,0.4698
30,0.0,closed,mi_class,3,-0.2234920664430563,0.77847839044467,0.4698
30,0.0,closed,mi_class,4,0.2236241117550264,-0.7624224825441525,0.4698
30,0.0,closed,mi_class,5,-0.004109911384059972,0.026423166232302182,0.4698
30,0.0,closed,mi_class,6,-0.10316970053957386,0.969410970495419,0.4698
30,0.0,closed,mi_class,7,-0.28972158946131465,0.9600451726403972,0.4698
30,0.0,closed,mi_class,8,-0.12092553889058427,0.595722293852789,0.4698
30,0.0,closed,mi_class,9,-0.09040452538872357,0.9754536382167842,0.4698
30,0.0,closed,mi_class,10,0.06145456250547676,-0.9134772147864827,0.4698
30,0.0,closed,mi_class,11,-0.07792871300970328,0.6288866433162783,0.4698
30,0.0,closed,mi_class,12,-0.008769710585486035,0.6528826647176885,0.4698
30,0.0,closed,mi_class,13,0.1398994059623201,-0.5372978977577021,0.4698
30,0.0,closed,mi_class,14,-0.14324827610864077,0.5910144319343532,0.4698
30,0.0,closed,mi_class,15,0.010191920079910101,-0.024844720166303104,0.4698
30,0.0,closed,mi_class,16,0.031587541397870234,-0.6621803734185411,0.4698
30,0.0,closed,mi_class,17,0.18437286914855416,-0.6487966685199281,0.4698
30,0.0,closed,mi_class,18,0.05479153272299214,-0.4123874448447779,0.4698
30,0.0,closed,mi_class,19,-0.019115928327986698,-0.6532861808716864,0.4698
30,0.0,closed,mi_class,20,-0.008859478338206994,0.7033776541669611,0.4698
30,0.0,closed,mi_class,21,-0.12736818321590693,0.8244105202502028,0.4698
30,0.0,closed,mi_class,22,0.3397806445227299,-0.6789598738260626,0.4698
30,0.0,closed,mi_class,23,-0.3910316894381418,0.7453715853918825,0.4698
30,0.0,closed,mi_class,24,0.16601902586386239,-0.2853039744515575,0.4698
30,0.0,closed,mi_class,25,0.19751571979615845,-0.8368734048460913,0.4698
30,0.0,closed,mi_class,26,0.4430016804646269,-0.8195412045850422,0.4698
30,0.0,closed,mi_class,27,0.17430650753661292,-0.5183810926542697,0.4698
30,0.0,closed,mi_class,28,0.08411533608157995,-0.8253492927907885,0.4698
30,0.0,closed,mi_class,29,-0.13815262313483168,0.8918558880903372,0.4698
30,0.0,closed,mi_class,30,0.1669841232656335,-0.7578872934926998,0.4698
30,0.0,closed,mi_class,31,-0.19051756522509433,0.7698105093718259,0.4698
30,0.0,closed,mi_class,32,-0.0009605757075475986,-0.02645274864732275,0.4698
30,0.0,closed,mi_class,33,0.051250553606592364,-0.9864758125826469,0.4698
30,0.0,closed,mi_class,34,0.2505181153945213,-0.9843094030052875,0.4698
30,0.0,closed,mi_class,35,0.08860941563920954,-0.5814789086400262,0.4698
30,0.0,closed,mi_class,36,0.016069731027082645,-0.9853023048010634,0.4698
30,0.0,closed,mi_class,37,0.001843293512537203,0.923973266560027,0.4698
30,0.0,closed,mi_class,38,0.006693987587936934,-0.6378675239916878,0.4698
30,0.0,closed,mi_class,39,0.0021302195563475106,0.011938746713910268,0.4698
30,0.0,closed,mi_class,40,-0.13558630680398398,0.7725227825880056,0.4698
30,0.0,closed,mi_class,41,-0.018859701009737218,0.7620431300120841,0.4698
30,0.0,closed,mi_class,42,-0.20346511498590036,0.7703013850780788,0.4698
30,0.0,closed,mi_class,43,-0.18292682285405126,0.7715408483408679,0.4698
30,0.0,closed,mi_class,44,0.17487945409136385,-0.762635706332219,0.4698
30,0.0,closed,mi_class,45,0.004288756407787201,-0.023433735419517588,0.4698
30,0.0,closed,mi_class,46,0.1540249959904767,-0.7815906708974449,0.4698
30,0.0,closed,mi_class,47,0.03668745967324927,-0.7652189773577945,0.4698
30,0.0,closed,mi_class,48,0.15016686582881794,-0.49201446317131997,0.4698
30,0.0,closed,mi_class,49,0.19750591395436978,-0.7703972262516253,0.4698
30,0.0,closed,mi_class,50,-0.20984209406641274,0.8338901168031317,0.4698
30,0.0,closed,mi_class,51,0.018871962978658487,0.028725903535637247,0.4698
30,0.0,closed,mi_class,52,0.003545887358515392,0.027828808743991084,0.4698
30,0.0,closed,mi_class,53,0.07749020173023398,0.002739274278700241,0.4698
30,0.0,closed,mi_class,54,-0.0025397900331997486,0.028031013314907222,0.4698
30,0.0,closed,mi_class,55,-0.00046964004043035384,-0.028376561274292188,0.4698
30,0.0,closed,mi_class,56,-0.20843292177798756,0.9949916178875604,0.4698
30,0.0,closed,mi_class,57,-0.10723358814351652,0.5927937004279027,0.4698
30,0.0,closed,mi_class,58,-0.06639994269283744,0.9947376343572819,0.4698
30,0.0,closed,mi_class,59,0.047233740221212295,-0.937866836705844,0.4698
30,0.0,closed,mi_class,60,-0.17774806333223903,0.5846773993302555,0.4698
30,0.0,closed,mi_class,61,-0.26249222493735125,0.9885284372277299,0.4698
30,0.0,closed,mi_class,62,0.2339663911423383,-0.9182913071135473,0.4698
30,0.0,closed,mi_class,63,-0.08149348701369585,0.5919977063413702,0.4698
30,0.0,closed,mi_class,64,0.08468426688851471,-0.5839069331517645,0.4698
30,0.0,closed,mi_class,65,0.013245691816520577,-0.9250434718219117,0.4698
30,0.0,closed,mi_site,0,-0.016439370197163683,-0.6449248592373082,0.4698
30,0.0,closed,mi_site,1,-0.015925944011412563,-0.8153372232206696,0.4698
30,0.0,closed,mi_site,2,-0.004470124606300474,-0.9499553945625182,0.4698
30,0.0,closed,mi_site,3,0.03023423175521822,0.77847839044467,0.4698
30,0.0,closed,mi_site,4,-0.035277404158814196,-0.7624224825441525,0.4698
30,0.0,closed,mi_site,5,-0.07180653809494461,0.026423166232302182,0.4698
30,0.0,closed,mi_site,6,-6.002306397978607e-05,0.969410970495419,0.4698
30,0.0,closed,mi_site,7,-0.0009524435405798837,0.9600451726403972,0.4698
30,0.0,closed,mi_site,8,0.03293125446424361,0.595722293852789,0.4698
30,0.0,closed,mi_site,9,0.003429097746961429,0.9754536382167842,0.4698
30,0.0,closed,mi_site,10,-0.0031883037892402877,-0.9134772147864827,0.4698
30,0.0,closed,mi_site,11,0.018897033982483546,0.6288866433162783,0.4698
30,0.0,closed,mi_site,12,0.026351370615297354,0.6528826647176885,0.4698
30,0.0,closed,mi_site,13,-0.0144576597976952,-0.5372978977577021,0.4698
30,0.0,closed,mi_site,14,0.054857099098824524,0.5910144319343532,0.4698
30,0.0,closed,mi_site,15,0.022836412431066835,-0.024844720166303104,0.4698
30,0.0,closed,mi_site,16,-0.015279759665488113,-0.6621803734185411,0.4698
30,0.0,closed,mi_site,17,-0.014072209333451213,-0.6487966685199281,0.4698
30,0.0,closed,mi_site,18,-0.048416344747994056,-0.4123874448447779,0.4698
30,0.0,closed,mi_site,19,-0.0218617373450658,-0.6532861808716864,0.4698
30,0.0,closed,mi_site,20,0.018220812123132757,0.7033776541669611,0.4698
30,0.0,closed,mi_site,21,0.02339986985367004,0.8244105202502028,0.4698
30,0.0,closed,mi_site,22,-0.037169376778005137,-0.6789598738260626,0.4698
30,0.0,closed,mi_site,23,0.06630828003287659,0.7453715853918825,0.4698
30,0.0,closed,mi_site,24,0.005659489422947861,-0.2853039744515575,0.4698
30,0.0,closed,mi_site,25,-0.009151777852045906,-0.8368734048460913,0.4698
30,0.0,closed,mi_site,26,-0.005612805249179176,-0.8195412045850422,0.4698
30,0.0,closed,mi_site,27,-0.04768348752263363,-0.5183810926542697,0.4698
30,0.0,closed,mi_site,28,-0.013335671651752534,-0.8253492927907885,0.4698
30,0.0,closed,mi_site,29,0.02518884187408521,0.8918558880903372,0.4698
30,0.0,closed,mi_site,30,-0.01784562481788665,-0.7578872934926998,0.4698
30,0.0,closed,mi_site,31,0.02060139708082276,0.7698105093718259,0.4698
30,0.0,closed,mi_site,32,0.06036494728120331,-0.02645274864732275,0.4698
30,0.0,closed,mi_site,33,0.0051176800907052344,-0.9864758125826469,0.4698
30,0.0,closed,mi_site,34,0.0038883517517367405,-0.9843094030052875,0.4698
30,0.0,closed,mi_site,35,-0.04071654691397708,-0.5814789086400262,0.4698
30,0.0,closed,mi_site,36,-0.004269672845640171,-0.9853023048010634,0.4698
30,0.0,closed,mi_site,37,0.007377910645217978,0.923973266560027,0.4698
30,0.0,closed,mi_site,38,-0.054684185564192744,-0.6378675239916878,0.4698
30,0.0,closed,mi_site,39,-0.046126200450404914,0.011938746713910268,0.4698
30,0.0,closed,mi_site,40,0.019678701033848833,0.7725227825880056,0.4698
30,0.0,closed,mi_site,41,0.02001657152382419,0.7620431300120841,0.4698
30,0.0,closed,mi_site,42,0.09685837512400108,0.7703013850780788,0.4698
30,0.0,closed,mi_site,43,0.014783426625009088,0.7715408483408679,0.4698
30,0.0,closed,mi_site,44,-0.024832035498801308,-0.762635706332219,0.4698
30,0.0,closed,mi_site,45,0.024002198861198594,-0.023433735419517588,0.4698
30,0.0,closed,mi_site,46,-0.036538668955879094,-0.7815906708974449,0.4698
30,0.0,closed,mi_site,47,-0.03344635033466459,-0.7652189773577945,0.4698
30,0.0,closed,mi_site,48,-0.04366696324057412,-0.49201446317131997,0.4698
30,0.0,closed,mi_site,49,-0.025879749448320277,-0.7703972262516253,0.4698
30,0.0,closed,mi_site,50,0.04517130966617322,0.8338901168031317,0.4698
30,0.0,closed,mi_site,51,-0.05682225008049313,0.028725903535637247,0.4698
30,0.0,closed,mi_site,52,-0.05909350379560571,0.027828808743991084,0.4698
30,0.0,closed,mi_site,53,-0.061032700635770175,0.002739274278700241,0.4698
30,0.0,closed,mi_site,54,-0.06683139486617864,0.028031013314907222,0.4698
30,0.0,closed,mi_site,55,0.041101781552369106,-0.028376561274292188,0.4698
30,0.0,closed,mi_site,56,0.0003415665940882384,0.9949916178875604,0.4698
30,0.0,closed,mi_site,57,0.033055506190039274,0.5927937004279027,0.4698
30,0.0,closed,mi_site,58,-0.005247740492960173,0.9947376343572819,0.4698
30,0.0,closed,mi_site,59,0.0025585373472403194,-0.937866836705844,0.4698
30,0.0,closed,mi_site,60,0.03512700975560101,0.5846773993302555,0.4698
30,0.0,closed,mi_site,61,-0.005901552574296254,0.9885284372277299,0.4698
30,0.0,closed,mi_site,62,0.003974740174636615,-0.9182913071135473,0.4698
30,0.0,closed,mi_site,63,0.040049872325481406,0.5919977063413702,0.4698
30,0.0,closed,mi_site,64,-0.041525952123170784,-0.5839069331517645,0.4698
30,0.0,closed,mi_site,65,-0.004266082745438271,-0.9250434718219117,0.4698
30,1.0,aligned,available,0,2.6773184545025863e-05,-0.6551235841414055,0.4698
30,1.0,aligned,available,1,3.066947692720312e-05,-0.8215270482522999,0.4698
30,1.0,aligned,available,2,-0.0008787334027388072,-0.9520352964152692,0.4698
30,1.0,aligned,available,3,-0.0009863762539458198,0.7830734152077575,0.4698
30,1.0,aligned,available,4,-0.006864288280744701,-0.7701241270332752,0.4698
30,1.0,aligned,available,5,0.007721886752600344,0.0254276862953865,0.4698
30,1.0,aligned,available,6,0.0002530122116728428,0.9705882927385695,0.4698
30,1.0,aligned,available,7,0.0003002939380735148,0.9617534451313329,0.4698
30,1.0,aligned,available,8,0.0035345746580408566,0.6014656445189419,0.4698
30,1.0,aligned,available,9,-0.0006744614617096856,0.9765123471571869,0.4698
30,1.0,aligned,available,10,0.00022141959736432515,-0.9152758507640162,0.4698
30,1.0,aligned,available,11,0.000570461265751443,0.6411575329147589,0.4698
30,1.0,aligned,available,12,-0.0023637524511539443,0.6638391297066801,0.4698
30,1.0,aligned,available,13,-0.009586720473991117,-0.5474737791600092,0.4698
30,1.0,aligned,available,14,0.004487119419269825,0.6038454120506948,0.4698
30,1.0,aligned,available,15,0.00391282866057608,-0.024403438423945125,0.4698
30,1.0,aligned,available,16,-0.000314794543620045,-0.6728378578931662,0.4698
30,1.0,aligned,available,17,-0.0010491080485490745,-0.6597505959367844,0.4698
30,1.0,aligned,available,18,-0.010146855019539658,-0.4207153603662439,0.4698
30,1.0,aligned,available,19,-0.005168637925346609,-0.6639064576409307,0.4698
30,1.0,aligned,available,20,0.0003255833271597064,0.7132583020737864,0.4698
30,1.0,aligned,available,21,0.003606588284835177,0.8314647427671977,0.4698
30,1.0,aligned,available,22,0.017685184339281346,-0.6879098704578381,0.4698
30,1.0,aligned,available,23,0.0010607128217231532,0.755350713806946,0.4698
30,1.0,aligned,available,24,-0.0026320391431547963,-0.278970061550408,0.4698
30,1.0,aligned,available,25,0.0015998545699766886,-0.8434306479365317,0.4698
30,1.0,aligned,available,26,0.0005819643089239879,-0.8266352097809138,0.4698
30,1.0,aligned,available,27,0.005097229741213516,-0.5268470626620064,0.4698
30,1.0,aligned,available,28,0.001297266682791176,-0.831980174760732,0.4698
30,1.0,aligned,available,29,0.0006633005312522977,0.8967712822447574,0.4698
30,1.0,aligned,available,30,0.0014591523695050013,-0.764270891338064,0.4698
30,1.0,aligned,available,31,-0.0017124896544050694,0.7783680754185639,0.4698
30,1.0,aligned,available,32,-0.016961448842841554,-0.02554217839809458,0.4698
30,1.0,aligned,available,33,-0.0005396502174650486,-0.9871257156541949,0.4698
30,1.0,aligned,available,34,-0.0005358217676658672,-0.9850500266564273,0.4698
30,1.0,aligned,available,35,-0.014021469459887803,-0.5880581917409259,0.4698
30,1.0,aligned,available,36,-0.0006973224413401313,-0.9859633480640133,0.4698
30,1.0,aligned,available,37,0.0006998178623788265,0.9267138492831183,0.4698
30,1.0,aligned,available,38,0.002399812609820473,-0.6469452327186762,0.4698
30,1.0,aligned,available,39,0.00037898733620882197,0.011240146846127036,0.4698
30,1.0,aligned,available,40,-0.003121229546402149,0.7780978793593895,0.4698
30,1.0,aligned,available,41,-0.0025864763426857174,0.7680495766722845,0.4698
30,1.0,aligned,available,42,0.011866888691240196,0.7726022404260263,0.4698
30,1.0,aligned,available,43,-0.0030572032055101728,0.7770086599244648,0.4698
30,1.0,aligned,available,44,0.0025916680829749517,-0.7682717123065602,0.4698
30,1.0,aligned,available,45,-0.009785688536696615,-0.022846542189348323,0.4698
30,1.0,aligned,available,46,-0.003319408901191312,-0.789710772494456,0.4698
30,1.0,aligned,available,47,-0.0036689825144105015,-0.7738116860909506,0.4698
30,1.0,aligned,available,48,-0.005366253580228797,-0.5008786552666393,0.4698
30,1.0,aligned,available,49,-0.0057529610387025976,-0.7785845468266486,0.4698
30,1.0,aligned,available,50,0.0020019817313114974,0.8405123500636328,0.4698
30,1.0,aligned,available,51,0.001350569196253204,0.02772815244291555,0.4698
30,1.0,aligned,available,52,0.004731584917306068,0.02686743315335236,0.4698
30,1.0,aligned,available,53,0.0002931876466741733,0.002256000616634339,0.4698
30,1.0,aligned,available,54,-0.001050132704698014,0.027040545615721657,0.4698
30,1.0,aligned,available,55,-0.005876653152982053,-0.0274436963976889,0.4698
30,1.0,aligned,available,56,7.207485689442183e-05,0.9952187071439901,0.4698
30,1.0,aligned,available,57,-0.0010796621232243009,0.598855451971418,0.4698
30,1.0,aligned,available,58,4.5587197602059426e-05,0.9949510610348479,0.4698
30,1.0,aligned,available,59,-0.0002565618646941381,-0.9399782793775333,0.4698
30,1.0,aligned,available,60,-0.003855368925653746,0.5911025727371327,0.4698
30,1.0,aligned,available,61,0.0003129530957617366,0.9890695169658089,0.4698
30,1.0,aligned,available,62,-0.0008412036764221531,-0.9211096092929582,0.4698
30,1.0,aligned,available,63,-0.002055430269415681,0.5980697162887605,0.4698
30,1.0,aligned,available,64,-0.002239671619935879,-0.5896574545618541,0.4698
30,1.0,aligned,available,65,-0.00024105009147779022,-0.9272867364558733,0.4698
30,1.0,aligned,mi_obs,0,-0.026105590392550115,-0.6551235841414055,0.4698
30,1.0,aligned,mi_obs,1,-0.015565688023383095,-0.8215270482522999,0.4698
30,1.0,aligned,mi_obs,2,-0.005261764497522248,-0.9520352964152692,0.4698
30,1.0,aligned,mi_obs,3,0.03307616036534722,0.7830734152077575,0.4698
30,1.0,aligned,mi_obs,4,-0.049188853110485375,-0.7701241270332752,0.4698
30,1.0,aligned,mi_obs,5,-0.13227733779153947,0.0254276862953865,0.4698
30,1.0,aligned,mi_obs,6,0.004243434302676485,0.9705882927385695,0.4698
30,1.0,aligned,mi_obs,7,0.004575299728853732,0.9617534451313329,0.4698
30,1.0,aligned,mi_obs,8,0.05083348643934893,0.6014656445189419,0.4698
30,1.0,aligned,mi_obs,9,0.003601753533672092,0.9765123471571869,0.4698
30,1.0,aligned,mi_obs,10,-0.003748960027168624,-0.9152758507640162,0.4698
30,1.0,aligned,mi_obs,11,0.059261410643230206,0.6411575329147589,0.4698
30,1.0,aligned,mi_obs,12,0.01396366720959119,0.6638391297066801,0.4698
30,1.0,aligned,mi_obs,13,-0.047707966069808316,-0.5474737791600092,0.4698
30,1.0,aligned,mi_obs,14,0.05631901429169517,0.6038454120506948,0.4698
30,1.0,aligned,mi_obs,15,0.09939266269583166,-0.024403438423945125,0.4698
30,1.0,aligned,mi_obs,16,-0.020367263545282954,-0.6728378578931662,0.4698
30,1.0,aligned,mi_obs,17,-0.02189606859745319,-0.6597505959367844,0.4698
30,1.0,aligned,mi_obs,18,-0.050177823726972326,-0.4207153603662439,0.4698
30,1.0,aligned,mi_obs,19,-0.029158677002428246,-0.6639064576409307,0.4698
30,1.0,aligned,mi_obs,20,0.02851706254459052,0.7132583020737864,0.4698
30,1.0,aligned,mi_obs,21,0.02124664584100633,0.8314647427671977,0.4698
30,1.0,aligned,mi_obs,22,-0.022606326202034843,-0.6879098704578381,0.4698
30,1.0,aligned,mi_obs,23,0.0712362212929627,0.755350713806946,0.4698
30,1.0,aligned,mi_obs,24,0.06303983351986478,-0.278970061550408,0.4698
30,1.0,aligned,mi_obs,25,-0.011597975044518427,-0.8434306479365317,0.4698
30,1.0,aligned,mi_obs,26,-0.009149232088550452,-0.8266352097809138,0.4698
30,1.0,aligned,mi_obs,27,-0.07771535490473092,-0.5268470626620064,0.4698
30,1.0,aligned,mi_obs,28,-0.013996176883066758,-0.831980174760732,0.4698
30,1.0,aligned,mi_obs,29,0.0295703446469322,0.8967712822447574,0.4698
30,1.0,aligned,mi_obs,30,-0.02191623330850445,-0.764270891338064,0.4698
30,1.0,aligned,mi_obs,31,0.03862973379207546,0.7783680754185639,0.4698
30,1.0,aligned,mi_obs,32,0.14658776704850085,-0.02554217839809458,0.4698
30,1.0,aligned,mi_obs,33,0.0008728245556703929,-0.9871257156541949,0.4698
30,1.0,aligned,mi_obs,34,-0.0014224103345503725,-0.9850500266564273,0.4698
30,1.0,aligned,mi_obs,35,-0.05077774347740127,-0.5880581917409259,0.4698
30,1.0,aligned,mi_obs,36,-0.005427754813893015,-0.9859633480640133,0.4698
30,1.0,aligned,mi_obs,37,0.007432170434535923,0.9267138492831183,0.4698
30,1.0,aligned,mi_obs,38,-0.0647296060746313,-0.6469452327186762,0.4698
30,1.0,aligned,mi_obs,39,-0.11833545494789251,0.011240146846127036,0.4698
30,1.0,aligned,mi_obs,40,0.019224246152706792,0.7780978793593895,0.4698
30,1.0,aligned,mi_obs,41,0.020770094363920077,0.7680495766722845,0.4698
30,1.0,aligned,mi_obs,42,0.12435882150665345,0.7726022404260263,0.4698
30,1.0,aligned,mi_obs,43,0.01582187034499649,0.7770086599244648,0.4698
30,1.0,aligned,mi_obs,44,-0.02042511975708272,-0.7682717123065602,0.4698
30,1.0,aligned,mi_obs,45,0.07697172606222388,-0.022846542189348323,0.4698
30,1.0,aligned,mi_obs,46,-0.042920197278812244,-0.789710772494456,0.4698
30,1.0,aligned,mi_obs,47,-0.042412494996551975,-0.7738116860909506,0.4698
30,1.0,aligned,mi_obs,48,-0.0825974661970511,-0.5008786552666393,0.4698
30,1.0,aligned,mi_obs,49,-0.03439489088333458,-0.7785845468266486,0.4698
30,1.0,aligned,mi_obs,50,0.05314923247129566,0.8405123500636328,0.4698
30,1.0,aligned,mi_obs,51,-0.12302494911955361,0.02772815244291555,0.4698
30,1.0,aligned,mi_obs,52,-0.12618905225391439,0.02686743315335236,0.4698
30,1.0,aligned,mi_obs,53,-0.07106351814904285,0.002256000616634339,0.4698
30,1.0,aligned,mi_obs,54,-0.1419940900236208,0.027040545615721657,0.4698
30,1.0,aligned,mi_obs,55,0.10755338332423477,-0.0274436963976889,0.4698
30,1.0,aligned,mi_obs,56,0.0006569597778705027,0.9952187071439901,0.4698
30,1.0,aligned,mi_obs,57,0.05601918138892159,0.598855451971418,0.4698
30,1.0,aligned,mi_obs,58,-0.0017693638974205506,0.9949510610348479,0.4698
30,1.0,aligned,mi_obs,59,-4.1838669750271507e-05,-0.9399782793775333,0.4698
30,1.0,aligned,mi_obs,60,0.0565582799900749,0.5911025727371327,0.4698
30,1.0,aligned,mi_obs,61,-0.0013592653118511544,0.9890695169658089,0.4698
30,1.0,aligned,mi_obs,62,0.0006287305538023036,-0.9211096092929582,0.4698
30,1.0,aligned,mi_obs,63,0.056025375712291714,0.5980697162887605,0.4698
30,1.0,aligned,mi_obs,64,-0.05624272912488715,-0.5896574545618541,0.4698
30,1.0,aligned,mi_obs,65,-0.005597184865030247,-0.9272867364558733,0.4698
30,1.0,aligned,mi_class,0,0.06208174901698427,-0.6551235841414055,0.4698
30,1.0,aligned,mi_class,1,0.15404849592386471,-0.8215270482522999,0.4698
30,1.0,aligned,mi_class,2,0.04836866014534691,-0.9520352964152692,0.4698
30,1.0,aligned,mi_class,3,-0.187951518008443,0.7830734152077575,0.4698
30,1.0,aligned,mi_class,4,0.21553524440126892,-0.7701241270332752,0.4698
30,1.0,aligned,mi_class,5,-0.0029509730070696356,0.0254276862953865,0.4698
30,1.0,aligned,mi_class,6,-0.19603599616323875,0.9705882927385695,0.4698
30,1.0,aligned,mi_class,7,-0.3062886220703622,0.9617534451313329,0.4698
30,1.0,aligned,mi_class,8,-0.04415594383904309,0.6014656445189419,0.4698
30,1.0,aligned,mi_class,9,-0.07534071356078909,0.9765123471571869,0.4698
30,1.0,aligned,mi_class,10,0.05413640412652476,-0.9152758507640162,0.4698
30,1.0,aligned,mi_class,11,-0.04223772805012216,0.6411575329147589,0.4698
30,1.0,aligned,mi_class,12,-0.0033834364568797737,0.6638391297066801,0.4698
30,1.0,aligned,mi_class,13,0.13217615440920255,-0.5474737791600092,0.4698
30,1.0,aligned,mi_class,14,-0.13803163483860215,0.6038454120506948,0.4698
30,1.0,aligned,mi_class,15,-0.008056066626113998,-0.024403438423945125,0.4698
30,1.0,aligned,mi_class,16,0.11188302789810145,-0.6728378578931662,0.4698
30,1.0,aligned,mi_class,17,0.19141777002449106,-0.6597505959367844,0.4698
30,1.0,aligned,mi_class,18,0.0037281630867020965,-0.4207153603662439,0.4698
30,1.0,aligned,mi_class,19,-0.02632718847789306,-0.6639064576409307,0.4698
30,1.0,aligned,mi_class,20,-0.003197938408193046,0.7132583020737864,0.4698
30,1.0,aligned,mi_class,21,-0.10281951744808415,0.8314647427671977,0.4698
30,1.0,aligned,mi_class,22,0.3319025494965465,-0.6879098704578381,0.4698
30,1.0,aligned,mi_class,23,-0.3814839108620881,0.755350713806946,0.4698
30,1.0,aligned,mi_class,24,0.13294599318237726,-0.278970061550408,0.4698
30,1.0,aligned,mi_class,25,0.30167023218701194,-0.8434306479365317,0.4698
30,1.0,aligned,mi_class,26,0.4323010602022098,-0.8266352097809138,0.4698
30,1.0,aligned,mi_class,27,0.10557243479579481,-0.5268470626620064,0.4698
30,1.0,aligned,mi_class,28,0.06822743123878494,-0.831980174760732,0.4698
30,1.0,aligned,mi_class,29,-0.11753319554730235,0.8967712822447574,0.4698
30,1.0,aligned,mi_class,30,0.1612403831211473,-0.764270891338064,0.4698
30,1.0,aligned,mi_class,31,-0.18719997532656352,0.7783680754185639,0.4698
30,1.0,aligned,mi_class,32,0.00513344074984955,-0.02554217839809458,0.4698
30,1.0,aligned,mi_class,33,0.14635221235373375,-0.9871257156541949,0.4698
30,1.0,aligned,mi_class,34,0.2721713644296456,-0.9850500266564273,0.4698
30,1.0,aligned,mi_class,35,-0.0010471918443636374,-0.5880581917409259,0.4698
30,1.0,aligned,mi_class,36,0.011844241867925098,-0.9859633480640133,0.4698
30,1.0,aligned,mi_class,37,0.004544271916596565,0.9267138492831183,0.4698
30,1.0,aligned,mi_class,38,0.014281826138790366,-0.6469452327186762,0.4698
30,1.0,aligned,mi_class,39,0.0005113362989057554,0.011240146846127036,0.4698
30,1.0,aligned,mi_class,40,-0.07252959797304404,0.7780978793593895,0.4698
30,1.0,aligned,mi_class,41,-0.052620532996836,0.7680495766722845,0.4698
30,1.0,aligned,mi_class,42,-0.09404417917041896,0.7726022404260263,0.4698
30,1.0,aligned,mi_class,43,-0.1819037455018102,0.7770086599244648,0.4698
30,1.0,aligned,mi_class,44,0.17246134818032888,-0.7682717123065602,0.4698
30,1.0,aligned,mi_class,45,-0.0027475127317283105,-0.022846542189348323,0.4698
30,1.0,aligned,mi_class,46,0.09472336768092415,-0.789710772494456,0.4698
30,1.0,aligned,mi_class,47,0.07497444430167566,-0.7738116860909506,0.4698
30,1.0,aligned,mi_class,48,0.08106281101274615,-0.5008786552666393,0.4698
30,1.0,aligned,mi_class,49,0.19972573540033955,-0.7785845468266486,0.4698
30,1.0,aligned,mi_class,50,-0.20916077990979554,0.8405123500636328,0.4698
30,1.0,aligned,mi_class,51,0.024392964487130082,0.02772815244291555,0.4698
30,1.0,aligned,mi_class,52,-0.010945370254325244,0.02686743315335236,0.4698
30,1.0,aligned,mi_class,53,-0.03699782237442595,0.002256000616634339,0.4698
30,1.0,aligned,mi_class,54,-0.002599693273179802,0.027040545615721657,0.4698
30,1.0,aligned,mi_class,55,4.223246102792039e-05,-0.0274436963976889,0.4698
30,1.0,aligned,mi_class,56,-0.15853474724883754,0.9952187071439901,0.4698
30,1.0,aligned,mi_class,57,-0.1321420544057752,0.598855451971418,0.4698
30,1.0,aligned,mi_class,58,-0.1773442033118351,0.9949510610348479,0.4698
30,1.0,aligned,mi_class,59,0.15039183197456474,-0.9399782793775333,0.4698
30,1.0,aligned,mi_class,60,-0.11127229620046841,0.5911025727371327,0.4698
30,1.0,aligned,mi_class,61,-0.30068187432121884,0.9890695169658089,0.4698
30,1.0,aligned,mi_class,62,0.25763601167593153,-0.9211096092929582,0.4698
30,1.0,aligned,mi_class,63,-0.009448221644431598,0.5980697162887605,0.4698
30,1.0,aligned,mi_class,64,0.0042130045292205764,-0.5896574545618541,0.4698
30,1.0,aligned,mi_class,65,0.01654434799269322,-0.9272867364558733,0.4698
30,1.0,aligned,mi_site,0,0.03150846852335709,-0.6551235841414055,0.4698
30,1.0,aligned,mi_site,1,0.08831841520747408,-0.8215270482522999,0.4698
30,1.0,aligned,mi_site,2,0.1964481389010273,-0.9520352964152692,0.4698
30,1.0,aligned,mi_site,3,-0.05659712012766005,0.7830734152077575,0.4698
30,1.0,aligned,mi_site,4,0.01058786746292606,-0.7701241270332752,0.4698
30,1.0,aligned,mi_site,5,-0.05082767747577458,0.0254276862953865,0.4698
30,1.0,aligned,mi_site,6,-0.08628958537858189,0.9705882927385695,0.4698
30,1.0,aligned,mi_site,7,-0.0865421600860653,0.9617534451313329,0.4698
30,1.0,aligned,mi_site,8,-0.574289301584313,0.6014656445189419,0.4698
30,1.0,aligned,mi_site,9,-0.7299897374985753,0.9765123471571869,0.4698
30,1.0,aligned,mi_site,10,0.0833550504139765,-0.9152758507640162,0.4698
30,1.0,aligned,mi_site,11,-0.016883308758090854,0.6411575329147589,0.4698
30,1.0,aligned,mi_site,12,-0.10316843865192471,0.6638391297066801,0.4698
30,1.0,aligned,mi_site,13,-0.0013397885723309688,-0.5474737791600092,0.4698
30,1.0,aligned,mi_site,14,0.03706410793528869,0.6038454120506948,0.4698
30,1.0,aligned,mi_site,15,0.034377988860152545,-0.024403438423945125,0.4698
30,1.0,aligned,mi_site,16,0.011042420291819344,-0.6728378578931662,0.4698
30,1.0,aligned,mi_site,17,0.009279030211183148,-0.6597505959367844,0.4698
30,1.0,aligned,mi_site,18,0.4115115326569894,-0.4207153603662439,0.4698
30,1.0,aligned,mi_site,19,0.4742003193497982,-0.6639064576409307,0.4698
30,1.0,aligned,mi_site,20,-0.005813376745868459,0.7132583020737864,0.4698
30,1.0,aligned,mi_site,21,-0.04851082777705873,0.8314647427671977,0.4698
30,1.0,aligned,mi_site,22,0.020460560906150005,-0.6879098704578381,0.4698
30,1.0,aligned,mi_site,23,0.019288091894136272,0.755350713806946,0.4698
30,1.0,aligned,mi_site,24,0.0007394047145204419,-0.278970061550408,0.4698
30,1.0,aligned,mi_site,25,0.0218070400499647,-0.8434306479365317,0.4698
30,1.0,aligned,mi_site,26,0.02184903684201822,-0.8266352097809138,0.4698
30,1.0,aligned,mi_site,27,0.5008055602245052,-0.5268470626620064,0.4698
30,1.0,aligned,mi_site,28,0.6083792676051711,-0.831980174760732,0.4698
30,1.0,aligned,mi_site,29,-0.04188230786179603,0.8967712822447574,0.4698
30,1.0,aligned,mi_site,30,0.07335955579239162,-0.764270891338064,0.4698
30,1.0,aligned,mi_site,31,-0.08145786052662107,0.7783680754185639,0.4698
30,1.0,aligned,mi_site,32,0.04241642870045591,-0.02554217839809458,0.4698
30,1.0,aligned,mi_site,33,0.11432238840793596,-0.9871257156541949,0.4698
30,1.0,aligned,mi_site,34,0.11114696754453635,-0.9850500266564273,0.4698
30,1.0,aligned,mi_site,35,0.5589906065992395,-0.5880581917409259,0.4698
30,1.0,aligned,mi_site,36,0.7460718533218896,-0.9859633480640133,0.4698
30,1.0,aligned,mi_site,37,-0.12900687338022376,0.9267138492831183,0.4698
30,1.0,aligned,mi_site,38,-0.03674904649833788,-0.6469452327186762,0.4698
30,1.0,aligned,mi_site,39,-0.03774971025737561,0.011240146846127036,0.4698
30,1.0,aligned,mi_site,40,0.006223738134764734,0.7780978793593895,0.4698
30,1.0,aligned,mi_site,41,0.006098551401673813,0.7680495766722845,0.4698
30,1.0,aligned,mi_site,42,-0.7417408098317454,0.7726022404260263,0.4698
30,1.0,aligned,mi_site,43,-0.5570406833922543,0.7770086599244648,0.4698
30,1.0,aligned,mi_site,44,-0.0013686906726838588,-0.7682717123065602,0.4698
30,1.0,aligned,mi_site,45,0.00814387594469208,-0.022846542189348323,0.4698
30,1.0,aligned,mi_site,46,-0.03417672825858831,-0.789710772494456,0.4698
30,1.0,aligned,mi_site,47,-0.03377373017770258,-0.7738116860909506,0.4698
30,1.0,aligned,mi_site,48,0.48487524269730614,-0.5008786552666393,0.4698
30,1.0,aligned,mi_site,49,0.5501949632361554,-0.7785845468266486,0.4698
30,1.0,aligned,mi_site,50,0.01833621693723364,0.8405123500636328,0.4698
30,1.0,aligned,mi_site,51,-0.03343488608165708,0.02772815244291555,0.4698
30,1.0,aligned,mi_site,52,-0.03557774880235531,0.02686743315335236,0.4698
30,1.0,aligned,mi_site,53,0.023927675509666135,0.002256000616634339,0.4698
30,1.0,aligned,mi_site,54,-0.054970951674162966,0.027040545615721657,0.4698
30,1.0,aligned,mi_site,55,0.02389911282372388,-0.0274436963976889,0.4698
30,1.0,aligned,mi_site,56,0.0009323213101193328,0.9952187071439901,0.4698
30,1.0,aligned,mi_site,57,-0.5709759954194257,0.598855451971418,0.4698
30,1.0,aligned,mi_site,58,-0.7239468714377206,0.9949510610348479,0.4698
30,1.0,aligned,mi_site,59,0.02313904321061433,-0.9399782793775333,0.4698
30,1.0,aligned,mi_site,60,-0.5645112252994784,0.5911025727371327,0.4698
30,1.0,aligned,mi_site,61,-0.7186550972318342,0.9890695169658089,0.4698
30,1.0,aligned,mi_site,62,0.022864416526755083,-0.9211096092929582,0.4698
30,1.0,aligned,mi_site,63,-1.5504582746140114,0.5980697162887605,0.4698
30,1.0,aligned,mi_site,64,0.5687907013054432,-0.5896574545618541,0.4698
30,1.0,aligned,mi_site,65,0.6734066939402608,-0.9272867364558733,0.4698
30,1.0,closed,available,0,-0.0034997790579137655,-0.6551235841414055,0.4698
30,1.0,closed,available,1,0.00439759033449072,-0.8215270482522999,0.4698
30,1.0,closed,available,2,-0.0007337845619203032,-0.9520352964152692,0.4698
30,1.0,closed,available,3,-0.0014806105916693735,0.7830734152077575,0.4698
30,1.0,closed,available,4,2.8049850868905324e-05,-0.7701241270332752,0.4698
30,1.0,closed,available,5,0.008196092805599593,0.0254276862953865,0.4698
30,1.0,closed,available,6,0.0005605532509600497,0.9705882927385695,0.4698
30,1.0,closed,available,7,0.0016037723835761186,0.9617534451313329,0.4698
30,1.0,closed,available,8,-0.0009360565843257174,0.6014656445189419,0.4698
30,1.0,closed,available,9,-0.0004869332077093169,0.9765123471571869,0.4698
30,1.0,closed,available,10,0.00045996723021779484,-0.9152758507640162,0.4698
30,1.0,closed,available,11,-0.0024468251306338784,0.6411575329147589,0.4698
30,1.0,closed,available,12,-0.0015763169550880862,0.6638391297066801,0.4698
30,1.0,closed,available,13,-0.0008034486135074514,-0.5474737791600092,0.4698
30,1.0,closed,available,14,0.0013692480010634167,0.6038454120506948,0.4698
30,1.0,closed,available,15,-0.0003292843507230053,-0.024403438423945125,0.4698
30,1.0,closed,available,16,-0.005003314582662233,-0.6728378578931662,0.4698
30,1.0,closed,available,17,-0.006522768628330788,-0.6597505959367844,0.4698
30,1.0,closed,available,18,-0.00011609235732812362,-0.4207153603662439,0.4698
30,1.0,closed,available,19,-0.00015232907916817862,-0.6639064576409307,0.4698
30,1.0,closed,available,20,0.0024618037257716496,0.7132583020737864,0.4698
30,1.0,closed,available,21,-0.005477652766851748,0.8314647427671977,0.4698
30,1.0,closed,available,22,-0.012186832135846593,-0.6879098704578381,0.4698
30,1.0,closed,available,23,-0.005150693510388216,0.755350713806946,0.4698
30,1.0,closed,available,24,-0.007046180345843089,-0.278970061550408,0.4698
30,1.0,closed,available,25,0.0006640885938602459,-0.8434306479365317,0.4698
30,1.0,closed,available,26,0.0005335686531864337,-0.8266352097809138,0.4698
30,1.0,closed,available,27,-0.0057129576455036135,-0.5268470626620064,0.4698
30,1.0,closed,available,28,-0.0016351654682372763,-0.831980174760732,0.4698
30,1.0,closed,available,29,-0.0005620963972789994,0.8967712822447574,0.4698
30,1.0,closed,available,30,-0.01153850102592513,-0.764270891338064,0.4698
30,1.0,closed,available,31,0.007092424521314533,0.7783680754185639,0.4698
30,1.0,closed,available,32,0.006814522753511958,-0.02554217839809458,0.4698
30,1.0,closed,available,33,-0.0005219650553455191,-0.9871257156541949,0.4698
30,1.0,closed,available,34,-0.0007712571932901868,-0.9850500266564273,0.4698
30,1.0,closed,available,35,-0.0035476415544959394,-0.5880581917409259,0.4698
30,1.0,closed,available,36,-0.00014949157668187052,-0.9859633480640133,0.4698
30,1.0,closed,available,37,-0.0019158839623205637,0.9267138492831183,0.4698
30,1.0,closed,available,38,-0.007582031978628945,-0.6469452327186762,0.4698
30,1.0,closed,available,39,0.0018049037219086145,0.011240146846127036,0.4698
30,1.0,closed,available,40,0.0020344774116718423,0.7780978793593895,0.4698
30,1.0,closed,available,41,0.0029567387438153014,0.7680495766722845,0.4698
30,1.0,closed,available,42,-0.0010353407573024942,0.7726022404260263,0.4698
30,1.0,closed,available,43,0.0034381833593035704,0.7770086599244648,0.4698
30,1.0,closed,available,44,-0.003945371138071585,-0.7682717123065602,0.4698
30,1.0,closed,available,45,-0.003907597738659747,-0.022846542189348323,0.4698
30,1.0,closed,available,46,-0.0027162987334879984,-0.789710772494456,0.4698
30,1.0,closed,available,47,-0.005016449841096726,-0.7738116860909506,0.4698
30,1.0,closed,available,48,-0.013899178615048191,-0.5008786552666393,0.4698
30,1.0,closed,available,49,-0.0023195514043145016,-0.7785845468266486,0.4698
30,1.0,closed,available,50,0.0002294376944583787,0.8405123500636328,0.4698
30,1.0,closed,available,51,0.0012498871856859613,0.02772815244291555,0.4698
30,1.0,closed,available,52,0.0014654637171688072,0.02686743315335236,0.4698
30,1.0,closed,available,53,0.010304136197429432,0.002256000616634339,0.4698
30,1.0,closed,available,54,0.003778203230028948,0.027040545615721657,0.4698
30,1.0,closed,available,55,-0.0014081330340968874,-0.0274436963976889,0.4698
30,1.0,closed,available,56,0.00012493749473241333,0.9952187071439901,0.4698
30,1.0,closed,available,57,0.003280186245803396,0.598855451971418,0.4698
30,1.0,closed,available,58,0.0001425781974524476,0.9949510610348479,0.4698
30,1.0,closed,available,59,-0.00032736373049202516,-0.9399782793775333,0.4698
30,1.0,closed,available,60,0.005854216077027519,0.5911025727371327,0.4698
30,1.0,closed,available,61,0.00044484216433327006,0.9890695169658089,0.4698
30,1.0,closed,available,62,-0.0011485356250340306,-0.9211096092929582,0.4698
30,1.0,closed,available,63,-0.003471644718350042,0.5980697162887605,0.4698
30,1.0,closed,available,64,-0.0025537624921605495,-0.5896574545618541,0.4698
30,1.0,closed,available,65,-6.773557301720246e-05,-0.9272867364558733,0.4698
30,1.0,closed,mi_obs,0,-0.027503772603548415,-0.6551235841414055,0.4698
30,1.0,closed,mi_obs,1,-0.018565827272999713,-0.8215270482522999,0.4698
30,1.0,closed,mi_obs,2,-0.007326659297124838,-0.9520352964152692,0.4698
30,1.0,closed,mi_obs,3,0.033590083847606866,0.7830734152077575,0.4698
30,1.0,closed,mi_obs,4,-0.049359801029140504,-0.7701241270332752,0.4698
30,1.0,closed,mi_obs,5,-0.12838432189083984,0.0254276862953865,0.4698
30,1.0,closed,mi_obs,6,0.0033249348039170457,0.9705882927385695,0.4698
30,1.0,closed,mi_obs,7,0.003269589945270046,0.9617534451313329,0.4698
30,1.0,closed,mi_obs,8,0.04894281321888161,0.6014656445189419,0.4698
30,1.0,closed,mi_obs,9,0.004410370449857259,0.9765123471571869,0.4698
30,1.0,closed,mi_obs,10,-0.0054820594052458205,-0.9152758507640162,0.4698
30,1.0,closed,mi_obs,11,0.01584087297141412,0.6411575329147589,0.4698
30,1.0,closed,mi_obs,12,0.0427902618145809,0.6638391297066801,0.4698
30,1.0,closed,mi_obs,13,-0.018912517440657584,-0.5474737791600092,0.4698
30,1.0,closed,mi_obs,14,0.05928473691662861,0.6038454120506948,0.4698
30,1.0,closed,mi_obs,15,0.055375906268176074,-0.024403438423945125,0.4698
30,1.0,closed,mi_obs,16,-0.02342890773959405,-0.6728378578931662,0.4698
30,1.0,closed,mi_obs,17,-0.019443474356130475,-0.6597505959367844,0.4698
30,1.0,closed,mi_obs,18,-0.06576450338342976,-0.4207153603662439,0.4698
30,1.0,closed,mi_obs,19,-0.02627655791380068,-0.6639064576409307,0.4698
30,1.0,closed,mi_obs,20,0.025415862219023477,0.7132583020737864,0.4698
30,1.0,closed,mi_obs,21,0.025180838132955685,0.8314647427671977,0.4698
30,1.0,closed,mi_obs,22,-0.038284658283460726,-0.6879098704578381,0.4698
30,1.0,closed,mi_obs,23,0.06227129388710129,0.755350713806946,0.4698
30,1.0,closed,mi_obs,24,0.050941267529565626,-0.278970061550408,0.4698
30,1.0,closed,mi_obs,25,-0.014691445109689782,-0.8434306479365317,0.4698
30,1.0,closed,mi_obs,26,-0.012655192641817359,-0.8266352097809138,0.4698
30,1.0,closed,mi_obs,27,-0.07718391754069298,-0.5268470626620064,0.4698
30,1.0,closed,mi_obs,28,-0.017286901699011703,-0.831980174760732,0.4698
30,1.0,closed,mi_obs,29,0.027372121395001336,0.8967712822447574,0.4698
30,1.0,closed,mi_obs,30,-0.032853258329740065,-0.764270891338064,0.4698
30,1.0,closed,mi_obs,31,0.03838629843335273,0.7783680754185639,0.4698
30,1.0,closed,mi_obs,32,0.1403978630482608,-0.02554217839809458,0.4698
30,1.0,closed,mi_obs,33,0.0018945391336220307,-0.9871257156541949,0.4698
30,1.0,closed,mi_obs,34,-4.888658769830467e-05,-0.9850500266564273,0.4698
30,1.0,closed,mi_obs,35,-0.052679392726691865,-0.5880581917409259,0.4698
30,1.0,closed,mi_obs,36,-0.005273417916245582,-0.9859633480640133,0.4698
30,1.0,closed,mi_obs,37,0.0077242577023770576,0.9267138492831183,0.4698
30,1.0,closed,mi_obs,38,-0.06946736196937708,-0.6469452327186762,0.4698
30,1.0,closed,mi_obs,39,-0.11470301535947595,0.011240146846127036,0.4698
30,1.0,closed,mi_obs,40,0.023323677457372405,0.7780978793593895,0.4698
30,1.0,closed,mi_obs,41,0.02580193250941898,0.7680495766722845,0.4698
30,1.0,closed,mi_obs,42,0.11625733547685035,0.7726022404260263,0.4698
30,1.0,closed,mi_obs,43,0.020339129778154108,0.7770086599244648,0.4698
30,1.0,closed,mi_obs,44,-0.026136398017689078,-0.7682717123065602,0.4698
30,1.0,closed,mi_obs,45,0.07451853719802956,-0.022846542189348323,0.4698
30,1.0,closed,mi_obs,46,-0.045546846587344314,-0.789710772494456,0.4698
30,1.0,closed,mi_obs,47,-0.04407419584180616,-0.7738116860909506,0.4698
30,1.0,closed,mi_obs,48,-0.07774356169332519,-0.5008786552666393,0.4698
30,1.0,closed,mi_obs,49,-0.03794099925630745,-0.7785845468266486,0.4698
30,1.0,closed,mi_obs,50,0.05329286155657975,0.8405123500636328,0.4698
30,1.0,closed,mi_obs,51,-0.11403734129983392,0.02772815244291555,0.4698
30,1.0,closed,mi_obs,52,-0.11578614675161181,0.02686743315335236,0.4698
30,1.0,closed,mi_obs,53,-0.0870078264432324,0.002256000616634339,0.4698
30,1.0,closed,mi_obs,54,-0.13625917116356911,0.027040545615721657,0.4698
30,1.0,closed,mi_obs,55,0.1029028100540605,-0.0274436963976889,0.4698
30,1.0,closed,mi_obs,56,0.0004251570180169306,0.9952187071439901,0.4698
30,1.0,closed,mi_obs,57,0.050440758805874286,0.598855451971418,0.4698
30,1.0,closed,mi_obs,58,-0.0026572876577445337,0.9949510610348479,0.4698
30,1.0,closed,mi_obs,59,0.0002367139349011005,-0.9399782793775333,0.4698
30,1.0,closed,mi_obs,60,0.052780735560132075,0.5911025727371327,0.4698
30,1.0,closed,mi_obs,61,-0.0031540787205149856,0.9890695169658089,0.4698
30,1.0,closed,mi_obs,62,0.0016620826867792537,-0.9211096092929582,0.4698
30,1.0,closed,mi_obs,63,0.05244872270618561,0.5980697162887605,0.4698
30,1.0,closed,mi_obs,64,-0.053998612186141215,-0.5896574545618541,0.4698
30,1.0,closed,mi_obs,65,-0.006276630519472248,-0.9272867364558733,0.4698
30,1.0,closed,mi_class,0,0.004557509257190562,-0.6551235841414055,0.4698
30,1.0,closed,mi_class,1,0.13967999848075419,-0.8215270482522999,0.4698
30,1.0,closed,mi_class,2,-0.009173927029269224,-0.9520352964152692,0.4698
30,1.0,closed,mi_class,3,-0.16372312980978487,0.7830734152077575,0.4698
30,1.0,closed,mi_class,4,0.1706618321702984,-0.7701241270332752,0.4698
30,1.0,closed,mi_class,5,-0.007942324746966035,0.0254276862953865,0.4698
30,1.0,closed,mi_class,6,-0.16972258686430997,0.9705882927385695,0.4698
30,1.0,closed,mi_class,7,-0.21542007546004194,0.9617534451313329,0.4698
30,1.0,closed,mi_class,8,0.01598302428735454,0.6014656445189419,0.4698
30,1.0,closed,mi_class,9,-0.009962565400436385,0.9765123471571869,0.4698
30,1.0,closed,mi_class,10,-0.0011282284251806773,-0.9152758507640162,0.4698
30,1.0,closed,mi_class,11,-0.08750788864135928,0.6411575329147589,0.4698
30,1.0,closed,mi_class,12,-0.023415696589319968,0.6638391297066801,0.4698
30,1.0,closed,mi_class,13,0.12926168467786392,-0.5474737791600092,0.4698
30,1.0,closed,mi_class,14,-0.16300812114144192,0.6038454120506948,0.4698
30,1.0,closed,mi_class,15,0.0046335526715061345,-0.024403438423945125,0.4698
30,1.0,closed,mi_class,16,0.16531565132301307,-0.6728378578931662,0.4698
30,1.0,closed,mi_class,17,0.1949610258667735,-0.6597505959367844,0.4698
30,1.0,closed,mi_class,18,0.004189457132438457,-0.4207153603662439,0.4698
30,1.0,closed,mi_class,19,-0.003982579079250703,-0.6639064576409307,0.4698
30,1.0,closed,mi_class,20,-0.032196330348869595,0.7132583020737864,0.4698
30,1.0,closed,mi_class,21,-0.13530521075744129,0.8314647427671977,0.4698
30,1.0,closed,mi_class,22,0.34039329577044136,-0.6879098704578381,0.4698
30,1.0,closed,mi_class,23,-0.40134778186338826,0.755350713806946,0.4698
30,1.0,closed,mi_class,24,0.15010597469585066,-0.278970061550408,0.4698
30,1.0,closed,mi_class,25,0.38251394116688137,-0.8434306479365317,0.4698
30,1.0,closed,mi_class,26,0.43440172840929914,-0.8266352097809138,0.4698
30,1.0,closed,mi_class,27,0.09297623501516972,-0.5268470626620064,0.4698
30,1.0,closed,mi_class,28,0.08558752146570103,-0.831980174760732,0.4698
30,1.0,closed,mi_class,29,-0.14357497059910962,0.8967712822447574,0.4698
30,1.0,closed,mi_class,30,0.15391224284675276,-0.764270891338064,0.4698
30,1.0,closed,mi_class,31,-0.1754710865056125,0.7783680754185639,0.4698
30,1.0,closed,mi_class,32,0.003186024912939244,-0.02554217839809458,0.4698
30,1.0,closed,mi_class,33,0.18504780247596453,-0.9871257156541949,0.4698
30,1.0,closed,mi_class,34,0.22213900357226246,-0.9850500266564273,0.4698
30,1.0,closed,mi_class,35,-0.03125001685680129,-0.5880581917409259,0.4698
30,1.0,closed,mi_class,36,0.009299071033185169,-0.9859633480640133,0.4698
30,1.0,closed,mi_class,37,0.0013363422759938848,0.9267138492831183,0.4698
30,1.0,closed,mi_class,38,-0.001824860867694511,-0.6469452327186762,0.4698
30,1.0,closed,mi_class,39,-0.003177616994644427,0.011240146846127036,0.4698
30,1.0,closed,mi_class,40,-0.008167580396364671,0.7780978793593895,0.4698
30,1.0,closed,mi_class,41,-0.0033022535558228094,0.7680495766722845,0.4698
30,1.0,closed,mi_class,42,-0.09481635493004881,0.7726022404260263,0.4698
30,1.0,closed,mi_class,43,-0.1777183601207568,0.7770086599244648,0.4698
30,1.0,closed,mi_class,44,0.1701839510659986,-0.7682717123065602,0.4698
30,1.0,closed,mi_class,45,-0.006437593161255469,-0.022846542189348323,0.4698
30,1.0,closed,mi_class,46,0.022001266453294255,-0.789710772494456,0.4698
30,1.0,closed,mi_class,47,0.0020121577342048225,-0.7738116860909506,0.4698
30,1.0,closed,mi_class,48,0.06685902473261479,-0.5008786552666393,0.4698
30,1.0,closed,mi_class,49,0.18862423120870164,-0.7785845468266486,0.4698
30,1.0,closed,mi_class,50,-0.20213558999425796,0.8405123500636328,0.4698
30,1.0,closed,mi_class,51,0.012080590980666966,0.02772815244291555,0.4698
30,1.0,closed,mi_class,52,-0.004377122209688736,0.02686743315335236,0.4698
30,1.0,closed,mi_class,53,0.013962671315999535,0.002256000616634339,0.4698
30,1.0,closed,mi_class,54,-0.010032003024248934,0.027040545615721657,0.4698
30,1.0,closed,mi_class,55,0.009548225376270005,-0.0274436963976889,0.4698
30,1.0,closed,mi_class,56,-0.03468395872314056,0.9952187071439901,0.4698
30,1.0,closed,mi_class,57,-0.04629508640398994,0.598855451971418,0.4698
30,1.0,closed,mi_class,58,-0.19846214610042723,0.9949510610348479,0.4698
30,1.0,closed,mi_class,59,0.17959682609786753,-0.9399782793775333,0.4698
30,1.0,closed,mi_class,60,-0.07620901634972832,0.5911025727371327,0.4698
30,1.0,closed,mi_class,61,-0.24514368437756728,0.9890695169658089,0.4698
30,1.0,closed,mi_class,62,0.22099885530035324,-0.9211096092929582,0.4698
30,1.0,closed,mi_class,63,0.011918880078866212,0.5980697162887605,0.4698
30,1.0,closed,mi_class,64,-0.017655289554929343,-0.5896574545618541,0.4698
30,1.0,closed,mi_class,65,0.011017019515608961,-0.9272867364558733,0.4698
30,1.0,closed,mi_site,0,-0.018417392394895038,-0.6551235841414055,0.4698
30,1.0,closed,mi_site,1,-0.01628313939075332,-0.8215270482522999,0.4698
30,1.0,closed,mi_site,2,-0.008234399069478204,-0.9520352964152692,0.4698
30,1.0,closed,mi_site,3,0.033573149735721564,0.7830734152077575,0.4698
30,1.0,closed,mi_site,4,-0.035999048058923955,-0.7701241270332752,0.4698
30,1.0,closed,mi_site,5,-0.08553755404790403,0.0254276862953865,0.4698
30,1.0,closed,mi_site,6,4.655470181480492e-05,0.9705882927385695,0.4698
30,1.0,closed,mi_site,7,0.0001114939727075992,0.9617534451313329,0.4698
30,1.0,closed,mi_site,8,0.029198894790723018,0.6014656445189419,0.4698
30,1.0,closed,mi_site,9,0.0039510726210919556,0.9765123471571869,0.4698
30,1.0,closed,mi_site,10,-0.003620455630472197,-0.9152758507640162,0.4698
30,1.0,closed,mi_site,11,0.0206603847128497,0.6411575329147589,0.4698
30,1.0,closed,mi_site,12,0.029942111159358298,0.6638391297066801,0.4698
30,1.0,closed,mi_site,13,-0.02530917817724132,-0.5474737791600092,0.4698
30,1.0,closed,mi_site,14,0.043157036427244444,0.6038454120506948,0.4698
30,1.0,closed,mi_site,15,0.03835217271340282,-0.024403438423945125,0.4698
30,1.0,closed,mi_site,16,-0.014405802292073333,-0.6728378578931662,0.4698
30,1.0,closed,mi_site,17,-0.012222058607006314,-0.6597505959367844,0.4698
30,1.0,closed,mi_site,18,-0.02956905874078608,-0.4207153603662439,0.4698
30,1.0,closed,mi_site,19,-0.01965965049746099,-0.6639064576409307,0.4698
30,1.0,closed,mi_site,20,0.018286105207292458,0.7132583020737864,0.4698
30,1.0,closed,mi_site,21,0.020750469946023142,0.8314647427671977,0.4698
30,1.0,closed,mi_site,22,-0.03795585867547546,-0.6879098704578381,0.4698
30,1.0,closed,mi_site,23,0.056772771430963265,0.755350713806946,0.4698
30,1.0,closed,mi_site,24,0.02080822969442153,-0.278970061550408,0.4698
30,1.0,closed,mi_site,25,-0.011760832022546408,-0.8434306479365317,0.4698
30,1.0,closed,mi_site,26,-0.00960734118964579,-0.8266352097809138,0.4698
30,1.0,closed,mi_site,27,-0.04945685456957172,-0.5268470626620064,0.4698
30,1.0,closed,mi_site,28,-0.015229714867843303,-0.831980174760732,0.4698
30,1.0,closed,mi_site,29,0.02415953713448349,0.8967712822447574,0.4698
30,1.0,closed,mi_site,30,-0.030940771412589774,-0.764270891338064,0.4698
30,1.0,closed,mi_site,31,0.024364985557874475,0.7783680754185639,0.4698
30,1.0,closed,mi_site,32,0.08532779425592905,-0.02554217839809458,0.4698
30,1.0,closed,mi_site,33,0.003697024500408763,-0.9871257156541949,0.4698
30,1.0,closed,mi_site,34,0.0029009523147212057,-0.9850500266564273,0.4698
30,1.0,closed,mi_site,35,-0.03438020649971063,-0.5880581917409259,0.4698
30,1.0,closed,mi_site,36,-0.004494619900526242,-0.9859633480640133,0.4698
30,1.0,closed,mi_site,37,0.004355952644324201,0.9267138492831183,0.4698
30,1.0,closed,mi_site,38,-0.06389331620591465,-0.6469452327186762,0.4698
30,1.0,closed,mi_site,39,-0.07535884113953015,0.011240146846127036,0.4698
30,1.0,closed,mi_site,40,0.027807011873201226,0.7780978793593895,0.4698
30,1.0,closed,mi_site,41,0.02857799309999942,0.7680495766722845,0.4698
30,1.0,closed,mi_site,42,0.09063487395232306,0.7726022404260263,0.4698
30,1.0,closed,mi_site,43,0.025600214049434245,0.7770086599244648,0.4698
30,1.0,closed,mi_site,44,-0.030212433149381823,-0.7682717123065602,0.4698
30,1.0,closed,mi_site,45,0.03577891290131774,-0.022846542189348323,0.4698
30,1.0,closed,mi_site,46,-0.03574450836476717,-0.789710772494456,0.4698
30,1.0,closed,mi_site,47,-0.03375303856848155,-0.7738116860909506,0.4698
30,1.0,closed,mi_site,48,-0.04627429361408275,-0.5008786552666393,0.4698
30,1.0,closed,mi_site,49,-0.02740552295721843,-0.7785845468266486,0.4698
30,1.0,closed,mi_site,50,0.04278367327321009,0.8405123500636328,0.4698
30,1.0,closed,mi_site,51,-0.07289783241130271,0.02772815244291555,0.4698
30,1.0,closed,mi_site,52,-0.074548078079374,0.02686743315335236,0.4698
30,1.0,closed,mi_site,53,-0.05145941943379,0.002256000616634339,0.4698
30,1.0,closed,mi_site,54,-0.09060598882409665,0.027040545615721657,0.4698
30,1.0,closed,mi_site,55,0.06232975621434497,-0.0274436963976889,0.4698
30,1.0,closed,mi_site,56,0.0004767116236512603,0.9952187071439901,0.4698
30,1.0,closed,mi_site,57,0.027605083904838956,0.598855451971418,0.4698
30,1.0,closed,mi_site,58,-0.00436669362319575,0.9949510610348479,0.4698
30,1.0,closed,mi_site,59,0.0016476522311791308,-0.9399782793775333,0.4698
30,1.0,closed,mi_site,60,0.029302379387290856,0.5911025727371327,0.4698
30,1.0,closed,mi_site,61,-0.004870423104696098,0.9890695169658089,0.4698
30,1.0,closed,mi_site,62,0.0028041504803001382,-0.9211096092929582,0.4698
30,1.0,closed,mi_site,63,0.030000207820003344,0.5980697162887605,0.4698
30,1.0,closed,mi_site,64,-0.03086069330373853,-0.5896574545618541,0.4698
30,1.0,closed,mi_site,65,-0.005233916451984122,-0.9272867364558733,0.4698
30,2.0,aligned,available,0,-0.00047042397649044165,-0.6828945046349623,0.4698
30,2.0,aligned,available,1,0.0006996995571728615,-0.8375490632690394,0.4698
30,2.0,aligned,available,2,-0.0004447332823802608,-0.957265109419615,0.4698
30,2.0,aligned,available,3,-0.007089451699380134,0.7944786955064302,0.4698
30,2.0,aligned,available,4,-0.004615711117279209,-0.7909848037499841,0.4698
30,2.0,aligned,available,5,0.004625867392805062,0.025681629256154734,0.4698
30,2.0,aligned,available,6,-2.705015269210964e-05,0.9735916222235819,0.4698
30,2.0,aligned,available,7,-0.0002110703686694082,0.9660971091889797,0.4698
30,2.0,aligned,available,8,-0.0031556726617300024,0.6163948279780871,0.4698
30,2.0,aligned,available,9,-0.000683458498307643,0.9791835491237334,0.4698
30,2.0,aligned,available,10,-0.000386937774503715,-0.9197200070973606,0.4698
30,2.0,aligned,available,11,0.001885797627483532,0.6748936601729405,0.4698
30,2.0,aligned,available,12,0.006059722986039295,0.693705373016542,0.4698
30,2.0,aligned,available,13,-0.01218249045491615,-0.5774366751795151,0.4698
30,2.0,aligned,available,14,0.005020929155781673,0.6399067779071466,0.4698
30,2.0,aligned,available,15,0.0020148773959474155,-0.025213741070267266,0.4698
30,2.0,aligned,available,16,-0.0016227950770791866,-0.701764735873125,0.4698
30,2.0,aligned,available,17,-0.0018560514338157308,-0.6894393320511436,0.4698
30,2.0,aligned,available,18,-0.014093773489250838,-0.4464662142302196,0.4698
30,2.0,aligned,available,19,-0.010813090143080739,-0.6927797588448397,0.4698
30,2.0,aligned,available,20,0.0030395869835259104,0.7402572966402575,0.4698
30,2.0,aligned,available,21,0.006727601217423218,0.8499064643494061,0.4698
30,2.0,aligned,available,22,0.016307758807905026,-0.7109172365575253,0.4698
30,2.0,aligned,available,23,-0.004110136774843176,0.7830725632675407,0.4698
30,2.0,aligned,available,24,-0.004264362069483774,-0.2638232402977457,0.4698
30,2.0,aligned,available,25,0.0028876105684025877,-0.8603927328189231,0.4698
30,2.0,aligned,available,26,0.002539748407932585,-0.8449455349620933,0.4698
30,2.0,aligned,available,27,-0.0016197779858486694,-0.5488246107709844,0.4698
30,2.0,aligned,available,28,-0.0016453057607491717,-0.8491637770118272,0.4698
30,2.0,aligned,available,29,0.0011342187736428366,0.9098333907847825,0.4698
30,2.0,aligned,available,30,-0.009902760382410558,-0.7796821901924286,0.4698
30,2.0,aligned,available,31,-0.0013248964079105585,0.8017089840889787,0.4698
30,2.0,aligned,available,32,-0.01985393036568268,-0.025940678140177354,0.4698
30,2.0,aligned,available,33,-0.0007642080538604601,-0.9887687012371902,0.4698
30,2.0,aligned,available,34,-0.0007706085110553706,-0.9869009496169873,0.4698
30,2.0,aligned,available,35,-0.05084495389901478,-0.6050569350027547,0.4698
30,2.0,aligned,available,36,-0.0012392280680821877,-0.9876194266859605,0.4698
30,2.0,aligned,available,37,0.004487838872402006,0.9336577178939108,0.4698
30,2.0,aligned,available,38,0.004507105229747954,-0.6726302778579117,0.4698
30,2.0,aligned,available,39,0.004052357126926505,0.012216161695679328,0.4698
30,2.0,aligned,available,40,-0.003066705081483212,0.7917122644464487,0.4698
30,2.0,aligned,available,41,-0.0022987476545844876,0.7826614241551452,0.4698
30,2.0,aligned,available,42,0.009579591158859535,0.7801702081553474,0.4698
30,2.0,aligned,available,43,0.0022097051282219393,0.7903401172731818,0.4698
30,2.0,aligned,available,44,0.0015243070376969037,-0.7823038950049888,0.4698
30,2.0,aligned,available,45,-0.011646241895614664,-0.023663089126248777,0.4698
30,2.0,aligned,available,46,-0.0019948442576740444,-0.8117271939062362,0.4698
30,2.0,aligned,available,47,-0.002034266108133176,-0.7970011498585974,0.4698
30,2.0,aligned,available,48,0.005396276721817639,-0.5245909109538156,0.4698
30,2.0,aligned,available,49,-0.006701302037248391,-0.8007754362649375,0.4698
30,2.0,aligned,available,50,0.0013795240254644847,0.8591147971063058,0.4698
30,2.0,aligned,available,51,0.0031861409357763597,0.02794984632551153,0.4698
30,2.0,aligned,available,52,0.00737575786113448,0.027147623829657616,0.4698
30,2.0,aligned,available,53,-0.0005142047833640302,0.003351887432637339,0.4698
30,2.0,aligned,available,54,0.002045391863517494,0.027277977151393757,0.4698
30,2.0,aligned,available,55,-0.008139138240457235,-0.027789008863330855,0.4698
30,2.0,aligned,available,56,4.323555653040767e-05,0.9957901885402736,0.4698
30,2.0,aligned,available,57,-0.0007041379277833437,0.6146330608024644,0.4698
30,2.0,aligned,available,58,8.590861885948708e-05,0.9954990563463978,0.4698
30,2.0,aligned,available,59,-0.0006966958720880934,-0.9451124309063113,0.4698
30,2.0,aligned,available,60,-0.006769152505627596,0.607706656185281,0.4698
30,2.0,aligned,available,61,0.0003263072281551871,0.9904379083488424,0.4698
30,2.0,aligned,available,62,-0.001049258174512846,-0.9280074655580307,0.4698
30,2.0,aligned,available,63,0.008135015412417124,0.6138279985207755,0.4698
30,2.0,aligned,available,64,-0.010220227020691475,-0.6047739814236404,0.4698
30,2.0,aligned,available,65,-0.002390459833469083,-0.9328210321272375,0.4698
30,2.0,aligned,mi_obs,0,-0.026935414123285262,-0.6828945046349623,0.4698
30,2.0,aligned,mi_obs,1,-0.015411547577203977,-0.8375490632690394,0.4698
30,2.0,aligned,mi_obs,2,-0.004566065136261788,-0.957265109419615,0.4698
30,2.0,aligned,mi_obs,3,0.03324765853707479,0.7944786955064302,0.4698
30,2.0,aligned,mi_obs,4,-0.046741606042688066,-0.7909848037499841,0.4698
30,2.0,aligned,mi_obs,5,-0.13687227961153878,0.025681629256154734,0.4698
30,2.0,aligned,mi_obs,6,0.004401653149022189,0.9735916222235819,0.4698
30,2.0,aligned,mi_obs,7,0.004885441084889419,0.9660971091889797,0.4698
30,2.0,aligned,mi_obs,8,0.05787963406847818,0.6163948279780871,0.4698
30,2.0,aligned,mi_obs,9,0.0032430194108306054,0.9791835491237334,0.4698
30,2.0,aligned,mi_obs,10,-0.004576803508031024,-0.9197200070973606,0.4698
30,2.0,aligned,mi_obs,11,0.05585856668771039,0.6748936601729405,0.4698
30,2.0,aligned,mi_obs,12,0.016568082471259515,0.693705373016542,0.4698
30,2.0,aligned,mi_obs,13,-0.04871176293642687,-0.5774366751795151,0.4698
30,2.0,aligned,mi_obs,14,0.054934703003935215,0.6399067779071466,0.4698
30,2.0,aligned,mi_obs,15,0.1055601607192871,-0.025213741070267266,0.4698
30,2.0,aligned,mi_obs,16,-0.02119615669933539,-0.701764735873125,0.4698
30,2.0,aligned,mi_obs,17,-0.022611709433301708,-0.6894393320511436,0.4698
30,2.0,aligned,mi_obs,18,-0.053629705554268825,-0.4464662142302196,0.4698
30,2.0,aligned,mi_obs,19,-0.029866451821293105,-0.6927797588448397,0.4698
30,2.0,aligned,mi_obs,20,0.02837928867989481,0.7402572966402575,0.4698
30,2.0,aligned,mi_obs,21,0.020714135974134518,0.8499064643494061,0.4698
30,2.0,aligned,mi_obs,22,-0.02366255474873702,-0.7109172365575253,0.4698
30,2.0,aligned,mi_obs,23,0.06512421586828898,0.7830725632675407,0.4698
30,2.0,aligned,mi_obs,24,0.07463452796283812,-0.2638232402977457,0.4698
30,2.0,aligned,mi_obs,25,-0.011514140937365136,-0.8603927328189231,0.4698
30,2.0,aligned,mi_obs,26,-0.00949709921905384,-0.8449455349620933,0.4698
30,2.0,aligned,mi_obs,27,-0.07805864862441303,-0.5488246107709844,0.4698
30,2.0,aligned,mi_obs,28,-0.013879953812505508,-0.8491637770118272,0.4698
30,2.0,aligned,mi_obs,29,0.02669932936952546,0.9098333907847825,0.4698
30,2.0,aligned,mi_obs,30,-0.023681656052481403,-0.7796821901924286,0.4698
30,2.0,aligned,mi_obs,31,0.036804275066467884,0.8017089840889787,0.4698
30,2.0,aligned,mi_obs,32,0.15152145451580976,-0.025940678140177354,0.4698
30,2.0,aligned,mi_obs,33,0.0014629603510035727,-0.9887687012371902,0.4698
30,2.0,aligned,mi_obs,34,-0.00038651338447937,-0.9869009496169873,0.4698
30,2.0,aligned,mi_obs,35,-0.05665991883291133,-0.6050569350027547,0.4698
30,2.0,aligned,mi_obs,36,-0.004688006049416771,-0.9876194266859605,0.4698
30,2.0,aligned,mi_obs,37,0.008059303303118437,0.9336577178939108,0.4698
30,2.0,aligned,mi_obs,38,-0.0626916837970446,-0.6726302778579117,0.4698
30,2.0,aligned,mi_obs,39,-0.12398229216743295,0.012216161695679328,0.4698
30,2.0,aligned,mi_obs,40,0.020129815034366616,0.7917122644464487,0.4698
30,2.0,aligned,mi_obs,41,0.021803625748841093,0.7826614241551452,0.4698
30,2.0,aligned,mi_obs,42,0.12129057858489878,0.7801702081553474,0.4698
30,2.0,aligned,mi_obs,43,0.017344022225449396,0.7903401172731818,0.4698
30,2.0,aligned,mi_obs,44,-0.021663344381627647,-0.7823038950049888,0.4698
30,2.0,aligned,mi_obs,45,0.08485150515404302,-0.023663089126248777,0.4698
30,2.0,aligned,mi_obs,46,-0.04012162102096106,-0.8117271939062362,0.4698
30,2.0,aligned,mi_obs,47,-0.03983904003753613,-0.7970011498585974,0.4698
30,2.0,aligned,mi_obs,48,-0.08337150980204233,-0.5245909109538156,0.4698
30,2.0,aligned,mi_obs,49,-0.03293359020515607,-0.8007754362649375,0.4698
30,2.0,aligned,mi_obs,50,0.048158723754074595,0.8591147971063058,0.4698
30,2.0,aligned,mi_obs,51,-0.1275737505753551,0.02794984632551153,0.4698
30,2.0,aligned,mi_obs,52,-0.13067735677784362,0.027147623829657616,0.4698
30,2.0,aligned,mi_obs,53,-0.08176238767282967,0.003351887432637339,0.4698
30,2.0,aligned,mi_obs,54,-0.14685222887700763,0.027277977151393757,0.4698
30,2.0,aligned,mi_obs,55,0.11411423059495018,-0.027789008863330855,0.4698
30,2.0,aligned,mi_obs,56,0.0006137111051101041,0.9957901885402736,0.4698
30,2.0,aligned,mi_obs,57,0.05923369508478227,0.6146330608024644,0.4698
30,2.0,aligned,mi_obs,58,-0.0016368593545150745,0.9954990563463978,0.4698
30,2.0,aligned,mi_obs,59,-0.000329336615324749,-0.9451124309063113,0.4698
30,2.0,aligned,mi_obs,60,0.06008362528758493,0.607706656185281,0.4698
30,2.0,aligned,mi_obs,61,-0.0012267898733709925,0.9904379083488424,0.4698
30,2.0,aligned,mi_obs,62,0.00011972761483292071,-0.9280074655580307,0.4698
30,2.0,aligned,mi_obs,63,0.06056949706006709,0.6138279985207755,0.4698
30,2.0,aligned,mi_obs,64,-0.059808085642246156,-0.6047739814236404,0.4698
30,2.0,aligned,mi_obs,65,-0.006096417535039311,-0.9328210321272375,0.4698
30,2.0,aligned,mi_class,0,0.06363141001096961,-0.6828945046349623,0.4698
30,2.0,aligned,mi_class,1,0.15509625369488755,-0.8375490632690394,0.4698
30,2.0,aligned,mi_class,2,0.04864000014237402,-0.957265109419615,0.4698
30,2.0,aligned,mi_class,3,-0.19824458160334157,0.7944786955064302,0.4698
30,2.0,aligned,mi_class,4,0.21993594982030729,-0.7909848037499841,0.4698
30,2.0,aligned,mi_class,5,0.0025587091569099912,0.025681629256154734,0.4698
30,2.0,aligned,mi_class,6,-0.19142529266333863,0.9735916222235819,0.4698
30,2.0,aligned,mi_class,7,-0.2776255044865584,0.9660971091889797,0.4698
30,2.0,aligned,mi_class,8,-0.04650295541643634,0.6163948279780871,0.4698
30,2.0,aligned,mi_class,9,-0.07447518141020115,0.9791835491237334,0.4698
30,2.0,aligned,mi_class,10,0.05414416480105466,-0.9197200070973606,0.4698
30,2.0,aligned,mi_class,11,-0.05157998593237134,0.6748936601729405,0.4698
30,2.0,aligned,mi_class,12,-0.005184965843190059,0.693705373016542,0.4698
30,2.0,aligned,mi_class,13,0.13739660631811534,-0.5774366751795151,0.4698
30,2.0,aligned,mi_class,14,-0.14423184902595038,0.6399067779071466,0.4698
30,2.0,aligned,mi_class,15,-0.012798344437477464,-0.025213741070267266,0.4698
30,2.0,aligned,mi_class,16,0.11434540572802165,-0.701764735873125,0.4698
30,2.0,aligned,mi_class,17,0.18385824985368537,-0.6894393320511436,0.4698
30,2.0,aligned,mi_class,18,0.010579973286033106,-0.4464662142302196,0.4698
30,2.0,aligned,mi_class,19,-0.023658765330870635,-0.6927797588448397,0.4698
30,2.0,aligned,mi_class,20,-0.004102864445705845,0.7402572966402575,0.4698
30,2.0,aligned,mi_class,21,-0.10628007799862693,0.8499064643494061,0.4698
30,2.0,aligned,mi_class,22,0.3437392471678599,-0.7109172365575253,0.4698
30,2.0,aligned,mi_class,23,-0.3988498904369044,0.7830725632675407,0.4698
30,2.0,aligned,mi_class,24,0.11997431676918927,-0.2638232402977457,0.4698
30,2.0,aligned,mi_class,25,0.30518170131153866,-0.8603927328189231,0.4698
30,2.0,aligned,mi_class,26,0.4298675074497634,-0.8449455349620933,0.4698
30,2.0,aligned,mi_class,27,0.11690507548313106,-0.5488246107709844,0.4698
30,2.0,aligned,mi_class,28,0.07403894501693697,-0.8491637770118272,0.4698
30,2.0,aligned,mi_class,29,-0.12079998703610884,0.9098333907847825,0.4698
30,2.0,aligned,mi_class,30,0.1661588961867222,-0.7796821901924286,0.4698
30,2.0,aligned,mi_class,31,-0.1929183440078558,0.8017089840889787,0.4698
30,2.0,aligned,mi_class,32,0.00013884710317094498,-0.025940678140177354,0.4698
30,2.0,aligned,mi_class,33,0.14528594793741512,-0.9887687012371902,0.4698
30,2.0,aligned,mi_class,34,0.24395505834319853,-0.9869009496169873,0.4698
30,2.0,aligned,mi_class,35,0.00495467335808808,-0.6050569350027547,0.4698
30,2.0,aligned,mi_class,36,0.012936507092956573,-0.9876194266859605,0.4698
30,2.0,aligned,mi_class,37,0.00381618319835042,0.9336577178939108,0.4698
30,2.0,aligned,mi_class,38,0.014219504164720731,-0.6726302778579117,0.4698
30,2.0,aligned,mi_class,39,0.004595414405473492,0.012216161695679328,0.4698
30,2.0,aligned,mi_class,40,-0.07245077046890369,0.7917122644464487,0.4698
30,2.0,aligned,mi_class,41,-0.02125047487140641,0.7826614241551452,0.4698
30,2.0,aligned,mi_class,42,-0.10611543640779653,0.7801702081553474,0.4698
30,2.0,aligned,mi_class,43,-0.18498880248461802,0.7903401172731818,0.4698
30,2.0,aligned,mi_class,44,0.1775591062238513,-0.7823038950049888,0.4698
30,2.0,aligned,mi_class,45,-0.006435888768374309,-0.023663089126248777,0.4698
30,2.0,aligned,mi_class,46,0.096444154274688,-0.8117271939062362,0.4698
30,2.0,aligned,mi_class,47,0.04478550887285482,-0.7970011498585974,0.4698
30,2.0,aligned,mi_class,48,0.09314217967848903,-0.5245909109538156,0.4698
30,2.0,aligned,mi_class,49,0.20592799730604405,-0.8007754362649375,0.4698
30,2.0,aligned,mi_class,50,-0.21422150173613497,0.8591147971063058,0.4698
30,2.0,aligned,mi_class,51,0.029688483923668015,0.02794984632551153,0.4698
30,2.0,aligned,mi_class,52,-0.0032540784677390043,0.027147623829657616,0.4698
30,2.0,aligned,mi_class,53,-0.044047227485945244,0.003351887432637339,0.4698
30,2.0,aligned,mi_class,54,0.003752941214671235,0.027277977151393757,0.4698
30,2.0,aligned,mi_class,55,-0.006359262232894881,-0.027789008863330855,0.4698
30,2.0,aligned,mi_class,56,-0.12446214789722543,0.9957901885402736,0.4698
30,2.0,aligned,mi_class,57,-0.14763011900285872,0.6146330608024644,0.4698
30,2.0,aligned,mi_class,58,-0.17386582524809757,0.9954990563463978,0.4698
30,2.0,aligned,mi_class,59,0.148222400204451,-0.9451124309063113,0.4698
30,2.0,aligned,mi_class,60,-0.10657358322726151,0.607706656185281,0.4698
30,2.0,aligned,mi_class,61,-0.2708418844666389,0.9904379083488424,0.4698
30,2.0,aligned,mi_class,62,0.23119867267056504,-0.9280074655580307,0.4698
30,2.0,aligned,mi_class,63,-0.0182965398914825,0.6138279985207755,0.4698
30,2.0,aligned,mi_class,64,0.01176603825175948,-0.6047739814236404,0.4698
30,2.0,aligned,mi_class,65,0.017650737940845485,-0.9328210321272375,0.4698
30,2.0,aligned,mi_site,0,0.04053616616102984,-0.6828945046349623,0.4698
30,2.0,aligned,mi_site,1,0.10204735632970674,-0.8375490632690394,0.4698
30,2.0,aligned,mi_site,2,0.20734976108189784,-0.957265109419615,0.4698
30,2.0,aligned,mi_site,3,-0.08358685583420122,0.7944786955064302,0.4698
30,2.0,aligned,mi_site,4,0.026710236746327998,-0.7909848037499841,0.4698
30,2.0,aligned,mi_site,5,-0.0499377441258505,0.025681629256154734,0.4698
30,2.0,aligned,mi_site,6,-0.1003998878790121,0.9735916222235819,0.4698
30,2.0,aligned,mi_site,7,-0.10056265119397834,0.9660971091889797,0.4698
30,2.0,aligned,mi_site,8,-0.5874278657649513,0.6163948279780871,0.4698
30,2.0,aligned,mi_site,9,-0.7191196898996977,0.9791835491237334,0.4698
30,2.0,aligned,mi_site,10,0.09638980902451022,-0.9197200070973606,0.4698
30,2.0,aligned,mi_site,11,-0.016620174275782218,0.6748936601729405,0.4698
30,2.0,aligned,mi_site,12,-0.10164891882203297,0.693705373016542,0.4698
30,2.0,aligned,mi_site,13,0.0018889529291343798,-0.5774366751795151,0.4698
30,2.0,aligned,mi_site,14,0.03791640996721446,0.6399067779071466,0.4698
30,2.0,aligned,mi_site,15,0.030878654131435576,-0.025213741070267266,0.4698
30,2.0,aligned,mi_site,16,0.01136403002861952,-0.701764735873125,0.4698
30,2.0,aligned,mi_site,17,0.00972318431390129,-0.6894393320511436,0.4698
30,2.0,aligned,mi_site,18,0.4334351285849873,-0.4464662142302196,0.4698
30,2.0,aligned,mi_site,19,0.48308105260474743,-0.6927797588448397,0.4698
30,2.0,aligned,mi_site,20,-0.005554169781416651,0.7402572966402575,0.4698
30,2.0,aligned,mi_site,21,-0.04548084400286123,0.8499064643494061,0.4698
30,2.0,aligned,mi_site,22,0.014595050203724091,-0.7109172365575253,0.4698
30,2.0,aligned,mi_site,23,0.014444496630287684,0.7830725632675407,0.4698
30,2.0,aligned,mi_site,24,0.0006589576309385392,-0.2638232402977457,0.4698
30,2.0,aligned,mi_site,25,0.0175054623670301,-0.8603927328189231,0.4698
30,2.0,aligned,mi_site,26,0.01701659074749473,-0.8449455349620933,0.4698
30,2.0,aligned,mi_site,27,0.5189706061911372,-0.5488246107709844,0.4698
30,2.0,aligned,mi_site,28,0.6042608611181395,-0.8491637770118272,0.4698
30,2.0,aligned,mi_site,29,-0.03727432118243146,0.9098333907847825,0.4698
30,2.0,aligned,mi_site,30,0.05891710042466858,-0.7796821901924286,0.4698
30,2.0,aligned,mi_site,31,-0.08391220850638126,0.8017089840889787,0.4698
30,2.0,aligned,mi_site,32,0.037017439129073605,-0.025940678140177354,0.4698
30,2.0,aligned,mi_site,33,0.10551093082913898,-0.9887687012371902,0.4698
30,2.0,aligned,mi_site,34,0.10239618135100437,-0.9869009496169873,0.4698
30,2.0,aligned,mi_site,35,0.5719378103705887,-0.6050569350027547,0.4698
30,2.0,aligned,mi_site,36,0.728334117254591,-0.9876194266859605,0.4698
30,2.0,aligned,mi_site,37,-0.1188108341736187,0.9336577178939108,0.4698
30,2.0,aligned,mi_site,38,-0.027940993781997214,-0.6726302778579117,0.4698
30,2.0,aligned,mi_site,39,-0.035616810523533216,0.012216161695679328,0.4698
30,2.0,aligned,mi_site,40,0.0063651404876885476,0.7917122644464487,0.4698
30,2.0,aligned,mi_site,41,0.0067044908141594695,0.7826614241551452,0.4698
30,2.0,aligned,mi_site,42,-0.7445206939607115,0.7801702081553474,0.4698
30,2.0,aligned,mi_site,43,-0.5524896166209529,0.7903401172731818,0.4698
30,2.0,aligned,mi_site,44,-0.002455227974905716,-0.7823038950049888,0.4698
30,2.0,aligned,mi_site,45,0.0060277974569774365,-0.023663089126248777,0.4698
30,2.0,aligned,mi_site,46,-0.026573711648416487,-0.8117271939062362,0.4698
30,2.0,aligned,mi_site,47,-0.026310032279697415,-0.7970011498585974,0.4698
30,2.0,aligned,mi_site,48,0.5045271981290943,-0.5245909109538156,0.4698
30,2.0,aligned,mi_site,49,0.5533356205310733,-0.8007754362649375,0.4698
30,2.0,aligned,mi_site,50,0.013961478806006511,0.8591147971063058,0.4698
30,2.0,aligned,mi_site,51,-0.028921990309029096,0.02794984632551153,0.4698
30,2.0,aligned,mi_site,52,-0.031128708925629363,0.027147623829657616,0.4698
30,2.0,aligned,mi_site,53,0.02285022408725919,0.003351887432637339,0.4698
30,2.0,aligned,mi_site,54,-0.05393174902058352,0.027277977151393757,0.4698
30,2.0,aligned,mi_site,55,0.01940319984747812,-0.027789008863330855,0.4698
30,2.0,aligned,mi_site,56,0.000899090058699259,0.9957901885402736,0.4698
30,2.0,aligned,mi_site,57,-0.5827225006623542,0.6146330608024644,0.4698
30,2.0,aligned,mi_site,58,-0.7054105094885192,0.9954990563463978,0.4698
30,2.0,aligned,mi_site,59,0.019413305177189755,-0.9451124309063113,0.4698
30,2.0,aligned,mi_site,60,-0.5769821079913681,0.607706656185281,0.4698
30,2.0,aligned,mi_site,61,-0.700833997548329,0.9904379083488424,0.4698
30,2.0,aligned,mi_site,62,0.01878520636186254,-0.9280074655580307,0.4698
30,2.0,aligned,mi_site,63,-1.5587435398698917,0.6138279985207755,0.4698
30,2.0,aligned,mi_site,64,0.5794465245390351,-0.6047739814236404,0.4698
30,2.0,aligned,mi_site,65,0.6598773444358964,-0.9328210321272375,0.4698
30,2.0,closed,available,0,0.001968089793227712,-0.6828945046349623,0.4698
30,2.0,closed,available,1,0.0006298059115688037,-0.8375490632690394,0.4698
30,2.0,closed,available,2,0.00033508819901084674,-0.957265109419615,0.4698
30,2.0,closed,available,3,0.004169294883364372,0.7944786955064302,0.4698
30,2.0,closed,available,4,0.0015129571736823832,-0.7909848037499841,0.4698
30,2.0,closed,available,5,-0.002155994115293266,0.025681629256154734,0.4698
30,2.0,closed,available,6,0.00025008721795849453,0.9735916222235819,0.4698
30,2.0,closed,available,7,0.00033883755250341263,0.9660971091889797,0.4698
30,2.0,closed,available,8,-0.0020422451448848244,0.6163948279780871,0.4698
30,2.0,closed,available,9,0.0005082762504777794,0.9791835491237334,0.4698
30,2.0,closed,available,10,-0.0002691904432499115,-0.9197200070973606,0.4698
30,2.0,closed,available,11,-0.006321744719908984,0.6748936601729405,0.4698
30,2.0,closed,available,12,-0.007941278859153633,0.693705373016542,0.4698
30,2.0,closed,available,13,0.004600878412475584,-0.5774366751795151,0.4698
30,2.0,closed,available,14,-0.0044335601398025615,0.6399067779071466,0.4698
30,2.0,closed,available,15,-0.011670588091793308,-0.025213741070267266,0.4698
30,2.0,closed,available,16,0.0027300634136913082,-0.701764735873125,0.4698
30,2.0,closed,available,17,0.002111979136942943,-0.6894393320511436,0.4698
30,2.0,closed,available,18,0.004489839072852941,-0.4464662142302196,0.4698
30,2.0,closed,available,19,0.005875244937612933,-0.6927797588448397,0.4698
30,2.0,closed,available,20,0.0013304076435615153,0.7402572966402575,0.4698
30,2.0,closed,available,21,-0.004949939151802973,0.8499064643494061,0.4698
30,2.0,closed,available,22,0.0004694262308548858,-0.7109172365575253,0.4698
30,2.0,closed,available,23,-0.008494028188585578,0.7830725632675407,0.4698
30,2.0,closed,available,24,0.00641039682032829,-0.2638232402977457,0.4698
30,2.0,closed,available,25,0.0027697943612720044,-0.8603927328189231,0.4698
30,2.0,closed,available,26,0.004005040092518342,-0.8449455349620933,0.4698
30,2.0,closed,available,27,0.005716691225147508,-0.5488246107709844,0.4698
30,2.0,closed,available,28,9.985089788833168e-05,-0.8491637770118272,0.4698
30,2.0,closed,available,29,-0.0004925334338719001,0.9098333907847825,0.4698
30,2.0,closed,available,30,-0.009970221157192816,-0.7796821901924286,0.4698
30,2.0,closed,available,31,-0.0030074040305266836,0.8017089840889787,0.4698
30,2.0,closed,available,32,0.024667550255147472,-0.025940678140177354,0.4698
30,2.0,closed,available,33,0.0004542704716704593,-0.9887687012371902,0.4698
30,2.0,closed,available,34,0.0004890318841109798,-0.9869009496169873,0.4698
30,2.0,closed,available,35,-0.0011794334137381624,-0.6050569350027547,0.4698
30,2.0,closed,available,36,-3.088807274509442e-06,-0.9876194266859605,0.4698
30,2.0,closed,available,37,0.0018769928868900276,0.9336577178939108,0.4698
30,2.0,closed,available,38,0.0005963933853289083,-0.6726302778579117,0.4698
30,2.0,closed,available,39,0.0016151518660980479,0.012216161695679328,0.4698
30,2.0,closed,available,40,0.0011058876998801814,0.7917122644464487,0.4698
30,2.0,closed,available,41,-0.0004236383965007251,0.7826614241551452,0.4698
30,2.0,closed,available,42,-0.01403772497288347,0.7801702081553474,0.4698
30,2.0,closed,available,43,-0.0015408771538325539,0.7903401172731818,0.4698
30,2.0,closed,available,44,0.0014364269248190453,-0.7823038950049888,0.4698
30,2.0,closed,available,45,0.0036399220778879984,-0.023663089126248777,0.4698
30,2.0,closed,available,46,0.0019913355706159264,-0.8117271939062362,0.4698
30,2.0,closed,available,47,0.001087668708062206,-0.7970011498585974,0.4698
30,2.0,closed,available,48,-0.003724668200708825,-0.5245909109538156,0.4698
30,2.0,closed,available,49,0.010209626488622559,-0.8007754362649375,0.4698
30,2.0,closed,available,50,-0.002607945171912096,0.8591147971063058,0.4698
30,2.0,closed,available,51,-0.0024301359921830995,0.02794984632551153,0.4698
30,2.0,closed,available,52,-9.495915529984453e-05,0.027147623829657616,0.4698
30,2.0,closed,available,53,0.009574206132241834,0.003351887432637339,0.4698
30,2.0,closed,available,54,0.007435847665305192,0.027277977151393757,0.4698
30,2.0,closed,available,55,-0.0038677433770431258,-0.027789008863330855,0.4698
30,2.0,closed,available,56,4.899591923879232e-05,0.9957901885402736,0.4698
30,2.0,closed,available,57,-0.0027571721197545696,0.6146330608024644,0.4698
30,2.0,closed,available,58,-4.209710216362961e-05,0.9954990563463978,0.4698
30,2.0,closed,available,59,0.00028452287747349203,-0.9451124309063113,0.4698
30,2.0,closed,available,60,0.002593152191885273,0.607706656185281,0.4698
30,2.0,closed,available,61,6.289703515605094e-05,0.9904379083488424,0.4698
30,2.0,closed,available,62,9.686983842571717e-05,-0.9280074655580307,0.4698
30,2.0,closed,available,63,-0.0024807177196226604,0.6138279985207755,0.4698
30,2.0,closed,available,64,-0.0047296468213637866,-0.6047739814236404,0.4698
30,2.0,closed,available,65,-0.00019204853701382252,-0.9328210321272375,0.4698
30,2.0,closed,mi_obs,0,-0.015783796745168943,-0.6828945046349623,0.4698
30,2.0,closed,mi_obs,1,-0.013906303217281035,-0.8375490632690394,0.4698
30,2.0,closed,mi_obs,2,-0.0033014428664912554,-0.957265109419615,0.4698
30,2.0,closed,mi_obs,3,0.03628211891340338,0.7944786955064302,0.4698
30,2.0,closed,mi_obs,4,-0.032609367460037286,-0.7909848037499841,0.4698
30,2.0,closed,mi_obs,5,-0.12201188384877353,0.025681629256154734,0.4698
30,2.0,closed,mi_obs,6,0.0026966243724215744,0.9735916222235819,0.4698
30,2.0,closed,mi_obs,7,0.0030490022041120834,0.9660971091889797,0.4698
30,2.0,closed,mi_obs,8,0.04527742969193149,0.6163948279780871,0.4698
30,2.0,closed,mi_obs,9,0.0032435339554385267,0.9791835491237334,0.4698
30,2.0,closed,mi_obs,10,-0.0031806944264807235,-0.9197200070973606,0.4698
30,2.0,closed,mi_obs,11,0.05858417310730546,0.6748936601729405,0.4698
30,2.0,closed,mi_obs,12,0.015997921295637818,0.693705373016542,0.4698
30,2.0,closed,mi_obs,13,-0.04679117178342529,-0.5774366751795151,0.4698
30,2.0,closed,mi_obs,14,0.05498274330374875,0.6399067779071466,0.4698
30,2.0,closed,mi_obs,15,0.0750885051100448,-0.025213741070267266,0.4698
30,2.0,closed,mi_obs,16,-0.01434674622062182,-0.701764735873125,0.4698
30,2.0,closed,mi_obs,17,-0.016598766033344647,-0.6894393320511436,0.4698
30,2.0,closed,mi_obs,18,-0.015894739829061144,-0.4464662142302196,0.4698
30,2.0,closed,mi_obs,19,-0.02375816498207195,-0.6927797588448397,0.4698
30,2.0,closed,mi_obs,20,0.025425492574459696,0.7402572966402575,0.4698
30,2.0,closed,mi_obs,21,0.022632537236872086,0.8499064643494061,0.4698
30,2.0,closed,mi_obs,22,-0.03411953184481653,-0.7109172365575253,0.4698
30,2.0,closed,mi_obs,23,0.06631056495411136,0.7830725632675407,0.4698
30,2.0,closed,mi_obs,24,0.06206914502004948,-0.2638232402977457,0.4698
30,2.0,closed,mi_obs,25,-0.009104232499541398,-0.8603927328189231,0.4698
30,2.0,closed,mi_obs,26,-0.007924737374065516,-0.8449455349620933,0.4698
30,2.0,closed,mi_obs,27,-0.07264714775902703,-0.5488246107709844,0.4698
30,2.0,closed,mi_obs,28,-0.01340336683876675,-0.8491637770118272,0.4698
30,2.0,closed,mi_obs,29,0.025947812915315005,0.9098333907847825,0.4698
30,2.0,closed,mi_obs,30,-0.030303195273896133,-0.7796821901924286,0.4698
30,2.0,closed,mi_obs,31,0.028781021465822065,0.8017089840889787,0.4698
30,2.0,closed,mi_obs,32,0.12747655963855956,-0.025940678140177354,0.4698
30,2.0,closed,mi_obs,33,0.004060529534193336,-0.9887687012371902,0.4698
30,2.0,closed,mi_obs,34,0.002159295768012326,-0.9869009496169873,0.4698
30,2.0,closed,mi_obs,35,-0.04615450152836309,-0.6050569350027547,0.4698
30,2.0,closed,mi_obs,36,-0.004012297956707878,-0.9876194266859605,0.4698
30,2.0,closed,mi_obs,37,0.0068322833435163766,0.9336577178939108,0.4698
30,2.0,closed,mi_obs,38,-0.06651261076126047,-0.6726302778579117,0.4698
30,2.0,closed,mi_obs,39,-0.11067228703477493,0.012216161695679328,0.4698
30,2.0,closed,mi_obs,40,0.027438788505976586,0.7917122644464487,0.4698
30,2.0,closed,mi_obs,41,0.02905175159655704,0.7826614241551452,0.4698
30,2.0,closed,mi_obs,42,0.10662174678402103,0.7801702081553474,0.4698
30,2.0,closed,mi_obs,43,0.02639615967999709,0.7903401172731818,0.4698
30,2.0,closed,mi_obs,44,-0.02907255238732953,-0.7823038950049888,0.4698
30,2.0,closed,mi_obs,45,0.07618261073550535,-0.023663089126248777,0.4698
30,2.0,closed,mi_obs,46,-0.031185502789606412,-0.8117271939062362,0.4698
30,2.0,closed,mi_obs,47,-0.03138738272305064,-0.7970011498585974,0.4698
30,2.0,closed,mi_obs,48,-0.07098423788006059,-0.5245909109538156,0.4698
30,2.0,closed,mi_obs,49,-0.022274597427358822,-0.8007754362649375,0.4698
30,2.0,closed,mi_obs,50,0.04241545012824366,0.8591147971063058,0.4698
30,2.0,closed,mi_obs,51,-0.10981890810191325,0.02794984632551153,0.4698
30,2.0,closed,mi_obs,52,-0.11205732110659501,0.027147623829657616,0.4698
30,2.0,closed,mi_obs,53,-0.06362354729891027,0.003351887432637339,0.4698
30,2.0,closed,mi_obs,54,-0.12641285120016107,0.027277977151393757,0.4698
30,2.0,closed,mi_obs,55,0.1017644702047662,-0.027789008863330855,0.4698
30,2.0,closed,mi_obs,56,0.0005468129591620352,0.9957901885402736,0.4698
30,2.0,closed,mi_obs,57,0.04524966770686889,0.6146330608024644,0.4698
30,2.0,closed,mi_obs,58,-0.003451591997863712,0.9954990563463978,0.4698
30,2.0,closed,mi_obs,59,0.0014657058533487088,-0.9451124309063113,0.4698
30,2.0,closed,mi_obs,60,0.049242051609211135,0.607706656185281,0.4698
30,2.0,closed,mi_obs,61,-0.0036509757997091885,0.9904379083488424,0.4698
30,2.0,closed,mi_obs,62,0.0020337625410133953,-0.9280074655580307,0.4698
30,2.0,closed,mi_obs,63,0.0498586470302429,0.6138279985207755,0.4698
30,2.0,closed,mi_obs,64,-0.048299891061348355,-0.6047739814236404,0.4698
30,2.0,closed,mi_obs,65,-0.005444830936457312,-0.9328210321272375,0.4698
30,2.0,closed,mi_class,0,0.006865582276806781,-0.6828945046349623,0.4698
30,2.0,closed,mi_class,1,0.12070165359048368,-0.8375490632690394,0.4698
30,2.0,closed,mi_class,2,-0.0090738285523414,-0.957265109419615,0.4698
30,2.0,closed,mi_class,3,-0.17159062607520603,0.7944786955064302,0.4698
30,2.0,closed,mi_class,4,0.18647760181209194,-0.7909848037499841,0.4698
30,2.0,closed,mi_class,5,-0.010935123046108663,0.025681629256154734,0.4698
30,2.0,closed,mi_class,6,-0.14746711261023537,0.9735916222235819,0.4698
30,2.0,closed,mi_class,7,-0.30836176127700166,0.9660971091889797,0.4698
30,2.0,closed,mi_class,8,0.009474748822443257,0.6163948279780871,0.4698
30,2.0,closed,mi_class,9,-0.014868445309445089,0.9791835491237334,0.4698
30,2.0,closed,mi_class,10,-7.868802234356487e-06,-0.9197200070973606,0.4698
30,2.0,closed,mi_class,11,-0.05996213199103673,0.6748936601729405,0.4698
30,2.0,closed,mi_class,12,0.0001176141225475158,0.693705373016542,0.4698
30,2.0,closed,mi_class,13,0.13723521907120795,-0.5774366751795151,0.4698
30,2.0,closed,mi_class,14,-0.14696133528980276,0.6399067779071466,0.4698
30,2.0,closed,mi_class,15,0.006646479640198825,-0.025213741070267266,0.4698
30,2.0,closed,mi_class,16,0.11330414675544564,-0.701764735873125,0.4698
30,2.0,closed,mi_class,17,0.23134974657426366,-0.6894393320511436,0.4698
30,2.0,closed,mi_class,18,0.0057998122355715775,-0.4464662142302196,0.4698
30,2.0,closed,mi_class,19,-0.020016615915322,-0.6927797588448397,0.4698
30,2.0,closed,mi_class,20,-0.0057033432575314125,0.7402572966402575,0.4698
30,2.0,closed,mi_class,21,-0.11481708349398734,0.8499064643494061,0.4698
30,2.0,closed,mi_class,22,0.3520332150915476,-0.7109172365575253,0.4698
30,2.0,closed,mi_class,23,-0.4088355246154933,0.7830725632675407,0.4698
30,2.0,closed,mi_class,24,0.17373707639143932,-0.2638232402977457,0.4698
30,2.0,closed,mi_class,25,0.32826619967384285,-0.8603927328189231,0.4698
30,2.0,closed,mi_class,26,0.460770388923046,-0.8449455349620933,0.4698
30,2.0,closed,mi_class,27,0.0779420688298057,-0.5488246107709844,0.4698
30,2.0,closed,mi_class,28,0.07942253248899633,-0.8491637770118272,0.4698
30,2.0,closed,mi_class,29,-0.1286866944297299,0.9098333907847825,0.4698
30,2.0,closed,mi_class,30,0.17503174954581513,-0.7796821901924286,0.4698
30,2.0,closed,mi_class,31,-0.1966740834005809,0.8017089840889787,0.4698
30,2.0,closed,mi_class,32,0.011859932807479014,-0.025940678140177354,0.4698
30,2.0,closed,mi_class,33,0.16265158302956528,-0.9887687012371902,0.4698
30,2.0,closed,mi_class,34,0.3229191167253992,-0.9869009496169873,0.4698
30,2.0,closed,mi_class,35,-0.014158699793589746,-0.6050569350027547,0.4698
30,2.0,closed,mi_class,36,0.014448696213013035,-0.9876194266859605,0.4698
30,2.0,closed,mi_class,37,0.004166588004222316,0.9336577178939108,0.4698
30,2.0,closed,mi_class,38,0.0036072413442919116,-0.6726302778579117,0.4698
30,2.0,closed,mi_class,39,-0.010629555923203643,0.012216161695679328,0.4698
30,2.0,closed,mi_class,40,-0.06301043845466969,0.7917122644464487,0.4698
30,2.0,closed,mi_class,41,-0.09099887961688047,0.7826614241551452,0.4698
30,2.0,closed,mi_class,42,-0.11493139652885598,0.7801702081553474,0.4698
30,2.0,closed,mi_class,43,-0.18831759221907274,0.7903401172731818,0.4698
30,2.0,closed,mi_class,44,0.18148763379661426,-0.7823038950049888,0.4698
30,2.0,closed,mi_class,45,0.012945315658011335,-0.023663089126248777,0.4698
30,2.0,closed,mi_class,46,0.0856528378249578,-0.8117271939062362,0.4698
30,2.0,closed,mi_class,47,0.11144253235703527,-0.7970011498585974,0.4698
30,2.0,closed,mi_class,48,0.0699715939170335,-0.5245909109538156,0.4698
30,2.0,closed,mi_class,49,0.20828230838471185,-0.8007754362649375,0.4698
30,2.0,closed,mi_class,50,-0.2162126565224014,0.8591147971063058,0.4698
30,2.0,closed,mi_class,51,-0.03836475966234497,0.02794984632551153,0.4698
30,2.0,closed,mi_class,52,-0.0634439884183424,0.027147623829657616,0.4698
30,2.0,closed,mi_class,53,-0.07717498316750906,0.003351887432637339,0.4698
30,2.0,closed,mi_class,54,-0.013381428581396248,0.027277977151393757,0.4698
30,2.0,closed,mi_class,55,0.00915606033906842,-0.027789008863330855,0.4698
30,2.0,closed,mi_class,56,-0.19441639125887888,0.9957901885402736,0.4698
30,2.0,closed,mi_class,57,-0.13137092791922084,0.6146330608024644,0.4698
30,2.0,closed,mi_class,58,-0.17929430214853626,0.9954990563463978,0.4698
30,2.0,closed,mi_class,59,0.1591740750592241,-0.9451124309063113,0.4698
30,2.0,closed,mi_class,60,-0.1517993274335831,0.607706656185281,0.4698
30,2.0,closed,mi_class,61,-0.32405958658534106,0.9904379083488424,0.4698
30,2.0,closed,mi_class,62,0.3325470437350331,-0.9280074655580307,0.4698
30,2.0,closed,mi_class,63,-0.0007950708653230443,0.6138279985207755,0.4698
30,2.0,closed,mi_class,64,-0.007464346997735127,-0.6047739814236404,0.4698
30,2.0,closed,mi_class,65,0.019812862433579936,-0.9328210321272375,0.4698
30,2.0,closed,mi_site,0,-0.014161310942850114,-0.6828945046349623,0.4698
30,2.0,closed,mi_site,1,-0.014200431472870312,-0.8375490632690394,0.4698
30,2.0,closed,mi_site,2,-0.004301605161574185,-0.957265109419615,0.4698
30,2.0,closed,mi_site,3,0.032809977103381405,0.7944786955064302,0.4698
30,2.0,closed,mi_site,4,-0.028788545186868242,-0.7909848037499841,0.4698
30,2.0,closed,mi_site,5,-0.05185768703236686,0.025681629256154734,0.4698
30,2.0,closed,mi_site,6,0.0008415507784428344,0.9735916222235819,0.4698
30,2.0,closed,mi_site,7,0.0010277605746846774,0.9660971091889797,0.4698
30,2.0,closed,mi_site,8,0.03222293062661152,0.6163948279780871,0.4698
30,2.0,closed,mi_site,9,0.003141814256405473,0.9791835491237334,0.4698
30,2.0,closed,mi_site,10,-0.0029576119040202187,-0.9197200070973606,0.4698
30,2.0,closed,mi_site,11,0.050231900490469994,0.6748936601729405,0.4698
30,2.0,closed,mi_site,12,0.01740144961158252,0.693705373016542,0.4698
30,2.0,closed,mi_site,13,-0.0353755349853887,-0.5774366751795151,0.4698
30,2.0,closed,mi_site,14,0.052106979616692306,0.6399067779071466,0.4698
30,2.0,closed,mi_site,15,0.02325022437982379,-0.025213741070267266,0.4698
30,2.0,closed,mi_site,16,-0.012474807796592713,-0.701764735873125,0.4698
30,2.0,closed,mi_site,17,-0.013329376898872591,-0.6894393320511436,0.4698
30,2.0,closed,mi_site,18,-0.021612586076017404,-0.4464662142302196,0.4698
30,2.0,closed,mi_site,19,-0.01954363461901043,-0.6927797588448397,0.4698
30,2.0,closed,mi_site,20,0.020561154345654198,0.7402572966402575,0.4698
30,2.0,closed,mi_site,21,0.022867859648778688,0.8499064643494061,0.4698
30,2.0,closed,mi_site,22,-0.03568025847718326,-0.7109172365575253,0.4698
30,2.0,closed,mi_site,23,0.06337201279943894,0.7830725632675407,0.4698
30,2.0,closed,mi_site,24,0.008554478452757253,-0.2638232402977457,0.4698
30,2.0,closed,mi_site,25,-0.01080291983482673,-0.8603927328189231,0.4698
30,2.0,closed,mi_site,26,-0.010469826543901606,-0.8449455349620933,0.4698
30,2.0,closed,mi_site,27,-0.056478476393567956,-0.5488246107709844,0.4698
30,2.0,closed,mi_site,28,-0.015378555332681842,-0.8491637770118272,0.4698
30,2.0,closed,mi_site,29,0.024716053380111402,0.9098333907847825,0.4698
30,2.0,closed,mi_site,30,-0.033641950422548694,-0.7796821901924286,0.4698
30,2.0,closed,mi_site,31,0.02723300064893075,0.8017089840889787,0.4698
30,2.0,closed,mi_site,32,0.05011607127507495,-0.025940678140177354,0.4698
30,2.0,closed,mi_site,33,0.004536101570454476,-0.9887687012371902,0.4698
30,2.0,closed,mi_site,34,0.003277822684991216,-0.9869009496169873,0.4698
30,2.0,closed,mi_site,35,-0.04190969058900973,-0.6050569350027547,0.4698
30,2.0,closed,mi_site,36,-0.003392451187566814,-0.9876194266859605,0.4698
30,2.0,closed,mi_site,37,0.006396814206010015,0.9336577178939108,0.4698
30,2.0,closed,mi_site,38,-0.06014137808504427,-0.6726302778579117,0.4698
30,2.0,closed,mi_site,39,-0.04621547722830356,0.012216161695679328,0.4698
30,2.0,closed,mi_site,40,0.029087874407017322,0.7917122644464487,0.4698
30,2.0,closed,mi_site,41,0.03027738115044376,0.7826614241551452,0.4698
30,2.0,closed,mi_site,42,0.08371149764820951,0.7801702081553474,0.4698
30,2.0,closed,mi_site,43,0.025777450116575173,0.7903401172731818,0.4698
30,2.0,closed,mi_site,44,-0.02954919138891443,-0.7823038950049888,0.4698
30,2.0,closed,mi_site,45,0.016121626451931062,-0.023663089126248777,0.4698
30,2.0,closed,mi_site,46,-0.031205675358169427,-0.8117271939062362,0.4698
30,2.0,closed,mi_site,47,-0.03201019071821831,-0.7970011498585974,0.4698
30,2.0,closed,mi_site,48,-0.05533845014467664,-0.5245909109538156,0.4698
30,2.0,closed,mi_site,49,-0.020568883638886648,-0.8007754362649375,0.4698
30,2.0,closed,mi_site,50,0.038932027116372114,0.8591147971063058,0.4698
30,2.0,closed,mi_site,51,-0.04600623542623694,0.02794984632551153,0.4698
30,2.0,closed,mi_site,52,-0.04744268649586665,0.027147623829657616,0.4698
30,2.0,closed,mi_site,53,-0.012271911222467114,0.003351887432637339,0.4698
30,2.0,closed,mi_site,54,-0.05413869701804844,0.027277977151393757,0.4698
30,2.0,closed,mi_site,55,0.03560027027811913,-0.027789008863330855,0.4698
30,2.0,closed,mi_site,56,0.0006007244025394431,0.9957901885402736,0.4698
30,2.0,closed,mi_site,57,0.03566798849902131,0.6146330608024644,0.4698
30,2.0,closed,mi_site,58,-0.004626123305849106,0.9954990563463978,0.4698
30,2.0,closed,mi_site,59,0.0008667851912740332,-0.9451124309063113,0.4698
30,2.0,closed,mi_site,60,0.03873855303144591,0.607706656185281,0.4698
30,2.0,closed,mi_site,61,-0.0049221801920237285,0.9904379083488424,0.4698
30,2.0,closed,mi_site,62,0.0008058562015732518,-0.9280074655580307,0.4698
30,2.0,closed,mi_site,63,0.03630763208108112,0.6138279985207755,0.4698
30,2.0,closed,mi_site,64,-0.03860472069709875,-0.6047739814236404,0.4698
30,2.0,closed,mi_site,65,-0.004789132804747798,-0.9328210321272375,0.4698
