rep,gamma,alignment,estimator,pair,signed_err,truth,miss_rate
31,0.0,aligned,available,0,-0.009234561934592767,0.2474317096662182,0.470325
31,0.0,aligned,available,1,-0.01593102750127839,-0.0022393559393016405,0.470325
31,0.0,aligned,available,2,0.010647796342139472,0.0028861214506728746,0.470325
31,0.0,aligned,available,3,-0.0028952986552731414,0.010483785902958788,0.470325
31,0.0,aligned,available,4,0.003852700163535505,0.3713015724245885,0.470325
31,0.0,aligned,available,5,0.010422208852767076,-0.0022892556902774923,0.470325
31,0.0,aligned,available,6,-0.0033840836283429215,0.0023753275584706564,0.470325
31,0.0,aligned,available,7,0.0019292794556242804,0.009106636950198133,0.470325
31,0.0,aligned,available,8,0.009007447486357012,-0.3220232332282888,0.470325
31,0.0,aligned,available,9,-0.015531708134204403,0.35352616458232894,0.470325
31,0.0,aligned,available,10,0.006953381639347889,0.4572369918826809,0.470325
31,0.0,aligned,available,11,0.006440525509260589,-0.009933391335968182,0.470325
31,0.0,aligned,available,12,0.02097737675038097,0.2225353710474334,0.470325
31,0.0,aligned,available,13,-0.002848855778307291,0.7459385197062475,0.470325
31,0.0,aligned,available,14,-0.004196449902707844,0.8310181042134432,0.470325
31,0.0,aligned,available,15,0.012347264797130516,0.007169465387959846,0.470325
31,0.0,aligned,available,16,-0.002964375005088782,0.4384793065117742,0.470325
31,0.0,aligned,available,17,0.003554417744517979,0.42246020959976194,0.470325
31,0.0,aligned,available,18,0.0007712409821279687,0.24462582982434525,0.470325
31,0.0,aligned,available,19,-0.003608078129518799,0.7815155384750324,0.470325
31,0.0,aligned,available,20,-0.004306104624348772,-0.38663182967736426,0.470325
31,0.0,aligned,available,21,-0.004012580271754212,-0.003887777910322003,0.470325
31,0.0,aligned,available,22,-0.0005956657116910364,-0.005124342301451192,0.470325
31,0.0,aligned,available,23,0.01008005371913577,-0.014211625992422896,0.470325
31,0.0,aligned,available,24,0.0032908838642977016,0.004150761372067413,0.470325
31,0.0,aligned,available,25,-0.00840412456472841,-0.010847161470617426,0.470325
31,0.0,aligned,available,26,0.011149135626824028,-0.004812869255002099,0.470325
31,0.0,aligned,available,27,-0.009221766496665236,0.0028858812166939443,0.470325
31,0.0,aligned,available,28,0.0010244986417669022,0.19593811382792373,0.470325
31,0.0,aligned,available,29,-0.00919606806331906,0.003631788220689096,0.470325
31,0.0,aligned,available,30,7.928321540648213e-05,-0.000995533531115698,0.470325
31,0.0,aligned,available,31,0.01678372225867114,0.3449557953488145,0.470325
31,0.0,aligned,available,32,-0.013186139041549232,-0.004627065689906826,0.470325
31,0.0,aligned,available,33,-0.04209622483114933,-0.0022511055765175652,0.470325
31,0.0,aligned,available,34,0.04236001183973755,-0.002383186496200039,0.470325
31,0.0,aligned,available,35,0.001695270708841068,-0.2992924692657073,0.470325
31,0.0,aligned,available,36,0.00022108099188494768,0.32146513597914106,0.470325
31,0.0,aligned,available,37,0.003826476576004767,-0.22440451542538353,0.470325
31,0.0,aligned,available,38,-0.006744830623662934,0.36558829346459504,0.470325
31,0.0,aligned,available,39,0.000637378522005785,0.015532089624732534,0.470325
31,0.0,aligned,available,40,-0.005341336526949958,0.5020643870377773,0.470325
31,0.0,aligned,available,41,0.0025885577064511667,0.7025897986166448,0.470325
31,0.0,aligned,available,42,0.009208582391203701,0.7549837170964093,0.470325
31,0.0,aligned,available,43,-0.008499849717863384,0.3432880010294352,0.470325
31,0.0,aligned,available,44,0.005850436345708476,-0.5257113675750882,0.470325
31,0.0,aligned,available,45,0.001651561526606941,-0.0011331972839629793,0.470325
31,0.0,aligned,available,46,-0.00552438531489835,0.2852087911733363,0.470325
31,0.0,aligned,available,47,-0.0023732146545763777,0.09834537259481461,0.470325
31,0.0,aligned,available,48,0.005751429446587714,-0.21498777937542546,0.470325
31,0.0,aligned,available,49,-0.001605384225666029,0.9409302230199812,0.470325
31,0.0,aligned,available,50,0.005954664530935183,-0.18459152393471506,0.470325
31,0.0,aligned,available,51,-0.0015634275759174518,0.021109322688405117,0.470325
31,0.0,aligned,available,52,0.0004049468530305687,0.0034484203302759084,0.470325
31,0.0,aligned,available,53,-0.009693339911329354,0.015456766831270985,0.470325
31,0.0,aligned,available,54,0.0058724258395425125,-0.0010756497967201635,0.470325
31,0.0,aligned,available,55,-0.0010491662147995573,-0.38880987261590577,0.470325
31,0.0,aligned,available,56,0.0020514123060779155,-0.0030933075816178364,0.470325
31,0.0,aligned,available,57,0.00783751097577734,0.2869430908940584,0.470325
31,0.0,aligned,available,58,-0.01337015354035953,0.26158204186925527,0.470325
31,0.0,aligned,available,59,0.0004463831504786242,-0.5579203060271428,0.470325
31,0.0,aligned,available,60,0.019106896528060746,0.6708119775624033,0.470325
31,0.0,aligned,available,61,-0.005901975547255578,0.093216804168278,0.470325
31,0.0,aligned,available,62,0.0010577047675368878,-0.09540214073422632,0.470325
31,0.0,aligned,available,63,-0.0024354386745175927,-0.2028575430700417,0.470325
31,0.0,aligned,available,64,0.004292960824575531,-0.4078888849495736,0.470325
31,0.0,aligned,available,65,0.002280150253842095,-0.16968000007001321,0.470325
31,0.0,aligned,mi_obs,0,-0.005734293337182034,0.2474317096662182,0.470325
31,0.0,aligned,mi_obs,1,-0.030104531854700384,-0.0022393559393016405,0.470325
31,0.0,aligned,mi_obs,2,0.03864003759274616,0.0028861214506728746,0.470325
31,0.0,aligned,mi_obs,3,-0.0020496722660497766,0.010483785902958788,0.470325
31,0.0,aligned,mi_obs,4,0.004559514780698826,0.3713015724245885,0.470325
31,0.0,aligned,mi_obs,5,0.01347598200571954,-0.0022892556902774923,0.470325
31,0.0,aligned,mi_obs,6,0.005240116252468811,0.0023753275584706564,0.470325
31,0.0,aligned,mi_obs,7,-0.00869312448105218,0.009106636950198133,0.470325
31,0.0,aligned,mi_obs,8,-0.037732348610200084,-0.3220232332282888,0.470325
31,0.0,aligned,mi_obs,9,0.0017881238084467843,0.35352616458232894,0.470325
31,0.0,aligned,mi_obs,10,0.01512064281941844,0.4572369918826809,0.470325
31,0.0,aligned,mi_obs,11,-0.031523944991557334,-0.009933391335968182,0.470325
31,0.0,aligned,mi_obs,12,0.09710300958613591,0.2225353710474334,0.470325
31,0.0,aligned,mi_obs,13,0.030244667488150134,0.7459385197062475,0.470325
31,0.0,aligned,mi_obs,14,0.019855546334392016,0.8310181042134432,0.470325
31,0.0,aligned,mi_obs,15,0.003778361343545377,0.007169465387959846,0.470325
31,0.0,aligned,mi_obs,16,0.08527152423141399,0.4384793065117742,0.470325
31,0.0,aligned,mi_obs,17,0.016517967137397005,0.42246020959976194,0.470325
31,0.0,aligned,mi_obs,18,-0.004356979862046834,0.24462582982434525,0.470325
31,0.0,aligned,mi_obs,19,0.019739061382795464,0.7815155384750324,0.470325
31,0.0,aligned,mi_obs,20,-0.012627705651002241,-0.38663182967736426,0.470325
31,0.0,aligned,mi_obs,21,0.06363864095312258,-0.003887777910322003,0.470325
31,0.0,aligned,mi_obs,22,-0.027856535660704156,-0.005124342301451192,0.470325
31,0.0,aligned,mi_obs,23,-0.015098853663349596,-0.014211625992422896,0.470325
31,0.0,aligned,mi_obs,24,0.015118735671834376,0.004150761372067413,0.470325
31,0.0,aligned,mi_obs,25,-0.0145143814472039,-0.010847161470617426,0.470325
31,0.0,aligned,mi_obs,26,-0.022852253641587092,-0.004812869255002099,0.470325
31,0.0,aligned,mi_obs,27,-0.04366787785132435,0.0028858812166939443,0.470325
31,0.0,aligned,mi_obs,28,0.010361063641519369,0.19593811382792373,0.470325
31,0.0,aligned,mi_obs,29,-0.005206519489142097,0.003631788220689096,0.470325
31,0.0,aligned,mi_obs,30,0.001705176591970013,-0.000995533531115698,0.470325
31,0.0,aligned,mi_obs,31,0.07558189565488954,0.3449557953488145,0.470325
31,0.0,aligned,mi_obs,32,-0.054723523641114595,-0.004627065689906826,0.470325
31,0.0,aligned,mi_obs,33,-0.040475308859908264,-0.0022511055765175652,0.470325
31,0.0,aligned,mi_obs,34,0.07352121040577216,-0.002383186496200039,0.470325
31,0.0,aligned,mi_obs,35,-0.015629175792006678,-0.2992924692657073,0.470325
31,0.0,aligned,mi_obs,36,0.04585476034488778,0.32146513597914106,0.470325
31,0.0,aligned,mi_obs,37,-0.023793304594091153,-0.22440451542538353,0.470325
31,0.0,aligned,mi_obs,38,0.04114949296951742,0.36558829346459504,0.470325
31,0.0,aligned,mi_obs,39,0.032575009316952584,0.015532089624732534,0.470325
31,0.0,aligned,mi_obs,40,0.09780646197351528,0.5020643870377773,0.470325
31,0.0,aligned,mi_obs,41,-0.0027854705636108923,0.7025897986166448,0.470325
31,0.0,aligned,mi_obs,42,0.009771300999126598,0.7549837170964093,0.470325
31,0.0,aligned,mi_obs,43,0.03801525259508032,0.3432880010294352,0.470325
31,0.0,aligned,mi_obs,44,-0.007755878362536328,-0.5257113675750882,0.470325
31,0.0,aligned,mi_obs,45,0.005376108848703681,-0.0011331972839629793,0.470325
31,0.0,aligned,mi_obs,46,0.051833173678763,0.2852087911733363,0.470325
31,0.0,aligned,mi_obs,47,0.028142091427826157,0.09834537259481461,0.470325
31,0.0,aligned,mi_obs,48,0.0029667235910475487,-0.21498777937542546,0.470325
31,0.0,aligned,mi_obs,49,0.018263425705787983,0.9409302230199812,0.470325
31,0.0,aligned,mi_obs,50,-0.01869274902243634,-0.18459152393471506,0.470325
31,0.0,aligned,mi_obs,51,0.1298481099514629,0.021109322688405117,0.470325
31,0.0,aligned,mi_obs,52,-0.09304035916099303,0.0034484203302759084,0.470325
31,0.0,aligned,mi_obs,53,0.008675714742141035,0.015456766831270985,0.470325
31,0.0,aligned,mi_obs,54,0.007667542323007639,-0.0010756497967201635,0.470325
31,0.0,aligned,mi_obs,55,-0.05907325730515278,-0.38880987261590577,0.470325
31,0.0,aligned,mi_obs,56,0.05224632096161874,-0.0030933075816178364,0.470325
31,0.0,aligned,mi_obs,57,0.06549859531981311,0.2869430908940584,0.470325
31,0.0,aligned,mi_obs,58,0.0486705662600887,0.26158204186925527,0.470325
31,0.0,aligned,mi_obs,59,-0.07892988621940078,-0.5579203060271428,0.470325
31,0.0,aligned,mi_obs,60,0.006154392236652151,0.6708119775624033,0.470325
31,0.0,aligned,mi_obs,61,0.02493815790901277,0.093216804168278,0.470325
31,0.0,aligned,mi_obs,62,0.03399082676588949,-0.09540214073422632,0.470325
31,0.0,aligned,mi_obs,63,0.0038035054264278223,-0.2028575430700417,0.470325
31,0.0,aligned,mi_obs,64,-0.00025262742600723476,-0.4078888849495736,0.470325
31,0.0,aligned,mi_obs,65,-0.015237412771873599,-0.16968000007001321,0.470325
31,0.0,aligned,mi_class,0,-0.055566634314022284,0.2474317096662182,0.470325
31,0.0,aligned,mi_class,1,-0.014810218273844449,-0.0022393559393016405,0.470325
31,0.0,aligned,mi_class,2,0.014120024314867514,0.0028861214506728746,0.470325
31,0.0,aligned,mi_class,3,-0.0018776060341935356,0.010483785902958788,0.470325
31,0.0,aligned,mi_class,4,-0.0974355809975681,0.3713015724245885,0.470325
31,0.0,aligned,mi_class,5,0.0032823338557566965,-0.0022892556902774923,0.470325
31,0.0,aligned,mi_class,6,-0.12784848551662867,0.0023753275584706564,0.470325
31,0.0,aligned,mi_class,7,-0.028076897506867603,0.009106636950198133,0.470325
31,0.0,aligned,mi_class,8,0.058155803698832886,-0.3220232332282888,0.470325
31,0.0,aligned,mi_class,9,-0.063207982358998,0.35352616458232894,0.470325
31,0.0,aligned,mi_class,10,-0.07510012260585214,0.4572369918826809,0.470325
31,0.0,aligned,mi_class,11,0.013357375030956697,-0.009933391335968182,0.470325
31,0.0,aligned,mi_class,12,-0.047616558211004495,0.2225353710474334,0.470325
31,0.0,aligned,mi_class,13,-0.24724671495640743,0.7459385197062475,0.470325
31,0.0,aligned,mi_class,14,-0.2152358145560419,0.8310181042134432,0.470325
31,0.0,aligned,mi_class,15,0.00442262757195705,0.007169465387959846,0.470325
31,0.0,aligned,mi_class,16,-0.30606883998443657,0.4384793065117742,0.470325
31,0.0,aligned,mi_class,17,-0.13782166751907898,0.42246020959976194,0.470325
31,0.0,aligned,mi_class,18,0.002267924987834291,0.24462582982434525,0.470325
31,0.0,aligned,mi_class,19,-0.03749997850070241,0.7815155384750324,0.470325
31,0.0,aligned,mi_class,20,0.022597802137784395,-0.38663182967736426,0.470325
31,0.0,aligned,mi_class,21,0.01944774036936617,-0.003887777910322003,0.470325
31,0.0,aligned,mi_class,22,-0.0026122315964388562,-0.005124342301451192,0.470325
31,0.0,aligned,mi_class,23,-0.004607771444685556,-0.014211625992422896,0.470325
31,0.0,aligned,mi_class,24,-0.00511424789839355,0.004150761372067413,0.470325
31,0.0,aligned,mi_class,25,0.1280416570687179,-0.010847161470617426,0.470325
31,0.0,aligned,mi_class,26,0.027885156537649634,-0.004812869255002099,0.470325
31,0.0,aligned,mi_class,27,0.06404880421529174,0.0028858812166939443,0.470325
31,0.0,aligned,mi_class,28,0.07374160888412931,0.19593811382792373,0.470325
31,0.0,aligned,mi_class,29,-0.02552725068980882,0.003631788220689096,0.470325
31,0.0,aligned,mi_class,30,0.1283307532333912,-0.000995533531115698,0.470325
31,0.0,aligned,mi_class,31,-0.09003035506094709,0.3449557953488145,0.470325
31,0.0,aligned,mi_class,32,0.06040240994253845,-0.004627065689906826,0.470325
31,0.0,aligned,mi_class,33,-0.009428994076754377,-0.0022511055765175652,0.470325
31,0.0,aligned,mi_class,34,0.0028671649010842044,-0.002383186496200039,0.470325
31,0.0,aligned,mi_class,35,0.0019291205373014875,-0.2992924692657073,0.470325
31,0.0,aligned,mi_class,36,-0.04657527382727489,0.32146513597914106,0.470325
31,0.0,aligned,mi_class,37,0.06831429816328335,-0.22440451542538353,0.470325
31,0.0,aligned,mi_class,38,-0.05062512617503223,0.36558829346459504,0.470325
31,0.0,aligned,mi_class,39,0.009148039393505192,0.015532089624732534,0.470325
31,0.0,aligned,mi_class,40,-0.11479745627745558,0.5020643870377773,0.470325
31,0.0,aligned,mi_class,41,-0.12813613864138185,0.7025897986166448,0.470325
31,0.0,aligned,mi_class,42,-0.14850513906500973,0.7549837170964093,0.470325
31,0.0,aligned,mi_class,43,-0.10101570848769281,0.3432880010294352,0.470325
31,0.0,aligned,mi_class,44,0.14088345974529026,-0.5257113675750882,0.470325
31,0.0,aligned,mi_class,45,0.0011054764139439212,-0.0011331972839629793,0.470325
31,0.0,aligned,mi_class,46,-0.050666713455238155,0.2852087911733363,0.470325
31,0.0,aligned,mi_class,47,-0.030105541986698126,0.09834537259481461,0.470325
31,0.0,aligned,mi_class,48,0.01742080778126273,-0.21498777937542546,0.470325
31,0.0,aligned,mi_class,49,-0.19290872943566661,0.9409302230199812,0.470325
31,0.0,aligned,mi_class,50,0.026787624447608765,-0.18459152393471506,0.470325
31,0.0,aligned,mi_class,51,0.03451230365968253,0.021109322688405117,0.470325
31,0.0,aligned,mi_class,52,0.0003291993503120329,0.0034484203302759084,0.470325
31,0.0,aligned,mi_class,53,-0.005490143468918362,0.015456766831270985,0.470325
31,0.0,aligned,mi_class,54,-0.002708565568375389,-0.0010756497967201635,0.470325
31,0.0,aligned,mi_class,55,0.11232260468125049,-0.38880987261590577,0.470325
31,0.0,aligned,mi_class,56,0.042641517224935276,-0.0030933075816178364,0.470325
31,0.0,aligned,mi_class,57,-0.044228676427376684,0.2869430908940584,0.470325
31,0.0,aligned,mi_class,58,-0.18546543855658104,0.26158204186925527,0.470325
31,0.0,aligned,mi_class,59,0.12769816923655203,-0.5579203060271428,0.470325
31,0.0,aligned,mi_class,60,-0.11477902271112594,0.6708119775624033,0.470325
31,0.0,aligned,mi_class,61,-0.021617581527211716,0.093216804168278,0.470325
31,0.0,aligned,mi_class,62,0.002598476182882531,-0.09540214073422632,0.470325
31,0.0,aligned,mi_class,63,0.04614426557570006,-0.2028575430700417,0.470325
31,0.0,aligned,mi_class,64,0.00975539406774828,-0.4078888849495736,0.470325
31,0.0,aligned,mi_class,65,-0.014851015791644634,-0.16968000007001321,0.470325
31,0.0,aligned,mi_site,0,-0.019421210093817087,0.2474317096662182,0.470325
31,0.0,aligned,mi_site,1,-0.014803268132888707,-0.0022393559393016405,0.470325
31,0.0,aligned,mi_site,2,0.002689942430044149,0.0028861214506728746,0.470325
31,0.0,aligned,mi_site,3,0.004315758737379584,0.010483785902958788,0.470325
31,0.0,aligned,mi_site,4,-0.017195519524590697,0.3713015724245885,0.470325
31,0.0,aligned,mi_site,5,0.014828852928786763,-0.0022892556902774923,0.470325
31,0.0,aligned,mi_site,6,-0.0009180764913742396,0.0023753275584706564,0.470325
31,0.0,aligned,mi_site,7,0.006915894907126741,0.009106636950198133,0.470325
31,0.0,aligned,mi_site,8,-0.002930820135118861,-0.3220232332282888,0.470325
31,0.0,aligned,mi_site,9,-0.03275439612274528,0.35352616458232894,0.470325
31,0.0,aligned,mi_site,10,-0.0285085638080399,0.4572369918826809,0.470325
31,0.0,aligned,mi_site,11,-0.001621558071146889,-0.009933391335968182,0.470325
31,0.0,aligned,mi_site,12,0.026542540060778996,0.2225353710474334,0.470325
31,0.0,aligned,mi_site,13,-0.023008145451864248,0.7459385197062475,0.470325
31,0.0,aligned,mi_site,14,-0.0026833657799731903,0.8310181042134432,0.470325
31,0.0,aligned,mi_site,15,0.028905931007542476,0.007169465387959846,0.470325
31,0.0,aligned,mi_site,16,0.05582347172368096,0.4384793065117742,0.470325
31,0.0,aligned,mi_site,17,0.02060277075689565,0.42246020959976194,0.470325
31,0.0,aligned,mi_site,18,-0.01618209621920788,0.24462582982434525,0.470325
31,0.0,aligned,mi_site,19,-0.043326614593498736,0.7815155384750324,0.470325
31,0.0,aligned,mi_site,20,-0.00015528878816262193,-0.38663182967736426,0.470325
31,0.0,aligned,mi_site,21,0.016628718310801788,-0.003887777910322003,0.470325
31,0.0,aligned,mi_site,22,-0.0012160056390526893,-0.005124342301451192,0.470325
31,0.0,aligned,mi_site,23,0.013552360865959807,-0.014211625992422896,0.470325
31,0.0,aligned,mi_site,24,0.004570568794383162,0.004150761372067413,0.470325
31,0.0,aligned,mi_site,25,0.002390739481280983,-0.010847161470617426,0.470325
31,0.0,aligned,mi_site,26,0.002315605472785461,-0.004812869255002099,0.470325
31,0.0,aligned,mi_site,27,-0.026452047539294143,0.0028858812166939443,0.470325
31,0.0,aligned,mi_site,28,0.0009025175632216831,0.19593811382792373,0.470325
31,0.0,aligned,mi_site,29,-0.007971871676009178,0.003631788220689096,0.470325
31,0.0,aligned,mi_site,30,0.02793152260085246,-0.000995533531115698,0.470325
31,0.0,aligned,mi_site,31,-0.012388334415746716,0.3449557953488145,0.470325
31,0.0,aligned,mi_site,32,-0.02659643148891905,-0.004627065689906826,0.470325
31,0.0,aligned,mi_site,33,-0.031157459388179307,-0.0022511055765175652,0.470325
31,0.0,aligned,mi_site,34,0.06357823254265497,-0.002383186496200039,0.470325
31,0.0,aligned,mi_site,35,0.044372081313483414,-0.2992924692657073,0.470325
31,0.0,aligned,mi_site,36,-0.036724621694880444,0.32146513597914106,0.470325
31,0.0,aligned,mi_site,37,0.0035817733575625454,-0.22440451542538353,0.470325
31,0.0,aligned,mi_site,38,0.026505429781584322,0.36558829346459504,0.470325
31,0.0,aligned,mi_site,39,0.0540959313277917,0.015532089624732534,0.470325
31,0.0,aligned,mi_site,40,0.05881833584374496,0.5020643870377773,0.470325
31,0.0,aligned,mi_site,41,0.005459464564756544,0.7025897986166448,0.470325
31,0.0,aligned,mi_site,42,-0.02792501479267162,0.7549837170964093,0.470325
31,0.0,aligned,mi_site,43,0.009501319306725708,0.3432880010294352,0.470325
31,0.0,aligned,mi_site,44,0.00650787711357137,-0.5257113675750882,0.470325
31,0.0,aligned,mi_site,45,0.028771017789321045,-0.0011331972839629793,0.470325
31,0.0,aligned,mi_site,46,0.04689510674623182,0.2852087911733363,0.470325
31,0.0,aligned,mi_site,47,0.04482803310574433,0.09834537259481461,0.470325
31,0.0,aligned,mi_site,48,0.005763790289976922,-0.21498777937542546,0.470325
31,0.0,aligned,mi_site,49,-0.037675103989207814,0.9409302230199812,0.470325
31,0.0,aligned,mi_site,50,-0.009135615832363136,-0.18459152393471506,0.470325
31,0.0,aligned,mi_site,51,0.11499183972435287,0.021109322688405117,0.470325
31,0.0,aligned,mi_site,52,-0.0319580330448915,0.0034484203302759084,0.470325
31,0.0,aligned,mi_site,53,0.009577661306102872,0.015456766831270985,0.470325
31,0.0,aligned,mi_site,54,0.03494789590547663,-0.0010756497967201635,0.470325
31,0.0,aligned,mi_site,55,-0.05171102850045706,-0.38880987261590577,0.470325
31,0.0,aligned,mi_site,56,0.06770056819697187,-0.0030933075816178364,0.470325
31,0.0,aligned,mi_site,57,0.05459065727406148,0.2869430908940584,0.470325
31,0.0,aligned,mi_site,58,0.030832708359406436,0.26158204186925527,0.470325
31,0.0,aligned,mi_site,59,-0.062161527937906524,-0.5579203060271428,0.470325
31,0.0,aligned,mi_site,60,0.0004355990203325222,0.6708119775624033,0.470325
31,0.0,aligned,mi_site,61,0.04102749196412657,0.093216804168278,0.470325
31,0.0,aligned,mi_site,62,0.001519585959381703,-0.09540214073422632,0.470325
31,0.0,aligned,mi_site,63,0.006547360952461778,-0.2028575430700417,0.470325
31,0.0,aligned,mi_site,64,0.0006869125130619658,-0.4078888849495736,0.470325
31,0.0,aligned,mi_site,65,-0.004058474876241197,-0.16968000007001321,0.470325
31,0.0,closed,available,0,-0.0033040082355285383,0.2474317096662182,0.470325
31,0.0,closed,available,1,-0.003091322544308941,-0.0022393559393016405,0.470325
31,0.0,closed,available,2,-0.011496957519241739,0.0028861214506728746,0.470325
31,0.0,closed,available,3,0.00047631654939434,0.010483785902958788,0.470325
31,0.0,closed,available,4,-0.005726069105994269,0.3713015724245885,0.470325
31,0.0,closed,available,5,0.0026157737362396015,-0.0022892556902774923,0.470325
31,0.0,closed,available,6,-0.007746918347201178,0.0023753275584706564,0.470325
31,0.0,closed,available,7,0.010555300050076388,0.009106636950198133,0.470325
31,0.0,closed,available,8,-0.00016350743819876223,-0.3220232332282888,0.470325
31,0.0,closed,available,9,0.006068829435279366,0.35352616458232894,0.470325
31,0.0,closed,available,10,-0.0025719130115987032,0.4572369918826809,0.470325
31,0.0,closed,available,11,0.004155407350557098,-0.009933391335968182,0.470325
31,0.0,closed,available,12,-0.0386988904093806,0.2225353710474334,0.470325
31,0.0,closed,available,13,0.0014326106661955995,0.7459385197062475,0.470325
31,0.0,closed,available,14,0.0020003817792549894,0.8310181042134432,0.470325
31,0.0,closed,available,15,0.005153876502254863,0.007169465387959846,0.470325
31,0.0,closed,available,16,0.0012977022994473675,0.4384793065117742,0.470325
31,0.0,closed,available,17,-0.001926986520297047,0.42246020959976194,0.470325
31,0.0,closed,available,18,0.017725400210452852,0.24462582982434525,0.470325
31,0.0,closed,available,19,-0.001554419854311706,0.7815155384750324,0.470325
31,0.0,closed,available,20,-0.0024798308533187097,-0.38663182967736426,0.470325
31,0.0,closed,available,21,0.037992286320847946,-0.003887777910322003,0.470325
31,0.0,closed,available,22,-0.009322071331969536,-0.005124342301451192,0.470325
31,0.0,closed,available,23,0.0033283909563188996,-0.014211625992422896,0.470325
31,0.0,closed,available,24,-0.014000282701385463,0.004150761372067413,0.470325
31,0.0,closed,available,25,0.005529567890943073,-0.010847161470617426,0.470325
31,0.0,closed,available,26,-0.022531913188437058,-0.004812869255002099,0.470325
31,0.0,closed,available,27,-0.009934479255861373,0.0028858812166939443,0.470325
31,0.0,closed,available,28,-0.0033594849297881313,0.19593811382792373,0.470325
31,0.0,closed,available,29,0.0002294897670577947,0.003631788220689096,0.470325
31,0.0,closed,available,30,-0.050298894013657156,-0.000995533531115698,0.470325
31,0.0,closed,available,31,-0.004301567645367044,0.3449557953488145,0.470325
31,0.0,closed,available,32,-0.003894141244771405,-0.004627065689906826,0.470325
31,0.0,closed,available,33,-0.013097551855586666,-0.0022511055765175652,0.470325
31,0.0,closed,available,34,-0.054324580835085186,-0.002383186496200039,0.470325
31,0.0,closed,available,35,-0.0019369503889654083,-0.2992924692657073,0.470325
31,0.0,closed,available,36,-0.012194602290205081,0.32146513597914106,0.470325
31,0.0,closed,available,37,0.0055225802490484754,-0.22440451542538353,0.470325
31,0.0,closed,available,38,-0.005822578885263274,0.36558829346459504,0.470325
31,0.0,closed,available,39,0.023368246331711126,0.015532089624732534,0.470325
31,0.0,closed,available,40,-0.001471076384143788,0.5020643870377773,0.470325
31,0.0,closed,available,41,-0.0011446308218242551,0.7025897986166448,0.470325
31,0.0,closed,available,42,-0.000254672175690418,0.7549837170964093,0.470325
31,0.0,closed,available,43,-0.004600932662947976,0.3432880010294352,0.470325
31,0.0,closed,available,44,0.0015646154960077263,-0.5257113675750882,0.470325
31,0.0,closed,available,45,0.0031424537895850973,-0.0011331972839629793,0.470325
31,0.0,closed,available,46,-0.009946808397596985,0.2852087911733363,0.470325
31,0.0,closed,available,47,-0.007991604006144154,0.09834537259481461,0.470325
31,0.0,closed,available,48,-0.0016699159162918698,-0.21498777937542546,0.470325
31,0.0,closed,available,49,0.00020518317455253676,0.9409302230199812,0.470325
31,0.0,closed,available,50,0.0019186990145210747,-0.18459152393471506,0.470325
31,0.0,closed,available,51,0.010684886715699463,0.021109322688405117,0.470325
31,0.0,closed,available,52,0.005464931929646151,0.0034484203302759084,0.470325
31,0.0,closed,available,53,-0.002309032675768265,0.015456766831270985,0.470325
31,0.0,closed,available,54,0.012548193007384058,-0.0010756497967201635,0.470325
31,0.0,closed,available,55,-0.008785013969619004,-0.38880987261590577,0.470325
31,0.0,closed,available,56,0.003014213025798435,-0.0030933075816178364,0.470325
31,0.0,closed,available,57,-0.01583323724290875,0.2869430908940584,0.470325
31,0.0,closed,available,58,-0.0016779056742796672,0.26158204186925527,0.470325
31,0.0,closed,available,59,-0.002049258948516597,-0.5579203060271428,0.470325
31,0.0,closed,available,60,0.008752208915003945,0.6708119775624033,0.470325
31,0.0,closed,available,61,-0.017837071378369346,0.093216804168278,0.470325
31,0.0,closed,available,62,0.0066104712289076495,-0.09540214073422632,0.470325
31,0.0,closed,available,63,-0.0050782706227212315,-0.2028575430700417,0.470325
31,0.0,closed,available,64,-0.002351874379741603,-0.4078888849495736,0.470325
31,0.0,closed,available,65,-0.000992301303974541,-0.16968000007001321,0.470325
31,0.0,closed,mi_obs,0,0.008331848797738683,0.2474317096662182,0.470325
31,0.0,closed,mi_obs,1,0.013272370260932259,-0.0022393559393016405,0.470325
31,0.0,closed,mi_obs,2,-0.03838051620136074,0.0028861214506728746,0.470325
31,0.0,closed,mi_obs,3,0.00798686700463379,0.010483785902958788,0.470325
31,0.0,closed,mi_obs,4,0.015148159878209444,0.3713015724245885,0.470325
31,0.0,closed,mi_obs,5,-0.001492840843572272,-0.0022892556902774923,0.470325
31,0.0,closed,mi_obs,6,-0.020502311129299296,0.0023753275584706564,0.470325
31,0.0,closed,mi_obs,7,0.015101723720455793,0.009106636950198133,0.470325
31,0.0,closed,mi_obs,8,-0.03014409801390866,-0.3220232332282888,0.470325
31,0.0,closed,mi_obs,9,0.018407722638622392,0.35352616458232894,0.470325
31,0.0,closed,mi_obs,10,0.012175183038312387,0.4572369918826809,0.470325
31,0.0,closed,mi_obs,11,-0.002150249299808173,-0.009933391335968182,0.470325
31,0.0,closed,mi_obs,12,0.027463755309795918,0.2225353710474334,0.470325
31,0.0,closed,mi_obs,13,0.032140117324713,0.7459385197062475,0.470325
31,0.0,closed,mi_obs,14,0.020457827442842524,0.8310181042134432,0.470325
31,0.0,closed,mi_obs,15,0.008253750204944586,0.007169465387959846,0.470325
31,0.0,closed,mi_obs,16,0.07379683105096363,0.4384793065117742,0.470325
31,0.0,closed,mi_obs,17,0.01477435814009831,0.42246020959976194,0.470325
31,0.0,closed,mi_obs,18,-0.0013294733919726465,0.24462582982434525,0.470325
31,0.0,closed,mi_obs,19,0.01897213704475864,0.7815155384750324,0.470325
31,0.0,closed,mi_obs,20,-0.009612275077579613,-0.38663182967736426,0.470325
31,0.0,closed,mi_obs,21,0.08246772820767813,-0.003887777910322003,0.470325
31,0.0,closed,mi_obs,22,-0.018238382605527865,-0.005124342301451192,0.470325
31,0.0,closed,mi_obs,23,0.0026380535929385798,-0.014211625992422896,0.470325
31,0.0,closed,mi_obs,24,0.0022541911899749204,0.004150761372067413,0.470325
31,0.0,closed,mi_obs,25,-0.010923284712043612,-0.010847161470617426,0.470325
31,0.0,closed,mi_obs,26,-0.031052330328790047,-0.004812869255002099,0.470325
31,0.0,closed,mi_obs,27,-0.039531508931557456,0.0028858812166939443,0.470325
31,0.0,closed,mi_obs,28,0.02635287674264697,0.19593811382792373,0.470325
31,0.0,closed,mi_obs,29,0.02001145425795025,0.003631788220689096,0.470325
31,0.0,closed,mi_obs,30,-0.052937384063109674,-0.000995533531115698,0.470325
31,0.0,closed,mi_obs,31,0.003096880162734239,0.3449557953488145,0.470325
31,0.0,closed,mi_obs,32,-0.04250716290376167,-0.004627065689906826,0.470325
31,0.0,closed,mi_obs,33,0.014391853944280972,-0.0022511055765175652,0.470325
31,0.0,closed,mi_obs,34,-0.03048396216222889,-0.002383186496200039,0.470325
31,0.0,closed,mi_obs,35,-0.026349867984922504,-0.2992924692657073,0.470325
31,0.0,closed,mi_obs,36,-0.013161229419279163,0.32146513597914106,0.470325
31,0.0,closed,mi_obs,37,-0.08170562141513665,-0.22440451542538353,0.470325
31,0.0,closed,mi_obs,38,0.04483877391312102,0.36558829346459504,0.470325
31,0.0,closed,mi_obs,39,0.03931872696620929,0.015532089624732534,0.470325
31,0.0,closed,mi_obs,40,0.09240946406132755,0.5020643870377773,0.470325
31,0.0,closed,mi_obs,41,-0.010839349528478981,0.7025897986166448,0.470325
31,0.0,closed,mi_obs,42,0.009755932095102615,0.7549837170964093,0.470325
31,0.0,closed,mi_obs,43,0.03618160745998167,0.3432880010294352,0.470325
31,0.0,closed,mi_obs,44,-0.007773128955339437,-0.5257113675750882,0.470325
31,0.0,closed,mi_obs,45,0.0006148976198740876,-0.0011331972839629793,0.470325
31,0.0,closed,mi_obs,46,0.03773912427497911,0.2852087911733363,0.470325
31,0.0,closed,mi_obs,47,0.027815251027725238,0.09834537259481461,0.470325
31,0.0,closed,mi_obs,48,0.007625658086480996,-0.21498777937542546,0.470325
31,0.0,closed,mi_obs,49,0.01806808310238517,0.9409302230199812,0.470325
31,0.0,closed,mi_obs,50,-0.01755624747253204,-0.18459152393471506,0.470325
31,0.0,closed,mi_obs,51,0.14870462414641142,0.021109322688405117,0.470325
31,0.0,closed,mi_obs,52,-0.10380478100407453,0.0034484203302759084,0.470325
31,0.0,closed,mi_obs,53,0.016248294592279937,0.015456766831270985,0.470325
31,0.0,closed,mi_obs,54,0.005111761978368025,-0.0010756497967201635,0.470325
31,0.0,closed,mi_obs,55,-0.0762331463266937,-0.38880987261590577,0.470325
31,0.0,closed,mi_obs,56,0.036226046674686554,-0.0030933075816178364,0.470325
31,0.0,closed,mi_obs,57,0.06399446398756081,0.2869430908940584,0.470325
31,0.0,closed,mi_obs,58,0.02956549373078965,0.26158204186925527,0.470325
31,0.0,closed,mi_obs,59,-0.09139700209316526,-0.5579203060271428,0.470325
31,0.0,closed,mi_obs,60,0.0012287817314401428,0.6708119775624033,0.470325
31,0.0,closed,mi_obs,61,0.013540989719294808,0.093216804168278,0.470325
31,0.0,closed,mi_obs,62,0.05050069757728774,-0.09540214073422632,0.470325
31,0.0,closed,mi_obs,63,0.005682232511819624,-0.2028575430700417,0.470325
31,0.0,closed,mi_obs,64,-0.00027444962705192033,-0.4078888849495736,0.470325
31,0.0,closed,mi_obs,65,-0.013700849377553559,-0.16968000007001321,0.470325
31,0.0,closed,mi_class,0,-0.013550823539457135,0.2474317096662182,0.470325
31,0.0,closed,mi_class,1,-0.00879853745416654,-0.0022393559393016405,0.470325
31,0.0,closed,mi_class,2,-0.02774902685757868,0.0028861214506728746,0.470325
31,0.0,closed,mi_class,3,0.005331026243425846,0.010483785902958788,0.470325
31,0.0,closed,mi_class,4,-0.056276539795891034,0.3713015724245885,0.470325
31,0.0,closed,mi_class,5,-0.0016992709614390496,-0.0022892556902774923,0.470325
31,0.0,closed,mi_class,6,0.026875822572160053,0.0023753275584706564,0.470325
31,0.0,closed,mi_class,7,0.024717529466468737,0.009106636950198133,0.470325
31,0.0,closed,mi_class,8,0.023301170554939077,-0.3220232332282888,0.470325
31,0.0,closed,mi_class,9,-0.1747634818864625,0.35352616458232894,0.470325
31,0.0,closed,mi_class,10,-0.011957284296653714,0.4572369918826809,0.470325
31,0.0,closed,mi_class,11,0.01671379061054308,-0.009933391335968182,0.470325
31,0.0,closed,mi_class,12,0.00751844536055335,0.2225353710474334,0.470325
31,0.0,closed,mi_class,13,-0.25695426471110466,0.7459385197062475,0.470325
31,0.0,closed,mi_class,14,-0.19325227742553197,0.8310181042134432,0.470325
31,0.0,closed,mi_class,15,0.008726221804143555,0.007169465387959846,0.470325
31,0.0,closed,mi_class,16,-0.04192845811106494,0.4384793065117742,0.470325
31,0.0,closed,mi_class,17,-0.0780891099982235,0.42246020959976194,0.470325
31,0.0,closed,mi_class,18,0.011662350204936195,0.24462582982434525,0.470325
31,0.0,closed,mi_class,19,-0.3722006368489906,0.7815155384750324,0.470325
31,0.0,closed,mi_class,20,0.024141212468698603,-0.38663182967736426,0.470325
31,0.0,closed,mi_class,21,0.012577454416247063,-0.003887777910322003,0.470325
31,0.0,closed,mi_class,22,0.0034059770821787887,-0.005124342301451192,0.470325
31,0.0,closed,mi_class,23,0.011683071832470117,-0.014211625992422896,0.470325
31,0.0,closed,mi_class,24,-0.003910438994126673,0.004150761372067413,0.470325
31,0.0,closed,mi_class,25,-0.0038700440293292435,-0.010847161470617426,0.470325
31,0.0,closed,mi_class,26,0.005949886850073588,-0.004812869255002099,0.470325
31,0.0,closed,mi_class,27,0.06898395087240826,0.0028858812166939443,0.470325
31,0.0,closed,mi_class,28,0.6426808716611422,0.19593811382792373,0.470325
31,0.0,closed,mi_class,29,-0.0063620561194171164,0.003631788220689096,0.470325
31,0.0,closed,mi_class,30,-0.031130969806234313,-0.000995533531115698,0.470325
31,0.0,closed,mi_class,31,-0.017867221140028977,0.3449557953488145,0.470325
31,0.0,closed,mi_class,32,0.006163728562862691,-0.004627065689906826,0.470325
31,0.0,closed,mi_class,33,-0.004772528030685849,-0.0022511055765175652,0.470325
31,0.0,closed,mi_class,34,-0.014780279383099303,-0.002383186496200039,0.470325
31,0.0,closed,mi_class,35,-0.054674750095214275,-0.2992924692657073,0.470325
31,0.0,closed,mi_class,36,-0.13676915718629934,0.32146513597914106,0.470325
31,0.0,closed,mi_class,37,0.03333825343821892,-0.22440451542538353,0.470325
31,0.0,closed,mi_class,38,-0.0524263277160264,0.36558829346459504,0.470325
31,0.0,closed,mi_class,39,-0.0016818585523556903,0.015532089624732534,0.470325
31,0.0,closed,mi_class,40,-0.09354859541417004,0.5020643870377773,0.470325
31,0.0,closed,mi_class,41,-0.08048686163135432,0.7025897986166448,0.470325
31,0.0,closed,mi_class,42,-0.16483357200408222,0.7549837170964093,0.470325
31,0.0,closed,mi_class,43,-0.20991911505106384,0.3432880010294352,0.470325
31,0.0,closed,mi_class,44,0.15135486673259452,-0.5257113675750882,0.470325
31,0.0,closed,mi_class,45,0.003645768963630353,-0.0011331972839629793,0.470325
31,0.0,closed,mi_class,46,0.022679067802736597,0.2852087911733363,0.470325
31,0.0,closed,mi_class,47,0.01864096558387432,0.09834537259481461,0.470325
31,0.0,closed,mi_class,48,0.03136559587384391,-0.21498777937542546,0.470325
31,0.0,closed,mi_class,49,-0.5256181762819827,0.9409302230199812,0.470325
31,0.0,closed,mi_class,50,0.03532639336636548,-0.18459152393471506,0.470325
31,0.0,closed,mi_class,51,0.0788512578828039,0.021109322688405117,0.470325
31,0.0,closed,mi_class,52,0.00798145665544971,0.0034484203302759084,0.470325
31,0.0,closed,mi_class,53,0.009761303425189672,0.015456766831270985,0.470325
31,0.0,closed,mi_class,54,0.005926882766900665,-0.0010756497967201635,0.470325
31,0.0,closed,mi_class,55,0.10249384527908428,-0.38880987261590577,0.470325
31,0.0,closed,mi_class,56,0.04323636443581735,-0.0030933075816178364,0.470325
31,0.0,closed,mi_class,57,-0.036511541333123676,0.2869430908940584,0.470325
31,0.0,closed,mi_class,58,-0.1495204457389831,0.26158204186925527,0.470325
31,0.0,closed,mi_class,59,0.10196304712020815,-0.5579203060271428,0.470325
31,0.0,closed,mi_class,60,-0.05044027903708759,0.6708119775624033,0.470325
31,0.0,closed,mi_class,61,-0.049118660974863296,0.093216804168278,0.470325
31,0.0,closed,mi_class,62,0.025191157856287213,-0.09540214073422632,0.470325
31,0.0,closed,mi_class,63,0.159943671944581,-0.2028575430700417,0.470325
31,0.0,closed,mi_class,64,0.022903315143431302,-0.4078888849495736,0.470325
31,0.0,closed,mi_class,65,0.07120759764583603,-0.16968000007001321,0.470325
31,0.0,closed,mi_site,0,0.008740409886333622,0.2474317096662182,0.470325
31,0.0,closed,mi_site,1,0.023063984311966677,-0.0022393559393016405,0.470325
31,0.0,closed,mi_site,2,-0.04248872284751813,0.0028861214506728746,0.470325
31,0.0,closed,mi_site,3,0.013144203284776277,0.010483785902958788,0.470325
31,0.0,closed,mi_site,4,0.01656244788866401,0.3713015724245885,0.470325
31,0.0,closed,mi_site,5,0.008845141289578633,-0.0022892556902774923,0.470325
31,0.0,closed,mi_site,6,-0.0032761209025719724,0.0023753275584706564,0.470325
31,0.0,closed,mi_site,7,0.015097701796381924,0.009106636950198133,0.470325
31,0.0,closed,mi_site,8,-0.01733654401209389,-0.3220232332282888,0.470325
31,0.0,closed,mi_site,9,0.020129635934594547,0.35352616458232894,0.470325
31,0.0,closed,mi_site,10,0.006419269187303733,0.4572369918826809,0.470325
31,0.0,closed,mi_site,11,-0.0001309605856224319,-0.009933391335968182,0.470325
31,0.0,closed,mi_site,12,-0.01594650859491012,0.2225353710474334,0.470325
31,0.0,closed,mi_site,13,0.03151823500775597,0.7459385197062475,0.470325
31,0.0,closed,mi_site,14,0.014902877048628915,0.8310181042134432,0.470325
31,0.0,closed,mi_site,15,0.028051233627580864,0.007169465387959846,0.470325
31,0.0,closed,mi_site,16,0.05698854437707773,0.4384793065117742,0.470325
31,0.0,closed,mi_site,17,0.015434157833930484,0.42246020959976194,0.470325
31,0.0,closed,mi_site,18,0.007286666354106158,0.24462582982434525,0.470325
31,0.0,closed,mi_site,19,0.016779358660765076,0.7815155384750324,0.470325
31,0.0,closed,mi_site,20,-0.009033577412056182,-0.38663182967736426,0.470325
31,0.0,closed,mi_site,21,0.05569338303441345,-0.003887777910322003,0.470325
31,0.0,closed,mi_site,22,-0.021308079371729828,-0.005124342301451192,0.470325
31,0.0,closed,mi_site,23,0.002386721243071332,-0.014211625992422896,0.470325
31,0.0,closed,mi_site,24,0.006995932787897905,0.004150761372067413,0.470325
31,0.0,closed,mi_site,25,-0.0038582041053607467,-0.010847161470617426,0.470325
31,0.0,closed,mi_site,26,-0.027618288696158434,-0.004812869255002099,0.470325
31,0.0,closed,mi_site,27,-0.034309578611670236,0.0028858812166939443,0.470325
31,0.0,closed,mi_site,28,0.019529506458464185,0.19593811382792373,0.470325
31,0.0,closed,mi_site,29,0.011043498443304219,0.003631788220689096,0.470325
31,0.0,closed,mi_site,30,-0.05194857712385301,-0.000995533531115698,0.470325
31,0.0,closed,mi_site,31,-0.02219623025493561,0.3449557953488145,0.470325
31,0.0,closed,mi_site,32,0.0014675784211312,-0.004627065689906826,0.470325
31,0.0,closed,mi_site,33,-0.0002305198035494234,-0.0022511055765175652,0.470325
31,0.0,closed,mi_site,34,-0.02331647892019495,-0.002383186496200039,0.470325
31,0.0,closed,mi_site,35,-0.019595788479232823,-0.2992924692657073,0.470325
31,0.0,closed,mi_site,36,-0.0275186881984415,0.32146513597914106,0.470325
31,0.0,closed,mi_site,37,-0.04792366065955589,-0.22440451542538353,0.470325
31,0.0,closed,mi_site,38,0.0440633408756777,0.36558829346459504,0.470325
31,0.0,closed,mi_site,39,0.05560442429581799,0.015532089624732534,0.470325
31,0.0,closed,mi_site,40,0.0706729274030492,0.5020643870377773,0.470325
31,0.0,closed,mi_site,41,-0.009907408963906739,0.7025897986166448,0.470325
31,0.0,closed,mi_site,42,0.00032781049410623986,0.7549837170964093,0.470325
31,0.0,closed,mi_site,43,0.03697704162387977,0.3432880010294352,0.470325
31,0.0,closed,mi_site,44,-0.011464720797945027,-0.5257113675750882,0.470325
31,0.0,closed,mi_site,45,0.01998442169534161,-0.0011331972839629793,0.470325
31,0.0,closed,mi_site,46,0.027786056793773883,0.2852087911733363,0.470325
31,0.0,closed,mi_site,47,0.027340492191481727,0.09834537259481461,0.470325
31,0.0,closed,mi_site,48,0.01018639299967275,-0.21498777937542546,0.470325
31,0.0,closed,mi_site,49,0.017294836091498178,0.9409302230199812,0.470325
31,0.0,closed,mi_site,50,-0.015039870053916604,-0.18459152393471506,0.470325
31,0.0,closed,mi_site,51,0.14316686183092642,0.021109322688405117,0.470325
31,0.0,closed,mi_site,52,-0.07617007888838986,0.0034484203302759084,0.470325
31,0.0,closed,mi_site,53,0.027773130892949548,0.015456766831270985,0.470325
31,0.0,closed,mi_site,54,0.02381696180495039,-0.0010756497967201635,0.470325
31,0.0,closed,mi_site,55,-0.07957907790007474,-0.38880987261590577,0.470325
31,0.0,closed,mi_site,56,0.030112701648734714,-0.0030933075816178364,0.470325
31,0.0,closed,mi_site,57,0.038359200822559836,0.2869430908940584,0.470325
31,0.0,closed,mi_site,58,0.016564442830358295,0.26158204186925527,0.470325
31,0.0,closed,mi_site,59,-0.07461889845970882,-0.5579203060271428,0.470325
31,0.0,closed,mi_site,60,-0.0016458481482618526,0.6708119775624033,0.470325
31,0.0,closed,mi_site,61,0.01925474876689459,0.093216804168278,0.470325
31,0.0,closed,mi_site,62,0.037298073507701784,-0.09540214073422632,0.470325
31,0.0,closed,mi_site,63,0.010628497734819914,-0.2028575430700417,0.470325
31,0.0,closed,mi_site,64,-0.0018185716100623806,-0.4078888849495736,0.470325
31,0.0,closed,mi_site,65,-0.010628376027665087,-0.16968000007001321,0.470325
31,1.0,aligned,available,0,-0.006195297533449523,0.25107207678948307,0.470325
31,1.0,aligned,available,1,-0.012064729066442185,-0.010114713960482434,0.470325
31,1.0,aligned,available,2,0.01012277867967068,0.00532765994026166,0.470325
31,1.0,aligned,available,3,-0.0017038230008312588,0.01040449845267085,0.470325
31,1.0,aligned,available,4,0.0030456971377122444,0.37799490463442875,0.470325
31,1.0,aligned,available,5,0.0050942096323032746,-0.0013343520955222613,0.470325
31,1.0,aligned,available,6,-0.0018121916237478263,0.004260405050954116,0.470325
31,1.0,aligned,available,7,0.004903155050605984,0.008038370846039459,0.470325
31,1.0,aligned,available,8,0.008631701366232203,-0.32882219401072543,0.470325
31,1.0,aligned,available,9,-0.014234036624242552,0.35798780844703354,0.470325
31,1.0,aligned,available,10,0.007135276364826415,0.4623238951216145,0.470325
31,1.0,aligned,available,11,0.006861774393995713,-0.011358516396653381,0.470325
31,1.0,aligned,available,12,0.02214409226715333,0.22229157458263796,0.470325
31,1.0,aligned,available,13,-0.003064436506020396,0.7465182147381775,0.470325
31,1.0,aligned,available,14,-0.004288482939714733,0.8317525384282042,0.470325
31,1.0,aligned,available,15,0.011242975665329839,0.005617290895621087,0.470325
31,1.0,aligned,available,16,-0.0021278221300656264,0.4433962873112324,0.470325
31,1.0,aligned,available,17,0.005564148754384657,0.41970091664797415,0.470325
31,1.0,aligned,available,18,0.0006872137172494464,0.24205092818561352,0.470325
31,1.0,aligned,available,19,-0.0038606756052960156,0.7821355439896175,0.470325
31,1.0,aligned,available,20,-0.003467865768122913,-0.38304594695416344,0.470325
31,1.0,aligned,available,21,-0.0037758637458233622,-0.004246529566194621,0.470325
31,1.0,aligned,available,22,0.0069088345449255665,-0.005269631983342969,0.470325
31,1.0,aligned,available,23,0.00893209272904166,-0.016763964571575703,0.470325
31,1.0,aligned,available,24,0.010225235646229566,0.005504724492805608,0.470325
31,1.0,aligned,available,25,-0.008163437834700311,-0.009942969715536803,0.470325
31,1.0,aligned,available,26,0.016093994538074887,-0.0041091764850821845,0.470325
31,1.0,aligned,available,27,-0.010334982610923048,0.005005388958871418,0.470325
31,1.0,aligned,available,28,0.0009033157818599258,0.19598223111809307,0.470325
31,1.0,aligned,available,29,-0.009503145466642993,-0.0002903015597151612,0.470325
31,1.0,aligned,available,30,-0.0002983743209107896,-0.001002478342132155,0.470325
31,1.0,aligned,available,31,0.016773477244809376,0.34434241901314144,0.470325
31,1.0,aligned,available,32,-0.015317130046972934,-0.004251156360366163,0.470325
31,1.0,aligned,available,33,-0.03943588666910005,-0.0022398167987062183,0.470325
31,1.0,aligned,available,34,0.04236001183973755,-0.002383186496200039,0.470325
31,1.0,aligned,available,35,-0.00044641506047538027,-0.2992168034050037,0.470325
31,1.0,aligned,available,36,-0.0001647199811338762,0.32098758009542266,0.470325
31,1.0,aligned,available,37,0.00387999046355908,-0.22137080843652712,0.470325
31,1.0,aligned,available,38,-0.007072401123172034,0.36694992410943195,0.470325
31,1.0,aligned,available,39,0.0031163586579705978,0.013238565566493138,0.470325
31,1.0,aligned,available,40,-0.005169931995482546,0.5059804078114355,0.470325
31,1.0,aligned,available,41,0.004082042271655872,0.6997073142233273,0.470325
31,1.0,aligned,available,42,0.008924304803325622,0.7530487947844663,0.470325
31,1.0,aligned,available,43,-0.009112845846008022,0.3446034130932057,0.470325
31,1.0,aligned,available,44,0.006446339441422588,-0.5250815050303425,0.470325
31,1.0,aligned,available,45,0.0012097506740446342,-0.001991782455916862,0.470325
31,1.0,aligned,available,46,-0.006000447400023701,0.2895066127847372,0.470325
31,1.0,aligned,available,47,-0.0006051450722340673,0.09695376891820509,0.470325
31,1.0,aligned,available,48,0.007538603092636292,-0.21711022636678318,0.470325
31,1.0,aligned,available,49,-0.0018200935141275965,0.9406825055740728,0.470325
31,1.0,aligned,available,50,0.007765125907615772,-0.1789973340993071,0.470325
31,1.0,aligned,available,51,0.0009055854065349381,0.0158409767119501,0.470325
31,1.0,aligned,available,52,-0.0004484366638695756,0.003984210273627349,0.470325
31,1.0,aligned,available,53,-0.0075239364519601335,0.013531675260178823,0.470325
31,1.0,aligned,available,54,0.004804022581092083,-0.0014795595371383142,0.470325
31,1.0,aligned,available,55,-0.004301203438535961,-0.3873288497960734,0.470325
31,1.0,aligned,available,56,0.005602308790910648,-0.005075319232050138,0.470325
31,1.0,aligned,available,57,0.008856030097975032,0.28723065012151744,0.470325
31,1.0,aligned,available,58,-0.014406497903504067,0.26580982569810213,0.470325
31,1.0,aligned,available,59,0.001148362840854622,-0.5568760576573002,0.470325
31,1.0,aligned,available,60,0.018008300272722377,0.6684685512689622,0.470325
31,1.0,aligned,available,61,-0.0034235139251440477,0.09208504406045444,0.470325
31,1.0,aligned,available,62,0.0002804611958495823,-0.09406926500684076,0.470325
31,1.0,aligned,available,63,-0.002349373379967934,-0.20448038227619444,0.470325
31,1.0,aligned,available,64,0.0046289696109870215,-0.4119711822679986,0.470325
31,1.0,aligned,available,65,0.003716019418667671,-0.1654021695901528,0.470325
31,1.0,aligned,mi_obs,0,-0.0037212725017137516,0.25107207678948307,0.470325
31,1.0,aligned,mi_obs,1,-0.03038848646828478,-0.010114713960482434,0.470325
31,1.0,aligned,mi_obs,2,0.04870552320810633,0.00532765994026166,0.470325
31,1.0,aligned,mi_obs,3,0.000731633901819146,0.01040449845267085,0.470325
31,1.0,aligned,mi_obs,4,0.00563620040049162,0.37799490463442875,0.470325
31,1.0,aligned,mi_obs,5,0.01016817753742348,-0.0013343520955222613,0.470325
31,1.0,aligned,mi_obs,6,0.0075510722121388575,0.004260405050954116,0.470325
31,1.0,aligned,mi_obs,7,-0.007253522709214845,0.008038370846039459,0.470325
31,1.0,aligned,mi_obs,8,-0.039435450159486185,-0.32882219401072543,0.470325
31,1.0,aligned,mi_obs,9,0.0025417628596249853,0.35798780844703354,0.470325
31,1.0,aligned,mi_obs,10,0.01482352238870338,0.4623238951216145,0.470325
31,1.0,aligned,mi_obs,11,-0.03370956628449388,-0.011358516396653381,0.470325
31,1.0,aligned,mi_obs,12,0.10169267764094811,0.22229157458263796,0.470325
31,1.0,aligned,mi_obs,13,0.030520514233945084,0.7465182147381775,0.470325
31,1.0,aligned,mi_obs,14,0.019855473917106403,0.8317525384282042,0.470325
31,1.0,aligned,mi_obs,15,0.0027552490234815227,0.005617290895621087,0.470325
31,1.0,aligned,mi_obs,16,0.08594465578504673,0.4433962873112324,0.470325
31,1.0,aligned,mi_obs,17,0.016640809516739408,0.41970091664797415,0.470325
31,1.0,aligned,mi_obs,18,-0.006257297158922703,0.24205092818561352,0.470325
31,1.0,aligned,mi_obs,19,0.0198314218356751,0.7821355439896175,0.470325
31,1.0,aligned,mi_obs,20,-0.011891735295080585,-0.38304594695416344,0.470325
31,1.0,aligned,mi_obs,21,0.05809254451182287,-0.004246529566194621,0.470325
31,1.0,aligned,mi_obs,22,-0.02861057056887491,-0.005269631983342969,0.470325
31,1.0,aligned,mi_obs,23,-0.0159918426345233,-0.016763964571575703,0.470325
31,1.0,aligned,mi_obs,24,0.02488181396852917,0.005504724492805608,0.470325
31,1.0,aligned,mi_obs,25,-0.018031830738111432,-0.009942969715536803,0.470325
31,1.0,aligned,mi_obs,26,-0.0207147362090255,-0.0041091764850821845,0.470325
31,1.0,aligned,mi_obs,27,-0.04275082103902999,0.005005388958871418,0.470325
31,1.0,aligned,mi_obs,28,0.00873476987005306,0.19598223111809307,0.470325
31,1.0,aligned,mi_obs,29,-0.005043592026935854,-0.0002903015597151612,0.470325
31,1.0,aligned,mi_obs,30,0.004627838779754883,-0.001002478342132155,0.470325
31,1.0,aligned,mi_obs,31,0.08143673972310639,0.34434241901314144,0.470325
31,1.0,aligned,mi_obs,32,-0.05460094418297036,-0.004251156360366163,0.470325
31,1.0,aligned,mi_obs,33,-0.03603411676459295,-0.0022398167987062183,0.470325
31,1.0,aligned,mi_obs,34,0.07532654150467742,-0.002383186496200039,0.470325
31,1.0,aligned,mi_obs,35,-0.017522102321200272,-0.2992168034050037,0.470325
31,1.0,aligned,mi_obs,36,0.05133983880352849,0.32098758009542266,0.470325
31,1.0,aligned,mi_obs,37,-0.019870502808773782,-0.22137080843652712,0.470325
31,1.0,aligned,mi_obs,38,0.0418469726962184,0.36694992410943195,0.470325
31,1.0,aligned,mi_obs,39,0.03202732519122992,0.013238565566493138,0.470325
31,1.0,aligned,mi_obs,40,0.09814987312117951,0.5059804078114355,0.470325
31,1.0,aligned,mi_obs,41,-0.0024512674444348015,0.6997073142233273,0.470325
31,1.0,aligned,mi_obs,42,0.007648452074088152,0.7530487947844663,0.470325
31,1.0,aligned,mi_obs,43,0.03863099458294983,0.3446034130932057,0.470325
31,1.0,aligned,mi_obs,44,-0.006638049938326063,-0.5250815050303425,0.470325
31,1.0,aligned,mi_obs,45,0.004385355623349117,-0.001991782455916862,0.470325
31,1.0,aligned,mi_obs,46,0.05275128397128198,0.2895066127847372,0.470325
31,1.0,aligned,mi_obs,47,0.0281604464239833,0.09695376891820509,0.470325
31,1.0,aligned,mi_obs,48,0.0020154311217466803,-0.21711022636678318,0.470325
31,1.0,aligned,mi_obs,49,0.018312818130062136,0.9406825055740728,0.470325
31,1.0,aligned,mi_obs,50,-0.018038187695742225,-0.1789973340993071,0.470325
31,1.0,aligned,mi_obs,51,0.13179206323515405,0.0158409767119501,0.470325
31,1.0,aligned,mi_obs,52,-0.09545618743031405,0.003984210273627349,0.470325
31,1.0,aligned,mi_obs,53,0.007980646938443237,0.013531675260178823,0.470325
31,1.0,aligned,mi_obs,54,0.00799123157556588,-0.0014795595371383142,0.470325
31,1.0,aligned,mi_obs,55,-0.06022687304668517,-0.3873288497960734,0.470325
31,1.0,aligned,mi_obs,56,0.05421025993454684,-0.005075319232050138,0.470325
31,1.0,aligned,mi_obs,57,0.06376137360962875,0.28723065012151744,0.470325
31,1.0,aligned,mi_obs,58,0.04902647930965276,0.26580982569810213,0.470325
31,1.0,aligned,mi_obs,59,-0.07758302377461701,-0.5568760576573002,0.470325
31,1.0,aligned,mi_obs,60,0.004951316516226045,0.6684685512689622,0.470325
31,1.0,aligned,mi_obs,61,0.024990162937208862,0.09208504406045444,0.470325
31,1.0,aligned,mi_obs,62,0.034073791427772865,-0.09406926500684076,0.470325
31,1.0,aligned,mi_obs,63,0.0027859818857148277,-0.20448038227619444,0.470325
31,1.0,aligned,mi_obs,64,-0.0008187838961647431,-0.4119711822679986,0.470325
31,1.0,aligned,mi_obs,65,-0.0146537363795394,-0.1654021695901528,0.470325
31,1.0,aligned,mi_class,0,-0.045859040577539284,0.25107207678948307,0.470325
31,1.0,aligned,mi_class,1,-0.004461126099835341,-0.010114713960482434,0.470325
31,1.0,aligned,mi_class,2,0.03015005276658568,0.00532765994026166,0.470325
31,1.0,aligned,mi_class,3,0.005047509526224207,0.01040449845267085,0.470325
31,1.0,aligned,mi_class,4,-0.08794157581870543,0.37799490463442875,0.470325
31,1.0,aligned,mi_class,5,0.0009792410516422264,-0.0013343520955222613,0.470325
31,1.0,aligned,mi_class,6,-0.13165395351653342,0.004260405050954116,0.470325
31,1.0,aligned,mi_class,7,-0.030537427214132114,0.008038370846039459,0.470325
31,1.0,aligned,mi_class,8,0.052282341117126374,-0.32882219401072543,0.470325
31,1.0,aligned,mi_class,9,-0.047147216672759895,0.35798780844703354,0.470325
31,1.0,aligned,mi_class,10,-0.058283624883816554,0.4623238951216145,0.470325
31,1.0,aligned,mi_class,11,0.011311157425022506,-0.011358516396653381,0.470325
31,1.0,aligned,mi_class,12,-0.041759771015357466,0.22229157458263796,0.470325
31,1.0,aligned,mi_class,13,-0.2461433637894237,0.7465182147381775,0.470325
31,1.0,aligned,mi_class,14,-0.21658023366468693,0.8317525384282042,0.470325
31,1.0,aligned,mi_class,15,0.0028179287358721964,0.005617290895621087,0.470325
31,1.0,aligned,mi_class,16,-0.3079000895681563,0.4433962873112324,0.470325
31,1.0,aligned,mi_class,17,-0.10570129229373115,0.41970091664797415,0.470325
31,1.0,aligned,mi_class,18,0.0006265631033621488,0.24205092818561352,0.470325
31,1.0,aligned,mi_class,19,-0.023304423313131872,0.7821355439896175,0.470325
31,1.0,aligned,mi_class,20,0.023275562851087672,-0.38304594695416344,0.470325
31,1.0,aligned,mi_class,21,0.011368763798386663,-0.004246529566194621,0.470325
31,1.0,aligned,mi_class,22,-0.0044713716547024615,-0.005269631983342969,0.470325
31,1.0,aligned,mi_class,23,-0.004796972301833454,-0.016763964571575703,0.470325
31,1.0,aligned,mi_class,24,-0.005628163522309157,0.005504724492805608,0.470325
31,1.0,aligned,mi_class,25,0.13616329977504002,-0.009942969715536803,0.470325
31,1.0,aligned,mi_class,26,0.03577897902986386,-0.0041091764850821845,0.470325
31,1.0,aligned,mi_class,27,0.11696232732810928,0.005005388958871418,0.470325
31,1.0,aligned,mi_class,28,0.058500486075113184,0.19598223111809307,0.470325
31,1.0,aligned,mi_class,29,-0.016197123805997114,-0.0002903015597151612,0.470325
31,1.0,aligned,mi_class,30,0.13686444326820252,-0.001002478342132155,0.470325
31,1.0,aligned,mi_class,31,-0.08304956476266634,0.34434241901314144,0.470325
31,1.0,aligned,mi_class,32,0.05595955327230791,-0.004251156360366163,0.470325
31,1.0,aligned,mi_class,33,-0.022374536804904907,-0.0022398167987062183,0.470325
31,1.0,aligned,mi_class,34,0.008115260844026955,-0.002383186496200039,0.470325
31,1.0,aligned,mi_class,35,0.0020539650803417797,-0.2992168034050037,0.470325
31,1.0,aligned,mi_class,36,-0.03422954875916345,0.32098758009542266,0.470325
31,1.0,aligned,mi_class,37,0.07173287354912597,-0.22137080843652712,0.470325
31,1.0,aligned,mi_class,38,-0.049494863348482854,0.36694992410943195,0.470325
31,1.0,aligned,mi_class,39,0.007481512319556006,0.013238565566493138,0.470325
31,1.0,aligned,mi_class,40,-0.11642779035324718,0.5059804078114355,0.470325
31,1.0,aligned,mi_class,41,-0.0637384708872708,0.6997073142233273,0.470325
31,1.0,aligned,mi_class,42,-0.15943865892082465,0.7530487947844663,0.470325
31,1.0,aligned,mi_class,43,-0.09492005119892055,0.3446034130932057,0.470325
31,1.0,aligned,mi_class,44,0.14240619118610293,-0.5250815050303425,0.470325
31,1.0,aligned,mi_class,45,0.0006224732140384054,-0.001991782455916862,0.470325
31,1.0,aligned,mi_class,46,-0.052029120777302235,0.2895066127847372,0.470325
31,1.0,aligned,mi_class,47,-0.03239612173014102,0.09695376891820509,0.470325
31,1.0,aligned,mi_class,48,0.020591693945458817,-0.21711022636678318,0.470325
31,1.0,aligned,mi_class,49,-0.17971662791149123,0.9406825055740728,0.470325
31,1.0,aligned,mi_class,50,0.028322067897291775,-0.1789973340993071,0.470325
31,1.0,aligned,mi_class,51,0.03212406652772158,0.0158409767119501,0.470325
31,1.0,aligned,mi_class,52,0.0006874669640822605,0.003984210273627349,0.470325
31,1.0,aligned,mi_class,53,-0.003246363516191767,0.013531675260178823,0.470325
31,1.0,aligned,mi_class,54,-0.0024549085171125763,-0.0014795595371383142,0.470325
31,1.0,aligned,mi_class,55,0.10855661010779638,-0.3873288497960734,0.470325
31,1.0,aligned,mi_class,56,0.049525504521610086,-0.005075319232050138,0.470325
31,1.0,aligned,mi_class,57,-0.02488528952623459,0.28723065012151744,0.470325
31,1.0,aligned,mi_class,58,-0.18744149855437642,0.26580982569810213,0.470325
31,1.0,aligned,mi_class,59,0.12409573433648352,-0.5568760576573002,0.470325
31,1.0,aligned,mi_class,60,-0.05846697699523373,0.6684685512689622,0.470325
31,1.0,aligned,mi_class,61,-0.011187235727042597,0.09208504406045444,0.470325
31,1.0,aligned,mi_class,62,-0.007910562059107354,-0.09406926500684076,0.470325
31,1.0,aligned,mi_class,63,0.05304165373099132,-0.20448038227619444,0.470325
31,1.0,aligned,mi_class,64,0.013593871636269572,-0.4119711822679986,0.470325
31,1.0,aligned,mi_class,65,-0.017567663949756618,-0.1654021695901528,0.470325
31,1.0,aligned,mi_site,0,-0.018548261832862983,0.25107207678948307,0.470325
31,1.0,aligned,mi_site,1,-0.014801366227971846,-0.010114713960482434,0.470325
31,1.0,aligned,mi_site,2,0.008490181878858217,0.00532765994026166,0.470325
31,1.0,aligned,mi_site,3,0.00723786467992895,0.01040449845267085,0.470325
31,1.0,aligned,mi_site,4,-0.017784411346845774,0.37799490463442875,0.470325
31,1.0,aligned,mi_site,5,0.01342724507235036,-0.0013343520955222613,0.470325
31,1.0,aligned,mi_site,6,0.0031516098448618165,0.004260405050954116,0.470325
31,1.0,aligned,mi_site,7,0.008429033172024201,0.008038370846039459,0.470325
31,1.0,aligned,mi_site,8,-0.003871465952569819,-0.32882219401072543,0.470325
31,1.0,aligned,mi_site,9,-0.03340366306463938,0.35798780844703354,0.470325
31,1.0,aligned,mi_site,10,-0.028678119170612137,0.4623238951216145,0.470325
31,1.0,aligned,mi_site,11,-0.0018830410883078786,-0.011358516396653381,0.470325
31,1.0,aligned,mi_site,12,0.029307118514618563,0.22229157458263796,0.470325
31,1.0,aligned,mi_site,13,-0.02345984252093669,0.7465182147381775,0.470325
31,1.0,aligned,mi_site,14,-0.0027750897706642075,0.8317525384282042,0.470325
31,1.0,aligned,mi_site,15,0.028907585531783714,0.005617290895621087,0.470325
31,1.0,aligned,mi_site,16,0.055384921993044955,0.4433962873112324,0.470325
31,1.0,aligned,mi_site,17,0.020748196987482426,0.41970091664797415,0.470325
31,1.0,aligned,mi_site,18,-0.017638046136387753,0.24205092818561352,0.470325
31,1.0,aligned,mi_site,19,-0.042734565772973965,0.7821355439896175,0.470325
31,1.0,aligned,mi_site,20,0.000655891993079305,-0.38304594695416344,0.470325
31,1.0,aligned,mi_site,21,0.008956823192877016,-0.004246529566194621,0.470325
31,1.0,aligned,mi_site,22,-0.003172519727619844,-0.005269631983342969,0.470325
31,1.0,aligned,mi_site,23,0.014456728298898429,-0.016763964571575703,0.470325
31,1.0,aligned,mi_site,24,0.012811509178416412,0.005504724492805608,0.470325
31,1.0,aligned,mi_site,25,0.0031832958199839176,-0.009942969715536803,0.470325
31,1.0,aligned,mi_site,26,-0.0005524178888044106,-0.0041091764850821845,0.470325
31,1.0,aligned,mi_site,27,-0.026016821118269882,0.005005388958871418,0.470325
31,1.0,aligned,mi_site,28,0.00057328384828223,0.19598223111809307,0.470325
31,1.0,aligned,mi_site,29,-0.008887209646926025,-0.0002903015597151612,0.470325
31,1.0,aligned,mi_site,30,0.02806257707040582,-0.001002478342132155,0.470325
31,1.0,aligned,mi_site,31,-0.009063648565847127,0.34434241901314144,0.470325
31,1.0,aligned,mi_site,32,-0.02805374394304164,-0.004251156360366163,0.470325
31,1.0,aligned,mi_site,33,-0.03125115181284542,-0.0022398167987062183,0.470325
31,1.0,aligned,mi_site,34,0.06449532373529719,-0.002383186496200039,0.470325
31,1.0,aligned,mi_site,35,0.0417213144071808,-0.2992168034050037,0.470325
31,1.0,aligned,mi_site,36,-0.03416294061284564,0.32098758009542266,0.470325
31,1.0,aligned,mi_site,37,0.008019234673999287,-0.22137080843652712,0.470325
31,1.0,aligned,mi_site,38,0.0274348951311007,0.36694992410943195,0.470325
31,1.0,aligned,mi_site,39,0.05291573107020074,0.013238565566493138,0.470325
31,1.0,aligned,mi_site,40,0.05766629071042284,0.5059804078114355,0.470325
31,1.0,aligned,mi_site,41,0.005254641667832849,0.6997073142233273,0.470325
31,1.0,aligned,mi_site,42,-0.02939148489122545,0.7530487947844663,0.470325
31,1.0,aligned,mi_site,43,0.009285406825993103,0.3446034130932057,0.470325
31,1.0,aligned,mi_site,44,0.008728063488641968,-0.5250815050303425,0.470325
31,1.0,aligned,mi_site,45,0.027614179710611173,-0.001991782455916862,0.470325
31,1.0,aligned,mi_site,46,0.04978558967493446,0.2895066127847372,0.470325
31,1.0,aligned,mi_site,47,0.044405325512450244,0.09695376891820509,0.470325
31,1.0,aligned,mi_site,48,0.005539587971129717,-0.21711022636678318,0.470325
31,1.0,aligned,mi_site,49,-0.03734645874362952,0.9406825055740728,0.470325
31,1.0,aligned,mi_site,50,-0.008487421412666979,-0.1789973340993071,0.470325
31,1.0,aligned,mi_site,51,0.11337261237506223,0.0158409767119501,0.470325
31,1.0,aligned,mi_site,52,-0.03254175615053034,0.003984210273627349,0.470325
31,1.0,aligned,mi_site,53,0.007723466720645139,0.013531675260178823,0.470325
31,1.0,aligned,mi_site,54,0.03560104348205637,-0.0014795595371383142,0.470325
31,1.0,aligned,mi_site,55,-0.051696429629299434,-0.3873288497960734,0.470325
31,1.0,aligned,mi_site,56,0.0666460013902572,-0.005075319232050138,0.470325
31,1.0,aligned,mi_site,57,0.052041248861556755,0.28723065012151744,0.470325
31,1.0,aligned,mi_site,58,0.03150572894222581,0.26580982569810213,0.470325
31,1.0,aligned,mi_site,59,-0.05780860174502733,-0.5568760576573002,0.470325
31,1.0,aligned,mi_site,60,-0.0006238613872955323,0.6684685512689622,0.470325
31,1.0,aligned,mi_site,61,0.040380885909133565,0.09208504406045444,0.470325
31,1.0,aligned,mi_site,62,0.0015251701851524552,-0.09406926500684076,0.470325
31,1.0,aligned,mi_site,63,0.00580548193040889,-0.20448038227619444,0.470325
31,1.0,aligned,mi_site,64,0.0003783326968525569,-0.4119711822679986,0.470325
31,1.0,aligned,mi_site,65,-0.003835652092503361,-0.1654021695901528,0.470325
31,1.0,closed,available,0,-0.007824157587230846,0.25107207678948307,0.470325
31,1.0,closed,available,1,-0.0025427184730404083,-0.010114713960482434,0.470325
31,1.0,closed,available,2,-0.02700109052419552,0.00532765994026166,0.470325
31,1.0,closed,available,3,-0.0010994331436319262,0.01040449845267085,0.470325
31,1.0,closed,available,4,-0.010940763515319307,0.37799490463442875,0.470325
31,1.0,closed,available,5,0.005090670775895814,-0.0013343520955222613,0.470325
31,1.0,closed,available,6,-0.0027284526934306793,0.004260405050954116,0.470325
31,1.0,closed,available,7,0.004306396724348582,0.008038370846039459,0.470325
31,1.0,closed,available,8,0.024915661908265274,-0.32882219401072543,0.470325
31,1.0,closed,available,9,-0.007724395623586677,0.35798780844703354,0.470325
31,1.0,closed,available,10,0.0016804232274194586,0.4623238951216145,0.470325
31,1.0,closed,available,11,-0.004316495218511103,-0.011358516396653381,0.470325
31,1.0,closed,available,12,-0.0003514098807536059,0.22229157458263796,0.470325
31,1.0,closed,available,13,-0.0008368391618542859,0.7465182147381775,0.470325
31,1.0,closed,available,14,-0.001476498988251751,0.8317525384282042,0.470325
31,1.0,closed,available,15,-0.01283184386110859,0.005617290895621087,0.470325
31,1.0,closed,available,16,-0.0012881039685098128,0.4433962873112324,0.470325
31,1.0,closed,available,17,0.009832503060342335,0.41970091664797415,0.470325
31,1.0,closed,available,18,0.0013500838601897824,0.24205092818561352,0.470325
31,1.0,closed,available,19,-0.004145944292910819,0.7821355439896175,0.470325
31,1.0,closed,available,20,0.0025835545738089327,-0.38304594695416344,0.470325
31,1.0,closed,available,21,-0.005314347603867845,-0.004246529566194621,0.470325
31,1.0,closed,available,22,0.02097087303060146,-0.005269631983342969,0.470325
31,1.0,closed,available,23,-0.0026997159515575325,-0.016763964571575703,0.470325
31,1.0,closed,available,24,0.006255361347420024,0.005504724492805608,0.470325
31,1.0,closed,available,25,-0.004890539052595594,-0.009942969715536803,0.470325
31,1.0,closed,available,26,0.01921402536738603,-0.0041091764850821845,0.470325
31,1.0,closed,available,27,0.0110570224401479,0.005005388958871418,0.470325
31,1.0,closed,available,28,-0.0046988759493137855,0.19598223111809307,0.470325
31,1.0,closed,available,29,0.006140672021064003,-0.0002903015597151612,0.470325
31,1.0,closed,available,30,0.009891365273830761,-0.001002478342132155,0.470325
31,1.0,closed,available,31,0.014050859497556523,0.34434241901314144,0.470325
31,1.0,closed,available,32,0.010526785420654102,-0.004251156360366163,0.470325
31,1.0,closed,available,33,0.017851265258190564,-0.0022398167987062183,0.470325
31,1.0,closed,available,34,-0.0036362378660261827,-0.002383186496200039,0.470325
31,1.0,closed,available,35,0.02280005413333247,-0.2992168034050037,0.470325
31,1.0,closed,available,36,0.005052453295765702,0.32098758009542266,0.470325
31,1.0,closed,available,37,-0.00289698409959388,-0.22137080843652712,0.470325
31,1.0,closed,available,38,0.00497257381702948,0.36694992410943195,0.470325
31,1.0,closed,available,39,-0.003480480174216514,0.013238565566493138,0.470325
31,1.0,closed,available,40,-0.0027444836641843384,0.5059804078114355,0.470325
31,1.0,closed,available,41,0.009669899553755967,0.6997073142233273,0.470325
31,1.0,closed,available,42,-0.0023163998644287753,0.7530487947844663,0.470325
31,1.0,closed,available,43,0.00585334950333688,0.3446034130932057,0.470325
31,1.0,closed,available,44,0.00035386618827348837,-0.5250815050303425,0.470325
31,1.0,closed,available,45,-0.01703164566350241,-0.001991782455916862,0.470325
31,1.0,closed,available,46,0.0025571160048674657,0.2895066127847372,0.470325
31,1.0,closed,available,47,0.008625903034745114,0.09695376891820509,0.470325
31,1.0,closed,available,48,0.00452271678097424,-0.21711022636678318,0.470325
31,1.0,closed,available,49,0.0018241111444896596,0.9406825055740728,0.470325
31,1.0,closed,available,50,0.002989849965466307,-0.1789973340993071,0.470325
31,1.0,closed,available,51,-0.007373587419353853,0.0158409767119501,0.470325
31,1.0,closed,available,52,-0.000778674120474789,0.003984210273627349,0.470325
31,1.0,closed,available,53,0.024831169279070295,0.013531675260178823,0.470325
31,1.0,closed,available,54,-0.004121382655180007,-0.0014795595371383142,0.470325
31,1.0,closed,available,55,0.0022540153724671663,-0.3873288497960734,0.470325
31,1.0,closed,available,56,0.006272798408780388,-0.005075319232050138,0.470325
31,1.0,closed,available,57,-0.024291671772882384,0.28723065012151744,0.470325
31,1.0,closed,available,58,0.007628942536832939,0.26580982569810213,0.470325
31,1.0,closed,available,59,0.0033260909149371853,-0.5568760576573002,0.470325
31,1.0,closed,available,60,0.01013630427914669,0.6684685512689622,0.470325
31,1.0,closed,available,61,0.015785516736862903,0.09208504406045444,0.470325
31,1.0,closed,available,62,-0.011858712204016547,-0.09406926500684076,0.470325
31,1.0,closed,available,63,0.008410318481218926,-0.20448038227619444,0.470325
31,1.0,closed,available,64,5.497179472524483e-05,-0.4119711822679986,0.470325
31,1.0,closed,available,65,-0.005755034366289047,-0.1654021695901528,0.470325
31,1.0,closed,mi_obs,0,0.006913882225891177,0.25107207678948307,0.470325
31,1.0,closed,mi_obs,1,-0.003339175785672565,-0.010114713960482434,0.470325
31,1.0,closed,mi_obs,2,-0.023122873984736288,0.00532765994026166,0.470325
31,1.0,closed,mi_obs,3,-0.0008709545447949871,0.01040449845267085,0.470325
31,1.0,closed,mi_obs,4,0.01119519884822523,0.37799490463442875,0.470325
31,1.0,closed,mi_obs,5,0.016250183008134137,-0.0013343520955222613,0.470325
31,1.0,closed,mi_obs,6,-0.008469481724186281,0.004260405050954116,0.470325
31,1.0,closed,mi_obs,7,0.00412368690367244,0.008038370846039459,0.470325
31,1.0,closed,mi_obs,8,-0.029417874201721594,-0.32882219401072543,0.470325
31,1.0,closed,mi_obs,9,0.013788198550559627,0.35798780844703354,0.470325
31,1.0,closed,mi_obs,10,0.015149799210859682,0.4623238951216145,0.470325
31,1.0,closed,mi_obs,11,0.011629295698424951,-0.011358516396653381,0.470325
31,1.0,closed,mi_obs,12,-0.048501965837478345,0.22229157458263796,0.470325
31,1.0,closed,mi_obs,13,0.03010023779400428,0.7465182147381775,0.470325
31,1.0,closed,mi_obs,14,0.021207398173104464,0.8317525384282042,0.470325
31,1.0,closed,mi_obs,15,-0.0370854196739659,0.005617290895621087,0.470325
31,1.0,closed,mi_obs,16,0.07948137441921088,0.4433962873112324,0.470325
31,1.0,closed,mi_obs,17,0.026112008256152952,0.41970091664797415,0.470325
31,1.0,closed,mi_obs,18,0.009318236941990632,0.24205092818561352,0.470325
31,1.0,closed,mi_obs,19,0.023201579940207107,0.7821355439896175,0.470325
31,1.0,closed,mi_obs,20,-0.006536486284972776,-0.38304594695416344,0.470325
31,1.0,closed,mi_obs,21,0.0127222651199479,-0.004246529566194621,0.470325
31,1.0,closed,mi_obs,22,-0.011948608794579475,-0.005269631983342969,0.470325
31,1.0,closed,mi_obs,23,-0.008279145401223924,-0.016763964571575703,0.470325
31,1.0,closed,mi_obs,24,-0.0004710032172593904,0.005504724492805608,0.470325
31,1.0,closed,mi_obs,25,-0.0514460375272071,-0.009942969715536803,0.470325
31,1.0,closed,mi_obs,26,0.003809452985753305,-0.0041091764850821845,0.470325
31,1.0,closed,mi_obs,27,-0.011831901969994355,0.005005388958871418,0.470325
31,1.0,closed,mi_obs,28,0.009380002340908994,0.19598223111809307,0.470325
31,1.0,closed,mi_obs,29,0.015288787594276139,-0.0002903015597151612,0.470325
31,1.0,closed,mi_obs,30,-0.0558139462888262,-0.001002478342132155,0.470325
31,1.0,closed,mi_obs,31,0.020221370776925596,0.34434241901314144,0.470325
31,1.0,closed,mi_obs,32,-0.055565467603240284,-0.004251156360366163,0.470325
31,1.0,closed,mi_obs,33,0.0030869588137621556,-0.0022398167987062183,0.470325
31,1.0,closed,mi_obs,34,0.02500346113878622,-0.002383186496200039,0.470325
31,1.0,closed,mi_obs,35,-0.01735123929168242,-0.2992168034050037,0.470325
31,1.0,closed,mi_obs,36,-0.005155603064789793,0.32098758009542266,0.470325
31,1.0,closed,mi_obs,37,-0.04601921325671088,-0.22137080843652712,0.470325
31,1.0,closed,mi_obs,38,0.0476213098366054,0.36694992410943195,0.470325
31,1.0,closed,mi_obs,39,0.013245791186762643,0.013238565566493138,0.470325
31,1.0,closed,mi_obs,40,0.09210034671510925,0.5059804078114355,0.470325
31,1.0,closed,mi_obs,41,-0.007662820094266887,0.6997073142233273,0.470325
31,1.0,closed,mi_obs,42,0.015555125101621825,0.7530487947844663,0.470325
31,1.0,closed,mi_obs,43,0.041281564320500674,0.3446034130932057,0.470325
31,1.0,closed,mi_obs,44,-0.0098034227256526,-0.5250815050303425,0.470325
31,1.0,closed,mi_obs,45,-0.026708566585127404,-0.001991782455916862,0.470325
31,1.0,closed,mi_obs,46,0.056874147280926934,0.2895066127847372,0.470325
31,1.0,closed,mi_obs,47,0.04501732890155988,0.09695376891820509,0.470325
31,1.0,closed,mi_obs,48,0.020991615765836885,-0.21711022636678318,0.470325
31,1.0,closed,mi_obs,49,0.01996958751019906,0.9406825055740728,0.470325
31,1.0,closed,mi_obs,50,-0.014582084773418241,-0.1789973340993071,0.470325
31,1.0,closed,mi_obs,51,0.11894834616982382,0.0158409767119501,0.470325
31,1.0,closed,mi_obs,52,-0.11606007902382816,0.003984210273627349,0.470325
31,1.0,closed,mi_obs,53,0.012984722088233439,0.013531675260178823,0.470325
31,1.0,closed,mi_obs,54,-0.0174055412081134,-0.0014795595371383142,0.470325
31,1.0,closed,mi_obs,55,-0.04962315788666938,-0.3873288497960734,0.470325
31,1.0,closed,mi_obs,56,0.04095690148236505,-0.005075319232050138,0.470325
31,1.0,closed,mi_obs,57,0.05362963041607194,0.28723065012151744,0.470325
31,1.0,closed,mi_obs,58,0.05213480141459431,0.26580982569810213,0.470325
31,1.0,closed,mi_obs,59,-0.0839580136785465,-0.5568760576573002,0.470325
31,1.0,closed,mi_obs,60,-0.000984973825461699,0.6684685512689622,0.470325
31,1.0,closed,mi_obs,61,0.03291792137521733,0.09208504406045444,0.470325
31,1.0,closed,mi_obs,62,0.03987801469393213,-0.09406926500684076,0.470325
31,1.0,closed,mi_obs,63,0.019151192668413586,-0.20448038227619444,0.470325
31,1.0,closed,mi_obs,64,0.002170399751330543,-0.4119711822679986,0.470325
31,1.0,closed,mi_obs,65,-0.012354172980927058,-0.1654021695901528,0.470325
31,1.0,closed,mi_class,0,-0.06181048430375455,0.25107207678948307,0.470325
31,1.0,closed,mi_class,1,0.025587846520566417,-0.010114713960482434,0.470325
31,1.0,closed,mi_class,2,0.02884090466589373,0.00532765994026166,0.470325
31,1.0,closed,mi_class,3,-0.010768358790288798,0.01040449845267085,0.470325
31,1.0,closed,mi_class,4,-0.07260887763645907,0.37799490463442875,0.470325
31,1.0,closed,mi_class,5,-0.0008803176042834584,-0.0013343520955222613,0.470325
31,1.0,closed,mi_class,6,-0.10144538013841314,0.004260405050954116,0.470325
31,1.0,closed,mi_class,7,-0.0023935272596068407,0.008038370846039459,0.470325
31,1.0,closed,mi_class,8,0.04464281877393417,-0.32882219401072543,0.470325
31,1.0,closed,mi_class,9,-0.23158956097336986,0.35798780844703354,0.470325
31,1.0,closed,mi_class,10,-0.12243464484405253,0.4623238951216145,0.470325
31,1.0,closed,mi_class,11,-0.0019973354797999613,-0.011358516396653381,0.470325
31,1.0,closed,mi_class,12,-0.059388988806921644,0.22229157458263796,0.470325
31,1.0,closed,mi_class,13,-0.29953213256964734,0.7465182147381775,0.470325
31,1.0,closed,mi_class,14,-0.2039762286386425,0.8317525384282042,0.470325
31,1.0,closed,mi_class,15,-0.01612103056598674,0.005617290895621087,0.470325
31,1.0,closed,mi_class,16,-0.32301733604474275,0.4433962873112324,0.470325
31,1.0,closed,mi_class,17,-0.05416592483509258,0.41970091664797415,0.470325
31,1.0,closed,mi_class,18,0.0048901174176064766,0.24205092818561352,0.470325
31,1.0,closed,mi_class,19,-0.490785926514123,0.7821355439896175,0.470325
31,1.0,closed,mi_class,20,0.027524938709564017,-0.38304594695416344,0.470325
31,1.0,closed,mi_class,21,0.02640169091237728,-0.004246529566194621,0.470325
31,1.0,closed,mi_class,22,0.016246018246916946,-0.005269631983342969,0.470325
31,1.0,closed,mi_class,23,0.004644751939131183,-0.016763964571575703,0.470325
31,1.0,closed,mi_class,24,-0.001104254387208214,0.005504724492805608,0.470325
31,1.0,closed,mi_class,25,-0.020210178295431064,-0.009942969715536803,0.470325
31,1.0,closed,mi_class,26,0.0256961356167439,-0.0041091764850821845,0.470325
31,1.0,closed,mi_class,27,-0.022168804765338723,0.005005388958871418,0.470325
31,1.0,closed,mi_class,28,-0.1100944511155485,0.19598223111809307,0.470325
31,1.0,closed,mi_class,29,0.019706660280162953,-0.0002903015597151612,0.470325
31,1.0,closed,mi_class,30,0.1067657349813093,-0.001002478342132155,0.470325
31,1.0,closed,mi_class,31,-0.06368297984165483,0.34434241901314144,0.470325
31,1.0,closed,mi_class,32,0.003066108438814214,-0.004251156360366163,0.470325
31,1.0,closed,mi_class,33,-0.006431927999662065,-0.0022398167987062183,0.470325
31,1.0,closed,mi_class,34,0.014084051524624022,-0.002383186496200039,0.470325
31,1.0,closed,mi_class,35,-0.04952385466874959,-0.2992168034050037,0.470325
31,1.0,closed,mi_class,36,-0.181322007163531,0.32098758009542266,0.470325
31,1.0,closed,mi_class,37,-0.002209498114963432,-0.22137080843652712,0.470325
31,1.0,closed,mi_class,38,-0.06818863544801868,0.36694992410943195,0.470325
31,1.0,closed,mi_class,39,-0.012297608944589618,0.013238565566493138,0.470325
31,1.0,closed,mi_class,40,-0.272971589813156,0.5059804078114355,0.470325
31,1.0,closed,mi_class,41,-0.08007520860592299,0.6997073142233273,0.470325
31,1.0,closed,mi_class,42,-0.19504755492607695,0.7530487947844663,0.470325
31,1.0,closed,mi_class,43,-0.24682616074397928,0.3446034130932057,0.470325
31,1.0,closed,mi_class,44,0.17712025413047644,-0.5250815050303425,0.470325
31,1.0,closed,mi_class,45,-0.013217690510778946,-0.001991782455916862,0.470325
31,1.0,closed,mi_class,46,-0.13348864433956564,0.2895066127847372,0.470325
31,1.0,closed,mi_class,47,0.027862069479390045,0.09695376891820509,0.470325
31,1.0,closed,mi_class,48,0.0265791182276002,-0.21711022636678318,0.470325
31,1.0,closed,mi_class,49,-0.658031722323577,0.9406825055740728,0.470325
31,1.0,closed,mi_class,50,0.05069253315800373,-0.1789973340993071,0.470325
31,1.0,closed,mi_class,51,0.010590338922051936,0.0158409767119501,0.470325
31,1.0,closed,mi_class,52,-0.006190748745486847,0.003984210273627349,0.470325
31,1.0,closed,mi_class,53,0.004351817804786145,0.013531675260178823,0.470325
31,1.0,closed,mi_class,54,-0.004713981084623469,-0.0014795595371383142,0.470325
31,1.0,closed,mi_class,55,0.10175374194375697,-0.3873288497960734,0.470325
31,1.0,closed,mi_class,56,0.06242090970036617,-0.005075319232050138,0.470325
31,1.0,closed,mi_class,57,-0.11183035499512087,0.28723065012151744,0.470325
31,1.0,closed,mi_class,58,0.34197986905360694,0.26580982569810213,0.470325
31,1.0,closed,mi_class,59,0.1869319987592431,-0.5568760576573002,0.470325
31,1.0,closed,mi_class,60,-0.03510669719809156,0.6684685512689622,0.470325
31,1.0,closed,mi_class,61,-0.02852026901922876,0.09208504406045444,0.470325
31,1.0,closed,mi_class,62,-0.02083303338058816,-0.09406926500684076,0.470325
31,1.0,closed,mi_class,63,0.13094802645781956,-0.20448038227619444,0.470325
31,1.0,closed,mi_class,64,0.02688206096686324,-0.4119711822679986,0.470325
31,1.0,closed,mi_class,65,0.08766269846204235,-0.1654021695901528,0.470325
31,1.0,closed,mi_site,0,0.004826710714298743,0.25107207678948307,0.470325
31,1.0,closed,mi_site,1,-0.0030628007071915025,-0.010114713960482434,0.470325
31,1.0,closed,mi_site,2,-0.010667562545392759,0.00532765994026166,0.470325
31,1.0,closed,mi_site,3,0.0036334207502764487,0.01040449845267085,0.470325
31,1.0,closed,mi_site,4,0.012027051693650759,0.37799490463442875,0.470325
31,1.0,closed,mi_site,5,0.02013060466605464,-0.0013343520955222613,0.470325
31,1.0,closed,mi_site,6,0.008770446402056792,0.004260405050954116,0.470325
31,1.0,closed,mi_site,7,-0.0011316077833841273,0.008038370846039459,0.470325
31,1.0,closed,mi_site,8,-0.020623419803045606,-0.32882219401072543,0.470325
31,1.0,closed,mi_site,9,0.016000965817365154,0.35798780844703354,0.470325
31,1.0,closed,mi_site,10,0.011303037203203914,0.4623238951216145,0.470325
31,1.0,closed,mi_site,11,-0.005058686411901053,-0.011358516396653381,0.470325
31,1.0,closed,mi_site,12,-0.0381850616022224,0.22229157458263796,0.470325
31,1.0,closed,mi_site,13,0.031909380033379176,0.7465182147381775,0.470325
31,1.0,closed,mi_site,14,0.01752070816107676,0.8317525384282042,0.470325
31,1.0,closed,mi_site,15,-0.02079657787338158,0.005617290895621087,0.470325
31,1.0,closed,mi_site,16,0.06360853137518219,0.4433962873112324,0.470325
31,1.0,closed,mi_site,17,0.015907599540537,0.41970091664797415,0.470325
31,1.0,closed,mi_site,18,0.012580885624163707,0.24205092818561352,0.470325
31,1.0,closed,mi_site,19,0.020903188219709823,0.7821355439896175,0.470325
31,1.0,closed,mi_site,20,-0.006422869979721801,-0.38304594695416344,0.470325
31,1.0,closed,mi_site,21,-0.008772431491730784,-0.004246529566194621,0.470325
31,1.0,closed,mi_site,22,-0.013058089146150881,-0.005269631983342969,0.470325
31,1.0,closed,mi_site,23,-0.005767948121459202,-0.016763964571575703,0.470325
31,1.0,closed,mi_site,24,0.0004296574118279042,0.005504724492805608,0.470325
31,1.0,closed,mi_site,25,-0.042546664526145195,-0.009942969715536803,0.470325
31,1.0,closed,mi_site,26,-0.008991344033830964,-0.0041091764850821845,0.470325
31,1.0,closed,mi_site,27,-0.006439204538687266,0.005005388958871418,0.470325
31,1.0,closed,mi_site,28,0.0048788728796907155,0.19598223111809307,0.470325
31,1.0,closed,mi_site,29,0.01189475268823891,-0.0002903015597151612,0.470325
31,1.0,closed,mi_site,30,-0.036735071379062574,-0.001002478342132155,0.470325
31,1.0,closed,mi_site,31,0.0073094984563786825,0.34434241901314144,0.470325
31,1.0,closed,mi_site,32,-0.024188776136538883,-0.004251156360366163,0.470325
31,1.0,closed,mi_site,33,-0.012495109147320809,-0.0022398167987062183,0.470325
31,1.0,closed,mi_site,34,0.0003335076953565781,-0.002383186496200039,0.470325
31,1.0,closed,mi_site,35,-0.020257898993959356,-0.2992168034050037,0.470325
31,1.0,closed,mi_site,36,-0.006479460686976579,0.32098758009542266,0.470325
31,1.0,closed,mi_site,37,-0.024605764382516937,-0.22137080843652712,0.470325
31,1.0,closed,mi_site,38,0.04880638513832347,0.36694992410943195,0.470325
31,1.0,closed,mi_site,39,0.02391914508563947,0.013238565566493138,0.470325
31,1.0,closed,mi_site,40,0.06931553230826515,0.5059804078114355,0.470325
31,1.0,closed,mi_site,41,-0.009221403787441629,0.6997073142233273,0.470325
31,1.0,closed,mi_site,42,0.005317985633881417,0.7530487947844663,0.470325
31,1.0,closed,mi_site,43,0.04381236085263679,0.3446034130932057,0.470325
31,1.0,closed,mi_site,44,-0.009076728332822581,-0.5250815050303425,0.470325
31,1.0,closed,mi_site,45,-0.014993993072884156,-0.001991782455916862,0.470325
31,1.0,closed,mi_site,46,0.04623227504116839,0.2895066127847372,0.470325
31,1.0,closed,mi_site,47,0.037087558947556554,0.09695376891820509,0.470325
31,1.0,closed,mi_site,48,0.021103529841057594,-0.21711022636678318,0.470325
31,1.0,closed,mi_site,49,0.019246095777083583,0.9406825055740728,0.470325
31,1.0,closed,mi_site,50,-0.0124688825599783,-0.1789973340993071,0.470325
31,1.0,closed,mi_site,51,0.11475151321006098,0.0158409767119501,0.470325
31,1.0,closed,mi_site,52,-0.09374537119838834,0.003984210273627349,0.470325
31,1.0,closed,mi_site,53,0.02439392795266289,0.013531675260178823,0.470325
31,1.0,closed,mi_site,54,-0.010706075563260706,-0.0014795595371383142,0.470325
31,1.0,closed,mi_site,55,-0.0497740547329123,-0.3873288497960734,0.470325
31,1.0,closed,mi_site,56,0.02206759695182569,-0.005075319232050138,0.470325
31,1.0,closed,mi_site,57,0.03416382497688841,0.28723065012151744,0.470325
31,1.0,closed,mi_site,58,0.0372673485860921,0.26580982569810213,0.470325
31,1.0,closed,mi_site,59,-0.06474026526577692,-0.5568760576573002,0.470325
31,1.0,closed,mi_site,60,-0.0012497728276718023,0.6684685512689622,0.470325
31,1.0,closed,mi_site,61,0.031448809622272866,0.09208504406045444,0.470325
31,1.0,closed,mi_site,62,0.03772593211165882,-0.09406926500684076,0.470325
31,1.0,closed,mi_site,63,0.018944485766978825,-0.20448038227619444,0.470325
31,1.0,closed,mi_site,64,-0.0007685520572729976,-0.4119711822679986,0.470325
31,1.0,closed,mi_site,65,-0.00913946327442422,-0.1654021695901528,0.470325
31,2.0,aligned,available,0,0.0001937507611553535,0.2653695188812964,0.470325
31,2.0,aligned,available,1,-0.006708643298599434,-0.025115172856268502,0.470325
31,2.0,aligned,available,2,0.009070608456467108,0.007393854835171097,0.470325
31,2.0,aligned,available,3,0.002584043618057105,0.014205486045781127,0.470325
31,2.0,aligned,available,4,0.006223579322290007,0.39807114112118847,0.470325
31,2.0,aligned,available,5,-0.00964029876805416,0.0001860289505331051,0.470325
31,2.0,aligned,available,6,0.009161654840291968,0.013898661191168468,0.470325
31,2.0,aligned,available,7,0.007442046310441486,0.006763384885827768,0.470325
31,2.0,aligned,available,8,0.00931806250010403,-0.34399397008540894,0.470325
31,2.0,aligned,available,9,-0.009780207561735588,0.3734873710388342,0.470325
31,2.0,aligned,available,10,0.005824974999842469,0.47278223966058025,0.470325
31,2.0,aligned,available,11,0.006096963193156885,-0.013208063770807212,0.470325
31,2.0,aligned,available,12,0.022516974230213205,0.2199964015989592,0.470325
31,2.0,aligned,available,13,-0.004169026581996693,0.7489322894927626,0.470325
31,2.0,aligned,available,14,-0.004058277724979242,0.8343831785500909,0.470325
31,2.0,aligned,available,15,0.006685896450526743,-0.0010983035601649994,0.470325
31,2.0,aligned,available,16,-0.0014317170779667432,0.45912962111932004,0.470325
31,2.0,aligned,available,17,0.0074152884014536125,0.41310718396349805,0.470325
31,2.0,aligned,available,18,0.0013171602523219528,0.23600058908499078,0.470325
31,2.0,aligned,available,19,-0.003788735839929225,0.7847831474901897,0.470325
31,2.0,aligned,available,20,-0.0013335764447994225,-0.37285481560055345,0.470325
31,2.0,aligned,available,21,-0.003488004270189692,-0.00449081217612651,0.470325
31,2.0,aligned,available,22,0.015789802370865535,-0.003714022476517994,0.470325
31,2.0,aligned,available,23,0.00371225125650633,-0.021177201954663983,0.470325
31,2.0,aligned,available,24,0.02201964092146126,0.007401490473665918,0.470325
31,2.0,aligned,available,25,-0.01173001337209667,-0.005711636357320155,0.470325
31,2.0,aligned,available,26,0.020341099192108116,-0.003351452600454487,0.470325
31,2.0,aligned,available,27,-0.01189796818600664,0.010767830939031695,0.470325
31,2.0,aligned,available,28,-0.0005554311238707976,0.1972629452927294,0.470325
31,2.0,aligned,available,29,-0.013187691104639366,-0.010076472035569271,0.470325
31,2.0,aligned,available,30,-0.0006733982338485418,-0.0010019599675251927,0.470325
31,2.0,aligned,available,31,0.016045347349057215,0.34053987459535107,0.470325
31,2.0,aligned,available,32,-0.017069548732915746,-0.003797784733495225,0.470325
31,2.0,aligned,available,33,-0.035969314881767946,-0.0021687106929170223,0.470325
31,2.0,aligned,available,34,0.04236001183973755,-0.002383186496200039,0.470325
31,2.0,aligned,available,35,-0.0029720541679359447,-0.29738966140822554,0.470325
31,2.0,aligned,available,36,-0.0007736499965709243,0.3176850440757279,0.470325
31,2.0,aligned,available,37,0.0033368444104273365,-0.21504520728465193,0.470325
31,2.0,aligned,available,38,-0.008863619625043395,0.37257940733327316,0.470325
31,2.0,aligned,available,39,0.007169478310312657,0.004815161026861736,0.470325
31,2.0,aligned,available,40,-0.007364857168712269,0.5203715784920471,0.470325
31,2.0,aligned,available,41,0.006748690817473313,0.6917129801975372,0.470325
31,2.0,aligned,available,42,0.008178405198060457,0.7479046194713553,0.470325
31,2.0,aligned,available,43,-0.010472493343306077,0.35047737707343807,0.470325
31,2.0,aligned,available,44,0.010343647860889149,-0.5240620652263357,0.470325
31,2.0,aligned,available,45,-0.0019298655011765137,-0.005964299102769637,0.470325
31,2.0,aligned,available,46,-0.006760783286484606,0.3029163947002343,0.470325
31,2.0,aligned,available,47,0.0010840683102824183,0.09468646044030256,0.470325
31,2.0,aligned,available,48,0.008445154519612807,-0.22098912101932572,0.470325
31,2.0,aligned,available,49,-0.001954007139119973,0.9403891010251471,0.470325
31,2.0,aligned,available,50,0.014912212690491589,-0.16428668682726164,0.470325
31,2.0,aligned,available,51,0.002911486368656735,-0.0009130803937421626,0.470325
31,2.0,aligned,available,52,-0.0012557799294374917,0.004407049434019412,0.470325
31,2.0,aligned,available,53,-0.0036095588114604697,0.007845778968939064,0.470325
31,2.0,aligned,available,54,0.0007803343876833825,-0.004662722301879511,0.470325
31,2.0,aligned,available,55,-0.013096955831006118,-0.3818792680865384,0.470325
31,2.0,aligned,available,56,0.008833670548874817,-0.00681601265828786,0.470325
31,2.0,aligned,available,57,0.008263395506701854,0.2908420833297629,0.470325
31,2.0,aligned,available,58,-0.014766637125961046,0.2796735732578229,0.470325
31,2.0,aligned,available,59,0.006764093967689067,-0.5543529926030423,0.470325
31,2.0,aligned,available,60,0.017067165789160677,0.6622382181639545,0.470325
31,2.0,aligned,available,61,-0.0009758933032849304,0.09015949201796125,0.470325
31,2.0,aligned,available,62,-0.00038713942796693435,-0.09133895409322026,0.470325
31,2.0,aligned,available,63,-0.001642322080644576,-0.2070234819854415,0.470325
31,2.0,aligned,available,64,0.0050962292599269765,-0.4239323864950423,0.470325
31,2.0,aligned,available,65,0.006033266987576141,-0.1539805180669917,0.470325
31,2.0,aligned,mi_obs,0,0.0005922623520107639,0.2653695188812964,0.470325
31,2.0,aligned,mi_obs,1,-0.030679630735309143,-0.025115172856268502,0.470325
31,2.0,aligned,mi_obs,2,0.05361133038739425,0.007393854835171097,0.470325
31,2.0,aligned,mi_obs,3,0.005852949484983281,0.014205486045781127,0.470325
31,2.0,aligned,mi_obs,4,0.008467346181779745,0.39807114112118847,0.470325
31,2.0,aligned,mi_obs,5,-0.002606484464535869,0.0001860289505331051,0.470325
31,2.0,aligned,mi_obs,6,0.016266182475242773,0.013898661191168468,0.470325
31,2.0,aligned,mi_obs,7,-0.006483566881188011,0.006763384885827768,0.470325
31,2.0,aligned,mi_obs,8,-0.04017114423183482,-0.34399397008540894,0.470325
31,2.0,aligned,mi_obs,9,0.005302543978970897,0.3734873710388342,0.470325
31,2.0,aligned,mi_obs,10,0.013421036695493438,0.47278223966058025,0.470325
31,2.0,aligned,mi_obs,11,-0.034592272607279914,-0.013208063770807212,0.470325
31,2.0,aligned,mi_obs,12,0.10327491450757989,0.2199964015989592,0.470325
31,2.0,aligned,mi_obs,13,0.030269220653133977,0.7489322894927626,0.470325
31,2.0,aligned,mi_obs,14,0.01978335187609004,0.8343831785500909,0.470325
31,2.0,aligned,mi_obs,15,-0.0020677900779198927,-0.0010983035601649994,0.470325
31,2.0,aligned,mi_obs,16,0.08676888432239932,0.45912962111932004,0.470325
31,2.0,aligned,mi_obs,17,0.017401302484113035,0.41310718396349805,0.470325
31,2.0,aligned,mi_obs,18,-0.008628981210921927,0.23600058908499078,0.470325
31,2.0,aligned,mi_obs,19,0.01998243884573303,0.7847831474901897,0.470325
31,2.0,aligned,mi_obs,20,-0.010199155532510495,-0.37285481560055345,0.470325
31,2.0,aligned,mi_obs,21,0.052350100605375,-0.00449081217612651,0.470325
31,2.0,aligned,mi_obs,22,-0.0290708883287429,-0.003714022476517994,0.470325
31,2.0,aligned,mi_obs,23,-0.016952273559980153,-0.021177201954663983,0.470325
31,2.0,aligned,mi_obs,24,0.04197213941332013,0.007401490473665918,0.470325
31,2.0,aligned,mi_obs,25,-0.022167932483238152,-0.005711636357320155,0.470325
31,2.0,aligned,mi_obs,26,-0.019398224769157684,-0.003351452600454487,0.470325
31,2.0,aligned,mi_obs,27,-0.04017875771842947,0.010767830939031695,0.470325
31,2.0,aligned,mi_obs,28,0.005926389297675777,0.1972629452927294,0.470325
31,2.0,aligned,mi_obs,29,-0.008843760536457483,-0.010076472035569271,0.470325
31,2.0,aligned,mi_obs,30,0.006060891629415037,-0.0010019599675251927,0.470325
31,2.0,aligned,mi_obs,31,0.08583265812725505,0.34053987459535107,0.470325
31,2.0,aligned,mi_obs,32,-0.05657178319802056,-0.003797784733495225,0.470325
31,2.0,aligned,mi_obs,33,-0.03089388108290454,-0.0021687106929170223,0.470325
31,2.0,aligned,mi_obs,34,0.07598144960391778,-0.002383186496200039,0.470325
31,2.0,aligned,mi_obs,35,-0.018916155597222373,-0.29738966140822554,0.470325
31,2.0,aligned,mi_obs,36,0.05574160202288392,0.3176850440757279,0.470325
31,2.0,aligned,mi_obs,37,-0.015438983074222618,-0.21504520728465193,0.470325
31,2.0,aligned,mi_obs,38,0.04205864362756889,0.37257940733327316,0.470325
31,2.0,aligned,mi_obs,39,0.02859966446534837,0.004815161026861736,0.470325
31,2.0,aligned,mi_obs,40,0.09741674383605414,0.5203715784920471,0.470325
31,2.0,aligned,mi_obs,41,-0.0007316392645315695,0.6917129801975372,0.470325
31,2.0,aligned,mi_obs,42,0.005056776021441056,0.7479046194713553,0.470325
31,2.0,aligned,mi_obs,43,0.038797881722198335,0.35047737707343807,0.470325
31,2.0,aligned,mi_obs,44,-0.0044757580986156675,-0.5240620652263357,0.470325
31,2.0,aligned,mi_obs,45,-0.0006695883595986742,-0.005964299102769637,0.470325
31,2.0,aligned,mi_obs,46,0.05489364466050234,0.3029163947002343,0.470325
31,2.0,aligned,mi_obs,47,0.027993057247409275,0.09468646044030256,0.470325
31,2.0,aligned,mi_obs,48,0.0006562029887763055,-0.22098912101932572,0.470325
31,2.0,aligned,mi_obs,49,0.01811543114193337,0.9403891010251471,0.470325
31,2.0,aligned,mi_obs,50,-0.016209257683885453,-0.16428668682726164,0.470325
31,2.0,aligned,mi_obs,51,0.1316302696410753,-0.0009130803937421626,0.470325
31,2.0,aligned,mi_obs,52,-0.10086367594333895,0.004407049434019412,0.470325
31,2.0,aligned,mi_obs,53,0.007266920022577559,0.007845778968939064,0.470325
31,2.0,aligned,mi_obs,54,0.0056409325195710186,-0.004662722301879511,0.470325
31,2.0,aligned,mi_obs,55,-0.06419200214255139,-0.3818792680865384,0.470325
31,2.0,aligned,mi_obs,56,0.058672029426920486,-0.00681601265828786,0.470325
31,2.0,aligned,mi_obs,57,0.060470785616275446,0.2908420833297629,0.470325
31,2.0,aligned,mi_obs,58,0.05057939802283529,0.2796735732578229,0.470325
31,2.0,aligned,mi_obs,59,-0.07186767025314489,-0.5543529926030423,0.470325
31,2.0,aligned,mi_obs,60,0.004769792420345476,0.6622382181639545,0.470325
31,2.0,aligned,mi_obs,61,0.024545276998254983,0.09015949201796125,0.470325
31,2.0,aligned,mi_obs,62,0.032877606022538516,-0.09133895409322026,0.470325
31,2.0,aligned,mi_obs,63,0.0013108058174078618,-0.2070234819854415,0.470325
31,2.0,aligned,mi_obs,64,-0.0018709370648726242,-0.4239323864950423,0.470325
31,2.0,aligned,mi_obs,65,-0.013613991490701305,-0.1539805180669917,0.470325
31,2.0,aligned,mi_class,0,-0.03406155728239274,0.2653695188812964,0.470325
31,2.0,aligned,mi_class,1,0.006725439570857486,-0.025115172856268502,0.470325
31,2.0,aligned,mi_class,2,0.0444783451838986,0.007393854835171097,0.470325
31,2.0,aligned,mi_class,3,0.012661627811030836,0.014205486045781127,0.470325
31,2.0,aligned,mi_class,4,-0.07349993078232375,0.39807114112118847,0.470325
31,2.0,aligned,mi_class,5,-0.008722283495829632,0.0001860289505331051,0.470325
31,2.0,aligned,mi_class,6,-0.13667462268886663,0.013898661191168468,0.470325
31,2.0,aligned,mi_class,7,-0.032691727443586296,0.006763384885827768,0.470325
31,2.0,aligned,mi_class,8,0.04294375361279562,-0.34399397008540894,0.470325
31,2.0,aligned,mi_class,9,-0.03339869545616453,0.3734873710388342,0.470325
31,2.0,aligned,mi_class,10,-0.037353624999825696,0.47278223966058025,0.470325
31,2.0,aligned,mi_class,11,0.01254639539411798,-0.013208063770807212,0.470325
31,2.0,aligned,mi_class,12,-0.03662512937093673,0.2199964015989592,0.470325
31,2.0,aligned,mi_class,13,-0.2455943421511454,0.7489322894927626,0.470325
31,2.0,aligned,mi_class,14,-0.2133832299639582,0.8343831785500909,0.470325
31,2.0,aligned,mi_class,15,0.0008805252006306565,-0.0010983035601649994,0.470325
31,2.0,aligned,mi_class,16,-0.31552465153395315,0.45912962111932004,0.470325
31,2.0,aligned,mi_class,17,-0.10129931487552912,0.41310718396349805,0.470325
31,2.0,aligned,mi_class,18,-0.0006719457924087291,0.23600058908499078,0.470325
31,2.0,aligned,mi_class,19,-0.02149130699734292,0.7847831474901897,0.470325
31,2.0,aligned,mi_class,20,0.024784546031036636,-0.37285481560055345,0.470325
31,2.0,aligned,mi_class,21,0.0036217133215637274,-0.00449081217612651,0.470325
31,2.0,aligned,mi_class,22,-0.008297351219117908,-0.003714022476517994,0.470325
31,2.0,aligned,mi_class,23,0.008368436993914173,-0.021177201954663983,0.470325
31,2.0,aligned,mi_class,24,-0.0028531630330238776,0.007401490473665918,0.470325
31,2.0,aligned,mi_class,25,0.12771849725201576,-0.005711636357320155,0.470325
31,2.0,aligned,mi_class,26,0.04295885464052935,-0.003351452600454487,0.470325
31,2.0,aligned,mi_class,27,0.13840945831514542,0.010767830939031695,0.470325
31,2.0,aligned,mi_class,28,0.05676231672697504,0.1972629452927294,0.470325
31,2.0,aligned,mi_class,29,-0.008971371355261349,-0.010076472035569271,0.470325
31,2.0,aligned,mi_class,30,0.1424018446500194,-0.0010019599675251927,0.470325
31,2.0,aligned,mi_class,31,-0.07040961947097252,0.34053987459535107,0.470325
31,2.0,aligned,mi_class,32,0.051697986628566395,-0.003797784733495225,0.470325
31,2.0,aligned,mi_class,33,-0.03137384670733592,-0.0021687106929170223,0.470325
31,2.0,aligned,mi_class,34,0.015170012029542584,-0.002383186496200039,0.470325
31,2.0,aligned,mi_class,35,0.0005649798478016277,-0.29738966140822554,0.470325
31,2.0,aligned,mi_class,36,-0.02745522707251391,0.3176850440757279,0.470325
31,2.0,aligned,mi_class,37,0.07421778443796581,-0.21504520728465193,0.470325
31,2.0,aligned,mi_class,38,-0.047857747156861086,0.37257940733327316,0.470325
31,2.0,aligned,mi_class,39,0.005575589449470969,0.004815161026861736,0.470325
31,2.0,aligned,mi_class,40,-0.12353153732077582,0.5203715784920471,0.470325
31,2.0,aligned,mi_class,41,-0.055742381073515146,0.6917129801975372,0.470325
31,2.0,aligned,mi_class,42,-0.1677134649600115,0.7479046194713553,0.470325
31,2.0,aligned,mi_class,43,-0.09406437688033764,0.35047737707343807,0.470325
31,2.0,aligned,mi_class,44,0.14603978449144955,-0.5240620652263357,0.470325
31,2.0,aligned,mi_class,45,-0.0023009374436271423,-0.005964299102769637,0.470325
31,2.0,aligned,mi_class,46,-0.05939937311132215,0.3029163947002343,0.470325
31,2.0,aligned,mi_class,47,-0.0275236641632359,0.09468646044030256,0.470325
31,2.0,aligned,mi_class,48,0.021279425713946087,-0.22098912101932572,0.470325
31,2.0,aligned,mi_class,49,-0.166888768050111,0.9403891010251471,0.470325
31,2.0,aligned,mi_class,50,0.034655534694250895,-0.16428668682726164,0.470325
31,2.0,aligned,mi_class,51,0.034676447696209055,-0.0009130803937421626,0.470325
31,2.0,aligned,mi_class,52,0.0005869408609806732,0.004407049434019412,0.470325
31,2.0,aligned,mi_class,53,0.00207733132087771,0.007845778968939064,0.470325
31,2.0,aligned,mi_class,54,-0.003481443141585611,-0.004662722301879511,0.470325
31,2.0,aligned,mi_class,55,0.09879383591648044,-0.3818792680865384,0.470325
31,2.0,aligned,mi_class,56,0.05518092105012786,-0.00681601265828786,0.470325
31,2.0,aligned,mi_class,57,-0.023133325802858817,0.2908420833297629,0.470325
31,2.0,aligned,mi_class,58,-0.19174635742287505,0.2796735732578229,0.470325
31,2.0,aligned,mi_class,59,0.126991457548562,-0.5543529926030423,0.470325
31,2.0,aligned,mi_class,60,-0.05419673465132668,0.6622382181639545,0.470325
31,2.0,aligned,mi_class,61,-0.009427312030228938,0.09015949201796125,0.470325
31,2.0,aligned,mi_class,62,-0.010792563428702578,-0.09133895409322026,0.470325
31,2.0,aligned,mi_class,63,0.05952418030963433,-0.2070234819854415,0.470325
31,2.0,aligned,mi_class,64,0.01595203409846735,-0.4239323864950423,0.470325
31,2.0,aligned,mi_class,65,-0.015982807495251355,-0.1539805180669917,0.470325
31,2.0,aligned,mi_site,0,-0.015304654008329976,0.2653695188812964,0.470325
31,2.0,aligned,mi_site,1,-0.014784071002076005,-0.025115172856268502,0.470325
31,2.0,aligned,mi_site,2,0.01249491264503232,0.007393854835171097,0.470325
31,2.0,aligned,mi_site,3,0.010625630300841045,0.014205486045781127,0.470325
31,2.0,aligned,mi_site,4,-0.016916837836512155,0.39807114112118847,0.470325
31,2.0,aligned,mi_site,5,0.007301092562124468,0.0001860289505331051,0.470325
31,2.0,aligned,mi_site,6,0.01381352721548375,0.013898661191168468,0.470325
31,2.0,aligned,mi_site,7,0.008910154068550636,0.006763384885827768,0.470325
31,2.0,aligned,mi_site,8,-0.004155698498290394,-0.34399397008540894,0.470325
31,2.0,aligned,mi_site,9,-0.03310953020688551,0.3734873710388342,0.470325
31,2.0,aligned,mi_site,10,-0.029207219909137327,0.47278223966058025,0.470325
31,2.0,aligned,mi_site,11,-0.0024243322866464995,-0.013208063770807212,0.470325
31,2.0,aligned,mi_site,12,0.030494000171001595,0.2199964015989592,0.470325
31,2.0,aligned,mi_site,13,-0.02592116476113815,0.7489322894927626,0.470325
31,2.0,aligned,mi_site,14,-0.0030239351812541004,0.8343831785500909,0.470325
31,2.0,aligned,mi_site,15,0.026880480984747733,-0.0010983035601649994,0.470325
31,2.0,aligned,mi_site,16,0.05245480028878208,0.45912962111932004,0.470325
31,2.0,aligned,mi_site,17,0.020681159101191504,0.41310718396349805,0.470325
31,2.0,aligned,mi_site,18,-0.020247473877259198,0.23600058908499078,0.470325
31,2.0,aligned,mi_site,19,-0.041366321643654835,0.7847831474901897,0.470325
31,2.0,aligned,mi_site,20,0.003817397302456338,-0.37285481560055345,0.470325
31,2.0,aligned,mi_site,21,0.0019399473710416102,-0.00449081217612651,0.470325
31,2.0,aligned,mi_site,22,-0.005901720844565837,-0.003714022476517994,0.470325
31,2.0,aligned,mi_site,23,0.012346620663217933,-0.021177201954663983,0.470325
31,2.0,aligned,mi_site,24,0.025090789435074732,0.007401490473665918,0.470325
31,2.0,aligned,mi_site,25,0.002736773065889927,-0.005711636357320155,0.470325
31,2.0,aligned,mi_site,26,-0.0035623935711410603,-0.003351452600454487,0.470325
31,2.0,aligned,mi_site,27,-0.02339367606841581,0.010767830939031695,0.470325
31,2.0,aligned,mi_site,28,-0.0006183929680470268,0.1972629452927294,0.470325
31,2.0,aligned,mi_site,29,-0.014371969133314571,-0.010076472035569271,0.470325
31,2.0,aligned,mi_site,30,0.02708170527407181,-0.0010019599675251927,0.470325
31,2.0,aligned,mi_site,31,-0.006366448118094836,0.34053987459535107,0.470325
31,2.0,aligned,mi_site,32,-0.031056038181089835,-0.003797784733495225,0.470325
31,2.0,aligned,mi_site,33,-0.030280506740113417,-0.0021687106929170223,0.470325
31,2.0,aligned,mi_site,34,0.06460852873155876,-0.002383186496200039,0.470325
31,2.0,aligned,mi_site,35,0.03887044386603866,-0.29738966140822554,0.470325
31,2.0,aligned,mi_site,36,-0.031405753780197776,0.3176850440757279,0.470325
31,2.0,aligned,mi_site,37,0.012840430907889583,-0.21504520728465193,0.470325
31,2.0,aligned,mi_site,38,0.027687813341549516,0.37257940733327316,0.470325
31,2.0,aligned,mi_site,39,0.048354293128734155,0.004815161026861736,0.470325
31,2.0,aligned,mi_site,40,0.05172059060384926,0.5203715784920471,0.470325
31,2.0,aligned,mi_site,41,0.005589786275981612,0.6917129801975372,0.470325
31,2.0,aligned,mi_site,42,-0.03172472977367802,0.7479046194713553,0.470325
31,2.0,aligned,mi_site,43,0.007461213148504675,0.35047737707343807,0.470325
31,2.0,aligned,mi_site,44,0.014035119087869141,-0.5240620652263357,0.470325
31,2.0,aligned,mi_site,45,0.0238134892614852,-0.005964299102769637,0.470325
31,2.0,aligned,mi_site,46,0.05420473611014792,0.3029163947002343,0.470325
31,2.0,aligned,mi_site,47,0.043291310500463656,0.09468646044030256,0.470325
31,2.0,aligned,mi_site,48,0.004907296526739241,-0.22098912101932572,0.470325
31,2.0,aligned,mi_site,49,-0.03714595216600591,0.9403891010251471,0.470325
31,2.0,aligned,mi_site,50,-0.005424144181451512,-0.16428668682726164,0.470325
31,2.0,aligned,mi_site,51,0.10530083344548741,-0.0009130803937421626,0.470325
31,2.0,aligned,mi_site,52,-0.03437057254515766,0.004407049434019412,0.470325
31,2.0,aligned,mi_site,53,0.0059320363228303995,0.007845778968939064,0.470325
31,2.0,aligned,mi_site,54,0.03415945896066999,-0.004662722301879511,0.470325
31,2.0,aligned,mi_site,55,-0.052798371948818756,-0.3818792680865384,0.470325
31,2.0,aligned,mi_site,56,0.06472129205715822,-0.00681601265828786,0.470325
31,2.0,aligned,mi_site,57,0.046678872719178366,0.2908420833297629,0.470325
31,2.0,aligned,mi_site,58,0.031176117731423425,0.2796735732578229,0.470325
31,2.0,aligned,mi_site,59,-0.04380490471308385,-0.5543529926030423,0.470325
31,2.0,aligned,mi_site,60,-0.0017157383327893738,0.6622382181639545,0.470325
31,2.0,aligned,mi_site,61,0.039245696460592505,0.09015949201796125,0.470325
31,2.0,aligned,mi_site,62,0.001508314724484025,-0.09133895409322026,0.470325
31,2.0,aligned,mi_site,63,0.004312606990294232,-0.2070234819854415,0.470325
31,2.0,aligned,mi_site,64,-8.031200828756413e-05,-0.4239323864950423,0.470325
31,2.0,aligned,mi_site,65,-0.0025013418955537325,-0.1539805180669917,0.470325
31,2.0,closed,available,0,0.00351784666275351,0.2653695188812964,0.470325
31,2.0,closed,available,1,-0.014025801431377074,-0.025115172856268502,0.470325
31,2.0,closed,available,2,0.0153001008324814,0.007393854835171097,0.470325
31,2.0,closed,available,3,-0.004603177166376697,0.014205486045781127,0.470325
31,2.0,closed,available,4,-0.009260295900369031,0.39807114112118847,0.470325
31,2.0,closed,available,5,0.0017853839835849149,0.0001860289505331051,0.470325
31,2.0,closed,available,6,0.007455323743479016,0.013898661191168468,0.470325
31,2.0,closed,available,7,-0.00021620348455847743,0.006763384885827768,0.470325
31,2.0,closed,available,8,0.003986341195202303,-0.34399397008540894,0.470325
31,2.0,closed,available,9,0.0025379484264662633,0.3734873710388342,0.470325
31,2.0,closed,available,10,-0.007647950383356361,0.47278223966058025,0.470325
31,2.0,closed,available,11,-0.0035613657728463914,-0.013208063770807212,0.470325
31,2.0,closed,available,12,-0.002738034108457854,0.2199964015989592,0.470325
31,2.0,closed,available,13,-0.00946008681747501,0.7489322894927626,0.470325
31,2.0,closed,available,14,-0.0022043209153258525,0.8343831785500909,0.470325
31,2.0,closed,available,15,0.006028281917369478,-0.0010983035601649994,0.470325
31,2.0,closed,available,16,-0.004084103811427375,0.45912962111932004,0.470325
31,2.0,closed,available,17,-0.0012106755226364285,0.41310718396349805,0.470325
31,2.0,closed,available,18,-0.0012710825030854966,0.23600058908499078,0.470325
31,2.0,closed,available,19,0.00014916464023417841,0.7847831474901897,0.470325
31,2.0,closed,available,20,-0.0012368499473330297,-0.37285481560055345,0.470325
31,2.0,closed,available,21,0.008640066150014034,-0.00449081217612651,0.470325
31,2.0,closed,available,22,0.00024349107346322268,-0.003714022476517994,0.470325
31,2.0,closed,available,23,0.016979543042278538,-0.021177201954663983,0.470325
31,2.0,closed,available,24,0.027139069452902644,0.007401490473665918,0.470325
31,2.0,closed,available,25,0.014124202391370294,-0.005711636357320155,0.470325
31,2.0,closed,available,26,-0.007049475020522445,-0.003351452600454487,0.470325
31,2.0,closed,available,27,0.0019161069588448862,0.010767830939031695,0.470325
31,2.0,closed,available,28,0.009485905077043583,0.1972629452927294,0.470325
31,2.0,closed,available,29,-0.01633673243053156,-0.010076472035569271,0.470325
31,2.0,closed,available,30,-0.0050602867418650535,-0.0010019599675251927,0.470325
31,2.0,closed,available,31,0.022461471329344618,0.34053987459535107,0.470325
31,2.0,closed,available,32,-0.0008281068744031596,-0.003797784733495225,0.470325
31,2.0,closed,available,33,-0.0044927001694407345,-0.0021687106929170223,0.470325
31,2.0,closed,available,34,0.009499204140290346,-0.002383186496200039,0.470325
31,2.0,closed,available,35,-0.01355072670923635,-0.29738966140822554,0.470325
31,2.0,closed,available,36,-0.004416487078693687,0.3176850440757279,0.470325
31,2.0,closed,available,37,0.015650508163591897,-0.21504520728465193,0.470325
31,2.0,closed,available,38,-0.01873426912455034,0.37257940733327316,0.470325
31,2.0,closed,available,39,-0.005094129899639846,0.004815161026861736,0.470325
31,2.0,closed,available,40,-0.004547601271057022,0.5203715784920471,0.470325
31,2.0,closed,available,41,-0.002586631522792149,0.6917129801975372,0.470325
31,2.0,closed,available,42,0.004799213001454805,0.7479046194713553,0.470325
31,2.0,closed,available,43,-0.009841474050005738,0.35047737707343807,0.470325
31,2.0,closed,available,44,-0.0037472178697133263,-0.5240620652263357,0.470325
31,2.0,closed,available,45,-0.003565994234898108,-0.005964299102769637,0.470325
31,2.0,closed,available,46,-0.0027209211468687267,0.3029163947002343,0.470325
31,2.0,closed,available,47,-0.01137436091470434,0.09468646044030256,0.470325
31,2.0,closed,available,48,0.0038104815264267122,-0.22098912101932572,0.470325
31,2.0,closed,available,49,-0.0013798273878065093,0.9403891010251471,0.470325
31,2.0,closed,available,50,-0.00010853087123541272,-0.16428668682726164,0.470325
31,2.0,closed,available,51,0.0028162017159656626,-0.0009130803937421626,0.470325
31,2.0,closed,available,52,0.0008073596652580714,0.004407049434019412,0.470325
31,2.0,closed,available,53,-0.021014084834032658,0.007845778968939064,0.470325
31,2.0,closed,available,54,-0.012833669020565323,-0.004662722301879511,0.470325
31,2.0,closed,available,55,0.003717097186160867,-0.3818792680865384,0.470325
31,2.0,closed,available,56,-0.004626558512295065,-0.00681601265828786,0.470325
31,2.0,closed,available,57,0.0013053834172142564,0.2908420833297629,0.470325
31,2.0,closed,available,58,-0.014444314314255802,0.2796735732578229,0.470325
31,2.0,closed,available,59,-0.006540745438498807,-0.5543529926030423,0.470325
31,2.0,closed,available,60,-0.004576324744274829,0.6622382181639545,0.470325
31,2.0,closed,available,61,-8.476481787120238e-05,0.09015949201796125,0.470325
31,2.0,closed,available,62,-0.0037749197321928635,-0.09133895409322026,0.470325
31,2.0,closed,available,63,-0.005569710635183078,-0.2070234819854415,0.470325
31,2.0,closed,available,64,0.0049151630286548564,-0.4239323864950423,0.470325
31,2.0,closed,available,65,0.013764443981849783,-0.1539805180669917,0.470325
31,2.0,closed,mi_obs,0,0.010214105412829688,0.2653695188812964,0.470325
31,2.0,closed,mi_obs,1,0.004262256337131676,-0.025115172856268502,0.470325
31,2.0,closed,mi_obs,2,0.007093640021864873,0.007393854835171097,0.470325
31,2.0,closed,mi_obs,3,0.003595084623183269,0.014205486045781127,0.470325
31,2.0,closed,mi_obs,4,0.01619769206354771,0.39807114112118847,0.470325
31,2.0,closed,mi_obs,5,0.009355031754898943,0.0001860289505331051,0.470325
31,2.0,closed,mi_obs,6,-0.004244655139280179,0.013898661191168468,0.470325
31,2.0,closed,mi_obs,7,0.01144890311655474,0.006763384885827768,0.470325
31,2.0,closed,mi_obs,8,-0.03066484202497821,-0.34399397008540894,0.470325
31,2.0,closed,mi_obs,9,0.010489320251129919,0.3734873710388342,0.470325
31,2.0,closed,mi_obs,10,0.009023975013593533,0.47278223966058025,0.470325
31,2.0,closed,mi_obs,11,-0.009134734491041872,-0.013208063770807212,0.470325
31,2.0,closed,mi_obs,12,0.047782059089332335,0.2199964015989592,0.470325
31,2.0,closed,mi_obs,13,0.027498079627377936,0.7489322894927626,0.470325
31,2.0,closed,mi_obs,14,0.0231789450489297,0.8343831785500909,0.470325
31,2.0,closed,mi_obs,15,-0.013553175932670183,-0.0010983035601649994,0.470325
31,2.0,closed,mi_obs,16,0.07823989079877053,0.45912962111932004,0.470325
31,2.0,closed,mi_obs,17,0.017378826673170145,0.41310718396349805,0.470325
31,2.0,closed,mi_obs,18,-0.0045221788021095055,0.23600058908499078,0.470325
31,2.0,closed,mi_obs,19,0.020782544489973076,0.7847831474901897,0.470325
31,2.0,closed,mi_obs,20,-0.005645038136423808,-0.37285481560055345,0.470325
31,2.0,closed,mi_obs,21,0.06233223347700791,-0.00449081217612651,0.470325
31,2.0,closed,mi_obs,22,-0.0021819526195114053,-0.003714022476517994,0.470325
31,2.0,closed,mi_obs,23,-0.0019047789916856357,-0.021177201954663983,0.470325
31,2.0,closed,mi_obs,24,0.014533053761221878,0.007401490473665918,0.470325
31,2.0,closed,mi_obs,25,-0.009299467079628556,-0.005711636357320155,0.470325
31,2.0,closed,mi_obs,26,-0.014539880926842604,-0.003351452600454487,0.470325
31,2.0,closed,mi_obs,27,-0.015581698382468936,0.010767830939031695,0.470325
31,2.0,closed,mi_obs,28,0.022434978579799092,0.1972629452927294,0.470325
31,2.0,closed,mi_obs,29,0.009527398012399622,-0.010076472035569271,0.470325
31,2.0,closed,mi_obs,30,-0.039840957007090706,-0.0010019599675251927,0.470325
31,2.0,closed,mi_obs,31,0.060125869048004155,0.34053987459535107,0.470325
31,2.0,closed,mi_obs,32,-0.039795693786432274,-0.003797784733495225,0.470325
31,2.0,closed,mi_obs,33,-0.03044560998123581,-0.0021687106929170223,0.470325
31,2.0,closed,mi_obs,34,0.027854099034113542,-0.002383186496200039,0.470325
31,2.0,closed,mi_obs,35,-0.0485259136771829,-0.29738966140822554,0.470325
31,2.0,closed,mi_obs,36,0.04559108343037954,0.3176850440757279,0.470325
31,2.0,closed,mi_obs,37,-0.044248668116764533,-0.21504520728465193,0.470325
31,2.0,closed,mi_obs,38,0.041059663981512395,0.37257940733327316,0.470325
31,2.0,closed,mi_obs,39,0.0043709449557645256,0.004815161026861736,0.470325
31,2.0,closed,mi_obs,40,0.09195088852660294,0.5203715784920471,0.470325
31,2.0,closed,mi_obs,41,-0.015486188004247836,0.6917129801975372,0.470325
31,2.0,closed,mi_obs,42,0.011248593852891786,0.7479046194713553,0.470325
31,2.0,closed,mi_obs,43,0.03125002162686158,0.35047737707343807,0.470325
31,2.0,closed,mi_obs,44,-0.006566614586985486,-0.5240620652263357,0.470325
31,2.0,closed,mi_obs,45,-0.0063877481604813135,-0.005964299102769637,0.470325
31,2.0,closed,mi_obs,46,0.048104339425899534,0.3029163947002343,0.470325
31,2.0,closed,mi_obs,47,0.035686039554141666,0.09468646044030256,0.470325
31,2.0,closed,mi_obs,48,0.012932936555544505,-0.22098912101932572,0.470325
31,2.0,closed,mi_obs,49,0.017246745671077646,0.9403891010251471,0.470325
31,2.0,closed,mi_obs,50,-0.009251959982416763,-0.16428668682726164,0.470325
31,2.0,closed,mi_obs,51,0.12206811814861435,-0.0009130803937421626,0.470325
31,2.0,closed,mi_obs,52,-0.12499734521568925,0.004407049434019412,0.470325
31,2.0,closed,mi_obs,53,-0.02793799155179378,0.007845778968939064,0.470325
31,2.0,closed,mi_obs,54,0.004262722037894281,-0.004662722301879511,0.470325
31,2.0,closed,mi_obs,55,-0.051552407171403414,-0.3818792680865384,0.470325
31,2.0,closed,mi_obs,56,0.03263592192595114,-0.00681601265828786,0.470325
31,2.0,closed,mi_obs,57,0.05812587260183327,0.2908420833297629,0.470325
31,2.0,closed,mi_obs,58,0.03801556672933398,0.2796735732578229,0.470325
31,2.0,closed,mi_obs,59,-0.08460005196044418,-0.5543529926030423,0.470325
31,2.0,closed,mi_obs,60,-0.01783762487766649,0.6622382181639545,0.470325
31,2.0,closed,mi_obs,61,0.02109733859838589,0.09015949201796125,0.470325
31,2.0,closed,mi_obs,62,0.053939242135187415,-0.09133895409322026,0.470325
31,2.0,closed,mi_obs,63,0.007428567874890352,-0.2070234819854415,0.470325
31,2.0,closed,mi_obs,64,0.01030429608839567,-0.4239323864950423,0.470325
31,2.0,closed,mi_obs,65,-0.007881160139692311,-0.1539805180669917,0.470325
31,2.0,closed,mi_class,0,-0.006793373954577131,0.2653695188812964,0.470325
31,2.0,closed,mi_class,1,-0.01916265198847072,-0.025115172856268502,0.470325
31,2.0,closed,mi_class,2,0.02219147231088112,0.007393854835171097,0.470325
31,2.0,closed,mi_class,3,-0.010749578589583721,0.014205486045781127,0.470325
31,2.0,closed,mi_class,4,-0.06420763207361452,0.39807114112118847,0.470325
31,2.0,closed,mi_class,5,0.004357585046180524,0.0001860289505331051,0.470325
31,2.0,closed,mi_class,6,-0.13664634349831534,0.013898661191168468,0.470325
31,2.0,closed,mi_class,7,0.0524766417149562,0.006763384885827768,0.470325
31,2.0,closed,mi_class,8,-0.026367832670435576,-0.34399397008540894,0.470325
31,2.0,closed,mi_class,9,-0.013620207260794381,0.3734873710388342,0.470325
31,2.0,closed,mi_class,10,-0.001119378694523443,0.47278223966058025,0.470325
31,2.0,closed,mi_class,11,0.016671032104494714,-0.013208063770807212,0.470325
31,2.0,closed,mi_class,12,-0.016657122887995424,0.2199964015989592,0.470325
31,2.0,closed,mi_class,13,-0.24257624607612183,0.7489322894927626,0.470325
31,2.0,closed,mi_class,14,-0.21061163283439843,0.8343831785500909,0.470325
31,2.0,closed,mi_class,15,0.007597005908840645,-0.0010983035601649994,0.470325
31,2.0,closed,mi_class,16,-0.125870024886593,0.45912962111932004,0.470325
31,2.0,closed,mi_class,17,-0.059478574774176785,0.41310718396349805,0.470325
31,2.0,closed,mi_class,18,-0.012508986190402804,0.23600058908499078,0.470325
31,2.0,closed,mi_class,19,-0.01811613041221516,0.7847831474901897,0.470325
31,2.0,closed,mi_class,20,0.03980566359583532,-0.37285481560055345,0.470325
31,2.0,closed,mi_class,21,-0.004269877231873126,-0.00449081217612651,0.470325
31,2.0,closed,mi_class,22,0.006109775331735612,-0.003714022476517994,0.470325
31,2.0,closed,mi_class,23,0.008281228028095066,-0.021177201954663983,0.470325
31,2.0,closed,mi_class,24,-0.027202788017826957,0.007401490473665918,0.470325
31,2.0,closed,mi_class,25,0.017853066958229094,-0.005711636357320155,0.470325
31,2.0,closed,mi_class,26,-0.005055266265718553,-0.003351452600454487,0.470325
31,2.0,closed,mi_class,27,-0.006101810964026108,0.010767830939031695,0.470325
31,2.0,closed,mi_class,28,-0.007721585374781681,0.1972629452927294,0.470325
31,2.0,closed,mi_class,29,-0.018497139103191625,-0.010076472035569271,0.470325
31,2.0,closed,mi_class,30,0.0077346746444249895,-0.0010019599675251927,0.470325
31,2.0,closed,mi_class,31,-0.06216334937503465,0.34053987459535107,0.470325
31,2.0,closed,mi_class,32,-0.005348594352728367,-0.003797784733495225,0.470325
31,2.0,closed,mi_class,33,-0.008424782195159578,-0.0021687106929170223,0.470325
31,2.0,closed,mi_class,34,0.0025611334161613464,-0.002383186496200039,0.470325
31,2.0,closed,mi_class,35,-0.025392612340412013,-0.29738966140822554,0.470325
31,2.0,closed,mi_class,36,-0.018095383060809545,0.3176850440757279,0.470325
31,2.0,closed,mi_class,37,0.0072593775240717695,-0.21504520728465193,0.470325
31,2.0,closed,mi_class,38,-0.06176734345251478,0.37257940733327316,0.470325
31,2.0,closed,mi_class,39,0.0028780556332499456,0.004815161026861736,0.470325
31,2.0,closed,mi_class,40,-0.2540590029484793,0.5203715784920471,0.470325
31,2.0,closed,mi_class,41,-0.0583953346950965,0.6917129801975372,0.470325
31,2.0,closed,mi_class,42,-0.13644860629123012,0.7479046194713553,0.470325
31,2.0,closed,mi_class,43,-0.08793900153356493,0.35047737707343807,0.470325
31,2.0,closed,mi_class,44,0.12541048986901754,-0.5240620652263357,0.470325
31,2.0,closed,mi_class,45,-0.00947273299970297,-0.005964299102769637,0.470325
31,2.0,closed,mi_class,46,-0.14958722000885136,0.3029163947002343,0.470325
31,2.0,closed,mi_class,47,0.039402231119404094,0.09468646044030256,0.470325
31,2.0,closed,mi_class,48,-0.005463697852642335,-0.22098912101932572,0.470325
31,2.0,closed,mi_class,49,-0.17321235721750539,0.9403891010251471,0.470325
31,2.0,closed,mi_class,50,0.045083274778194654,-0.16428668682726164,0.470325
31,2.0,closed,mi_class,51,0.06420497399064988,-0.0009130803937421626,0.470325
31,2.0,closed,mi_class,52,-0.00597513946016183,0.004407049434019412,0.470325
31,2.0,closed,mi_class,53,0.032714603272597655,0.007845778968939064,0.470325
31,2.0,closed,mi_class,54,0.0012384312571250234,-0.004662722301879511,0.470325
31,2.0,closed,mi_class,55,0.13046238618785194,-0.3818792680865384,0.470325
31,2.0,closed,mi_class,56,0.005696777525738874,-0.00681601265828786,0.470325
31,2.0,closed,mi_class,57,-0.03522972374750627,0.2908420833297629,0.470325
31,2.0,closed,mi_class,58,-0.09888534064402965,0.2796735732578229,0.470325
31,2.0,closed,mi_class,59,0.01983993551975205,-0.5543529926030423,0.470325
31,2.0,closed,mi_class,60,-0.10198640669429782,0.6622382181639545,0.470325
31,2.0,closed,mi_class,61,0.03896928082243781,0.09015949201796125,0.470325
31,2.0,closed,mi_class,62,0.03998329062195536,-0.09133895409322026,0.470325
31,2.0,closed,mi_class,63,-0.02701098136403926,-0.2070234819854415,0.470325
31,2.0,closed,mi_class,64,0.0086767349552887,-0.4239323864950423,0.470325
31,2.0,closed,mi_class,65,0.0010782353218299623,-0.1539805180669917,0.470325
31,2.0,closed,mi_site,0,0.010481454228326859,0.2653695188812964,0.470325
31,2.0,closed,mi_site,1,0.0020118281625082016,-0.025115172856268502,0.470325
31,2.0,closed,mi_site,2,0.002400464421262641,0.007393854835171097,0.470325
31,2.0,closed,mi_site,3,0.006755303812395535,0.014205486045781127,0.470325
31,2.0,closed,mi_site,4,0.01740106948286818,0.39807114112118847,0.470325
31,2.0,closed,mi_site,5,0.019854225851139117,0.0001860289505331051,0.470325
31,2.0,closed,mi_site,6,0.007021820473510401,0.013898661191168468,0.470325
31,2.0,closed,mi_site,7,0.009514522878290793,0.006763384885827768,0.470325
31,2.0,closed,mi_site,8,-0.023460683993997866,-0.34399397008540894,0.470325
31,2.0,closed,mi_site,9,0.014756032736694513,0.3734873710388342,0.470325
31,2.0,closed,mi_site,10,0.005235868819929601,0.47278223966058025,0.470325
31,2.0,closed,mi_site,11,-0.010779774349279982,-0.013208063770807212,0.470325
31,2.0,closed,mi_site,12,0.03879911218650847,0.2199964015989592,0.470325
31,2.0,closed,mi_site,13,0.0259629817285989,0.7489322894927626,0.470325
31,2.0,closed,mi_site,14,0.017818071501890853,0.8343831785500909,0.470325
31,2.0,closed,mi_site,15,0.011072994496303161,-0.0010983035601649994,0.470325
31,2.0,closed,mi_site,16,0.0625739853826251,0.45912962111932004,0.470325
31,2.0,closed,mi_site,17,0.013034148355177022,0.41310718396349805,0.470325
31,2.0,closed,mi_site,18,0.00020792857591245273,0.23600058908499078,0.470325
31,2.0,closed,mi_site,19,0.018367795176006618,0.7847831474901897,0.470325
31,2.0,closed,mi_site,20,-0.004602262732556928,-0.37285481560055345,0.470325
31,2.0,closed,mi_site,21,0.028623696037174264,-0.00449081217612651,0.470325
31,2.0,closed,mi_site,22,-0.005609397808889943,-0.003714022476517994,0.470325
31,2.0,closed,mi_site,23,-0.0027304433737695352,-0.021177201954663983,0.470325
31,2.0,closed,mi_site,24,0.020038872203535087,0.007401490473665918,0.470325
31,2.0,closed,mi_site,25,-0.016662408695889357,-0.005711636357320155,0.470325
31,2.0,closed,mi_site,26,-0.009813396000529669,-0.003351452600454487,0.470325
31,2.0,closed,mi_site,27,-0.00893608470557229,0.010767830939031695,0.470325
31,2.0,closed,mi_site,28,0.015566259913580821,0.1972629452927294,0.470325
31,2.0,closed,mi_site,29,0.003019508866469003,-0.010076472035569271,0.470325
31,2.0,closed,mi_site,30,-0.008449598049592513,-0.0010019599675251927,0.470325
31,2.0,closed,mi_site,31,0.044225869862061895,0.34053987459535107,0.470325
31,2.0,closed,mi_site,32,-0.044685220287243255,-0.003797784733495225,0.470325
31,2.0,closed,mi_site,33,0.006104127613303,-0.0021687106929170223,0.470325
31,2.0,closed,mi_site,34,0.017646879559030906,-0.002383186496200039,0.470325
31,2.0,closed,mi_site,35,-0.02884284785334512,-0.29738966140822554,0.470325
31,2.0,closed,mi_site,36,0.03892105972851745,0.3176850440757279,0.470325
31,2.0,closed,mi_site,37,-0.03917233669767772,-0.21504520728465193,0.470325
31,2.0,closed,mi_site,38,0.03511244403781816,0.37257940733327316,0.470325
31,2.0,closed,mi_site,39,0.01676659683396704,0.004815161026861736,0.470325
31,2.0,closed,mi_site,40,0.0701702845416895,0.5203715784920471,0.470325
31,2.0,closed,mi_site,41,-0.009239765407004441,0.6917129801975372,0.470325
31,2.0,closed,mi_site,42,0.0041420931684127416,0.7479046194713553,0.470325
31,2.0,closed,mi_site,43,0.02801631669253446,0.35047737707343807,0.470325
31,2.0,closed,mi_site,44,-0.007262833040875383,-0.5240620652263357,0.470325
31,2.0,closed,mi_site,45,0.01611289854788773,-0.005964299102769637,0.470325
31,2.0,closed,mi_site,46,0.0412010606531002,0.3029163947002343,0.470325
31,2.0,closed,mi_site,47,0.024680546958808433,0.09468646044030256,0.470325
31,2.0,closed,mi_site,48,0.010732901139181156,-0.22098912101932572,0.470325
31,2.0,closed,mi_site,49,0.016774354258400792,0.9403891010251471,0.470325
31,2.0,closed,mi_site,50,-0.005291544284553418,-0.16428668682726164,0.470325
31,2.0,closed,mi_site,51,0.1077496664639212,-0.0009130803937421626,0.470325
31,2.0,closed,mi_site,52,-0.09823580704767028,0.004407049434019412,0.470325
31,2.0,closed,mi_site,53,-0.024947083169188457,0.007845778968939064,0.470325
31,2.0,closed,mi_site,54,0.02343229506521001,-0.004662722301879511,0.470325
31,2.0,closed,mi_site,55,-0.05232464393023373,-0.3818792680865384,0.470325
31,2.0,closed,mi_site,56,0.026671209550599498,-0.00681601265828786,0.470325
31,2.0,closed,mi_site,57,0.03303228755632359,0.2908420833297629,0.470325
31,2.0,closed,mi_site,58,0.03427191436658111,0.2796735732578229,0.470325
31,2.0,closed,mi_site,59,-0.06143213939900871,-0.5543529926030423,0.470325
31,2.0,closed,mi_site,60,-0.0058569202635784245,0.6622382181639545,0.470325
31,2.0,closed,mi_site,61,0.01614735607964965,0.09015949201796125,0.470325
31,2.0,closed,mi_site,62,0.04085282248159675,-0.09133895409322026,0.470325
31,2.0,closed,mi_site,63,0.006344257410232257,-0.2070234819854415,0.470325
31,2.0,closed,mi_site,64,0.0031614578162996176,-0.4239323864950423,0.470325
31,2.0,closed,mi_site,65,-0.005337853892959155,-0.1539805180669917,0.470325
